contest_id,contest,precinct,candidate,votes
1,DEM United States Senator,Alamo 1,Gary Peters,108
1,DEM United States Senator,Alamo 1,Write-in,0
1,DEM United States Senator,Alamo Township Precinct 2,Gary Peters,189
1,DEM United States Senator,Alamo Township Precinct 2,Write-in,0
1,DEM United States Senator,Brady Township Precinct 1,Gary Peters,191
1,DEM United States Senator,Brady Township Precinct 1,Write-in,0
1,DEM United States Senator,Brady Township Precinct 2,Gary Peters,130
1,DEM United States Senator,Brady Township Precinct 2,Write-in,0
1,DEM United States Senator,Charleston Township Precinct 1,Gary Peters,307
1,DEM United States Senator,Charleston Township Precinct 1,Write-in,0
1,DEM United States Senator,Climax Township Precinct 1,Gary Peters,339
1,DEM United States Senator,Climax Township Precinct 1,Write-in,0
1,DEM United States Senator,Comstock Township Precinct 1,Gary Peters,241
1,DEM United States Senator,Comstock Township Precinct 1,Write-in,3
1,DEM United States Senator,Comstock Township Precinct 2,Gary Peters,296
1,DEM United States Senator,Comstock Township Precinct 2,Write-in,4
1,DEM United States Senator,Comstock Township Precinct 3,Gary Peters,228
1,DEM United States Senator,Comstock Township Precinct 3,Write-in,1
1,DEM United States Senator,Comstock Township Precinct 4,Gary Peters,236
1,DEM United States Senator,Comstock Township Precinct 4,Write-in,0
1,DEM United States Senator,Comstock Township Precinct 5,Gary Peters,298
1,DEM United States Senator,Comstock Township Precinct 5,Write-in,2
1,DEM United States Senator,Comstock Township Precinct 6,Gary Peters,236
1,DEM United States Senator,Comstock Township Precinct 6,Write-in,3
1,DEM United States Senator,Comstock Township Precinct 7,Gary Peters,243
1,DEM United States Senator,Comstock Township Precinct 7,Write-in,3
1,DEM United States Senator,Cooper Township Precinct 1,Gary Peters,160
1,DEM United States Senator,Cooper Township Precinct 1,Write-in,2
1,DEM United States Senator,Cooper Township Precinct 2,Gary Peters,180
1,DEM United States Senator,Cooper Township Precinct 2,Write-in,1
1,DEM United States Senator,Cooper Township Precinct 3,Gary Peters,328
1,DEM United States Senator,Cooper Township Precinct 3,Write-in,2
1,DEM United States Senator,Cooper Township Precinct 4,Gary Peters,333
1,DEM United States Senator,Cooper Township Precinct 4,Write-in,1
1,DEM United States Senator,Cooper Township Precinct 5,Gary Peters,81
1,DEM United States Senator,Cooper Township Precinct 5,Write-in,0
1,DEM United States Senator,Kalamazoo Township Precinct 1,Gary Peters,43
1,DEM United States Senator,Kalamazoo Township Precinct 1,Write-in,0
1,DEM United States Senator,Kalamazoo Township Precinct 2,Gary Peters,190
1,DEM United States Senator,Kalamazoo Township Precinct 2,Write-in,2
1,DEM United States Senator,Kalamazoo Township Precinct 3,Gary Peters,696
1,DEM United States Senator,Kalamazoo Township Precinct 3,Write-in,5
1,DEM United States Senator,Kalamazoo Township Precinct 4,Gary Peters,481
1,DEM United States Senator,Kalamazoo Township Precinct 4,Write-in,5
1,DEM United States Senator,Kalamazoo Township Precinct 5,Gary Peters,388
1,DEM United States Senator,Kalamazoo Township Precinct 5,Write-in,0
1,DEM United States Senator,Kalamazoo Township Precinct 6,Gary Peters,405
1,DEM United States Senator,Kalamazoo Township Precinct 6,Write-in,0
1,DEM United States Senator,Kalamazoo Township Precinct 7,Gary Peters,578
1,DEM United States Senator,Kalamazoo Township Precinct 7,Write-in,0
1,DEM United States Senator,Kalamazoo Township Precinct 8,Gary Peters,277
1,DEM United States Senator,Kalamazoo Township Precinct 8,Write-in,1
1,DEM United States Senator,Kalamazoo Township Precinct 9,Gary Peters,213
1,DEM United States Senator,Kalamazoo Township Precinct 9,Write-in,1
1,DEM United States Senator,Kalamazoo Township Precinct 10,Gary Peters,332
1,DEM United States Senator,Kalamazoo Township Precinct 10,Write-in,2
1,DEM United States Senator,Oshtemo Township Precinct 1,Gary Peters,285
1,DEM United States Senator,Oshtemo Township Precinct 1,Write-in,2
1,DEM United States Senator,Oshtemo Township Precinct 2,Gary Peters,476
1,DEM United States Senator,Oshtemo Township Precinct 2,Write-in,3
1,DEM United States Senator,Oshtemo Township Precinct 3,Gary Peters,553
1,DEM United States Senator,Oshtemo Township Precinct 3,Write-in,4
1,DEM United States Senator,Oshtemo Township Precinct 4,Gary Peters,487
1,DEM United States Senator,Oshtemo Township Precinct 4,Write-in,2
1,DEM United States Senator,Oshtemo Township Precinct 5,Gary Peters,248
1,DEM United States Senator,Oshtemo Township Precinct 5,Write-in,0
1,DEM United States Senator,Oshtemo Township Precinct 6,Gary Peters,371
1,DEM United States Senator,Oshtemo Township Precinct 6,Write-in,2
1,DEM United States Senator,Oshtemo Township Precinct 7,Gary Peters,342
1,DEM United States Senator,Oshtemo Township Precinct 7,Write-in,2
1,DEM United States Senator,Oshtemo Township Precinct 8,Gary Peters,207
1,DEM United States Senator,Oshtemo Township Precinct 8,Write-in,1
1,DEM United States Senator,Oshtemo Township Precinct 9,Gary Peters,441
1,DEM United States Senator,Oshtemo Township Precinct 9,Write-in,4
1,DEM United States Senator,Oshtemo Township Precinct 10,Gary Peters,200
1,DEM United States Senator,Oshtemo Township Precinct 10,Write-in,1
1,DEM United States Senator,Pavilion Township Precinct 1,Gary Peters,246
1,DEM United States Senator,Pavilion Township Precinct 1,Write-in,0
1,DEM United States Senator,Pavilion Township Precinct 2,Gary Peters,116
1,DEM United States Senator,Pavilion Township Precinct 2,Write-in,0
1,DEM United States Senator,Pavilion Township Precinct 3,Gary Peters,157
1,DEM United States Senator,Pavilion Township Precinct 3,Write-in,0
1,DEM United States Senator,Prairie Ronde Township Precinct 1,Gary Peters,194
1,DEM United States Senator,Prairie Ronde Township Precinct 1,Write-in,1
1,DEM United States Senator,Richland Township Precinct 1,Gary Peters,358
1,DEM United States Senator,Richland Township Precinct 1,Write-in,0
1,DEM United States Senator,Richland Township Precinct 2,Gary Peters,221
1,DEM United States Senator,Richland Township Precinct 2,Write-in,0
1,DEM United States Senator,Richland Township Precinct 3,Gary Peters,385
1,DEM United States Senator,Richland Township Precinct 3,Write-in,1
1,DEM United States Senator,Ross Township Precinct 1,Gary Peters,245
1,DEM United States Senator,Ross Township Precinct 1,Write-in,0
1,DEM United States Senator,Ross Township Precinct 2,Gary Peters,258
1,DEM United States Senator,Ross Township Precinct 2,Write-in,0
1,DEM United States Senator,Schoolcraft Township Precinct 1,Gary Peters,225
1,DEM United States Senator,Schoolcraft Township Precinct 1,Write-in,2
1,DEM United States Senator,Schoolcraft Township Precinct 2,Gary Peters,125
1,DEM United States Senator,Schoolcraft Township Precinct 2,Write-in,1
1,DEM United States Senator,Schoolcraft Township Precinct 3,Gary Peters,345
1,DEM United States Senator,Schoolcraft Township Precinct 3,Write-in,1
1,DEM United States Senator,Schoolcraft Township Precinct 4,Gary Peters,119
1,DEM United States Senator,Schoolcraft Township Precinct 4,Write-in,2
1,DEM United States Senator,Texas Township Precinct 1,Gary Peters,314
1,DEM United States Senator,Texas Township Precinct 1,Write-in,0
1,DEM United States Senator,Texas Township Precinct 2,Gary Peters,255
1,DEM United States Senator,Texas Township Precinct 2,Write-in,0
1,DEM United States Senator,Texas Township Precinct 3,Gary Peters,349
1,DEM United States Senator,Texas Township Precinct 3,Write-in,1
1,DEM United States Senator,Texas Township Precinct 4,Gary Peters,445
1,DEM United States Senator,Texas Township Precinct 4,Write-in,4
1,DEM United States Senator,Texas Township Precinct 5,Gary Peters,493
1,DEM United States Senator,Texas Township Precinct 5,Write-in,0
1,DEM United States Senator,Texas Township Precinct 6,Gary Peters,396
1,DEM United States Senator,Texas Township Precinct 6,Write-in,0
1,DEM United States Senator,Wakeshma Township Precinct 1,Gary Peters,64
1,DEM United States Senator,Wakeshma Township Precinct 1,Write-in,0
1,DEM United States Senator,Galesburg City Precinct 1,Gary Peters,130
1,DEM United States Senator,Galesburg City Precinct 1,Write-in,0
1,DEM United States Senator,Kalamazoo City Precinct 1,Gary Peters,385
1,DEM United States Senator,Kalamazoo City Precinct 1,Write-in,3
1,DEM United States Senator,Kalamazoo City Precinct 2,Gary Peters,183
1,DEM United States Senator,Kalamazoo City Precinct 2,Write-in,0
1,DEM United States Senator,Kalamazoo City Precinct 3,Gary Peters,342
1,DEM United States Senator,Kalamazoo City Precinct 3,Write-in,6
1,DEM United States Senator,Kalamazoo City Precinct 4,Gary Peters,81
1,DEM United States Senator,Kalamazoo City Precinct 4,Write-in,0
1,DEM United States Senator,Kalamazoo City Precinct 5,Gary Peters,540
1,DEM United States Senator,Kalamazoo City Precinct 5,Write-in,2
1,DEM United States Senator,Kalamazoo City Precinct 6,Gary Peters,498
1,DEM United States Senator,Kalamazoo City Precinct 6,Write-in,2
1,DEM United States Senator,Kalamazoo City Precinct 7,Gary Peters,435
1,DEM United States Senator,Kalamazoo City Precinct 7,Write-in,6
1,DEM United States Senator,Kalamazoo City Precinct 8,Gary Peters,262
1,DEM United States Senator,Kalamazoo City Precinct 8,Write-in,4
1,DEM United States Senator,Kalamazoo City Precinct 9,Gary Peters,338
1,DEM United States Senator,Kalamazoo City Precinct 9,Write-in,14
1,DEM United States Senator,Kalamazoo City Precinct 10,Gary Peters,440
1,DEM United States Senator,Kalamazoo City Precinct 10,Write-in,9
1,DEM United States Senator,Kalamazoo City Precinct 11,Gary Peters,274
1,DEM United States Senator,Kalamazoo City Precinct 11,Write-in,2
1,DEM United States Senator,Kalamazoo City Precinct 12,Gary Peters,531
1,DEM United States Senator,Kalamazoo City Precinct 12,Write-in,2
1,DEM United States Senator,Kalamazoo City Precinct 13,Gary Peters,138
1,DEM United States Senator,Kalamazoo City Precinct 13,Write-in,3
1,DEM United States Senator,Kalamazoo City Precinct 14,Gary Peters,188
1,DEM United States Senator,Kalamazoo City Precinct 14,Write-in,2
1,DEM United States Senator,Kalamazoo City Precinct 15,Gary Peters,346
1,DEM United States Senator,Kalamazoo City Precinct 15,Write-in,7
1,DEM United States Senator,Kalamazoo City Precinct 16,Gary Peters,439
1,DEM United States Senator,Kalamazoo City Precinct 16,Write-in,1
1,DEM United States Senator,Kalamazoo City Precinct 17,Gary Peters,362
1,DEM United States Senator,Kalamazoo City Precinct 17,Write-in,4
1,DEM United States Senator,Kalamazoo City Precinct 18,Gary Peters,341
1,DEM United States Senator,Kalamazoo City Precinct 18,Write-in,3
1,DEM United States Senator,Kalamazoo City Precinct 19,Gary Peters,359
1,DEM United States Senator,Kalamazoo City Precinct 19,Write-in,5
1,DEM United States Senator,Kalamazoo City Precinct 20,Gary Peters,750
1,DEM United States Senator,Kalamazoo City Precinct 20,Write-in,1
1,DEM United States Senator,Kalamazoo City Precinct 21,Gary Peters,585
1,DEM United States Senator,Kalamazoo City Precinct 21,Write-in,1
1,DEM United States Senator,Kalamazoo City Precinct 22,Gary Peters,542
1,DEM United States Senator,Kalamazoo City Precinct 22,Write-in,1
1,DEM United States Senator,Kalamazoo City Precinct 23,Gary Peters,261
1,DEM United States Senator,Kalamazoo City Precinct 23,Write-in,3
1,DEM United States Senator,Kalamazoo City Precinct 24,Gary Peters,313
1,DEM United States Senator,Kalamazoo City Precinct 24,Write-in,1
1,DEM United States Senator,Kalamazoo City Precinct 25,Gary Peters,466
1,DEM United States Senator,Kalamazoo City Precinct 25,Write-in,0
1,DEM United States Senator,Kalamazoo City Precinct 26,Gary Peters,540
1,DEM United States Senator,Kalamazoo City Precinct 26,Write-in,1
1,DEM United States Senator,Kalamazoo City Precinct 27,Gary Peters,227
1,DEM United States Senator,Kalamazoo City Precinct 27,Write-in,0
1,DEM United States Senator,Parchment City Precinct 1,Gary Peters,242
1,DEM United States Senator,Parchment City Precinct 1,Write-in,0
1,DEM United States Senator,Portage City Precinct 1,Gary Peters,282
1,DEM United States Senator,Portage City Precinct 1,Write-in,1
1,DEM United States Senator,Portage City Precinct 2,Gary Peters,205
1,DEM United States Senator,Portage City Precinct 2,Write-in,1
1,DEM United States Senator,Portage City Precinct 3,Gary Peters,364
1,DEM United States Senator,Portage City Precinct 3,Write-in,0
1,DEM United States Senator,Portage City Precinct 4,Gary Peters,289
1,DEM United States Senator,Portage City Precinct 4,Write-in,1
1,DEM United States Senator,Portage City Precinct 5,Gary Peters,252
1,DEM United States Senator,Portage City Precinct 5,Write-in,0
1,DEM United States Senator,Portage City Precinct 6,Gary Peters,332
1,DEM United States Senator,Portage City Precinct 6,Write-in,0
1,DEM United States Senator,Portage City Precinct 7,Gary Peters,143
1,DEM United States Senator,Portage City Precinct 7,Write-in,0
1,DEM United States Senator,Portage City Precinct 8,Gary Peters,438
1,DEM United States Senator,Portage City Precinct 8,Write-in,2
1,DEM United States Senator,Portage City Precinct 9,Gary Peters,316
1,DEM United States Senator,Portage City Precinct 9,Write-in,0
1,DEM United States Senator,Portage City Precinct 10,Gary Peters,291
1,DEM United States Senator,Portage City Precinct 10,Write-in,0
1,DEM United States Senator,Portage City Precinct 11,Gary Peters,450
1,DEM United States Senator,Portage City Precinct 11,Write-in,0
1,DEM United States Senator,Portage City Precinct 12,Gary Peters,466
1,DEM United States Senator,Portage City Precinct 12,Write-in,2
1,DEM United States Senator,Portage City Precinct 13,Gary Peters,505
1,DEM United States Senator,Portage City Precinct 13,Write-in,1
1,DEM United States Senator,Portage City Precinct 14,Gary Peters,350
1,DEM United States Senator,Portage City Precinct 14,Write-in,1
1,DEM United States Senator,Portage City Precinct 15,Gary Peters,350
1,DEM United States Senator,Portage City Precinct 15,Write-in,0
1,DEM United States Senator,Portage City Precinct 16,Gary Peters,433
1,DEM United States Senator,Portage City Precinct 16,Write-in,3
1,DEM United States Senator,Portage City Precinct 17,Gary Peters,352
1,DEM United States Senator,Portage City Precinct 17,Write-in,0
1,DEM United States Senator,Portage City Precinct 18,Gary Peters,383
1,DEM United States Senator,Portage City Precinct 18,Write-in,0
1,DEM United States Senator,Portage City Precinct 19,Gary Peters,365
1,DEM United States Senator,Portage City Precinct 19,Write-in,2
1,DEM United States Senator,Portage City Precinct 20,Gary Peters,336
1,DEM United States Senator,Portage City Precinct 20,Write-in,0
2,DEM Representative in Congress,Alamo 1,Jon Hoadley,61
2,DEM Representative in Congress,Alamo 1,Jen Richardson,44
2,DEM Representative in Congress,Alamo 1,Write-in,0
2,DEM Representative in Congress,Alamo Township Precinct 2,Jon Hoadley,97
2,DEM Representative in Congress,Alamo Township Precinct 2,Jen Richardson,96
2,DEM Representative in Congress,Alamo Township Precinct 2,Write-in,0
2,DEM Representative in Congress,Brady Township Precinct 1,Jon Hoadley,99
2,DEM Representative in Congress,Brady Township Precinct 1,Jen Richardson,87
2,DEM Representative in Congress,Brady Township Precinct 1,Write-in,0
2,DEM Representative in Congress,Brady Township Precinct 2,Jon Hoadley,70
2,DEM Representative in Congress,Brady Township Precinct 2,Jen Richardson,61
2,DEM Representative in Congress,Brady Township Precinct 2,Write-in,0
2,DEM Representative in Congress,Charleston Township Precinct 1,Jon Hoadley,146
2,DEM Representative in Congress,Charleston Township Precinct 1,Jen Richardson,142
2,DEM Representative in Congress,Charleston Township Precinct 1,Write-in,0
2,DEM Representative in Congress,Climax Township Precinct 1,Jon Hoadley,164
2,DEM Representative in Congress,Climax Township Precinct 1,Jen Richardson,172
2,DEM Representative in Congress,Climax Township Precinct 1,Write-in,0
2,DEM Representative in Congress,Comstock Township Precinct 1,Jon Hoadley,108
2,DEM Representative in Congress,Comstock Township Precinct 1,Jen Richardson,129
2,DEM Representative in Congress,Comstock Township Precinct 1,Write-in,0
2,DEM Representative in Congress,Comstock Township Precinct 2,Jon Hoadley,149
2,DEM Representative in Congress,Comstock Township Precinct 2,Jen Richardson,149
2,DEM Representative in Congress,Comstock Township Precinct 2,Write-in,2
2,DEM Representative in Congress,Comstock Township Precinct 3,Jon Hoadley,126
2,DEM Representative in Congress,Comstock Township Precinct 3,Jen Richardson,101
2,DEM Representative in Congress,Comstock Township Precinct 3,Write-in,0
2,DEM Representative in Congress,Comstock Township Precinct 4,Jon Hoadley,127
2,DEM Representative in Congress,Comstock Township Precinct 4,Jen Richardson,109
2,DEM Representative in Congress,Comstock Township Precinct 4,Write-in,0
2,DEM Representative in Congress,Comstock Township Precinct 5,Jon Hoadley,170
2,DEM Representative in Congress,Comstock Township Precinct 5,Jen Richardson,127
2,DEM Representative in Congress,Comstock Township Precinct 5,Write-in,0
2,DEM Representative in Congress,Comstock Township Precinct 6,Jon Hoadley,132
2,DEM Representative in Congress,Comstock Township Precinct 6,Jen Richardson,104
2,DEM Representative in Congress,Comstock Township Precinct 6,Write-in,2
2,DEM Representative in Congress,Comstock Township Precinct 7,Jon Hoadley,119
2,DEM Representative in Congress,Comstock Township Precinct 7,Jen Richardson,123
2,DEM Representative in Congress,Comstock Township Precinct 7,Write-in,0
2,DEM Representative in Congress,Cooper Township Precinct 1,Jon Hoadley,86
2,DEM Representative in Congress,Cooper Township Precinct 1,Jen Richardson,70
2,DEM Representative in Congress,Cooper Township Precinct 1,Write-in,0
2,DEM Representative in Congress,Cooper Township Precinct 2,Jon Hoadley,100
2,DEM Representative in Congress,Cooper Township Precinct 2,Jen Richardson,80
2,DEM Representative in Congress,Cooper Township Precinct 2,Write-in,0
2,DEM Representative in Congress,Cooper Township Precinct 3,Jon Hoadley,152
2,DEM Representative in Congress,Cooper Township Precinct 3,Jen Richardson,167
2,DEM Representative in Congress,Cooper Township Precinct 3,Write-in,1
2,DEM Representative in Congress,Cooper Township Precinct 4,Jon Hoadley,182
2,DEM Representative in Congress,Cooper Township Precinct 4,Jen Richardson,152
2,DEM Representative in Congress,Cooper Township Precinct 4,Write-in,0
2,DEM Representative in Congress,Cooper Township Precinct 5,Jon Hoadley,30
2,DEM Representative in Congress,Cooper Township Precinct 5,Jen Richardson,48
2,DEM Representative in Congress,Cooper Township Precinct 5,Write-in,0
2,DEM Representative in Congress,Kalamazoo Township Precinct 1,Jon Hoadley,26
2,DEM Representative in Congress,Kalamazoo Township Precinct 1,Jen Richardson,18
2,DEM Representative in Congress,Kalamazoo Township Precinct 1,Write-in,0
2,DEM Representative in Congress,Kalamazoo Township Precinct 2,Jon Hoadley,97
2,DEM Representative in Congress,Kalamazoo Township Precinct 2,Jen Richardson,100
2,DEM Representative in Congress,Kalamazoo Township Precinct 2,Write-in,0
2,DEM Representative in Congress,Kalamazoo Township Precinct 3,Jon Hoadley,502
2,DEM Representative in Congress,Kalamazoo Township Precinct 3,Jen Richardson,221
2,DEM Representative in Congress,Kalamazoo Township Precinct 3,Write-in,1
2,DEM Representative in Congress,Kalamazoo Township Precinct 4,Jon Hoadley,375
2,DEM Representative in Congress,Kalamazoo Township Precinct 4,Jen Richardson,126
2,DEM Representative in Congress,Kalamazoo Township Precinct 4,Write-in,1
2,DEM Representative in Congress,Kalamazoo Township Precinct 5,Jon Hoadley,295
2,DEM Representative in Congress,Kalamazoo Township Precinct 5,Jen Richardson,105
2,DEM Representative in Congress,Kalamazoo Township Precinct 5,Write-in,1
2,DEM Representative in Congress,Kalamazoo Township Precinct 6,Jon Hoadley,253
2,DEM Representative in Congress,Kalamazoo Township Precinct 6,Jen Richardson,162
2,DEM Representative in Congress,Kalamazoo Township Precinct 6,Write-in,0
2,DEM Representative in Congress,Kalamazoo Township Precinct 7,Jon Hoadley,385
2,DEM Representative in Congress,Kalamazoo Township Precinct 7,Jen Richardson,210
2,DEM Representative in Congress,Kalamazoo Township Precinct 7,Write-in,0
2,DEM Representative in Congress,Kalamazoo Township Precinct 8,Jon Hoadley,163
2,DEM Representative in Congress,Kalamazoo Township Precinct 8,Jen Richardson,122
2,DEM Representative in Congress,Kalamazoo Township Precinct 8,Write-in,1
2,DEM Representative in Congress,Kalamazoo Township Precinct 9,Jon Hoadley,144
2,DEM Representative in Congress,Kalamazoo Township Precinct 9,Jen Richardson,75
2,DEM Representative in Congress,Kalamazoo Township Precinct 9,Write-in,2
2,DEM Representative in Congress,Kalamazoo Township Precinct 10,Jon Hoadley,157
2,DEM Representative in Congress,Kalamazoo Township Precinct 10,Jen Richardson,181
2,DEM Representative in Congress,Kalamazoo Township Precinct 10,Write-in,0
2,DEM Representative in Congress,Oshtemo Township Precinct 1,Jon Hoadley,178
2,DEM Representative in Congress,Oshtemo Township Precinct 1,Jen Richardson,112
2,DEM Representative in Congress,Oshtemo Township Precinct 1,Write-in,2
2,DEM Representative in Congress,Oshtemo Township Precinct 2,Jon Hoadley,276
2,DEM Representative in Congress,Oshtemo Township Precinct 2,Jen Richardson,231
2,DEM Representative in Congress,Oshtemo Township Precinct 2,Write-in,1
2,DEM Representative in Congress,Oshtemo Township Precinct 3,Jon Hoadley,367
2,DEM Representative in Congress,Oshtemo Township Precinct 3,Jen Richardson,207
2,DEM Representative in Congress,Oshtemo Township Precinct 3,Write-in,1
2,DEM Representative in Congress,Oshtemo Township Precinct 4,Jon Hoadley,292
2,DEM Representative in Congress,Oshtemo Township Precinct 4,Jen Richardson,190
2,DEM Representative in Congress,Oshtemo Township Precinct 4,Write-in,0
2,DEM Representative in Congress,Oshtemo Township Precinct 5,Jon Hoadley,121
2,DEM Representative in Congress,Oshtemo Township Precinct 5,Jen Richardson,131
2,DEM Representative in Congress,Oshtemo Township Precinct 5,Write-in,0
2,DEM Representative in Congress,Oshtemo Township Precinct 6,Jon Hoadley,214
2,DEM Representative in Congress,Oshtemo Township Precinct 6,Jen Richardson,168
2,DEM Representative in Congress,Oshtemo Township Precinct 6,Write-in,2
2,DEM Representative in Congress,Oshtemo Township Precinct 7,Jon Hoadley,216
2,DEM Representative in Congress,Oshtemo Township Precinct 7,Jen Richardson,129
2,DEM Representative in Congress,Oshtemo Township Precinct 7,Write-in,2
2,DEM Representative in Congress,Oshtemo Township Precinct 8,Jon Hoadley,101
2,DEM Representative in Congress,Oshtemo Township Precinct 8,Jen Richardson,100
2,DEM Representative in Congress,Oshtemo Township Precinct 8,Write-in,1
2,DEM Representative in Congress,Oshtemo Township Precinct 9,Jon Hoadley,283
2,DEM Representative in Congress,Oshtemo Township Precinct 9,Jen Richardson,163
2,DEM Representative in Congress,Oshtemo Township Precinct 9,Write-in,2
2,DEM Representative in Congress,Oshtemo Township Precinct 10,Jon Hoadley,112
2,DEM Representative in Congress,Oshtemo Township Precinct 10,Jen Richardson,95
2,DEM Representative in Congress,Oshtemo Township Precinct 10,Write-in,0
2,DEM Representative in Congress,Pavilion Township Precinct 1,Jon Hoadley,130
2,DEM Representative in Congress,Pavilion Township Precinct 1,Jen Richardson,117
2,DEM Representative in Congress,Pavilion Township Precinct 1,Write-in,0
2,DEM Representative in Congress,Pavilion Township Precinct 2,Jon Hoadley,62
2,DEM Representative in Congress,Pavilion Township Precinct 2,Jen Richardson,54
2,DEM Representative in Congress,Pavilion Township Precinct 2,Write-in,1
2,DEM Representative in Congress,Pavilion Township Precinct 3,Jon Hoadley,85
2,DEM Representative in Congress,Pavilion Township Precinct 3,Jen Richardson,73
2,DEM Representative in Congress,Pavilion Township Precinct 3,Write-in,2
2,DEM Representative in Congress,Prairie Ronde Township Precinct 1,Jon Hoadley,108
2,DEM Representative in Congress,Prairie Ronde Township Precinct 1,Jen Richardson,84
2,DEM Representative in Congress,Prairie Ronde Township Precinct 1,Write-in,0
2,DEM Representative in Congress,Richland Township Precinct 1,Jon Hoadley,200
2,DEM Representative in Congress,Richland Township Precinct 1,Jen Richardson,155
2,DEM Representative in Congress,Richland Township Precinct 1,Write-in,0
2,DEM Representative in Congress,Richland Township Precinct 2,Jon Hoadley,133
2,DEM Representative in Congress,Richland Township Precinct 2,Jen Richardson,91
2,DEM Representative in Congress,Richland Township Precinct 2,Write-in,0
2,DEM Representative in Congress,Richland Township Precinct 3,Jon Hoadley,216
2,DEM Representative in Congress,Richland Township Precinct 3,Jen Richardson,171
2,DEM Representative in Congress,Richland Township Precinct 3,Write-in,1
2,DEM Representative in Congress,Ross Township Precinct 1,Jon Hoadley,113
2,DEM Representative in Congress,Ross Township Precinct 1,Jen Richardson,127
2,DEM Representative in Congress,Ross Township Precinct 1,Write-in,0
2,DEM Representative in Congress,Ross Township Precinct 2,Jon Hoadley,142
2,DEM Representative in Congress,Ross Township Precinct 2,Jen Richardson,114
2,DEM Representative in Congress,Ross Township Precinct 2,Write-in,0
2,DEM Representative in Congress,Schoolcraft Township Precinct 1,Jon Hoadley,119
2,DEM Representative in Congress,Schoolcraft Township Precinct 1,Jen Richardson,100
2,DEM Representative in Congress,Schoolcraft Township Precinct 1,Write-in,1
2,DEM Representative in Congress,Schoolcraft Township Precinct 2,Jon Hoadley,69
2,DEM Representative in Congress,Schoolcraft Township Precinct 2,Jen Richardson,58
2,DEM Representative in Congress,Schoolcraft Township Precinct 2,Write-in,0
2,DEM Representative in Congress,Schoolcraft Township Precinct 3,Jon Hoadley,176
2,DEM Representative in Congress,Schoolcraft Township Precinct 3,Jen Richardson,171
2,DEM Representative in Congress,Schoolcraft Township Precinct 3,Write-in,0
2,DEM Representative in Congress,Schoolcraft Township Precinct 4,Jon Hoadley,56
2,DEM Representative in Congress,Schoolcraft Township Precinct 4,Jen Richardson,65
2,DEM Representative in Congress,Schoolcraft Township Precinct 4,Write-in,1
2,DEM Representative in Congress,Texas Township Precinct 1,Jon Hoadley,170
2,DEM Representative in Congress,Texas Township Precinct 1,Jen Richardson,136
2,DEM Representative in Congress,Texas Township Precinct 1,Write-in,0
2,DEM Representative in Congress,Texas Township Precinct 2,Jon Hoadley,160
2,DEM Representative in Congress,Texas Township Precinct 2,Jen Richardson,86
2,DEM Representative in Congress,Texas Township Precinct 2,Write-in,0
2,DEM Representative in Congress,Texas Township Precinct 3,Jon Hoadley,194
2,DEM Representative in Congress,Texas Township Precinct 3,Jen Richardson,152
2,DEM Representative in Congress,Texas Township Precinct 3,Write-in,1
2,DEM Representative in Congress,Texas Township Precinct 4,Jon Hoadley,279
2,DEM Representative in Congress,Texas Township Precinct 4,Jen Richardson,163
2,DEM Representative in Congress,Texas Township Precinct 4,Write-in,1
2,DEM Representative in Congress,Texas Township Precinct 5,Jon Hoadley,257
2,DEM Representative in Congress,Texas Township Precinct 5,Jen Richardson,241
2,DEM Representative in Congress,Texas Township Precinct 5,Write-in,0
2,DEM Representative in Congress,Texas Township Precinct 6,Jon Hoadley,253
2,DEM Representative in Congress,Texas Township Precinct 6,Jen Richardson,136
2,DEM Representative in Congress,Texas Township Precinct 6,Write-in,0
2,DEM Representative in Congress,Wakeshma Township Precinct 1,Jon Hoadley,30
2,DEM Representative in Congress,Wakeshma Township Precinct 1,Jen Richardson,29
2,DEM Representative in Congress,Wakeshma Township Precinct 1,Write-in,0
2,DEM Representative in Congress,Galesburg City Precinct 1,Jon Hoadley,64
2,DEM Representative in Congress,Galesburg City Precinct 1,Jen Richardson,62
2,DEM Representative in Congress,Galesburg City Precinct 1,Write-in,0
2,DEM Representative in Congress,Kalamazoo City Precinct 1,Jon Hoadley,281
2,DEM Representative in Congress,Kalamazoo City Precinct 1,Jen Richardson,119
2,DEM Representative in Congress,Kalamazoo City Precinct 1,Write-in,1
2,DEM Representative in Congress,Kalamazoo City Precinct 2,Jon Hoadley,138
2,DEM Representative in Congress,Kalamazoo City Precinct 2,Jen Richardson,51
2,DEM Representative in Congress,Kalamazoo City Precinct 2,Write-in,0
2,DEM Representative in Congress,Kalamazoo City Precinct 3,Jon Hoadley,257
2,DEM Representative in Congress,Kalamazoo City Precinct 3,Jen Richardson,104
2,DEM Representative in Congress,Kalamazoo City Precinct 3,Write-in,0
2,DEM Representative in Congress,Kalamazoo City Precinct 4,Jon Hoadley,41
2,DEM Representative in Congress,Kalamazoo City Precinct 4,Jen Richardson,39
2,DEM Representative in Congress,Kalamazoo City Precinct 4,Write-in,1
2,DEM Representative in Congress,Kalamazoo City Precinct 5,Jon Hoadley,341
2,DEM Representative in Congress,Kalamazoo City Precinct 5,Jen Richardson,215
2,DEM Representative in Congress,Kalamazoo City Precinct 5,Write-in,1
2,DEM Representative in Congress,Kalamazoo City Precinct 6,Jon Hoadley,369
2,DEM Representative in Congress,Kalamazoo City Precinct 6,Jen Richardson,143
2,DEM Representative in Congress,Kalamazoo City Precinct 6,Write-in,1
2,DEM Representative in Congress,Kalamazoo City Precinct 7,Jon Hoadley,301
2,DEM Representative in Congress,Kalamazoo City Precinct 7,Jen Richardson,148
2,DEM Representative in Congress,Kalamazoo City Precinct 7,Write-in,1
2,DEM Representative in Congress,Kalamazoo City Precinct 8,Jon Hoadley,172
2,DEM Representative in Congress,Kalamazoo City Precinct 8,Jen Richardson,110
2,DEM Representative in Congress,Kalamazoo City Precinct 8,Write-in,1
2,DEM Representative in Congress,Kalamazoo City Precinct 9,Jon Hoadley,205
2,DEM Representative in Congress,Kalamazoo City Precinct 9,Jen Richardson,144
2,DEM Representative in Congress,Kalamazoo City Precinct 9,Write-in,10
2,DEM Representative in Congress,Kalamazoo City Precinct 10,Jon Hoadley,279
2,DEM Representative in Congress,Kalamazoo City Precinct 10,Jen Richardson,164
2,DEM Representative in Congress,Kalamazoo City Precinct 10,Write-in,8
2,DEM Representative in Congress,Kalamazoo City Precinct 11,Jon Hoadley,140
2,DEM Representative in Congress,Kalamazoo City Precinct 11,Jen Richardson,133
2,DEM Representative in Congress,Kalamazoo City Precinct 11,Write-in,4
2,DEM Representative in Congress,Kalamazoo City Precinct 12,Jon Hoadley,409
2,DEM Representative in Congress,Kalamazoo City Precinct 12,Jen Richardson,140
2,DEM Representative in Congress,Kalamazoo City Precinct 12,Write-in,1
2,DEM Representative in Congress,Kalamazoo City Precinct 13,Jon Hoadley,85
2,DEM Representative in Congress,Kalamazoo City Precinct 13,Jen Richardson,56
2,DEM Representative in Congress,Kalamazoo City Precinct 13,Write-in,1
2,DEM Representative in Congress,Kalamazoo City Precinct 14,Jon Hoadley,125
2,DEM Representative in Congress,Kalamazoo City Precinct 14,Jen Richardson,71
2,DEM Representative in Congress,Kalamazoo City Precinct 14,Write-in,2
2,DEM Representative in Congress,Kalamazoo City Precinct 15,Jon Hoadley,209
2,DEM Representative in Congress,Kalamazoo City Precinct 15,Jen Richardson,144
2,DEM Representative in Congress,Kalamazoo City Precinct 15,Write-in,4
2,DEM Representative in Congress,Kalamazoo City Precinct 16,Jon Hoadley,313
2,DEM Representative in Congress,Kalamazoo City Precinct 16,Jen Richardson,139
2,DEM Representative in Congress,Kalamazoo City Precinct 16,Write-in,2
2,DEM Representative in Congress,Kalamazoo City Precinct 17,Jon Hoadley,236
2,DEM Representative in Congress,Kalamazoo City Precinct 17,Jen Richardson,144
2,DEM Representative in Congress,Kalamazoo City Precinct 17,Write-in,3
2,DEM Representative in Congress,Kalamazoo City Precinct 18,Jon Hoadley,227
2,DEM Representative in Congress,Kalamazoo City Precinct 18,Jen Richardson,121
2,DEM Representative in Congress,Kalamazoo City Precinct 18,Write-in,2
2,DEM Representative in Congress,Kalamazoo City Precinct 19,Jon Hoadley,211
2,DEM Representative in Congress,Kalamazoo City Precinct 19,Jen Richardson,162
2,DEM Representative in Congress,Kalamazoo City Precinct 19,Write-in,0
2,DEM Representative in Congress,Kalamazoo City Precinct 20,Jon Hoadley,587
2,DEM Representative in Congress,Kalamazoo City Precinct 20,Jen Richardson,181
2,DEM Representative in Congress,Kalamazoo City Precinct 20,Write-in,0
2,DEM Representative in Congress,Kalamazoo City Precinct 21,Jon Hoadley,510
2,DEM Representative in Congress,Kalamazoo City Precinct 21,Jen Richardson,86
2,DEM Representative in Congress,Kalamazoo City Precinct 21,Write-in,0
2,DEM Representative in Congress,Kalamazoo City Precinct 22,Jon Hoadley,445
2,DEM Representative in Congress,Kalamazoo City Precinct 22,Jen Richardson,120
2,DEM Representative in Congress,Kalamazoo City Precinct 22,Write-in,1
2,DEM Representative in Congress,Kalamazoo City Precinct 23,Jon Hoadley,175
2,DEM Representative in Congress,Kalamazoo City Precinct 23,Jen Richardson,93
2,DEM Representative in Congress,Kalamazoo City Precinct 23,Write-in,1
2,DEM Representative in Congress,Kalamazoo City Precinct 24,Jon Hoadley,249
2,DEM Representative in Congress,Kalamazoo City Precinct 24,Jen Richardson,75
2,DEM Representative in Congress,Kalamazoo City Precinct 24,Write-in,1
2,DEM Representative in Congress,Kalamazoo City Precinct 25,Jon Hoadley,377
2,DEM Representative in Congress,Kalamazoo City Precinct 25,Jen Richardson,107
2,DEM Representative in Congress,Kalamazoo City Precinct 25,Write-in,0
2,DEM Representative in Congress,Kalamazoo City Precinct 26,Jon Hoadley,438
2,DEM Representative in Congress,Kalamazoo City Precinct 26,Jen Richardson,105
2,DEM Representative in Congress,Kalamazoo City Precinct 26,Write-in,0
2,DEM Representative in Congress,Kalamazoo City Precinct 27,Jon Hoadley,153
2,DEM Representative in Congress,Kalamazoo City Precinct 27,Jen Richardson,82
2,DEM Representative in Congress,Kalamazoo City Precinct 27,Write-in,0
2,DEM Representative in Congress,Parchment City Precinct 1,Jon Hoadley,144
2,DEM Representative in Congress,Parchment City Precinct 1,Jen Richardson,86
2,DEM Representative in Congress,Parchment City Precinct 1,Write-in,0
2,DEM Representative in Congress,Portage City Precinct 1,Jon Hoadley,136
2,DEM Representative in Congress,Portage City Precinct 1,Jen Richardson,148
2,DEM Representative in Congress,Portage City Precinct 1,Write-in,0
2,DEM Representative in Congress,Portage City Precinct 2,Jon Hoadley,125
2,DEM Representative in Congress,Portage City Precinct 2,Jen Richardson,72
2,DEM Representative in Congress,Portage City Precinct 2,Write-in,0
2,DEM Representative in Congress,Portage City Precinct 3,Jon Hoadley,168
2,DEM Representative in Congress,Portage City Precinct 3,Jen Richardson,196
2,DEM Representative in Congress,Portage City Precinct 3,Write-in,0
2,DEM Representative in Congress,Portage City Precinct 4,Jon Hoadley,184
2,DEM Representative in Congress,Portage City Precinct 4,Jen Richardson,107
2,DEM Representative in Congress,Portage City Precinct 4,Write-in,0
2,DEM Representative in Congress,Portage City Precinct 5,Jon Hoadley,123
2,DEM Representative in Congress,Portage City Precinct 5,Jen Richardson,127
2,DEM Representative in Congress,Portage City Precinct 5,Write-in,0
2,DEM Representative in Congress,Portage City Precinct 6,Jon Hoadley,188
2,DEM Representative in Congress,Portage City Precinct 6,Jen Richardson,139
2,DEM Representative in Congress,Portage City Precinct 6,Write-in,0
2,DEM Representative in Congress,Portage City Precinct 7,Jon Hoadley,66
2,DEM Representative in Congress,Portage City Precinct 7,Jen Richardson,77
2,DEM Representative in Congress,Portage City Precinct 7,Write-in,0
2,DEM Representative in Congress,Portage City Precinct 8,Jon Hoadley,254
2,DEM Representative in Congress,Portage City Precinct 8,Jen Richardson,179
2,DEM Representative in Congress,Portage City Precinct 8,Write-in,0
2,DEM Representative in Congress,Portage City Precinct 9,Jon Hoadley,192
2,DEM Representative in Congress,Portage City Precinct 9,Jen Richardson,127
2,DEM Representative in Congress,Portage City Precinct 9,Write-in,0
2,DEM Representative in Congress,Portage City Precinct 10,Jon Hoadley,164
2,DEM Representative in Congress,Portage City Precinct 10,Jen Richardson,130
2,DEM Representative in Congress,Portage City Precinct 10,Write-in,0
2,DEM Representative in Congress,Portage City Precinct 11,Jon Hoadley,273
2,DEM Representative in Congress,Portage City Precinct 11,Jen Richardson,179
2,DEM Representative in Congress,Portage City Precinct 11,Write-in,0
2,DEM Representative in Congress,Portage City Precinct 12,Jon Hoadley,281
2,DEM Representative in Congress,Portage City Precinct 12,Jen Richardson,176
2,DEM Representative in Congress,Portage City Precinct 12,Write-in,0
2,DEM Representative in Congress,Portage City Precinct 13,Jon Hoadley,278
2,DEM Representative in Congress,Portage City Precinct 13,Jen Richardson,220
2,DEM Representative in Congress,Portage City Precinct 13,Write-in,1
2,DEM Representative in Congress,Portage City Precinct 14,Jon Hoadley,198
2,DEM Representative in Congress,Portage City Precinct 14,Jen Richardson,141
2,DEM Representative in Congress,Portage City Precinct 14,Write-in,1
2,DEM Representative in Congress,Portage City Precinct 15,Jon Hoadley,202
2,DEM Representative in Congress,Portage City Precinct 15,Jen Richardson,140
2,DEM Representative in Congress,Portage City Precinct 15,Write-in,0
2,DEM Representative in Congress,Portage City Precinct 16,Jon Hoadley,259
2,DEM Representative in Congress,Portage City Precinct 16,Jen Richardson,175
2,DEM Representative in Congress,Portage City Precinct 16,Write-in,2
2,DEM Representative in Congress,Portage City Precinct 17,Jon Hoadley,196
2,DEM Representative in Congress,Portage City Precinct 17,Jen Richardson,159
2,DEM Representative in Congress,Portage City Precinct 17,Write-in,0
2,DEM Representative in Congress,Portage City Precinct 18,Jon Hoadley,250
2,DEM Representative in Congress,Portage City Precinct 18,Jen Richardson,129
2,DEM Representative in Congress,Portage City Precinct 18,Write-in,0
2,DEM Representative in Congress,Portage City Precinct 19,Jon Hoadley,211
2,DEM Representative in Congress,Portage City Precinct 19,Jen Richardson,155
2,DEM Representative in Congress,Portage City Precinct 19,Write-in,2
2,DEM Representative in Congress,Portage City Precinct 20,Jon Hoadley,205
2,DEM Representative in Congress,Portage City Precinct 20,Jen Richardson,132
2,DEM Representative in Congress,Portage City Precinct 20,Write-in,0
3,DEM State Representative 60th District,Kalamazoo Township Precinct 1,Stephanie Moore,19
3,DEM State Representative 60th District,Kalamazoo Township Precinct 1,Julie M. Rogers,25
3,DEM State Representative 60th District,Kalamazoo Township Precinct 1,Write-in,0
3,DEM State Representative 60th District,Kalamazoo Township Precinct 2,Stephanie Moore,116
3,DEM State Representative 60th District,Kalamazoo Township Precinct 2,Julie M. Rogers,87
3,DEM State Representative 60th District,Kalamazoo Township Precinct 2,Write-in,0
3,DEM State Representative 60th District,Kalamazoo Township Precinct 3,Stephanie Moore,293
3,DEM State Representative 60th District,Kalamazoo Township Precinct 3,Julie M. Rogers,445
3,DEM State Representative 60th District,Kalamazoo Township Precinct 3,Write-in,1
3,DEM State Representative 60th District,Kalamazoo Township Precinct 4,Stephanie Moore,178
3,DEM State Representative 60th District,Kalamazoo Township Precinct 4,Julie M. Rogers,321
3,DEM State Representative 60th District,Kalamazoo Township Precinct 4,Write-in,1
3,DEM State Representative 60th District,Kalamazoo Township Precinct 5,Stephanie Moore,156
3,DEM State Representative 60th District,Kalamazoo Township Precinct 5,Julie M. Rogers,245
3,DEM State Representative 60th District,Kalamazoo Township Precinct 5,Write-in,1
3,DEM State Representative 60th District,Kalamazoo Township Precinct 6,Stephanie Moore,204
3,DEM State Representative 60th District,Kalamazoo Township Precinct 6,Julie M. Rogers,215
3,DEM State Representative 60th District,Kalamazoo Township Precinct 6,Write-in,0
3,DEM State Representative 60th District,Kalamazoo Township Precinct 7,Stephanie Moore,241
3,DEM State Representative 60th District,Kalamazoo Township Precinct 7,Julie M. Rogers,367
3,DEM State Representative 60th District,Kalamazoo Township Precinct 7,Write-in,0
3,DEM State Representative 60th District,Kalamazoo Township Precinct 8,Stephanie Moore,158
3,DEM State Representative 60th District,Kalamazoo Township Precinct 8,Julie M. Rogers,130
3,DEM State Representative 60th District,Kalamazoo Township Precinct 8,Write-in,0
3,DEM State Representative 60th District,Kalamazoo Township Precinct 9,Stephanie Moore,136
3,DEM State Representative 60th District,Kalamazoo Township Precinct 9,Julie M. Rogers,84
3,DEM State Representative 60th District,Kalamazoo Township Precinct 9,Write-in,0
3,DEM State Representative 60th District,Kalamazoo City Precinct 1,Stephanie Moore,219
3,DEM State Representative 60th District,Kalamazoo City Precinct 1,Julie M. Rogers,177
3,DEM State Representative 60th District,Kalamazoo City Precinct 1,Write-in,2
3,DEM State Representative 60th District,Kalamazoo City Precinct 2,Stephanie Moore,88
3,DEM State Representative 60th District,Kalamazoo City Precinct 2,Julie M. Rogers,97
3,DEM State Representative 60th District,Kalamazoo City Precinct 2,Write-in,1
3,DEM State Representative 60th District,Kalamazoo City Precinct 3,Stephanie Moore,205
3,DEM State Representative 60th District,Kalamazoo City Precinct 3,Julie M. Rogers,154
3,DEM State Representative 60th District,Kalamazoo City Precinct 3,Write-in,1
3,DEM State Representative 60th District,Kalamazoo City Precinct 4,Stephanie Moore,58
3,DEM State Representative 60th District,Kalamazoo City Precinct 4,Julie M. Rogers,21
3,DEM State Representative 60th District,Kalamazoo City Precinct 4,Write-in,0
3,DEM State Representative 60th District,Kalamazoo City Precinct 5,Stephanie Moore,257
3,DEM State Representative 60th District,Kalamazoo City Precinct 5,Julie M. Rogers,295
3,DEM State Representative 60th District,Kalamazoo City Precinct 5,Write-in,1
3,DEM State Representative 60th District,Kalamazoo City Precinct 6,Stephanie Moore,232
3,DEM State Representative 60th District,Kalamazoo City Precinct 6,Julie M. Rogers,285
3,DEM State Representative 60th District,Kalamazoo City Precinct 6,Write-in,1
3,DEM State Representative 60th District,Kalamazoo City Precinct 7,Stephanie Moore,250
3,DEM State Representative 60th District,Kalamazoo City Precinct 7,Julie M. Rogers,195
3,DEM State Representative 60th District,Kalamazoo City Precinct 7,Write-in,1
3,DEM State Representative 60th District,Kalamazoo City Precinct 8,Stephanie Moore,245
3,DEM State Representative 60th District,Kalamazoo City Precinct 8,Julie M. Rogers,50
3,DEM State Representative 60th District,Kalamazoo City Precinct 8,Write-in,0
3,DEM State Representative 60th District,Kalamazoo City Precinct 9,Stephanie Moore,355
3,DEM State Representative 60th District,Kalamazoo City Precinct 9,Julie M. Rogers,34
3,DEM State Representative 60th District,Kalamazoo City Precinct 9,Write-in,2
3,DEM State Representative 60th District,Kalamazoo City Precinct 10,Stephanie Moore,237
3,DEM State Representative 60th District,Kalamazoo City Precinct 10,Julie M. Rogers,223
3,DEM State Representative 60th District,Kalamazoo City Precinct 10,Write-in,2
3,DEM State Representative 60th District,Kalamazoo City Precinct 11,Stephanie Moore,217
3,DEM State Representative 60th District,Kalamazoo City Precinct 11,Julie M. Rogers,72
3,DEM State Representative 60th District,Kalamazoo City Precinct 11,Write-in,0
3,DEM State Representative 60th District,Kalamazoo City Precinct 12,Stephanie Moore,192
3,DEM State Representative 60th District,Kalamazoo City Precinct 12,Julie M. Rogers,351
3,DEM State Representative 60th District,Kalamazoo City Precinct 12,Write-in,1
3,DEM State Representative 60th District,Kalamazoo City Precinct 13,Stephanie Moore,102
3,DEM State Representative 60th District,Kalamazoo City Precinct 13,Julie M. Rogers,43
3,DEM State Representative 60th District,Kalamazoo City Precinct 13,Write-in,0
3,DEM State Representative 60th District,Kalamazoo City Precinct 14,Stephanie Moore,114
3,DEM State Representative 60th District,Kalamazoo City Precinct 14,Julie M. Rogers,90
3,DEM State Representative 60th District,Kalamazoo City Precinct 14,Write-in,0
3,DEM State Representative 60th District,Kalamazoo City Precinct 15,Stephanie Moore,206
3,DEM State Representative 60th District,Kalamazoo City Precinct 15,Julie M. Rogers,153
3,DEM State Representative 60th District,Kalamazoo City Precinct 15,Write-in,2
3,DEM State Representative 60th District,Kalamazoo City Precinct 16,Stephanie Moore,209
3,DEM State Representative 60th District,Kalamazoo City Precinct 16,Julie M. Rogers,241
3,DEM State Representative 60th District,Kalamazoo City Precinct 16,Write-in,2
3,DEM State Representative 60th District,Kalamazoo City Precinct 17,Stephanie Moore,184
3,DEM State Representative 60th District,Kalamazoo City Precinct 17,Julie M. Rogers,194
3,DEM State Representative 60th District,Kalamazoo City Precinct 17,Write-in,0
3,DEM State Representative 60th District,Kalamazoo City Precinct 18,Stephanie Moore,158
3,DEM State Representative 60th District,Kalamazoo City Precinct 18,Julie M. Rogers,195
3,DEM State Representative 60th District,Kalamazoo City Precinct 18,Write-in,0
3,DEM State Representative 60th District,Kalamazoo City Precinct 19,Stephanie Moore,198
3,DEM State Representative 60th District,Kalamazoo City Precinct 19,Julie M. Rogers,174
3,DEM State Representative 60th District,Kalamazoo City Precinct 19,Write-in,2
3,DEM State Representative 60th District,Kalamazoo City Precinct 20,Stephanie Moore,310
3,DEM State Representative 60th District,Kalamazoo City Precinct 20,Julie M. Rogers,445
3,DEM State Representative 60th District,Kalamazoo City Precinct 20,Write-in,5
3,DEM State Representative 60th District,Kalamazoo City Precinct 21,Stephanie Moore,193
3,DEM State Representative 60th District,Kalamazoo City Precinct 21,Julie M. Rogers,390
3,DEM State Representative 60th District,Kalamazoo City Precinct 21,Write-in,2
3,DEM State Representative 60th District,Kalamazoo City Precinct 22,Stephanie Moore,244
3,DEM State Representative 60th District,Kalamazoo City Precinct 22,Julie M. Rogers,323
3,DEM State Representative 60th District,Kalamazoo City Precinct 22,Write-in,1
3,DEM State Representative 60th District,Kalamazoo City Precinct 23,Stephanie Moore,117
3,DEM State Representative 60th District,Kalamazoo City Precinct 23,Julie M. Rogers,153
3,DEM State Representative 60th District,Kalamazoo City Precinct 23,Write-in,2
3,DEM State Representative 60th District,Kalamazoo City Precinct 24,Stephanie Moore,189
3,DEM State Representative 60th District,Kalamazoo City Precinct 24,Julie M. Rogers,132
3,DEM State Representative 60th District,Kalamazoo City Precinct 24,Write-in,0
3,DEM State Representative 60th District,Kalamazoo City Precinct 25,Stephanie Moore,150
3,DEM State Representative 60th District,Kalamazoo City Precinct 25,Julie M. Rogers,333
3,DEM State Representative 60th District,Kalamazoo City Precinct 25,Write-in,1
3,DEM State Representative 60th District,Kalamazoo City Precinct 26,Stephanie Moore,201
3,DEM State Representative 60th District,Kalamazoo City Precinct 26,Julie M. Rogers,329
3,DEM State Representative 60th District,Kalamazoo City Precinct 26,Write-in,2
3,DEM State Representative 60th District,Kalamazoo City Precinct 27,Stephanie Moore,129
3,DEM State Representative 60th District,Kalamazoo City Precinct 27,Julie M. Rogers,108
3,DEM State Representative 60th District,Kalamazoo City Precinct 27,Write-in,1
4,DEM State Representative 61st District,Oshtemo Township Precinct 1,Christine Morse,269
4,DEM State Representative 61st District,Oshtemo Township Precinct 1,Write-in,2
4,DEM State Representative 61st District,Oshtemo Township Precinct 2,Christine Morse,471
4,DEM State Representative 61st District,Oshtemo Township Precinct 2,Write-in,1
4,DEM State Representative 61st District,Oshtemo Township Precinct 3,Christine Morse,532
4,DEM State Representative 61st District,Oshtemo Township Precinct 3,Write-in,2
4,DEM State Representative 61st District,Oshtemo Township Precinct 4,Christine Morse,473
4,DEM State Representative 61st District,Oshtemo Township Precinct 4,Write-in,2
4,DEM State Representative 61st District,Oshtemo Township Precinct 5,Christine Morse,243
4,DEM State Representative 61st District,Oshtemo Township Precinct 5,Write-in,4
4,DEM State Representative 61st District,Oshtemo Township Precinct 6,Christine Morse,360
4,DEM State Representative 61st District,Oshtemo Township Precinct 6,Write-in,2
4,DEM State Representative 61st District,Oshtemo Township Precinct 7,Christine Morse,335
4,DEM State Representative 61st District,Oshtemo Township Precinct 7,Write-in,3
4,DEM State Representative 61st District,Oshtemo Township Precinct 8,Christine Morse,200
4,DEM State Representative 61st District,Oshtemo Township Precinct 8,Write-in,1
4,DEM State Representative 61st District,Oshtemo Township Precinct 9,Christine Morse,428
4,DEM State Representative 61st District,Oshtemo Township Precinct 9,Write-in,2
4,DEM State Representative 61st District,Oshtemo Township Precinct 10,Christine Morse,196
4,DEM State Representative 61st District,Oshtemo Township Precinct 10,Write-in,1
4,DEM State Representative 61st District,Prairie Ronde Township Precinct 1,Christine Morse,190
4,DEM State Representative 61st District,Prairie Ronde Township Precinct 1,Write-in,0
4,DEM State Representative 61st District,Schoolcraft Township Precinct 1,Christine Morse,214
4,DEM State Representative 61st District,Schoolcraft Township Precinct 1,Write-in,1
4,DEM State Representative 61st District,Schoolcraft Township Precinct 2,Christine Morse,122
4,DEM State Representative 61st District,Schoolcraft Township Precinct 2,Write-in,1
4,DEM State Representative 61st District,Schoolcraft Township Precinct 3,Christine Morse,338
4,DEM State Representative 61st District,Schoolcraft Township Precinct 3,Write-in,2
4,DEM State Representative 61st District,Schoolcraft Township Precinct 4,Christine Morse,116
4,DEM State Representative 61st District,Schoolcraft Township Precinct 4,Write-in,2
4,DEM State Representative 61st District,Texas Township Precinct 1,Christine Morse,303
4,DEM State Representative 61st District,Texas Township Precinct 1,Write-in,1
4,DEM State Representative 61st District,Texas Township Precinct 2,Christine Morse,242
4,DEM State Representative 61st District,Texas Township Precinct 2,Write-in,0
4,DEM State Representative 61st District,Texas Township Precinct 3,Christine Morse,337
4,DEM State Representative 61st District,Texas Township Precinct 3,Write-in,2
4,DEM State Representative 61st District,Texas Township Precinct 4,Christine Morse,438
4,DEM State Representative 61st District,Texas Township Precinct 4,Write-in,2
4,DEM State Representative 61st District,Texas Township Precinct 5,Christine Morse,481
4,DEM State Representative 61st District,Texas Township Precinct 5,Write-in,1
4,DEM State Representative 61st District,Texas Township Precinct 6,Christine Morse,387
4,DEM State Representative 61st District,Texas Township Precinct 6,Write-in,1
4,DEM State Representative 61st District,Portage City Precinct 1,Christine Morse,266
4,DEM State Representative 61st District,Portage City Precinct 1,Write-in,0
4,DEM State Representative 61st District,Portage City Precinct 2,Christine Morse,199
4,DEM State Representative 61st District,Portage City Precinct 2,Write-in,1
4,DEM State Representative 61st District,Portage City Precinct 3,Christine Morse,353
4,DEM State Representative 61st District,Portage City Precinct 3,Write-in,0
4,DEM State Representative 61st District,Portage City Precinct 4,Christine Morse,281
4,DEM State Representative 61st District,Portage City Precinct 4,Write-in,0
4,DEM State Representative 61st District,Portage City Precinct 5,Christine Morse,248
4,DEM State Representative 61st District,Portage City Precinct 5,Write-in,0
4,DEM State Representative 61st District,Portage City Precinct 6,Christine Morse,320
4,DEM State Representative 61st District,Portage City Precinct 6,Write-in,0
4,DEM State Representative 61st District,Portage City Precinct 7,Christine Morse,140
4,DEM State Representative 61st District,Portage City Precinct 7,Write-in,0
4,DEM State Representative 61st District,Portage City Precinct 8,Christine Morse,426
4,DEM State Representative 61st District,Portage City Precinct 8,Write-in,1
4,DEM State Representative 61st District,Portage City Precinct 9,Christine Morse,308
4,DEM State Representative 61st District,Portage City Precinct 9,Write-in,0
4,DEM State Representative 61st District,Portage City Precinct 10,Christine Morse,286
4,DEM State Representative 61st District,Portage City Precinct 10,Write-in,0
4,DEM State Representative 61st District,Portage City Precinct 11,Christine Morse,446
4,DEM State Representative 61st District,Portage City Precinct 11,Write-in,0
4,DEM State Representative 61st District,Portage City Precinct 12,Christine Morse,454
4,DEM State Representative 61st District,Portage City Precinct 12,Write-in,0
4,DEM State Representative 61st District,Portage City Precinct 13,Christine Morse,499
4,DEM State Representative 61st District,Portage City Precinct 13,Write-in,1
4,DEM State Representative 61st District,Portage City Precinct 14,Christine Morse,335
4,DEM State Representative 61st District,Portage City Precinct 14,Write-in,0
4,DEM State Representative 61st District,Portage City Precinct 15,Christine Morse,337
4,DEM State Representative 61st District,Portage City Precinct 15,Write-in,1
4,DEM State Representative 61st District,Portage City Precinct 16,Christine Morse,423
4,DEM State Representative 61st District,Portage City Precinct 16,Write-in,2
4,DEM State Representative 61st District,Portage City Precinct 17,Christine Morse,341
4,DEM State Representative 61st District,Portage City Precinct 17,Write-in,0
4,DEM State Representative 61st District,Portage City Precinct 18,Christine Morse,365
4,DEM State Representative 61st District,Portage City Precinct 18,Write-in,0
4,DEM State Representative 61st District,Portage City Precinct 19,Christine Morse,352
4,DEM State Representative 61st District,Portage City Precinct 19,Write-in,2
4,DEM State Representative 61st District,Portage City Precinct 20,Christine Morse,326
4,DEM State Representative 61st District,Portage City Precinct 20,Write-in,0
5,DEM State Representative 63rd District,Brady Township Precinct 1,Ron Hawkins,111
5,DEM State Representative 63rd District,Brady Township Precinct 1,Luke Howell,62
5,DEM State Representative 63rd District,Brady Township Precinct 1,Write-in,0
5,DEM State Representative 63rd District,Brady Township Precinct 2,Ron Hawkins,43
5,DEM State Representative 63rd District,Brady Township Precinct 2,Luke Howell,69
5,DEM State Representative 63rd District,Brady Township Precinct 2,Write-in,0
5,DEM State Representative 63rd District,Charleston Township Precinct 1,Ron Hawkins,131
5,DEM State Representative 63rd District,Charleston Township Precinct 1,Luke Howell,143
5,DEM State Representative 63rd District,Charleston Township Precinct 1,Write-in,1
5,DEM State Representative 63rd District,Climax Township Precinct 1,Ron Hawkins,154
5,DEM State Representative 63rd District,Climax Township Precinct 1,Luke Howell,150
5,DEM State Representative 63rd District,Climax Township Precinct 1,Write-in,0
5,DEM State Representative 63rd District,Comstock Township Precinct 1,Ron Hawkins,111
5,DEM State Representative 63rd District,Comstock Township Precinct 1,Luke Howell,103
5,DEM State Representative 63rd District,Comstock Township Precinct 1,Write-in,0
5,DEM State Representative 63rd District,Comstock Township Precinct 2,Ron Hawkins,116
5,DEM State Representative 63rd District,Comstock Township Precinct 2,Luke Howell,158
5,DEM State Representative 63rd District,Comstock Township Precinct 2,Write-in,3
5,DEM State Representative 63rd District,Comstock Township Precinct 3,Ron Hawkins,116
5,DEM State Representative 63rd District,Comstock Township Precinct 3,Luke Howell,88
5,DEM State Representative 63rd District,Comstock Township Precinct 3,Write-in,1
5,DEM State Representative 63rd District,Comstock Township Precinct 4,Ron Hawkins,83
5,DEM State Representative 63rd District,Comstock Township Precinct 4,Luke Howell,130
5,DEM State Representative 63rd District,Comstock Township Precinct 4,Write-in,0
5,DEM State Representative 63rd District,Comstock Township Precinct 5,Ron Hawkins,146
5,DEM State Representative 63rd District,Comstock Township Precinct 5,Luke Howell,118
5,DEM State Representative 63rd District,Comstock Township Precinct 5,Write-in,2
5,DEM State Representative 63rd District,Comstock Township Precinct 6,Ron Hawkins,84
5,DEM State Representative 63rd District,Comstock Township Precinct 6,Luke Howell,122
5,DEM State Representative 63rd District,Comstock Township Precinct 6,Write-in,4
5,DEM State Representative 63rd District,Comstock Township Precinct 7,Ron Hawkins,125
5,DEM State Representative 63rd District,Comstock Township Precinct 7,Luke Howell,96
5,DEM State Representative 63rd District,Comstock Township Precinct 7,Write-in,2
5,DEM State Representative 63rd District,Kalamazoo Township Precinct 10,Ron Hawkins,152
5,DEM State Representative 63rd District,Kalamazoo Township Precinct 10,Luke Howell,158
5,DEM State Representative 63rd District,Kalamazoo Township Precinct 10,Write-in,3
5,DEM State Representative 63rd District,Pavilion Township Precinct 1,Ron Hawkins,126
5,DEM State Representative 63rd District,Pavilion Township Precinct 1,Luke Howell,101
5,DEM State Representative 63rd District,Pavilion Township Precinct 1,Write-in,0
5,DEM State Representative 63rd District,Pavilion Township Precinct 2,Ron Hawkins,63
5,DEM State Representative 63rd District,Pavilion Township Precinct 2,Luke Howell,46
5,DEM State Representative 63rd District,Pavilion Township Precinct 2,Write-in,0
5,DEM State Representative 63rd District,Pavilion Township Precinct 3,Ron Hawkins,76
5,DEM State Representative 63rd District,Pavilion Township Precinct 3,Luke Howell,54
5,DEM State Representative 63rd District,Pavilion Township Precinct 3,Write-in,2
5,DEM State Representative 63rd District,Richland Township Precinct 1,Ron Hawkins,122
5,DEM State Representative 63rd District,Richland Township Precinct 1,Luke Howell,190
5,DEM State Representative 63rd District,Richland Township Precinct 1,Write-in,0
5,DEM State Representative 63rd District,Richland Township Precinct 2,Ron Hawkins,94
5,DEM State Representative 63rd District,Richland Township Precinct 2,Luke Howell,91
5,DEM State Representative 63rd District,Richland Township Precinct 2,Write-in,0
5,DEM State Representative 63rd District,Richland Township Precinct 3,Ron Hawkins,134
5,DEM State Representative 63rd District,Richland Township Precinct 3,Luke Howell,213
5,DEM State Representative 63rd District,Richland Township Precinct 3,Write-in,2
5,DEM State Representative 63rd District,Ross Township Precinct 1,Ron Hawkins,117
5,DEM State Representative 63rd District,Ross Township Precinct 1,Luke Howell,101
5,DEM State Representative 63rd District,Ross Township Precinct 1,Write-in,2
5,DEM State Representative 63rd District,Ross Township Precinct 2,Ron Hawkins,87
5,DEM State Representative 63rd District,Ross Township Precinct 2,Luke Howell,134
5,DEM State Representative 63rd District,Ross Township Precinct 2,Write-in,0
5,DEM State Representative 63rd District,Wakeshma Township Precinct 1,Ron Hawkins,31
5,DEM State Representative 63rd District,Wakeshma Township Precinct 1,Luke Howell,23
5,DEM State Representative 63rd District,Wakeshma Township Precinct 1,Write-in,0
5,DEM State Representative 63rd District,Galesburg City Precinct 1,Ron Hawkins,61
5,DEM State Representative 63rd District,Galesburg City Precinct 1,Luke Howell,59
5,DEM State Representative 63rd District,Galesburg City Precinct 1,Write-in,0
6,DEM State Representative 66th District,Alamo 1,Abigail Wheeler,102
6,DEM State Representative 66th District,Alamo 1,Write-in,1
6,DEM State Representative 66th District,Alamo Township Precinct 2,Abigail Wheeler,187
6,DEM State Representative 66th District,Alamo Township Precinct 2,Write-in,0
6,DEM State Representative 66th District,Cooper Township Precinct 1,Abigail Wheeler,155
6,DEM State Representative 66th District,Cooper Township Precinct 1,Write-in,0
6,DEM State Representative 66th District,Cooper Township Precinct 2,Abigail Wheeler,174
6,DEM State Representative 66th District,Cooper Township Precinct 2,Write-in,1
6,DEM State Representative 66th District,Cooper Township Precinct 3,Abigail Wheeler,313
6,DEM State Representative 66th District,Cooper Township Precinct 3,Write-in,1
6,DEM State Representative 66th District,Cooper Township Precinct 4,Abigail Wheeler,320
6,DEM State Representative 66th District,Cooper Township Precinct 4,Write-in,0
6,DEM State Representative 66th District,Cooper Township Precinct 5,Abigail Wheeler,79
6,DEM State Representative 66th District,Cooper Township Precinct 5,Write-in,0
6,DEM State Representative 66th District,Parchment City Precinct 1,Abigail Wheeler,230
6,DEM State Representative 66th District,Parchment City Precinct 1,Write-in,0
7,DEM Prosecuting Attorney,Alamo 1,Jeffrey S. Getting,99
7,DEM Prosecuting Attorney,Alamo 1,Write-in,0
7,DEM Prosecuting Attorney,Alamo Township Precinct 2,Jeffrey S. Getting,186
7,DEM Prosecuting Attorney,Alamo Township Precinct 2,Write-in,1
7,DEM Prosecuting Attorney,Brady Township Precinct 1,Jeffrey S. Getting,172
7,DEM Prosecuting Attorney,Brady Township Precinct 1,Write-in,0
7,DEM Prosecuting Attorney,Brady Township Precinct 2,Jeffrey S. Getting,121
7,DEM Prosecuting Attorney,Brady Township Precinct 2,Write-in,1
7,DEM Prosecuting Attorney,Charleston Township Precinct 1,Jeffrey S. Getting,284
7,DEM Prosecuting Attorney,Charleston Township Precinct 1,Write-in,1
7,DEM Prosecuting Attorney,Climax Township Precinct 1,Jeffrey S. Getting,329
7,DEM Prosecuting Attorney,Climax Township Precinct 1,Write-in,0
7,DEM Prosecuting Attorney,Comstock Township Precinct 1,Jeffrey S. Getting,231
7,DEM Prosecuting Attorney,Comstock Township Precinct 1,Write-in,2
7,DEM Prosecuting Attorney,Comstock Township Precinct 2,Jeffrey S. Getting,283
7,DEM Prosecuting Attorney,Comstock Township Precinct 2,Write-in,2
7,DEM Prosecuting Attorney,Comstock Township Precinct 3,Jeffrey S. Getting,218
7,DEM Prosecuting Attorney,Comstock Township Precinct 3,Write-in,2
7,DEM Prosecuting Attorney,Comstock Township Precinct 4,Jeffrey S. Getting,229
7,DEM Prosecuting Attorney,Comstock Township Precinct 4,Write-in,0
7,DEM Prosecuting Attorney,Comstock Township Precinct 5,Jeffrey S. Getting,284
7,DEM Prosecuting Attorney,Comstock Township Precinct 5,Write-in,1
7,DEM Prosecuting Attorney,Comstock Township Precinct 6,Jeffrey S. Getting,222
7,DEM Prosecuting Attorney,Comstock Township Precinct 6,Write-in,2
7,DEM Prosecuting Attorney,Comstock Township Precinct 7,Jeffrey S. Getting,230
7,DEM Prosecuting Attorney,Comstock Township Precinct 7,Write-in,5
7,DEM Prosecuting Attorney,Cooper Township Precinct 1,Jeffrey S. Getting,154
7,DEM Prosecuting Attorney,Cooper Township Precinct 1,Write-in,0
7,DEM Prosecuting Attorney,Cooper Township Precinct 2,Jeffrey S. Getting,176
7,DEM Prosecuting Attorney,Cooper Township Precinct 2,Write-in,2
7,DEM Prosecuting Attorney,Cooper Township Precinct 3,Jeffrey S. Getting,314
7,DEM Prosecuting Attorney,Cooper Township Precinct 3,Write-in,1
7,DEM Prosecuting Attorney,Cooper Township Precinct 4,Jeffrey S. Getting,324
7,DEM Prosecuting Attorney,Cooper Township Precinct 4,Write-in,0
7,DEM Prosecuting Attorney,Cooper Township Precinct 5,Jeffrey S. Getting,79
7,DEM Prosecuting Attorney,Cooper Township Precinct 5,Write-in,0
7,DEM Prosecuting Attorney,Kalamazoo Township Precinct 1,Jeffrey S. Getting,41
7,DEM Prosecuting Attorney,Kalamazoo Township Precinct 1,Write-in,0
7,DEM Prosecuting Attorney,Kalamazoo Township Precinct 2,Jeffrey S. Getting,178
7,DEM Prosecuting Attorney,Kalamazoo Township Precinct 2,Write-in,5
7,DEM Prosecuting Attorney,Kalamazoo Township Precinct 3,Jeffrey S. Getting,664
7,DEM Prosecuting Attorney,Kalamazoo Township Precinct 3,Write-in,4
7,DEM Prosecuting Attorney,Kalamazoo Township Precinct 4,Jeffrey S. Getting,446
7,DEM Prosecuting Attorney,Kalamazoo Township Precinct 4,Write-in,7
7,DEM Prosecuting Attorney,Kalamazoo Township Precinct 5,Jeffrey S. Getting,363
7,DEM Prosecuting Attorney,Kalamazoo Township Precinct 5,Write-in,1
7,DEM Prosecuting Attorney,Kalamazoo Township Precinct 6,Jeffrey S. Getting,386
7,DEM Prosecuting Attorney,Kalamazoo Township Precinct 6,Write-in,4
7,DEM Prosecuting Attorney,Kalamazoo Township Precinct 7,Jeffrey S. Getting,554
7,DEM Prosecuting Attorney,Kalamazoo Township Precinct 7,Write-in,0
7,DEM Prosecuting Attorney,Kalamazoo Township Precinct 8,Jeffrey S. Getting,260
7,DEM Prosecuting Attorney,Kalamazoo Township Precinct 8,Write-in,5
7,DEM Prosecuting Attorney,Kalamazoo Township Precinct 9,Jeffrey S. Getting,206
7,DEM Prosecuting Attorney,Kalamazoo Township Precinct 9,Write-in,4
7,DEM Prosecuting Attorney,Kalamazoo Township Precinct 10,Jeffrey S. Getting,314
7,DEM Prosecuting Attorney,Kalamazoo Township Precinct 10,Write-in,7
7,DEM Prosecuting Attorney,Oshtemo Township Precinct 1,Jeffrey S. Getting,277
7,DEM Prosecuting Attorney,Oshtemo Township Precinct 1,Write-in,2
7,DEM Prosecuting Attorney,Oshtemo Township Precinct 2,Jeffrey S. Getting,472
7,DEM Prosecuting Attorney,Oshtemo Township Precinct 2,Write-in,1
7,DEM Prosecuting Attorney,Oshtemo Township Precinct 3,Jeffrey S. Getting,539
7,DEM Prosecuting Attorney,Oshtemo Township Precinct 3,Write-in,1
7,DEM Prosecuting Attorney,Oshtemo Township Precinct 4,Jeffrey S. Getting,470
7,DEM Prosecuting Attorney,Oshtemo Township Precinct 4,Write-in,1
7,DEM Prosecuting Attorney,Oshtemo Township Precinct 5,Jeffrey S. Getting,240
7,DEM Prosecuting Attorney,Oshtemo Township Precinct 5,Write-in,3
7,DEM Prosecuting Attorney,Oshtemo Township Precinct 6,Jeffrey S. Getting,367
7,DEM Prosecuting Attorney,Oshtemo Township Precinct 6,Write-in,3
7,DEM Prosecuting Attorney,Oshtemo Township Precinct 7,Jeffrey S. Getting,335
7,DEM Prosecuting Attorney,Oshtemo Township Precinct 7,Write-in,2
7,DEM Prosecuting Attorney,Oshtemo Township Precinct 8,Jeffrey S. Getting,199
7,DEM Prosecuting Attorney,Oshtemo Township Precinct 8,Write-in,4
7,DEM Prosecuting Attorney,Oshtemo Township Precinct 9,Jeffrey S. Getting,428
7,DEM Prosecuting Attorney,Oshtemo Township Precinct 9,Write-in,1
7,DEM Prosecuting Attorney,Oshtemo Township Precinct 10,Jeffrey S. Getting,203
7,DEM Prosecuting Attorney,Oshtemo Township Precinct 10,Write-in,1
7,DEM Prosecuting Attorney,Pavilion Township Precinct 1,Jeffrey S. Getting,231
7,DEM Prosecuting Attorney,Pavilion Township Precinct 1,Write-in,1
7,DEM Prosecuting Attorney,Pavilion Township Precinct 2,Jeffrey S. Getting,110
7,DEM Prosecuting Attorney,Pavilion Township Precinct 2,Write-in,0
7,DEM Prosecuting Attorney,Pavilion Township Precinct 3,Jeffrey S. Getting,150
7,DEM Prosecuting Attorney,Pavilion Township Precinct 3,Write-in,1
7,DEM Prosecuting Attorney,Prairie Ronde Township Precinct 1,Jeffrey S. Getting,192
7,DEM Prosecuting Attorney,Prairie Ronde Township Precinct 1,Write-in,1
7,DEM Prosecuting Attorney,Richland Township Precinct 1,Jeffrey S. Getting,344
7,DEM Prosecuting Attorney,Richland Township Precinct 1,Write-in,0
7,DEM Prosecuting Attorney,Richland Township Precinct 2,Jeffrey S. Getting,212
7,DEM Prosecuting Attorney,Richland Township Precinct 2,Write-in,0
7,DEM Prosecuting Attorney,Richland Township Precinct 3,Jeffrey S. Getting,366
7,DEM Prosecuting Attorney,Richland Township Precinct 3,Write-in,2
7,DEM Prosecuting Attorney,Ross Township Precinct 1,Jeffrey S. Getting,227
7,DEM Prosecuting Attorney,Ross Township Precinct 1,Write-in,1
7,DEM Prosecuting Attorney,Ross Township Precinct 2,Jeffrey S. Getting,245
7,DEM Prosecuting Attorney,Ross Township Precinct 2,Write-in,0
7,DEM Prosecuting Attorney,Schoolcraft Township Precinct 1,Jeffrey S. Getting,216
7,DEM Prosecuting Attorney,Schoolcraft Township Precinct 1,Write-in,2
7,DEM Prosecuting Attorney,Schoolcraft Township Precinct 2,Jeffrey S. Getting,124
7,DEM Prosecuting Attorney,Schoolcraft Township Precinct 2,Write-in,0
7,DEM Prosecuting Attorney,Schoolcraft Township Precinct 3,Jeffrey S. Getting,330
7,DEM Prosecuting Attorney,Schoolcraft Township Precinct 3,Write-in,2
7,DEM Prosecuting Attorney,Schoolcraft Township Precinct 4,Jeffrey S. Getting,116
7,DEM Prosecuting Attorney,Schoolcraft Township Precinct 4,Write-in,2
7,DEM Prosecuting Attorney,Texas Township Precinct 1,Jeffrey S. Getting,300
7,DEM Prosecuting Attorney,Texas Township Precinct 1,Write-in,0
7,DEM Prosecuting Attorney,Texas Township Precinct 2,Jeffrey S. Getting,237
7,DEM Prosecuting Attorney,Texas Township Precinct 2,Write-in,0
7,DEM Prosecuting Attorney,Texas Township Precinct 3,Jeffrey S. Getting,334
7,DEM Prosecuting Attorney,Texas Township Precinct 3,Write-in,1
7,DEM Prosecuting Attorney,Texas Township Precinct 4,Jeffrey S. Getting,426
7,DEM Prosecuting Attorney,Texas Township Precinct 4,Write-in,5
7,DEM Prosecuting Attorney,Texas Township Precinct 5,Jeffrey S. Getting,470
7,DEM Prosecuting Attorney,Texas Township Precinct 5,Write-in,0
7,DEM Prosecuting Attorney,Texas Township Precinct 6,Jeffrey S. Getting,387
7,DEM Prosecuting Attorney,Texas Township Precinct 6,Write-in,0
7,DEM Prosecuting Attorney,Wakeshma Township Precinct 1,Jeffrey S. Getting,54
7,DEM Prosecuting Attorney,Wakeshma Township Precinct 1,Write-in,1
7,DEM Prosecuting Attorney,Galesburg City Precinct 1,Jeffrey S. Getting,128
7,DEM Prosecuting Attorney,Galesburg City Precinct 1,Write-in,0
7,DEM Prosecuting Attorney,Kalamazoo City Precinct 1,Jeffrey S. Getting,356
7,DEM Prosecuting Attorney,Kalamazoo City Precinct 1,Write-in,5
7,DEM Prosecuting Attorney,Kalamazoo City Precinct 2,Jeffrey S. Getting,166
7,DEM Prosecuting Attorney,Kalamazoo City Precinct 2,Write-in,2
7,DEM Prosecuting Attorney,Kalamazoo City Precinct 3,Jeffrey S. Getting,313
7,DEM Prosecuting Attorney,Kalamazoo City Precinct 3,Write-in,8
7,DEM Prosecuting Attorney,Kalamazoo City Precinct 4,Jeffrey S. Getting,75
7,DEM Prosecuting Attorney,Kalamazoo City Precinct 4,Write-in,3
7,DEM Prosecuting Attorney,Kalamazoo City Precinct 5,Jeffrey S. Getting,513
7,DEM Prosecuting Attorney,Kalamazoo City Precinct 5,Write-in,6
7,DEM Prosecuting Attorney,Kalamazoo City Precinct 6,Jeffrey S. Getting,459
7,DEM Prosecuting Attorney,Kalamazoo City Precinct 6,Write-in,5
7,DEM Prosecuting Attorney,Kalamazoo City Precinct 7,Jeffrey S. Getting,386
7,DEM Prosecuting Attorney,Kalamazoo City Precinct 7,Write-in,15
7,DEM Prosecuting Attorney,Kalamazoo City Precinct 8,Jeffrey S. Getting,242
7,DEM Prosecuting Attorney,Kalamazoo City Precinct 8,Write-in,8
7,DEM Prosecuting Attorney,Kalamazoo City Precinct 9,Jeffrey S. Getting,312
7,DEM Prosecuting Attorney,Kalamazoo City Precinct 9,Write-in,22
7,DEM Prosecuting Attorney,Kalamazoo City Precinct 10,Jeffrey S. Getting,417
7,DEM Prosecuting Attorney,Kalamazoo City Precinct 10,Write-in,13
7,DEM Prosecuting Attorney,Kalamazoo City Precinct 11,Jeffrey S. Getting,256
7,DEM Prosecuting Attorney,Kalamazoo City Precinct 11,Write-in,2
7,DEM Prosecuting Attorney,Kalamazoo City Precinct 12,Jeffrey S. Getting,489
7,DEM Prosecuting Attorney,Kalamazoo City Precinct 12,Write-in,3
7,DEM Prosecuting Attorney,Kalamazoo City Precinct 13,Jeffrey S. Getting,128
7,DEM Prosecuting Attorney,Kalamazoo City Precinct 13,Write-in,7
7,DEM Prosecuting Attorney,Kalamazoo City Precinct 14,Jeffrey S. Getting,162
7,DEM Prosecuting Attorney,Kalamazoo City Precinct 14,Write-in,8
7,DEM Prosecuting Attorney,Kalamazoo City Precinct 15,Jeffrey S. Getting,315
7,DEM Prosecuting Attorney,Kalamazoo City Precinct 15,Write-in,12
7,DEM Prosecuting Attorney,Kalamazoo City Precinct 16,Jeffrey S. Getting,406
7,DEM Prosecuting Attorney,Kalamazoo City Precinct 16,Write-in,3
7,DEM Prosecuting Attorney,Kalamazoo City Precinct 17,Jeffrey S. Getting,341
7,DEM Prosecuting Attorney,Kalamazoo City Precinct 17,Write-in,3
7,DEM Prosecuting Attorney,Kalamazoo City Precinct 18,Jeffrey S. Getting,325
7,DEM Prosecuting Attorney,Kalamazoo City Precinct 18,Write-in,7
7,DEM Prosecuting Attorney,Kalamazoo City Precinct 19,Jeffrey S. Getting,349
7,DEM Prosecuting Attorney,Kalamazoo City Precinct 19,Write-in,3
7,DEM Prosecuting Attorney,Kalamazoo City Precinct 20,Jeffrey S. Getting,712
7,DEM Prosecuting Attorney,Kalamazoo City Precinct 20,Write-in,2
7,DEM Prosecuting Attorney,Kalamazoo City Precinct 21,Jeffrey S. Getting,531
7,DEM Prosecuting Attorney,Kalamazoo City Precinct 21,Write-in,3
7,DEM Prosecuting Attorney,Kalamazoo City Precinct 22,Jeffrey S. Getting,511
7,DEM Prosecuting Attorney,Kalamazoo City Precinct 22,Write-in,4
7,DEM Prosecuting Attorney,Kalamazoo City Precinct 23,Jeffrey S. Getting,241
7,DEM Prosecuting Attorney,Kalamazoo City Precinct 23,Write-in,1
7,DEM Prosecuting Attorney,Kalamazoo City Precinct 24,Jeffrey S. Getting,289
7,DEM Prosecuting Attorney,Kalamazoo City Precinct 24,Write-in,5
7,DEM Prosecuting Attorney,Kalamazoo City Precinct 25,Jeffrey S. Getting,441
7,DEM Prosecuting Attorney,Kalamazoo City Precinct 25,Write-in,2
7,DEM Prosecuting Attorney,Kalamazoo City Precinct 26,Jeffrey S. Getting,506
7,DEM Prosecuting Attorney,Kalamazoo City Precinct 26,Write-in,1
7,DEM Prosecuting Attorney,Kalamazoo City Precinct 27,Jeffrey S. Getting,206
7,DEM Prosecuting Attorney,Kalamazoo City Precinct 27,Write-in,2
7,DEM Prosecuting Attorney,Parchment City Precinct 1,Jeffrey S. Getting,231
7,DEM Prosecuting Attorney,Parchment City Precinct 1,Write-in,2
7,DEM Prosecuting Attorney,Portage City Precinct 1,Jeffrey S. Getting,274
7,DEM Prosecuting Attorney,Portage City Precinct 1,Write-in,0
7,DEM Prosecuting Attorney,Portage City Precinct 2,Jeffrey S. Getting,208
7,DEM Prosecuting Attorney,Portage City Precinct 2,Write-in,1
7,DEM Prosecuting Attorney,Portage City Precinct 3,Jeffrey S. Getting,355
7,DEM Prosecuting Attorney,Portage City Precinct 3,Write-in,0
7,DEM Prosecuting Attorney,Portage City Precinct 4,Jeffrey S. Getting,277
7,DEM Prosecuting Attorney,Portage City Precinct 4,Write-in,0
7,DEM Prosecuting Attorney,Portage City Precinct 5,Jeffrey S. Getting,248
7,DEM Prosecuting Attorney,Portage City Precinct 5,Write-in,0
7,DEM Prosecuting Attorney,Portage City Precinct 6,Jeffrey S. Getting,320
7,DEM Prosecuting Attorney,Portage City Precinct 6,Write-in,0
7,DEM Prosecuting Attorney,Portage City Precinct 7,Jeffrey S. Getting,137
7,DEM Prosecuting Attorney,Portage City Precinct 7,Write-in,0
7,DEM Prosecuting Attorney,Portage City Precinct 8,Jeffrey S. Getting,428
7,DEM Prosecuting Attorney,Portage City Precinct 8,Write-in,0
7,DEM Prosecuting Attorney,Portage City Precinct 9,Jeffrey S. Getting,300
7,DEM Prosecuting Attorney,Portage City Precinct 9,Write-in,0
7,DEM Prosecuting Attorney,Portage City Precinct 10,Jeffrey S. Getting,286
7,DEM Prosecuting Attorney,Portage City Precinct 10,Write-in,0
7,DEM Prosecuting Attorney,Portage City Precinct 11,Jeffrey S. Getting,440
7,DEM Prosecuting Attorney,Portage City Precinct 11,Write-in,0
7,DEM Prosecuting Attorney,Portage City Precinct 12,Jeffrey S. Getting,455
7,DEM Prosecuting Attorney,Portage City Precinct 12,Write-in,1
7,DEM Prosecuting Attorney,Portage City Precinct 13,Jeffrey S. Getting,491
7,DEM Prosecuting Attorney,Portage City Precinct 13,Write-in,1
7,DEM Prosecuting Attorney,Portage City Precinct 14,Jeffrey S. Getting,339
7,DEM Prosecuting Attorney,Portage City Precinct 14,Write-in,2
7,DEM Prosecuting Attorney,Portage City Precinct 15,Jeffrey S. Getting,335
7,DEM Prosecuting Attorney,Portage City Precinct 15,Write-in,0
7,DEM Prosecuting Attorney,Portage City Precinct 16,Jeffrey S. Getting,420
7,DEM Prosecuting Attorney,Portage City Precinct 16,Write-in,5
7,DEM Prosecuting Attorney,Portage City Precinct 17,Jeffrey S. Getting,340
7,DEM Prosecuting Attorney,Portage City Precinct 17,Write-in,0
7,DEM Prosecuting Attorney,Portage City Precinct 18,Jeffrey S. Getting,374
7,DEM Prosecuting Attorney,Portage City Precinct 18,Write-in,1
7,DEM Prosecuting Attorney,Portage City Precinct 19,Jeffrey S. Getting,356
7,DEM Prosecuting Attorney,Portage City Precinct 19,Write-in,4
7,DEM Prosecuting Attorney,Portage City Precinct 20,Jeffrey S. Getting,325
7,DEM Prosecuting Attorney,Portage City Precinct 20,Write-in,0
8,DEM Sheriff,Alamo 1,Richard C. Fuller III,102
8,DEM Sheriff,Alamo 1,Write-in,0
8,DEM Sheriff,Alamo Township Precinct 2,Richard C. Fuller III,184
8,DEM Sheriff,Alamo Township Precinct 2,Write-in,1
8,DEM Sheriff,Brady Township Precinct 1,Richard C. Fuller III,174
8,DEM Sheriff,Brady Township Precinct 1,Write-in,0
8,DEM Sheriff,Brady Township Precinct 2,Richard C. Fuller III,120
8,DEM Sheriff,Brady Township Precinct 2,Write-in,0
8,DEM Sheriff,Charleston Township Precinct 1,Richard C. Fuller III,291
8,DEM Sheriff,Charleston Township Precinct 1,Write-in,1
8,DEM Sheriff,Climax Township Precinct 1,Richard C. Fuller III,330
8,DEM Sheriff,Climax Township Precinct 1,Write-in,0
8,DEM Sheriff,Comstock Township Precinct 1,Richard C. Fuller III,232
8,DEM Sheriff,Comstock Township Precinct 1,Write-in,2
8,DEM Sheriff,Comstock Township Precinct 2,Richard C. Fuller III,289
8,DEM Sheriff,Comstock Township Precinct 2,Write-in,2
8,DEM Sheriff,Comstock Township Precinct 3,Richard C. Fuller III,221
8,DEM Sheriff,Comstock Township Precinct 3,Write-in,1
8,DEM Sheriff,Comstock Township Precinct 4,Richard C. Fuller III,234
8,DEM Sheriff,Comstock Township Precinct 4,Write-in,0
8,DEM Sheriff,Comstock Township Precinct 5,Richard C. Fuller III,284
8,DEM Sheriff,Comstock Township Precinct 5,Write-in,1
8,DEM Sheriff,Comstock Township Precinct 6,Richard C. Fuller III,230
8,DEM Sheriff,Comstock Township Precinct 6,Write-in,2
8,DEM Sheriff,Comstock Township Precinct 7,Richard C. Fuller III,232
8,DEM Sheriff,Comstock Township Precinct 7,Write-in,4
8,DEM Sheriff,Cooper Township Precinct 1,Richard C. Fuller III,153
8,DEM Sheriff,Cooper Township Precinct 1,Write-in,0
8,DEM Sheriff,Cooper Township Precinct 2,Richard C. Fuller III,169
8,DEM Sheriff,Cooper Township Precinct 2,Write-in,2
8,DEM Sheriff,Cooper Township Precinct 3,Richard C. Fuller III,312
8,DEM Sheriff,Cooper Township Precinct 3,Write-in,4
8,DEM Sheriff,Cooper Township Precinct 4,Richard C. Fuller III,323
8,DEM Sheriff,Cooper Township Precinct 4,Write-in,0
8,DEM Sheriff,Cooper Township Precinct 5,Richard C. Fuller III,77
8,DEM Sheriff,Cooper Township Precinct 5,Write-in,0
8,DEM Sheriff,Kalamazoo Township Precinct 1,Richard C. Fuller III,41
8,DEM Sheriff,Kalamazoo Township Precinct 1,Write-in,0
8,DEM Sheriff,Kalamazoo Township Precinct 2,Richard C. Fuller III,181
8,DEM Sheriff,Kalamazoo Township Precinct 2,Write-in,1
8,DEM Sheriff,Kalamazoo Township Precinct 3,Richard C. Fuller III,661
8,DEM Sheriff,Kalamazoo Township Precinct 3,Write-in,5
8,DEM Sheriff,Kalamazoo Township Precinct 4,Richard C. Fuller III,450
8,DEM Sheriff,Kalamazoo Township Precinct 4,Write-in,6
8,DEM Sheriff,Kalamazoo Township Precinct 5,Richard C. Fuller III,367
8,DEM Sheriff,Kalamazoo Township Precinct 5,Write-in,4
8,DEM Sheriff,Kalamazoo Township Precinct 6,Richard C. Fuller III,391
8,DEM Sheriff,Kalamazoo Township Precinct 6,Write-in,2
8,DEM Sheriff,Kalamazoo Township Precinct 7,Richard C. Fuller III,554
8,DEM Sheriff,Kalamazoo Township Precinct 7,Write-in,0
8,DEM Sheriff,Kalamazoo Township Precinct 8,Richard C. Fuller III,257
8,DEM Sheriff,Kalamazoo Township Precinct 8,Write-in,7
8,DEM Sheriff,Kalamazoo Township Precinct 9,Richard C. Fuller III,201
8,DEM Sheriff,Kalamazoo Township Precinct 9,Write-in,2
8,DEM Sheriff,Kalamazoo Township Precinct 10,Richard C. Fuller III,311
8,DEM Sheriff,Kalamazoo Township Precinct 10,Write-in,9
8,DEM Sheriff,Oshtemo Township Precinct 1,Richard C. Fuller III,273
8,DEM Sheriff,Oshtemo Township Precinct 1,Write-in,1
8,DEM Sheriff,Oshtemo Township Precinct 2,Richard C. Fuller III,476
8,DEM Sheriff,Oshtemo Township Precinct 2,Write-in,2
8,DEM Sheriff,Oshtemo Township Precinct 3,Richard C. Fuller III,547
8,DEM Sheriff,Oshtemo Township Precinct 3,Write-in,2
8,DEM Sheriff,Oshtemo Township Precinct 4,Richard C. Fuller III,473
8,DEM Sheriff,Oshtemo Township Precinct 4,Write-in,2
8,DEM Sheriff,Oshtemo Township Precinct 5,Richard C. Fuller III,246
8,DEM Sheriff,Oshtemo Township Precinct 5,Write-in,2
8,DEM Sheriff,Oshtemo Township Precinct 6,Richard C. Fuller III,371
8,DEM Sheriff,Oshtemo Township Precinct 6,Write-in,3
8,DEM Sheriff,Oshtemo Township Precinct 7,Richard C. Fuller III,327
8,DEM Sheriff,Oshtemo Township Precinct 7,Write-in,4
8,DEM Sheriff,Oshtemo Township Precinct 8,Richard C. Fuller III,202
8,DEM Sheriff,Oshtemo Township Precinct 8,Write-in,2
8,DEM Sheriff,Oshtemo Township Precinct 9,Richard C. Fuller III,431
8,DEM Sheriff,Oshtemo Township Precinct 9,Write-in,1
8,DEM Sheriff,Oshtemo Township Precinct 10,Richard C. Fuller III,199
8,DEM Sheriff,Oshtemo Township Precinct 10,Write-in,0
8,DEM Sheriff,Pavilion Township Precinct 1,Richard C. Fuller III,231
8,DEM Sheriff,Pavilion Township Precinct 1,Write-in,2
8,DEM Sheriff,Pavilion Township Precinct 2,Richard C. Fuller III,114
8,DEM Sheriff,Pavilion Township Precinct 2,Write-in,0
8,DEM Sheriff,Pavilion Township Precinct 3,Richard C. Fuller III,151
8,DEM Sheriff,Pavilion Township Precinct 3,Write-in,0
8,DEM Sheriff,Prairie Ronde Township Precinct 1,Richard C. Fuller III,190
8,DEM Sheriff,Prairie Ronde Township Precinct 1,Write-in,1
8,DEM Sheriff,Richland Township Precinct 1,Richard C. Fuller III,339
8,DEM Sheriff,Richland Township Precinct 1,Write-in,0
8,DEM Sheriff,Richland Township Precinct 2,Richard C. Fuller III,209
8,DEM Sheriff,Richland Township Precinct 2,Write-in,0
8,DEM Sheriff,Richland Township Precinct 3,Richard C. Fuller III,370
8,DEM Sheriff,Richland Township Precinct 3,Write-in,2
8,DEM Sheriff,Ross Township Precinct 1,Richard C. Fuller III,228
8,DEM Sheriff,Ross Township Precinct 1,Write-in,0
8,DEM Sheriff,Ross Township Precinct 2,Richard C. Fuller III,242
8,DEM Sheriff,Ross Township Precinct 2,Write-in,0
8,DEM Sheriff,Schoolcraft Township Precinct 1,Richard C. Fuller III,221
8,DEM Sheriff,Schoolcraft Township Precinct 1,Write-in,1
8,DEM Sheriff,Schoolcraft Township Precinct 2,Richard C. Fuller III,126
8,DEM Sheriff,Schoolcraft Township Precinct 2,Write-in,1
8,DEM Sheriff,Schoolcraft Township Precinct 3,Richard C. Fuller III,334
8,DEM Sheriff,Schoolcraft Township Precinct 3,Write-in,2
8,DEM Sheriff,Schoolcraft Township Precinct 4,Richard C. Fuller III,116
8,DEM Sheriff,Schoolcraft Township Precinct 4,Write-in,1
8,DEM Sheriff,Texas Township Precinct 1,Richard C. Fuller III,300
8,DEM Sheriff,Texas Township Precinct 1,Write-in,0
8,DEM Sheriff,Texas Township Precinct 2,Richard C. Fuller III,238
8,DEM Sheriff,Texas Township Precinct 2,Write-in,1
8,DEM Sheriff,Texas Township Precinct 3,Richard C. Fuller III,335
8,DEM Sheriff,Texas Township Precinct 3,Write-in,2
8,DEM Sheriff,Texas Township Precinct 4,Richard C. Fuller III,423
8,DEM Sheriff,Texas Township Precinct 4,Write-in,6
8,DEM Sheriff,Texas Township Precinct 5,Richard C. Fuller III,458
8,DEM Sheriff,Texas Township Precinct 5,Write-in,2
8,DEM Sheriff,Texas Township Precinct 6,Richard C. Fuller III,391
8,DEM Sheriff,Texas Township Precinct 6,Write-in,0
8,DEM Sheriff,Wakeshma Township Precinct 1,Richard C. Fuller III,60
8,DEM Sheriff,Wakeshma Township Precinct 1,Write-in,1
8,DEM Sheriff,Galesburg City Precinct 1,Richard C. Fuller III,126
8,DEM Sheriff,Galesburg City Precinct 1,Write-in,1
8,DEM Sheriff,Kalamazoo City Precinct 1,Richard C. Fuller III,347
8,DEM Sheriff,Kalamazoo City Precinct 1,Write-in,3
8,DEM Sheriff,Kalamazoo City Precinct 2,Richard C. Fuller III,165
8,DEM Sheriff,Kalamazoo City Precinct 2,Write-in,3
8,DEM Sheriff,Kalamazoo City Precinct 3,Richard C. Fuller III,318
8,DEM Sheriff,Kalamazoo City Precinct 3,Write-in,10
8,DEM Sheriff,Kalamazoo City Precinct 4,Richard C. Fuller III,73
8,DEM Sheriff,Kalamazoo City Precinct 4,Write-in,2
8,DEM Sheriff,Kalamazoo City Precinct 5,Richard C. Fuller III,513
8,DEM Sheriff,Kalamazoo City Precinct 5,Write-in,5
8,DEM Sheriff,Kalamazoo City Precinct 6,Richard C. Fuller III,471
8,DEM Sheriff,Kalamazoo City Precinct 6,Write-in,4
8,DEM Sheriff,Kalamazoo City Precinct 7,Richard C. Fuller III,381
8,DEM Sheriff,Kalamazoo City Precinct 7,Write-in,13
8,DEM Sheriff,Kalamazoo City Precinct 8,Richard C. Fuller III,241
8,DEM Sheriff,Kalamazoo City Precinct 8,Write-in,7
8,DEM Sheriff,Kalamazoo City Precinct 9,Richard C. Fuller III,315
8,DEM Sheriff,Kalamazoo City Precinct 9,Write-in,18
8,DEM Sheriff,Kalamazoo City Precinct 10,Richard C. Fuller III,418
8,DEM Sheriff,Kalamazoo City Precinct 10,Write-in,14
8,DEM Sheriff,Kalamazoo City Precinct 11,Richard C. Fuller III,265
8,DEM Sheriff,Kalamazoo City Precinct 11,Write-in,4
8,DEM Sheriff,Kalamazoo City Precinct 12,Richard C. Fuller III,490
8,DEM Sheriff,Kalamazoo City Precinct 12,Write-in,2
8,DEM Sheriff,Kalamazoo City Precinct 13,Richard C. Fuller III,125
8,DEM Sheriff,Kalamazoo City Precinct 13,Write-in,5
8,DEM Sheriff,Kalamazoo City Precinct 14,Richard C. Fuller III,168
8,DEM Sheriff,Kalamazoo City Precinct 14,Write-in,8
8,DEM Sheriff,Kalamazoo City Precinct 15,Richard C. Fuller III,313
8,DEM Sheriff,Kalamazoo City Precinct 15,Write-in,12
8,DEM Sheriff,Kalamazoo City Precinct 16,Richard C. Fuller III,408
8,DEM Sheriff,Kalamazoo City Precinct 16,Write-in,3
8,DEM Sheriff,Kalamazoo City Precinct 17,Richard C. Fuller III,348
8,DEM Sheriff,Kalamazoo City Precinct 17,Write-in,4
8,DEM Sheriff,Kalamazoo City Precinct 18,Richard C. Fuller III,323
8,DEM Sheriff,Kalamazoo City Precinct 18,Write-in,6
8,DEM Sheriff,Kalamazoo City Precinct 19,Richard C. Fuller III,338
8,DEM Sheriff,Kalamazoo City Precinct 19,Write-in,5
8,DEM Sheriff,Kalamazoo City Precinct 20,Richard C. Fuller III,709
8,DEM Sheriff,Kalamazoo City Precinct 20,Write-in,0
8,DEM Sheriff,Kalamazoo City Precinct 21,Richard C. Fuller III,531
8,DEM Sheriff,Kalamazoo City Precinct 21,Write-in,4
8,DEM Sheriff,Kalamazoo City Precinct 22,Richard C. Fuller III,511
8,DEM Sheriff,Kalamazoo City Precinct 22,Write-in,3
8,DEM Sheriff,Kalamazoo City Precinct 23,Richard C. Fuller III,241
8,DEM Sheriff,Kalamazoo City Precinct 23,Write-in,1
8,DEM Sheriff,Kalamazoo City Precinct 24,Richard C. Fuller III,283
8,DEM Sheriff,Kalamazoo City Precinct 24,Write-in,9
8,DEM Sheriff,Kalamazoo City Precinct 25,Richard C. Fuller III,450
8,DEM Sheriff,Kalamazoo City Precinct 25,Write-in,2
8,DEM Sheriff,Kalamazoo City Precinct 26,Richard C. Fuller III,516
8,DEM Sheriff,Kalamazoo City Precinct 26,Write-in,1
8,DEM Sheriff,Kalamazoo City Precinct 27,Richard C. Fuller III,205
8,DEM Sheriff,Kalamazoo City Precinct 27,Write-in,5
8,DEM Sheriff,Parchment City Precinct 1,Richard C. Fuller III,231
8,DEM Sheriff,Parchment City Precinct 1,Write-in,2
8,DEM Sheriff,Portage City Precinct 1,Richard C. Fuller III,271
8,DEM Sheriff,Portage City Precinct 1,Write-in,0
8,DEM Sheriff,Portage City Precinct 2,Richard C. Fuller III,203
8,DEM Sheriff,Portage City Precinct 2,Write-in,1
8,DEM Sheriff,Portage City Precinct 3,Richard C. Fuller III,359
8,DEM Sheriff,Portage City Precinct 3,Write-in,0
8,DEM Sheriff,Portage City Precinct 4,Richard C. Fuller III,281
8,DEM Sheriff,Portage City Precinct 4,Write-in,0
8,DEM Sheriff,Portage City Precinct 5,Richard C. Fuller III,235
8,DEM Sheriff,Portage City Precinct 5,Write-in,0
8,DEM Sheriff,Portage City Precinct 6,Richard C. Fuller III,319
8,DEM Sheriff,Portage City Precinct 6,Write-in,1
8,DEM Sheriff,Portage City Precinct 7,Richard C. Fuller III,136
8,DEM Sheriff,Portage City Precinct 7,Write-in,0
8,DEM Sheriff,Portage City Precinct 8,Richard C. Fuller III,429
8,DEM Sheriff,Portage City Precinct 8,Write-in,0
8,DEM Sheriff,Portage City Precinct 9,Richard C. Fuller III,303
8,DEM Sheriff,Portage City Precinct 9,Write-in,0
8,DEM Sheriff,Portage City Precinct 10,Richard C. Fuller III,288
8,DEM Sheriff,Portage City Precinct 10,Write-in,0
8,DEM Sheriff,Portage City Precinct 11,Richard C. Fuller III,437
8,DEM Sheriff,Portage City Precinct 11,Write-in,0
8,DEM Sheriff,Portage City Precinct 12,Richard C. Fuller III,455
8,DEM Sheriff,Portage City Precinct 12,Write-in,4
8,DEM Sheriff,Portage City Precinct 13,Richard C. Fuller III,487
8,DEM Sheriff,Portage City Precinct 13,Write-in,1
8,DEM Sheriff,Portage City Precinct 14,Richard C. Fuller III,340
8,DEM Sheriff,Portage City Precinct 14,Write-in,1
8,DEM Sheriff,Portage City Precinct 15,Richard C. Fuller III,336
8,DEM Sheriff,Portage City Precinct 15,Write-in,0
8,DEM Sheriff,Portage City Precinct 16,Richard C. Fuller III,421
8,DEM Sheriff,Portage City Precinct 16,Write-in,5
8,DEM Sheriff,Portage City Precinct 17,Richard C. Fuller III,334
8,DEM Sheriff,Portage City Precinct 17,Write-in,1
8,DEM Sheriff,Portage City Precinct 18,Richard C. Fuller III,360
8,DEM Sheriff,Portage City Precinct 18,Write-in,0
8,DEM Sheriff,Portage City Precinct 19,Richard C. Fuller III,348
8,DEM Sheriff,Portage City Precinct 19,Write-in,3
8,DEM Sheriff,Portage City Precinct 20,Richard C. Fuller III,322
8,DEM Sheriff,Portage City Precinct 20,Write-in,0
9,DEM Clerk and Register of Deeds,Alamo 1,Doreen Gardner,29
9,DEM Clerk and Register of Deeds,Alamo 1,Sarah O. Joshi,30
9,DEM Clerk and Register of Deeds,Alamo 1,Meredith Place,31
9,DEM Clerk and Register of Deeds,Alamo 1,Write-in,1
9,DEM Clerk and Register of Deeds,Alamo Township Precinct 2,Doreen Gardner,45
9,DEM Clerk and Register of Deeds,Alamo Township Precinct 2,Sarah O. Joshi,62
9,DEM Clerk and Register of Deeds,Alamo Township Precinct 2,Meredith Place,70
9,DEM Clerk and Register of Deeds,Alamo Township Precinct 2,Write-in,0
9,DEM Clerk and Register of Deeds,Brady Township Precinct 1,Doreen Gardner,45
9,DEM Clerk and Register of Deeds,Brady Township Precinct 1,Sarah O. Joshi,45
9,DEM Clerk and Register of Deeds,Brady Township Precinct 1,Meredith Place,86
9,DEM Clerk and Register of Deeds,Brady Township Precinct 1,Write-in,1
9,DEM Clerk and Register of Deeds,Brady Township Precinct 2,Doreen Gardner,40
9,DEM Clerk and Register of Deeds,Brady Township Precinct 2,Sarah O. Joshi,39
9,DEM Clerk and Register of Deeds,Brady Township Precinct 2,Meredith Place,45
9,DEM Clerk and Register of Deeds,Brady Township Precinct 2,Write-in,0
9,DEM Clerk and Register of Deeds,Charleston Township Precinct 1,Doreen Gardner,79
9,DEM Clerk and Register of Deeds,Charleston Township Precinct 1,Sarah O. Joshi,89
9,DEM Clerk and Register of Deeds,Charleston Township Precinct 1,Meredith Place,112
9,DEM Clerk and Register of Deeds,Charleston Township Precinct 1,Write-in,0
9,DEM Clerk and Register of Deeds,Climax Township Precinct 1,Doreen Gardner,99
9,DEM Clerk and Register of Deeds,Climax Township Precinct 1,Sarah O. Joshi,133
9,DEM Clerk and Register of Deeds,Climax Township Precinct 1,Meredith Place,105
9,DEM Clerk and Register of Deeds,Climax Township Precinct 1,Write-in,0
9,DEM Clerk and Register of Deeds,Comstock Township Precinct 1,Doreen Gardner,64
9,DEM Clerk and Register of Deeds,Comstock Township Precinct 1,Sarah O. Joshi,85
9,DEM Clerk and Register of Deeds,Comstock Township Precinct 1,Meredith Place,74
9,DEM Clerk and Register of Deeds,Comstock Township Precinct 1,Write-in,0
9,DEM Clerk and Register of Deeds,Comstock Township Precinct 2,Doreen Gardner,87
9,DEM Clerk and Register of Deeds,Comstock Township Precinct 2,Sarah O. Joshi,89
9,DEM Clerk and Register of Deeds,Comstock Township Precinct 2,Meredith Place,110
9,DEM Clerk and Register of Deeds,Comstock Township Precinct 2,Write-in,2
9,DEM Clerk and Register of Deeds,Comstock Township Precinct 3,Doreen Gardner,79
9,DEM Clerk and Register of Deeds,Comstock Township Precinct 3,Sarah O. Joshi,60
9,DEM Clerk and Register of Deeds,Comstock Township Precinct 3,Meredith Place,74
9,DEM Clerk and Register of Deeds,Comstock Township Precinct 3,Write-in,0
9,DEM Clerk and Register of Deeds,Comstock Township Precinct 4,Doreen Gardner,68
9,DEM Clerk and Register of Deeds,Comstock Township Precinct 4,Sarah O. Joshi,70
9,DEM Clerk and Register of Deeds,Comstock Township Precinct 4,Meredith Place,83
9,DEM Clerk and Register of Deeds,Comstock Township Precinct 4,Write-in,0
9,DEM Clerk and Register of Deeds,Comstock Township Precinct 5,Doreen Gardner,111
9,DEM Clerk and Register of Deeds,Comstock Township Precinct 5,Sarah O. Joshi,85
9,DEM Clerk and Register of Deeds,Comstock Township Precinct 5,Meredith Place,89
9,DEM Clerk and Register of Deeds,Comstock Township Precinct 5,Write-in,2
9,DEM Clerk and Register of Deeds,Comstock Township Precinct 6,Doreen Gardner,87
9,DEM Clerk and Register of Deeds,Comstock Township Precinct 6,Sarah O. Joshi,67
9,DEM Clerk and Register of Deeds,Comstock Township Precinct 6,Meredith Place,71
9,DEM Clerk and Register of Deeds,Comstock Township Precinct 6,Write-in,1
9,DEM Clerk and Register of Deeds,Comstock Township Precinct 7,Doreen Gardner,100
9,DEM Clerk and Register of Deeds,Comstock Township Precinct 7,Sarah O. Joshi,68
9,DEM Clerk and Register of Deeds,Comstock Township Precinct 7,Meredith Place,69
9,DEM Clerk and Register of Deeds,Comstock Township Precinct 7,Write-in,0
9,DEM Clerk and Register of Deeds,Cooper Township Precinct 1,Doreen Gardner,40
9,DEM Clerk and Register of Deeds,Cooper Township Precinct 1,Sarah O. Joshi,58
9,DEM Clerk and Register of Deeds,Cooper Township Precinct 1,Meredith Place,49
9,DEM Clerk and Register of Deeds,Cooper Township Precinct 1,Write-in,1
9,DEM Clerk and Register of Deeds,Cooper Township Precinct 2,Doreen Gardner,47
9,DEM Clerk and Register of Deeds,Cooper Township Precinct 2,Sarah O. Joshi,63
9,DEM Clerk and Register of Deeds,Cooper Township Precinct 2,Meredith Place,59
9,DEM Clerk and Register of Deeds,Cooper Township Precinct 2,Write-in,1
9,DEM Clerk and Register of Deeds,Cooper Township Precinct 3,Doreen Gardner,113
9,DEM Clerk and Register of Deeds,Cooper Township Precinct 3,Sarah O. Joshi,98
9,DEM Clerk and Register of Deeds,Cooper Township Precinct 3,Meredith Place,97
9,DEM Clerk and Register of Deeds,Cooper Township Precinct 3,Write-in,2
9,DEM Clerk and Register of Deeds,Cooper Township Precinct 4,Doreen Gardner,75
9,DEM Clerk and Register of Deeds,Cooper Township Precinct 4,Sarah O. Joshi,126
9,DEM Clerk and Register of Deeds,Cooper Township Precinct 4,Meredith Place,113
9,DEM Clerk and Register of Deeds,Cooper Township Precinct 4,Write-in,1
9,DEM Clerk and Register of Deeds,Cooper Township Precinct 5,Doreen Gardner,26
9,DEM Clerk and Register of Deeds,Cooper Township Precinct 5,Sarah O. Joshi,14
9,DEM Clerk and Register of Deeds,Cooper Township Precinct 5,Meredith Place,37
9,DEM Clerk and Register of Deeds,Cooper Township Precinct 5,Write-in,0
9,DEM Clerk and Register of Deeds,Kalamazoo Township Precinct 1,Doreen Gardner,17
9,DEM Clerk and Register of Deeds,Kalamazoo Township Precinct 1,Sarah O. Joshi,8
9,DEM Clerk and Register of Deeds,Kalamazoo Township Precinct 1,Meredith Place,19
9,DEM Clerk and Register of Deeds,Kalamazoo Township Precinct 1,Write-in,0
9,DEM Clerk and Register of Deeds,Kalamazoo Township Precinct 2,Doreen Gardner,70
9,DEM Clerk and Register of Deeds,Kalamazoo Township Precinct 2,Sarah O. Joshi,61
9,DEM Clerk and Register of Deeds,Kalamazoo Township Precinct 2,Meredith Place,60
9,DEM Clerk and Register of Deeds,Kalamazoo Township Precinct 2,Write-in,0
9,DEM Clerk and Register of Deeds,Kalamazoo Township Precinct 3,Doreen Gardner,341
9,DEM Clerk and Register of Deeds,Kalamazoo Township Precinct 3,Sarah O. Joshi,125
9,DEM Clerk and Register of Deeds,Kalamazoo Township Precinct 3,Meredith Place,231
9,DEM Clerk and Register of Deeds,Kalamazoo Township Precinct 3,Write-in,1
9,DEM Clerk and Register of Deeds,Kalamazoo Township Precinct 4,Doreen Gardner,174
9,DEM Clerk and Register of Deeds,Kalamazoo Township Precinct 4,Sarah O. Joshi,106
9,DEM Clerk and Register of Deeds,Kalamazoo Township Precinct 4,Meredith Place,178
9,DEM Clerk and Register of Deeds,Kalamazoo Township Precinct 4,Write-in,4
9,DEM Clerk and Register of Deeds,Kalamazoo Township Precinct 5,Doreen Gardner,153
9,DEM Clerk and Register of Deeds,Kalamazoo Township Precinct 5,Sarah O. Joshi,94
9,DEM Clerk and Register of Deeds,Kalamazoo Township Precinct 5,Meredith Place,134
9,DEM Clerk and Register of Deeds,Kalamazoo Township Precinct 5,Write-in,1
9,DEM Clerk and Register of Deeds,Kalamazoo Township Precinct 6,Doreen Gardner,150
9,DEM Clerk and Register of Deeds,Kalamazoo Township Precinct 6,Sarah O. Joshi,94
9,DEM Clerk and Register of Deeds,Kalamazoo Township Precinct 6,Meredith Place,154
9,DEM Clerk and Register of Deeds,Kalamazoo Township Precinct 6,Write-in,0
9,DEM Clerk and Register of Deeds,Kalamazoo Township Precinct 7,Doreen Gardner,330
9,DEM Clerk and Register of Deeds,Kalamazoo Township Precinct 7,Sarah O. Joshi,130
9,DEM Clerk and Register of Deeds,Kalamazoo Township Precinct 7,Meredith Place,126
9,DEM Clerk and Register of Deeds,Kalamazoo Township Precinct 7,Write-in,0
9,DEM Clerk and Register of Deeds,Kalamazoo Township Precinct 8,Doreen Gardner,141
9,DEM Clerk and Register of Deeds,Kalamazoo Township Precinct 8,Sarah O. Joshi,60
9,DEM Clerk and Register of Deeds,Kalamazoo Township Precinct 8,Meredith Place,83
9,DEM Clerk and Register of Deeds,Kalamazoo Township Precinct 8,Write-in,0
9,DEM Clerk and Register of Deeds,Kalamazoo Township Precinct 9,Doreen Gardner,109
9,DEM Clerk and Register of Deeds,Kalamazoo Township Precinct 9,Sarah O. Joshi,39
9,DEM Clerk and Register of Deeds,Kalamazoo Township Precinct 9,Meredith Place,70
9,DEM Clerk and Register of Deeds,Kalamazoo Township Precinct 9,Write-in,2
9,DEM Clerk and Register of Deeds,Kalamazoo Township Precinct 10,Doreen Gardner,157
9,DEM Clerk and Register of Deeds,Kalamazoo Township Precinct 10,Sarah O. Joshi,79
9,DEM Clerk and Register of Deeds,Kalamazoo Township Precinct 10,Meredith Place,90
9,DEM Clerk and Register of Deeds,Kalamazoo Township Precinct 10,Write-in,0
9,DEM Clerk and Register of Deeds,Oshtemo Township Precinct 1,Doreen Gardner,67
9,DEM Clerk and Register of Deeds,Oshtemo Township Precinct 1,Sarah O. Joshi,101
9,DEM Clerk and Register of Deeds,Oshtemo Township Precinct 1,Meredith Place,93
9,DEM Clerk and Register of Deeds,Oshtemo Township Precinct 1,Write-in,3
9,DEM Clerk and Register of Deeds,Oshtemo Township Precinct 2,Doreen Gardner,123
9,DEM Clerk and Register of Deeds,Oshtemo Township Precinct 2,Sarah O. Joshi,167
9,DEM Clerk and Register of Deeds,Oshtemo Township Precinct 2,Meredith Place,200
9,DEM Clerk and Register of Deeds,Oshtemo Township Precinct 2,Write-in,0
9,DEM Clerk and Register of Deeds,Oshtemo Township Precinct 3,Doreen Gardner,230
9,DEM Clerk and Register of Deeds,Oshtemo Township Precinct 3,Sarah O. Joshi,143
9,DEM Clerk and Register of Deeds,Oshtemo Township Precinct 3,Meredith Place,169
9,DEM Clerk and Register of Deeds,Oshtemo Township Precinct 3,Write-in,0
9,DEM Clerk and Register of Deeds,Oshtemo Township Precinct 4,Doreen Gardner,165
9,DEM Clerk and Register of Deeds,Oshtemo Township Precinct 4,Sarah O. Joshi,122
9,DEM Clerk and Register of Deeds,Oshtemo Township Precinct 4,Meredith Place,169
9,DEM Clerk and Register of Deeds,Oshtemo Township Precinct 4,Write-in,0
9,DEM Clerk and Register of Deeds,Oshtemo Township Precinct 5,Doreen Gardner,124
9,DEM Clerk and Register of Deeds,Oshtemo Township Precinct 5,Sarah O. Joshi,39
9,DEM Clerk and Register of Deeds,Oshtemo Township Precinct 5,Meredith Place,85
9,DEM Clerk and Register of Deeds,Oshtemo Township Precinct 5,Write-in,1
9,DEM Clerk and Register of Deeds,Oshtemo Township Precinct 6,Doreen Gardner,143
9,DEM Clerk and Register of Deeds,Oshtemo Township Precinct 6,Sarah O. Joshi,121
9,DEM Clerk and Register of Deeds,Oshtemo Township Precinct 6,Meredith Place,105
9,DEM Clerk and Register of Deeds,Oshtemo Township Precinct 6,Write-in,2
9,DEM Clerk and Register of Deeds,Oshtemo Township Precinct 7,Doreen Gardner,134
9,DEM Clerk and Register of Deeds,Oshtemo Township Precinct 7,Sarah O. Joshi,83
9,DEM Clerk and Register of Deeds,Oshtemo Township Precinct 7,Meredith Place,110
9,DEM Clerk and Register of Deeds,Oshtemo Township Precinct 7,Write-in,3
9,DEM Clerk and Register of Deeds,Oshtemo Township Precinct 8,Doreen Gardner,71
9,DEM Clerk and Register of Deeds,Oshtemo Township Precinct 8,Sarah O. Joshi,35
9,DEM Clerk and Register of Deeds,Oshtemo Township Precinct 8,Meredith Place,75
9,DEM Clerk and Register of Deeds,Oshtemo Township Precinct 8,Write-in,1
9,DEM Clerk and Register of Deeds,Oshtemo Township Precinct 9,Doreen Gardner,172
9,DEM Clerk and Register of Deeds,Oshtemo Township Precinct 9,Sarah O. Joshi,129
9,DEM Clerk and Register of Deeds,Oshtemo Township Precinct 9,Meredith Place,126
9,DEM Clerk and Register of Deeds,Oshtemo Township Precinct 9,Write-in,3
9,DEM Clerk and Register of Deeds,Oshtemo Township Precinct 10,Doreen Gardner,44
9,DEM Clerk and Register of Deeds,Oshtemo Township Precinct 10,Sarah O. Joshi,54
9,DEM Clerk and Register of Deeds,Oshtemo Township Precinct 10,Meredith Place,91
9,DEM Clerk and Register of Deeds,Oshtemo Township Precinct 10,Write-in,0
9,DEM Clerk and Register of Deeds,Pavilion Township Precinct 1,Doreen Gardner,44
9,DEM Clerk and Register of Deeds,Pavilion Township Precinct 1,Sarah O. Joshi,59
9,DEM Clerk and Register of Deeds,Pavilion Township Precinct 1,Meredith Place,138
9,DEM Clerk and Register of Deeds,Pavilion Township Precinct 1,Write-in,0
9,DEM Clerk and Register of Deeds,Pavilion Township Precinct 2,Doreen Gardner,44
9,DEM Clerk and Register of Deeds,Pavilion Township Precinct 2,Sarah O. Joshi,31
9,DEM Clerk and Register of Deeds,Pavilion Township Precinct 2,Meredith Place,36
9,DEM Clerk and Register of Deeds,Pavilion Township Precinct 2,Write-in,0
9,DEM Clerk and Register of Deeds,Pavilion Township Precinct 3,Doreen Gardner,30
9,DEM Clerk and Register of Deeds,Pavilion Township Precinct 3,Sarah O. Joshi,30
9,DEM Clerk and Register of Deeds,Pavilion Township Precinct 3,Meredith Place,85
9,DEM Clerk and Register of Deeds,Pavilion Township Precinct 3,Write-in,1
9,DEM Clerk and Register of Deeds,Prairie Ronde Township Precinct 1,Doreen Gardner,45
9,DEM Clerk and Register of Deeds,Prairie Ronde Township Precinct 1,Sarah O. Joshi,63
9,DEM Clerk and Register of Deeds,Prairie Ronde Township Precinct 1,Meredith Place,70
9,DEM Clerk and Register of Deeds,Prairie Ronde Township Precinct 1,Write-in,2
9,DEM Clerk and Register of Deeds,Richland Township Precinct 1,Doreen Gardner,109
9,DEM Clerk and Register of Deeds,Richland Township Precinct 1,Sarah O. Joshi,103
9,DEM Clerk and Register of Deeds,Richland Township Precinct 1,Meredith Place,119
9,DEM Clerk and Register of Deeds,Richland Township Precinct 1,Write-in,1
9,DEM Clerk and Register of Deeds,Richland Township Precinct 2,Doreen Gardner,32
9,DEM Clerk and Register of Deeds,Richland Township Precinct 2,Sarah O. Joshi,92
9,DEM Clerk and Register of Deeds,Richland Township Precinct 2,Meredith Place,74
9,DEM Clerk and Register of Deeds,Richland Township Precinct 2,Write-in,1
9,DEM Clerk and Register of Deeds,Richland Township Precinct 3,Doreen Gardner,105
9,DEM Clerk and Register of Deeds,Richland Township Precinct 3,Sarah O. Joshi,105
9,DEM Clerk and Register of Deeds,Richland Township Precinct 3,Meredith Place,148
9,DEM Clerk and Register of Deeds,Richland Township Precinct 3,Write-in,2
9,DEM Clerk and Register of Deeds,Ross Township Precinct 1,Doreen Gardner,79
9,DEM Clerk and Register of Deeds,Ross Township Precinct 1,Sarah O. Joshi,71
9,DEM Clerk and Register of Deeds,Ross Township Precinct 1,Meredith Place,74
9,DEM Clerk and Register of Deeds,Ross Township Precinct 1,Write-in,0
9,DEM Clerk and Register of Deeds,Ross Township Precinct 2,Doreen Gardner,45
9,DEM Clerk and Register of Deeds,Ross Township Precinct 2,Sarah O. Joshi,85
9,DEM Clerk and Register of Deeds,Ross Township Precinct 2,Meredith Place,97
9,DEM Clerk and Register of Deeds,Ross Township Precinct 2,Write-in,0
9,DEM Clerk and Register of Deeds,Schoolcraft Township Precinct 1,Doreen Gardner,51
9,DEM Clerk and Register of Deeds,Schoolcraft Township Precinct 1,Sarah O. Joshi,53
9,DEM Clerk and Register of Deeds,Schoolcraft Township Precinct 1,Meredith Place,104
9,DEM Clerk and Register of Deeds,Schoolcraft Township Precinct 1,Write-in,2
9,DEM Clerk and Register of Deeds,Schoolcraft Township Precinct 2,Doreen Gardner,31
9,DEM Clerk and Register of Deeds,Schoolcraft Township Precinct 2,Sarah O. Joshi,39
9,DEM Clerk and Register of Deeds,Schoolcraft Township Precinct 2,Meredith Place,54
9,DEM Clerk and Register of Deeds,Schoolcraft Township Precinct 2,Write-in,0
9,DEM Clerk and Register of Deeds,Schoolcraft Township Precinct 3,Doreen Gardner,71
9,DEM Clerk and Register of Deeds,Schoolcraft Township Precinct 3,Sarah O. Joshi,114
9,DEM Clerk and Register of Deeds,Schoolcraft Township Precinct 3,Meredith Place,144
9,DEM Clerk and Register of Deeds,Schoolcraft Township Precinct 3,Write-in,1
9,DEM Clerk and Register of Deeds,Schoolcraft Township Precinct 4,Doreen Gardner,27
9,DEM Clerk and Register of Deeds,Schoolcraft Township Precinct 4,Sarah O. Joshi,33
9,DEM Clerk and Register of Deeds,Schoolcraft Township Precinct 4,Meredith Place,52
9,DEM Clerk and Register of Deeds,Schoolcraft Township Precinct 4,Write-in,1
9,DEM Clerk and Register of Deeds,Texas Township Precinct 1,Doreen Gardner,70
9,DEM Clerk and Register of Deeds,Texas Township Precinct 1,Sarah O. Joshi,80
9,DEM Clerk and Register of Deeds,Texas Township Precinct 1,Meredith Place,133
9,DEM Clerk and Register of Deeds,Texas Township Precinct 1,Write-in,1
9,DEM Clerk and Register of Deeds,Texas Township Precinct 2,Doreen Gardner,46
9,DEM Clerk and Register of Deeds,Texas Township Precinct 2,Sarah O. Joshi,90
9,DEM Clerk and Register of Deeds,Texas Township Precinct 2,Meredith Place,86
9,DEM Clerk and Register of Deeds,Texas Township Precinct 2,Write-in,0
9,DEM Clerk and Register of Deeds,Texas Township Precinct 3,Doreen Gardner,106
9,DEM Clerk and Register of Deeds,Texas Township Precinct 3,Sarah O. Joshi,73
9,DEM Clerk and Register of Deeds,Texas Township Precinct 3,Meredith Place,145
9,DEM Clerk and Register of Deeds,Texas Township Precinct 3,Write-in,1
9,DEM Clerk and Register of Deeds,Texas Township Precinct 4,Doreen Gardner,124
9,DEM Clerk and Register of Deeds,Texas Township Precinct 4,Sarah O. Joshi,110
9,DEM Clerk and Register of Deeds,Texas Township Precinct 4,Meredith Place,167
9,DEM Clerk and Register of Deeds,Texas Township Precinct 4,Write-in,3
9,DEM Clerk and Register of Deeds,Texas Township Precinct 5,Doreen Gardner,95
9,DEM Clerk and Register of Deeds,Texas Township Precinct 5,Sarah O. Joshi,176
9,DEM Clerk and Register of Deeds,Texas Township Precinct 5,Meredith Place,193
9,DEM Clerk and Register of Deeds,Texas Township Precinct 5,Write-in,0
9,DEM Clerk and Register of Deeds,Texas Township Precinct 6,Doreen Gardner,70
9,DEM Clerk and Register of Deeds,Texas Township Precinct 6,Sarah O. Joshi,115
9,DEM Clerk and Register of Deeds,Texas Township Precinct 6,Meredith Place,182
9,DEM Clerk and Register of Deeds,Texas Township Precinct 6,Write-in,0
9,DEM Clerk and Register of Deeds,Wakeshma Township Precinct 1,Doreen Gardner,18
9,DEM Clerk and Register of Deeds,Wakeshma Township Precinct 1,Sarah O. Joshi,25
9,DEM Clerk and Register of Deeds,Wakeshma Township Precinct 1,Meredith Place,20
9,DEM Clerk and Register of Deeds,Wakeshma Township Precinct 1,Write-in,0
9,DEM Clerk and Register of Deeds,Galesburg City Precinct 1,Doreen Gardner,31
9,DEM Clerk and Register of Deeds,Galesburg City Precinct 1,Sarah O. Joshi,44
9,DEM Clerk and Register of Deeds,Galesburg City Precinct 1,Meredith Place,46
9,DEM Clerk and Register of Deeds,Galesburg City Precinct 1,Write-in,0
9,DEM Clerk and Register of Deeds,Kalamazoo City Precinct 1,Doreen Gardner,135
9,DEM Clerk and Register of Deeds,Kalamazoo City Precinct 1,Sarah O. Joshi,99
9,DEM Clerk and Register of Deeds,Kalamazoo City Precinct 1,Meredith Place,145
9,DEM Clerk and Register of Deeds,Kalamazoo City Precinct 1,Write-in,1
9,DEM Clerk and Register of Deeds,Kalamazoo City Precinct 2,Doreen Gardner,48
9,DEM Clerk and Register of Deeds,Kalamazoo City Precinct 2,Sarah O. Joshi,45
9,DEM Clerk and Register of Deeds,Kalamazoo City Precinct 2,Meredith Place,81
9,DEM Clerk and Register of Deeds,Kalamazoo City Precinct 2,Write-in,1
9,DEM Clerk and Register of Deeds,Kalamazoo City Precinct 3,Doreen Gardner,108
9,DEM Clerk and Register of Deeds,Kalamazoo City Precinct 3,Sarah O. Joshi,83
9,DEM Clerk and Register of Deeds,Kalamazoo City Precinct 3,Meredith Place,142
9,DEM Clerk and Register of Deeds,Kalamazoo City Precinct 3,Write-in,3
9,DEM Clerk and Register of Deeds,Kalamazoo City Precinct 4,Doreen Gardner,27
9,DEM Clerk and Register of Deeds,Kalamazoo City Precinct 4,Sarah O. Joshi,14
9,DEM Clerk and Register of Deeds,Kalamazoo City Precinct 4,Meredith Place,30
9,DEM Clerk and Register of Deeds,Kalamazoo City Precinct 4,Write-in,2
9,DEM Clerk and Register of Deeds,Kalamazoo City Precinct 5,Doreen Gardner,199
9,DEM Clerk and Register of Deeds,Kalamazoo City Precinct 5,Sarah O. Joshi,159
9,DEM Clerk and Register of Deeds,Kalamazoo City Precinct 5,Meredith Place,174
9,DEM Clerk and Register of Deeds,Kalamazoo City Precinct 5,Write-in,0
9,DEM Clerk and Register of Deeds,Kalamazoo City Precinct 6,Doreen Gardner,196
9,DEM Clerk and Register of Deeds,Kalamazoo City Precinct 6,Sarah O. Joshi,160
9,DEM Clerk and Register of Deeds,Kalamazoo City Precinct 6,Meredith Place,136
9,DEM Clerk and Register of Deeds,Kalamazoo City Precinct 6,Write-in,0
9,DEM Clerk and Register of Deeds,Kalamazoo City Precinct 7,Doreen Gardner,185
9,DEM Clerk and Register of Deeds,Kalamazoo City Precinct 7,Sarah O. Joshi,90
9,DEM Clerk and Register of Deeds,Kalamazoo City Precinct 7,Meredith Place,159
9,DEM Clerk and Register of Deeds,Kalamazoo City Precinct 7,Write-in,1
9,DEM Clerk and Register of Deeds,Kalamazoo City Precinct 8,Doreen Gardner,230
9,DEM Clerk and Register of Deeds,Kalamazoo City Precinct 8,Sarah O. Joshi,33
9,DEM Clerk and Register of Deeds,Kalamazoo City Precinct 8,Meredith Place,20
9,DEM Clerk and Register of Deeds,Kalamazoo City Precinct 8,Write-in,2
9,DEM Clerk and Register of Deeds,Kalamazoo City Precinct 9,Doreen Gardner,324
9,DEM Clerk and Register of Deeds,Kalamazoo City Precinct 9,Sarah O. Joshi,25
9,DEM Clerk and Register of Deeds,Kalamazoo City Precinct 9,Meredith Place,26
9,DEM Clerk and Register of Deeds,Kalamazoo City Precinct 9,Write-in,2
9,DEM Clerk and Register of Deeds,Kalamazoo City Precinct 10,Doreen Gardner,193
9,DEM Clerk and Register of Deeds,Kalamazoo City Precinct 10,Sarah O. Joshi,92
9,DEM Clerk and Register of Deeds,Kalamazoo City Precinct 10,Meredith Place,153
9,DEM Clerk and Register of Deeds,Kalamazoo City Precinct 10,Write-in,2
9,DEM Clerk and Register of Deeds,Kalamazoo City Precinct 11,Doreen Gardner,212
9,DEM Clerk and Register of Deeds,Kalamazoo City Precinct 11,Sarah O. Joshi,37
9,DEM Clerk and Register of Deeds,Kalamazoo City Precinct 11,Meredith Place,36
9,DEM Clerk and Register of Deeds,Kalamazoo City Precinct 11,Write-in,1
9,DEM Clerk and Register of Deeds,Kalamazoo City Precinct 12,Doreen Gardner,111
9,DEM Clerk and Register of Deeds,Kalamazoo City Precinct 12,Sarah O. Joshi,149
9,DEM Clerk and Register of Deeds,Kalamazoo City Precinct 12,Meredith Place,249
9,DEM Clerk and Register of Deeds,Kalamazoo City Precinct 12,Write-in,1
9,DEM Clerk and Register of Deeds,Kalamazoo City Precinct 13,Doreen Gardner,82
9,DEM Clerk and Register of Deeds,Kalamazoo City Precinct 13,Sarah O. Joshi,27
9,DEM Clerk and Register of Deeds,Kalamazoo City Precinct 13,Meredith Place,31
9,DEM Clerk and Register of Deeds,Kalamazoo City Precinct 13,Write-in,0
9,DEM Clerk and Register of Deeds,Kalamazoo City Precinct 14,Doreen Gardner,94
9,DEM Clerk and Register of Deeds,Kalamazoo City Precinct 14,Sarah O. Joshi,48
9,DEM Clerk and Register of Deeds,Kalamazoo City Precinct 14,Meredith Place,49
9,DEM Clerk and Register of Deeds,Kalamazoo City Precinct 14,Write-in,0
9,DEM Clerk and Register of Deeds,Kalamazoo City Precinct 15,Doreen Gardner,172
9,DEM Clerk and Register of Deeds,Kalamazoo City Precinct 15,Sarah O. Joshi,60
9,DEM Clerk and Register of Deeds,Kalamazoo City Precinct 15,Meredith Place,112
9,DEM Clerk and Register of Deeds,Kalamazoo City Precinct 15,Write-in,4
9,DEM Clerk and Register of Deeds,Kalamazoo City Precinct 16,Doreen Gardner,125
9,DEM Clerk and Register of Deeds,Kalamazoo City Precinct 16,Sarah O. Joshi,124
9,DEM Clerk and Register of Deeds,Kalamazoo City Precinct 16,Meredith Place,167
9,DEM Clerk and Register of Deeds,Kalamazoo City Precinct 16,Write-in,4
9,DEM Clerk and Register of Deeds,Kalamazoo City Precinct 17,Doreen Gardner,152
9,DEM Clerk and Register of Deeds,Kalamazoo City Precinct 17,Sarah O. Joshi,74
9,DEM Clerk and Register of Deeds,Kalamazoo City Precinct 17,Meredith Place,134
9,DEM Clerk and Register of Deeds,Kalamazoo City Precinct 17,Write-in,0
9,DEM Clerk and Register of Deeds,Kalamazoo City Precinct 18,Doreen Gardner,92
9,DEM Clerk and Register of Deeds,Kalamazoo City Precinct 18,Sarah O. Joshi,85
9,DEM Clerk and Register of Deeds,Kalamazoo City Precinct 18,Meredith Place,153
9,DEM Clerk and Register of Deeds,Kalamazoo City Precinct 18,Write-in,4
9,DEM Clerk and Register of Deeds,Kalamazoo City Precinct 19,Doreen Gardner,128
9,DEM Clerk and Register of Deeds,Kalamazoo City Precinct 19,Sarah O. Joshi,80
9,DEM Clerk and Register of Deeds,Kalamazoo City Precinct 19,Meredith Place,152
9,DEM Clerk and Register of Deeds,Kalamazoo City Precinct 19,Write-in,0
9,DEM Clerk and Register of Deeds,Kalamazoo City Precinct 20,Doreen Gardner,180
9,DEM Clerk and Register of Deeds,Kalamazoo City Precinct 20,Sarah O. Joshi,212
9,DEM Clerk and Register of Deeds,Kalamazoo City Precinct 20,Meredith Place,312
9,DEM Clerk and Register of Deeds,Kalamazoo City Precinct 20,Write-in,2
9,DEM Clerk and Register of Deeds,Kalamazoo City Precinct 21,Doreen Gardner,108
9,DEM Clerk and Register of Deeds,Kalamazoo City Precinct 21,Sarah O. Joshi,194
9,DEM Clerk and Register of Deeds,Kalamazoo City Precinct 21,Meredith Place,246
9,DEM Clerk and Register of Deeds,Kalamazoo City Precinct 21,Write-in,0
9,DEM Clerk and Register of Deeds,Kalamazoo City Precinct 22,Doreen Gardner,167
9,DEM Clerk and Register of Deeds,Kalamazoo City Precinct 22,Sarah O. Joshi,128
9,DEM Clerk and Register of Deeds,Kalamazoo City Precinct 22,Meredith Place,231
9,DEM Clerk and Register of Deeds,Kalamazoo City Precinct 22,Write-in,2
9,DEM Clerk and Register of Deeds,Kalamazoo City Precinct 23,Doreen Gardner,88
9,DEM Clerk and Register of Deeds,Kalamazoo City Precinct 23,Sarah O. Joshi,64
9,DEM Clerk and Register of Deeds,Kalamazoo City Precinct 23,Meredith Place,94
9,DEM Clerk and Register of Deeds,Kalamazoo City Precinct 23,Write-in,0
9,DEM Clerk and Register of Deeds,Kalamazoo City Precinct 24,Doreen Gardner,109
9,DEM Clerk and Register of Deeds,Kalamazoo City Precinct 24,Sarah O. Joshi,84
9,DEM Clerk and Register of Deeds,Kalamazoo City Precinct 24,Meredith Place,116
9,DEM Clerk and Register of Deeds,Kalamazoo City Precinct 24,Write-in,0
9,DEM Clerk and Register of Deeds,Kalamazoo City Precinct 25,Doreen Gardner,87
9,DEM Clerk and Register of Deeds,Kalamazoo City Precinct 25,Sarah O. Joshi,127
9,DEM Clerk and Register of Deeds,Kalamazoo City Precinct 25,Meredith Place,235
9,DEM Clerk and Register of Deeds,Kalamazoo City Precinct 25,Write-in,1
9,DEM Clerk and Register of Deeds,Kalamazoo City Precinct 26,Doreen Gardner,153
9,DEM Clerk and Register of Deeds,Kalamazoo City Precinct 26,Sarah O. Joshi,153
9,DEM Clerk and Register of Deeds,Kalamazoo City Precinct 26,Meredith Place,191
9,DEM Clerk and Register of Deeds,Kalamazoo City Precinct 26,Write-in,1
9,DEM Clerk and Register of Deeds,Kalamazoo City Precinct 27,Doreen Gardner,82
9,DEM Clerk and Register of Deeds,Kalamazoo City Precinct 27,Sarah O. Joshi,51
9,DEM Clerk and Register of Deeds,Kalamazoo City Precinct 27,Meredith Place,95
9,DEM Clerk and Register of Deeds,Kalamazoo City Precinct 27,Write-in,1
9,DEM Clerk and Register of Deeds,Parchment City Precinct 1,Doreen Gardner,73
9,DEM Clerk and Register of Deeds,Parchment City Precinct 1,Sarah O. Joshi,56
9,DEM Clerk and Register of Deeds,Parchment City Precinct 1,Meredith Place,94
9,DEM Clerk and Register of Deeds,Parchment City Precinct 1,Write-in,0
9,DEM Clerk and Register of Deeds,Portage City Precinct 1,Doreen Gardner,108
9,DEM Clerk and Register of Deeds,Portage City Precinct 1,Sarah O. Joshi,63
9,DEM Clerk and Register of Deeds,Portage City Precinct 1,Meredith Place,98
9,DEM Clerk and Register of Deeds,Portage City Precinct 1,Write-in,0
9,DEM Clerk and Register of Deeds,Portage City Precinct 2,Doreen Gardner,57
9,DEM Clerk and Register of Deeds,Portage City Precinct 2,Sarah O. Joshi,41
9,DEM Clerk and Register of Deeds,Portage City Precinct 2,Meredith Place,100
9,DEM Clerk and Register of Deeds,Portage City Precinct 2,Write-in,1
9,DEM Clerk and Register of Deeds,Portage City Precinct 3,Doreen Gardner,77
9,DEM Clerk and Register of Deeds,Portage City Precinct 3,Sarah O. Joshi,73
9,DEM Clerk and Register of Deeds,Portage City Precinct 3,Meredith Place,203
9,DEM Clerk and Register of Deeds,Portage City Precinct 3,Write-in,0
9,DEM Clerk and Register of Deeds,Portage City Precinct 4,Doreen Gardner,45
9,DEM Clerk and Register of Deeds,Portage City Precinct 4,Sarah O. Joshi,76
9,DEM Clerk and Register of Deeds,Portage City Precinct 4,Meredith Place,150
9,DEM Clerk and Register of Deeds,Portage City Precinct 4,Write-in,0
9,DEM Clerk and Register of Deeds,Portage City Precinct 5,Doreen Gardner,38
9,DEM Clerk and Register of Deeds,Portage City Precinct 5,Sarah O. Joshi,47
9,DEM Clerk and Register of Deeds,Portage City Precinct 5,Meredith Place,160
9,DEM Clerk and Register of Deeds,Portage City Precinct 5,Write-in,0
9,DEM Clerk and Register of Deeds,Portage City Precinct 6,Doreen Gardner,44
9,DEM Clerk and Register of Deeds,Portage City Precinct 6,Sarah O. Joshi,75
9,DEM Clerk and Register of Deeds,Portage City Precinct 6,Meredith Place,201
9,DEM Clerk and Register of Deeds,Portage City Precinct 6,Write-in,0
9,DEM Clerk and Register of Deeds,Portage City Precinct 7,Doreen Gardner,46
9,DEM Clerk and Register of Deeds,Portage City Precinct 7,Sarah O. Joshi,41
9,DEM Clerk and Register of Deeds,Portage City Precinct 7,Meredith Place,52
9,DEM Clerk and Register of Deeds,Portage City Precinct 7,Write-in,0
9,DEM Clerk and Register of Deeds,Portage City Precinct 8,Doreen Gardner,100
9,DEM Clerk and Register of Deeds,Portage City Precinct 8,Sarah O. Joshi,162
9,DEM Clerk and Register of Deeds,Portage City Precinct 8,Meredith Place,160
9,DEM Clerk and Register of Deeds,Portage City Precinct 8,Write-in,0
9,DEM Clerk and Register of Deeds,Portage City Precinct 9,Doreen Gardner,64
9,DEM Clerk and Register of Deeds,Portage City Precinct 9,Sarah O. Joshi,105
9,DEM Clerk and Register of Deeds,Portage City Precinct 9,Meredith Place,132
9,DEM Clerk and Register of Deeds,Portage City Precinct 9,Write-in,1
9,DEM Clerk and Register of Deeds,Portage City Precinct 10,Doreen Gardner,67
9,DEM Clerk and Register of Deeds,Portage City Precinct 10,Sarah O. Joshi,96
9,DEM Clerk and Register of Deeds,Portage City Precinct 10,Meredith Place,116
9,DEM Clerk and Register of Deeds,Portage City Precinct 10,Write-in,1
9,DEM Clerk and Register of Deeds,Portage City Precinct 11,Doreen Gardner,101
9,DEM Clerk and Register of Deeds,Portage City Precinct 11,Sarah O. Joshi,138
9,DEM Clerk and Register of Deeds,Portage City Precinct 11,Meredith Place,186
9,DEM Clerk and Register of Deeds,Portage City Precinct 11,Write-in,0
9,DEM Clerk and Register of Deeds,Portage City Precinct 12,Doreen Gardner,102
9,DEM Clerk and Register of Deeds,Portage City Precinct 12,Sarah O. Joshi,80
9,DEM Clerk and Register of Deeds,Portage City Precinct 12,Meredith Place,263
9,DEM Clerk and Register of Deeds,Portage City Precinct 12,Write-in,1
9,DEM Clerk and Register of Deeds,Portage City Precinct 13,Doreen Gardner,120
9,DEM Clerk and Register of Deeds,Portage City Precinct 13,Sarah O. Joshi,133
9,DEM Clerk and Register of Deeds,Portage City Precinct 13,Meredith Place,218
9,DEM Clerk and Register of Deeds,Portage City Precinct 13,Write-in,2
9,DEM Clerk and Register of Deeds,Portage City Precinct 14,Doreen Gardner,77
9,DEM Clerk and Register of Deeds,Portage City Precinct 14,Sarah O. Joshi,114
9,DEM Clerk and Register of Deeds,Portage City Precinct 14,Meredith Place,129
9,DEM Clerk and Register of Deeds,Portage City Precinct 14,Write-in,0
9,DEM Clerk and Register of Deeds,Portage City Precinct 15,Doreen Gardner,67
9,DEM Clerk and Register of Deeds,Portage City Precinct 15,Sarah O. Joshi,76
9,DEM Clerk and Register of Deeds,Portage City Precinct 15,Meredith Place,195
9,DEM Clerk and Register of Deeds,Portage City Precinct 15,Write-in,0
9,DEM Clerk and Register of Deeds,Portage City Precinct 16,Doreen Gardner,113
9,DEM Clerk and Register of Deeds,Portage City Precinct 16,Sarah O. Joshi,144
9,DEM Clerk and Register of Deeds,Portage City Precinct 16,Meredith Place,156
9,DEM Clerk and Register of Deeds,Portage City Precinct 16,Write-in,1
9,DEM Clerk and Register of Deeds,Portage City Precinct 17,Doreen Gardner,58
9,DEM Clerk and Register of Deeds,Portage City Precinct 17,Sarah O. Joshi,91
9,DEM Clerk and Register of Deeds,Portage City Precinct 17,Meredith Place,180
9,DEM Clerk and Register of Deeds,Portage City Precinct 17,Write-in,0
9,DEM Clerk and Register of Deeds,Portage City Precinct 18,Doreen Gardner,83
9,DEM Clerk and Register of Deeds,Portage City Precinct 18,Sarah O. Joshi,99
9,DEM Clerk and Register of Deeds,Portage City Precinct 18,Meredith Place,161
9,DEM Clerk and Register of Deeds,Portage City Precinct 18,Write-in,0
9,DEM Clerk and Register of Deeds,Portage City Precinct 19,Doreen Gardner,81
9,DEM Clerk and Register of Deeds,Portage City Precinct 19,Sarah O. Joshi,93
9,DEM Clerk and Register of Deeds,Portage City Precinct 19,Meredith Place,179
9,DEM Clerk and Register of Deeds,Portage City Precinct 19,Write-in,0
9,DEM Clerk and Register of Deeds,Portage City Precinct 20,Doreen Gardner,60
9,DEM Clerk and Register of Deeds,Portage City Precinct 20,Sarah O. Joshi,93
9,DEM Clerk and Register of Deeds,Portage City Precinct 20,Meredith Place,167
9,DEM Clerk and Register of Deeds,Portage City Precinct 20,Write-in,0
10,DEM Treasurer,Alamo 1,Thomas Whitener,97
10,DEM Treasurer,Alamo 1,Write-in,0
10,DEM Treasurer,Alamo Township Precinct 2,Thomas Whitener,181
10,DEM Treasurer,Alamo Township Precinct 2,Write-in,1
10,DEM Treasurer,Brady Township Precinct 1,Thomas Whitener,167
10,DEM Treasurer,Brady Township Precinct 1,Write-in,0
10,DEM Treasurer,Brady Township Precinct 2,Thomas Whitener,120
10,DEM Treasurer,Brady Township Precinct 2,Write-in,0
10,DEM Treasurer,Charleston Township Precinct 1,Thomas Whitener,268
10,DEM Treasurer,Charleston Township Precinct 1,Write-in,0
10,DEM Treasurer,Climax Township Precinct 1,Thomas Whitener,306
10,DEM Treasurer,Climax Township Precinct 1,Write-in,0
10,DEM Treasurer,Comstock Township Precinct 1,Thomas Whitener,220
10,DEM Treasurer,Comstock Township Precinct 1,Write-in,1
10,DEM Treasurer,Comstock Township Precinct 2,Thomas Whitener,276
10,DEM Treasurer,Comstock Township Precinct 2,Write-in,1
10,DEM Treasurer,Comstock Township Precinct 3,Thomas Whitener,211
10,DEM Treasurer,Comstock Township Precinct 3,Write-in,1
10,DEM Treasurer,Comstock Township Precinct 4,Thomas Whitener,226
10,DEM Treasurer,Comstock Township Precinct 4,Write-in,0
10,DEM Treasurer,Comstock Township Precinct 5,Thomas Whitener,274
10,DEM Treasurer,Comstock Township Precinct 5,Write-in,0
10,DEM Treasurer,Comstock Township Precinct 6,Thomas Whitener,217
10,DEM Treasurer,Comstock Township Precinct 6,Write-in,1
10,DEM Treasurer,Comstock Township Precinct 7,Thomas Whitener,226
10,DEM Treasurer,Comstock Township Precinct 7,Write-in,4
10,DEM Treasurer,Cooper Township Precinct 1,Thomas Whitener,151
10,DEM Treasurer,Cooper Township Precinct 1,Write-in,1
10,DEM Treasurer,Cooper Township Precinct 2,Thomas Whitener,172
10,DEM Treasurer,Cooper Township Precinct 2,Write-in,1
10,DEM Treasurer,Cooper Township Precinct 3,Thomas Whitener,310
10,DEM Treasurer,Cooper Township Precinct 3,Write-in,1
10,DEM Treasurer,Cooper Township Precinct 4,Thomas Whitener,314
10,DEM Treasurer,Cooper Township Precinct 4,Write-in,0
10,DEM Treasurer,Cooper Township Precinct 5,Thomas Whitener,79
10,DEM Treasurer,Cooper Township Precinct 5,Write-in,0
10,DEM Treasurer,Kalamazoo Township Precinct 1,Thomas Whitener,40
10,DEM Treasurer,Kalamazoo Township Precinct 1,Write-in,0
10,DEM Treasurer,Kalamazoo Township Precinct 2,Thomas Whitener,180
10,DEM Treasurer,Kalamazoo Township Precinct 2,Write-in,0
10,DEM Treasurer,Kalamazoo Township Precinct 3,Thomas Whitener,648
10,DEM Treasurer,Kalamazoo Township Precinct 3,Write-in,6
10,DEM Treasurer,Kalamazoo Township Precinct 4,Thomas Whitener,437
10,DEM Treasurer,Kalamazoo Township Precinct 4,Write-in,6
10,DEM Treasurer,Kalamazoo Township Precinct 5,Thomas Whitener,344
10,DEM Treasurer,Kalamazoo Township Precinct 5,Write-in,2
10,DEM Treasurer,Kalamazoo Township Precinct 6,Thomas Whitener,375
10,DEM Treasurer,Kalamazoo Township Precinct 6,Write-in,0
10,DEM Treasurer,Kalamazoo Township Precinct 7,Thomas Whitener,540
10,DEM Treasurer,Kalamazoo Township Precinct 7,Write-in,0
10,DEM Treasurer,Kalamazoo Township Precinct 8,Thomas Whitener,264
10,DEM Treasurer,Kalamazoo Township Precinct 8,Write-in,0
10,DEM Treasurer,Kalamazoo Township Precinct 9,Thomas Whitener,200
10,DEM Treasurer,Kalamazoo Township Precinct 9,Write-in,3
10,DEM Treasurer,Kalamazoo Township Precinct 10,Thomas Whitener,318
10,DEM Treasurer,Kalamazoo Township Precinct 10,Write-in,5
10,DEM Treasurer,Oshtemo Township Precinct 1,Thomas Whitener,259
10,DEM Treasurer,Oshtemo Township Precinct 1,Write-in,2
10,DEM Treasurer,Oshtemo Township Precinct 2,Thomas Whitener,456
10,DEM Treasurer,Oshtemo Township Precinct 2,Write-in,1
10,DEM Treasurer,Oshtemo Township Precinct 3,Thomas Whitener,512
10,DEM Treasurer,Oshtemo Township Precinct 3,Write-in,1
10,DEM Treasurer,Oshtemo Township Precinct 4,Thomas Whitener,456
10,DEM Treasurer,Oshtemo Township Precinct 4,Write-in,4
10,DEM Treasurer,Oshtemo Township Precinct 5,Thomas Whitener,236
10,DEM Treasurer,Oshtemo Township Precinct 5,Write-in,5
10,DEM Treasurer,Oshtemo Township Precinct 6,Thomas Whitener,344
10,DEM Treasurer,Oshtemo Township Precinct 6,Write-in,1
10,DEM Treasurer,Oshtemo Township Precinct 7,Thomas Whitener,330
10,DEM Treasurer,Oshtemo Township Precinct 7,Write-in,2
10,DEM Treasurer,Oshtemo Township Precinct 8,Thomas Whitener,189
10,DEM Treasurer,Oshtemo Township Precinct 8,Write-in,2
10,DEM Treasurer,Oshtemo Township Precinct 9,Thomas Whitener,417
10,DEM Treasurer,Oshtemo Township Precinct 9,Write-in,1
10,DEM Treasurer,Oshtemo Township Precinct 10,Thomas Whitener,191
10,DEM Treasurer,Oshtemo Township Precinct 10,Write-in,1
10,DEM Treasurer,Pavilion Township Precinct 1,Thomas Whitener,217
10,DEM Treasurer,Pavilion Township Precinct 1,Write-in,2
10,DEM Treasurer,Pavilion Township Precinct 2,Thomas Whitener,109
10,DEM Treasurer,Pavilion Township Precinct 2,Write-in,0
10,DEM Treasurer,Pavilion Township Precinct 3,Thomas Whitener,151
10,DEM Treasurer,Pavilion Township Precinct 3,Write-in,2
10,DEM Treasurer,Prairie Ronde Township Precinct 1,Thomas Whitener,183
10,DEM Treasurer,Prairie Ronde Township Precinct 1,Write-in,0
10,DEM Treasurer,Richland Township Precinct 1,Thomas Whitener,331
10,DEM Treasurer,Richland Township Precinct 1,Write-in,1
10,DEM Treasurer,Richland Township Precinct 2,Thomas Whitener,203
10,DEM Treasurer,Richland Township Precinct 2,Write-in,0
10,DEM Treasurer,Richland Township Precinct 3,Thomas Whitener,366
10,DEM Treasurer,Richland Township Precinct 3,Write-in,2
10,DEM Treasurer,Ross Township Precinct 1,Thomas Whitener,220
10,DEM Treasurer,Ross Township Precinct 1,Write-in,0
10,DEM Treasurer,Ross Township Precinct 2,Thomas Whitener,231
10,DEM Treasurer,Ross Township Precinct 2,Write-in,0
10,DEM Treasurer,Schoolcraft Township Precinct 1,Thomas Whitener,210
10,DEM Treasurer,Schoolcraft Township Precinct 1,Write-in,1
10,DEM Treasurer,Schoolcraft Township Precinct 2,Thomas Whitener,119
10,DEM Treasurer,Schoolcraft Township Precinct 2,Write-in,0
10,DEM Treasurer,Schoolcraft Township Precinct 3,Thomas Whitener,322
10,DEM Treasurer,Schoolcraft Township Precinct 3,Write-in,1
10,DEM Treasurer,Schoolcraft Township Precinct 4,Thomas Whitener,113
10,DEM Treasurer,Schoolcraft Township Precinct 4,Write-in,1
10,DEM Treasurer,Texas Township Precinct 1,Thomas Whitener,291
10,DEM Treasurer,Texas Township Precinct 1,Write-in,1
10,DEM Treasurer,Texas Township Precinct 2,Thomas Whitener,233
10,DEM Treasurer,Texas Township Precinct 2,Write-in,0
10,DEM Treasurer,Texas Township Precinct 3,Thomas Whitener,328
10,DEM Treasurer,Texas Township Precinct 3,Write-in,3
10,DEM Treasurer,Texas Township Precinct 4,Thomas Whitener,416
10,DEM Treasurer,Texas Township Precinct 4,Write-in,3
10,DEM Treasurer,Texas Township Precinct 5,Thomas Whitener,453
10,DEM Treasurer,Texas Township Precinct 5,Write-in,1
10,DEM Treasurer,Texas Township Precinct 6,Thomas Whitener,371
10,DEM Treasurer,Texas Township Precinct 6,Write-in,0
10,DEM Treasurer,Wakeshma Township Precinct 1,Thomas Whitener,55
10,DEM Treasurer,Wakeshma Township Precinct 1,Write-in,0
10,DEM Treasurer,Galesburg City Precinct 1,Thomas Whitener,118
10,DEM Treasurer,Galesburg City Precinct 1,Write-in,1
10,DEM Treasurer,Kalamazoo City Precinct 1,Thomas Whitener,368
10,DEM Treasurer,Kalamazoo City Precinct 1,Write-in,1
10,DEM Treasurer,Kalamazoo City Precinct 2,Thomas Whitener,171
10,DEM Treasurer,Kalamazoo City Precinct 2,Write-in,1
10,DEM Treasurer,Kalamazoo City Precinct 3,Thomas Whitener,331
10,DEM Treasurer,Kalamazoo City Precinct 3,Write-in,2
10,DEM Treasurer,Kalamazoo City Precinct 4,Thomas Whitener,73
10,DEM Treasurer,Kalamazoo City Precinct 4,Write-in,3
10,DEM Treasurer,Kalamazoo City Precinct 5,Thomas Whitener,500
10,DEM Treasurer,Kalamazoo City Precinct 5,Write-in,3
10,DEM Treasurer,Kalamazoo City Precinct 6,Thomas Whitener,448
10,DEM Treasurer,Kalamazoo City Precinct 6,Write-in,4
10,DEM Treasurer,Kalamazoo City Precinct 7,Thomas Whitener,401
10,DEM Treasurer,Kalamazoo City Precinct 7,Write-in,1
10,DEM Treasurer,Kalamazoo City Precinct 8,Thomas Whitener,247
10,DEM Treasurer,Kalamazoo City Precinct 8,Write-in,6
10,DEM Treasurer,Kalamazoo City Precinct 9,Thomas Whitener,310
10,DEM Treasurer,Kalamazoo City Precinct 9,Write-in,16
10,DEM Treasurer,Kalamazoo City Precinct 10,Thomas Whitener,414
10,DEM Treasurer,Kalamazoo City Precinct 10,Write-in,13
10,DEM Treasurer,Kalamazoo City Precinct 11,Thomas Whitener,249
10,DEM Treasurer,Kalamazoo City Precinct 11,Write-in,5
10,DEM Treasurer,Kalamazoo City Precinct 12,Thomas Whitener,486
10,DEM Treasurer,Kalamazoo City Precinct 12,Write-in,1
10,DEM Treasurer,Kalamazoo City Precinct 13,Thomas Whitener,126
10,DEM Treasurer,Kalamazoo City Precinct 13,Write-in,3
10,DEM Treasurer,Kalamazoo City Precinct 14,Thomas Whitener,175
10,DEM Treasurer,Kalamazoo City Precinct 14,Write-in,2
10,DEM Treasurer,Kalamazoo City Precinct 15,Thomas Whitener,324
10,DEM Treasurer,Kalamazoo City Precinct 15,Write-in,8
10,DEM Treasurer,Kalamazoo City Precinct 16,Thomas Whitener,406
10,DEM Treasurer,Kalamazoo City Precinct 16,Write-in,1
10,DEM Treasurer,Kalamazoo City Precinct 17,Thomas Whitener,334
10,DEM Treasurer,Kalamazoo City Precinct 17,Write-in,2
10,DEM Treasurer,Kalamazoo City Precinct 18,Thomas Whitener,318
10,DEM Treasurer,Kalamazoo City Precinct 18,Write-in,6
10,DEM Treasurer,Kalamazoo City Precinct 19,Thomas Whitener,345
10,DEM Treasurer,Kalamazoo City Precinct 19,Write-in,2
10,DEM Treasurer,Kalamazoo City Precinct 20,Thomas Whitener,691
10,DEM Treasurer,Kalamazoo City Precinct 20,Write-in,2
10,DEM Treasurer,Kalamazoo City Precinct 21,Thomas Whitener,514
10,DEM Treasurer,Kalamazoo City Precinct 21,Write-in,0
10,DEM Treasurer,Kalamazoo City Precinct 22,Thomas Whitener,490
10,DEM Treasurer,Kalamazoo City Precinct 22,Write-in,2
10,DEM Treasurer,Kalamazoo City Precinct 23,Thomas Whitener,235
10,DEM Treasurer,Kalamazoo City Precinct 23,Write-in,1
10,DEM Treasurer,Kalamazoo City Precinct 24,Thomas Whitener,287
10,DEM Treasurer,Kalamazoo City Precinct 24,Write-in,2
10,DEM Treasurer,Kalamazoo City Precinct 25,Thomas Whitener,431
10,DEM Treasurer,Kalamazoo City Precinct 25,Write-in,1
10,DEM Treasurer,Kalamazoo City Precinct 26,Thomas Whitener,501
10,DEM Treasurer,Kalamazoo City Precinct 26,Write-in,1
10,DEM Treasurer,Kalamazoo City Precinct 27,Thomas Whitener,208
10,DEM Treasurer,Kalamazoo City Precinct 27,Write-in,2
10,DEM Treasurer,Parchment City Precinct 1,Thomas Whitener,223
10,DEM Treasurer,Parchment City Precinct 1,Write-in,0
10,DEM Treasurer,Portage City Precinct 1,Thomas Whitener,260
10,DEM Treasurer,Portage City Precinct 1,Write-in,1
10,DEM Treasurer,Portage City Precinct 2,Thomas Whitener,200
10,DEM Treasurer,Portage City Precinct 2,Write-in,1
10,DEM Treasurer,Portage City Precinct 3,Thomas Whitener,350
10,DEM Treasurer,Portage City Precinct 3,Write-in,0
10,DEM Treasurer,Portage City Precinct 4,Thomas Whitener,269
10,DEM Treasurer,Portage City Precinct 4,Write-in,1
10,DEM Treasurer,Portage City Precinct 5,Thomas Whitener,237
10,DEM Treasurer,Portage City Precinct 5,Write-in,0
10,DEM Treasurer,Portage City Precinct 6,Thomas Whitener,314
10,DEM Treasurer,Portage City Precinct 6,Write-in,0
10,DEM Treasurer,Portage City Precinct 7,Thomas Whitener,138
10,DEM Treasurer,Portage City Precinct 7,Write-in,0
10,DEM Treasurer,Portage City Precinct 8,Thomas Whitener,417
10,DEM Treasurer,Portage City Precinct 8,Write-in,0
10,DEM Treasurer,Portage City Precinct 9,Thomas Whitener,299
10,DEM Treasurer,Portage City Precinct 9,Write-in,0
10,DEM Treasurer,Portage City Precinct 10,Thomas Whitener,278
10,DEM Treasurer,Portage City Precinct 10,Write-in,0
10,DEM Treasurer,Portage City Precinct 11,Thomas Whitener,431
10,DEM Treasurer,Portage City Precinct 11,Write-in,0
10,DEM Treasurer,Portage City Precinct 12,Thomas Whitener,437
10,DEM Treasurer,Portage City Precinct 12,Write-in,1
10,DEM Treasurer,Portage City Precinct 13,Thomas Whitener,483
10,DEM Treasurer,Portage City Precinct 13,Write-in,3
10,DEM Treasurer,Portage City Precinct 14,Thomas Whitener,331
10,DEM Treasurer,Portage City Precinct 14,Write-in,0
10,DEM Treasurer,Portage City Precinct 15,Thomas Whitener,336
10,DEM Treasurer,Portage City Precinct 15,Write-in,0
10,DEM Treasurer,Portage City Precinct 16,Thomas Whitener,414
10,DEM Treasurer,Portage City Precinct 16,Write-in,4
10,DEM Treasurer,Portage City Precinct 17,Thomas Whitener,330
10,DEM Treasurer,Portage City Precinct 17,Write-in,0
10,DEM Treasurer,Portage City Precinct 18,Thomas Whitener,357
10,DEM Treasurer,Portage City Precinct 18,Write-in,0
10,DEM Treasurer,Portage City Precinct 19,Thomas Whitener,346
10,DEM Treasurer,Portage City Precinct 19,Write-in,2
10,DEM Treasurer,Portage City Precinct 20,Thomas Whitener,323
10,DEM Treasurer,Portage City Precinct 20,Write-in,0
11,DEM Drain Commissioner,Alamo 1,Jason L. Wiersma,96
11,DEM Drain Commissioner,Alamo 1,Write-in,0
11,DEM Drain Commissioner,Alamo Township Precinct 2,Jason L. Wiersma,186
11,DEM Drain Commissioner,Alamo Township Precinct 2,Write-in,0
11,DEM Drain Commissioner,Brady Township Precinct 1,Jason L. Wiersma,167
11,DEM Drain Commissioner,Brady Township Precinct 1,Write-in,1
11,DEM Drain Commissioner,Brady Township Precinct 2,Jason L. Wiersma,118
11,DEM Drain Commissioner,Brady Township Precinct 2,Write-in,0
11,DEM Drain Commissioner,Charleston Township Precinct 1,Jason L. Wiersma,268
11,DEM Drain Commissioner,Charleston Township Precinct 1,Write-in,0
11,DEM Drain Commissioner,Climax Township Precinct 1,Jason L. Wiersma,311
11,DEM Drain Commissioner,Climax Township Precinct 1,Write-in,0
11,DEM Drain Commissioner,Comstock Township Precinct 1,Jason L. Wiersma,221
11,DEM Drain Commissioner,Comstock Township Precinct 1,Write-in,1
11,DEM Drain Commissioner,Comstock Township Precinct 2,Jason L. Wiersma,275
11,DEM Drain Commissioner,Comstock Township Precinct 2,Write-in,2
11,DEM Drain Commissioner,Comstock Township Precinct 3,Jason L. Wiersma,210
11,DEM Drain Commissioner,Comstock Township Precinct 3,Write-in,1
11,DEM Drain Commissioner,Comstock Township Precinct 4,Jason L. Wiersma,220
11,DEM Drain Commissioner,Comstock Township Precinct 4,Write-in,0
11,DEM Drain Commissioner,Comstock Township Precinct 5,Jason L. Wiersma,268
11,DEM Drain Commissioner,Comstock Township Precinct 5,Write-in,0
11,DEM Drain Commissioner,Comstock Township Precinct 6,Jason L. Wiersma,214
11,DEM Drain Commissioner,Comstock Township Precinct 6,Write-in,3
11,DEM Drain Commissioner,Comstock Township Precinct 7,Jason L. Wiersma,231
11,DEM Drain Commissioner,Comstock Township Precinct 7,Write-in,1
11,DEM Drain Commissioner,Cooper Township Precinct 1,Jason L. Wiersma,152
11,DEM Drain Commissioner,Cooper Township Precinct 1,Write-in,0
11,DEM Drain Commissioner,Cooper Township Precinct 2,Jason L. Wiersma,171
11,DEM Drain Commissioner,Cooper Township Precinct 2,Write-in,1
11,DEM Drain Commissioner,Cooper Township Precinct 3,Jason L. Wiersma,306
11,DEM Drain Commissioner,Cooper Township Precinct 3,Write-in,1
11,DEM Drain Commissioner,Cooper Township Precinct 4,Jason L. Wiersma,314
11,DEM Drain Commissioner,Cooper Township Precinct 4,Write-in,1
11,DEM Drain Commissioner,Cooper Township Precinct 5,Jason L. Wiersma,78
11,DEM Drain Commissioner,Cooper Township Precinct 5,Write-in,0
11,DEM Drain Commissioner,Kalamazoo Township Precinct 1,Jason L. Wiersma,41
11,DEM Drain Commissioner,Kalamazoo Township Precinct 1,Write-in,0
11,DEM Drain Commissioner,Kalamazoo Township Precinct 2,Jason L. Wiersma,183
11,DEM Drain Commissioner,Kalamazoo Township Precinct 2,Write-in,1
11,DEM Drain Commissioner,Kalamazoo Township Precinct 3,Jason L. Wiersma,647
11,DEM Drain Commissioner,Kalamazoo Township Precinct 3,Write-in,3
11,DEM Drain Commissioner,Kalamazoo Township Precinct 4,Jason L. Wiersma,435
11,DEM Drain Commissioner,Kalamazoo Township Precinct 4,Write-in,4
11,DEM Drain Commissioner,Kalamazoo Township Precinct 5,Jason L. Wiersma,342
11,DEM Drain Commissioner,Kalamazoo Township Precinct 5,Write-in,1
11,DEM Drain Commissioner,Kalamazoo Township Precinct 6,Jason L. Wiersma,374
11,DEM Drain Commissioner,Kalamazoo Township Precinct 6,Write-in,0
11,DEM Drain Commissioner,Kalamazoo Township Precinct 7,Jason L. Wiersma,536
11,DEM Drain Commissioner,Kalamazoo Township Precinct 7,Write-in,0
11,DEM Drain Commissioner,Kalamazoo Township Precinct 8,Jason L. Wiersma,259
11,DEM Drain Commissioner,Kalamazoo Township Precinct 8,Write-in,1
11,DEM Drain Commissioner,Kalamazoo Township Precinct 9,Jason L. Wiersma,202
11,DEM Drain Commissioner,Kalamazoo Township Precinct 9,Write-in,1
11,DEM Drain Commissioner,Kalamazoo Township Precinct 10,Jason L. Wiersma,315
11,DEM Drain Commissioner,Kalamazoo Township Precinct 10,Write-in,4
11,DEM Drain Commissioner,Oshtemo Township Precinct 1,Jason L. Wiersma,259
11,DEM Drain Commissioner,Oshtemo Township Precinct 1,Write-in,2
11,DEM Drain Commissioner,Oshtemo Township Precinct 2,Jason L. Wiersma,457
11,DEM Drain Commissioner,Oshtemo Township Precinct 2,Write-in,1
11,DEM Drain Commissioner,Oshtemo Township Precinct 3,Jason L. Wiersma,512
11,DEM Drain Commissioner,Oshtemo Township Precinct 3,Write-in,1
11,DEM Drain Commissioner,Oshtemo Township Precinct 4,Jason L. Wiersma,452
11,DEM Drain Commissioner,Oshtemo Township Precinct 4,Write-in,3
11,DEM Drain Commissioner,Oshtemo Township Precinct 5,Jason L. Wiersma,236
11,DEM Drain Commissioner,Oshtemo Township Precinct 5,Write-in,4
11,DEM Drain Commissioner,Oshtemo Township Precinct 6,Jason L. Wiersma,344
11,DEM Drain Commissioner,Oshtemo Township Precinct 6,Write-in,1
11,DEM Drain Commissioner,Oshtemo Township Precinct 7,Jason L. Wiersma,326
11,DEM Drain Commissioner,Oshtemo Township Precinct 7,Write-in,3
11,DEM Drain Commissioner,Oshtemo Township Precinct 8,Jason L. Wiersma,189
11,DEM Drain Commissioner,Oshtemo Township Precinct 8,Write-in,2
11,DEM Drain Commissioner,Oshtemo Township Precinct 9,Jason L. Wiersma,410
11,DEM Drain Commissioner,Oshtemo Township Precinct 9,Write-in,1
11,DEM Drain Commissioner,Oshtemo Township Precinct 10,Jason L. Wiersma,186
11,DEM Drain Commissioner,Oshtemo Township Precinct 10,Write-in,1
11,DEM Drain Commissioner,Pavilion Township Precinct 1,Jason L. Wiersma,217
11,DEM Drain Commissioner,Pavilion Township Precinct 1,Write-in,0
11,DEM Drain Commissioner,Pavilion Township Precinct 2,Jason L. Wiersma,107
11,DEM Drain Commissioner,Pavilion Township Precinct 2,Write-in,0
11,DEM Drain Commissioner,Pavilion Township Precinct 3,Jason L. Wiersma,145
11,DEM Drain Commissioner,Pavilion Township Precinct 3,Write-in,2
11,DEM Drain Commissioner,Prairie Ronde Township Precinct 1,Jason L. Wiersma,183
11,DEM Drain Commissioner,Prairie Ronde Township Precinct 1,Write-in,0
11,DEM Drain Commissioner,Richland Township Precinct 1,Jason L. Wiersma,335
11,DEM Drain Commissioner,Richland Township Precinct 1,Write-in,1
11,DEM Drain Commissioner,Richland Township Precinct 2,Jason L. Wiersma,200
11,DEM Drain Commissioner,Richland Township Precinct 2,Write-in,0
11,DEM Drain Commissioner,Richland Township Precinct 3,Jason L. Wiersma,364
11,DEM Drain Commissioner,Richland Township Precinct 3,Write-in,1
11,DEM Drain Commissioner,Ross Township Precinct 1,Jason L. Wiersma,223
11,DEM Drain Commissioner,Ross Township Precinct 1,Write-in,0
11,DEM Drain Commissioner,Ross Township Precinct 2,Jason L. Wiersma,233
11,DEM Drain Commissioner,Ross Township Precinct 2,Write-in,0
11,DEM Drain Commissioner,Schoolcraft Township Precinct 1,Jason L. Wiersma,213
11,DEM Drain Commissioner,Schoolcraft Township Precinct 1,Write-in,1
11,DEM Drain Commissioner,Schoolcraft Township Precinct 2,Jason L. Wiersma,122
11,DEM Drain Commissioner,Schoolcraft Township Precinct 2,Write-in,0
11,DEM Drain Commissioner,Schoolcraft Township Precinct 3,Jason L. Wiersma,323
11,DEM Drain Commissioner,Schoolcraft Township Precinct 3,Write-in,1
11,DEM Drain Commissioner,Schoolcraft Township Precinct 4,Jason L. Wiersma,116
11,DEM Drain Commissioner,Schoolcraft Township Precinct 4,Write-in,1
11,DEM Drain Commissioner,Texas Township Precinct 1,Jason L. Wiersma,289
11,DEM Drain Commissioner,Texas Township Precinct 1,Write-in,0
11,DEM Drain Commissioner,Texas Township Precinct 2,Jason L. Wiersma,234
11,DEM Drain Commissioner,Texas Township Precinct 2,Write-in,0
11,DEM Drain Commissioner,Texas Township Precinct 3,Jason L. Wiersma,331
11,DEM Drain Commissioner,Texas Township Precinct 3,Write-in,1
11,DEM Drain Commissioner,Texas Township Precinct 4,Jason L. Wiersma,417
11,DEM Drain Commissioner,Texas Township Precinct 4,Write-in,4
11,DEM Drain Commissioner,Texas Township Precinct 5,Jason L. Wiersma,460
11,DEM Drain Commissioner,Texas Township Precinct 5,Write-in,0
11,DEM Drain Commissioner,Texas Township Precinct 6,Jason L. Wiersma,370
11,DEM Drain Commissioner,Texas Township Precinct 6,Write-in,0
11,DEM Drain Commissioner,Wakeshma Township Precinct 1,Jason L. Wiersma,59
11,DEM Drain Commissioner,Wakeshma Township Precinct 1,Write-in,0
11,DEM Drain Commissioner,Galesburg City Precinct 1,Jason L. Wiersma,118
11,DEM Drain Commissioner,Galesburg City Precinct 1,Write-in,1
11,DEM Drain Commissioner,Kalamazoo City Precinct 1,Jason L. Wiersma,366
11,DEM Drain Commissioner,Kalamazoo City Precinct 1,Write-in,0
11,DEM Drain Commissioner,Kalamazoo City Precinct 2,Jason L. Wiersma,167
11,DEM Drain Commissioner,Kalamazoo City Precinct 2,Write-in,2
11,DEM Drain Commissioner,Kalamazoo City Precinct 3,Jason L. Wiersma,318
11,DEM Drain Commissioner,Kalamazoo City Precinct 3,Write-in,5
11,DEM Drain Commissioner,Kalamazoo City Precinct 4,Jason L. Wiersma,73
11,DEM Drain Commissioner,Kalamazoo City Precinct 4,Write-in,2
11,DEM Drain Commissioner,Kalamazoo City Precinct 5,Jason L. Wiersma,497
11,DEM Drain Commissioner,Kalamazoo City Precinct 5,Write-in,3
11,DEM Drain Commissioner,Kalamazoo City Precinct 6,Jason L. Wiersma,448
11,DEM Drain Commissioner,Kalamazoo City Precinct 6,Write-in,3
11,DEM Drain Commissioner,Kalamazoo City Precinct 7,Jason L. Wiersma,395
11,DEM Drain Commissioner,Kalamazoo City Precinct 7,Write-in,2
11,DEM Drain Commissioner,Kalamazoo City Precinct 8,Jason L. Wiersma,238
11,DEM Drain Commissioner,Kalamazoo City Precinct 8,Write-in,8
11,DEM Drain Commissioner,Kalamazoo City Precinct 9,Jason L. Wiersma,312
11,DEM Drain Commissioner,Kalamazoo City Precinct 9,Write-in,16
11,DEM Drain Commissioner,Kalamazoo City Precinct 10,Jason L. Wiersma,414
11,DEM Drain Commissioner,Kalamazoo City Precinct 10,Write-in,10
11,DEM Drain Commissioner,Kalamazoo City Precinct 11,Jason L. Wiersma,253
11,DEM Drain Commissioner,Kalamazoo City Precinct 11,Write-in,4
11,DEM Drain Commissioner,Kalamazoo City Precinct 12,Jason L. Wiersma,485
11,DEM Drain Commissioner,Kalamazoo City Precinct 12,Write-in,2
11,DEM Drain Commissioner,Kalamazoo City Precinct 13,Jason L. Wiersma,127
11,DEM Drain Commissioner,Kalamazoo City Precinct 13,Write-in,3
11,DEM Drain Commissioner,Kalamazoo City Precinct 14,Jason L. Wiersma,173
11,DEM Drain Commissioner,Kalamazoo City Precinct 14,Write-in,3
11,DEM Drain Commissioner,Kalamazoo City Precinct 15,Jason L. Wiersma,321
11,DEM Drain Commissioner,Kalamazoo City Precinct 15,Write-in,8
11,DEM Drain Commissioner,Kalamazoo City Precinct 16,Jason L. Wiersma,401
11,DEM Drain Commissioner,Kalamazoo City Precinct 16,Write-in,1
11,DEM Drain Commissioner,Kalamazoo City Precinct 17,Jason L. Wiersma,335
11,DEM Drain Commissioner,Kalamazoo City Precinct 17,Write-in,1
11,DEM Drain Commissioner,Kalamazoo City Precinct 18,Jason L. Wiersma,315
11,DEM Drain Commissioner,Kalamazoo City Precinct 18,Write-in,7
11,DEM Drain Commissioner,Kalamazoo City Precinct 19,Jason L. Wiersma,336
11,DEM Drain Commissioner,Kalamazoo City Precinct 19,Write-in,2
11,DEM Drain Commissioner,Kalamazoo City Precinct 20,Jason L. Wiersma,683
11,DEM Drain Commissioner,Kalamazoo City Precinct 20,Write-in,4
11,DEM Drain Commissioner,Kalamazoo City Precinct 21,Jason L. Wiersma,507
11,DEM Drain Commissioner,Kalamazoo City Precinct 21,Write-in,2
11,DEM Drain Commissioner,Kalamazoo City Precinct 22,Jason L. Wiersma,483
11,DEM Drain Commissioner,Kalamazoo City Precinct 22,Write-in,6
11,DEM Drain Commissioner,Kalamazoo City Precinct 23,Jason L. Wiersma,237
11,DEM Drain Commissioner,Kalamazoo City Precinct 23,Write-in,1
11,DEM Drain Commissioner,Kalamazoo City Precinct 24,Jason L. Wiersma,281
11,DEM Drain Commissioner,Kalamazoo City Precinct 24,Write-in,2
11,DEM Drain Commissioner,Kalamazoo City Precinct 25,Jason L. Wiersma,433
11,DEM Drain Commissioner,Kalamazoo City Precinct 25,Write-in,1
11,DEM Drain Commissioner,Kalamazoo City Precinct 26,Jason L. Wiersma,496
11,DEM Drain Commissioner,Kalamazoo City Precinct 26,Write-in,1
11,DEM Drain Commissioner,Kalamazoo City Precinct 27,Jason L. Wiersma,207
11,DEM Drain Commissioner,Kalamazoo City Precinct 27,Write-in,2
11,DEM Drain Commissioner,Parchment City Precinct 1,Jason L. Wiersma,220
11,DEM Drain Commissioner,Parchment City Precinct 1,Write-in,0
11,DEM Drain Commissioner,Portage City Precinct 1,Jason L. Wiersma,263
11,DEM Drain Commissioner,Portage City Precinct 1,Write-in,1
11,DEM Drain Commissioner,Portage City Precinct 2,Jason L. Wiersma,200
11,DEM Drain Commissioner,Portage City Precinct 2,Write-in,1
11,DEM Drain Commissioner,Portage City Precinct 3,Jason L. Wiersma,350
11,DEM Drain Commissioner,Portage City Precinct 3,Write-in,0
11,DEM Drain Commissioner,Portage City Precinct 4,Jason L. Wiersma,266
11,DEM Drain Commissioner,Portage City Precinct 4,Write-in,0
11,DEM Drain Commissioner,Portage City Precinct 5,Jason L. Wiersma,239
11,DEM Drain Commissioner,Portage City Precinct 5,Write-in,0
11,DEM Drain Commissioner,Portage City Precinct 6,Jason L. Wiersma,309
11,DEM Drain Commissioner,Portage City Precinct 6,Write-in,0
11,DEM Drain Commissioner,Portage City Precinct 7,Jason L. Wiersma,133
11,DEM Drain Commissioner,Portage City Precinct 7,Write-in,0
11,DEM Drain Commissioner,Portage City Precinct 8,Jason L. Wiersma,419
11,DEM Drain Commissioner,Portage City Precinct 8,Write-in,0
11,DEM Drain Commissioner,Portage City Precinct 9,Jason L. Wiersma,298
11,DEM Drain Commissioner,Portage City Precinct 9,Write-in,0
11,DEM Drain Commissioner,Portage City Precinct 10,Jason L. Wiersma,278
11,DEM Drain Commissioner,Portage City Precinct 10,Write-in,0
11,DEM Drain Commissioner,Portage City Precinct 11,Jason L. Wiersma,428
11,DEM Drain Commissioner,Portage City Precinct 11,Write-in,0
11,DEM Drain Commissioner,Portage City Precinct 12,Jason L. Wiersma,438
11,DEM Drain Commissioner,Portage City Precinct 12,Write-in,2
11,DEM Drain Commissioner,Portage City Precinct 13,Jason L. Wiersma,484
11,DEM Drain Commissioner,Portage City Precinct 13,Write-in,3
11,DEM Drain Commissioner,Portage City Precinct 14,Jason L. Wiersma,329
11,DEM Drain Commissioner,Portage City Precinct 14,Write-in,1
11,DEM Drain Commissioner,Portage City Precinct 15,Jason L. Wiersma,331
11,DEM Drain Commissioner,Portage City Precinct 15,Write-in,0
11,DEM Drain Commissioner,Portage City Precinct 16,Jason L. Wiersma,458
11,DEM Drain Commissioner,Portage City Precinct 16,Write-in,1
11,DEM Drain Commissioner,Portage City Precinct 17,Jason L. Wiersma,333
11,DEM Drain Commissioner,Portage City Precinct 17,Write-in,0
11,DEM Drain Commissioner,Portage City Precinct 18,Jason L. Wiersma,357
11,DEM Drain Commissioner,Portage City Precinct 18,Write-in,0
11,DEM Drain Commissioner,Portage City Precinct 19,Jason L. Wiersma,349
11,DEM Drain Commissioner,Portage City Precinct 19,Write-in,1
11,DEM Drain Commissioner,Portage City Precinct 20,Jason L. Wiersma,313
11,DEM Drain Commissioner,Portage City Precinct 20,Write-in,0
12,DEM Surveyor,Alamo 1,Write-in,9
12,DEM Surveyor,Alamo Township Precinct 2,Write-in,17
12,DEM Surveyor,Brady Township Precinct 1,Write-in,17
12,DEM Surveyor,Brady Township Precinct 2,Write-in,12
12,DEM Surveyor,Charleston Township Precinct 1,Write-in,16
12,DEM Surveyor,Climax Township Precinct 1,Write-in,3
12,DEM Surveyor,Comstock Township Precinct 1,Write-in,16
12,DEM Surveyor,Comstock Township Precinct 2,Write-in,28
12,DEM Surveyor,Comstock Township Precinct 3,Write-in,31
12,DEM Surveyor,Comstock Township Precinct 4,Write-in,11
12,DEM Surveyor,Comstock Township Precinct 5,Write-in,12
12,DEM Surveyor,Comstock Township Precinct 6,Write-in,20
12,DEM Surveyor,Comstock Township Precinct 7,Write-in,29
12,DEM Surveyor,Cooper Township Precinct 1,Write-in,15
12,DEM Surveyor,Cooper Township Precinct 2,Write-in,12
12,DEM Surveyor,Cooper Township Precinct 3,Write-in,38
12,DEM Surveyor,Cooper Township Precinct 4,Write-in,26
12,DEM Surveyor,Cooper Township Precinct 5,Write-in,15
12,DEM Surveyor,Kalamazoo Township Precinct 1,Write-in,5
12,DEM Surveyor,Kalamazoo Township Precinct 2,Write-in,22
12,DEM Surveyor,Kalamazoo Township Precinct 3,Write-in,42
12,DEM Surveyor,Kalamazoo Township Precinct 4,Write-in,35
12,DEM Surveyor,Kalamazoo Township Precinct 5,Write-in,6
12,DEM Surveyor,Kalamazoo Township Precinct 6,Write-in,13
12,DEM Surveyor,Kalamazoo Township Precinct 7,Write-in,0
12,DEM Surveyor,Kalamazoo Township Precinct 8,Write-in,21
12,DEM Surveyor,Kalamazoo Township Precinct 9,Write-in,19
12,DEM Surveyor,Kalamazoo Township Precinct 10,Write-in,40
12,DEM Surveyor,Oshtemo Township Precinct 1,Write-in,8
12,DEM Surveyor,Oshtemo Township Precinct 2,Write-in,29
12,DEM Surveyor,Oshtemo Township Precinct 3,Write-in,28
12,DEM Surveyor,Oshtemo Township Precinct 4,Write-in,38
12,DEM Surveyor,Oshtemo Township Precinct 5,Write-in,30
12,DEM Surveyor,Oshtemo Township Precinct 6,Write-in,40
12,DEM Surveyor,Oshtemo Township Precinct 7,Write-in,28
12,DEM Surveyor,Oshtemo Township Precinct 8,Write-in,27
12,DEM Surveyor,Oshtemo Township Precinct 9,Write-in,22
12,DEM Surveyor,Oshtemo Township Precinct 10,Write-in,13
12,DEM Surveyor,Pavilion Township Precinct 1,Write-in,24
12,DEM Surveyor,Pavilion Township Precinct 2,Write-in,14
12,DEM Surveyor,Pavilion Township Precinct 3,Write-in,14
12,DEM Surveyor,Prairie Ronde Township Precinct 1,Write-in,21
12,DEM Surveyor,Richland Township Precinct 1,Write-in,4
12,DEM Surveyor,Richland Township Precinct 2,Write-in,3
12,DEM Surveyor,Richland Township Precinct 3,Write-in,31
12,DEM Surveyor,Ross Township Precinct 1,Write-in,22
12,DEM Surveyor,Ross Township Precinct 2,Write-in,13
12,DEM Surveyor,Schoolcraft Township Precinct 1,Write-in,19
12,DEM Surveyor,Schoolcraft Township Precinct 2,Write-in,9
12,DEM Surveyor,Schoolcraft Township Precinct 3,Write-in,44
12,DEM Surveyor,Schoolcraft Township Precinct 4,Write-in,12
12,DEM Surveyor,Texas Township Precinct 1,Write-in,18
12,DEM Surveyor,Texas Township Precinct 2,Write-in,14
12,DEM Surveyor,Texas Township Precinct 3,Write-in,34
12,DEM Surveyor,Texas Township Precinct 4,Write-in,29
12,DEM Surveyor,Texas Township Precinct 5,Write-in,30
12,DEM Surveyor,Texas Township Precinct 6,Write-in,28
12,DEM Surveyor,Wakeshma Township Precinct 1,Write-in,5
12,DEM Surveyor,Galesburg City Precinct 1,Write-in,12
12,DEM Surveyor,Kalamazoo City Precinct 1,Write-in,31
12,DEM Surveyor,Kalamazoo City Precinct 2,Write-in,7
12,DEM Surveyor,Kalamazoo City Precinct 3,Write-in,24
12,DEM Surveyor,Kalamazoo City Precinct 4,Write-in,11
12,DEM Surveyor,Kalamazoo City Precinct 5,Write-in,40
12,DEM Surveyor,Kalamazoo City Precinct 6,Write-in,38
12,DEM Surveyor,Kalamazoo City Precinct 7,Write-in,44
12,DEM Surveyor,Kalamazoo City Precinct 8,Write-in,56
12,DEM Surveyor,Kalamazoo City Precinct 9,Write-in,67
12,DEM Surveyor,Kalamazoo City Precinct 10,Write-in,55
12,DEM Surveyor,Kalamazoo City Precinct 11,Write-in,46
12,DEM Surveyor,Kalamazoo City Precinct 12,Write-in,32
12,DEM Surveyor,Kalamazoo City Precinct 13,Write-in,23
12,DEM Surveyor,Kalamazoo City Precinct 14,Write-in,25
12,DEM Surveyor,Kalamazoo City Precinct 15,Write-in,42
12,DEM Surveyor,Kalamazoo City Precinct 16,Write-in,41
12,DEM Surveyor,Kalamazoo City Precinct 17,Write-in,24
12,DEM Surveyor,Kalamazoo City Precinct 18,Write-in,37
12,DEM Surveyor,Kalamazoo City Precinct 19,Write-in,41
12,DEM Surveyor,Kalamazoo City Precinct 20,Write-in,27
12,DEM Surveyor,Kalamazoo City Precinct 21,Write-in,30
12,DEM Surveyor,Kalamazoo City Precinct 22,Write-in,42
12,DEM Surveyor,Kalamazoo City Precinct 23,Write-in,24
12,DEM Surveyor,Kalamazoo City Precinct 24,Write-in,14
12,DEM Surveyor,Kalamazoo City Precinct 25,Write-in,35
12,DEM Surveyor,Kalamazoo City Precinct 26,Write-in,43
12,DEM Surveyor,Kalamazoo City Precinct 27,Write-in,15
12,DEM Surveyor,Parchment City Precinct 1,Write-in,21
12,DEM Surveyor,Portage City Precinct 1,Write-in,7
12,DEM Surveyor,Portage City Precinct 2,Write-in,11
12,DEM Surveyor,Portage City Precinct 3,Write-in,3
12,DEM Surveyor,Portage City Precinct 4,Write-in,3
12,DEM Surveyor,Portage City Precinct 5,Write-in,4
12,DEM Surveyor,Portage City Precinct 6,Write-in,6
12,DEM Surveyor,Portage City Precinct 7,Write-in,8
12,DEM Surveyor,Portage City Precinct 8,Write-in,8
12,DEM Surveyor,Portage City Precinct 9,Write-in,6
12,DEM Surveyor,Portage City Precinct 10,Write-in,6
12,DEM Surveyor,Portage City Precinct 11,Write-in,9
12,DEM Surveyor,Portage City Precinct 12,Write-in,47
12,DEM Surveyor,Portage City Precinct 13,Write-in,47
12,DEM Surveyor,Portage City Precinct 14,Write-in,32
12,DEM Surveyor,Portage City Precinct 15,Write-in,3
12,DEM Surveyor,Portage City Precinct 16,Write-in,47
12,DEM Surveyor,Portage City Precinct 17,Write-in,7
12,DEM Surveyor,Portage City Precinct 18,Write-in,9
12,DEM Surveyor,Portage City Precinct 19,Write-in,30
12,DEM Surveyor,Portage City Precinct 20,Write-in,9
13,DEM County Commissioner 1st District,Kalamazoo Township Precinct 8,Tami Rey,217
13,DEM County Commissioner 1st District,Kalamazoo Township Precinct 8,Andrew D. Sellin,52
13,DEM County Commissioner 1st District,Kalamazoo Township Precinct 8,Write-in,1
13,DEM County Commissioner 1st District,Kalamazoo Township Precinct 9,Tami Rey,161
13,DEM County Commissioner 1st District,Kalamazoo Township Precinct 9,Andrew D. Sellin,53
13,DEM County Commissioner 1st District,Kalamazoo Township Precinct 9,Write-in,2
13,DEM County Commissioner 1st District,Kalamazoo City Precinct 1,Tami Rey,334
13,DEM County Commissioner 1st District,Kalamazoo City Precinct 1,Andrew D. Sellin,41
13,DEM County Commissioner 1st District,Kalamazoo City Precinct 1,Write-in,1
13,DEM County Commissioner 1st District,Kalamazoo City Precinct 7,Tami Rey,367
13,DEM County Commissioner 1st District,Kalamazoo City Precinct 7,Andrew D. Sellin,62
13,DEM County Commissioner 1st District,Kalamazoo City Precinct 7,Write-in,2
13,DEM County Commissioner 1st District,Kalamazoo City Precinct 8,Tami Rey,240
13,DEM County Commissioner 1st District,Kalamazoo City Precinct 8,Andrew D. Sellin,42
13,DEM County Commissioner 1st District,Kalamazoo City Precinct 8,Write-in,2
13,DEM County Commissioner 1st District,Kalamazoo City Precinct 9,Tami Rey,314
13,DEM County Commissioner 1st District,Kalamazoo City Precinct 9,Andrew D. Sellin,59
13,DEM County Commissioner 1st District,Kalamazoo City Precinct 9,Write-in,4
13,DEM County Commissioner 1st District,Kalamazoo City Precinct 11,Tami Rey,241
13,DEM County Commissioner 1st District,Kalamazoo City Precinct 11,Andrew D. Sellin,31
13,DEM County Commissioner 1st District,Kalamazoo City Precinct 11,Write-in,4
13,DEM County Commissioner 1st District,Kalamazoo City Precinct 13,Tami Rey,111
13,DEM County Commissioner 1st District,Kalamazoo City Precinct 13,Andrew D. Sellin,29
13,DEM County Commissioner 1st District,Kalamazoo City Precinct 13,Write-in,0
13,DEM County Commissioner 1st District,Kalamazoo City Precinct 14,Tami Rey,164
13,DEM County Commissioner 1st District,Kalamazoo City Precinct 14,Andrew D. Sellin,25
13,DEM County Commissioner 1st District,Kalamazoo City Precinct 14,Write-in,1
13,DEM County Commissioner 1st District,Kalamazoo City Precinct 27,Tami Rey,196
13,DEM County Commissioner 1st District,Kalamazoo City Precinct 27,Andrew D. Sellin,26
13,DEM County Commissioner 1st District,Kalamazoo City Precinct 27,Write-in,2
14,DEM County Commissioner 2nd District,Kalamazoo Township Precinct 1,Zac Bauer,23
14,DEM County Commissioner 2nd District,Kalamazoo Township Precinct 1,Monteze Morales,19
14,DEM County Commissioner 2nd District,Kalamazoo Township Precinct 1,Write-in,0
14,DEM County Commissioner 2nd District,Kalamazoo City Precinct 3,Zac Bauer,112
14,DEM County Commissioner 2nd District,Kalamazoo City Precinct 3,Monteze Morales,231
14,DEM County Commissioner 2nd District,Kalamazoo City Precinct 3,Write-in,2
14,DEM County Commissioner 2nd District,Kalamazoo City Precinct 15,Zac Bauer,134
14,DEM County Commissioner 2nd District,Kalamazoo City Precinct 15,Monteze Morales,217
14,DEM County Commissioner 2nd District,Kalamazoo City Precinct 15,Write-in,4
14,DEM County Commissioner 2nd District,Kalamazoo City Precinct 16,Zac Bauer,211
14,DEM County Commissioner 2nd District,Kalamazoo City Precinct 16,Monteze Morales,220
14,DEM County Commissioner 2nd District,Kalamazoo City Precinct 16,Write-in,1
14,DEM County Commissioner 2nd District,Kalamazoo City Precinct 17,Zac Bauer,179
14,DEM County Commissioner 2nd District,Kalamazoo City Precinct 17,Monteze Morales,180
14,DEM County Commissioner 2nd District,Kalamazoo City Precinct 17,Write-in,1
14,DEM County Commissioner 2nd District,Kalamazoo City Precinct 18,Zac Bauer,166
14,DEM County Commissioner 2nd District,Kalamazoo City Precinct 18,Monteze Morales,170
14,DEM County Commissioner 2nd District,Kalamazoo City Precinct 18,Write-in,2
14,DEM County Commissioner 2nd District,Kalamazoo City Precinct 20,Zac Bauer,445
14,DEM County Commissioner 2nd District,Kalamazoo City Precinct 20,Monteze Morales,285
14,DEM County Commissioner 2nd District,Kalamazoo City Precinct 20,Write-in,1
14,DEM County Commissioner 2nd District,Kalamazoo City Precinct 21,Zac Bauer,338
14,DEM County Commissioner 2nd District,Kalamazoo City Precinct 21,Monteze Morales,213
14,DEM County Commissioner 2nd District,Kalamazoo City Precinct 21,Write-in,1
14,DEM County Commissioner 2nd District,Kalamazoo City Precinct 23,Zac Bauer,128
14,DEM County Commissioner 2nd District,Kalamazoo City Precinct 23,Monteze Morales,121
14,DEM County Commissioner 2nd District,Kalamazoo City Precinct 23,Write-in,0
14,DEM County Commissioner 2nd District,Kalamazoo City Precinct 24,Zac Bauer,125
14,DEM County Commissioner 2nd District,Kalamazoo City Precinct 24,Monteze Morales,180
14,DEM County Commissioner 2nd District,Kalamazoo City Precinct 24,Write-in,1
15,DEM County Commissioner 3rd District,Kalamazoo City Precinct 2,Tracy Hall,174
15,DEM County Commissioner 3rd District,Kalamazoo City Precinct 2,Write-in,1
15,DEM County Commissioner 3rd District,Kalamazoo City Precinct 4,Tracy Hall,77
15,DEM County Commissioner 3rd District,Kalamazoo City Precinct 4,Write-in,0
15,DEM County Commissioner 3rd District,Kalamazoo City Precinct 12,Tracy Hall,483
15,DEM County Commissioner 3rd District,Kalamazoo City Precinct 12,Write-in,1
15,DEM County Commissioner 3rd District,Kalamazoo City Precinct 19,Tracy Hall,350
15,DEM County Commissioner 3rd District,Kalamazoo City Precinct 19,Write-in,1
15,DEM County Commissioner 3rd District,Kalamazoo City Precinct 22,Tracy Hall,506
15,DEM County Commissioner 3rd District,Kalamazoo City Precinct 22,Write-in,2
15,DEM County Commissioner 3rd District,Kalamazoo City Precinct 25,Tracy Hall,447
15,DEM County Commissioner 3rd District,Kalamazoo City Precinct 25,Write-in,0
15,DEM County Commissioner 3rd District,Kalamazoo City Precinct 26,Tracy Hall,496
15,DEM County Commissioner 3rd District,Kalamazoo City Precinct 26,Write-in,2
16,DEM County Commissioner 4th District,Kalamazoo Township Precinct 2,Michael A. Seals,84
16,DEM County Commissioner 4th District,Kalamazoo Township Precinct 2,Jen Strebs,104
16,DEM County Commissioner 4th District,Kalamazoo Township Precinct 2,Write-in,1
16,DEM County Commissioner 4th District,Kalamazoo Township Precinct 4,Michael A. Seals,140
16,DEM County Commissioner 4th District,Kalamazoo Township Precinct 4,Jen Strebs,332
16,DEM County Commissioner 4th District,Kalamazoo Township Precinct 4,Write-in,3
16,DEM County Commissioner 4th District,Kalamazoo Township Precinct 5,Michael A. Seals,124
16,DEM County Commissioner 4th District,Kalamazoo Township Precinct 5,Jen Strebs,257
16,DEM County Commissioner 4th District,Kalamazoo Township Precinct 5,Write-in,1
16,DEM County Commissioner 4th District,Kalamazoo Township Precinct 6,Michael A. Seals,104
16,DEM County Commissioner 4th District,Kalamazoo Township Precinct 6,Jen Strebs,298
16,DEM County Commissioner 4th District,Kalamazoo Township Precinct 6,Write-in,1
16,DEM County Commissioner 4th District,Kalamazoo Township Precinct 10,Michael A. Seals,108
16,DEM County Commissioner 4th District,Kalamazoo Township Precinct 10,Jen Strebs,217
16,DEM County Commissioner 4th District,Kalamazoo Township Precinct 10,Write-in,1
16,DEM County Commissioner 4th District,Kalamazoo City Precinct 5,Michael A. Seals,179
16,DEM County Commissioner 4th District,Kalamazoo City Precinct 5,Jen Strebs,343
16,DEM County Commissioner 4th District,Kalamazoo City Precinct 5,Write-in,4
16,DEM County Commissioner 4th District,Kalamazoo City Precinct 6,Michael A. Seals,195
16,DEM County Commissioner 4th District,Kalamazoo City Precinct 6,Jen Strebs,285
16,DEM County Commissioner 4th District,Kalamazoo City Precinct 6,Write-in,2
16,DEM County Commissioner 4th District,Kalamazoo City Precinct 10,Michael A. Seals,180
16,DEM County Commissioner 4th District,Kalamazoo City Precinct 10,Jen Strebs,250
16,DEM County Commissioner 4th District,Kalamazoo City Precinct 10,Write-in,8
16,DEM County Commissioner 4th District,Parchment City Precinct 1,Michael A. Seals,81
16,DEM County Commissioner 4th District,Parchment City Precinct 1,Jen Strebs,144
16,DEM County Commissioner 4th District,Parchment City Precinct 1,Write-in,2
17,DEM County Commissioner 5th District,Alamo 1,Veronica McKissack,69
17,DEM County Commissioner 5th District,Alamo 1,Chris Pomeroy,27
17,DEM County Commissioner 5th District,Alamo 1,Write-in,0
17,DEM County Commissioner 5th District,Alamo Township Precinct 2,Veronica McKissack,104
17,DEM County Commissioner 5th District,Alamo Township Precinct 2,Chris Pomeroy,75
17,DEM County Commissioner 5th District,Alamo Township Precinct 2,Write-in,0
17,DEM County Commissioner 5th District,Kalamazoo Township Precinct 3,Veronica McKissack,499
17,DEM County Commissioner 5th District,Kalamazoo Township Precinct 3,Chris Pomeroy,187
17,DEM County Commissioner 5th District,Kalamazoo Township Precinct 3,Write-in,1
17,DEM County Commissioner 5th District,Kalamazoo Township Precinct 7,Veronica McKissack,370
17,DEM County Commissioner 5th District,Kalamazoo Township Precinct 7,Chris Pomeroy,159
17,DEM County Commissioner 5th District,Kalamazoo Township Precinct 7,Write-in,0
17,DEM County Commissioner 5th District,Oshtemo Township Precinct 1,Veronica McKissack,149
17,DEM County Commissioner 5th District,Oshtemo Township Precinct 1,Chris Pomeroy,103
17,DEM County Commissioner 5th District,Oshtemo Township Precinct 1,Write-in,3
17,DEM County Commissioner 5th District,Oshtemo Township Precinct 2,Veronica McKissack,307
17,DEM County Commissioner 5th District,Oshtemo Township Precinct 2,Chris Pomeroy,171
17,DEM County Commissioner 5th District,Oshtemo Township Precinct 2,Write-in,1
17,DEM County Commissioner 5th District,Oshtemo Township Precinct 3,Veronica McKissack,363
17,DEM County Commissioner 5th District,Oshtemo Township Precinct 3,Chris Pomeroy,175
17,DEM County Commissioner 5th District,Oshtemo Township Precinct 3,Write-in,2
17,DEM County Commissioner 5th District,Oshtemo Township Precinct 6,Veronica McKissack,242
17,DEM County Commissioner 5th District,Oshtemo Township Precinct 6,Chris Pomeroy,130
17,DEM County Commissioner 5th District,Oshtemo Township Precinct 6,Write-in,2
17,DEM County Commissioner 5th District,Oshtemo Township Precinct 9,Veronica McKissack,301
17,DEM County Commissioner 5th District,Oshtemo Township Precinct 9,Chris Pomeroy,119
17,DEM County Commissioner 5th District,Oshtemo Township Precinct 9,Write-in,1
17,DEM County Commissioner 5th District,Oshtemo Township Precinct 10,Veronica McKissack,120
17,DEM County Commissioner 5th District,Oshtemo Township Precinct 10,Chris Pomeroy,67
17,DEM County Commissioner 5th District,Oshtemo Township Precinct 10,Write-in,0
18,DEM County Commissioner 6th District,Cooper Township Precinct 1,Jennifer Aniano,151
18,DEM County Commissioner 6th District,Cooper Township Precinct 1,Write-in,0
18,DEM County Commissioner 6th District,Cooper Township Precinct 2,Jennifer Aniano,174
18,DEM County Commissioner 6th District,Cooper Township Precinct 2,Write-in,1
18,DEM County Commissioner 6th District,Cooper Township Precinct 3,Jennifer Aniano,306
18,DEM County Commissioner 6th District,Cooper Township Precinct 3,Write-in,1
18,DEM County Commissioner 6th District,Cooper Township Precinct 4,Jennifer Aniano,315
18,DEM County Commissioner 6th District,Cooper Township Precinct 4,Write-in,0
18,DEM County Commissioner 6th District,Cooper Township Precinct 5,Jennifer Aniano,79
18,DEM County Commissioner 6th District,Cooper Township Precinct 5,Write-in,0
18,DEM County Commissioner 6th District,Richland Township Precinct 1,Jennifer Aniano,338
18,DEM County Commissioner 6th District,Richland Township Precinct 1,Write-in,0
18,DEM County Commissioner 6th District,Richland Township Precinct 2,Jennifer Aniano,200
18,DEM County Commissioner 6th District,Richland Township Precinct 2,Write-in,0
18,DEM County Commissioner 6th District,Richland Township Precinct 3,Jennifer Aniano,361
18,DEM County Commissioner 6th District,Richland Township Precinct 3,Write-in,4
18,DEM County Commissioner 6th District,Ross Township Precinct 1,Jennifer Aniano,223
18,DEM County Commissioner 6th District,Ross Township Precinct 1,Write-in,0
18,DEM County Commissioner 6th District,Ross Township Precinct 2,Jennifer Aniano,232
18,DEM County Commissioner 6th District,Ross Township Precinct 2,Write-in,0
19,DEM County Commissioner 7th District,Charleston Township Precinct 1,Anthony M. Bates,268
19,DEM County Commissioner 7th District,Charleston Township Precinct 1,Write-in,0
19,DEM County Commissioner 7th District,Climax Township Precinct 1,Anthony M. Bates,315
19,DEM County Commissioner 7th District,Climax Township Precinct 1,Write-in,0
19,DEM County Commissioner 7th District,Comstock Township Precinct 1,Anthony M. Bates,218
19,DEM County Commissioner 7th District,Comstock Township Precinct 1,Write-in,2
19,DEM County Commissioner 7th District,Comstock Township Precinct 2,Anthony M. Bates,275
19,DEM County Commissioner 7th District,Comstock Township Precinct 2,Write-in,1
19,DEM County Commissioner 7th District,Comstock Township Precinct 3,Anthony M. Bates,211
19,DEM County Commissioner 7th District,Comstock Township Precinct 3,Write-in,1
19,DEM County Commissioner 7th District,Comstock Township Precinct 4,Anthony M. Bates,216
19,DEM County Commissioner 7th District,Comstock Township Precinct 4,Write-in,0
19,DEM County Commissioner 7th District,Comstock Township Precinct 5,Anthony M. Bates,271
19,DEM County Commissioner 7th District,Comstock Township Precinct 5,Write-in,0
19,DEM County Commissioner 7th District,Comstock Township Precinct 6,Anthony M. Bates,218
19,DEM County Commissioner 7th District,Comstock Township Precinct 6,Write-in,1
19,DEM County Commissioner 7th District,Comstock Township Precinct 7,Anthony M. Bates,232
19,DEM County Commissioner 7th District,Comstock Township Precinct 7,Write-in,1
19,DEM County Commissioner 7th District,Wakeshma Township Precinct 1,Anthony M. Bates,54
19,DEM County Commissioner 7th District,Wakeshma Township Precinct 1,Write-in,0
19,DEM County Commissioner 7th District,Galesburg City Precinct 1,Anthony M. Bates,118
19,DEM County Commissioner 7th District,Galesburg City Precinct 1,Write-in,1
20,DEM County Commissioner 8th District,Brady Township Precinct 1,Write-in,14
20,DEM County Commissioner 8th District,Brady Township Precinct 2,Write-in,12
20,DEM County Commissioner 8th District,Pavilion Township Precinct 1,Write-in,23
20,DEM County Commissioner 8th District,Pavilion Township Precinct 2,Write-in,11
20,DEM County Commissioner 8th District,Pavilion Township Precinct 3,Write-in,20
20,DEM County Commissioner 8th District,Prairie Ronde Township Precinct 1,Write-in,19
20,DEM County Commissioner 8th District,Schoolcraft Township Precinct 1,Write-in,18
20,DEM County Commissioner 8th District,Schoolcraft Township Precinct 2,Write-in,8
20,DEM County Commissioner 8th District,Schoolcraft Township Precinct 3,Write-in,41
20,DEM County Commissioner 8th District,Schoolcraft Township Precinct 4,Write-in,11
20,DEM County Commissioner 8th District,Portage City Precinct 2,Write-in,11
21,DEM County Commissioner 9th District,Oshtemo Township Precinct 4,Keshia Dickason,456
21,DEM County Commissioner 9th District,Oshtemo Township Precinct 4,Write-in,4
21,DEM County Commissioner 9th District,Oshtemo Township Precinct 5,Keshia Dickason,244
21,DEM County Commissioner 9th District,Oshtemo Township Precinct 5,Write-in,0
21,DEM County Commissioner 9th District,Oshtemo Township Precinct 7,Keshia Dickason,327
21,DEM County Commissioner 9th District,Oshtemo Township Precinct 7,Write-in,3
21,DEM County Commissioner 9th District,Oshtemo Township Precinct 8,Keshia Dickason,194
21,DEM County Commissioner 9th District,Oshtemo Township Precinct 8,Write-in,1
21,DEM County Commissioner 9th District,Texas Township Precinct 1,Keshia Dickason,295
21,DEM County Commissioner 9th District,Texas Township Precinct 1,Write-in,0
21,DEM County Commissioner 9th District,Texas Township Precinct 2,Keshia Dickason,233
21,DEM County Commissioner 9th District,Texas Township Precinct 2,Write-in,0
21,DEM County Commissioner 9th District,Texas Township Precinct 3,Keshia Dickason,327
21,DEM County Commissioner 9th District,Texas Township Precinct 3,Write-in,2
21,DEM County Commissioner 9th District,Texas Township Precinct 4,Keshia Dickason,418
21,DEM County Commissioner 9th District,Texas Township Precinct 4,Write-in,2
21,DEM County Commissioner 9th District,Texas Township Precinct 5,Keshia Dickason,455
21,DEM County Commissioner 9th District,Texas Township Precinct 5,Write-in,0
21,DEM County Commissioner 9th District,Texas Township Precinct 6,Keshia Dickason,372
21,DEM County Commissioner 9th District,Texas Township Precinct 6,Write-in,0
22,DEM County Commissioner 10th District,Portage City Precinct 1,Mike Quinn,267
22,DEM County Commissioner 10th District,Portage City Precinct 1,Write-in,1
22,DEM County Commissioner 10th District,Portage City Precinct 8,Mike Quinn,417
22,DEM County Commissioner 10th District,Portage City Precinct 8,Write-in,0
22,DEM County Commissioner 10th District,Portage City Precinct 9,Mike Quinn,299
22,DEM County Commissioner 10th District,Portage City Precinct 9,Write-in,0
22,DEM County Commissioner 10th District,Portage City Precinct 10,Mike Quinn,284
22,DEM County Commissioner 10th District,Portage City Precinct 10,Write-in,0
22,DEM County Commissioner 10th District,Portage City Precinct 11,Mike Quinn,433
22,DEM County Commissioner 10th District,Portage City Precinct 11,Write-in,1
22,DEM County Commissioner 10th District,Portage City Precinct 13,Mike Quinn,484
22,DEM County Commissioner 10th District,Portage City Precinct 13,Write-in,1
22,DEM County Commissioner 10th District,Portage City Precinct 14,Mike Quinn,332
22,DEM County Commissioner 10th District,Portage City Precinct 14,Write-in,1
22,DEM County Commissioner 10th District,Portage City Precinct 16,Mike Quinn,413
22,DEM County Commissioner 10th District,Portage City Precinct 16,Write-in,1
22,DEM County Commissioner 10th District,Portage City Precinct 18,Mike Quinn,357
22,DEM County Commissioner 10th District,Portage City Precinct 18,Write-in,0
23,DEM County Commissioner 11th District,Portage City Precinct 3,Fran Bruder Melgar,350
23,DEM County Commissioner 11th District,Portage City Precinct 3,Write-in,0
23,DEM County Commissioner 11th District,Portage City Precinct 4,Fran Bruder Melgar,273
23,DEM County Commissioner 11th District,Portage City Precinct 4,Write-in,0
23,DEM County Commissioner 11th District,Portage City Precinct 5,Fran Bruder Melgar,239
23,DEM County Commissioner 11th District,Portage City Precinct 5,Write-in,0
23,DEM County Commissioner 11th District,Portage City Precinct 6,Fran Bruder Melgar,310
23,DEM County Commissioner 11th District,Portage City Precinct 6,Write-in,0
23,DEM County Commissioner 11th District,Portage City Precinct 7,Fran Bruder Melgar,137
23,DEM County Commissioner 11th District,Portage City Precinct 7,Write-in,0
23,DEM County Commissioner 11th District,Portage City Precinct 12,Fran Bruder Melgar,436
23,DEM County Commissioner 11th District,Portage City Precinct 12,Write-in,1
23,DEM County Commissioner 11th District,Portage City Precinct 15,Fran Bruder Melgar,330
23,DEM County Commissioner 11th District,Portage City Precinct 15,Write-in,0
23,DEM County Commissioner 11th District,Portage City Precinct 17,Fran Bruder Melgar,329
23,DEM County Commissioner 11th District,Portage City Precinct 17,Write-in,0
23,DEM County Commissioner 11th District,Portage City Precinct 19,Fran Bruder Melgar,346
23,DEM County Commissioner 11th District,Portage City Precinct 19,Write-in,2
23,DEM County Commissioner 11th District,Portage City Precinct 20,Fran Bruder Melgar,314
23,DEM County Commissioner 11th District,Portage City Precinct 20,Write-in,0
24,REP United States Senator,Alamo 1,John James,245
24,REP United States Senator,Alamo 1,Write-in,5
24,REP United States Senator,Alamo Township Precinct 2,John James,380
24,REP United States Senator,Alamo Township Precinct 2,Write-in,3
24,REP United States Senator,Brady Township Precinct 1,John James,305
24,REP United States Senator,Brady Township Precinct 1,Write-in,2
24,REP United States Senator,Brady Township Precinct 2,John James,356
24,REP United States Senator,Brady Township Precinct 2,Write-in,5
24,REP United States Senator,Charleston Township Precinct 1,John James,437
24,REP United States Senator,Charleston Township Precinct 1,Write-in,1
24,REP United States Senator,Climax Township Precinct 1,John James,506
24,REP United States Senator,Climax Township Precinct 1,Write-in,0
24,REP United States Senator,Comstock Township Precinct 1,John James,295
24,REP United States Senator,Comstock Township Precinct 1,Write-in,5
24,REP United States Senator,Comstock Township Precinct 2,John James,252
24,REP United States Senator,Comstock Township Precinct 2,Write-in,3
24,REP United States Senator,Comstock Township Precinct 3,John James,214
24,REP United States Senator,Comstock Township Precinct 3,Write-in,2
24,REP United States Senator,Comstock Township Precinct 4,John James,198
24,REP United States Senator,Comstock Township Precinct 4,Write-in,2
24,REP United States Senator,Comstock Township Precinct 5,John James,224
24,REP United States Senator,Comstock Township Precinct 5,Write-in,3
24,REP United States Senator,Comstock Township Precinct 6,John James,205
24,REP United States Senator,Comstock Township Precinct 6,Write-in,1
24,REP United States Senator,Comstock Township Precinct 7,John James,75
24,REP United States Senator,Comstock Township Precinct 7,Write-in,1
24,REP United States Senator,Cooper Township Precinct 1,John James,178
24,REP United States Senator,Cooper Township Precinct 1,Write-in,1
24,REP United States Senator,Cooper Township Precinct 2,John James,258
24,REP United States Senator,Cooper Township Precinct 2,Write-in,2
24,REP United States Senator,Cooper Township Precinct 3,John James,427
24,REP United States Senator,Cooper Township Precinct 3,Write-in,9
24,REP United States Senator,Cooper Township Precinct 4,John James,488
24,REP United States Senator,Cooper Township Precinct 4,Write-in,5
24,REP United States Senator,Cooper Township Precinct 5,John James,33
24,REP United States Senator,Cooper Township Precinct 5,Write-in,0
24,REP United States Senator,Kalamazoo Township Precinct 1,John James,26
24,REP United States Senator,Kalamazoo Township Precinct 1,Write-in,0
24,REP United States Senator,Kalamazoo Township Precinct 2,John James,78
24,REP United States Senator,Kalamazoo Township Precinct 2,Write-in,0
24,REP United States Senator,Kalamazoo Township Precinct 3,John James,269
24,REP United States Senator,Kalamazoo Township Precinct 3,Write-in,2
24,REP United States Senator,Kalamazoo Township Precinct 4,John James,95
24,REP United States Senator,Kalamazoo Township Precinct 4,Write-in,0
24,REP United States Senator,Kalamazoo Township Precinct 5,John James,115
24,REP United States Senator,Kalamazoo Township Precinct 5,Write-in,0
24,REP United States Senator,Kalamazoo Township Precinct 6,John James,77
24,REP United States Senator,Kalamazoo Township Precinct 6,Write-in,0
24,REP United States Senator,Kalamazoo Township Precinct 7,John James,299
24,REP United States Senator,Kalamazoo Township Precinct 7,Write-in,0
24,REP United States Senator,Kalamazoo Township Precinct 8,John James,102
24,REP United States Senator,Kalamazoo Township Precinct 8,Write-in,1
24,REP United States Senator,Kalamazoo Township Precinct 9,John James,64
24,REP United States Senator,Kalamazoo Township Precinct 9,Write-in,0
24,REP United States Senator,Kalamazoo Township Precinct 10,John James,117
24,REP United States Senator,Kalamazoo Township Precinct 10,Write-in,0
24,REP United States Senator,Oshtemo Township Precinct 1,John James,209
24,REP United States Senator,Oshtemo Township Precinct 1,Write-in,1
24,REP United States Senator,Oshtemo Township Precinct 2,John James,301
24,REP United States Senator,Oshtemo Township Precinct 2,Write-in,1
24,REP United States Senator,Oshtemo Township Precinct 3,John James,162
24,REP United States Senator,Oshtemo Township Precinct 3,Write-in,0
24,REP United States Senator,Oshtemo Township Precinct 4,John James,212
24,REP United States Senator,Oshtemo Township Precinct 4,Write-in,6
24,REP United States Senator,Oshtemo Township Precinct 5,John James,63
24,REP United States Senator,Oshtemo Township Precinct 5,Write-in,0
24,REP United States Senator,Oshtemo Township Precinct 6,John James,191
24,REP United States Senator,Oshtemo Township Precinct 6,Write-in,2
24,REP United States Senator,Oshtemo Township Precinct 7,John James,160
24,REP United States Senator,Oshtemo Township Precinct 7,Write-in,2
24,REP United States Senator,Oshtemo Township Precinct 8,John James,99
24,REP United States Senator,Oshtemo Township Precinct 8,Write-in,2
24,REP United States Senator,Oshtemo Township Precinct 9,John James,193
24,REP United States Senator,Oshtemo Township Precinct 9,Write-in,1
24,REP United States Senator,Oshtemo Township Precinct 10,John James,117
24,REP United States Senator,Oshtemo Township Precinct 10,Write-in,2
24,REP United States Senator,Pavilion Township Precinct 1,John James,312
24,REP United States Senator,Pavilion Township Precinct 1,Write-in,2
24,REP United States Senator,Pavilion Township Precinct 2,John James,197
24,REP United States Senator,Pavilion Township Precinct 2,Write-in,3
24,REP United States Senator,Pavilion Township Precinct 3,John James,151
24,REP United States Senator,Pavilion Township Precinct 3,Write-in,2
24,REP United States Senator,Prairie Ronde Township Precinct 1,John James,419
24,REP United States Senator,Prairie Ronde Township Precinct 1,Write-in,1
24,REP United States Senator,Richland Township Precinct 1,John James,400
24,REP United States Senator,Richland Township Precinct 1,Write-in,1
24,REP United States Senator,Richland Township Precinct 2,John James,242
24,REP United States Senator,Richland Township Precinct 2,Write-in,0
24,REP United States Senator,Richland Township Precinct 3,John James,365
24,REP United States Senator,Richland Township Precinct 3,Write-in,2
24,REP United States Senator,Ross Township Precinct 1,John James,427
24,REP United States Senator,Ross Township Precinct 1,Write-in,6
24,REP United States Senator,Ross Township Precinct 2,John James,479
24,REP United States Senator,Ross Township Precinct 2,Write-in,5
24,REP United States Senator,Schoolcraft Township Precinct 1,John James,310
24,REP United States Senator,Schoolcraft Township Precinct 1,Write-in,2
24,REP United States Senator,Schoolcraft Township Precinct 2,John James,169
24,REP United States Senator,Schoolcraft Township Precinct 2,Write-in,1
24,REP United States Senator,Schoolcraft Township Precinct 3,John James,399
24,REP United States Senator,Schoolcraft Township Precinct 3,Write-in,5
24,REP United States Senator,Schoolcraft Township Precinct 4,John James,241
24,REP United States Senator,Schoolcraft Township Precinct 4,Write-in,0
24,REP United States Senator,Texas Township Precinct 1,John James,353
24,REP United States Senator,Texas Township Precinct 1,Write-in,3
24,REP United States Senator,Texas Township Precinct 2,John James,313
24,REP United States Senator,Texas Township Precinct 2,Write-in,2
24,REP United States Senator,Texas Township Precinct 3,John James,201
24,REP United States Senator,Texas Township Precinct 3,Write-in,1
24,REP United States Senator,Texas Township Precinct 4,John James,359
24,REP United States Senator,Texas Township Precinct 4,Write-in,3
24,REP United States Senator,Texas Township Precinct 5,John James,417
24,REP United States Senator,Texas Township Precinct 5,Write-in,0
24,REP United States Senator,Texas Township Precinct 6,John James,368
24,REP United States Senator,Texas Township Precinct 6,Write-in,3
24,REP United States Senator,Wakeshma Township Precinct 1,John James,171
24,REP United States Senator,Wakeshma Township Precinct 1,Write-in,2
24,REP United States Senator,Galesburg City Precinct 1,John James,85
24,REP United States Senator,Galesburg City Precinct 1,Write-in,0
24,REP United States Senator,Kalamazoo City Precinct 1,John James,62
24,REP United States Senator,Kalamazoo City Precinct 1,Write-in,0
24,REP United States Senator,Kalamazoo City Precinct 2,John James,24
24,REP United States Senator,Kalamazoo City Precinct 2,Write-in,0
24,REP United States Senator,Kalamazoo City Precinct 3,John James,27
24,REP United States Senator,Kalamazoo City Precinct 3,Write-in,1
24,REP United States Senator,Kalamazoo City Precinct 4,John James,7
24,REP United States Senator,Kalamazoo City Precinct 4,Write-in,0
24,REP United States Senator,Kalamazoo City Precinct 5,John James,89
24,REP United States Senator,Kalamazoo City Precinct 5,Write-in,0
24,REP United States Senator,Kalamazoo City Precinct 6,John James,158
24,REP United States Senator,Kalamazoo City Precinct 6,Write-in,1
24,REP United States Senator,Kalamazoo City Precinct 7,John James,33
24,REP United States Senator,Kalamazoo City Precinct 7,Write-in,0
24,REP United States Senator,Kalamazoo City Precinct 8,John James,12
24,REP United States Senator,Kalamazoo City Precinct 8,Write-in,1
24,REP United States Senator,Kalamazoo City Precinct 9,John James,2
24,REP United States Senator,Kalamazoo City Precinct 9,Write-in,0
24,REP United States Senator,Kalamazoo City Precinct 10,John James,162
24,REP United States Senator,Kalamazoo City Precinct 10,Write-in,0
24,REP United States Senator,Kalamazoo City Precinct 11,John James,16
24,REP United States Senator,Kalamazoo City Precinct 11,Write-in,0
24,REP United States Senator,Kalamazoo City Precinct 12,John James,126
24,REP United States Senator,Kalamazoo City Precinct 12,Write-in,5
24,REP United States Senator,Kalamazoo City Precinct 13,John James,26
24,REP United States Senator,Kalamazoo City Precinct 13,Write-in,0
24,REP United States Senator,Kalamazoo City Precinct 14,John James,40
24,REP United States Senator,Kalamazoo City Precinct 14,Write-in,0
24,REP United States Senator,Kalamazoo City Precinct 15,John James,56
24,REP United States Senator,Kalamazoo City Precinct 15,Write-in,0
24,REP United States Senator,Kalamazoo City Precinct 16,John James,121
24,REP United States Senator,Kalamazoo City Precinct 16,Write-in,0
24,REP United States Senator,Kalamazoo City Precinct 17,John James,121
24,REP United States Senator,Kalamazoo City Precinct 17,Write-in,0
24,REP United States Senator,Kalamazoo City Precinct 18,John James,95
24,REP United States Senator,Kalamazoo City Precinct 18,Write-in,1
24,REP United States Senator,Kalamazoo City Precinct 19,John James,96
24,REP United States Senator,Kalamazoo City Precinct 19,Write-in,2
24,REP United States Senator,Kalamazoo City Precinct 20,John James,104
24,REP United States Senator,Kalamazoo City Precinct 20,Write-in,0
24,REP United States Senator,Kalamazoo City Precinct 21,John James,105
24,REP United States Senator,Kalamazoo City Precinct 21,Write-in,1
24,REP United States Senator,Kalamazoo City Precinct 22,John James,94
24,REP United States Senator,Kalamazoo City Precinct 22,Write-in,3
24,REP United States Senator,Kalamazoo City Precinct 23,John James,61
24,REP United States Senator,Kalamazoo City Precinct 23,Write-in,2
24,REP United States Senator,Kalamazoo City Precinct 24,John James,52
24,REP United States Senator,Kalamazoo City Precinct 24,Write-in,1
24,REP United States Senator,Kalamazoo City Precinct 25,John James,145
24,REP United States Senator,Kalamazoo City Precinct 25,Write-in,0
24,REP United States Senator,Kalamazoo City Precinct 26,John James,150
24,REP United States Senator,Kalamazoo City Precinct 26,Write-in,3
24,REP United States Senator,Kalamazoo City Precinct 27,John James,19
24,REP United States Senator,Kalamazoo City Precinct 27,Write-in,1
24,REP United States Senator,Parchment City Precinct 1,John James,143
24,REP United States Senator,Parchment City Precinct 1,Write-in,1
24,REP United States Senator,Portage City Precinct 1,John James,142
24,REP United States Senator,Portage City Precinct 1,Write-in,0
24,REP United States Senator,Portage City Precinct 2,John James,78
24,REP United States Senator,Portage City Precinct 2,Write-in,0
24,REP United States Senator,Portage City Precinct 3,John James,270
24,REP United States Senator,Portage City Precinct 3,Write-in,0
24,REP United States Senator,Portage City Precinct 4,John James,263
24,REP United States Senator,Portage City Precinct 4,Write-in,0
24,REP United States Senator,Portage City Precinct 5,John James,207
24,REP United States Senator,Portage City Precinct 5,Write-in,0
24,REP United States Senator,Portage City Precinct 6,John James,303
24,REP United States Senator,Portage City Precinct 6,Write-in,0
24,REP United States Senator,Portage City Precinct 7,John James,53
24,REP United States Senator,Portage City Precinct 7,Write-in,0
24,REP United States Senator,Portage City Precinct 8,John James,271
24,REP United States Senator,Portage City Precinct 8,Write-in,0
24,REP United States Senator,Portage City Precinct 9,John James,212
24,REP United States Senator,Portage City Precinct 9,Write-in,2
24,REP United States Senator,Portage City Precinct 10,John James,350
24,REP United States Senator,Portage City Precinct 10,Write-in,0
24,REP United States Senator,Portage City Precinct 11,John James,219
24,REP United States Senator,Portage City Precinct 11,Write-in,0
24,REP United States Senator,Portage City Precinct 12,John James,379
24,REP United States Senator,Portage City Precinct 12,Write-in,4
24,REP United States Senator,Portage City Precinct 13,John James,380
24,REP United States Senator,Portage City Precinct 13,Write-in,0
24,REP United States Senator,Portage City Precinct 14,John James,217
24,REP United States Senator,Portage City Precinct 14,Write-in,4
24,REP United States Senator,Portage City Precinct 15,John James,179
24,REP United States Senator,Portage City Precinct 15,Write-in,2
24,REP United States Senator,Portage City Precinct 16,John James,284
24,REP United States Senator,Portage City Precinct 16,Write-in,1
24,REP United States Senator,Portage City Precinct 17,John James,323
24,REP United States Senator,Portage City Precinct 17,Write-in,0
24,REP United States Senator,Portage City Precinct 18,John James,243
24,REP United States Senator,Portage City Precinct 18,Write-in,0
24,REP United States Senator,Portage City Precinct 19,John James,212
24,REP United States Senator,Portage City Precinct 19,Write-in,1
24,REP United States Senator,Portage City Precinct 20,John James,150
24,REP United States Senator,Portage City Precinct 20,Write-in,0
25,REP Representative in Congress,Alamo 1,Elena Oelke,80
25,REP Representative in Congress,Alamo 1,Fred Upton,186
25,REP Representative in Congress,Alamo 1,Write-in,1
25,REP Representative in Congress,Alamo Township Precinct 2,Elena Oelke,136
25,REP Representative in Congress,Alamo Township Precinct 2,Fred Upton,270
25,REP Representative in Congress,Alamo Township Precinct 2,Write-in,0
25,REP Representative in Congress,Brady Township Precinct 1,Elena Oelke,105
25,REP Representative in Congress,Brady Township Precinct 1,Fred Upton,228
25,REP Representative in Congress,Brady Township Precinct 1,Write-in,1
25,REP Representative in Congress,Brady Township Precinct 2,Elena Oelke,119
25,REP Representative in Congress,Brady Township Precinct 2,Fred Upton,270
25,REP Representative in Congress,Brady Township Precinct 2,Write-in,2
25,REP Representative in Congress,Charleston Township Precinct 1,Elena Oelke,125
25,REP Representative in Congress,Charleston Township Precinct 1,Fred Upton,333
25,REP Representative in Congress,Charleston Township Precinct 1,Write-in,0
25,REP Representative in Congress,Climax Township Precinct 1,Elena Oelke,146
25,REP Representative in Congress,Climax Township Precinct 1,Fred Upton,380
25,REP Representative in Congress,Climax Township Precinct 1,Write-in,0
25,REP Representative in Congress,Comstock Township Precinct 1,Elena Oelke,98
25,REP Representative in Congress,Comstock Township Precinct 1,Fred Upton,218
25,REP Representative in Congress,Comstock Township Precinct 1,Write-in,1
25,REP Representative in Congress,Comstock Township Precinct 2,Elena Oelke,105
25,REP Representative in Congress,Comstock Township Precinct 2,Fred Upton,155
25,REP Representative in Congress,Comstock Township Precinct 2,Write-in,0
25,REP Representative in Congress,Comstock Township Precinct 3,Elena Oelke,79
25,REP Representative in Congress,Comstock Township Precinct 3,Fred Upton,150
25,REP Representative in Congress,Comstock Township Precinct 3,Write-in,0
25,REP Representative in Congress,Comstock Township Precinct 4,Elena Oelke,46
25,REP Representative in Congress,Comstock Township Precinct 4,Fred Upton,165
25,REP Representative in Congress,Comstock Township Precinct 4,Write-in,0
25,REP Representative in Congress,Comstock Township Precinct 5,Elena Oelke,93
25,REP Representative in Congress,Comstock Township Precinct 5,Fred Upton,153
25,REP Representative in Congress,Comstock Township Precinct 5,Write-in,0
25,REP Representative in Congress,Comstock Township Precinct 6,Elena Oelke,61
25,REP Representative in Congress,Comstock Township Precinct 6,Fred Upton,149
25,REP Representative in Congress,Comstock Township Precinct 6,Write-in,0
25,REP Representative in Congress,Comstock Township Precinct 7,Elena Oelke,19
25,REP Representative in Congress,Comstock Township Precinct 7,Fred Upton,58
25,REP Representative in Congress,Comstock Township Precinct 7,Write-in,1
25,REP Representative in Congress,Cooper Township Precinct 1,Elena Oelke,56
25,REP Representative in Congress,Cooper Township Precinct 1,Fred Upton,132
25,REP Representative in Congress,Cooper Township Precinct 1,Write-in,0
25,REP Representative in Congress,Cooper Township Precinct 2,Elena Oelke,106
25,REP Representative in Congress,Cooper Township Precinct 2,Fred Upton,177
25,REP Representative in Congress,Cooper Township Precinct 2,Write-in,1
25,REP Representative in Congress,Cooper Township Precinct 3,Elena Oelke,166
25,REP Representative in Congress,Cooper Township Precinct 3,Fred Upton,305
25,REP Representative in Congress,Cooper Township Precinct 3,Write-in,1
25,REP Representative in Congress,Cooper Township Precinct 4,Elena Oelke,172
25,REP Representative in Congress,Cooper Township Precinct 4,Fred Upton,347
25,REP Representative in Congress,Cooper Township Precinct 4,Write-in,0
25,REP Representative in Congress,Cooper Township Precinct 5,Elena Oelke,9
25,REP Representative in Congress,Cooper Township Precinct 5,Fred Upton,25
25,REP Representative in Congress,Cooper Township Precinct 5,Write-in,0
25,REP Representative in Congress,Kalamazoo Township Precinct 1,Elena Oelke,10
25,REP Representative in Congress,Kalamazoo Township Precinct 1,Fred Upton,18
25,REP Representative in Congress,Kalamazoo Township Precinct 1,Write-in,0
25,REP Representative in Congress,Kalamazoo Township Precinct 2,Elena Oelke,35
25,REP Representative in Congress,Kalamazoo Township Precinct 2,Fred Upton,46
25,REP Representative in Congress,Kalamazoo Township Precinct 2,Write-in,0
25,REP Representative in Congress,Kalamazoo Township Precinct 3,Elena Oelke,77
25,REP Representative in Congress,Kalamazoo Township Precinct 3,Fred Upton,214
25,REP Representative in Congress,Kalamazoo Township Precinct 3,Write-in,0
25,REP Representative in Congress,Kalamazoo Township Precinct 4,Elena Oelke,30
25,REP Representative in Congress,Kalamazoo Township Precinct 4,Fred Upton,70
25,REP Representative in Congress,Kalamazoo Township Precinct 4,Write-in,0
25,REP Representative in Congress,Kalamazoo Township Precinct 5,Elena Oelke,36
25,REP Representative in Congress,Kalamazoo Township Precinct 5,Fred Upton,83
25,REP Representative in Congress,Kalamazoo Township Precinct 5,Write-in,0
25,REP Representative in Congress,Kalamazoo Township Precinct 6,Elena Oelke,17
25,REP Representative in Congress,Kalamazoo Township Precinct 6,Fred Upton,60
25,REP Representative in Congress,Kalamazoo Township Precinct 6,Write-in,0
25,REP Representative in Congress,Kalamazoo Township Precinct 7,Elena Oelke,99
25,REP Representative in Congress,Kalamazoo Township Precinct 7,Fred Upton,214
25,REP Representative in Congress,Kalamazoo Township Precinct 7,Write-in,0
25,REP Representative in Congress,Kalamazoo Township Precinct 8,Elena Oelke,52
25,REP Representative in Congress,Kalamazoo Township Precinct 8,Fred Upton,63
25,REP Representative in Congress,Kalamazoo Township Precinct 8,Write-in,0
25,REP Representative in Congress,Kalamazoo Township Precinct 9,Elena Oelke,22
25,REP Representative in Congress,Kalamazoo Township Precinct 9,Fred Upton,41
25,REP Representative in Congress,Kalamazoo Township Precinct 9,Write-in,0
25,REP Representative in Congress,Kalamazoo Township Precinct 10,Elena Oelke,51
25,REP Representative in Congress,Kalamazoo Township Precinct 10,Fred Upton,71
25,REP Representative in Congress,Kalamazoo Township Precinct 10,Write-in,0
25,REP Representative in Congress,Oshtemo Township Precinct 1,Elena Oelke,67
25,REP Representative in Congress,Oshtemo Township Precinct 1,Fred Upton,148
25,REP Representative in Congress,Oshtemo Township Precinct 1,Write-in,0
25,REP Representative in Congress,Oshtemo Township Precinct 2,Elena Oelke,99
25,REP Representative in Congress,Oshtemo Township Precinct 2,Fred Upton,215
25,REP Representative in Congress,Oshtemo Township Precinct 2,Write-in,0
25,REP Representative in Congress,Oshtemo Township Precinct 3,Elena Oelke,39
25,REP Representative in Congress,Oshtemo Township Precinct 3,Fred Upton,134
25,REP Representative in Congress,Oshtemo Township Precinct 3,Write-in,0
25,REP Representative in Congress,Oshtemo Township Precinct 4,Elena Oelke,48
25,REP Representative in Congress,Oshtemo Township Precinct 4,Fred Upton,176
25,REP Representative in Congress,Oshtemo Township Precinct 4,Write-in,0
25,REP Representative in Congress,Oshtemo Township Precinct 5,Elena Oelke,15
25,REP Representative in Congress,Oshtemo Township Precinct 5,Fred Upton,50
25,REP Representative in Congress,Oshtemo Township Precinct 5,Write-in,0
25,REP Representative in Congress,Oshtemo Township Precinct 6,Elena Oelke,40
25,REP Representative in Congress,Oshtemo Township Precinct 6,Fred Upton,168
25,REP Representative in Congress,Oshtemo Township Precinct 6,Write-in,0
25,REP Representative in Congress,Oshtemo Township Precinct 7,Elena Oelke,44
25,REP Representative in Congress,Oshtemo Township Precinct 7,Fred Upton,127
25,REP Representative in Congress,Oshtemo Township Precinct 7,Write-in,0
25,REP Representative in Congress,Oshtemo Township Precinct 8,Elena Oelke,45
25,REP Representative in Congress,Oshtemo Township Precinct 8,Fred Upton,64
25,REP Representative in Congress,Oshtemo Township Precinct 8,Write-in,1
25,REP Representative in Congress,Oshtemo Township Precinct 9,Elena Oelke,72
25,REP Representative in Congress,Oshtemo Township Precinct 9,Fred Upton,140
25,REP Representative in Congress,Oshtemo Township Precinct 9,Write-in,0
25,REP Representative in Congress,Oshtemo Township Precinct 10,Elena Oelke,30
25,REP Representative in Congress,Oshtemo Township Precinct 10,Fred Upton,94
25,REP Representative in Congress,Oshtemo Township Precinct 10,Write-in,0
25,REP Representative in Congress,Pavilion Township Precinct 1,Elena Oelke,129
25,REP Representative in Congress,Pavilion Township Precinct 1,Fred Upton,200
25,REP Representative in Congress,Pavilion Township Precinct 1,Write-in,1
25,REP Representative in Congress,Pavilion Township Precinct 2,Elena Oelke,66
25,REP Representative in Congress,Pavilion Township Precinct 2,Fred Upton,145
25,REP Representative in Congress,Pavilion Township Precinct 2,Write-in,0
25,REP Representative in Congress,Pavilion Township Precinct 3,Elena Oelke,52
25,REP Representative in Congress,Pavilion Township Precinct 3,Fred Upton,105
25,REP Representative in Congress,Pavilion Township Precinct 3,Write-in,0
25,REP Representative in Congress,Prairie Ronde Township Precinct 1,Elena Oelke,168
25,REP Representative in Congress,Prairie Ronde Township Precinct 1,Fred Upton,265
25,REP Representative in Congress,Prairie Ronde Township Precinct 1,Write-in,2
25,REP Representative in Congress,Richland Township Precinct 1,Elena Oelke,147
25,REP Representative in Congress,Richland Township Precinct 1,Fred Upton,276
25,REP Representative in Congress,Richland Township Precinct 1,Write-in,0
25,REP Representative in Congress,Richland Township Precinct 2,Elena Oelke,76
25,REP Representative in Congress,Richland Township Precinct 2,Fred Upton,188
25,REP Representative in Congress,Richland Township Precinct 2,Write-in,0
25,REP Representative in Congress,Richland Township Precinct 3,Elena Oelke,119
25,REP Representative in Congress,Richland Township Precinct 3,Fred Upton,263
25,REP Representative in Congress,Richland Township Precinct 3,Write-in,0
25,REP Representative in Congress,Ross Township Precinct 1,Elena Oelke,146
25,REP Representative in Congress,Ross Township Precinct 1,Fred Upton,313
25,REP Representative in Congress,Ross Township Precinct 1,Write-in,1
25,REP Representative in Congress,Ross Township Precinct 2,Elena Oelke,176
25,REP Representative in Congress,Ross Township Precinct 2,Fred Upton,343
25,REP Representative in Congress,Ross Township Precinct 2,Write-in,0
25,REP Representative in Congress,Schoolcraft Township Precinct 1,Elena Oelke,101
25,REP Representative in Congress,Schoolcraft Township Precinct 1,Fred Upton,237
25,REP Representative in Congress,Schoolcraft Township Precinct 1,Write-in,0
25,REP Representative in Congress,Schoolcraft Township Precinct 2,Elena Oelke,62
25,REP Representative in Congress,Schoolcraft Township Precinct 2,Fred Upton,116
25,REP Representative in Congress,Schoolcraft Township Precinct 2,Write-in,0
25,REP Representative in Congress,Schoolcraft Township Precinct 3,Elena Oelke,130
25,REP Representative in Congress,Schoolcraft Township Precinct 3,Fred Upton,304
25,REP Representative in Congress,Schoolcraft Township Precinct 3,Write-in,2
25,REP Representative in Congress,Schoolcraft Township Precinct 4,Elena Oelke,81
25,REP Representative in Congress,Schoolcraft Township Precinct 4,Fred Upton,177
25,REP Representative in Congress,Schoolcraft Township Precinct 4,Write-in,0
25,REP Representative in Congress,Texas Township Precinct 1,Elena Oelke,127
25,REP Representative in Congress,Texas Township Precinct 1,Fred Upton,244
25,REP Representative in Congress,Texas Township Precinct 1,Write-in,0
25,REP Representative in Congress,Texas Township Precinct 2,Elena Oelke,80
25,REP Representative in Congress,Texas Township Precinct 2,Fred Upton,253
25,REP Representative in Congress,Texas Township Precinct 2,Write-in,0
25,REP Representative in Congress,Texas Township Precinct 3,Elena Oelke,51
25,REP Representative in Congress,Texas Township Precinct 3,Fred Upton,166
25,REP Representative in Congress,Texas Township Precinct 3,Write-in,0
25,REP Representative in Congress,Texas Township Precinct 4,Elena Oelke,97
25,REP Representative in Congress,Texas Township Precinct 4,Fred Upton,286
25,REP Representative in Congress,Texas Township Precinct 4,Write-in,0
25,REP Representative in Congress,Texas Township Precinct 5,Elena Oelke,105
25,REP Representative in Congress,Texas Township Precinct 5,Fred Upton,330
25,REP Representative in Congress,Texas Township Precinct 5,Write-in,0
25,REP Representative in Congress,Texas Township Precinct 6,Elena Oelke,124
25,REP Representative in Congress,Texas Township Precinct 6,Fred Upton,261
25,REP Representative in Congress,Texas Township Precinct 6,Write-in,2
25,REP Representative in Congress,Wakeshma Township Precinct 1,Elena Oelke,58
25,REP Representative in Congress,Wakeshma Township Precinct 1,Fred Upton,126
25,REP Representative in Congress,Wakeshma Township Precinct 1,Write-in,2
25,REP Representative in Congress,Galesburg City Precinct 1,Elena Oelke,42
25,REP Representative in Congress,Galesburg City Precinct 1,Fred Upton,55
25,REP Representative in Congress,Galesburg City Precinct 1,Write-in,0
25,REP Representative in Congress,Kalamazoo City Precinct 1,Elena Oelke,16
25,REP Representative in Congress,Kalamazoo City Precinct 1,Fred Upton,46
25,REP Representative in Congress,Kalamazoo City Precinct 1,Write-in,0
25,REP Representative in Congress,Kalamazoo City Precinct 2,Elena Oelke,4
25,REP Representative in Congress,Kalamazoo City Precinct 2,Fred Upton,20
25,REP Representative in Congress,Kalamazoo City Precinct 2,Write-in,0
25,REP Representative in Congress,Kalamazoo City Precinct 3,Elena Oelke,13
25,REP Representative in Congress,Kalamazoo City Precinct 3,Fred Upton,15
25,REP Representative in Congress,Kalamazoo City Precinct 3,Write-in,0
25,REP Representative in Congress,Kalamazoo City Precinct 4,Elena Oelke,1
25,REP Representative in Congress,Kalamazoo City Precinct 4,Fred Upton,5
25,REP Representative in Congress,Kalamazoo City Precinct 4,Write-in,0
25,REP Representative in Congress,Kalamazoo City Precinct 5,Elena Oelke,23
25,REP Representative in Congress,Kalamazoo City Precinct 5,Fred Upton,67
25,REP Representative in Congress,Kalamazoo City Precinct 5,Write-in,0
25,REP Representative in Congress,Kalamazoo City Precinct 6,Elena Oelke,40
25,REP Representative in Congress,Kalamazoo City Precinct 6,Fred Upton,125
25,REP Representative in Congress,Kalamazoo City Precinct 6,Write-in,0
25,REP Representative in Congress,Kalamazoo City Precinct 7,Elena Oelke,13
25,REP Representative in Congress,Kalamazoo City Precinct 7,Fred Upton,22
25,REP Representative in Congress,Kalamazoo City Precinct 7,Write-in,0
25,REP Representative in Congress,Kalamazoo City Precinct 8,Elena Oelke,5
25,REP Representative in Congress,Kalamazoo City Precinct 8,Fred Upton,10
25,REP Representative in Congress,Kalamazoo City Precinct 8,Write-in,0
25,REP Representative in Congress,Kalamazoo City Precinct 9,Elena Oelke,2
25,REP Representative in Congress,Kalamazoo City Precinct 9,Fred Upton,0
25,REP Representative in Congress,Kalamazoo City Precinct 9,Write-in,0
25,REP Representative in Congress,Kalamazoo City Precinct 10,Elena Oelke,61
25,REP Representative in Congress,Kalamazoo City Precinct 10,Fred Upton,111
25,REP Representative in Congress,Kalamazoo City Precinct 10,Write-in,0
25,REP Representative in Congress,Kalamazoo City Precinct 11,Elena Oelke,8
25,REP Representative in Congress,Kalamazoo City Precinct 11,Fred Upton,8
25,REP Representative in Congress,Kalamazoo City Precinct 11,Write-in,1
25,REP Representative in Congress,Kalamazoo City Precinct 12,Elena Oelke,48
25,REP Representative in Congress,Kalamazoo City Precinct 12,Fred Upton,90
25,REP Representative in Congress,Kalamazoo City Precinct 12,Write-in,0
25,REP Representative in Congress,Kalamazoo City Precinct 13,Elena Oelke,5
25,REP Representative in Congress,Kalamazoo City Precinct 13,Fred Upton,20
25,REP Representative in Congress,Kalamazoo City Precinct 13,Write-in,1
25,REP Representative in Congress,Kalamazoo City Precinct 14,Elena Oelke,14
25,REP Representative in Congress,Kalamazoo City Precinct 14,Fred Upton,24
25,REP Representative in Congress,Kalamazoo City Precinct 14,Write-in,0
25,REP Representative in Congress,Kalamazoo City Precinct 15,Elena Oelke,18
25,REP Representative in Congress,Kalamazoo City Precinct 15,Fred Upton,36
25,REP Representative in Congress,Kalamazoo City Precinct 15,Write-in,1
25,REP Representative in Congress,Kalamazoo City Precinct 16,Elena Oelke,33
25,REP Representative in Congress,Kalamazoo City Precinct 16,Fred Upton,96
25,REP Representative in Congress,Kalamazoo City Precinct 16,Write-in,1
25,REP Representative in Congress,Kalamazoo City Precinct 17,Elena Oelke,28
25,REP Representative in Congress,Kalamazoo City Precinct 17,Fred Upton,101
25,REP Representative in Congress,Kalamazoo City Precinct 17,Write-in,1
25,REP Representative in Congress,Kalamazoo City Precinct 18,Elena Oelke,28
25,REP Representative in Congress,Kalamazoo City Precinct 18,Fred Upton,72
25,REP Representative in Congress,Kalamazoo City Precinct 18,Write-in,0
25,REP Representative in Congress,Kalamazoo City Precinct 19,Elena Oelke,36
25,REP Representative in Congress,Kalamazoo City Precinct 19,Fred Upton,61
25,REP Representative in Congress,Kalamazoo City Precinct 19,Write-in,0
25,REP Representative in Congress,Kalamazoo City Precinct 20,Elena Oelke,28
25,REP Representative in Congress,Kalamazoo City Precinct 20,Fred Upton,85
25,REP Representative in Congress,Kalamazoo City Precinct 20,Write-in,0
25,REP Representative in Congress,Kalamazoo City Precinct 21,Elena Oelke,14
25,REP Representative in Congress,Kalamazoo City Precinct 21,Fred Upton,91
25,REP Representative in Congress,Kalamazoo City Precinct 21,Write-in,0
25,REP Representative in Congress,Kalamazoo City Precinct 22,Elena Oelke,13
25,REP Representative in Congress,Kalamazoo City Precinct 22,Fred Upton,85
25,REP Representative in Congress,Kalamazoo City Precinct 22,Write-in,2
25,REP Representative in Congress,Kalamazoo City Precinct 23,Elena Oelke,13
25,REP Representative in Congress,Kalamazoo City Precinct 23,Fred Upton,57
25,REP Representative in Congress,Kalamazoo City Precinct 23,Write-in,1
25,REP Representative in Congress,Kalamazoo City Precinct 24,Elena Oelke,12
25,REP Representative in Congress,Kalamazoo City Precinct 24,Fred Upton,43
25,REP Representative in Congress,Kalamazoo City Precinct 24,Write-in,0
25,REP Representative in Congress,Kalamazoo City Precinct 25,Elena Oelke,34
25,REP Representative in Congress,Kalamazoo City Precinct 25,Fred Upton,118
25,REP Representative in Congress,Kalamazoo City Precinct 25,Write-in,0
25,REP Representative in Congress,Kalamazoo City Precinct 26,Elena Oelke,38
25,REP Representative in Congress,Kalamazoo City Precinct 26,Fred Upton,122
25,REP Representative in Congress,Kalamazoo City Precinct 26,Write-in,0
25,REP Representative in Congress,Kalamazoo City Precinct 27,Elena Oelke,2
25,REP Representative in Congress,Kalamazoo City Precinct 27,Fred Upton,16
25,REP Representative in Congress,Kalamazoo City Precinct 27,Write-in,1
25,REP Representative in Congress,Parchment City Precinct 1,Elena Oelke,36
25,REP Representative in Congress,Parchment City Precinct 1,Fred Upton,114
25,REP Representative in Congress,Parchment City Precinct 1,Write-in,1
25,REP Representative in Congress,Portage City Precinct 1,Elena Oelke,41
25,REP Representative in Congress,Portage City Precinct 1,Fred Upton,111
25,REP Representative in Congress,Portage City Precinct 1,Write-in,1
25,REP Representative in Congress,Portage City Precinct 2,Elena Oelke,29
25,REP Representative in Congress,Portage City Precinct 2,Fred Upton,53
25,REP Representative in Congress,Portage City Precinct 2,Write-in,0
25,REP Representative in Congress,Portage City Precinct 3,Elena Oelke,75
25,REP Representative in Congress,Portage City Precinct 3,Fred Upton,211
25,REP Representative in Congress,Portage City Precinct 3,Write-in,0
25,REP Representative in Congress,Portage City Precinct 4,Elena Oelke,90
25,REP Representative in Congress,Portage City Precinct 4,Fred Upton,191
25,REP Representative in Congress,Portage City Precinct 4,Write-in,0
25,REP Representative in Congress,Portage City Precinct 5,Elena Oelke,64
25,REP Representative in Congress,Portage City Precinct 5,Fred Upton,151
25,REP Representative in Congress,Portage City Precinct 5,Write-in,0
25,REP Representative in Congress,Portage City Precinct 6,Elena Oelke,109
25,REP Representative in Congress,Portage City Precinct 6,Fred Upton,212
25,REP Representative in Congress,Portage City Precinct 6,Write-in,0
25,REP Representative in Congress,Portage City Precinct 7,Elena Oelke,25
25,REP Representative in Congress,Portage City Precinct 7,Fred Upton,36
25,REP Representative in Congress,Portage City Precinct 7,Write-in,0
25,REP Representative in Congress,Portage City Precinct 8,Elena Oelke,64
25,REP Representative in Congress,Portage City Precinct 8,Fred Upton,218
25,REP Representative in Congress,Portage City Precinct 8,Write-in,1
25,REP Representative in Congress,Portage City Precinct 9,Elena Oelke,48
25,REP Representative in Congress,Portage City Precinct 9,Fred Upton,173
25,REP Representative in Congress,Portage City Precinct 9,Write-in,0
25,REP Representative in Congress,Portage City Precinct 10,Elena Oelke,98
25,REP Representative in Congress,Portage City Precinct 10,Fred Upton,279
25,REP Representative in Congress,Portage City Precinct 10,Write-in,0
25,REP Representative in Congress,Portage City Precinct 11,Elena Oelke,75
25,REP Representative in Congress,Portage City Precinct 11,Fred Upton,161
25,REP Representative in Congress,Portage City Precinct 11,Write-in,0
25,REP Representative in Congress,Portage City Precinct 12,Elena Oelke,106
25,REP Representative in Congress,Portage City Precinct 12,Fred Upton,298
25,REP Representative in Congress,Portage City Precinct 12,Write-in,1
25,REP Representative in Congress,Portage City Precinct 13,Elena Oelke,96
25,REP Representative in Congress,Portage City Precinct 13,Fred Upton,304
25,REP Representative in Congress,Portage City Precinct 13,Write-in,0
25,REP Representative in Congress,Portage City Precinct 14,Elena Oelke,81
25,REP Representative in Congress,Portage City Precinct 14,Fred Upton,146
25,REP Representative in Congress,Portage City Precinct 14,Write-in,1
25,REP Representative in Congress,Portage City Precinct 15,Elena Oelke,54
25,REP Representative in Congress,Portage City Precinct 15,Fred Upton,140
25,REP Representative in Congress,Portage City Precinct 15,Write-in,0
25,REP Representative in Congress,Portage City Precinct 16,Elena Oelke,80
25,REP Representative in Congress,Portage City Precinct 16,Fred Upton,215
25,REP Representative in Congress,Portage City Precinct 16,Write-in,0
25,REP Representative in Congress,Portage City Precinct 17,Elena Oelke,90
25,REP Representative in Congress,Portage City Precinct 17,Fred Upton,269
25,REP Representative in Congress,Portage City Precinct 17,Write-in,0
25,REP Representative in Congress,Portage City Precinct 18,Elena Oelke,64
25,REP Representative in Congress,Portage City Precinct 18,Fred Upton,193
25,REP Representative in Congress,Portage City Precinct 18,Write-in,0
25,REP Representative in Congress,Portage City Precinct 19,Elena Oelke,70
25,REP Representative in Congress,Portage City Precinct 19,Fred Upton,152
25,REP Representative in Congress,Portage City Precinct 19,Write-in,0
25,REP Representative in Congress,Portage City Precinct 20,Elena Oelke,42
25,REP Representative in Congress,Portage City Precinct 20,Fred Upton,121
25,REP Representative in Congress,Portage City Precinct 20,Write-in,0
26,REP State Representative 60th District,Kalamazoo Township Precinct 1,Gary Mitchell,26
26,REP State Representative 60th District,Kalamazoo Township Precinct 1,Write-in,0
26,REP State Representative 60th District,Kalamazoo Township Precinct 2,Gary Mitchell,76
26,REP State Representative 60th District,Kalamazoo Township Precinct 2,Write-in,1
26,REP State Representative 60th District,Kalamazoo Township Precinct 3,Gary Mitchell,275
26,REP State Representative 60th District,Kalamazoo Township Precinct 3,Write-in,0
26,REP State Representative 60th District,Kalamazoo Township Precinct 4,Gary Mitchell,91
26,REP State Representative 60th District,Kalamazoo Township Precinct 4,Write-in,0
26,REP State Representative 60th District,Kalamazoo Township Precinct 5,Gary Mitchell,110
26,REP State Representative 60th District,Kalamazoo Township Precinct 5,Write-in,0
26,REP State Representative 60th District,Kalamazoo Township Precinct 6,Gary Mitchell,69
26,REP State Representative 60th District,Kalamazoo Township Precinct 6,Write-in,0
26,REP State Representative 60th District,Kalamazoo Township Precinct 7,Gary Mitchell,295
26,REP State Representative 60th District,Kalamazoo Township Precinct 7,Write-in,0
26,REP State Representative 60th District,Kalamazoo Township Precinct 8,Gary Mitchell,103
26,REP State Representative 60th District,Kalamazoo Township Precinct 8,Write-in,0
26,REP State Representative 60th District,Kalamazoo Township Precinct 9,Gary Mitchell,60
26,REP State Representative 60th District,Kalamazoo Township Precinct 9,Write-in,0
26,REP State Representative 60th District,Kalamazoo City Precinct 1,Gary Mitchell,60
26,REP State Representative 60th District,Kalamazoo City Precinct 1,Write-in,0
26,REP State Representative 60th District,Kalamazoo City Precinct 2,Gary Mitchell,22
26,REP State Representative 60th District,Kalamazoo City Precinct 2,Write-in,0
26,REP State Representative 60th District,Kalamazoo City Precinct 3,Gary Mitchell,25
26,REP State Representative 60th District,Kalamazoo City Precinct 3,Write-in,0
26,REP State Representative 60th District,Kalamazoo City Precinct 4,Gary Mitchell,5
26,REP State Representative 60th District,Kalamazoo City Precinct 4,Write-in,0
26,REP State Representative 60th District,Kalamazoo City Precinct 5,Gary Mitchell,83
26,REP State Representative 60th District,Kalamazoo City Precinct 5,Write-in,0
26,REP State Representative 60th District,Kalamazoo City Precinct 6,Gary Mitchell,147
26,REP State Representative 60th District,Kalamazoo City Precinct 6,Write-in,0
26,REP State Representative 60th District,Kalamazoo City Precinct 7,Gary Mitchell,31
26,REP State Representative 60th District,Kalamazoo City Precinct 7,Write-in,0
26,REP State Representative 60th District,Kalamazoo City Precinct 8,Gary Mitchell,11
26,REP State Representative 60th District,Kalamazoo City Precinct 8,Write-in,1
26,REP State Representative 60th District,Kalamazoo City Precinct 9,Gary Mitchell,2
26,REP State Representative 60th District,Kalamazoo City Precinct 9,Write-in,0
26,REP State Representative 60th District,Kalamazoo City Precinct 10,Gary Mitchell,159
26,REP State Representative 60th District,Kalamazoo City Precinct 10,Write-in,1
26,REP State Representative 60th District,Kalamazoo City Precinct 11,Gary Mitchell,15
26,REP State Representative 60th District,Kalamazoo City Precinct 11,Write-in,1
26,REP State Representative 60th District,Kalamazoo City Precinct 12,Gary Mitchell,126
26,REP State Representative 60th District,Kalamazoo City Precinct 12,Write-in,3
26,REP State Representative 60th District,Kalamazoo City Precinct 13,Gary Mitchell,26
26,REP State Representative 60th District,Kalamazoo City Precinct 13,Write-in,0
26,REP State Representative 60th District,Kalamazoo City Precinct 14,Gary Mitchell,37
26,REP State Representative 60th District,Kalamazoo City Precinct 14,Write-in,0
26,REP State Representative 60th District,Kalamazoo City Precinct 15,Gary Mitchell,51
26,REP State Representative 60th District,Kalamazoo City Precinct 15,Write-in,1
26,REP State Representative 60th District,Kalamazoo City Precinct 16,Gary Mitchell,118
26,REP State Representative 60th District,Kalamazoo City Precinct 16,Write-in,0
26,REP State Representative 60th District,Kalamazoo City Precinct 17,Gary Mitchell,120
26,REP State Representative 60th District,Kalamazoo City Precinct 17,Write-in,0
26,REP State Representative 60th District,Kalamazoo City Precinct 18,Gary Mitchell,91
26,REP State Representative 60th District,Kalamazoo City Precinct 18,Write-in,0
26,REP State Representative 60th District,Kalamazoo City Precinct 19,Gary Mitchell,92
26,REP State Representative 60th District,Kalamazoo City Precinct 19,Write-in,0
26,REP State Representative 60th District,Kalamazoo City Precinct 20,Gary Mitchell,102
26,REP State Representative 60th District,Kalamazoo City Precinct 20,Write-in,0
26,REP State Representative 60th District,Kalamazoo City Precinct 21,Gary Mitchell,99
26,REP State Representative 60th District,Kalamazoo City Precinct 21,Write-in,1
26,REP State Representative 60th District,Kalamazoo City Precinct 22,Gary Mitchell,95
26,REP State Representative 60th District,Kalamazoo City Precinct 22,Write-in,1
26,REP State Representative 60th District,Kalamazoo City Precinct 23,Gary Mitchell,61
26,REP State Representative 60th District,Kalamazoo City Precinct 23,Write-in,2
26,REP State Representative 60th District,Kalamazoo City Precinct 24,Gary Mitchell,49
26,REP State Representative 60th District,Kalamazoo City Precinct 24,Write-in,1
26,REP State Representative 60th District,Kalamazoo City Precinct 25,Gary Mitchell,143
26,REP State Representative 60th District,Kalamazoo City Precinct 25,Write-in,0
26,REP State Representative 60th District,Kalamazoo City Precinct 26,Gary Mitchell,137
26,REP State Representative 60th District,Kalamazoo City Precinct 26,Write-in,1
26,REP State Representative 60th District,Kalamazoo City Precinct 27,Gary Mitchell,17
26,REP State Representative 60th District,Kalamazoo City Precinct 27,Write-in,1
27,REP State Representative 61st District,Oshtemo Township Precinct 1,Tom Graham,73
27,REP State Representative 61st District,Oshtemo Township Precinct 1,Bronwyn Haltom,128
27,REP State Representative 61st District,Oshtemo Township Precinct 1,Write-in,0
27,REP State Representative 61st District,Oshtemo Township Precinct 2,Tom Graham,138
27,REP State Representative 61st District,Oshtemo Township Precinct 2,Bronwyn Haltom,165
27,REP State Representative 61st District,Oshtemo Township Precinct 2,Write-in,0
27,REP State Representative 61st District,Oshtemo Township Precinct 3,Tom Graham,65
27,REP State Representative 61st District,Oshtemo Township Precinct 3,Bronwyn Haltom,96
27,REP State Representative 61st District,Oshtemo Township Precinct 3,Write-in,0
27,REP State Representative 61st District,Oshtemo Township Precinct 4,Tom Graham,104
27,REP State Representative 61st District,Oshtemo Township Precinct 4,Bronwyn Haltom,109
27,REP State Representative 61st District,Oshtemo Township Precinct 4,Write-in,0
27,REP State Representative 61st District,Oshtemo Township Precinct 5,Tom Graham,32
27,REP State Representative 61st District,Oshtemo Township Precinct 5,Bronwyn Haltom,31
27,REP State Representative 61st District,Oshtemo Township Precinct 5,Write-in,0
27,REP State Representative 61st District,Oshtemo Township Precinct 6,Tom Graham,80
27,REP State Representative 61st District,Oshtemo Township Precinct 6,Bronwyn Haltom,114
27,REP State Representative 61st District,Oshtemo Township Precinct 6,Write-in,1
27,REP State Representative 61st District,Oshtemo Township Precinct 7,Tom Graham,77
27,REP State Representative 61st District,Oshtemo Township Precinct 7,Bronwyn Haltom,78
27,REP State Representative 61st District,Oshtemo Township Precinct 7,Write-in,1
27,REP State Representative 61st District,Oshtemo Township Precinct 8,Tom Graham,51
27,REP State Representative 61st District,Oshtemo Township Precinct 8,Bronwyn Haltom,53
27,REP State Representative 61st District,Oshtemo Township Precinct 8,Write-in,1
27,REP State Representative 61st District,Oshtemo Township Precinct 9,Tom Graham,90
27,REP State Representative 61st District,Oshtemo Township Precinct 9,Bronwyn Haltom,102
27,REP State Representative 61st District,Oshtemo Township Precinct 9,Write-in,0
27,REP State Representative 61st District,Oshtemo Township Precinct 10,Tom Graham,58
27,REP State Representative 61st District,Oshtemo Township Precinct 10,Bronwyn Haltom,59
27,REP State Representative 61st District,Oshtemo Township Precinct 10,Write-in,0
27,REP State Representative 61st District,Prairie Ronde Township Precinct 1,Tom Graham,110
27,REP State Representative 61st District,Prairie Ronde Township Precinct 1,Bronwyn Haltom,298
27,REP State Representative 61st District,Prairie Ronde Township Precinct 1,Write-in,2
27,REP State Representative 61st District,Schoolcraft Township Precinct 1,Tom Graham,109
27,REP State Representative 61st District,Schoolcraft Township Precinct 1,Bronwyn Haltom,212
27,REP State Representative 61st District,Schoolcraft Township Precinct 1,Write-in,0
27,REP State Representative 61st District,Schoolcraft Township Precinct 2,Tom Graham,58
27,REP State Representative 61st District,Schoolcraft Township Precinct 2,Bronwyn Haltom,116
27,REP State Representative 61st District,Schoolcraft Township Precinct 2,Write-in,0
27,REP State Representative 61st District,Schoolcraft Township Precinct 3,Tom Graham,126
27,REP State Representative 61st District,Schoolcraft Township Precinct 3,Bronwyn Haltom,287
27,REP State Representative 61st District,Schoolcraft Township Precinct 3,Write-in,3
27,REP State Representative 61st District,Schoolcraft Township Precinct 4,Tom Graham,68
27,REP State Representative 61st District,Schoolcraft Township Precinct 4,Bronwyn Haltom,171
27,REP State Representative 61st District,Schoolcraft Township Precinct 4,Write-in,3
27,REP State Representative 61st District,Texas Township Precinct 1,Tom Graham,110
27,REP State Representative 61st District,Texas Township Precinct 1,Bronwyn Haltom,247
27,REP State Representative 61st District,Texas Township Precinct 1,Write-in,1
27,REP State Representative 61st District,Texas Township Precinct 2,Tom Graham,87
27,REP State Representative 61st District,Texas Township Precinct 2,Bronwyn Haltom,237
27,REP State Representative 61st District,Texas Township Precinct 2,Write-in,1
27,REP State Representative 61st District,Texas Township Precinct 3,Tom Graham,56
27,REP State Representative 61st District,Texas Township Precinct 3,Bronwyn Haltom,148
27,REP State Representative 61st District,Texas Township Precinct 3,Write-in,1
27,REP State Representative 61st District,Texas Township Precinct 4,Tom Graham,104
27,REP State Representative 61st District,Texas Township Precinct 4,Bronwyn Haltom,266
27,REP State Representative 61st District,Texas Township Precinct 4,Write-in,1
27,REP State Representative 61st District,Texas Township Precinct 5,Tom Graham,97
27,REP State Representative 61st District,Texas Township Precinct 5,Bronwyn Haltom,328
27,REP State Representative 61st District,Texas Township Precinct 5,Write-in,0
27,REP State Representative 61st District,Texas Township Precinct 6,Tom Graham,87
27,REP State Representative 61st District,Texas Township Precinct 6,Bronwyn Haltom,272
27,REP State Representative 61st District,Texas Township Precinct 6,Write-in,2
27,REP State Representative 61st District,Portage City Precinct 1,Tom Graham,56
27,REP State Representative 61st District,Portage City Precinct 1,Bronwyn Haltom,91
27,REP State Representative 61st District,Portage City Precinct 1,Write-in,0
27,REP State Representative 61st District,Portage City Precinct 2,Tom Graham,49
27,REP State Representative 61st District,Portage City Precinct 2,Bronwyn Haltom,32
27,REP State Representative 61st District,Portage City Precinct 2,Write-in,0
27,REP State Representative 61st District,Portage City Precinct 3,Tom Graham,102
27,REP State Representative 61st District,Portage City Precinct 3,Bronwyn Haltom,166
27,REP State Representative 61st District,Portage City Precinct 3,Write-in,0
27,REP State Representative 61st District,Portage City Precinct 4,Tom Graham,91
27,REP State Representative 61st District,Portage City Precinct 4,Bronwyn Haltom,174
27,REP State Representative 61st District,Portage City Precinct 4,Write-in,0
27,REP State Representative 61st District,Portage City Precinct 5,Tom Graham,87
27,REP State Representative 61st District,Portage City Precinct 5,Bronwyn Haltom,127
27,REP State Representative 61st District,Portage City Precinct 5,Write-in,0
27,REP State Representative 61st District,Portage City Precinct 6,Tom Graham,111
27,REP State Representative 61st District,Portage City Precinct 6,Bronwyn Haltom,202
27,REP State Representative 61st District,Portage City Precinct 6,Write-in,0
27,REP State Representative 61st District,Portage City Precinct 7,Tom Graham,34
27,REP State Representative 61st District,Portage City Precinct 7,Bronwyn Haltom,25
27,REP State Representative 61st District,Portage City Precinct 7,Write-in,0
27,REP State Representative 61st District,Portage City Precinct 8,Tom Graham,85
27,REP State Representative 61st District,Portage City Precinct 8,Bronwyn Haltom,194
27,REP State Representative 61st District,Portage City Precinct 8,Write-in,0
27,REP State Representative 61st District,Portage City Precinct 9,Tom Graham,50
27,REP State Representative 61st District,Portage City Precinct 9,Bronwyn Haltom,153
27,REP State Representative 61st District,Portage City Precinct 9,Write-in,1
27,REP State Representative 61st District,Portage City Precinct 10,Tom Graham,137
27,REP State Representative 61st District,Portage City Precinct 10,Bronwyn Haltom,224
27,REP State Representative 61st District,Portage City Precinct 10,Write-in,0
27,REP State Representative 61st District,Portage City Precinct 11,Tom Graham,72
27,REP State Representative 61st District,Portage City Precinct 11,Bronwyn Haltom,152
27,REP State Representative 61st District,Portage City Precinct 11,Write-in,0
27,REP State Representative 61st District,Portage City Precinct 12,Tom Graham,134
27,REP State Representative 61st District,Portage City Precinct 12,Bronwyn Haltom,248
27,REP State Representative 61st District,Portage City Precinct 12,Write-in,0
27,REP State Representative 61st District,Portage City Precinct 13,Tom Graham,129
27,REP State Representative 61st District,Portage City Precinct 13,Bronwyn Haltom,256
27,REP State Representative 61st District,Portage City Precinct 13,Write-in,0
27,REP State Representative 61st District,Portage City Precinct 14,Tom Graham,88
27,REP State Representative 61st District,Portage City Precinct 14,Bronwyn Haltom,134
27,REP State Representative 61st District,Portage City Precinct 14,Write-in,0
27,REP State Representative 61st District,Portage City Precinct 15,Tom Graham,68
27,REP State Representative 61st District,Portage City Precinct 15,Bronwyn Haltom,117
27,REP State Representative 61st District,Portage City Precinct 15,Write-in,1
27,REP State Representative 61st District,Portage City Precinct 16,Tom Graham,91
27,REP State Representative 61st District,Portage City Precinct 16,Bronwyn Haltom,193
27,REP State Representative 61st District,Portage City Precinct 16,Write-in,1
27,REP State Representative 61st District,Portage City Precinct 17,Tom Graham,105
27,REP State Representative 61st District,Portage City Precinct 17,Bronwyn Haltom,237
27,REP State Representative 61st District,Portage City Precinct 17,Write-in,0
27,REP State Representative 61st District,Portage City Precinct 18,Tom Graham,96
27,REP State Representative 61st District,Portage City Precinct 18,Bronwyn Haltom,149
27,REP State Representative 61st District,Portage City Precinct 18,Write-in,0
27,REP State Representative 61st District,Portage City Precinct 19,Tom Graham,77
27,REP State Representative 61st District,Portage City Precinct 19,Bronwyn Haltom,148
27,REP State Representative 61st District,Portage City Precinct 19,Write-in,0
27,REP State Representative 61st District,Portage City Precinct 20,Tom Graham,59
27,REP State Representative 61st District,Portage City Precinct 20,Bronwyn Haltom,95
27,REP State Representative 61st District,Portage City Precinct 20,Write-in,0
28,REP State Representative 63rd District,Brady Township Precinct 1,Matt Hall,295
28,REP State Representative 63rd District,Brady Township Precinct 1,Write-in,1
28,REP State Representative 63rd District,Brady Township Precinct 2,Matt Hall,357
28,REP State Representative 63rd District,Brady Township Precinct 2,Write-in,3
28,REP State Representative 63rd District,Charleston Township Precinct 1,Matt Hall,444
28,REP State Representative 63rd District,Charleston Township Precinct 1,Write-in,1
28,REP State Representative 63rd District,Climax Township Precinct 1,Matt Hall,506
28,REP State Representative 63rd District,Climax Township Precinct 1,Write-in,0
28,REP State Representative 63rd District,Comstock Township Precinct 1,Matt Hall,291
28,REP State Representative 63rd District,Comstock Township Precinct 1,Write-in,1
28,REP State Representative 63rd District,Comstock Township Precinct 2,Matt Hall,248
28,REP State Representative 63rd District,Comstock Township Precinct 2,Write-in,3
28,REP State Representative 63rd District,Comstock Township Precinct 3,Matt Hall,217
28,REP State Representative 63rd District,Comstock Township Precinct 3,Write-in,0
28,REP State Representative 63rd District,Comstock Township Precinct 4,Matt Hall,196
28,REP State Representative 63rd District,Comstock Township Precinct 4,Write-in,0
28,REP State Representative 63rd District,Comstock Township Precinct 5,Matt Hall,234
28,REP State Representative 63rd District,Comstock Township Precinct 5,Write-in,0
28,REP State Representative 63rd District,Comstock Township Precinct 6,Matt Hall,202
28,REP State Representative 63rd District,Comstock Township Precinct 6,Write-in,3
28,REP State Representative 63rd District,Comstock Township Precinct 7,Matt Hall,73
28,REP State Representative 63rd District,Comstock Township Precinct 7,Write-in,0
28,REP State Representative 63rd District,Kalamazoo Township Precinct 10,Matt Hall,116
28,REP State Representative 63rd District,Kalamazoo Township Precinct 10,Write-in,0
28,REP State Representative 63rd District,Pavilion Township Precinct 1,Matt Hall,315
28,REP State Representative 63rd District,Pavilion Township Precinct 1,Write-in,0
28,REP State Representative 63rd District,Pavilion Township Precinct 2,Matt Hall,192
28,REP State Representative 63rd District,Pavilion Township Precinct 2,Write-in,1
28,REP State Representative 63rd District,Pavilion Township Precinct 3,Matt Hall,152
28,REP State Representative 63rd District,Pavilion Township Precinct 3,Write-in,0
28,REP State Representative 63rd District,Richland Township Precinct 1,Matt Hall,397
28,REP State Representative 63rd District,Richland Township Precinct 1,Write-in,1
28,REP State Representative 63rd District,Richland Township Precinct 2,Matt Hall,247
28,REP State Representative 63rd District,Richland Township Precinct 2,Write-in,0
28,REP State Representative 63rd District,Richland Township Precinct 3,Matt Hall,369
28,REP State Representative 63rd District,Richland Township Precinct 3,Write-in,1
28,REP State Representative 63rd District,Ross Township Precinct 1,Matt Hall,420
28,REP State Representative 63rd District,Ross Township Precinct 1,Write-in,2
28,REP State Representative 63rd District,Ross Township Precinct 2,Matt Hall,464
28,REP State Representative 63rd District,Ross Township Precinct 2,Write-in,1
28,REP State Representative 63rd District,Wakeshma Township Precinct 1,Matt Hall,177
28,REP State Representative 63rd District,Wakeshma Township Precinct 1,Write-in,0
28,REP State Representative 63rd District,Galesburg City Precinct 1,Matt Hall,84
28,REP State Representative 63rd District,Galesburg City Precinct 1,Write-in,0
29,REP State Representative 66th District,Alamo 1,Beth Griffin,248
29,REP State Representative 66th District,Alamo 1,Write-in,2
29,REP State Representative 66th District,Alamo Township Precinct 2,Beth Griffin,378
29,REP State Representative 66th District,Alamo Township Precinct 2,Write-in,2
29,REP State Representative 66th District,Cooper Township Precinct 1,Beth Griffin,171
29,REP State Representative 66th District,Cooper Township Precinct 1,Write-in,0
29,REP State Representative 66th District,Cooper Township Precinct 2,Beth Griffin,254
29,REP State Representative 66th District,Cooper Township Precinct 2,Write-in,1
29,REP State Representative 66th District,Cooper Township Precinct 3,Beth Griffin,422
29,REP State Representative 66th District,Cooper Township Precinct 3,Write-in,5
29,REP State Representative 66th District,Cooper Township Precinct 4,Beth Griffin,485
29,REP State Representative 66th District,Cooper Township Precinct 4,Write-in,1
29,REP State Representative 66th District,Cooper Township Precinct 5,Beth Griffin,32
29,REP State Representative 66th District,Cooper Township Precinct 5,Write-in,0
29,REP State Representative 66th District,Parchment City Precinct 1,Beth Griffin,140
29,REP State Representative 66th District,Parchment City Precinct 1,Write-in,1
30,REP Prosecuting Attorney,Alamo 1,Write-in,23
30,REP Prosecuting Attorney,Alamo Township Precinct 2,Write-in,38
30,REP Prosecuting Attorney,Brady Township Precinct 1,Write-in,25
30,REP Prosecuting Attorney,Brady Township Precinct 2,Write-in,33
30,REP Prosecuting Attorney,Charleston Township Precinct 1,Write-in,20
30,REP Prosecuting Attorney,Climax Township Precinct 1,Write-in,22
30,REP Prosecuting Attorney,Comstock Township Precinct 1,Write-in,32
30,REP Prosecuting Attorney,Comstock Township Precinct 2,Write-in,27
30,REP Prosecuting Attorney,Comstock Township Precinct 3,Write-in,16
30,REP Prosecuting Attorney,Comstock Township Precinct 4,Write-in,13
30,REP Prosecuting Attorney,Comstock Township Precinct 5,Write-in,15
30,REP Prosecuting Attorney,Comstock Township Precinct 6,Write-in,18
30,REP Prosecuting Attorney,Comstock Township Precinct 7,Write-in,7
30,REP Prosecuting Attorney,Cooper Township Precinct 1,Write-in,16
30,REP Prosecuting Attorney,Cooper Township Precinct 2,Write-in,20
30,REP Prosecuting Attorney,Cooper Township Precinct 3,Write-in,42
30,REP Prosecuting Attorney,Cooper Township Precinct 4,Write-in,32
30,REP Prosecuting Attorney,Cooper Township Precinct 5,Write-in,5
30,REP Prosecuting Attorney,Kalamazoo Township Precinct 1,Write-in,6
30,REP Prosecuting Attorney,Kalamazoo Township Precinct 2,Write-in,9
30,REP Prosecuting Attorney,Kalamazoo Township Precinct 3,Write-in,19
30,REP Prosecuting Attorney,Kalamazoo Township Precinct 4,Write-in,6
30,REP Prosecuting Attorney,Kalamazoo Township Precinct 5,Write-in,6
30,REP Prosecuting Attorney,Kalamazoo Township Precinct 6,Write-in,1
30,REP Prosecuting Attorney,Kalamazoo Township Precinct 7,Write-in,0
30,REP Prosecuting Attorney,Kalamazoo Township Precinct 8,Write-in,20
30,REP Prosecuting Attorney,Kalamazoo Township Precinct 9,Write-in,8
30,REP Prosecuting Attorney,Kalamazoo Township Precinct 10,Write-in,12
30,REP Prosecuting Attorney,Oshtemo Township Precinct 1,Write-in,15
30,REP Prosecuting Attorney,Oshtemo Township Precinct 2,Write-in,24
30,REP Prosecuting Attorney,Oshtemo Township Precinct 3,Write-in,9
30,REP Prosecuting Attorney,Oshtemo Township Precinct 4,Write-in,20
30,REP Prosecuting Attorney,Oshtemo Township Precinct 5,Write-in,6
30,REP Prosecuting Attorney,Oshtemo Township Precinct 6,Write-in,17
30,REP Prosecuting Attorney,Oshtemo Township Precinct 7,Write-in,15
30,REP Prosecuting Attorney,Oshtemo Township Precinct 8,Write-in,16
30,REP Prosecuting Attorney,Oshtemo Township Precinct 9,Write-in,16
30,REP Prosecuting Attorney,Oshtemo Township Precinct 10,Write-in,9
30,REP Prosecuting Attorney,Pavilion Township Precinct 1,Write-in,28
30,REP Prosecuting Attorney,Pavilion Township Precinct 2,Write-in,21
30,REP Prosecuting Attorney,Pavilion Township Precinct 3,Write-in,13
30,REP Prosecuting Attorney,Prairie Ronde Township Precinct 1,Write-in,36
30,REP Prosecuting Attorney,Richland Township Precinct 1,Write-in,8
30,REP Prosecuting Attorney,Richland Township Precinct 2,Write-in,11
30,REP Prosecuting Attorney,Richland Township Precinct 3,Write-in,31
30,REP Prosecuting Attorney,Ross Township Precinct 1,Write-in,33
30,REP Prosecuting Attorney,Ross Township Precinct 2,Write-in,29
30,REP Prosecuting Attorney,Schoolcraft Township Precinct 1,Write-in,26
30,REP Prosecuting Attorney,Schoolcraft Township Precinct 2,Write-in,14
30,REP Prosecuting Attorney,Schoolcraft Township Precinct 3,Write-in,42
30,REP Prosecuting Attorney,Schoolcraft Township Precinct 4,Write-in,17
30,REP Prosecuting Attorney,Texas Township Precinct 1,Write-in,20
30,REP Prosecuting Attorney,Texas Township Precinct 2,Write-in,26
30,REP Prosecuting Attorney,Texas Township Precinct 3,Write-in,16
30,REP Prosecuting Attorney,Texas Township Precinct 4,Write-in,24
30,REP Prosecuting Attorney,Texas Township Precinct 5,Write-in,29
30,REP Prosecuting Attorney,Texas Township Precinct 6,Write-in,23
30,REP Prosecuting Attorney,Wakeshma Township Precinct 1,Write-in,18
30,REP Prosecuting Attorney,Galesburg City Precinct 1,Write-in,9
30,REP Prosecuting Attorney,Kalamazoo City Precinct 1,Write-in,11
30,REP Prosecuting Attorney,Kalamazoo City Precinct 2,Write-in,1
30,REP Prosecuting Attorney,Kalamazoo City Precinct 3,Write-in,4
30,REP Prosecuting Attorney,Kalamazoo City Precinct 4,Write-in,1
30,REP Prosecuting Attorney,Kalamazoo City Precinct 5,Write-in,9
30,REP Prosecuting Attorney,Kalamazoo City Precinct 6,Write-in,17
30,REP Prosecuting Attorney,Kalamazoo City Precinct 7,Write-in,0
30,REP Prosecuting Attorney,Kalamazoo City Precinct 8,Write-in,2
30,REP Prosecuting Attorney,Kalamazoo City Precinct 9,Write-in,0
30,REP Prosecuting Attorney,Kalamazoo City Precinct 10,Write-in,20
30,REP Prosecuting Attorney,Kalamazoo City Precinct 11,Write-in,4
30,REP Prosecuting Attorney,Kalamazoo City Precinct 12,Write-in,19
30,REP Prosecuting Attorney,Kalamazoo City Precinct 13,Write-in,6
30,REP Prosecuting Attorney,Kalamazoo City Precinct 14,Write-in,7
30,REP Prosecuting Attorney,Kalamazoo City Precinct 15,Write-in,5
30,REP Prosecuting Attorney,Kalamazoo City Precinct 16,Write-in,11
30,REP Prosecuting Attorney,Kalamazoo City Precinct 17,Write-in,13
30,REP Prosecuting Attorney,Kalamazoo City Precinct 18,Write-in,16
30,REP Prosecuting Attorney,Kalamazoo City Precinct 19,Write-in,16
30,REP Prosecuting Attorney,Kalamazoo City Precinct 20,Write-in,12
30,REP Prosecuting Attorney,Kalamazoo City Precinct 21,Write-in,14
30,REP Prosecuting Attorney,Kalamazoo City Precinct 22,Write-in,8
30,REP Prosecuting Attorney,Kalamazoo City Precinct 23,Write-in,7
30,REP Prosecuting Attorney,Kalamazoo City Precinct 24,Write-in,8
30,REP Prosecuting Attorney,Kalamazoo City Precinct 25,Write-in,18
30,REP Prosecuting Attorney,Kalamazoo City Precinct 26,Write-in,19
30,REP Prosecuting Attorney,Kalamazoo City Precinct 27,Write-in,3
30,REP Prosecuting Attorney,Parchment City Precinct 1,Write-in,14
30,REP Prosecuting Attorney,Portage City Precinct 1,Write-in,5
30,REP Prosecuting Attorney,Portage City Precinct 2,Write-in,6
30,REP Prosecuting Attorney,Portage City Precinct 3,Write-in,11
30,REP Prosecuting Attorney,Portage City Precinct 4,Write-in,12
30,REP Prosecuting Attorney,Portage City Precinct 5,Write-in,14
30,REP Prosecuting Attorney,Portage City Precinct 6,Write-in,15
30,REP Prosecuting Attorney,Portage City Precinct 7,Write-in,1
30,REP Prosecuting Attorney,Portage City Precinct 8,Write-in,8
30,REP Prosecuting Attorney,Portage City Precinct 9,Write-in,11
30,REP Prosecuting Attorney,Portage City Precinct 10,Write-in,11
30,REP Prosecuting Attorney,Portage City Precinct 11,Write-in,10
30,REP Prosecuting Attorney,Portage City Precinct 12,Write-in,40
30,REP Prosecuting Attorney,Portage City Precinct 13,Write-in,40
30,REP Prosecuting Attorney,Portage City Precinct 14,Write-in,21
30,REP Prosecuting Attorney,Portage City Precinct 15,Write-in,6
30,REP Prosecuting Attorney,Portage City Precinct 16,Write-in,30
30,REP Prosecuting Attorney,Portage City Precinct 17,Write-in,16
30,REP Prosecuting Attorney,Portage City Precinct 18,Write-in,4
30,REP Prosecuting Attorney,Portage City Precinct 19,Write-in,20
30,REP Prosecuting Attorney,Portage City Precinct 20,Write-in,8
31,REP Sheriff,Alamo 1,Shannon D. Bagley,133
31,REP Sheriff,Alamo 1,Thomas Swafford,118
31,REP Sheriff,Alamo 1,Write-in,0
31,REP Sheriff,Alamo Township Precinct 2,Shannon D. Bagley,202
31,REP Sheriff,Alamo Township Precinct 2,Thomas Swafford,174
31,REP Sheriff,Alamo Township Precinct 2,Write-in,4
31,REP Sheriff,Brady Township Precinct 1,Shannon D. Bagley,195
31,REP Sheriff,Brady Township Precinct 1,Thomas Swafford,127
31,REP Sheriff,Brady Township Precinct 1,Write-in,0
31,REP Sheriff,Brady Township Precinct 2,Shannon D. Bagley,210
31,REP Sheriff,Brady Township Precinct 2,Thomas Swafford,160
31,REP Sheriff,Brady Township Precinct 2,Write-in,1
31,REP Sheriff,Charleston Township Precinct 1,Shannon D. Bagley,248
31,REP Sheriff,Charleston Township Precinct 1,Thomas Swafford,177
31,REP Sheriff,Charleston Township Precinct 1,Write-in,0
31,REP Sheriff,Climax Township Precinct 1,Shannon D. Bagley,267
31,REP Sheriff,Climax Township Precinct 1,Thomas Swafford,238
31,REP Sheriff,Climax Township Precinct 1,Write-in,0
31,REP Sheriff,Comstock Township Precinct 1,Shannon D. Bagley,186
31,REP Sheriff,Comstock Township Precinct 1,Thomas Swafford,113
31,REP Sheriff,Comstock Township Precinct 1,Write-in,0
31,REP Sheriff,Comstock Township Precinct 2,Shannon D. Bagley,130
31,REP Sheriff,Comstock Township Precinct 2,Thomas Swafford,127
31,REP Sheriff,Comstock Township Precinct 2,Write-in,0
31,REP Sheriff,Comstock Township Precinct 3,Shannon D. Bagley,116
31,REP Sheriff,Comstock Township Precinct 3,Thomas Swafford,98
31,REP Sheriff,Comstock Township Precinct 3,Write-in,0
31,REP Sheriff,Comstock Township Precinct 4,Shannon D. Bagley,97
31,REP Sheriff,Comstock Township Precinct 4,Thomas Swafford,102
31,REP Sheriff,Comstock Township Precinct 4,Write-in,0
31,REP Sheriff,Comstock Township Precinct 5,Shannon D. Bagley,105
31,REP Sheriff,Comstock Township Precinct 5,Thomas Swafford,125
31,REP Sheriff,Comstock Township Precinct 5,Write-in,1
31,REP Sheriff,Comstock Township Precinct 6,Shannon D. Bagley,100
31,REP Sheriff,Comstock Township Precinct 6,Thomas Swafford,95
31,REP Sheriff,Comstock Township Precinct 6,Write-in,0
31,REP Sheriff,Comstock Township Precinct 7,Shannon D. Bagley,35
31,REP Sheriff,Comstock Township Precinct 7,Thomas Swafford,39
31,REP Sheriff,Comstock Township Precinct 7,Write-in,1
31,REP Sheriff,Cooper Township Precinct 1,Shannon D. Bagley,106
31,REP Sheriff,Cooper Township Precinct 1,Thomas Swafford,67
31,REP Sheriff,Cooper Township Precinct 1,Write-in,0
31,REP Sheriff,Cooper Township Precinct 2,Shannon D. Bagley,166
31,REP Sheriff,Cooper Township Precinct 2,Thomas Swafford,106
31,REP Sheriff,Cooper Township Precinct 2,Write-in,0
31,REP Sheriff,Cooper Township Precinct 3,Shannon D. Bagley,232
31,REP Sheriff,Cooper Township Precinct 3,Thomas Swafford,194
31,REP Sheriff,Cooper Township Precinct 3,Write-in,3
31,REP Sheriff,Cooper Township Precinct 4,Shannon D. Bagley,248
31,REP Sheriff,Cooper Township Precinct 4,Thomas Swafford,236
31,REP Sheriff,Cooper Township Precinct 4,Write-in,3
31,REP Sheriff,Cooper Township Precinct 5,Shannon D. Bagley,14
31,REP Sheriff,Cooper Township Precinct 5,Thomas Swafford,20
31,REP Sheriff,Cooper Township Precinct 5,Write-in,0
31,REP Sheriff,Kalamazoo Township Precinct 1,Shannon D. Bagley,14
31,REP Sheriff,Kalamazoo Township Precinct 1,Thomas Swafford,12
31,REP Sheriff,Kalamazoo Township Precinct 1,Write-in,0
31,REP Sheriff,Kalamazoo Township Precinct 2,Shannon D. Bagley,38
31,REP Sheriff,Kalamazoo Township Precinct 2,Thomas Swafford,40
31,REP Sheriff,Kalamazoo Township Precinct 2,Write-in,0
31,REP Sheriff,Kalamazoo Township Precinct 3,Shannon D. Bagley,127
31,REP Sheriff,Kalamazoo Township Precinct 3,Thomas Swafford,145
31,REP Sheriff,Kalamazoo Township Precinct 3,Write-in,0
31,REP Sheriff,Kalamazoo Township Precinct 4,Shannon D. Bagley,43
31,REP Sheriff,Kalamazoo Township Precinct 4,Thomas Swafford,44
31,REP Sheriff,Kalamazoo Township Precinct 4,Write-in,0
31,REP Sheriff,Kalamazoo Township Precinct 5,Shannon D. Bagley,62
31,REP Sheriff,Kalamazoo Township Precinct 5,Thomas Swafford,53
31,REP Sheriff,Kalamazoo Township Precinct 5,Write-in,0
31,REP Sheriff,Kalamazoo Township Precinct 6,Shannon D. Bagley,35
31,REP Sheriff,Kalamazoo Township Precinct 6,Thomas Swafford,39
31,REP Sheriff,Kalamazoo Township Precinct 6,Write-in,0
31,REP Sheriff,Kalamazoo Township Precinct 7,Shannon D. Bagley,174
31,REP Sheriff,Kalamazoo Township Precinct 7,Thomas Swafford,124
31,REP Sheriff,Kalamazoo Township Precinct 7,Write-in,0
31,REP Sheriff,Kalamazoo Township Precinct 8,Shannon D. Bagley,54
31,REP Sheriff,Kalamazoo Township Precinct 8,Thomas Swafford,55
31,REP Sheriff,Kalamazoo Township Precinct 8,Write-in,0
31,REP Sheriff,Kalamazoo Township Precinct 9,Shannon D. Bagley,29
31,REP Sheriff,Kalamazoo Township Precinct 9,Thomas Swafford,33
31,REP Sheriff,Kalamazoo Township Precinct 9,Write-in,0
31,REP Sheriff,Kalamazoo Township Precinct 10,Shannon D. Bagley,51
31,REP Sheriff,Kalamazoo Township Precinct 10,Thomas Swafford,63
31,REP Sheriff,Kalamazoo Township Precinct 10,Write-in,0
31,REP Sheriff,Oshtemo Township Precinct 1,Shannon D. Bagley,107
31,REP Sheriff,Oshtemo Township Precinct 1,Thomas Swafford,85
31,REP Sheriff,Oshtemo Township Precinct 1,Write-in,0
31,REP Sheriff,Oshtemo Township Precinct 2,Shannon D. Bagley,156
31,REP Sheriff,Oshtemo Township Precinct 2,Thomas Swafford,138
31,REP Sheriff,Oshtemo Township Precinct 2,Write-in,0
31,REP Sheriff,Oshtemo Township Precinct 3,Shannon D. Bagley,81
31,REP Sheriff,Oshtemo Township Precinct 3,Thomas Swafford,73
31,REP Sheriff,Oshtemo Township Precinct 3,Write-in,0
31,REP Sheriff,Oshtemo Township Precinct 4,Shannon D. Bagley,85
31,REP Sheriff,Oshtemo Township Precinct 4,Thomas Swafford,129
31,REP Sheriff,Oshtemo Township Precinct 4,Write-in,0
31,REP Sheriff,Oshtemo Township Precinct 5,Shannon D. Bagley,23
31,REP Sheriff,Oshtemo Township Precinct 5,Thomas Swafford,42
31,REP Sheriff,Oshtemo Township Precinct 5,Write-in,0
31,REP Sheriff,Oshtemo Township Precinct 6,Shannon D. Bagley,60
31,REP Sheriff,Oshtemo Township Precinct 6,Thomas Swafford,124
31,REP Sheriff,Oshtemo Township Precinct 6,Write-in,1
31,REP Sheriff,Oshtemo Township Precinct 7,Shannon D. Bagley,68
31,REP Sheriff,Oshtemo Township Precinct 7,Thomas Swafford,85
31,REP Sheriff,Oshtemo Township Precinct 7,Write-in,0
31,REP Sheriff,Oshtemo Township Precinct 8,Shannon D. Bagley,37
31,REP Sheriff,Oshtemo Township Precinct 8,Thomas Swafford,66
31,REP Sheriff,Oshtemo Township Precinct 8,Write-in,0
31,REP Sheriff,Oshtemo Township Precinct 9,Shannon D. Bagley,85
31,REP Sheriff,Oshtemo Township Precinct 9,Thomas Swafford,102
31,REP Sheriff,Oshtemo Township Precinct 9,Write-in,0
31,REP Sheriff,Oshtemo Township Precinct 10,Shannon D. Bagley,52
31,REP Sheriff,Oshtemo Township Precinct 10,Thomas Swafford,64
31,REP Sheriff,Oshtemo Township Precinct 10,Write-in,1
31,REP Sheriff,Pavilion Township Precinct 1,Shannon D. Bagley,190
31,REP Sheriff,Pavilion Township Precinct 1,Thomas Swafford,132
31,REP Sheriff,Pavilion Township Precinct 1,Write-in,1
31,REP Sheriff,Pavilion Township Precinct 2,Shannon D. Bagley,87
31,REP Sheriff,Pavilion Township Precinct 2,Thomas Swafford,108
31,REP Sheriff,Pavilion Township Precinct 2,Write-in,2
31,REP Sheriff,Pavilion Township Precinct 3,Shannon D. Bagley,80
31,REP Sheriff,Pavilion Township Precinct 3,Thomas Swafford,71
31,REP Sheriff,Pavilion Township Precinct 3,Write-in,0
31,REP Sheriff,Prairie Ronde Township Precinct 1,Shannon D. Bagley,222
31,REP Sheriff,Prairie Ronde Township Precinct 1,Thomas Swafford,201
31,REP Sheriff,Prairie Ronde Township Precinct 1,Write-in,0
31,REP Sheriff,Richland Township Precinct 1,Shannon D. Bagley,201
31,REP Sheriff,Richland Township Precinct 1,Thomas Swafford,204
31,REP Sheriff,Richland Township Precinct 1,Write-in,0
31,REP Sheriff,Richland Township Precinct 2,Shannon D. Bagley,105
31,REP Sheriff,Richland Township Precinct 2,Thomas Swafford,149
31,REP Sheriff,Richland Township Precinct 2,Write-in,0
31,REP Sheriff,Richland Township Precinct 3,Shannon D. Bagley,161
31,REP Sheriff,Richland Township Precinct 3,Thomas Swafford,197
31,REP Sheriff,Richland Township Precinct 3,Write-in,2
31,REP Sheriff,Ross Township Precinct 1,Shannon D. Bagley,180
31,REP Sheriff,Ross Township Precinct 1,Thomas Swafford,256
31,REP Sheriff,Ross Township Precinct 1,Write-in,1
31,REP Sheriff,Ross Township Precinct 2,Shannon D. Bagley,260
31,REP Sheriff,Ross Township Precinct 2,Thomas Swafford,217
31,REP Sheriff,Ross Township Precinct 2,Write-in,0
31,REP Sheriff,Schoolcraft Township Precinct 1,Shannon D. Bagley,147
31,REP Sheriff,Schoolcraft Township Precinct 1,Thomas Swafford,168
31,REP Sheriff,Schoolcraft Township Precinct 1,Write-in,0
31,REP Sheriff,Schoolcraft Township Precinct 2,Shannon D. Bagley,115
31,REP Sheriff,Schoolcraft Township Precinct 2,Thomas Swafford,62
31,REP Sheriff,Schoolcraft Township Precinct 2,Write-in,0
31,REP Sheriff,Schoolcraft Township Precinct 3,Shannon D. Bagley,230
31,REP Sheriff,Schoolcraft Township Precinct 3,Thomas Swafford,180
31,REP Sheriff,Schoolcraft Township Precinct 3,Write-in,2
31,REP Sheriff,Schoolcraft Township Precinct 4,Shannon D. Bagley,166
31,REP Sheriff,Schoolcraft Township Precinct 4,Thomas Swafford,82
31,REP Sheriff,Schoolcraft Township Precinct 4,Write-in,3
31,REP Sheriff,Texas Township Precinct 1,Shannon D. Bagley,202
31,REP Sheriff,Texas Township Precinct 1,Thomas Swafford,148
31,REP Sheriff,Texas Township Precinct 1,Write-in,2
31,REP Sheriff,Texas Township Precinct 2,Shannon D. Bagley,203
31,REP Sheriff,Texas Township Precinct 2,Thomas Swafford,99
31,REP Sheriff,Texas Township Precinct 2,Write-in,0
31,REP Sheriff,Texas Township Precinct 3,Shannon D. Bagley,95
31,REP Sheriff,Texas Township Precinct 3,Thomas Swafford,104
31,REP Sheriff,Texas Township Precinct 3,Write-in,0
31,REP Sheriff,Texas Township Precinct 4,Shannon D. Bagley,228
31,REP Sheriff,Texas Township Precinct 4,Thomas Swafford,121
31,REP Sheriff,Texas Township Precinct 4,Write-in,1
31,REP Sheriff,Texas Township Precinct 5,Shannon D. Bagley,232
31,REP Sheriff,Texas Township Precinct 5,Thomas Swafford,164
31,REP Sheriff,Texas Township Precinct 5,Write-in,1
31,REP Sheriff,Texas Township Precinct 6,Shannon D. Bagley,237
31,REP Sheriff,Texas Township Precinct 6,Thomas Swafford,113
31,REP Sheriff,Texas Township Precinct 6,Write-in,0
31,REP Sheriff,Wakeshma Township Precinct 1,Shannon D. Bagley,86
31,REP Sheriff,Wakeshma Township Precinct 1,Thomas Swafford,94
31,REP Sheriff,Wakeshma Township Precinct 1,Write-in,0
31,REP Sheriff,Galesburg City Precinct 1,Shannon D. Bagley,62
31,REP Sheriff,Galesburg City Precinct 1,Thomas Swafford,31
31,REP Sheriff,Galesburg City Precinct 1,Write-in,0
31,REP Sheriff,Kalamazoo City Precinct 1,Shannon D. Bagley,36
31,REP Sheriff,Kalamazoo City Precinct 1,Thomas Swafford,25
31,REP Sheriff,Kalamazoo City Precinct 1,Write-in,0
31,REP Sheriff,Kalamazoo City Precinct 2,Shannon D. Bagley,14
31,REP Sheriff,Kalamazoo City Precinct 2,Thomas Swafford,9
31,REP Sheriff,Kalamazoo City Precinct 2,Write-in,0
31,REP Sheriff,Kalamazoo City Precinct 3,Shannon D. Bagley,16
31,REP Sheriff,Kalamazoo City Precinct 3,Thomas Swafford,11
31,REP Sheriff,Kalamazoo City Precinct 3,Write-in,1
31,REP Sheriff,Kalamazoo City Precinct 4,Shannon D. Bagley,3
31,REP Sheriff,Kalamazoo City Precinct 4,Thomas Swafford,2
31,REP Sheriff,Kalamazoo City Precinct 4,Write-in,0
31,REP Sheriff,Kalamazoo City Precinct 5,Shannon D. Bagley,43
31,REP Sheriff,Kalamazoo City Precinct 5,Thomas Swafford,40
31,REP Sheriff,Kalamazoo City Precinct 5,Write-in,0
31,REP Sheriff,Kalamazoo City Precinct 6,Shannon D. Bagley,76
31,REP Sheriff,Kalamazoo City Precinct 6,Thomas Swafford,75
31,REP Sheriff,Kalamazoo City Precinct 6,Write-in,0
31,REP Sheriff,Kalamazoo City Precinct 7,Shannon D. Bagley,17
31,REP Sheriff,Kalamazoo City Precinct 7,Thomas Swafford,15
31,REP Sheriff,Kalamazoo City Precinct 7,Write-in,0
31,REP Sheriff,Kalamazoo City Precinct 8,Shannon D. Bagley,9
31,REP Sheriff,Kalamazoo City Precinct 8,Thomas Swafford,6
31,REP Sheriff,Kalamazoo City Precinct 8,Write-in,0
31,REP Sheriff,Kalamazoo City Precinct 9,Shannon D. Bagley,2
31,REP Sheriff,Kalamazoo City Precinct 9,Thomas Swafford,0
31,REP Sheriff,Kalamazoo City Precinct 9,Write-in,0
31,REP Sheriff,Kalamazoo City Precinct 10,Shannon D. Bagley,83
31,REP Sheriff,Kalamazoo City Precinct 10,Thomas Swafford,78
31,REP Sheriff,Kalamazoo City Precinct 10,Write-in,0
31,REP Sheriff,Kalamazoo City Precinct 11,Shannon D. Bagley,9
31,REP Sheriff,Kalamazoo City Precinct 11,Thomas Swafford,8
31,REP Sheriff,Kalamazoo City Precinct 11,Write-in,0
31,REP Sheriff,Kalamazoo City Precinct 12,Shannon D. Bagley,81
31,REP Sheriff,Kalamazoo City Precinct 12,Thomas Swafford,51
31,REP Sheriff,Kalamazoo City Precinct 12,Write-in,0
31,REP Sheriff,Kalamazoo City Precinct 13,Shannon D. Bagley,16
31,REP Sheriff,Kalamazoo City Precinct 13,Thomas Swafford,10
31,REP Sheriff,Kalamazoo City Precinct 13,Write-in,0
31,REP Sheriff,Kalamazoo City Precinct 14,Shannon D. Bagley,19
31,REP Sheriff,Kalamazoo City Precinct 14,Thomas Swafford,17
31,REP Sheriff,Kalamazoo City Precinct 14,Write-in,0
31,REP Sheriff,Kalamazoo City Precinct 15,Shannon D. Bagley,23
31,REP Sheriff,Kalamazoo City Precinct 15,Thomas Swafford,29
31,REP Sheriff,Kalamazoo City Precinct 15,Write-in,1
31,REP Sheriff,Kalamazoo City Precinct 16,Shannon D. Bagley,76
31,REP Sheriff,Kalamazoo City Precinct 16,Thomas Swafford,49
31,REP Sheriff,Kalamazoo City Precinct 16,Write-in,0
31,REP Sheriff,Kalamazoo City Precinct 17,Shannon D. Bagley,56
31,REP Sheriff,Kalamazoo City Precinct 17,Thomas Swafford,61
31,REP Sheriff,Kalamazoo City Precinct 17,Write-in,1
31,REP Sheriff,Kalamazoo City Precinct 18,Shannon D. Bagley,53
31,REP Sheriff,Kalamazoo City Precinct 18,Thomas Swafford,37
31,REP Sheriff,Kalamazoo City Precinct 18,Write-in,2
31,REP Sheriff,Kalamazoo City Precinct 19,Shannon D. Bagley,42
31,REP Sheriff,Kalamazoo City Precinct 19,Thomas Swafford,48
31,REP Sheriff,Kalamazoo City Precinct 19,Write-in,1
31,REP Sheriff,Kalamazoo City Precinct 20,Shannon D. Bagley,56
31,REP Sheriff,Kalamazoo City Precinct 20,Thomas Swafford,50
31,REP Sheriff,Kalamazoo City Precinct 20,Write-in,0
31,REP Sheriff,Kalamazoo City Precinct 21,Shannon D. Bagley,50
31,REP Sheriff,Kalamazoo City Precinct 21,Thomas Swafford,54
31,REP Sheriff,Kalamazoo City Precinct 21,Write-in,0
31,REP Sheriff,Kalamazoo City Precinct 22,Shannon D. Bagley,51
31,REP Sheriff,Kalamazoo City Precinct 22,Thomas Swafford,45
31,REP Sheriff,Kalamazoo City Precinct 22,Write-in,2
31,REP Sheriff,Kalamazoo City Precinct 23,Shannon D. Bagley,28
31,REP Sheriff,Kalamazoo City Precinct 23,Thomas Swafford,39
31,REP Sheriff,Kalamazoo City Precinct 23,Write-in,0
31,REP Sheriff,Kalamazoo City Precinct 24,Shannon D. Bagley,31
31,REP Sheriff,Kalamazoo City Precinct 24,Thomas Swafford,20
31,REP Sheriff,Kalamazoo City Precinct 24,Write-in,0
31,REP Sheriff,Kalamazoo City Precinct 25,Shannon D. Bagley,58
31,REP Sheriff,Kalamazoo City Precinct 25,Thomas Swafford,86
31,REP Sheriff,Kalamazoo City Precinct 25,Write-in,0
31,REP Sheriff,Kalamazoo City Precinct 26,Shannon D. Bagley,89
31,REP Sheriff,Kalamazoo City Precinct 26,Thomas Swafford,59
31,REP Sheriff,Kalamazoo City Precinct 26,Write-in,1
31,REP Sheriff,Kalamazoo City Precinct 27,Shannon D. Bagley,6
31,REP Sheriff,Kalamazoo City Precinct 27,Thomas Swafford,11
31,REP Sheriff,Kalamazoo City Precinct 27,Write-in,1
31,REP Sheriff,Parchment City Precinct 1,Shannon D. Bagley,98
31,REP Sheriff,Parchment City Precinct 1,Thomas Swafford,45
31,REP Sheriff,Parchment City Precinct 1,Write-in,0
31,REP Sheriff,Portage City Precinct 1,Shannon D. Bagley,67
31,REP Sheriff,Portage City Precinct 1,Thomas Swafford,75
31,REP Sheriff,Portage City Precinct 1,Write-in,0
31,REP Sheriff,Portage City Precinct 2,Shannon D. Bagley,43
31,REP Sheriff,Portage City Precinct 2,Thomas Swafford,40
31,REP Sheriff,Portage City Precinct 2,Write-in,0
31,REP Sheriff,Portage City Precinct 3,Shannon D. Bagley,137
31,REP Sheriff,Portage City Precinct 3,Thomas Swafford,125
31,REP Sheriff,Portage City Precinct 3,Write-in,1
31,REP Sheriff,Portage City Precinct 4,Shannon D. Bagley,196
31,REP Sheriff,Portage City Precinct 4,Thomas Swafford,74
31,REP Sheriff,Portage City Precinct 4,Write-in,0
31,REP Sheriff,Portage City Precinct 5,Shannon D. Bagley,136
31,REP Sheriff,Portage City Precinct 5,Thomas Swafford,73
31,REP Sheriff,Portage City Precinct 5,Write-in,0
31,REP Sheriff,Portage City Precinct 6,Shannon D. Bagley,216
31,REP Sheriff,Portage City Precinct 6,Thomas Swafford,100
31,REP Sheriff,Portage City Precinct 6,Write-in,0
31,REP Sheriff,Portage City Precinct 7,Shannon D. Bagley,26
31,REP Sheriff,Portage City Precinct 7,Thomas Swafford,32
31,REP Sheriff,Portage City Precinct 7,Write-in,0
31,REP Sheriff,Portage City Precinct 8,Shannon D. Bagley,175
31,REP Sheriff,Portage City Precinct 8,Thomas Swafford,96
31,REP Sheriff,Portage City Precinct 8,Write-in,1
31,REP Sheriff,Portage City Precinct 9,Shannon D. Bagley,113
31,REP Sheriff,Portage City Precinct 9,Thomas Swafford,94
31,REP Sheriff,Portage City Precinct 9,Write-in,0
31,REP Sheriff,Portage City Precinct 10,Shannon D. Bagley,210
31,REP Sheriff,Portage City Precinct 10,Thomas Swafford,155
31,REP Sheriff,Portage City Precinct 10,Write-in,0
31,REP Sheriff,Portage City Precinct 11,Shannon D. Bagley,129
31,REP Sheriff,Portage City Precinct 11,Thomas Swafford,91
31,REP Sheriff,Portage City Precinct 11,Write-in,0
31,REP Sheriff,Portage City Precinct 12,Shannon D. Bagley,241
31,REP Sheriff,Portage City Precinct 12,Thomas Swafford,128
31,REP Sheriff,Portage City Precinct 12,Write-in,0
31,REP Sheriff,Portage City Precinct 13,Shannon D. Bagley,225
31,REP Sheriff,Portage City Precinct 13,Thomas Swafford,161
31,REP Sheriff,Portage City Precinct 13,Write-in,0
31,REP Sheriff,Portage City Precinct 14,Shannon D. Bagley,135
31,REP Sheriff,Portage City Precinct 14,Thomas Swafford,86
31,REP Sheriff,Portage City Precinct 14,Write-in,0
31,REP Sheriff,Portage City Precinct 15,Shannon D. Bagley,89
31,REP Sheriff,Portage City Precinct 15,Thomas Swafford,93
31,REP Sheriff,Portage City Precinct 15,Write-in,0
31,REP Sheriff,Portage City Precinct 16,Shannon D. Bagley,161
31,REP Sheriff,Portage City Precinct 16,Thomas Swafford,110
31,REP Sheriff,Portage City Precinct 16,Write-in,1
31,REP Sheriff,Portage City Precinct 17,Shannon D. Bagley,231
31,REP Sheriff,Portage City Precinct 17,Thomas Swafford,106
31,REP Sheriff,Portage City Precinct 17,Write-in,1
31,REP Sheriff,Portage City Precinct 18,Shannon D. Bagley,141
31,REP Sheriff,Portage City Precinct 18,Thomas Swafford,94
31,REP Sheriff,Portage City Precinct 18,Write-in,0
31,REP Sheriff,Portage City Precinct 19,Shannon D. Bagley,114
31,REP Sheriff,Portage City Precinct 19,Thomas Swafford,99
31,REP Sheriff,Portage City Precinct 19,Write-in,0
31,REP Sheriff,Portage City Precinct 20,Shannon D. Bagley,59
31,REP Sheriff,Portage City Precinct 20,Thomas Swafford,84
31,REP Sheriff,Portage City Precinct 20,Write-in,0
32,REP Clerk and Register of Deeds,Alamo 1,Mona Lisa Watson,226
32,REP Clerk and Register of Deeds,Alamo 1,Write-in,3
32,REP Clerk and Register of Deeds,Alamo Township Precinct 2,Mona Lisa Watson,340
32,REP Clerk and Register of Deeds,Alamo Township Precinct 2,Write-in,4
32,REP Clerk and Register of Deeds,Brady Township Precinct 1,Mona Lisa Watson,290
32,REP Clerk and Register of Deeds,Brady Township Precinct 1,Write-in,1
32,REP Clerk and Register of Deeds,Brady Township Precinct 2,Mona Lisa Watson,331
32,REP Clerk and Register of Deeds,Brady Township Precinct 2,Write-in,2
32,REP Clerk and Register of Deeds,Charleston Township Precinct 1,Mona Lisa Watson,413
32,REP Clerk and Register of Deeds,Charleston Township Precinct 1,Write-in,1
32,REP Clerk and Register of Deeds,Climax Township Precinct 1,Mona Lisa Watson,487
32,REP Clerk and Register of Deeds,Climax Township Precinct 1,Write-in,0
32,REP Clerk and Register of Deeds,Comstock Township Precinct 1,Mona Lisa Watson,274
32,REP Clerk and Register of Deeds,Comstock Township Precinct 1,Write-in,0
32,REP Clerk and Register of Deeds,Comstock Township Precinct 2,Mona Lisa Watson,233
32,REP Clerk and Register of Deeds,Comstock Township Precinct 2,Write-in,1
32,REP Clerk and Register of Deeds,Comstock Township Precinct 3,Mona Lisa Watson,206
32,REP Clerk and Register of Deeds,Comstock Township Precinct 3,Write-in,1
32,REP Clerk and Register of Deeds,Comstock Township Precinct 4,Mona Lisa Watson,185
32,REP Clerk and Register of Deeds,Comstock Township Precinct 4,Write-in,0
32,REP Clerk and Register of Deeds,Comstock Township Precinct 5,Mona Lisa Watson,218
32,REP Clerk and Register of Deeds,Comstock Township Precinct 5,Write-in,1
32,REP Clerk and Register of Deeds,Comstock Township Precinct 6,Mona Lisa Watson,187
32,REP Clerk and Register of Deeds,Comstock Township Precinct 6,Write-in,1
32,REP Clerk and Register of Deeds,Comstock Township Precinct 7,Mona Lisa Watson,65
32,REP Clerk and Register of Deeds,Comstock Township Precinct 7,Write-in,1
32,REP Clerk and Register of Deeds,Cooper Township Precinct 1,Mona Lisa Watson,162
32,REP Clerk and Register of Deeds,Cooper Township Precinct 1,Write-in,0
32,REP Clerk and Register of Deeds,Cooper Township Precinct 2,Mona Lisa Watson,237
32,REP Clerk and Register of Deeds,Cooper Township Precinct 2,Write-in,2
32,REP Clerk and Register of Deeds,Cooper Township Precinct 3,Mona Lisa Watson,378
32,REP Clerk and Register of Deeds,Cooper Township Precinct 3,Write-in,6
32,REP Clerk and Register of Deeds,Cooper Township Precinct 4,Mona Lisa Watson,460
32,REP Clerk and Register of Deeds,Cooper Township Precinct 4,Write-in,1
32,REP Clerk and Register of Deeds,Cooper Township Precinct 5,Mona Lisa Watson,29
32,REP Clerk and Register of Deeds,Cooper Township Precinct 5,Write-in,0
32,REP Clerk and Register of Deeds,Kalamazoo Township Precinct 1,Mona Lisa Watson,26
32,REP Clerk and Register of Deeds,Kalamazoo Township Precinct 1,Write-in,0
32,REP Clerk and Register of Deeds,Kalamazoo Township Precinct 2,Mona Lisa Watson,74
32,REP Clerk and Register of Deeds,Kalamazoo Township Precinct 2,Write-in,0
32,REP Clerk and Register of Deeds,Kalamazoo Township Precinct 3,Mona Lisa Watson,263
32,REP Clerk and Register of Deeds,Kalamazoo Township Precinct 3,Write-in,0
32,REP Clerk and Register of Deeds,Kalamazoo Township Precinct 4,Mona Lisa Watson,85
32,REP Clerk and Register of Deeds,Kalamazoo Township Precinct 4,Write-in,1
32,REP Clerk and Register of Deeds,Kalamazoo Township Precinct 5,Mona Lisa Watson,108
32,REP Clerk and Register of Deeds,Kalamazoo Township Precinct 5,Write-in,0
32,REP Clerk and Register of Deeds,Kalamazoo Township Precinct 6,Mona Lisa Watson,68
32,REP Clerk and Register of Deeds,Kalamazoo Township Precinct 6,Write-in,0
32,REP Clerk and Register of Deeds,Kalamazoo Township Precinct 7,Mona Lisa Watson,283
32,REP Clerk and Register of Deeds,Kalamazoo Township Precinct 7,Write-in,0
32,REP Clerk and Register of Deeds,Kalamazoo Township Precinct 8,Mona Lisa Watson,102
32,REP Clerk and Register of Deeds,Kalamazoo Township Precinct 8,Write-in,0
32,REP Clerk and Register of Deeds,Kalamazoo Township Precinct 9,Mona Lisa Watson,61
32,REP Clerk and Register of Deeds,Kalamazoo Township Precinct 9,Write-in,0
32,REP Clerk and Register of Deeds,Kalamazoo Township Precinct 10,Mona Lisa Watson,110
32,REP Clerk and Register of Deeds,Kalamazoo Township Precinct 10,Write-in,0
32,REP Clerk and Register of Deeds,Oshtemo Township Precinct 1,Mona Lisa Watson,186
32,REP Clerk and Register of Deeds,Oshtemo Township Precinct 1,Write-in,0
32,REP Clerk and Register of Deeds,Oshtemo Township Precinct 2,Mona Lisa Watson,266
32,REP Clerk and Register of Deeds,Oshtemo Township Precinct 2,Write-in,1
32,REP Clerk and Register of Deeds,Oshtemo Township Precinct 3,Mona Lisa Watson,153
32,REP Clerk and Register of Deeds,Oshtemo Township Precinct 3,Write-in,0
32,REP Clerk and Register of Deeds,Oshtemo Township Precinct 4,Mona Lisa Watson,197
32,REP Clerk and Register of Deeds,Oshtemo Township Precinct 4,Write-in,2
32,REP Clerk and Register of Deeds,Oshtemo Township Precinct 5,Mona Lisa Watson,63
32,REP Clerk and Register of Deeds,Oshtemo Township Precinct 5,Write-in,0
32,REP Clerk and Register of Deeds,Oshtemo Township Precinct 6,Mona Lisa Watson,184
32,REP Clerk and Register of Deeds,Oshtemo Township Precinct 6,Write-in,0
32,REP Clerk and Register of Deeds,Oshtemo Township Precinct 7,Mona Lisa Watson,147
32,REP Clerk and Register of Deeds,Oshtemo Township Precinct 7,Write-in,1
32,REP Clerk and Register of Deeds,Oshtemo Township Precinct 8,Mona Lisa Watson,97
32,REP Clerk and Register of Deeds,Oshtemo Township Precinct 8,Write-in,2
32,REP Clerk and Register of Deeds,Oshtemo Township Precinct 9,Mona Lisa Watson,182
32,REP Clerk and Register of Deeds,Oshtemo Township Precinct 9,Write-in,0
32,REP Clerk and Register of Deeds,Oshtemo Township Precinct 10,Mona Lisa Watson,104
32,REP Clerk and Register of Deeds,Oshtemo Township Precinct 10,Write-in,2
32,REP Clerk and Register of Deeds,Pavilion Township Precinct 1,Mona Lisa Watson,298
32,REP Clerk and Register of Deeds,Pavilion Township Precinct 1,Write-in,1
32,REP Clerk and Register of Deeds,Pavilion Township Precinct 2,Mona Lisa Watson,176
32,REP Clerk and Register of Deeds,Pavilion Township Precinct 2,Write-in,1
32,REP Clerk and Register of Deeds,Pavilion Township Precinct 3,Mona Lisa Watson,132
32,REP Clerk and Register of Deeds,Pavilion Township Precinct 3,Write-in,0
32,REP Clerk and Register of Deeds,Prairie Ronde Township Precinct 1,Mona Lisa Watson,376
32,REP Clerk and Register of Deeds,Prairie Ronde Township Precinct 1,Write-in,0
32,REP Clerk and Register of Deeds,Richland Township Precinct 1,Mona Lisa Watson,380
32,REP Clerk and Register of Deeds,Richland Township Precinct 1,Write-in,1
32,REP Clerk and Register of Deeds,Richland Township Precinct 2,Mona Lisa Watson,220
32,REP Clerk and Register of Deeds,Richland Township Precinct 2,Write-in,0
32,REP Clerk and Register of Deeds,Richland Township Precinct 3,Mona Lisa Watson,345
32,REP Clerk and Register of Deeds,Richland Township Precinct 3,Write-in,1
32,REP Clerk and Register of Deeds,Ross Township Precinct 1,Mona Lisa Watson,393
32,REP Clerk and Register of Deeds,Ross Township Precinct 1,Write-in,1
32,REP Clerk and Register of Deeds,Ross Township Precinct 2,Mona Lisa Watson,440
32,REP Clerk and Register of Deeds,Ross Township Precinct 2,Write-in,1
32,REP Clerk and Register of Deeds,Schoolcraft Township Precinct 1,Mona Lisa Watson,286
32,REP Clerk and Register of Deeds,Schoolcraft Township Precinct 1,Write-in,0
32,REP Clerk and Register of Deeds,Schoolcraft Township Precinct 2,Mona Lisa Watson,154
32,REP Clerk and Register of Deeds,Schoolcraft Township Precinct 2,Write-in,1
32,REP Clerk and Register of Deeds,Schoolcraft Township Precinct 3,Mona Lisa Watson,364
32,REP Clerk and Register of Deeds,Schoolcraft Township Precinct 3,Write-in,5
32,REP Clerk and Register of Deeds,Schoolcraft Township Precinct 4,Mona Lisa Watson,219
32,REP Clerk and Register of Deeds,Schoolcraft Township Precinct 4,Write-in,2
32,REP Clerk and Register of Deeds,Texas Township Precinct 1,Mona Lisa Watson,310
32,REP Clerk and Register of Deeds,Texas Township Precinct 1,Write-in,2
32,REP Clerk and Register of Deeds,Texas Township Precinct 2,Mona Lisa Watson,273
32,REP Clerk and Register of Deeds,Texas Township Precinct 2,Write-in,0
32,REP Clerk and Register of Deeds,Texas Township Precinct 3,Mona Lisa Watson,184
32,REP Clerk and Register of Deeds,Texas Township Precinct 3,Write-in,0
32,REP Clerk and Register of Deeds,Texas Township Precinct 4,Mona Lisa Watson,309
32,REP Clerk and Register of Deeds,Texas Township Precinct 4,Write-in,3
32,REP Clerk and Register of Deeds,Texas Township Precinct 5,Mona Lisa Watson,349
32,REP Clerk and Register of Deeds,Texas Township Precinct 5,Write-in,1
32,REP Clerk and Register of Deeds,Texas Township Precinct 6,Mona Lisa Watson,326
32,REP Clerk and Register of Deeds,Texas Township Precinct 6,Write-in,2
32,REP Clerk and Register of Deeds,Wakeshma Township Precinct 1,Mona Lisa Watson,163
32,REP Clerk and Register of Deeds,Wakeshma Township Precinct 1,Write-in,1
32,REP Clerk and Register of Deeds,Galesburg City Precinct 1,Mona Lisa Watson,85
32,REP Clerk and Register of Deeds,Galesburg City Precinct 1,Write-in,0
32,REP Clerk and Register of Deeds,Kalamazoo City Precinct 1,Mona Lisa Watson,61
32,REP Clerk and Register of Deeds,Kalamazoo City Precinct 1,Write-in,0
32,REP Clerk and Register of Deeds,Kalamazoo City Precinct 2,Mona Lisa Watson,23
32,REP Clerk and Register of Deeds,Kalamazoo City Precinct 2,Write-in,0
32,REP Clerk and Register of Deeds,Kalamazoo City Precinct 3,Mona Lisa Watson,26
32,REP Clerk and Register of Deeds,Kalamazoo City Precinct 3,Write-in,0
32,REP Clerk and Register of Deeds,Kalamazoo City Precinct 4,Mona Lisa Watson,6
32,REP Clerk and Register of Deeds,Kalamazoo City Precinct 4,Write-in,0
32,REP Clerk and Register of Deeds,Kalamazoo City Precinct 5,Mona Lisa Watson,78
32,REP Clerk and Register of Deeds,Kalamazoo City Precinct 5,Write-in,0
32,REP Clerk and Register of Deeds,Kalamazoo City Precinct 6,Mona Lisa Watson,144
32,REP Clerk and Register of Deeds,Kalamazoo City Precinct 6,Write-in,0
32,REP Clerk and Register of Deeds,Kalamazoo City Precinct 7,Mona Lisa Watson,28
32,REP Clerk and Register of Deeds,Kalamazoo City Precinct 7,Write-in,1
32,REP Clerk and Register of Deeds,Kalamazoo City Precinct 8,Mona Lisa Watson,13
32,REP Clerk and Register of Deeds,Kalamazoo City Precinct 8,Write-in,0
32,REP Clerk and Register of Deeds,Kalamazoo City Precinct 9,Mona Lisa Watson,2
32,REP Clerk and Register of Deeds,Kalamazoo City Precinct 9,Write-in,0
32,REP Clerk and Register of Deeds,Kalamazoo City Precinct 10,Mona Lisa Watson,149
32,REP Clerk and Register of Deeds,Kalamazoo City Precinct 10,Write-in,3
32,REP Clerk and Register of Deeds,Kalamazoo City Precinct 11,Mona Lisa Watson,16
32,REP Clerk and Register of Deeds,Kalamazoo City Precinct 11,Write-in,0
32,REP Clerk and Register of Deeds,Kalamazoo City Precinct 12,Mona Lisa Watson,124
32,REP Clerk and Register of Deeds,Kalamazoo City Precinct 12,Write-in,2
32,REP Clerk and Register of Deeds,Kalamazoo City Precinct 13,Mona Lisa Watson,25
32,REP Clerk and Register of Deeds,Kalamazoo City Precinct 13,Write-in,0
32,REP Clerk and Register of Deeds,Kalamazoo City Precinct 14,Mona Lisa Watson,35
32,REP Clerk and Register of Deeds,Kalamazoo City Precinct 14,Write-in,0
32,REP Clerk and Register of Deeds,Kalamazoo City Precinct 15,Mona Lisa Watson,49
32,REP Clerk and Register of Deeds,Kalamazoo City Precinct 15,Write-in,1
32,REP Clerk and Register of Deeds,Kalamazoo City Precinct 16,Mona Lisa Watson,117
32,REP Clerk and Register of Deeds,Kalamazoo City Precinct 16,Write-in,0
32,REP Clerk and Register of Deeds,Kalamazoo City Precinct 17,Mona Lisa Watson,112
32,REP Clerk and Register of Deeds,Kalamazoo City Precinct 17,Write-in,1
32,REP Clerk and Register of Deeds,Kalamazoo City Precinct 18,Mona Lisa Watson,87
32,REP Clerk and Register of Deeds,Kalamazoo City Precinct 18,Write-in,0
32,REP Clerk and Register of Deeds,Kalamazoo City Precinct 19,Mona Lisa Watson,92
32,REP Clerk and Register of Deeds,Kalamazoo City Precinct 19,Write-in,1
32,REP Clerk and Register of Deeds,Kalamazoo City Precinct 20,Mona Lisa Watson,101
32,REP Clerk and Register of Deeds,Kalamazoo City Precinct 20,Write-in,0
32,REP Clerk and Register of Deeds,Kalamazoo City Precinct 21,Mona Lisa Watson,97
32,REP Clerk and Register of Deeds,Kalamazoo City Precinct 21,Write-in,1
32,REP Clerk and Register of Deeds,Kalamazoo City Precinct 22,Mona Lisa Watson,90
32,REP Clerk and Register of Deeds,Kalamazoo City Precinct 22,Write-in,1
32,REP Clerk and Register of Deeds,Kalamazoo City Precinct 23,Mona Lisa Watson,64
32,REP Clerk and Register of Deeds,Kalamazoo City Precinct 23,Write-in,0
32,REP Clerk and Register of Deeds,Kalamazoo City Precinct 24,Mona Lisa Watson,49
32,REP Clerk and Register of Deeds,Kalamazoo City Precinct 24,Write-in,0
32,REP Clerk and Register of Deeds,Kalamazoo City Precinct 25,Mona Lisa Watson,141
32,REP Clerk and Register of Deeds,Kalamazoo City Precinct 25,Write-in,0
32,REP Clerk and Register of Deeds,Kalamazoo City Precinct 26,Mona Lisa Watson,131
32,REP Clerk and Register of Deeds,Kalamazoo City Precinct 26,Write-in,1
32,REP Clerk and Register of Deeds,Kalamazoo City Precinct 27,Mona Lisa Watson,16
32,REP Clerk and Register of Deeds,Kalamazoo City Precinct 27,Write-in,2
32,REP Clerk and Register of Deeds,Parchment City Precinct 1,Mona Lisa Watson,135
32,REP Clerk and Register of Deeds,Parchment City Precinct 1,Write-in,1
32,REP Clerk and Register of Deeds,Portage City Precinct 1,Mona Lisa Watson,130
32,REP Clerk and Register of Deeds,Portage City Precinct 1,Write-in,0
32,REP Clerk and Register of Deeds,Portage City Precinct 2,Mona Lisa Watson,77
32,REP Clerk and Register of Deeds,Portage City Precinct 2,Write-in,1
32,REP Clerk and Register of Deeds,Portage City Precinct 3,Mona Lisa Watson,251
32,REP Clerk and Register of Deeds,Portage City Precinct 3,Write-in,1
32,REP Clerk and Register of Deeds,Portage City Precinct 4,Mona Lisa Watson,240
32,REP Clerk and Register of Deeds,Portage City Precinct 4,Write-in,0
32,REP Clerk and Register of Deeds,Portage City Precinct 5,Mona Lisa Watson,196
32,REP Clerk and Register of Deeds,Portage City Precinct 5,Write-in,1
32,REP Clerk and Register of Deeds,Portage City Precinct 6,Mona Lisa Watson,280
32,REP Clerk and Register of Deeds,Portage City Precinct 6,Write-in,0
32,REP Clerk and Register of Deeds,Portage City Precinct 7,Mona Lisa Watson,48
32,REP Clerk and Register of Deeds,Portage City Precinct 7,Write-in,0
32,REP Clerk and Register of Deeds,Portage City Precinct 8,Mona Lisa Watson,247
32,REP Clerk and Register of Deeds,Portage City Precinct 8,Write-in,0
32,REP Clerk and Register of Deeds,Portage City Precinct 9,Mona Lisa Watson,195
32,REP Clerk and Register of Deeds,Portage City Precinct 9,Write-in,2
32,REP Clerk and Register of Deeds,Portage City Precinct 10,Mona Lisa Watson,326
32,REP Clerk and Register of Deeds,Portage City Precinct 10,Write-in,0
32,REP Clerk and Register of Deeds,Portage City Precinct 11,Mona Lisa Watson,206
32,REP Clerk and Register of Deeds,Portage City Precinct 11,Write-in,1
32,REP Clerk and Register of Deeds,Portage City Precinct 12,Mona Lisa Watson,348
32,REP Clerk and Register of Deeds,Portage City Precinct 12,Write-in,0
32,REP Clerk and Register of Deeds,Portage City Precinct 13,Mona Lisa Watson,347
32,REP Clerk and Register of Deeds,Portage City Precinct 13,Write-in,1
32,REP Clerk and Register of Deeds,Portage City Precinct 14,Mona Lisa Watson,197
32,REP Clerk and Register of Deeds,Portage City Precinct 14,Write-in,0
32,REP Clerk and Register of Deeds,Portage City Precinct 15,Mona Lisa Watson,167
32,REP Clerk and Register of Deeds,Portage City Precinct 15,Write-in,0
32,REP Clerk and Register of Deeds,Portage City Precinct 16,Mona Lisa Watson,260
32,REP Clerk and Register of Deeds,Portage City Precinct 16,Write-in,0
32,REP Clerk and Register of Deeds,Portage City Precinct 17,Mona Lisa Watson,296
32,REP Clerk and Register of Deeds,Portage City Precinct 17,Write-in,2
32,REP Clerk and Register of Deeds,Portage City Precinct 18,Mona Lisa Watson,225
32,REP Clerk and Register of Deeds,Portage City Precinct 18,Write-in,0
32,REP Clerk and Register of Deeds,Portage City Precinct 19,Mona Lisa Watson,198
32,REP Clerk and Register of Deeds,Portage City Precinct 19,Write-in,2
32,REP Clerk and Register of Deeds,Portage City Precinct 20,Mona Lisa Watson,138
32,REP Clerk and Register of Deeds,Portage City Precinct 20,Write-in,1
33,REP Treasurer,Alamo 1,Mary Balkema,238
33,REP Treasurer,Alamo 1,Write-in,2
33,REP Treasurer,Alamo Township Precinct 2,Mary Balkema,371
33,REP Treasurer,Alamo Township Precinct 2,Write-in,1
33,REP Treasurer,Brady Township Precinct 1,Mary Balkema,291
33,REP Treasurer,Brady Township Precinct 1,Write-in,2
33,REP Treasurer,Brady Township Precinct 2,Mary Balkema,344
33,REP Treasurer,Brady Township Precinct 2,Write-in,4
33,REP Treasurer,Charleston Township Precinct 1,Mary Balkema,425
33,REP Treasurer,Charleston Township Precinct 1,Write-in,0
33,REP Treasurer,Climax Township Precinct 1,Mary Balkema,496
33,REP Treasurer,Climax Township Precinct 1,Write-in,0
33,REP Treasurer,Comstock Township Precinct 1,Mary Balkema,287
33,REP Treasurer,Comstock Township Precinct 1,Write-in,1
33,REP Treasurer,Comstock Township Precinct 2,Mary Balkema,240
33,REP Treasurer,Comstock Township Precinct 2,Write-in,0
33,REP Treasurer,Comstock Township Precinct 3,Mary Balkema,206
33,REP Treasurer,Comstock Township Precinct 3,Write-in,2
33,REP Treasurer,Comstock Township Precinct 4,Mary Balkema,193
33,REP Treasurer,Comstock Township Precinct 4,Write-in,0
33,REP Treasurer,Comstock Township Precinct 5,Mary Balkema,225
33,REP Treasurer,Comstock Township Precinct 5,Write-in,1
33,REP Treasurer,Comstock Township Precinct 6,Mary Balkema,199
33,REP Treasurer,Comstock Township Precinct 6,Write-in,2
33,REP Treasurer,Comstock Township Precinct 7,Mary Balkema,72
33,REP Treasurer,Comstock Township Precinct 7,Write-in,0
33,REP Treasurer,Cooper Township Precinct 1,Mary Balkema,173
33,REP Treasurer,Cooper Township Precinct 1,Write-in,2
33,REP Treasurer,Cooper Township Precinct 2,Mary Balkema,254
33,REP Treasurer,Cooper Township Precinct 2,Write-in,0
33,REP Treasurer,Cooper Township Precinct 3,Mary Balkema,388
33,REP Treasurer,Cooper Township Precinct 3,Write-in,10
33,REP Treasurer,Cooper Township Precinct 4,Mary Balkema,475
33,REP Treasurer,Cooper Township Precinct 4,Write-in,4
33,REP Treasurer,Cooper Township Precinct 5,Mary Balkema,30
33,REP Treasurer,Cooper Township Precinct 5,Write-in,1
33,REP Treasurer,Kalamazoo Township Precinct 1,Mary Balkema,24
33,REP Treasurer,Kalamazoo Township Precinct 1,Write-in,1
33,REP Treasurer,Kalamazoo Township Precinct 2,Mary Balkema,76
33,REP Treasurer,Kalamazoo Township Precinct 2,Write-in,0
33,REP Treasurer,Kalamazoo Township Precinct 3,Mary Balkema,269
33,REP Treasurer,Kalamazoo Township Precinct 3,Write-in,1
33,REP Treasurer,Kalamazoo Township Precinct 4,Mary Balkema,95
33,REP Treasurer,Kalamazoo Township Precinct 4,Write-in,0
33,REP Treasurer,Kalamazoo Township Precinct 5,Mary Balkema,113
33,REP Treasurer,Kalamazoo Township Precinct 5,Write-in,0
33,REP Treasurer,Kalamazoo Township Precinct 6,Mary Balkema,71
33,REP Treasurer,Kalamazoo Township Precinct 6,Write-in,0
33,REP Treasurer,Kalamazoo Township Precinct 7,Mary Balkema,290
33,REP Treasurer,Kalamazoo Township Precinct 7,Write-in,0
33,REP Treasurer,Kalamazoo Township Precinct 8,Mary Balkema,102
33,REP Treasurer,Kalamazoo Township Precinct 8,Write-in,3
33,REP Treasurer,Kalamazoo Township Precinct 9,Mary Balkema,60
33,REP Treasurer,Kalamazoo Township Precinct 9,Write-in,0
33,REP Treasurer,Kalamazoo Township Precinct 10,Mary Balkema,112
33,REP Treasurer,Kalamazoo Township Precinct 10,Write-in,0
33,REP Treasurer,Oshtemo Township Precinct 1,Mary Balkema,196
33,REP Treasurer,Oshtemo Township Precinct 1,Write-in,1
33,REP Treasurer,Oshtemo Township Precinct 2,Mary Balkema,272
33,REP Treasurer,Oshtemo Township Precinct 2,Write-in,1
33,REP Treasurer,Oshtemo Township Precinct 3,Mary Balkema,158
33,REP Treasurer,Oshtemo Township Precinct 3,Write-in,0
33,REP Treasurer,Oshtemo Township Precinct 4,Mary Balkema,203
33,REP Treasurer,Oshtemo Township Precinct 4,Write-in,2
33,REP Treasurer,Oshtemo Township Precinct 5,Mary Balkema,62
33,REP Treasurer,Oshtemo Township Precinct 5,Write-in,0
33,REP Treasurer,Oshtemo Township Precinct 6,Mary Balkema,192
33,REP Treasurer,Oshtemo Township Precinct 6,Write-in,0
33,REP Treasurer,Oshtemo Township Precinct 7,Mary Balkema,158
33,REP Treasurer,Oshtemo Township Precinct 7,Write-in,1
33,REP Treasurer,Oshtemo Township Precinct 8,Mary Balkema,100
33,REP Treasurer,Oshtemo Township Precinct 8,Write-in,0
33,REP Treasurer,Oshtemo Township Precinct 9,Mary Balkema,188
33,REP Treasurer,Oshtemo Township Precinct 9,Write-in,0
33,REP Treasurer,Oshtemo Township Precinct 10,Mary Balkema,106
33,REP Treasurer,Oshtemo Township Precinct 10,Write-in,1
33,REP Treasurer,Pavilion Township Precinct 1,Mary Balkema,310
33,REP Treasurer,Pavilion Township Precinct 1,Write-in,1
33,REP Treasurer,Pavilion Township Precinct 2,Mary Balkema,185
33,REP Treasurer,Pavilion Township Precinct 2,Write-in,0
33,REP Treasurer,Pavilion Township Precinct 3,Mary Balkema,140
33,REP Treasurer,Pavilion Township Precinct 3,Write-in,0
33,REP Treasurer,Prairie Ronde Township Precinct 1,Mary Balkema,386
33,REP Treasurer,Prairie Ronde Township Precinct 1,Write-in,0
33,REP Treasurer,Richland Township Precinct 1,Mary Balkema,388
33,REP Treasurer,Richland Township Precinct 1,Write-in,1
33,REP Treasurer,Richland Township Precinct 2,Mary Balkema,235
33,REP Treasurer,Richland Township Precinct 2,Write-in,0
33,REP Treasurer,Richland Township Precinct 3,Mary Balkema,353
33,REP Treasurer,Richland Township Precinct 3,Write-in,1
33,REP Treasurer,Ross Township Precinct 1,Mary Balkema,407
33,REP Treasurer,Ross Township Precinct 1,Write-in,2
33,REP Treasurer,Ross Township Precinct 2,Mary Balkema,444
33,REP Treasurer,Ross Township Precinct 2,Write-in,1
33,REP Treasurer,Schoolcraft Township Precinct 1,Mary Balkema,301
33,REP Treasurer,Schoolcraft Township Precinct 1,Write-in,2
33,REP Treasurer,Schoolcraft Township Precinct 2,Mary Balkema,165
33,REP Treasurer,Schoolcraft Township Precinct 2,Write-in,0
33,REP Treasurer,Schoolcraft Township Precinct 3,Mary Balkema,380
33,REP Treasurer,Schoolcraft Township Precinct 3,Write-in,3
33,REP Treasurer,Schoolcraft Township Precinct 4,Mary Balkema,235
33,REP Treasurer,Schoolcraft Township Precinct 4,Write-in,1
33,REP Treasurer,Texas Township Precinct 1,Mary Balkema,321
33,REP Treasurer,Texas Township Precinct 1,Write-in,3
33,REP Treasurer,Texas Township Precinct 2,Mary Balkema,287
33,REP Treasurer,Texas Township Precinct 2,Write-in,1
33,REP Treasurer,Texas Township Precinct 3,Mary Balkema,193
33,REP Treasurer,Texas Township Precinct 3,Write-in,0
33,REP Treasurer,Texas Township Precinct 4,Mary Balkema,333
33,REP Treasurer,Texas Township Precinct 4,Write-in,4
33,REP Treasurer,Texas Township Precinct 5,Mary Balkema,381
33,REP Treasurer,Texas Township Precinct 5,Write-in,2
33,REP Treasurer,Texas Township Precinct 6,Mary Balkema,348
33,REP Treasurer,Texas Township Precinct 6,Write-in,2
33,REP Treasurer,Wakeshma Township Precinct 1,Mary Balkema,164
33,REP Treasurer,Wakeshma Township Precinct 1,Write-in,1
33,REP Treasurer,Galesburg City Precinct 1,Mary Balkema,85
33,REP Treasurer,Galesburg City Precinct 1,Write-in,0
33,REP Treasurer,Kalamazoo City Precinct 1,Mary Balkema,60
33,REP Treasurer,Kalamazoo City Precinct 1,Write-in,0
33,REP Treasurer,Kalamazoo City Precinct 2,Mary Balkema,22
33,REP Treasurer,Kalamazoo City Precinct 2,Write-in,0
33,REP Treasurer,Kalamazoo City Precinct 3,Mary Balkema,26
33,REP Treasurer,Kalamazoo City Precinct 3,Write-in,1
33,REP Treasurer,Kalamazoo City Precinct 4,Mary Balkema,6
33,REP Treasurer,Kalamazoo City Precinct 4,Write-in,0
33,REP Treasurer,Kalamazoo City Precinct 5,Mary Balkema,79
33,REP Treasurer,Kalamazoo City Precinct 5,Write-in,0
33,REP Treasurer,Kalamazoo City Precinct 6,Mary Balkema,150
33,REP Treasurer,Kalamazoo City Precinct 6,Write-in,0
33,REP Treasurer,Kalamazoo City Precinct 7,Mary Balkema,28
33,REP Treasurer,Kalamazoo City Precinct 7,Write-in,1
33,REP Treasurer,Kalamazoo City Precinct 8,Mary Balkema,13
33,REP Treasurer,Kalamazoo City Precinct 8,Write-in,0
33,REP Treasurer,Kalamazoo City Precinct 9,Mary Balkema,2
33,REP Treasurer,Kalamazoo City Precinct 9,Write-in,0
33,REP Treasurer,Kalamazoo City Precinct 10,Mary Balkema,154
33,REP Treasurer,Kalamazoo City Precinct 10,Write-in,5
33,REP Treasurer,Kalamazoo City Precinct 11,Mary Balkema,16
33,REP Treasurer,Kalamazoo City Precinct 11,Write-in,1
33,REP Treasurer,Kalamazoo City Precinct 12,Mary Balkema,123
33,REP Treasurer,Kalamazoo City Precinct 12,Write-in,3
33,REP Treasurer,Kalamazoo City Precinct 13,Mary Balkema,26
33,REP Treasurer,Kalamazoo City Precinct 13,Write-in,0
33,REP Treasurer,Kalamazoo City Precinct 14,Mary Balkema,39
33,REP Treasurer,Kalamazoo City Precinct 14,Write-in,0
33,REP Treasurer,Kalamazoo City Precinct 15,Mary Balkema,53
33,REP Treasurer,Kalamazoo City Precinct 15,Write-in,0
33,REP Treasurer,Kalamazoo City Precinct 16,Mary Balkema,118
33,REP Treasurer,Kalamazoo City Precinct 16,Write-in,3
33,REP Treasurer,Kalamazoo City Precinct 17,Mary Balkema,118
33,REP Treasurer,Kalamazoo City Precinct 17,Write-in,1
33,REP Treasurer,Kalamazoo City Precinct 18,Mary Balkema,91
33,REP Treasurer,Kalamazoo City Precinct 18,Write-in,0
33,REP Treasurer,Kalamazoo City Precinct 19,Mary Balkema,94
33,REP Treasurer,Kalamazoo City Precinct 19,Write-in,0
33,REP Treasurer,Kalamazoo City Precinct 20,Mary Balkema,104
33,REP Treasurer,Kalamazoo City Precinct 20,Write-in,0
33,REP Treasurer,Kalamazoo City Precinct 21,Mary Balkema,98
33,REP Treasurer,Kalamazoo City Precinct 21,Write-in,1
33,REP Treasurer,Kalamazoo City Precinct 22,Mary Balkema,94
33,REP Treasurer,Kalamazoo City Precinct 22,Write-in,3
33,REP Treasurer,Kalamazoo City Precinct 23,Mary Balkema,62
33,REP Treasurer,Kalamazoo City Precinct 23,Write-in,1
33,REP Treasurer,Kalamazoo City Precinct 24,Mary Balkema,52
33,REP Treasurer,Kalamazoo City Precinct 24,Write-in,0
33,REP Treasurer,Kalamazoo City Precinct 25,Mary Balkema,146
33,REP Treasurer,Kalamazoo City Precinct 25,Write-in,0
33,REP Treasurer,Kalamazoo City Precinct 26,Mary Balkema,139
33,REP Treasurer,Kalamazoo City Precinct 26,Write-in,0
33,REP Treasurer,Kalamazoo City Precinct 27,Mary Balkema,16
33,REP Treasurer,Kalamazoo City Precinct 27,Write-in,3
33,REP Treasurer,Parchment City Precinct 1,Mary Balkema,136
33,REP Treasurer,Parchment City Precinct 1,Write-in,1
33,REP Treasurer,Portage City Precinct 1,Mary Balkema,136
33,REP Treasurer,Portage City Precinct 1,Write-in,1
33,REP Treasurer,Portage City Precinct 2,Mary Balkema,77
33,REP Treasurer,Portage City Precinct 2,Write-in,1
33,REP Treasurer,Portage City Precinct 3,Mary Balkema,265
33,REP Treasurer,Portage City Precinct 3,Write-in,0
33,REP Treasurer,Portage City Precinct 4,Mary Balkema,243
33,REP Treasurer,Portage City Precinct 4,Write-in,0
33,REP Treasurer,Portage City Precinct 5,Mary Balkema,199
33,REP Treasurer,Portage City Precinct 5,Write-in,0
33,REP Treasurer,Portage City Precinct 6,Mary Balkema,286
33,REP Treasurer,Portage City Precinct 6,Write-in,1
33,REP Treasurer,Portage City Precinct 7,Mary Balkema,50
33,REP Treasurer,Portage City Precinct 7,Write-in,0
33,REP Treasurer,Portage City Precinct 8,Mary Balkema,258
33,REP Treasurer,Portage City Precinct 8,Write-in,0
33,REP Treasurer,Portage City Precinct 9,Mary Balkema,202
33,REP Treasurer,Portage City Precinct 9,Write-in,0
33,REP Treasurer,Portage City Precinct 10,Mary Balkema,335
33,REP Treasurer,Portage City Precinct 10,Write-in,0
33,REP Treasurer,Portage City Precinct 11,Mary Balkema,209
33,REP Treasurer,Portage City Precinct 11,Write-in,1
33,REP Treasurer,Portage City Precinct 12,Mary Balkema,368
33,REP Treasurer,Portage City Precinct 12,Write-in,0
33,REP Treasurer,Portage City Precinct 13,Mary Balkema,359
33,REP Treasurer,Portage City Precinct 13,Write-in,0
33,REP Treasurer,Portage City Precinct 14,Mary Balkema,199
33,REP Treasurer,Portage City Precinct 14,Write-in,1
33,REP Treasurer,Portage City Precinct 15,Mary Balkema,172
33,REP Treasurer,Portage City Precinct 15,Write-in,0
33,REP Treasurer,Portage City Precinct 16,Mary Balkema,271
33,REP Treasurer,Portage City Precinct 16,Write-in,1
33,REP Treasurer,Portage City Precinct 17,Mary Balkema,317
33,REP Treasurer,Portage City Precinct 17,Write-in,2
33,REP Treasurer,Portage City Precinct 18,Mary Balkema,232
33,REP Treasurer,Portage City Precinct 18,Write-in,0
33,REP Treasurer,Portage City Precinct 19,Mary Balkema,201
33,REP Treasurer,Portage City Precinct 19,Write-in,4
33,REP Treasurer,Portage City Precinct 20,Mary Balkema,143
33,REP Treasurer,Portage City Precinct 20,Write-in,1
34,REP Drain Commissioner,Alamo 1,Joanna Croes,225
34,REP Drain Commissioner,Alamo 1,Write-in,3
34,REP Drain Commissioner,Alamo Township Precinct 2,Joanna Croes,346
34,REP Drain Commissioner,Alamo Township Precinct 2,Write-in,2
34,REP Drain Commissioner,Brady Township Precinct 1,Joanna Croes,292
34,REP Drain Commissioner,Brady Township Precinct 1,Write-in,1
34,REP Drain Commissioner,Brady Township Precinct 2,Joanna Croes,339
34,REP Drain Commissioner,Brady Township Precinct 2,Write-in,2
34,REP Drain Commissioner,Charleston Township Precinct 1,Joanna Croes,405
34,REP Drain Commissioner,Charleston Township Precinct 1,Write-in,0
34,REP Drain Commissioner,Climax Township Precinct 1,Joanna Croes,486
34,REP Drain Commissioner,Climax Township Precinct 1,Write-in,0
34,REP Drain Commissioner,Comstock Township Precinct 1,Joanna Croes,269
34,REP Drain Commissioner,Comstock Township Precinct 1,Write-in,0
34,REP Drain Commissioner,Comstock Township Precinct 2,Joanna Croes,236
34,REP Drain Commissioner,Comstock Township Precinct 2,Write-in,0
34,REP Drain Commissioner,Comstock Township Precinct 3,Joanna Croes,200
34,REP Drain Commissioner,Comstock Township Precinct 3,Write-in,2
34,REP Drain Commissioner,Comstock Township Precinct 4,Joanna Croes,182
34,REP Drain Commissioner,Comstock Township Precinct 4,Write-in,0
34,REP Drain Commissioner,Comstock Township Precinct 5,Joanna Croes,215
34,REP Drain Commissioner,Comstock Township Precinct 5,Write-in,0
34,REP Drain Commissioner,Comstock Township Precinct 6,Joanna Croes,184
34,REP Drain Commissioner,Comstock Township Precinct 6,Write-in,1
34,REP Drain Commissioner,Comstock Township Precinct 7,Joanna Croes,67
34,REP Drain Commissioner,Comstock Township Precinct 7,Write-in,0
34,REP Drain Commissioner,Cooper Township Precinct 1,Joanna Croes,160
34,REP Drain Commissioner,Cooper Township Precinct 1,Write-in,0
34,REP Drain Commissioner,Cooper Township Precinct 2,Joanna Croes,231
34,REP Drain Commissioner,Cooper Township Precinct 2,Write-in,2
34,REP Drain Commissioner,Cooper Township Precinct 3,Joanna Croes,376
34,REP Drain Commissioner,Cooper Township Precinct 3,Write-in,6
34,REP Drain Commissioner,Cooper Township Precinct 4,Joanna Croes,454
34,REP Drain Commissioner,Cooper Township Precinct 4,Write-in,3
34,REP Drain Commissioner,Cooper Township Precinct 5,Joanna Croes,30
34,REP Drain Commissioner,Cooper Township Precinct 5,Write-in,0
34,REP Drain Commissioner,Kalamazoo Township Precinct 1,Joanna Croes,26
34,REP Drain Commissioner,Kalamazoo Township Precinct 1,Write-in,0
34,REP Drain Commissioner,Kalamazoo Township Precinct 2,Joanna Croes,73
34,REP Drain Commissioner,Kalamazoo Township Precinct 2,Write-in,0
34,REP Drain Commissioner,Kalamazoo Township Precinct 3,Joanna Croes,264
34,REP Drain Commissioner,Kalamazoo Township Precinct 3,Write-in,0
34,REP Drain Commissioner,Kalamazoo Township Precinct 4,Joanna Croes,86
34,REP Drain Commissioner,Kalamazoo Township Precinct 4,Write-in,1
34,REP Drain Commissioner,Kalamazoo Township Precinct 5,Joanna Croes,106
34,REP Drain Commissioner,Kalamazoo Township Precinct 5,Write-in,1
34,REP Drain Commissioner,Kalamazoo Township Precinct 6,Joanna Croes,66
34,REP Drain Commissioner,Kalamazoo Township Precinct 6,Write-in,0
34,REP Drain Commissioner,Kalamazoo Township Precinct 7,Joanna Croes,282
34,REP Drain Commissioner,Kalamazoo Township Precinct 7,Write-in,0
34,REP Drain Commissioner,Kalamazoo Township Precinct 8,Joanna Croes,101
34,REP Drain Commissioner,Kalamazoo Township Precinct 8,Write-in,1
34,REP Drain Commissioner,Kalamazoo Township Precinct 9,Joanna Croes,60
34,REP Drain Commissioner,Kalamazoo Township Precinct 9,Write-in,0
34,REP Drain Commissioner,Kalamazoo Township Precinct 10,Joanna Croes,111
34,REP Drain Commissioner,Kalamazoo Township Precinct 10,Write-in,0
34,REP Drain Commissioner,Oshtemo Township Precinct 1,Joanna Croes,188
34,REP Drain Commissioner,Oshtemo Township Precinct 1,Write-in,0
34,REP Drain Commissioner,Oshtemo Township Precinct 2,Joanna Croes,267
34,REP Drain Commissioner,Oshtemo Township Precinct 2,Write-in,0
34,REP Drain Commissioner,Oshtemo Township Precinct 3,Joanna Croes,152
34,REP Drain Commissioner,Oshtemo Township Precinct 3,Write-in,0
34,REP Drain Commissioner,Oshtemo Township Precinct 4,Joanna Croes,199
34,REP Drain Commissioner,Oshtemo Township Precinct 4,Write-in,0
34,REP Drain Commissioner,Oshtemo Township Precinct 5,Joanna Croes,61
34,REP Drain Commissioner,Oshtemo Township Precinct 5,Write-in,0
34,REP Drain Commissioner,Oshtemo Township Precinct 6,Joanna Croes,181
34,REP Drain Commissioner,Oshtemo Township Precinct 6,Write-in,0
34,REP Drain Commissioner,Oshtemo Township Precinct 7,Joanna Croes,146
34,REP Drain Commissioner,Oshtemo Township Precinct 7,Write-in,1
34,REP Drain Commissioner,Oshtemo Township Precinct 8,Joanna Croes,97
34,REP Drain Commissioner,Oshtemo Township Precinct 8,Write-in,2
34,REP Drain Commissioner,Oshtemo Township Precinct 9,Joanna Croes,180
34,REP Drain Commissioner,Oshtemo Township Precinct 9,Write-in,0
34,REP Drain Commissioner,Oshtemo Township Precinct 10,Joanna Croes,105
34,REP Drain Commissioner,Oshtemo Township Precinct 10,Write-in,1
34,REP Drain Commissioner,Pavilion Township Precinct 1,Joanna Croes,299
34,REP Drain Commissioner,Pavilion Township Precinct 1,Write-in,0
34,REP Drain Commissioner,Pavilion Township Precinct 2,Joanna Croes,173
34,REP Drain Commissioner,Pavilion Township Precinct 2,Write-in,1
34,REP Drain Commissioner,Pavilion Township Precinct 3,Joanna Croes,135
34,REP Drain Commissioner,Pavilion Township Precinct 3,Write-in,0
34,REP Drain Commissioner,Prairie Ronde Township Precinct 1,Joanna Croes,375
34,REP Drain Commissioner,Prairie Ronde Township Precinct 1,Write-in,0
34,REP Drain Commissioner,Richland Township Precinct 1,Joanna Croes,372
34,REP Drain Commissioner,Richland Township Precinct 1,Write-in,1
34,REP Drain Commissioner,Richland Township Precinct 2,Joanna Croes,226
34,REP Drain Commissioner,Richland Township Precinct 2,Write-in,0
34,REP Drain Commissioner,Richland Township Precinct 3,Joanna Croes,336
34,REP Drain Commissioner,Richland Township Precinct 3,Write-in,1
34,REP Drain Commissioner,Ross Township Precinct 1,Joanna Croes,397
34,REP Drain Commissioner,Ross Township Precinct 1,Write-in,2
34,REP Drain Commissioner,Ross Township Precinct 2,Joanna Croes,432
34,REP Drain Commissioner,Ross Township Precinct 2,Write-in,1
34,REP Drain Commissioner,Schoolcraft Township Precinct 1,Joanna Croes,284
34,REP Drain Commissioner,Schoolcraft Township Precinct 1,Write-in,0
34,REP Drain Commissioner,Schoolcraft Township Precinct 2,Joanna Croes,160
34,REP Drain Commissioner,Schoolcraft Township Precinct 2,Write-in,0
34,REP Drain Commissioner,Schoolcraft Township Precinct 3,Joanna Croes,367
34,REP Drain Commissioner,Schoolcraft Township Precinct 3,Write-in,3
34,REP Drain Commissioner,Schoolcraft Township Precinct 4,Joanna Croes,211
34,REP Drain Commissioner,Schoolcraft Township Precinct 4,Write-in,2
34,REP Drain Commissioner,Texas Township Precinct 1,Joanna Croes,306
34,REP Drain Commissioner,Texas Township Precinct 1,Write-in,2
34,REP Drain Commissioner,Texas Township Precinct 2,Joanna Croes,273
34,REP Drain Commissioner,Texas Township Precinct 2,Write-in,2
34,REP Drain Commissioner,Texas Township Precinct 3,Joanna Croes,186
34,REP Drain Commissioner,Texas Township Precinct 3,Write-in,0
34,REP Drain Commissioner,Texas Township Precinct 4,Joanna Croes,311
34,REP Drain Commissioner,Texas Township Precinct 4,Write-in,1
34,REP Drain Commissioner,Texas Township Precinct 5,Joanna Croes,360
34,REP Drain Commissioner,Texas Township Precinct 5,Write-in,1
34,REP Drain Commissioner,Texas Township Precinct 6,Joanna Croes,319
34,REP Drain Commissioner,Texas Township Precinct 6,Write-in,2
34,REP Drain Commissioner,Wakeshma Township Precinct 1,Joanna Croes,162
34,REP Drain Commissioner,Wakeshma Township Precinct 1,Write-in,0
34,REP Drain Commissioner,Galesburg City Precinct 1,Joanna Croes,82
34,REP Drain Commissioner,Galesburg City Precinct 1,Write-in,1
34,REP Drain Commissioner,Kalamazoo City Precinct 1,Joanna Croes,58
34,REP Drain Commissioner,Kalamazoo City Precinct 1,Write-in,0
34,REP Drain Commissioner,Kalamazoo City Precinct 2,Joanna Croes,23
34,REP Drain Commissioner,Kalamazoo City Precinct 2,Write-in,0
34,REP Drain Commissioner,Kalamazoo City Precinct 3,Joanna Croes,27
34,REP Drain Commissioner,Kalamazoo City Precinct 3,Write-in,0
34,REP Drain Commissioner,Kalamazoo City Precinct 4,Joanna Croes,6
34,REP Drain Commissioner,Kalamazoo City Precinct 4,Write-in,0
34,REP Drain Commissioner,Kalamazoo City Precinct 5,Joanna Croes,78
34,REP Drain Commissioner,Kalamazoo City Precinct 5,Write-in,0
34,REP Drain Commissioner,Kalamazoo City Precinct 6,Joanna Croes,142
34,REP Drain Commissioner,Kalamazoo City Precinct 6,Write-in,0
34,REP Drain Commissioner,Kalamazoo City Precinct 7,Joanna Croes,29
34,REP Drain Commissioner,Kalamazoo City Precinct 7,Write-in,0
34,REP Drain Commissioner,Kalamazoo City Precinct 8,Joanna Croes,13
34,REP Drain Commissioner,Kalamazoo City Precinct 8,Write-in,0
34,REP Drain Commissioner,Kalamazoo City Precinct 9,Joanna Croes,2
34,REP Drain Commissioner,Kalamazoo City Precinct 9,Write-in,0
34,REP Drain Commissioner,Kalamazoo City Precinct 10,Joanna Croes,147
34,REP Drain Commissioner,Kalamazoo City Precinct 10,Write-in,1
34,REP Drain Commissioner,Kalamazoo City Precinct 11,Joanna Croes,16
34,REP Drain Commissioner,Kalamazoo City Precinct 11,Write-in,0
34,REP Drain Commissioner,Kalamazoo City Precinct 12,Joanna Croes,123
34,REP Drain Commissioner,Kalamazoo City Precinct 12,Write-in,2
34,REP Drain Commissioner,Kalamazoo City Precinct 13,Joanna Croes,26
34,REP Drain Commissioner,Kalamazoo City Precinct 13,Write-in,0
34,REP Drain Commissioner,Kalamazoo City Precinct 14,Joanna Croes,38
34,REP Drain Commissioner,Kalamazoo City Precinct 14,Write-in,0
34,REP Drain Commissioner,Kalamazoo City Precinct 15,Joanna Croes,49
34,REP Drain Commissioner,Kalamazoo City Precinct 15,Write-in,1
34,REP Drain Commissioner,Kalamazoo City Precinct 16,Joanna Croes,118
34,REP Drain Commissioner,Kalamazoo City Precinct 16,Write-in,0
34,REP Drain Commissioner,Kalamazoo City Precinct 17,Joanna Croes,114
34,REP Drain Commissioner,Kalamazoo City Precinct 17,Write-in,1
34,REP Drain Commissioner,Kalamazoo City Precinct 18,Joanna Croes,88
34,REP Drain Commissioner,Kalamazoo City Precinct 18,Write-in,0
34,REP Drain Commissioner,Kalamazoo City Precinct 19,Joanna Croes,90
34,REP Drain Commissioner,Kalamazoo City Precinct 19,Write-in,1
34,REP Drain Commissioner,Kalamazoo City Precinct 20,Joanna Croes,101
34,REP Drain Commissioner,Kalamazoo City Precinct 20,Write-in,0
34,REP Drain Commissioner,Kalamazoo City Precinct 21,Joanna Croes,94
34,REP Drain Commissioner,Kalamazoo City Precinct 21,Write-in,1
34,REP Drain Commissioner,Kalamazoo City Precinct 22,Joanna Croes,93
34,REP Drain Commissioner,Kalamazoo City Precinct 22,Write-in,1
34,REP Drain Commissioner,Kalamazoo City Precinct 23,Joanna Croes,59
34,REP Drain Commissioner,Kalamazoo City Precinct 23,Write-in,0
34,REP Drain Commissioner,Kalamazoo City Precinct 24,Joanna Croes,48
34,REP Drain Commissioner,Kalamazoo City Precinct 24,Write-in,0
34,REP Drain Commissioner,Kalamazoo City Precinct 25,Joanna Croes,138
34,REP Drain Commissioner,Kalamazoo City Precinct 25,Write-in,0
34,REP Drain Commissioner,Kalamazoo City Precinct 26,Joanna Croes,130
34,REP Drain Commissioner,Kalamazoo City Precinct 26,Write-in,0
34,REP Drain Commissioner,Kalamazoo City Precinct 27,Joanna Croes,17
34,REP Drain Commissioner,Kalamazoo City Precinct 27,Write-in,0
34,REP Drain Commissioner,Parchment City Precinct 1,Joanna Croes,131
34,REP Drain Commissioner,Parchment City Precinct 1,Write-in,1
34,REP Drain Commissioner,Portage City Precinct 1,Joanna Croes,131
34,REP Drain Commissioner,Portage City Precinct 1,Write-in,0
34,REP Drain Commissioner,Portage City Precinct 2,Joanna Croes,78
34,REP Drain Commissioner,Portage City Precinct 2,Write-in,1
34,REP Drain Commissioner,Portage City Precinct 3,Joanna Croes,246
34,REP Drain Commissioner,Portage City Precinct 3,Write-in,0
34,REP Drain Commissioner,Portage City Precinct 4,Joanna Croes,233
34,REP Drain Commissioner,Portage City Precinct 4,Write-in,0
34,REP Drain Commissioner,Portage City Precinct 5,Joanna Croes,193
34,REP Drain Commissioner,Portage City Precinct 5,Write-in,0
34,REP Drain Commissioner,Portage City Precinct 6,Joanna Croes,276
34,REP Drain Commissioner,Portage City Precinct 6,Write-in,0
34,REP Drain Commissioner,Portage City Precinct 7,Joanna Croes,48
34,REP Drain Commissioner,Portage City Precinct 7,Write-in,0
34,REP Drain Commissioner,Portage City Precinct 8,Joanna Croes,248
34,REP Drain Commissioner,Portage City Precinct 8,Write-in,0
34,REP Drain Commissioner,Portage City Precinct 9,Joanna Croes,195
34,REP Drain Commissioner,Portage City Precinct 9,Write-in,0
34,REP Drain Commissioner,Portage City Precinct 10,Joanna Croes,332
34,REP Drain Commissioner,Portage City Precinct 10,Write-in,0
34,REP Drain Commissioner,Portage City Precinct 11,Joanna Croes,202
34,REP Drain Commissioner,Portage City Precinct 11,Write-in,0
34,REP Drain Commissioner,Portage City Precinct 12,Joanna Croes,341
34,REP Drain Commissioner,Portage City Precinct 12,Write-in,2
34,REP Drain Commissioner,Portage City Precinct 13,Joanna Croes,343
34,REP Drain Commissioner,Portage City Precinct 13,Write-in,0
34,REP Drain Commissioner,Portage City Precinct 14,Joanna Croes,195
34,REP Drain Commissioner,Portage City Precinct 14,Write-in,1
34,REP Drain Commissioner,Portage City Precinct 15,Joanna Croes,170
34,REP Drain Commissioner,Portage City Precinct 15,Write-in,0
34,REP Drain Commissioner,Portage City Precinct 16,Joanna Croes,249
34,REP Drain Commissioner,Portage City Precinct 16,Write-in,0
34,REP Drain Commissioner,Portage City Precinct 17,Joanna Croes,300
34,REP Drain Commissioner,Portage City Precinct 17,Write-in,2
34,REP Drain Commissioner,Portage City Precinct 18,Joanna Croes,220
34,REP Drain Commissioner,Portage City Precinct 18,Write-in,1
34,REP Drain Commissioner,Portage City Precinct 19,Joanna Croes,197
34,REP Drain Commissioner,Portage City Precinct 19,Write-in,1
34,REP Drain Commissioner,Portage City Precinct 20,Joanna Croes,136
34,REP Drain Commissioner,Portage City Precinct 20,Write-in,1
35,REP Surveyor,Alamo 1,Gary Hahn,231
35,REP Surveyor,Alamo 1,Write-in,3
35,REP Surveyor,Alamo Township Precinct 2,Gary Hahn,353
35,REP Surveyor,Alamo Township Precinct 2,Write-in,1
35,REP Surveyor,Brady Township Precinct 1,Gary Hahn,295
35,REP Surveyor,Brady Township Precinct 1,Write-in,1
35,REP Surveyor,Brady Township Precinct 2,Gary Hahn,331
35,REP Surveyor,Brady Township Precinct 2,Write-in,3
35,REP Surveyor,Charleston Township Precinct 1,Gary Hahn,402
35,REP Surveyor,Charleston Township Precinct 1,Write-in,0
35,REP Surveyor,Climax Township Precinct 1,Gary Hahn,488
35,REP Surveyor,Climax Township Precinct 1,Write-in,0
35,REP Surveyor,Comstock Township Precinct 1,Gary Hahn,273
35,REP Surveyor,Comstock Township Precinct 1,Write-in,0
35,REP Surveyor,Comstock Township Precinct 2,Gary Hahn,235
35,REP Surveyor,Comstock Township Precinct 2,Write-in,1
35,REP Surveyor,Comstock Township Precinct 3,Gary Hahn,202
35,REP Surveyor,Comstock Township Precinct 3,Write-in,1
35,REP Surveyor,Comstock Township Precinct 4,Gary Hahn,184
35,REP Surveyor,Comstock Township Precinct 4,Write-in,0
35,REP Surveyor,Comstock Township Precinct 5,Gary Hahn,220
35,REP Surveyor,Comstock Township Precinct 5,Write-in,0
35,REP Surveyor,Comstock Township Precinct 6,Gary Hahn,187
35,REP Surveyor,Comstock Township Precinct 6,Write-in,0
35,REP Surveyor,Comstock Township Precinct 7,Gary Hahn,70
35,REP Surveyor,Comstock Township Precinct 7,Write-in,0
35,REP Surveyor,Cooper Township Precinct 1,Gary Hahn,156
35,REP Surveyor,Cooper Township Precinct 1,Write-in,0
35,REP Surveyor,Cooper Township Precinct 2,Gary Hahn,245
35,REP Surveyor,Cooper Township Precinct 2,Write-in,1
35,REP Surveyor,Cooper Township Precinct 3,Gary Hahn,387
35,REP Surveyor,Cooper Township Precinct 3,Write-in,4
35,REP Surveyor,Cooper Township Precinct 4,Gary Hahn,458
35,REP Surveyor,Cooper Township Precinct 4,Write-in,2
35,REP Surveyor,Cooper Township Precinct 5,Gary Hahn,30
35,REP Surveyor,Cooper Township Precinct 5,Write-in,0
35,REP Surveyor,Kalamazoo Township Precinct 1,Gary Hahn,22
35,REP Surveyor,Kalamazoo Township Precinct 1,Write-in,1
35,REP Surveyor,Kalamazoo Township Precinct 2,Gary Hahn,75
35,REP Surveyor,Kalamazoo Township Precinct 2,Write-in,0
35,REP Surveyor,Kalamazoo Township Precinct 3,Gary Hahn,266
35,REP Surveyor,Kalamazoo Township Precinct 3,Write-in,0
35,REP Surveyor,Kalamazoo Township Precinct 4,Gary Hahn,91
35,REP Surveyor,Kalamazoo Township Precinct 4,Write-in,0
35,REP Surveyor,Kalamazoo Township Precinct 5,Gary Hahn,108
35,REP Surveyor,Kalamazoo Township Precinct 5,Write-in,1
35,REP Surveyor,Kalamazoo Township Precinct 6,Gary Hahn,66
35,REP Surveyor,Kalamazoo Township Precinct 6,Write-in,0
35,REP Surveyor,Kalamazoo Township Precinct 7,Gary Hahn,282
35,REP Surveyor,Kalamazoo Township Precinct 7,Write-in,0
35,REP Surveyor,Kalamazoo Township Precinct 8,Gary Hahn,104
35,REP Surveyor,Kalamazoo Township Precinct 8,Write-in,0
35,REP Surveyor,Kalamazoo Township Precinct 9,Gary Hahn,59
35,REP Surveyor,Kalamazoo Township Precinct 9,Write-in,0
35,REP Surveyor,Kalamazoo Township Precinct 10,Gary Hahn,110
35,REP Surveyor,Kalamazoo Township Precinct 10,Write-in,0
35,REP Surveyor,Oshtemo Township Precinct 1,Gary Hahn,187
35,REP Surveyor,Oshtemo Township Precinct 1,Write-in,0
35,REP Surveyor,Oshtemo Township Precinct 2,Gary Hahn,273
35,REP Surveyor,Oshtemo Township Precinct 2,Write-in,0
35,REP Surveyor,Oshtemo Township Precinct 3,Gary Hahn,151
35,REP Surveyor,Oshtemo Township Precinct 3,Write-in,1
35,REP Surveyor,Oshtemo Township Precinct 4,Gary Hahn,200
35,REP Surveyor,Oshtemo Township Precinct 4,Write-in,0
35,REP Surveyor,Oshtemo Township Precinct 5,Gary Hahn,61
35,REP Surveyor,Oshtemo Township Precinct 5,Write-in,0
35,REP Surveyor,Oshtemo Township Precinct 6,Gary Hahn,186
35,REP Surveyor,Oshtemo Township Precinct 6,Write-in,0
35,REP Surveyor,Oshtemo Township Precinct 7,Gary Hahn,148
35,REP Surveyor,Oshtemo Township Precinct 7,Write-in,1
35,REP Surveyor,Oshtemo Township Precinct 8,Gary Hahn,99
35,REP Surveyor,Oshtemo Township Precinct 8,Write-in,1
35,REP Surveyor,Oshtemo Township Precinct 9,Gary Hahn,189
35,REP Surveyor,Oshtemo Township Precinct 9,Write-in,0
35,REP Surveyor,Oshtemo Township Precinct 10,Gary Hahn,105
35,REP Surveyor,Oshtemo Township Precinct 10,Write-in,1
35,REP Surveyor,Pavilion Township Precinct 1,Gary Hahn,300
35,REP Surveyor,Pavilion Township Precinct 1,Write-in,0
35,REP Surveyor,Pavilion Township Precinct 2,Gary Hahn,179
35,REP Surveyor,Pavilion Township Precinct 2,Write-in,0
35,REP Surveyor,Pavilion Township Precinct 3,Gary Hahn,138
35,REP Surveyor,Pavilion Township Precinct 3,Write-in,0
35,REP Surveyor,Prairie Ronde Township Precinct 1,Gary Hahn,372
35,REP Surveyor,Prairie Ronde Township Precinct 1,Write-in,0
35,REP Surveyor,Richland Township Precinct 1,Gary Hahn,375
35,REP Surveyor,Richland Township Precinct 1,Write-in,1
35,REP Surveyor,Richland Township Precinct 2,Gary Hahn,228
35,REP Surveyor,Richland Township Precinct 2,Write-in,0
35,REP Surveyor,Richland Township Precinct 3,Gary Hahn,346
35,REP Surveyor,Richland Township Precinct 3,Write-in,1
35,REP Surveyor,Ross Township Precinct 1,Gary Hahn,395
35,REP Surveyor,Ross Township Precinct 1,Write-in,1
35,REP Surveyor,Ross Township Precinct 2,Gary Hahn,439
35,REP Surveyor,Ross Township Precinct 2,Write-in,1
35,REP Surveyor,Schoolcraft Township Precinct 1,Gary Hahn,294
35,REP Surveyor,Schoolcraft Township Precinct 1,Write-in,0
35,REP Surveyor,Schoolcraft Township Precinct 2,Gary Hahn,158
35,REP Surveyor,Schoolcraft Township Precinct 2,Write-in,0
35,REP Surveyor,Schoolcraft Township Precinct 3,Gary Hahn,373
35,REP Surveyor,Schoolcraft Township Precinct 3,Write-in,3
35,REP Surveyor,Schoolcraft Township Precinct 4,Gary Hahn,217
35,REP Surveyor,Schoolcraft Township Precinct 4,Write-in,1
35,REP Surveyor,Texas Township Precinct 1,Gary Hahn,307
35,REP Surveyor,Texas Township Precinct 1,Write-in,1
35,REP Surveyor,Texas Township Precinct 2,Gary Hahn,276
35,REP Surveyor,Texas Township Precinct 2,Write-in,0
35,REP Surveyor,Texas Township Precinct 3,Gary Hahn,184
35,REP Surveyor,Texas Township Precinct 3,Write-in,0
35,REP Surveyor,Texas Township Precinct 4,Gary Hahn,313
35,REP Surveyor,Texas Township Precinct 4,Write-in,1
35,REP Surveyor,Texas Township Precinct 5,Gary Hahn,361
35,REP Surveyor,Texas Township Precinct 5,Write-in,0
35,REP Surveyor,Texas Township Precinct 6,Gary Hahn,327
35,REP Surveyor,Texas Township Precinct 6,Write-in,2
35,REP Surveyor,Wakeshma Township Precinct 1,Gary Hahn,163
35,REP Surveyor,Wakeshma Township Precinct 1,Write-in,0
35,REP Surveyor,Galesburg City Precinct 1,Gary Hahn,82
35,REP Surveyor,Galesburg City Precinct 1,Write-in,2
35,REP Surveyor,Kalamazoo City Precinct 1,Gary Hahn,58
35,REP Surveyor,Kalamazoo City Precinct 1,Write-in,0
35,REP Surveyor,Kalamazoo City Precinct 2,Gary Hahn,23
35,REP Surveyor,Kalamazoo City Precinct 2,Write-in,0
35,REP Surveyor,Kalamazoo City Precinct 3,Gary Hahn,25
35,REP Surveyor,Kalamazoo City Precinct 3,Write-in,0
35,REP Surveyor,Kalamazoo City Precinct 4,Gary Hahn,5
35,REP Surveyor,Kalamazoo City Precinct 4,Write-in,0
35,REP Surveyor,Kalamazoo City Precinct 5,Gary Hahn,77
35,REP Surveyor,Kalamazoo City Precinct 5,Write-in,0
35,REP Surveyor,Kalamazoo City Precinct 6,Gary Hahn,146
35,REP Surveyor,Kalamazoo City Precinct 6,Write-in,0
35,REP Surveyor,Kalamazoo City Precinct 7,Gary Hahn,29
35,REP Surveyor,Kalamazoo City Precinct 7,Write-in,0
35,REP Surveyor,Kalamazoo City Precinct 8,Gary Hahn,13
35,REP Surveyor,Kalamazoo City Precinct 8,Write-in,0
35,REP Surveyor,Kalamazoo City Precinct 9,Gary Hahn,2
35,REP Surveyor,Kalamazoo City Precinct 9,Write-in,0
35,REP Surveyor,Kalamazoo City Precinct 10,Gary Hahn,151
35,REP Surveyor,Kalamazoo City Precinct 10,Write-in,0
35,REP Surveyor,Kalamazoo City Precinct 11,Gary Hahn,16
35,REP Surveyor,Kalamazoo City Precinct 11,Write-in,0
35,REP Surveyor,Kalamazoo City Precinct 12,Gary Hahn,128
35,REP Surveyor,Kalamazoo City Precinct 12,Write-in,2
35,REP Surveyor,Kalamazoo City Precinct 13,Gary Hahn,25
35,REP Surveyor,Kalamazoo City Precinct 13,Write-in,0
35,REP Surveyor,Kalamazoo City Precinct 14,Gary Hahn,37
35,REP Surveyor,Kalamazoo City Precinct 14,Write-in,0
35,REP Surveyor,Kalamazoo City Precinct 15,Gary Hahn,49
35,REP Surveyor,Kalamazoo City Precinct 15,Write-in,0
35,REP Surveyor,Kalamazoo City Precinct 16,Gary Hahn,115
35,REP Surveyor,Kalamazoo City Precinct 16,Write-in,0
35,REP Surveyor,Kalamazoo City Precinct 17,Gary Hahn,112
35,REP Surveyor,Kalamazoo City Precinct 17,Write-in,1
35,REP Surveyor,Kalamazoo City Precinct 18,Gary Hahn,89
35,REP Surveyor,Kalamazoo City Precinct 18,Write-in,0
35,REP Surveyor,Kalamazoo City Precinct 19,Gary Hahn,88
35,REP Surveyor,Kalamazoo City Precinct 19,Write-in,0
35,REP Surveyor,Kalamazoo City Precinct 20,Gary Hahn,102
35,REP Surveyor,Kalamazoo City Precinct 20,Write-in,0
35,REP Surveyor,Kalamazoo City Precinct 21,Gary Hahn,96
35,REP Surveyor,Kalamazoo City Precinct 21,Write-in,0
35,REP Surveyor,Kalamazoo City Precinct 22,Gary Hahn,93
35,REP Surveyor,Kalamazoo City Precinct 22,Write-in,1
35,REP Surveyor,Kalamazoo City Precinct 23,Gary Hahn,62
35,REP Surveyor,Kalamazoo City Precinct 23,Write-in,0
35,REP Surveyor,Kalamazoo City Precinct 24,Gary Hahn,48
35,REP Surveyor,Kalamazoo City Precinct 24,Write-in,0
35,REP Surveyor,Kalamazoo City Precinct 25,Gary Hahn,138
35,REP Surveyor,Kalamazoo City Precinct 25,Write-in,0
35,REP Surveyor,Kalamazoo City Precinct 26,Gary Hahn,135
35,REP Surveyor,Kalamazoo City Precinct 26,Write-in,1
35,REP Surveyor,Kalamazoo City Precinct 27,Gary Hahn,17
35,REP Surveyor,Kalamazoo City Precinct 27,Write-in,1
35,REP Surveyor,Parchment City Precinct 1,Gary Hahn,134
35,REP Surveyor,Parchment City Precinct 1,Write-in,1
35,REP Surveyor,Portage City Precinct 1,Gary Hahn,134
35,REP Surveyor,Portage City Precinct 1,Write-in,0
35,REP Surveyor,Portage City Precinct 2,Gary Hahn,79
35,REP Surveyor,Portage City Precinct 2,Write-in,0
35,REP Surveyor,Portage City Precinct 3,Gary Hahn,253
35,REP Surveyor,Portage City Precinct 3,Write-in,0
35,REP Surveyor,Portage City Precinct 4,Gary Hahn,243
35,REP Surveyor,Portage City Precinct 4,Write-in,0
35,REP Surveyor,Portage City Precinct 5,Gary Hahn,195
35,REP Surveyor,Portage City Precinct 5,Write-in,0
35,REP Surveyor,Portage City Precinct 6,Gary Hahn,279
35,REP Surveyor,Portage City Precinct 6,Write-in,0
35,REP Surveyor,Portage City Precinct 7,Gary Hahn,50
35,REP Surveyor,Portage City Precinct 7,Write-in,0
35,REP Surveyor,Portage City Precinct 8,Gary Hahn,252
35,REP Surveyor,Portage City Precinct 8,Write-in,0
35,REP Surveyor,Portage City Precinct 9,Gary Hahn,197
35,REP Surveyor,Portage City Precinct 9,Write-in,0
35,REP Surveyor,Portage City Precinct 10,Gary Hahn,337
35,REP Surveyor,Portage City Precinct 10,Write-in,0
35,REP Surveyor,Portage City Precinct 11,Gary Hahn,210
35,REP Surveyor,Portage City Precinct 11,Write-in,0
35,REP Surveyor,Portage City Precinct 12,Gary Hahn,353
35,REP Surveyor,Portage City Precinct 12,Write-in,0
35,REP Surveyor,Portage City Precinct 13,Gary Hahn,346
35,REP Surveyor,Portage City Precinct 13,Write-in,1
35,REP Surveyor,Portage City Precinct 14,Gary Hahn,195
35,REP Surveyor,Portage City Precinct 14,Write-in,0
35,REP Surveyor,Portage City Precinct 15,Gary Hahn,170
35,REP Surveyor,Portage City Precinct 15,Write-in,0
35,REP Surveyor,Portage City Precinct 16,Gary Hahn,257
35,REP Surveyor,Portage City Precinct 16,Write-in,0
35,REP Surveyor,Portage City Precinct 17,Gary Hahn,305
35,REP Surveyor,Portage City Precinct 17,Write-in,2
35,REP Surveyor,Portage City Precinct 18,Gary Hahn,224
35,REP Surveyor,Portage City Precinct 18,Write-in,0
35,REP Surveyor,Portage City Precinct 19,Gary Hahn,202
35,REP Surveyor,Portage City Precinct 19,Write-in,0
35,REP Surveyor,Portage City Precinct 20,Gary Hahn,140
35,REP Surveyor,Portage City Precinct 20,Write-in,1
36,REP County Commissioner 1st District,Kalamazoo Township Precinct 8,Write-in,17
36,REP County Commissioner 1st District,Kalamazoo Township Precinct 9,Write-in,12
36,REP County Commissioner 1st District,Kalamazoo City Precinct 1,Write-in,12
36,REP County Commissioner 1st District,Kalamazoo City Precinct 7,Write-in,0
36,REP County Commissioner 1st District,Kalamazoo City Precinct 8,Write-in,3
36,REP County Commissioner 1st District,Kalamazoo City Precinct 9,Write-in,1
36,REP County Commissioner 1st District,Kalamazoo City Precinct 11,Write-in,5
36,REP County Commissioner 1st District,Kalamazoo City Precinct 13,Write-in,5
36,REP County Commissioner 1st District,Kalamazoo City Precinct 14,Write-in,4
36,REP County Commissioner 1st District,Kalamazoo City Precinct 27,Write-in,3
37,REP County Commissioner 2nd District,Kalamazoo Township Precinct 1,Write-in,8
37,REP County Commissioner 2nd District,Kalamazoo City Precinct 3,Write-in,5
37,REP County Commissioner 2nd District,Kalamazoo City Precinct 15,Write-in,6
37,REP County Commissioner 2nd District,Kalamazoo City Precinct 16,Write-in,10
37,REP County Commissioner 2nd District,Kalamazoo City Precinct 17,Write-in,12
37,REP County Commissioner 2nd District,Kalamazoo City Precinct 18,Write-in,17
37,REP County Commissioner 2nd District,Kalamazoo City Precinct 20,Write-in,12
37,REP County Commissioner 2nd District,Kalamazoo City Precinct 21,Write-in,12
37,REP County Commissioner 2nd District,Kalamazoo City Precinct 23,Write-in,9
37,REP County Commissioner 2nd District,Kalamazoo City Precinct 24,Write-in,10
38,REP County Commissioner 3rd District,Kalamazoo City Precinct 2,Write-in,0
38,REP County Commissioner 3rd District,Kalamazoo City Precinct 4,Write-in,1
38,REP County Commissioner 3rd District,Kalamazoo City Precinct 12,Write-in,21
38,REP County Commissioner 3rd District,Kalamazoo City Precinct 19,Write-in,20
38,REP County Commissioner 3rd District,Kalamazoo City Precinct 22,Write-in,8
38,REP County Commissioner 3rd District,Kalamazoo City Precinct 25,Write-in,17
38,REP County Commissioner 3rd District,Kalamazoo City Precinct 26,Write-in,8
39,REP County Commissioner 4th District,Kalamazoo Township Precinct 2,Andrew Smith,75
39,REP County Commissioner 4th District,Kalamazoo Township Precinct 2,Write-in,0
39,REP County Commissioner 4th District,Kalamazoo Township Precinct 4,Andrew Smith,88
39,REP County Commissioner 4th District,Kalamazoo Township Precinct 4,Write-in,1
39,REP County Commissioner 4th District,Kalamazoo Township Precinct 5,Andrew Smith,108
39,REP County Commissioner 4th District,Kalamazoo Township Precinct 5,Write-in,0
39,REP County Commissioner 4th District,Kalamazoo Township Precinct 6,Andrew Smith,67
39,REP County Commissioner 4th District,Kalamazoo Township Precinct 6,Write-in,0
39,REP County Commissioner 4th District,Kalamazoo Township Precinct 10,Andrew Smith,109
39,REP County Commissioner 4th District,Kalamazoo Township Precinct 10,Write-in,0
39,REP County Commissioner 4th District,Kalamazoo City Precinct 5,Andrew Smith,77
39,REP County Commissioner 4th District,Kalamazoo City Precinct 5,Write-in,0
39,REP County Commissioner 4th District,Kalamazoo City Precinct 6,Andrew Smith,146
39,REP County Commissioner 4th District,Kalamazoo City Precinct 6,Write-in,0
39,REP County Commissioner 4th District,Kalamazoo City Precinct 10,Andrew Smith,153
39,REP County Commissioner 4th District,Kalamazoo City Precinct 10,Write-in,1
39,REP County Commissioner 4th District,Parchment City Precinct 1,Andrew Smith,133
39,REP County Commissioner 4th District,Parchment City Precinct 1,Write-in,1
40,REP County Commissioner 5th District,Alamo 1,Valarie Cunningham,228
40,REP County Commissioner 5th District,Alamo 1,Write-in,2
40,REP County Commissioner 5th District,Alamo Township Precinct 2,Valarie Cunningham,347
40,REP County Commissioner 5th District,Alamo Township Precinct 2,Write-in,2
40,REP County Commissioner 5th District,Kalamazoo Township Precinct 3,Valarie Cunningham,260
40,REP County Commissioner 5th District,Kalamazoo Township Precinct 3,Write-in,0
40,REP County Commissioner 5th District,Kalamazoo Township Precinct 7,Valarie Cunningham,268
40,REP County Commissioner 5th District,Kalamazoo Township Precinct 7,Write-in,0
40,REP County Commissioner 5th District,Oshtemo Township Precinct 1,Valarie Cunningham,186
40,REP County Commissioner 5th District,Oshtemo Township Precinct 1,Write-in,0
40,REP County Commissioner 5th District,Oshtemo Township Precinct 2,Valarie Cunningham,272
40,REP County Commissioner 5th District,Oshtemo Township Precinct 2,Write-in,0
40,REP County Commissioner 5th District,Oshtemo Township Precinct 3,Valarie Cunningham,153
40,REP County Commissioner 5th District,Oshtemo Township Precinct 3,Write-in,0
40,REP County Commissioner 5th District,Oshtemo Township Precinct 6,Valarie Cunningham,181
40,REP County Commissioner 5th District,Oshtemo Township Precinct 6,Write-in,0
40,REP County Commissioner 5th District,Oshtemo Township Precinct 9,Valarie Cunningham,182
40,REP County Commissioner 5th District,Oshtemo Township Precinct 9,Write-in,0
40,REP County Commissioner 5th District,Oshtemo Township Precinct 10,Valarie Cunningham,106
40,REP County Commissioner 5th District,Oshtemo Township Precinct 10,Write-in,1
41,REP County Commissioner 6th District,Cooper Township Precinct 1,Vince Carahaly,78
41,REP County Commissioner 6th District,Cooper Township Precinct 1,Jeff Heppler,90
41,REP County Commissioner 6th District,Cooper Township Precinct 1,Write-in,0
41,REP County Commissioner 6th District,Cooper Township Precinct 2,Vince Carahaly,104
41,REP County Commissioner 6th District,Cooper Township Precinct 2,Jeff Heppler,154
41,REP County Commissioner 6th District,Cooper Township Precinct 2,Write-in,1
41,REP County Commissioner 6th District,Cooper Township Precinct 3,Vince Carahaly,171
41,REP County Commissioner 6th District,Cooper Township Precinct 3,Jeff Heppler,227
41,REP County Commissioner 6th District,Cooper Township Precinct 3,Write-in,6
41,REP County Commissioner 6th District,Cooper Township Precinct 4,Vince Carahaly,171
41,REP County Commissioner 6th District,Cooper Township Precinct 4,Jeff Heppler,289
41,REP County Commissioner 6th District,Cooper Township Precinct 4,Write-in,1
41,REP County Commissioner 6th District,Cooper Township Precinct 5,Vince Carahaly,14
41,REP County Commissioner 6th District,Cooper Township Precinct 5,Jeff Heppler,17
41,REP County Commissioner 6th District,Cooper Township Precinct 5,Write-in,0
41,REP County Commissioner 6th District,Richland Township Precinct 1,Vince Carahaly,183
41,REP County Commissioner 6th District,Richland Township Precinct 1,Jeff Heppler,216
41,REP County Commissioner 6th District,Richland Township Precinct 1,Write-in,0
41,REP County Commissioner 6th District,Richland Township Precinct 2,Vince Carahaly,142
41,REP County Commissioner 6th District,Richland Township Precinct 2,Jeff Heppler,112
41,REP County Commissioner 6th District,Richland Township Precinct 2,Write-in,0
41,REP County Commissioner 6th District,Richland Township Precinct 3,Vince Carahaly,149
41,REP County Commissioner 6th District,Richland Township Precinct 3,Jeff Heppler,202
41,REP County Commissioner 6th District,Richland Township Precinct 3,Write-in,2
41,REP County Commissioner 6th District,Ross Township Precinct 1,Vince Carahaly,195
41,REP County Commissioner 6th District,Ross Township Precinct 1,Jeff Heppler,244
41,REP County Commissioner 6th District,Ross Township Precinct 1,Write-in,0
41,REP County Commissioner 6th District,Ross Township Precinct 2,Vince Carahaly,227
41,REP County Commissioner 6th District,Ross Township Precinct 2,Jeff Heppler,262
41,REP County Commissioner 6th District,Ross Township Precinct 2,Write-in,0
42,REP County Commissioner 7th District,Charleston Township Precinct 1,Roger Edward Tuinier,413
42,REP County Commissioner 7th District,Charleston Township Precinct 1,Write-in,0
42,REP County Commissioner 7th District,Climax Township Precinct 1,Roger Edward Tuinier,488
42,REP County Commissioner 7th District,Climax Township Precinct 1,Write-in,0
42,REP County Commissioner 7th District,Comstock Township Precinct 1,Roger Edward Tuinier,287
42,REP County Commissioner 7th District,Comstock Township Precinct 1,Write-in,0
42,REP County Commissioner 7th District,Comstock Township Precinct 2,Roger Edward Tuinier,236
42,REP County Commissioner 7th District,Comstock Township Precinct 2,Write-in,1
42,REP County Commissioner 7th District,Comstock Township Precinct 3,Roger Edward Tuinier,215
42,REP County Commissioner 7th District,Comstock Township Precinct 3,Write-in,1
42,REP County Commissioner 7th District,Comstock Township Precinct 4,Roger Edward Tuinier,188
42,REP County Commissioner 7th District,Comstock Township Precinct 4,Write-in,0
42,REP County Commissioner 7th District,Comstock Township Precinct 5,Roger Edward Tuinier,225
42,REP County Commissioner 7th District,Comstock Township Precinct 5,Write-in,0
42,REP County Commissioner 7th District,Comstock Township Precinct 6,Roger Edward Tuinier,194
42,REP County Commissioner 7th District,Comstock Township Precinct 6,Write-in,0
42,REP County Commissioner 7th District,Comstock Township Precinct 7,Roger Edward Tuinier,70
42,REP County Commissioner 7th District,Comstock Township Precinct 7,Write-in,1
42,REP County Commissioner 7th District,Wakeshma Township Precinct 1,Roger Edward Tuinier,170
42,REP County Commissioner 7th District,Wakeshma Township Precinct 1,Write-in,0
42,REP County Commissioner 7th District,Galesburg City Precinct 1,Roger Edward Tuinier,83
42,REP County Commissioner 7th District,Galesburg City Precinct 1,Write-in,1
43,REP County Commissioner 8th District,Brady Township Precinct 1,John Gisler,296
43,REP County Commissioner 8th District,Brady Township Precinct 1,Write-in,2
43,REP County Commissioner 8th District,Brady Township Precinct 2,John Gisler,338
43,REP County Commissioner 8th District,Brady Township Precinct 2,Write-in,3
43,REP County Commissioner 8th District,Pavilion Township Precinct 1,John Gisler,307
43,REP County Commissioner 8th District,Pavilion Township Precinct 1,Write-in,1
43,REP County Commissioner 8th District,Pavilion Township Precinct 2,John Gisler,186
43,REP County Commissioner 8th District,Pavilion Township Precinct 2,Write-in,1
43,REP County Commissioner 8th District,Pavilion Township Precinct 3,John Gisler,136
43,REP County Commissioner 8th District,Pavilion Township Precinct 3,Write-in,0
43,REP County Commissioner 8th District,Prairie Ronde Township Precinct 1,John Gisler,381
43,REP County Commissioner 8th District,Prairie Ronde Township Precinct 1,Write-in,0
43,REP County Commissioner 8th District,Schoolcraft Township Precinct 1,John Gisler,297
43,REP County Commissioner 8th District,Schoolcraft Township Precinct 1,Write-in,1
43,REP County Commissioner 8th District,Schoolcraft Township Precinct 2,John Gisler,156
43,REP County Commissioner 8th District,Schoolcraft Township Precinct 2,Write-in,0
43,REP County Commissioner 8th District,Schoolcraft Township Precinct 3,John Gisler,376
43,REP County Commissioner 8th District,Schoolcraft Township Precinct 3,Write-in,4
43,REP County Commissioner 8th District,Schoolcraft Township Precinct 4,John Gisler,221
43,REP County Commissioner 8th District,Schoolcraft Township Precinct 4,Write-in,1
43,REP County Commissioner 8th District,Portage City Precinct 2,John Gisler,79
43,REP County Commissioner 8th District,Portage City Precinct 2,Write-in,0
44,REP County Commissioner 9th District,Oshtemo Township Precinct 4,Brian Kovacik,58
44,REP County Commissioner 9th District,Oshtemo Township Precinct 4,Dale Shugars,160
44,REP County Commissioner 9th District,Oshtemo Township Precinct 4,Write-in,3
44,REP County Commissioner 9th District,Oshtemo Township Precinct 5,Brian Kovacik,13
44,REP County Commissioner 9th District,Oshtemo Township Precinct 5,Dale Shugars,51
44,REP County Commissioner 9th District,Oshtemo Township Precinct 5,Write-in,1
44,REP County Commissioner 9th District,Oshtemo Township Precinct 7,Brian Kovacik,37
44,REP County Commissioner 9th District,Oshtemo Township Precinct 7,Dale Shugars,128
44,REP County Commissioner 9th District,Oshtemo Township Precinct 7,Write-in,2
44,REP County Commissioner 9th District,Oshtemo Township Precinct 8,Brian Kovacik,29
44,REP County Commissioner 9th District,Oshtemo Township Precinct 8,Dale Shugars,78
44,REP County Commissioner 9th District,Oshtemo Township Precinct 8,Write-in,0
44,REP County Commissioner 9th District,Texas Township Precinct 1,Brian Kovacik,102
44,REP County Commissioner 9th District,Texas Township Precinct 1,Dale Shugars,251
44,REP County Commissioner 9th District,Texas Township Precinct 1,Write-in,1
44,REP County Commissioner 9th District,Texas Township Precinct 2,Brian Kovacik,87
44,REP County Commissioner 9th District,Texas Township Precinct 2,Dale Shugars,237
44,REP County Commissioner 9th District,Texas Township Precinct 2,Write-in,1
44,REP County Commissioner 9th District,Texas Township Precinct 3,Brian Kovacik,63
44,REP County Commissioner 9th District,Texas Township Precinct 3,Dale Shugars,142
44,REP County Commissioner 9th District,Texas Township Precinct 3,Write-in,1
44,REP County Commissioner 9th District,Texas Township Precinct 4,Brian Kovacik,81
44,REP County Commissioner 9th District,Texas Township Precinct 4,Dale Shugars,288
44,REP County Commissioner 9th District,Texas Township Precinct 4,Write-in,1
44,REP County Commissioner 9th District,Texas Township Precinct 5,Brian Kovacik,110
44,REP County Commissioner 9th District,Texas Township Precinct 5,Dale Shugars,294
44,REP County Commissioner 9th District,Texas Township Precinct 5,Write-in,1
44,REP County Commissioner 9th District,Texas Township Precinct 6,Brian Kovacik,80
44,REP County Commissioner 9th District,Texas Township Precinct 6,Dale Shugars,281
44,REP County Commissioner 9th District,Texas Township Precinct 6,Write-in,2
45,REP County Commissioner 10th District,Portage City Precinct 1,Charley Coss,132
45,REP County Commissioner 10th District,Portage City Precinct 1,Write-in,1
45,REP County Commissioner 10th District,Portage City Precinct 8,Charley Coss,251
45,REP County Commissioner 10th District,Portage City Precinct 8,Write-in,0
45,REP County Commissioner 10th District,Portage City Precinct 9,Charley Coss,196
45,REP County Commissioner 10th District,Portage City Precinct 9,Write-in,0
45,REP County Commissioner 10th District,Portage City Precinct 10,Charley Coss,329
45,REP County Commissioner 10th District,Portage City Precinct 10,Write-in,0
45,REP County Commissioner 10th District,Portage City Precinct 11,Charley Coss,205
45,REP County Commissioner 10th District,Portage City Precinct 11,Write-in,0
45,REP County Commissioner 10th District,Portage City Precinct 13,Charley Coss,346
45,REP County Commissioner 10th District,Portage City Precinct 13,Write-in,0
45,REP County Commissioner 10th District,Portage City Precinct 14,Charley Coss,194
45,REP County Commissioner 10th District,Portage City Precinct 14,Write-in,0
45,REP County Commissioner 10th District,Portage City Precinct 16,Charley Coss,254
45,REP County Commissioner 10th District,Portage City Precinct 16,Write-in,0
45,REP County Commissioner 10th District,Portage City Precinct 18,Charley Coss,220
45,REP County Commissioner 10th District,Portage City Precinct 18,Write-in,0
46,REP County Commissioner 11th District,Portage City Precinct 3,Lisa Brayton,252
46,REP County Commissioner 11th District,Portage City Precinct 3,Write-in,0
46,REP County Commissioner 11th District,Portage City Precinct 4,Lisa Brayton,239
46,REP County Commissioner 11th District,Portage City Precinct 4,Write-in,0
46,REP County Commissioner 11th District,Portage City Precinct 5,Lisa Brayton,197
46,REP County Commissioner 11th District,Portage City Precinct 5,Write-in,1
46,REP County Commissioner 11th District,Portage City Precinct 6,Lisa Brayton,277
46,REP County Commissioner 11th District,Portage City Precinct 6,Write-in,0
46,REP County Commissioner 11th District,Portage City Precinct 7,Lisa Brayton,50
46,REP County Commissioner 11th District,Portage City Precinct 7,Write-in,0
46,REP County Commissioner 11th District,Portage City Precinct 12,Lisa Brayton,351
46,REP County Commissioner 11th District,Portage City Precinct 12,Write-in,0
46,REP County Commissioner 11th District,Portage City Precinct 15,Lisa Brayton,169
46,REP County Commissioner 11th District,Portage City Precinct 15,Write-in,0
46,REP County Commissioner 11th District,Portage City Precinct 17,Lisa Brayton,303
46,REP County Commissioner 11th District,Portage City Precinct 17,Write-in,2
46,REP County Commissioner 11th District,Portage City Precinct 19,Lisa Brayton,201
46,REP County Commissioner 11th District,Portage City Precinct 19,Write-in,2
46,REP County Commissioner 11th District,Portage City Precinct 20,Lisa Brayton,138
46,REP County Commissioner 11th District,Portage City Precinct 20,Write-in,1
47,Kalamazoo County 911 Millage,Alamo 1,Yes,219
47,Kalamazoo County 911 Millage,Alamo 1,No,234
47,Kalamazoo County 911 Millage,Alamo Township Precinct 2,Yes,386
47,Kalamazoo County 911 Millage,Alamo Township Precinct 2,No,322
47,Kalamazoo County 911 Millage,Brady Township Precinct 1,Yes,268
47,Kalamazoo County 911 Millage,Brady Township Precinct 1,No,265
47,Kalamazoo County 911 Millage,Brady Township Precinct 2,Yes,248
47,Kalamazoo County 911 Millage,Brady Township Precinct 2,No,277
47,Kalamazoo County 911 Millage,Charleston Township Precinct 1,Yes,415
47,Kalamazoo County 911 Millage,Charleston Township Precinct 1,No,388
47,Kalamazoo County 911 Millage,Climax Township Precinct 1,Yes,429
47,Kalamazoo County 911 Millage,Climax Township Precinct 1,No,410
47,Kalamazoo County 911 Millage,Comstock Township Precinct 1,Yes,290
47,Kalamazoo County 911 Millage,Comstock Township Precinct 1,No,262
47,Kalamazoo County 911 Millage,Comstock Township Precinct 2,Yes,289
47,Kalamazoo County 911 Millage,Comstock Township Precinct 2,No,263
47,Kalamazoo County 911 Millage,Comstock Township Precinct 3,Yes,221
47,Kalamazoo County 911 Millage,Comstock Township Precinct 3,No,241
47,Kalamazoo County 911 Millage,Comstock Township Precinct 4,Yes,256
47,Kalamazoo County 911 Millage,Comstock Township Precinct 4,No,191
47,Kalamazoo County 911 Millage,Comstock Township Precinct 5,Yes,322
47,Kalamazoo County 911 Millage,Comstock Township Precinct 5,No,225
47,Kalamazoo County 911 Millage,Comstock Township Precinct 6,Yes,253
47,Kalamazoo County 911 Millage,Comstock Township Precinct 6,No,217
47,Kalamazoo County 911 Millage,Comstock Township Precinct 7,Yes,226
47,Kalamazoo County 911 Millage,Comstock Township Precinct 7,No,81
47,Kalamazoo County 911 Millage,Cooper Township Precinct 1,Yes,205
47,Kalamazoo County 911 Millage,Cooper Township Precinct 1,No,153
47,Kalamazoo County 911 Millage,Cooper Township Precinct 2,Yes,283
47,Kalamazoo County 911 Millage,Cooper Township Precinct 2,No,216
47,Kalamazoo County 911 Millage,Cooper Township Precinct 3,Yes,538
47,Kalamazoo County 911 Millage,Cooper Township Precinct 3,No,365
47,Kalamazoo County 911 Millage,Cooper Township Precinct 4,Yes,495
47,Kalamazoo County 911 Millage,Cooper Township Precinct 4,No,407
47,Kalamazoo County 911 Millage,Cooper Township Precinct 5,Yes,80
47,Kalamazoo County 911 Millage,Cooper Township Precinct 5,No,28
47,Kalamazoo County 911 Millage,Kalamazoo Township Precinct 1,Yes,40
47,Kalamazoo County 911 Millage,Kalamazoo Township Precinct 1,No,33
47,Kalamazoo County 911 Millage,Kalamazoo Township Precinct 2,Yes,184
47,Kalamazoo County 911 Millage,Kalamazoo Township Precinct 2,No,109
47,Kalamazoo County 911 Millage,Kalamazoo Township Precinct 3,Yes,710
47,Kalamazoo County 911 Millage,Kalamazoo Township Precinct 3,No,333
47,Kalamazoo County 911 Millage,Kalamazoo Township Precinct 4,Yes,434
47,Kalamazoo County 911 Millage,Kalamazoo Township Precinct 4,No,148
47,Kalamazoo County 911 Millage,Kalamazoo Township Precinct 5,Yes,360
47,Kalamazoo County 911 Millage,Kalamazoo Township Precinct 5,No,175
47,Kalamazoo County 911 Millage,Kalamazoo Township Precinct 6,Yes,362
47,Kalamazoo County 911 Millage,Kalamazoo Township Precinct 6,No,122
47,Kalamazoo County 911 Millage,Kalamazoo Township Precinct 7,Yes,573
47,Kalamazoo County 911 Millage,Kalamazoo Township Precinct 7,No,373
47,Kalamazoo County 911 Millage,Kalamazoo Township Precinct 8,Yes,253
47,Kalamazoo County 911 Millage,Kalamazoo Township Precinct 8,No,150
47,Kalamazoo County 911 Millage,Kalamazoo Township Precinct 9,Yes,178
47,Kalamazoo County 911 Millage,Kalamazoo Township Precinct 9,No,106
47,Kalamazoo County 911 Millage,Kalamazoo Township Precinct 10,Yes,304
47,Kalamazoo County 911 Millage,Kalamazoo Township Precinct 10,No,170
47,Kalamazoo County 911 Millage,Oshtemo Township Precinct 1,Yes,290
47,Kalamazoo County 911 Millage,Oshtemo Township Precinct 1,No,255
47,Kalamazoo County 911 Millage,Oshtemo Township Precinct 2,Yes,476
47,Kalamazoo County 911 Millage,Oshtemo Township Precinct 2,No,352
47,Kalamazoo County 911 Millage,Oshtemo Township Precinct 3,Yes,430
47,Kalamazoo County 911 Millage,Oshtemo Township Precinct 3,No,276
47,Kalamazoo County 911 Millage,Oshtemo Township Precinct 4,Yes,410
47,Kalamazoo County 911 Millage,Oshtemo Township Precinct 4,No,254
47,Kalamazoo County 911 Millage,Oshtemo Township Precinct 5,Yes,197
47,Kalamazoo County 911 Millage,Oshtemo Township Precinct 5,No,96
47,Kalamazoo County 911 Millage,Oshtemo Township Precinct 6,Yes,346
47,Kalamazoo County 911 Millage,Oshtemo Township Precinct 6,No,203
47,Kalamazoo County 911 Millage,Oshtemo Township Precinct 7,Yes,339
47,Kalamazoo County 911 Millage,Oshtemo Township Precinct 7,No,145
47,Kalamazoo County 911 Millage,Oshtemo Township Precinct 8,Yes,203
47,Kalamazoo County 911 Millage,Oshtemo Township Precinct 8,No,101
47,Kalamazoo County 911 Millage,Oshtemo Township Precinct 9,Yes,385
47,Kalamazoo County 911 Millage,Oshtemo Township Precinct 9,No,274
47,Kalamazoo County 911 Millage,Oshtemo Township Precinct 10,Yes,189
47,Kalamazoo County 911 Millage,Oshtemo Township Precinct 10,No,128
47,Kalamazoo County 911 Millage,Pavilion Township Precinct 1,Yes,337
47,Kalamazoo County 911 Millage,Pavilion Township Precinct 1,No,269
47,Kalamazoo County 911 Millage,Pavilion Township Precinct 2,Yes,157
47,Kalamazoo County 911 Millage,Pavilion Township Precinct 2,No,202
47,Kalamazoo County 911 Millage,Pavilion Township Precinct 3,Yes,189
47,Kalamazoo County 911 Millage,Pavilion Township Precinct 3,No,156
47,Kalamazoo County 911 Millage,Prairie Ronde Township Precinct 1,Yes,302
47,Kalamazoo County 911 Millage,Prairie Ronde Township Precinct 1,No,356
47,Kalamazoo County 911 Millage,Richland Township Precinct 1,Yes,467
47,Kalamazoo County 911 Millage,Richland Township Precinct 1,No,311
47,Kalamazoo County 911 Millage,Richland Township Precinct 2,Yes,283
47,Kalamazoo County 911 Millage,Richland Township Precinct 2,No,208
47,Kalamazoo County 911 Millage,Richland Township Precinct 3,Yes,438
47,Kalamazoo County 911 Millage,Richland Township Precinct 3,No,322
47,Kalamazoo County 911 Millage,Ross Township Precinct 1,Yes,359
47,Kalamazoo County 911 Millage,Ross Township Precinct 1,No,341
47,Kalamazoo County 911 Millage,Ross Township Precinct 2,Yes,435
47,Kalamazoo County 911 Millage,Ross Township Precinct 2,No,318
47,Kalamazoo County 911 Millage,Schoolcraft Township Precinct 1,Yes,256
47,Kalamazoo County 911 Millage,Schoolcraft Township Precinct 1,No,281
47,Kalamazoo County 911 Millage,Schoolcraft Township Precinct 2,Yes,203
47,Kalamazoo County 911 Millage,Schoolcraft Township Precinct 2,No,136
47,Kalamazoo County 911 Millage,Schoolcraft Township Precinct 3,Yes,476
47,Kalamazoo County 911 Millage,Schoolcraft Township Precinct 3,No,361
47,Kalamazoo County 911 Millage,Schoolcraft Township Precinct 4,Yes,207
47,Kalamazoo County 911 Millage,Schoolcraft Township Precinct 4,No,191
47,Kalamazoo County 911 Millage,Texas Township Precinct 1,Yes,422
47,Kalamazoo County 911 Millage,Texas Township Precinct 1,No,279
47,Kalamazoo County 911 Millage,Texas Township Precinct 2,Yes,379
47,Kalamazoo County 911 Millage,Texas Township Precinct 2,No,245
47,Kalamazoo County 911 Millage,Texas Township Precinct 3,Yes,392
47,Kalamazoo County 911 Millage,Texas Township Precinct 3,No,172
47,Kalamazoo County 911 Millage,Texas Township Precinct 4,Yes,603
47,Kalamazoo County 911 Millage,Texas Township Precinct 4,No,293
47,Kalamazoo County 911 Millage,Texas Township Precinct 5,Yes,607
47,Kalamazoo County 911 Millage,Texas Township Precinct 5,No,386
47,Kalamazoo County 911 Millage,Texas Township Precinct 6,Yes,494
47,Kalamazoo County 911 Millage,Texas Township Precinct 6,No,344
47,Kalamazoo County 911 Millage,Wakeshma Township Precinct 1,Yes,124
47,Kalamazoo County 911 Millage,Wakeshma Township Precinct 1,No,140
47,Kalamazoo County 911 Millage,Galesburg City Precinct 1,Yes,145
47,Kalamazoo County 911 Millage,Galesburg City Precinct 1,No,96
47,Kalamazoo County 911 Millage,Kalamazoo City Precinct 1,Yes,359
47,Kalamazoo County 911 Millage,Kalamazoo City Precinct 1,No,94
47,Kalamazoo County 911 Millage,Kalamazoo City Precinct 2,Yes,138
47,Kalamazoo County 911 Millage,Kalamazoo City Precinct 2,No,66
47,Kalamazoo County 911 Millage,Kalamazoo City Precinct 3,Yes,252
47,Kalamazoo County 911 Millage,Kalamazoo City Precinct 3,No,107
47,Kalamazoo County 911 Millage,Kalamazoo City Precinct 4,Yes,51
47,Kalamazoo County 911 Millage,Kalamazoo City Precinct 4,No,31
47,Kalamazoo County 911 Millage,Kalamazoo City Precinct 5,Yes,439
47,Kalamazoo County 911 Millage,Kalamazoo City Precinct 5,No,195
47,Kalamazoo County 911 Millage,Kalamazoo City Precinct 6,Yes,469
47,Kalamazoo County 911 Millage,Kalamazoo City Precinct 6,No,177
47,Kalamazoo County 911 Millage,Kalamazoo City Precinct 7,Yes,290
47,Kalamazoo County 911 Millage,Kalamazoo City Precinct 7,No,132
47,Kalamazoo County 911 Millage,Kalamazoo City Precinct 8,Yes,159
47,Kalamazoo County 911 Millage,Kalamazoo City Precinct 8,No,88
47,Kalamazoo County 911 Millage,Kalamazoo City Precinct 9,Yes,181
47,Kalamazoo County 911 Millage,Kalamazoo City Precinct 9,No,139
47,Kalamazoo County 911 Millage,Kalamazoo City Precinct 10,Yes,370
47,Kalamazoo County 911 Millage,Kalamazoo City Precinct 10,No,213
47,Kalamazoo County 911 Millage,Kalamazoo City Precinct 11,Yes,185
47,Kalamazoo County 911 Millage,Kalamazoo City Precinct 11,No,109
47,Kalamazoo County 911 Millage,Kalamazoo City Precinct 12,Yes,484
47,Kalamazoo County 911 Millage,Kalamazoo City Precinct 12,No,188
47,Kalamazoo County 911 Millage,Kalamazoo City Precinct 13,Yes,87
47,Kalamazoo County 911 Millage,Kalamazoo City Precinct 13,No,71
47,Kalamazoo County 911 Millage,Kalamazoo City Precinct 14,Yes,162
47,Kalamazoo County 911 Millage,Kalamazoo City Precinct 14,No,86
47,Kalamazoo County 911 Millage,Kalamazoo City Precinct 15,Yes,264
47,Kalamazoo County 911 Millage,Kalamazoo City Precinct 15,No,139
47,Kalamazoo County 911 Millage,Kalamazoo City Precinct 16,Yes,383
47,Kalamazoo County 911 Millage,Kalamazoo City Precinct 16,No,203
47,Kalamazoo County 911 Millage,Kalamazoo City Precinct 17,Yes,344
47,Kalamazoo County 911 Millage,Kalamazoo City Precinct 17,No,171
47,Kalamazoo County 911 Millage,Kalamazoo City Precinct 18,Yes,309
47,Kalamazoo County 911 Millage,Kalamazoo City Precinct 18,No,150
47,Kalamazoo County 911 Millage,Kalamazoo City Precinct 19,Yes,314
47,Kalamazoo County 911 Millage,Kalamazoo City Precinct 19,No,153
47,Kalamazoo County 911 Millage,Kalamazoo City Precinct 20,Yes,604
47,Kalamazoo County 911 Millage,Kalamazoo City Precinct 20,No,219
47,Kalamazoo County 911 Millage,Kalamazoo City Precinct 21,Yes,500
47,Kalamazoo County 911 Millage,Kalamazoo City Precinct 21,No,153
47,Kalamazoo County 911 Millage,Kalamazoo City Precinct 22,Yes,455
47,Kalamazoo County 911 Millage,Kalamazoo City Precinct 22,No,163
47,Kalamazoo County 911 Millage,Kalamazoo City Precinct 23,Yes,212
47,Kalamazoo County 911 Millage,Kalamazoo City Precinct 23,No,103
47,Kalamazoo County 911 Millage,Kalamazoo City Precinct 24,Yes,257
47,Kalamazoo County 911 Millage,Kalamazoo City Precinct 24,No,91
47,Kalamazoo County 911 Millage,Kalamazoo City Precinct 25,Yes,435
47,Kalamazoo County 911 Millage,Kalamazoo City Precinct 25,No,197
47,Kalamazoo County 911 Millage,Kalamazoo City Precinct 26,Yes,505
47,Kalamazoo County 911 Millage,Kalamazoo City Precinct 26,No,195
47,Kalamazoo County 911 Millage,Kalamazoo City Precinct 27,Yes,186
47,Kalamazoo County 911 Millage,Kalamazoo City Precinct 27,No,60
47,Kalamazoo County 911 Millage,Parchment City Precinct 1,Yes,246
47,Kalamazoo County 911 Millage,Parchment City Precinct 1,No,186
47,Kalamazoo County 911 Millage,Portage City Precinct 1,Yes,288
47,Kalamazoo County 911 Millage,Portage City Precinct 1,No,136
47,Kalamazoo County 911 Millage,Portage City Precinct 2,Yes,207
47,Kalamazoo County 911 Millage,Portage City Precinct 2,No,98
47,Kalamazoo County 911 Millage,Portage City Precinct 3,Yes,412
47,Kalamazoo County 911 Millage,Portage City Precinct 3,No,238
47,Kalamazoo County 911 Millage,Portage City Precinct 4,Yes,301
47,Kalamazoo County 911 Millage,Portage City Precinct 4,No,266
47,Kalamazoo County 911 Millage,Portage City Precinct 5,Yes,275
47,Kalamazoo County 911 Millage,Portage City Precinct 5,No,205
47,Kalamazoo County 911 Millage,Portage City Precinct 6,Yes,371
47,Kalamazoo County 911 Millage,Portage City Precinct 6,No,309
47,Kalamazoo County 911 Millage,Portage City Precinct 7,Yes,145
47,Kalamazoo County 911 Millage,Portage City Precinct 7,No,57
47,Kalamazoo County 911 Millage,Portage City Precinct 8,Yes,505
47,Kalamazoo County 911 Millage,Portage City Precinct 8,No,216
47,Kalamazoo County 911 Millage,Portage City Precinct 9,Yes,354
47,Kalamazoo County 911 Millage,Portage City Precinct 9,No,193
47,Kalamazoo County 911 Millage,Portage City Precinct 10,Yes,397
47,Kalamazoo County 911 Millage,Portage City Precinct 10,No,292
47,Kalamazoo County 911 Millage,Portage City Precinct 11,Yes,480
47,Kalamazoo County 911 Millage,Portage City Precinct 11,No,223
47,Kalamazoo County 911 Millage,Portage City Precinct 12,Yes,548
47,Kalamazoo County 911 Millage,Portage City Precinct 12,No,360
47,Kalamazoo County 911 Millage,Portage City Precinct 13,Yes,592
47,Kalamazoo County 911 Millage,Portage City Precinct 13,No,337
47,Kalamazoo County 911 Millage,Portage City Precinct 14,Yes,378
47,Kalamazoo County 911 Millage,Portage City Precinct 14,No,222
47,Kalamazoo County 911 Millage,Portage City Precinct 15,Yes,324
47,Kalamazoo County 911 Millage,Portage City Precinct 15,No,211
47,Kalamazoo County 911 Millage,Portage City Precinct 16,Yes,466
47,Kalamazoo County 911 Millage,Portage City Precinct 16,No,266
47,Kalamazoo County 911 Millage,Portage City Precinct 17,Yes,397
47,Kalamazoo County 911 Millage,Portage City Precinct 17,No,306
47,Kalamazoo County 911 Millage,Portage City Precinct 18,Yes,424
47,Kalamazoo County 911 Millage,Portage City Precinct 18,No,220
47,Kalamazoo County 911 Millage,Portage City Precinct 19,Yes,373
47,Kalamazoo County 911 Millage,Portage City Precinct 19,No,203
47,Kalamazoo County 911 Millage,Portage City Precinct 20,Yes,345
47,Kalamazoo County 911 Millage,Portage City Precinct 20,No,174
48,Kalamazoo Charter Township Charter Millage,Kalamazoo Township Precinct 1,Yes,38
48,Kalamazoo Charter Township Charter Millage,Kalamazoo Township Precinct 1,No,35
48,Kalamazoo Charter Township Charter Millage,Kalamazoo Township Precinct 2,Yes,144
48,Kalamazoo Charter Township Charter Millage,Kalamazoo Township Precinct 2,No,150
48,Kalamazoo Charter Township Charter Millage,Kalamazoo Township Precinct 3,Yes,672
48,Kalamazoo Charter Township Charter Millage,Kalamazoo Township Precinct 3,No,363
48,Kalamazoo Charter Township Charter Millage,Kalamazoo Township Precinct 4,Yes,444
48,Kalamazoo Charter Township Charter Millage,Kalamazoo Township Precinct 4,No,134
48,Kalamazoo Charter Township Charter Millage,Kalamazoo Township Precinct 5,Yes,343
48,Kalamazoo Charter Township Charter Millage,Kalamazoo Township Precinct 5,No,187
48,Kalamazoo Charter Township Charter Millage,Kalamazoo Township Precinct 6,Yes,361
48,Kalamazoo Charter Township Charter Millage,Kalamazoo Township Precinct 6,No,120
48,Kalamazoo Charter Township Charter Millage,Kalamazoo Township Precinct 7,Yes,569
48,Kalamazoo Charter Township Charter Millage,Kalamazoo Township Precinct 7,No,371
48,Kalamazoo Charter Township Charter Millage,Kalamazoo Township Precinct 8,Yes,234
48,Kalamazoo Charter Township Charter Millage,Kalamazoo Township Precinct 8,No,167
48,Kalamazoo Charter Township Charter Millage,Kalamazoo Township Precinct 9,Yes,158
48,Kalamazoo Charter Township Charter Millage,Kalamazoo Township Precinct 9,No,123
48,Kalamazoo Charter Township Charter Millage,Kalamazoo Township Precinct 10,Yes,271
48,Kalamazoo Charter Township Charter Millage,Kalamazoo Township Precinct 10,No,200
49,Texas Township Fire Millage,Texas Township Precinct 1,Yes,479
49,Texas Township Fire Millage,Texas Township Precinct 1,No,222
49,Texas Township Fire Millage,Texas Township Precinct 2,Yes,406
49,Texas Township Fire Millage,Texas Township Precinct 2,No,219
49,Texas Township Fire Millage,Texas Township Precinct 3,Yes,418
49,Texas Township Fire Millage,Texas Township Precinct 3,No,145
49,Texas Township Fire Millage,Texas Township Precinct 4,Yes,647
49,Texas Township Fire Millage,Texas Township Precinct 4,No,248
49,Texas Township Fire Millage,Texas Township Precinct 5,Yes,689
49,Texas Township Fire Millage,Texas Township Precinct 5,No,305
49,Texas Township Fire Millage,Texas Township Precinct 6,Yes,570
49,Texas Township Fire Millage,Texas Township Precinct 6,No,276
50,Athens Area Schools Operating Millage,Wakeshma Township Precinct 1,Yes,26
50,Athens Area Schools Operating Millage,Wakeshma Township Precinct 1,No,21
51,Lawton Community Schools Operating Millage,Prairie Ronde Township Precinct 1,Yes,7
51,Lawton Community Schools Operating Millage,Prairie Ronde Township Precinct 1,No,5
52,Parchment School District Sinking Fund,Cooper Township Precinct 1,Yes,12
52,Parchment School District Sinking Fund,Cooper Township Precinct 1,No,12
52,Parchment School District Sinking Fund,Cooper Township Precinct 2,Yes,198
52,Parchment School District Sinking Fund,Cooper Township Precinct 2,No,145
52,Parchment School District Sinking Fund,Cooper Township Precinct 3,Yes,496
52,Parchment School District Sinking Fund,Cooper Township Precinct 3,No,377
52,Parchment School District Sinking Fund,Cooper Township Precinct 4,Yes,69
52,Parchment School District Sinking Fund,Cooper Township Precinct 4,No,53
52,Parchment School District Sinking Fund,Cooper Township Precinct 5,Yes,31
52,Parchment School District Sinking Fund,Cooper Township Precinct 5,No,6
52,Parchment School District Sinking Fund,Kalamazoo Township Precinct 2,Yes,159
52,Parchment School District Sinking Fund,Kalamazoo Township Precinct 2,No,104
52,Parchment School District Sinking Fund,Kalamazoo Township Precinct 7,Yes,138
52,Parchment School District Sinking Fund,Kalamazoo Township Precinct 7,No,85
52,Parchment School District Sinking Fund,Kalamazoo City Precinct 10,Yes,41
52,Parchment School District Sinking Fund,Kalamazoo City Precinct 10,No,46
52,Parchment School District Sinking Fund,Parchment City Precinct 1,Yes,268
52,Parchment School District Sinking Fund,Parchment City Precinct 1,No,167
53,Allegan AESA Operating Millage,Alamo 1,Yes,210
53,Allegan AESA Operating Millage,Alamo 1,No,237
53,Allegan AESA Operating Millage,Alamo Township Precinct 2,Yes,340
53,Allegan AESA Operating Millage,Alamo Township Precinct 2,No,353
53,Allegan AESA Operating Millage,Cooper Township Precinct 1,Yes,183
53,Allegan AESA Operating Millage,Cooper Township Precinct 1,No,151
53,Allegan AESA Operating Millage,Cooper Township Precinct 2,Yes,82
53,Allegan AESA Operating Millage,Cooper Township Precinct 2,No,70
53,Allegan AESA Operating Millage,Cooper Township Precinct 4,Yes,403
53,Allegan AESA Operating Millage,Cooper Township Precinct 4,No,363
53,Allegan AESA Operating Millage,Oshtemo Township Precinct 1,Yes,274
53,Allegan AESA Operating Millage,Oshtemo Township Precinct 1,No,252
54,DEM Supervisor Alamo Township,Alamo 1,Write-in,7
54,DEM Supervisor Alamo Township,Alamo Township Precinct 2,Write-in,13
55,DEM Supervisor Brady Township,Brady Township Precinct 1,Write-in,15
55,DEM Supervisor Brady Township,Brady Township Precinct 2,Write-in,14
56,DEM Supervisor Charleston Township,Charleston Township Precinct 1,Write-in,20
57,DEM Supervisor Climax Township,Climax Township Precinct 1,Write-in,4
58,DEM Supervisor Comstock Charter Township,Comstock Township Precinct 1,Randy L. Thompson,228
58,DEM Supervisor Comstock Charter Township,Comstock Township Precinct 1,Write-in,2
58,DEM Supervisor Comstock Charter Township,Comstock Township Precinct 2,Randy L. Thompson,287
58,DEM Supervisor Comstock Charter Township,Comstock Township Precinct 2,Write-in,1
58,DEM Supervisor Comstock Charter Township,Comstock Township Precinct 3,Randy L. Thompson,199
58,DEM Supervisor Comstock Charter Township,Comstock Township Precinct 3,Write-in,1
58,DEM Supervisor Comstock Charter Township,Comstock Township Precinct 4,Randy L. Thompson,211
58,DEM Supervisor Comstock Charter Township,Comstock Township Precinct 4,Write-in,0
58,DEM Supervisor Comstock Charter Township,Comstock Township Precinct 5,Randy L. Thompson,282
58,DEM Supervisor Comstock Charter Township,Comstock Township Precinct 5,Write-in,2
58,DEM Supervisor Comstock Charter Township,Comstock Township Precinct 6,Randy L. Thompson,221
58,DEM Supervisor Comstock Charter Township,Comstock Township Precinct 6,Write-in,1
58,DEM Supervisor Comstock Charter Township,Comstock Township Precinct 7,Randy L. Thompson,235
58,DEM Supervisor Comstock Charter Township,Comstock Township Precinct 7,Write-in,2
59,DEM Supervisor Cooper Charter Township,Cooper Township Precinct 1,Write-in,20
59,DEM Supervisor Cooper Charter Township,Cooper Township Precinct 2,Write-in,10
59,DEM Supervisor Cooper Charter Township,Cooper Township Precinct 3,Write-in,27
59,DEM Supervisor Cooper Charter Township,Cooper Township Precinct 4,Write-in,24
59,DEM Supervisor Cooper Charter Township,Cooper Township Precinct 5,Write-in,16
60,DEM Supervisor Kalamazoo Charter Township,Kalamazoo Township Precinct 1,Don Martin,40
60,DEM Supervisor Kalamazoo Charter Township,Kalamazoo Township Precinct 1,Write-in,0
60,DEM Supervisor Kalamazoo Charter Township,Kalamazoo Township Precinct 2,Don Martin,167
60,DEM Supervisor Kalamazoo Charter Township,Kalamazoo Township Precinct 2,Write-in,2
60,DEM Supervisor Kalamazoo Charter Township,Kalamazoo Township Precinct 3,Don Martin,625
60,DEM Supervisor Kalamazoo Charter Township,Kalamazoo Township Precinct 3,Write-in,3
60,DEM Supervisor Kalamazoo Charter Township,Kalamazoo Township Precinct 4,Don Martin,428
60,DEM Supervisor Kalamazoo Charter Township,Kalamazoo Township Precinct 4,Write-in,5
60,DEM Supervisor Kalamazoo Charter Township,Kalamazoo Township Precinct 5,Don Martin,331
60,DEM Supervisor Kalamazoo Charter Township,Kalamazoo Township Precinct 5,Write-in,1
60,DEM Supervisor Kalamazoo Charter Township,Kalamazoo Township Precinct 6,Don Martin,378
60,DEM Supervisor Kalamazoo Charter Township,Kalamazoo Township Precinct 6,Write-in,0
60,DEM Supervisor Kalamazoo Charter Township,Kalamazoo Township Precinct 7,Don Martin,510
60,DEM Supervisor Kalamazoo Charter Township,Kalamazoo Township Precinct 7,Write-in,0
60,DEM Supervisor Kalamazoo Charter Township,Kalamazoo Township Precinct 8,Don Martin,243
60,DEM Supervisor Kalamazoo Charter Township,Kalamazoo Township Precinct 8,Write-in,4
60,DEM Supervisor Kalamazoo Charter Township,Kalamazoo Township Precinct 9,Don Martin,190
60,DEM Supervisor Kalamazoo Charter Township,Kalamazoo Township Precinct 9,Write-in,3
60,DEM Supervisor Kalamazoo Charter Township,Kalamazoo Township Precinct 10,Don Martin,295
60,DEM Supervisor Kalamazoo Charter Township,Kalamazoo Township Precinct 10,Write-in,5
61,DEM Supervisor Oshtemo Charter Township,Oshtemo Township Precinct 1,Libby Heiny-Cogswell,220
61,DEM Supervisor Oshtemo Charter Township,Oshtemo Township Precinct 1,Rob Viland,78
61,DEM Supervisor Oshtemo Charter Township,Oshtemo Township Precinct 1,Write-in,0
61,DEM Supervisor Oshtemo Charter Township,Oshtemo Township Precinct 2,Libby Heiny-Cogswell,344
61,DEM Supervisor Oshtemo Charter Township,Oshtemo Township Precinct 2,Rob Viland,173
61,DEM Supervisor Oshtemo Charter Township,Oshtemo Township Precinct 2,Write-in,0
61,DEM Supervisor Oshtemo Charter Township,Oshtemo Township Precinct 3,Libby Heiny-Cogswell,291
61,DEM Supervisor Oshtemo Charter Township,Oshtemo Township Precinct 3,Rob Viland,332
61,DEM Supervisor Oshtemo Charter Township,Oshtemo Township Precinct 3,Write-in,1
61,DEM Supervisor Oshtemo Charter Township,Oshtemo Township Precinct 4,Libby Heiny-Cogswell,318
61,DEM Supervisor Oshtemo Charter Township,Oshtemo Township Precinct 4,Rob Viland,170
61,DEM Supervisor Oshtemo Charter Township,Oshtemo Township Precinct 4,Write-in,2
61,DEM Supervisor Oshtemo Charter Township,Oshtemo Township Precinct 5,Libby Heiny-Cogswell,196
61,DEM Supervisor Oshtemo Charter Township,Oshtemo Township Precinct 5,Rob Viland,49
61,DEM Supervisor Oshtemo Charter Township,Oshtemo Township Precinct 5,Write-in,0
61,DEM Supervisor Oshtemo Charter Township,Oshtemo Township Precinct 6,Libby Heiny-Cogswell,233
61,DEM Supervisor Oshtemo Charter Township,Oshtemo Township Precinct 6,Rob Viland,144
61,DEM Supervisor Oshtemo Charter Township,Oshtemo Township Precinct 6,Write-in,2
61,DEM Supervisor Oshtemo Charter Township,Oshtemo Township Precinct 7,Libby Heiny-Cogswell,248
61,DEM Supervisor Oshtemo Charter Township,Oshtemo Township Precinct 7,Rob Viland,83
61,DEM Supervisor Oshtemo Charter Township,Oshtemo Township Precinct 7,Write-in,0
61,DEM Supervisor Oshtemo Charter Township,Oshtemo Township Precinct 8,Libby Heiny-Cogswell,154
61,DEM Supervisor Oshtemo Charter Township,Oshtemo Township Precinct 8,Rob Viland,44
61,DEM Supervisor Oshtemo Charter Township,Oshtemo Township Precinct 8,Write-in,1
61,DEM Supervisor Oshtemo Charter Township,Oshtemo Township Precinct 9,Libby Heiny-Cogswell,303
61,DEM Supervisor Oshtemo Charter Township,Oshtemo Township Precinct 9,Rob Viland,149
61,DEM Supervisor Oshtemo Charter Township,Oshtemo Township Precinct 9,Write-in,1
61,DEM Supervisor Oshtemo Charter Township,Oshtemo Township Precinct 10,Libby Heiny-Cogswell,113
61,DEM Supervisor Oshtemo Charter Township,Oshtemo Township Precinct 10,Rob Viland,106
61,DEM Supervisor Oshtemo Charter Township,Oshtemo Township Precinct 10,Write-in,0
62,DEM Supervisor Pavilion Township,Pavilion Township Precinct 1,Write-in,24
62,DEM Supervisor Pavilion Township,Pavilion Township Precinct 2,Write-in,11
62,DEM Supervisor Pavilion Township,Pavilion Township Precinct 3,Write-in,15
63,DEM Supervisor Prairie Ronde Township,Prairie Ronde Township Precinct 1,Write-in,16
64,DEM Supervisor Richland Township,Richland Township Precinct 1,Write-in,2
64,DEM Supervisor Richland Township,Richland Township Precinct 2,Write-in,2
64,DEM Supervisor Richland Township,Richland Township Precinct 3,Write-in,27
65,DEM Supervisor Ross Township,Ross Township Precinct 1,Write-in,16
65,DEM Supervisor Ross Township,Ross Township Precinct 2,Write-in,14
66,DEM Supervisor Schoolcraft Township,Schoolcraft Township Precinct 1,Write-in,23
66,DEM Supervisor Schoolcraft Township,Schoolcraft Township Precinct 2,Write-in,8
66,DEM Supervisor Schoolcraft Township,Schoolcraft Township Precinct 3,Write-in,38
66,DEM Supervisor Schoolcraft Township,Schoolcraft Township Precinct 4,Write-in,11
67,DEM Supervisor Texas Charter Township,Texas Township Precinct 1,Write-in,17
67,DEM Supervisor Texas Charter Township,Texas Township Precinct 2,Write-in,14
67,DEM Supervisor Texas Charter Township,Texas Township Precinct 3,Write-in,29
67,DEM Supervisor Texas Charter Township,Texas Township Precinct 4,Write-in,22
67,DEM Supervisor Texas Charter Township,Texas Township Precinct 5,Write-in,27
67,DEM Supervisor Texas Charter Township,Texas Township Precinct 6,Write-in,21
68,DEM Supervisor Wakeshma Township,Wakeshma Township Precinct 1,Write-in,7
69,DEM Clerk Alamo Township,Alamo 1,Write-in,7
69,DEM Clerk Alamo Township,Alamo Township Precinct 2,Write-in,13
70,DEM Clerk Brady Township,Brady Township Precinct 1,Write-in,17
70,DEM Clerk Brady Township,Brady Township Precinct 2,Write-in,14
71,DEM Clerk Charleston Township,Charleston Township Precinct 1,Write-in,19
72,DEM Clerk Climax Township,Climax Township Precinct 1,Write-in,3
73,DEM Clerk Comstock Charter Township,Comstock Township Precinct 1,Nicole M. Beauchamp,175
73,DEM Clerk Comstock Charter Township,Comstock Township Precinct 1,Dave Camburn,52
73,DEM Clerk Comstock Charter Township,Comstock Township Precinct 1,Write-in,0
73,DEM Clerk Comstock Charter Township,Comstock Township Precinct 2,Nicole M. Beauchamp,192
73,DEM Clerk Comstock Charter Township,Comstock Township Precinct 2,Dave Camburn,108
73,DEM Clerk Comstock Charter Township,Comstock Township Precinct 2,Write-in,0
73,DEM Clerk Comstock Charter Township,Comstock Township Precinct 3,Nicole M. Beauchamp,153
73,DEM Clerk Comstock Charter Township,Comstock Township Precinct 3,Dave Camburn,59
73,DEM Clerk Comstock Charter Township,Comstock Township Precinct 3,Write-in,0
73,DEM Clerk Comstock Charter Township,Comstock Township Precinct 4,Nicole M. Beauchamp,174
73,DEM Clerk Comstock Charter Township,Comstock Township Precinct 4,Dave Camburn,42
73,DEM Clerk Comstock Charter Township,Comstock Township Precinct 4,Write-in,0
73,DEM Clerk Comstock Charter Township,Comstock Township Precinct 5,Nicole M. Beauchamp,207
73,DEM Clerk Comstock Charter Township,Comstock Township Precinct 5,Dave Camburn,80
73,DEM Clerk Comstock Charter Township,Comstock Township Precinct 5,Write-in,1
73,DEM Clerk Comstock Charter Township,Comstock Township Precinct 6,Nicole M. Beauchamp,159
73,DEM Clerk Comstock Charter Township,Comstock Township Precinct 6,Dave Camburn,64
73,DEM Clerk Comstock Charter Township,Comstock Township Precinct 6,Write-in,1
73,DEM Clerk Comstock Charter Township,Comstock Township Precinct 7,Nicole M. Beauchamp,195
73,DEM Clerk Comstock Charter Township,Comstock Township Precinct 7,Dave Camburn,44
73,DEM Clerk Comstock Charter Township,Comstock Township Precinct 7,Write-in,1
74,DEM Clerk Cooper Charter Township,Cooper Township Precinct 1,Write-in,17
74,DEM Clerk Cooper Charter Township,Cooper Township Precinct 2,Write-in,10
74,DEM Clerk Cooper Charter Township,Cooper Township Precinct 3,Write-in,24
74,DEM Clerk Cooper Charter Township,Cooper Township Precinct 4,Write-in,22
74,DEM Clerk Cooper Charter Township,Cooper Township Precinct 5,Write-in,15
75,DEM Clerk Kalamazoo Charter Township,Kalamazoo Township Precinct 1,Mark E. Miller,40
75,DEM Clerk Kalamazoo Charter Township,Kalamazoo Township Precinct 1,Write-in,0
75,DEM Clerk Kalamazoo Charter Township,Kalamazoo Township Precinct 2,Mark E. Miller,168
75,DEM Clerk Kalamazoo Charter Township,Kalamazoo Township Precinct 2,Write-in,1
75,DEM Clerk Kalamazoo Charter Township,Kalamazoo Township Precinct 3,Mark E. Miller,622
75,DEM Clerk Kalamazoo Charter Township,Kalamazoo Township Precinct 3,Write-in,4
75,DEM Clerk Kalamazoo Charter Township,Kalamazoo Township Precinct 4,Mark E. Miller,434
75,DEM Clerk Kalamazoo Charter Township,Kalamazoo Township Precinct 4,Write-in,5
75,DEM Clerk Kalamazoo Charter Township,Kalamazoo Township Precinct 5,Mark E. Miller,335
75,DEM Clerk Kalamazoo Charter Township,Kalamazoo Township Precinct 5,Write-in,1
75,DEM Clerk Kalamazoo Charter Township,Kalamazoo Township Precinct 6,Mark E. Miller,373
75,DEM Clerk Kalamazoo Charter Township,Kalamazoo Township Precinct 6,Write-in,0
75,DEM Clerk Kalamazoo Charter Township,Kalamazoo Township Precinct 7,Mark E. Miller,509
75,DEM Clerk Kalamazoo Charter Township,Kalamazoo Township Precinct 7,Write-in,0
75,DEM Clerk Kalamazoo Charter Township,Kalamazoo Township Precinct 8,Mark E. Miller,244
75,DEM Clerk Kalamazoo Charter Township,Kalamazoo Township Precinct 8,Write-in,1
75,DEM Clerk Kalamazoo Charter Township,Kalamazoo Township Precinct 9,Mark E. Miller,188
75,DEM Clerk Kalamazoo Charter Township,Kalamazoo Township Precinct 9,Write-in,3
75,DEM Clerk Kalamazoo Charter Township,Kalamazoo Township Precinct 10,Mark E. Miller,298
75,DEM Clerk Kalamazoo Charter Township,Kalamazoo Township Precinct 10,Write-in,4
76,DEM Clerk Oshtemo Charter Township,Oshtemo Township Precinct 1,Dusty Farmer,210
76,DEM Clerk Oshtemo Charter Township,Oshtemo Township Precinct 1,Claudia Stirton,86
76,DEM Clerk Oshtemo Charter Township,Oshtemo Township Precinct 1,Write-in,0
76,DEM Clerk Oshtemo Charter Township,Oshtemo Township Precinct 2,Dusty Farmer,325
76,DEM Clerk Oshtemo Charter Township,Oshtemo Township Precinct 2,Claudia Stirton,195
76,DEM Clerk Oshtemo Charter Township,Oshtemo Township Precinct 2,Write-in,0
76,DEM Clerk Oshtemo Charter Township,Oshtemo Township Precinct 3,Dusty Farmer,290
76,DEM Clerk Oshtemo Charter Township,Oshtemo Township Precinct 3,Claudia Stirton,328
76,DEM Clerk Oshtemo Charter Township,Oshtemo Township Precinct 3,Write-in,1
76,DEM Clerk Oshtemo Charter Township,Oshtemo Township Precinct 4,Dusty Farmer,276
76,DEM Clerk Oshtemo Charter Township,Oshtemo Township Precinct 4,Claudia Stirton,221
76,DEM Clerk Oshtemo Charter Township,Oshtemo Township Precinct 4,Write-in,0
76,DEM Clerk Oshtemo Charter Township,Oshtemo Township Precinct 5,Dusty Farmer,156
76,DEM Clerk Oshtemo Charter Township,Oshtemo Township Precinct 5,Claudia Stirton,92
76,DEM Clerk Oshtemo Charter Township,Oshtemo Township Precinct 5,Write-in,0
76,DEM Clerk Oshtemo Charter Township,Oshtemo Township Precinct 6,Dusty Farmer,191
76,DEM Clerk Oshtemo Charter Township,Oshtemo Township Precinct 6,Claudia Stirton,197
76,DEM Clerk Oshtemo Charter Township,Oshtemo Township Precinct 6,Write-in,1
76,DEM Clerk Oshtemo Charter Township,Oshtemo Township Precinct 7,Dusty Farmer,204
76,DEM Clerk Oshtemo Charter Township,Oshtemo Township Precinct 7,Claudia Stirton,128
76,DEM Clerk Oshtemo Charter Township,Oshtemo Township Precinct 7,Write-in,1
76,DEM Clerk Oshtemo Charter Township,Oshtemo Township Precinct 8,Dusty Farmer,117
76,DEM Clerk Oshtemo Charter Township,Oshtemo Township Precinct 8,Claudia Stirton,76
76,DEM Clerk Oshtemo Charter Township,Oshtemo Township Precinct 8,Write-in,1
76,DEM Clerk Oshtemo Charter Township,Oshtemo Township Precinct 9,Dusty Farmer,267
76,DEM Clerk Oshtemo Charter Township,Oshtemo Township Precinct 9,Claudia Stirton,188
76,DEM Clerk Oshtemo Charter Township,Oshtemo Township Precinct 9,Write-in,1
76,DEM Clerk Oshtemo Charter Township,Oshtemo Township Precinct 10,Dusty Farmer,106
76,DEM Clerk Oshtemo Charter Township,Oshtemo Township Precinct 10,Claudia Stirton,113
76,DEM Clerk Oshtemo Charter Township,Oshtemo Township Precinct 10,Write-in,0
77,DEM Clerk Pavilion Township,Pavilion Township Precinct 1,Write-in,23
77,DEM Clerk Pavilion Township,Pavilion Township Precinct 2,Write-in,11
77,DEM Clerk Pavilion Township,Pavilion Township Precinct 3,Write-in,14
78,DEM Clerk Prairie Ronde Township,Prairie Ronde Township Precinct 1,Write-in,16
79,DEM Clerk Richland Township,Richland Township Precinct 1,Write-in,2
79,DEM Clerk Richland Township,Richland Township Precinct 2,Write-in,2
79,DEM Clerk Richland Township,Richland Township Precinct 3,Write-in,27
80,DEM Clerk Ross Township,Ross Township Precinct 1,Write-in,17
80,DEM Clerk Ross Township,Ross Township Precinct 2,Write-in,13
81,DEM Clerk Schoolcraft Township,Schoolcraft Township Precinct 1,Write-in,21
81,DEM Clerk Schoolcraft Township,Schoolcraft Township Precinct 2,Write-in,8
81,DEM Clerk Schoolcraft Township,Schoolcraft Township Precinct 3,Write-in,38
81,DEM Clerk Schoolcraft Township,Schoolcraft Township Precinct 4,Write-in,10
82,DEM Clerk Texas Charter Township,Texas Township Precinct 1,Emily Beutel,283
82,DEM Clerk Texas Charter Township,Texas Township Precinct 1,Write-in,2
82,DEM Clerk Texas Charter Township,Texas Township Precinct 2,Emily Beutel,228
82,DEM Clerk Texas Charter Township,Texas Township Precinct 2,Write-in,0
82,DEM Clerk Texas Charter Township,Texas Township Precinct 3,Emily Beutel,325
82,DEM Clerk Texas Charter Township,Texas Township Precinct 3,Write-in,1
82,DEM Clerk Texas Charter Township,Texas Township Precinct 4,Emily Beutel,399
82,DEM Clerk Texas Charter Township,Texas Township Precinct 4,Write-in,1
82,DEM Clerk Texas Charter Township,Texas Township Precinct 5,Emily Beutel,453
82,DEM Clerk Texas Charter Township,Texas Township Precinct 5,Write-in,0
82,DEM Clerk Texas Charter Township,Texas Township Precinct 6,Emily Beutel,369
82,DEM Clerk Texas Charter Township,Texas Township Precinct 6,Write-in,0
83,DEM Clerk Wakeshma Township,Wakeshma Township Precinct 1,Write-in,6
84,DEM Treasurer Alamo Township,Alamo 1,Write-in,6
84,DEM Treasurer Alamo Township,Alamo Township Precinct 2,Write-in,13
85,DEM Treasurer Brady Township,Brady Township Precinct 1,Write-in,15
85,DEM Treasurer Brady Township,Brady Township Precinct 2,Write-in,13
86,DEM Treasurer Charleston Township,Charleston Township Precinct 1,Write-in,18
87,DEM Treasurer Climax Township,Climax Township Precinct 1,Write-in,3
88,DEM Treasurer Comstock Charter Township,Comstock Township Precinct 1,Bret Padgett,221
88,DEM Treasurer Comstock Charter Township,Comstock Township Precinct 1,Write-in,1
88,DEM Treasurer Comstock Charter Township,Comstock Township Precinct 2,Bret Padgett,284
88,DEM Treasurer Comstock Charter Township,Comstock Township Precinct 2,Write-in,1
88,DEM Treasurer Comstock Charter Township,Comstock Township Precinct 3,Bret Padgett,204
88,DEM Treasurer Comstock Charter Township,Comstock Township Precinct 3,Write-in,0
88,DEM Treasurer Comstock Charter Township,Comstock Township Precinct 4,Bret Padgett,212
88,DEM Treasurer Comstock Charter Township,Comstock Township Precinct 4,Write-in,0
88,DEM Treasurer Comstock Charter Township,Comstock Township Precinct 5,Bret Padgett,272
88,DEM Treasurer Comstock Charter Township,Comstock Township Precinct 5,Write-in,0
88,DEM Treasurer Comstock Charter Township,Comstock Township Precinct 6,Bret Padgett,213
88,DEM Treasurer Comstock Charter Township,Comstock Township Precinct 6,Write-in,0
88,DEM Treasurer Comstock Charter Township,Comstock Township Precinct 7,Bret Padgett,226
88,DEM Treasurer Comstock Charter Township,Comstock Township Precinct 7,Write-in,2
89,DEM Treasurer Cooper Charter Township,Cooper Township Precinct 1,Write-in,16
89,DEM Treasurer Cooper Charter Township,Cooper Township Precinct 2,Write-in,9
89,DEM Treasurer Cooper Charter Township,Cooper Township Precinct 3,Write-in,25
89,DEM Treasurer Cooper Charter Township,Cooper Township Precinct 4,Write-in,22
89,DEM Treasurer Cooper Charter Township,Cooper Township Precinct 5,Write-in,12
90,DEM Treasurer Kalamazoo Charter Township,Kalamazoo Township Precinct 1,Nicolette Leigh,19
90,DEM Treasurer Kalamazoo Charter Township,Kalamazoo Township Precinct 1,Sherine Marie Miller,21
90,DEM Treasurer Kalamazoo Charter Township,Kalamazoo Township Precinct 1,Write-in,0
90,DEM Treasurer Kalamazoo Charter Township,Kalamazoo Township Precinct 2,Nicolette Leigh,82
90,DEM Treasurer Kalamazoo Charter Township,Kalamazoo Township Precinct 2,Sherine Marie Miller,91
90,DEM Treasurer Kalamazoo Charter Township,Kalamazoo Township Precinct 2,Write-in,0
90,DEM Treasurer Kalamazoo Charter Township,Kalamazoo Township Precinct 3,Nicolette Leigh,315
90,DEM Treasurer Kalamazoo Charter Township,Kalamazoo Township Precinct 3,Sherine Marie Miller,296
90,DEM Treasurer Kalamazoo Charter Township,Kalamazoo Township Precinct 3,Write-in,1
90,DEM Treasurer Kalamazoo Charter Township,Kalamazoo Township Precinct 4,Nicolette Leigh,171
90,DEM Treasurer Kalamazoo Charter Township,Kalamazoo Township Precinct 4,Sherine Marie Miller,224
90,DEM Treasurer Kalamazoo Charter Township,Kalamazoo Township Precinct 4,Write-in,2
90,DEM Treasurer Kalamazoo Charter Township,Kalamazoo Township Precinct 5,Nicolette Leigh,178
90,DEM Treasurer Kalamazoo Charter Township,Kalamazoo Township Precinct 5,Sherine Marie Miller,148
90,DEM Treasurer Kalamazoo Charter Township,Kalamazoo Township Precinct 5,Write-in,2
90,DEM Treasurer Kalamazoo Charter Township,Kalamazoo Township Precinct 6,Nicolette Leigh,164
90,DEM Treasurer Kalamazoo Charter Township,Kalamazoo Township Precinct 6,Sherine Marie Miller,201
90,DEM Treasurer Kalamazoo Charter Township,Kalamazoo Township Precinct 6,Write-in,0
90,DEM Treasurer Kalamazoo Charter Township,Kalamazoo Township Precinct 7,Nicolette Leigh,259
90,DEM Treasurer Kalamazoo Charter Township,Kalamazoo Township Precinct 7,Sherine Marie Miller,242
90,DEM Treasurer Kalamazoo Charter Township,Kalamazoo Township Precinct 7,Write-in,0
90,DEM Treasurer Kalamazoo Charter Township,Kalamazoo Township Precinct 8,Nicolette Leigh,107
90,DEM Treasurer Kalamazoo Charter Township,Kalamazoo Township Precinct 8,Sherine Marie Miller,136
90,DEM Treasurer Kalamazoo Charter Township,Kalamazoo Township Precinct 8,Write-in,1
90,DEM Treasurer Kalamazoo Charter Township,Kalamazoo Township Precinct 9,Nicolette Leigh,112
90,DEM Treasurer Kalamazoo Charter Township,Kalamazoo Township Precinct 9,Sherine Marie Miller,87
90,DEM Treasurer Kalamazoo Charter Township,Kalamazoo Township Precinct 9,Write-in,2
90,DEM Treasurer Kalamazoo Charter Township,Kalamazoo Township Precinct 10,Nicolette Leigh,123
90,DEM Treasurer Kalamazoo Charter Township,Kalamazoo Township Precinct 10,Sherine Marie Miller,162
90,DEM Treasurer Kalamazoo Charter Township,Kalamazoo Township Precinct 10,Write-in,2
91,DEM Treasurer Oshtemo Charter Township,Oshtemo Township Precinct 1,Clare Buszka,119
91,DEM Treasurer Oshtemo Charter Township,Oshtemo Township Precinct 1,Grant Taylor,160
91,DEM Treasurer Oshtemo Charter Township,Oshtemo Township Precinct 1,Write-in,0
91,DEM Treasurer Oshtemo Charter Township,Oshtemo Township Precinct 2,Clare Buszka,241
91,DEM Treasurer Oshtemo Charter Township,Oshtemo Township Precinct 2,Grant Taylor,269
91,DEM Treasurer Oshtemo Charter Township,Oshtemo Township Precinct 2,Write-in,0
91,DEM Treasurer Oshtemo Charter Township,Oshtemo Township Precinct 3,Clare Buszka,351
91,DEM Treasurer Oshtemo Charter Township,Oshtemo Township Precinct 3,Grant Taylor,257
91,DEM Treasurer Oshtemo Charter Township,Oshtemo Township Precinct 3,Write-in,1
91,DEM Treasurer Oshtemo Charter Township,Oshtemo Township Precinct 4,Clare Buszka,232
91,DEM Treasurer Oshtemo Charter Township,Oshtemo Township Precinct 4,Grant Taylor,243
91,DEM Treasurer Oshtemo Charter Township,Oshtemo Township Precinct 4,Write-in,3
91,DEM Treasurer Oshtemo Charter Township,Oshtemo Township Precinct 5,Clare Buszka,145
91,DEM Treasurer Oshtemo Charter Township,Oshtemo Township Precinct 5,Grant Taylor,98
91,DEM Treasurer Oshtemo Charter Township,Oshtemo Township Precinct 5,Write-in,0
91,DEM Treasurer Oshtemo Charter Township,Oshtemo Township Precinct 6,Clare Buszka,207
91,DEM Treasurer Oshtemo Charter Township,Oshtemo Township Precinct 6,Grant Taylor,165
91,DEM Treasurer Oshtemo Charter Township,Oshtemo Township Precinct 6,Write-in,1
91,DEM Treasurer Oshtemo Charter Township,Oshtemo Township Precinct 7,Clare Buszka,177
91,DEM Treasurer Oshtemo Charter Township,Oshtemo Township Precinct 7,Grant Taylor,144
91,DEM Treasurer Oshtemo Charter Township,Oshtemo Township Precinct 7,Write-in,0
91,DEM Treasurer Oshtemo Charter Township,Oshtemo Township Precinct 8,Clare Buszka,94
91,DEM Treasurer Oshtemo Charter Township,Oshtemo Township Precinct 8,Grant Taylor,95
91,DEM Treasurer Oshtemo Charter Township,Oshtemo Township Precinct 8,Write-in,1
91,DEM Treasurer Oshtemo Charter Township,Oshtemo Township Precinct 9,Clare Buszka,233
91,DEM Treasurer Oshtemo Charter Township,Oshtemo Township Precinct 9,Grant Taylor,211
91,DEM Treasurer Oshtemo Charter Township,Oshtemo Township Precinct 9,Write-in,1
91,DEM Treasurer Oshtemo Charter Township,Oshtemo Township Precinct 10,Clare Buszka,113
91,DEM Treasurer Oshtemo Charter Township,Oshtemo Township Precinct 10,Grant Taylor,95
91,DEM Treasurer Oshtemo Charter Township,Oshtemo Township Precinct 10,Write-in,0
92,DEM Treasurer Pavilion Township,Pavilion Township Precinct 1,Write-in,23
92,DEM Treasurer Pavilion Township,Pavilion Township Precinct 2,Write-in,11
92,DEM Treasurer Pavilion Township,Pavilion Township Precinct 3,Write-in,14
93,DEM Treasurer Prairie Ronde Township,Prairie Ronde Township Precinct 1,Write-in,16
94,DEM Treasurer Richland Township,Richland Township Precinct 1,Write-in,2
94,DEM Treasurer Richland Township,Richland Township Precinct 2,Write-in,2
94,DEM Treasurer Richland Township,Richland Township Precinct 3,Write-in,24
95,DEM Treasurer Ross Township,Ross Township Precinct 1,Write-in,15
95,DEM Treasurer Ross Township,Ross Township Precinct 2,Write-in,11
96,DEM Treasurer Schoolcraft Township,Schoolcraft Township Precinct 1,Write-in,19
96,DEM Treasurer Schoolcraft Township,Schoolcraft Township Precinct 2,Write-in,8
96,DEM Treasurer Schoolcraft Township,Schoolcraft Township Precinct 3,Write-in,38
96,DEM Treasurer Schoolcraft Township,Schoolcraft Township Precinct 4,Write-in,10
97,DEM Treasurer Texas Charter Township,Texas Township Precinct 1,Write-in,9
97,DEM Treasurer Texas Charter Township,Texas Township Precinct 2,Write-in,10
97,DEM Treasurer Texas Charter Township,Texas Township Precinct 3,Write-in,22
97,DEM Treasurer Texas Charter Township,Texas Township Precinct 4,Write-in,17
97,DEM Treasurer Texas Charter Township,Texas Township Precinct 5,Write-in,24
97,DEM Treasurer Texas Charter Township,Texas Township Precinct 6,Write-in,15
98,DEM Treasurer Wakeshma Township,Wakeshma Township Precinct 1,Write-in,6
99,DEM Trustee Comstock Charter Township,Comstock Township Precinct 1,Gloria H. Emmons,200
99,DEM Trustee Comstock Charter Township,Comstock Township Precinct 1,David Joling,169
99,DEM Trustee Comstock Charter Township,Comstock Township Precinct 1,Jason Knight,176
99,DEM Trustee Comstock Charter Township,Comstock Township Precinct 1,Robert Reilman,167
99,DEM Trustee Comstock Charter Township,Comstock Township Precinct 1,Write-in,1
99,DEM Trustee Comstock Charter Township,Comstock Township Precinct 2,Gloria H. Emmons,246
99,DEM Trustee Comstock Charter Township,Comstock Township Precinct 2,David Joling,222
99,DEM Trustee Comstock Charter Township,Comstock Township Precinct 2,Jason Knight,232
99,DEM Trustee Comstock Charter Township,Comstock Township Precinct 2,Robert Reilman,217
99,DEM Trustee Comstock Charter Township,Comstock Township Precinct 2,Write-in,4
99,DEM Trustee Comstock Charter Township,Comstock Township Precinct 3,Gloria H. Emmons,170
99,DEM Trustee Comstock Charter Township,Comstock Township Precinct 3,David Joling,140
99,DEM Trustee Comstock Charter Township,Comstock Township Precinct 3,Jason Knight,156
99,DEM Trustee Comstock Charter Township,Comstock Township Precinct 3,Robert Reilman,136
99,DEM Trustee Comstock Charter Township,Comstock Township Precinct 3,Write-in,0
99,DEM Trustee Comstock Charter Township,Comstock Township Precinct 4,Gloria H. Emmons,180
99,DEM Trustee Comstock Charter Township,Comstock Township Precinct 4,David Joling,165
99,DEM Trustee Comstock Charter Township,Comstock Township Precinct 4,Jason Knight,167
99,DEM Trustee Comstock Charter Township,Comstock Township Precinct 4,Robert Reilman,165
99,DEM Trustee Comstock Charter Township,Comstock Township Precinct 4,Write-in,0
99,DEM Trustee Comstock Charter Township,Comstock Township Precinct 5,Gloria H. Emmons,253
99,DEM Trustee Comstock Charter Township,Comstock Township Precinct 5,David Joling,221
99,DEM Trustee Comstock Charter Township,Comstock Township Precinct 5,Jason Knight,234
99,DEM Trustee Comstock Charter Township,Comstock Township Precinct 5,Robert Reilman,224
99,DEM Trustee Comstock Charter Township,Comstock Township Precinct 5,Write-in,1
99,DEM Trustee Comstock Charter Township,Comstock Township Precinct 6,Gloria H. Emmons,193
99,DEM Trustee Comstock Charter Township,Comstock Township Precinct 6,David Joling,182
99,DEM Trustee Comstock Charter Township,Comstock Township Precinct 6,Jason Knight,182
99,DEM Trustee Comstock Charter Township,Comstock Township Precinct 6,Robert Reilman,179
99,DEM Trustee Comstock Charter Township,Comstock Township Precinct 6,Write-in,1
99,DEM Trustee Comstock Charter Township,Comstock Township Precinct 7,Gloria H. Emmons,199
99,DEM Trustee Comstock Charter Township,Comstock Township Precinct 7,David Joling,150
99,DEM Trustee Comstock Charter Township,Comstock Township Precinct 7,Jason Knight,164
99,DEM Trustee Comstock Charter Township,Comstock Township Precinct 7,Robert Reilman,150
99,DEM Trustee Comstock Charter Township,Comstock Township Precinct 7,Write-in,7
100,DEM Trustee Cooper Charter Township,Cooper Township Precinct 1,Scott Markham,138
100,DEM Trustee Cooper Charter Township,Cooper Township Precinct 1,Write-in,4
100,DEM Trustee Cooper Charter Township,Cooper Township Precinct 2,Scott Markham,157
100,DEM Trustee Cooper Charter Township,Cooper Township Precinct 2,Write-in,7
100,DEM Trustee Cooper Charter Township,Cooper Township Precinct 3,Scott Markham,292
100,DEM Trustee Cooper Charter Township,Cooper Township Precinct 3,Write-in,7
100,DEM Trustee Cooper Charter Township,Cooper Township Precinct 4,Scott Markham,301
100,DEM Trustee Cooper Charter Township,Cooper Township Precinct 4,Write-in,0
100,DEM Trustee Cooper Charter Township,Cooper Township Precinct 5,Scott Markham,68
100,DEM Trustee Cooper Charter Township,Cooper Township Precinct 5,Write-in,3
101,DEM Trustee Kalamazoo Charter Township,Kalamazoo Township Precinct 1,George E. Cochran,19
101,DEM Trustee Kalamazoo Charter Township,Kalamazoo Township Precinct 1,Ashley M. Glass,27
101,DEM Trustee Kalamazoo Charter Township,Kalamazoo Township Precinct 1,Steven Leuty,21
101,DEM Trustee Kalamazoo Charter Township,Kalamazoo Township Precinct 1,Lisa Moaiery,23
101,DEM Trustee Kalamazoo Charter Township,Kalamazoo Township Precinct 1,Clara D. Robinson,23
101,DEM Trustee Kalamazoo Charter Township,Kalamazoo Township Precinct 1,Write-in,0
101,DEM Trustee Kalamazoo Charter Township,Kalamazoo Township Precinct 2,George E. Cochran,85
101,DEM Trustee Kalamazoo Charter Township,Kalamazoo Township Precinct 2,Ashley M. Glass,130
101,DEM Trustee Kalamazoo Charter Township,Kalamazoo Township Precinct 2,Steven Leuty,87
101,DEM Trustee Kalamazoo Charter Township,Kalamazoo Township Precinct 2,Lisa Moaiery,106
101,DEM Trustee Kalamazoo Charter Township,Kalamazoo Township Precinct 2,Clara D. Robinson,111
101,DEM Trustee Kalamazoo Charter Township,Kalamazoo Township Precinct 2,Write-in,1
101,DEM Trustee Kalamazoo Charter Township,Kalamazoo Township Precinct 3,George E. Cochran,315
101,DEM Trustee Kalamazoo Charter Township,Kalamazoo Township Precinct 3,Ashley M. Glass,447
101,DEM Trustee Kalamazoo Charter Township,Kalamazoo Township Precinct 3,Steven Leuty,336
101,DEM Trustee Kalamazoo Charter Township,Kalamazoo Township Precinct 3,Lisa Moaiery,450
101,DEM Trustee Kalamazoo Charter Township,Kalamazoo Township Precinct 3,Clara D. Robinson,461
101,DEM Trustee Kalamazoo Charter Township,Kalamazoo Township Precinct 3,Write-in,4
101,DEM Trustee Kalamazoo Charter Township,Kalamazoo Township Precinct 4,George E. Cochran,194
101,DEM Trustee Kalamazoo Charter Township,Kalamazoo Township Precinct 4,Ashley M. Glass,283
101,DEM Trustee Kalamazoo Charter Township,Kalamazoo Township Precinct 4,Steven Leuty,219
101,DEM Trustee Kalamazoo Charter Township,Kalamazoo Township Precinct 4,Lisa Moaiery,275
101,DEM Trustee Kalamazoo Charter Township,Kalamazoo Township Precinct 4,Clara D. Robinson,307
101,DEM Trustee Kalamazoo Charter Township,Kalamazoo Township Precinct 4,Write-in,10
101,DEM Trustee Kalamazoo Charter Township,Kalamazoo Township Precinct 5,George E. Cochran,181
101,DEM Trustee Kalamazoo Charter Township,Kalamazoo Township Precinct 5,Ashley M. Glass,259
101,DEM Trustee Kalamazoo Charter Township,Kalamazoo Township Precinct 5,Steven Leuty,174
101,DEM Trustee Kalamazoo Charter Township,Kalamazoo Township Precinct 5,Lisa Moaiery,220
101,DEM Trustee Kalamazoo Charter Township,Kalamazoo Township Precinct 5,Clara D. Robinson,254
101,DEM Trustee Kalamazoo Charter Township,Kalamazoo Township Precinct 5,Write-in,5
101,DEM Trustee Kalamazoo Charter Township,Kalamazoo Township Precinct 6,George E. Cochran,184
101,DEM Trustee Kalamazoo Charter Township,Kalamazoo Township Precinct 6,Ashley M. Glass,289
101,DEM Trustee Kalamazoo Charter Township,Kalamazoo Township Precinct 6,Steven Leuty,202
101,DEM Trustee Kalamazoo Charter Township,Kalamazoo Township Precinct 6,Lisa Moaiery,242
101,DEM Trustee Kalamazoo Charter Township,Kalamazoo Township Precinct 6,Clara D. Robinson,260
101,DEM Trustee Kalamazoo Charter Township,Kalamazoo Township Precinct 6,Write-in,1
101,DEM Trustee Kalamazoo Charter Township,Kalamazoo Township Precinct 7,George E. Cochran,274
101,DEM Trustee Kalamazoo Charter Township,Kalamazoo Township Precinct 7,Ashley M. Glass,390
101,DEM Trustee Kalamazoo Charter Township,Kalamazoo Township Precinct 7,Steven Leuty,267
101,DEM Trustee Kalamazoo Charter Township,Kalamazoo Township Precinct 7,Lisa Moaiery,347
101,DEM Trustee Kalamazoo Charter Township,Kalamazoo Township Precinct 7,Clara D. Robinson,368
101,DEM Trustee Kalamazoo Charter Township,Kalamazoo Township Precinct 7,Write-in,0
101,DEM Trustee Kalamazoo Charter Township,Kalamazoo Township Precinct 8,George E. Cochran,127
101,DEM Trustee Kalamazoo Charter Township,Kalamazoo Township Precinct 8,Ashley M. Glass,167
101,DEM Trustee Kalamazoo Charter Township,Kalamazoo Township Precinct 8,Steven Leuty,126
101,DEM Trustee Kalamazoo Charter Township,Kalamazoo Township Precinct 8,Lisa Moaiery,156
101,DEM Trustee Kalamazoo Charter Township,Kalamazoo Township Precinct 8,Clara D. Robinson,172
101,DEM Trustee Kalamazoo Charter Township,Kalamazoo Township Precinct 8,Write-in,5
101,DEM Trustee Kalamazoo Charter Township,Kalamazoo Township Precinct 9,George E. Cochran,100
101,DEM Trustee Kalamazoo Charter Township,Kalamazoo Township Precinct 9,Ashley M. Glass,150
101,DEM Trustee Kalamazoo Charter Township,Kalamazoo Township Precinct 9,Steven Leuty,97
101,DEM Trustee Kalamazoo Charter Township,Kalamazoo Township Precinct 9,Lisa Moaiery,143
101,DEM Trustee Kalamazoo Charter Township,Kalamazoo Township Precinct 9,Clara D. Robinson,150
101,DEM Trustee Kalamazoo Charter Township,Kalamazoo Township Precinct 9,Write-in,1
101,DEM Trustee Kalamazoo Charter Township,Kalamazoo Township Precinct 10,George E. Cochran,143
101,DEM Trustee Kalamazoo Charter Township,Kalamazoo Township Precinct 10,Ashley M. Glass,214
101,DEM Trustee Kalamazoo Charter Township,Kalamazoo Township Precinct 10,Steven Leuty,112
101,DEM Trustee Kalamazoo Charter Township,Kalamazoo Township Precinct 10,Lisa Moaiery,190
101,DEM Trustee Kalamazoo Charter Township,Kalamazoo Township Precinct 10,Clara D. Robinson,247
101,DEM Trustee Kalamazoo Charter Township,Kalamazoo Township Precinct 10,Write-in,3
102,DEM Trustee Oshtemo Charter Township,Oshtemo Township Precinct 1,Cheri Bell,194
102,DEM Trustee Oshtemo Charter Township,Oshtemo Township Precinct 1,Kizzy N. Bradford,161
102,DEM Trustee Oshtemo Charter Township,Oshtemo Township Precinct 1,Kristin Cole,183
102,DEM Trustee Oshtemo Charter Township,Oshtemo Township Precinct 1,Zak Ford,146
102,DEM Trustee Oshtemo Charter Township,Oshtemo Township Precinct 1,Jon French,64
102,DEM Trustee Oshtemo Charter Township,Oshtemo Township Precinct 1,Brian E. Paxson,75
102,DEM Trustee Oshtemo Charter Township,Oshtemo Township Precinct 1,James E. Sebree,31
102,DEM Trustee Oshtemo Charter Township,Oshtemo Township Precinct 1,Brad Solarek,69
102,DEM Trustee Oshtemo Charter Township,Oshtemo Township Precinct 1,Louis Andrae Williams,86
102,DEM Trustee Oshtemo Charter Township,Oshtemo Township Precinct 1,Write-in,0
102,DEM Trustee Oshtemo Charter Township,Oshtemo Township Precinct 2,Cheri Bell,362
102,DEM Trustee Oshtemo Charter Township,Oshtemo Township Precinct 2,Kizzy N. Bradford,298
102,DEM Trustee Oshtemo Charter Township,Oshtemo Township Precinct 2,Kristin Cole,325
102,DEM Trustee Oshtemo Charter Township,Oshtemo Township Precinct 2,Zak Ford,253
102,DEM Trustee Oshtemo Charter Township,Oshtemo Township Precinct 2,Jon French,158
102,DEM Trustee Oshtemo Charter Township,Oshtemo Township Precinct 2,Brian E. Paxson,150
102,DEM Trustee Oshtemo Charter Township,Oshtemo Township Precinct 2,James E. Sebree,53
102,DEM Trustee Oshtemo Charter Township,Oshtemo Township Precinct 2,Brad Solarek,127
102,DEM Trustee Oshtemo Charter Township,Oshtemo Township Precinct 2,Louis Andrae Williams,143
102,DEM Trustee Oshtemo Charter Township,Oshtemo Township Precinct 2,Write-in,1
102,DEM Trustee Oshtemo Charter Township,Oshtemo Township Precinct 3,Cheri Bell,291
102,DEM Trustee Oshtemo Charter Township,Oshtemo Township Precinct 3,Kizzy N. Bradford,253
102,DEM Trustee Oshtemo Charter Township,Oshtemo Township Precinct 3,Kristin Cole,255
102,DEM Trustee Oshtemo Charter Township,Oshtemo Township Precinct 3,Zak Ford,222
102,DEM Trustee Oshtemo Charter Township,Oshtemo Township Precinct 3,Jon French,251
102,DEM Trustee Oshtemo Charter Township,Oshtemo Township Precinct 3,Brian E. Paxson,305
102,DEM Trustee Oshtemo Charter Township,Oshtemo Township Precinct 3,James E. Sebree,79
102,DEM Trustee Oshtemo Charter Township,Oshtemo Township Precinct 3,Brad Solarek,291
102,DEM Trustee Oshtemo Charter Township,Oshtemo Township Precinct 3,Louis Andrae Williams,339
102,DEM Trustee Oshtemo Charter Township,Oshtemo Township Precinct 3,Write-in,4
102,DEM Trustee Oshtemo Charter Township,Oshtemo Township Precinct 4,Cheri Bell,283
102,DEM Trustee Oshtemo Charter Township,Oshtemo Township Precinct 4,Kizzy N. Bradford,247
102,DEM Trustee Oshtemo Charter Township,Oshtemo Township Precinct 4,Kristin Cole,289
102,DEM Trustee Oshtemo Charter Township,Oshtemo Township Precinct 4,Zak Ford,225
102,DEM Trustee Oshtemo Charter Township,Oshtemo Township Precinct 4,Jon French,134
102,DEM Trustee Oshtemo Charter Township,Oshtemo Township Precinct 4,Brian E. Paxson,171
102,DEM Trustee Oshtemo Charter Township,Oshtemo Township Precinct 4,James E. Sebree,57
102,DEM Trustee Oshtemo Charter Township,Oshtemo Township Precinct 4,Brad Solarek,135
102,DEM Trustee Oshtemo Charter Township,Oshtemo Township Precinct 4,Louis Andrae Williams,179
102,DEM Trustee Oshtemo Charter Township,Oshtemo Township Precinct 4,Write-in,2
102,DEM Trustee Oshtemo Charter Township,Oshtemo Township Precinct 5,Cheri Bell,176
102,DEM Trustee Oshtemo Charter Township,Oshtemo Township Precinct 5,Kizzy N. Bradford,152
102,DEM Trustee Oshtemo Charter Township,Oshtemo Township Precinct 5,Kristin Cole,163
102,DEM Trustee Oshtemo Charter Township,Oshtemo Township Precinct 5,Zak Ford,93
102,DEM Trustee Oshtemo Charter Township,Oshtemo Township Precinct 5,Jon French,57
102,DEM Trustee Oshtemo Charter Township,Oshtemo Township Precinct 5,Brian E. Paxson,52
102,DEM Trustee Oshtemo Charter Township,Oshtemo Township Precinct 5,James E. Sebree,45
102,DEM Trustee Oshtemo Charter Township,Oshtemo Township Precinct 5,Brad Solarek,44
102,DEM Trustee Oshtemo Charter Township,Oshtemo Township Precinct 5,Louis Andrae Williams,73
102,DEM Trustee Oshtemo Charter Township,Oshtemo Township Precinct 5,Write-in,0
102,DEM Trustee Oshtemo Charter Township,Oshtemo Township Precinct 6,Cheri Bell,224
102,DEM Trustee Oshtemo Charter Township,Oshtemo Township Precinct 6,Kizzy N. Bradford,172
102,DEM Trustee Oshtemo Charter Township,Oshtemo Township Precinct 6,Kristin Cole,216
102,DEM Trustee Oshtemo Charter Township,Oshtemo Township Precinct 6,Zak Ford,138
102,DEM Trustee Oshtemo Charter Township,Oshtemo Township Precinct 6,Jon French,128
102,DEM Trustee Oshtemo Charter Township,Oshtemo Township Precinct 6,Brian E. Paxson,154
102,DEM Trustee Oshtemo Charter Township,Oshtemo Township Precinct 6,James E. Sebree,63
102,DEM Trustee Oshtemo Charter Township,Oshtemo Township Precinct 6,Brad Solarek,132
102,DEM Trustee Oshtemo Charter Township,Oshtemo Township Precinct 6,Louis Andrae Williams,141
102,DEM Trustee Oshtemo Charter Township,Oshtemo Township Precinct 6,Write-in,4
102,DEM Trustee Oshtemo Charter Township,Oshtemo Township Precinct 7,Cheri Bell,240
102,DEM Trustee Oshtemo Charter Township,Oshtemo Township Precinct 7,Kizzy N. Bradford,153
102,DEM Trustee Oshtemo Charter Township,Oshtemo Township Precinct 7,Kristin Cole,191
102,DEM Trustee Oshtemo Charter Township,Oshtemo Township Precinct 7,Zak Ford,122
102,DEM Trustee Oshtemo Charter Township,Oshtemo Township Precinct 7,Jon French,74
102,DEM Trustee Oshtemo Charter Township,Oshtemo Township Precinct 7,Brian E. Paxson,94
102,DEM Trustee Oshtemo Charter Township,Oshtemo Township Precinct 7,James E. Sebree,71
102,DEM Trustee Oshtemo Charter Township,Oshtemo Township Precinct 7,Brad Solarek,89
102,DEM Trustee Oshtemo Charter Township,Oshtemo Township Precinct 7,Louis Andrae Williams,108
102,DEM Trustee Oshtemo Charter Township,Oshtemo Township Precinct 7,Write-in,0
102,DEM Trustee Oshtemo Charter Township,Oshtemo Township Precinct 8,Cheri Bell,145
102,DEM Trustee Oshtemo Charter Township,Oshtemo Township Precinct 8,Kizzy N. Bradford,105
102,DEM Trustee Oshtemo Charter Township,Oshtemo Township Precinct 8,Kristin Cole,129
102,DEM Trustee Oshtemo Charter Township,Oshtemo Township Precinct 8,Zak Ford,85
102,DEM Trustee Oshtemo Charter Township,Oshtemo Township Precinct 8,Jon French,42
102,DEM Trustee Oshtemo Charter Township,Oshtemo Township Precinct 8,Brian E. Paxson,44
102,DEM Trustee Oshtemo Charter Township,Oshtemo Township Precinct 8,James E. Sebree,29
102,DEM Trustee Oshtemo Charter Township,Oshtemo Township Precinct 8,Brad Solarek,49
102,DEM Trustee Oshtemo Charter Township,Oshtemo Township Precinct 8,Louis Andrae Williams,59
102,DEM Trustee Oshtemo Charter Township,Oshtemo Township Precinct 8,Write-in,3
102,DEM Trustee Oshtemo Charter Township,Oshtemo Township Precinct 9,Cheri Bell,265
102,DEM Trustee Oshtemo Charter Township,Oshtemo Township Precinct 9,Kizzy N. Bradford,241
102,DEM Trustee Oshtemo Charter Township,Oshtemo Township Precinct 9,Kristin Cole,246
102,DEM Trustee Oshtemo Charter Township,Oshtemo Township Precinct 9,Zak Ford,194
102,DEM Trustee Oshtemo Charter Township,Oshtemo Township Precinct 9,Jon French,143
102,DEM Trustee Oshtemo Charter Township,Oshtemo Township Precinct 9,Brian E. Paxson,169
102,DEM Trustee Oshtemo Charter Township,Oshtemo Township Precinct 9,James E. Sebree,61
102,DEM Trustee Oshtemo Charter Township,Oshtemo Township Precinct 9,Brad Solarek,147
102,DEM Trustee Oshtemo Charter Township,Oshtemo Township Precinct 9,Louis Andrae Williams,203
102,DEM Trustee Oshtemo Charter Township,Oshtemo Township Precinct 9,Write-in,3
102,DEM Trustee Oshtemo Charter Township,Oshtemo Township Precinct 10,Cheri Bell,124
102,DEM Trustee Oshtemo Charter Township,Oshtemo Township Precinct 10,Kizzy N. Bradford,96
102,DEM Trustee Oshtemo Charter Township,Oshtemo Township Precinct 10,Kristin Cole,114
102,DEM Trustee Oshtemo Charter Township,Oshtemo Township Precinct 10,Zak Ford,84
102,DEM Trustee Oshtemo Charter Township,Oshtemo Township Precinct 10,Jon French,72
102,DEM Trustee Oshtemo Charter Township,Oshtemo Township Precinct 10,Brian E. Paxson,78
102,DEM Trustee Oshtemo Charter Township,Oshtemo Township Precinct 10,James E. Sebree,27
102,DEM Trustee Oshtemo Charter Township,Oshtemo Township Precinct 10,Brad Solarek,76
102,DEM Trustee Oshtemo Charter Township,Oshtemo Township Precinct 10,Louis Andrae Williams,85
102,DEM Trustee Oshtemo Charter Township,Oshtemo Township Precinct 10,Write-in,0
103,DEM Trustee Richland Township,Richland Township Precinct 1,Nicole Speedy,292
103,DEM Trustee Richland Township,Richland Township Precinct 1,Write-in,0
103,DEM Trustee Richland Township,Richland Township Precinct 2,Nicole Speedy,184
103,DEM Trustee Richland Township,Richland Township Precinct 2,Write-in,0
103,DEM Trustee Richland Township,Richland Township Precinct 3,Nicole Speedy,325
103,DEM Trustee Richland Township,Richland Township Precinct 3,Write-in,11
104,DEM Trustee Ross Township,Ross Township Precinct 1,Write-in,38
104,DEM Trustee Ross Township,Ross Township Precinct 2,Write-in,23
105,DEM Trustee Texas Charter Township,Texas Township Precinct 1,Barb Hammon,265
105,DEM Trustee Texas Charter Township,Texas Township Precinct 1,Jim Kiszka,203
105,DEM Trustee Texas Charter Township,Texas Township Precinct 1,Write-in,5
105,DEM Trustee Texas Charter Township,Texas Township Precinct 2,Barb Hammon,202
105,DEM Trustee Texas Charter Township,Texas Township Precinct 2,Jim Kiszka,175
105,DEM Trustee Texas Charter Township,Texas Township Precinct 2,Write-in,0
105,DEM Trustee Texas Charter Township,Texas Township Precinct 3,Barb Hammon,309
105,DEM Trustee Texas Charter Township,Texas Township Precinct 3,Jim Kiszka,225
105,DEM Trustee Texas Charter Township,Texas Township Precinct 3,Write-in,3
105,DEM Trustee Texas Charter Township,Texas Township Precinct 4,Barb Hammon,360
105,DEM Trustee Texas Charter Township,Texas Township Precinct 4,Jim Kiszka,289
105,DEM Trustee Texas Charter Township,Texas Township Precinct 4,Write-in,9
105,DEM Trustee Texas Charter Township,Texas Township Precinct 5,Barb Hammon,418
105,DEM Trustee Texas Charter Township,Texas Township Precinct 5,Jim Kiszka,336
105,DEM Trustee Texas Charter Township,Texas Township Precinct 5,Write-in,8
105,DEM Trustee Texas Charter Township,Texas Township Precinct 6,Barb Hammon,328
105,DEM Trustee Texas Charter Township,Texas Township Precinct 6,Jim Kiszka,273
105,DEM Trustee Texas Charter Township,Texas Township Precinct 6,Write-in,1
106,DEM Trustee Alamo Township,Alamo 1,Write-in,10
106,DEM Trustee Alamo Township,Alamo Township Precinct 2,Write-in,17
107,DEM Trustee Brady Township,Brady Township Precinct 1,Write-in,20
107,DEM Trustee Brady Township,Brady Township Precinct 2,Write-in,22
108,DEM Trustee Charleston Township,Charleston Township Precinct 1,Write-in,23
109,DEM Trustee Climax Township,Climax Township Precinct 1,Write-in,4
110,DEM Trustee Pavilion Township,Pavilion Township Precinct 1,Write-in,31
110,DEM Trustee Pavilion Township,Pavilion Township Precinct 2,Write-in,19
110,DEM Trustee Pavilion Township,Pavilion Township Precinct 3,Write-in,18
111,DEM Trustee Prairie Ronde Township,Prairie Ronde Township Precinct 1,Write-in,26
112,DEM Trustee Schoolcraft Township,Schoolcraft Township Precinct 1,Write-in,28
112,DEM Trustee Schoolcraft Township,Schoolcraft Township Precinct 2,Write-in,12
112,DEM Trustee Schoolcraft Township,Schoolcraft Township Precinct 3,Write-in,58
112,DEM Trustee Schoolcraft Township,Schoolcraft Township Precinct 4,Write-in,11
113,DEM Trustee Wakeshma Township,Wakeshma Township Precinct 1,Write-in,9
114,DEM Park Commissioner Comstock Charter Township,Comstock Township Precinct 1,Marc Rizzolo,156
114,DEM Park Commissioner Comstock Charter Township,Comstock Township Precinct 1,Teresa L. Young,196
114,DEM Park Commissioner Comstock Charter Township,Comstock Township Precinct 1,Write-in,2
114,DEM Park Commissioner Comstock Charter Township,Comstock Township Precinct 2,Marc Rizzolo,199
114,DEM Park Commissioner Comstock Charter Township,Comstock Township Precinct 2,Teresa L. Young,255
114,DEM Park Commissioner Comstock Charter Township,Comstock Township Precinct 2,Write-in,7
114,DEM Park Commissioner Comstock Charter Township,Comstock Township Precinct 3,Marc Rizzolo,137
114,DEM Park Commissioner Comstock Charter Township,Comstock Township Precinct 3,Teresa L. Young,182
114,DEM Park Commissioner Comstock Charter Township,Comstock Township Precinct 3,Write-in,2
114,DEM Park Commissioner Comstock Charter Township,Comstock Township Precinct 4,Marc Rizzolo,159
114,DEM Park Commissioner Comstock Charter Township,Comstock Township Precinct 4,Teresa L. Young,192
114,DEM Park Commissioner Comstock Charter Township,Comstock Township Precinct 4,Write-in,1
114,DEM Park Commissioner Comstock Charter Township,Comstock Township Precinct 5,Marc Rizzolo,210
114,DEM Park Commissioner Comstock Charter Township,Comstock Township Precinct 5,Teresa L. Young,234
114,DEM Park Commissioner Comstock Charter Township,Comstock Township Precinct 5,Write-in,0
114,DEM Park Commissioner Comstock Charter Township,Comstock Township Precinct 6,Marc Rizzolo,173
114,DEM Park Commissioner Comstock Charter Township,Comstock Township Precinct 6,Teresa L. Young,195
114,DEM Park Commissioner Comstock Charter Township,Comstock Township Precinct 6,Write-in,4
114,DEM Park Commissioner Comstock Charter Township,Comstock Township Precinct 7,Marc Rizzolo,145
114,DEM Park Commissioner Comstock Charter Township,Comstock Township Precinct 7,Teresa L. Young,196
114,DEM Park Commissioner Comstock Charter Township,Comstock Township Precinct 7,Write-in,12
115,"DEM Delegate Alamo Township, Precinct 1",Alamo 1,Write-in,14
116,"DEM Delegate Alamo Township, Precinct 2",Alamo Township Precinct 2,Write-in,17
117,"DEM Delegate Brady Township, Precinct 1",Brady Township Precinct 1,Write-in,22
118,"DEM Delegate Brady Township, Precinct 2",Brady Township Precinct 2,Write-in,24
119,"DEM Delegate Charleston Township, Precinct 1",Charleston Township Precinct 1,Write-in,29
120,"DEM Delegate Climax Township, Precinct 1",Climax Township Precinct 1,Write-in,5
121,"DEM Delegate Comstock Township, Precinct 3",Comstock Township Precinct 3,Write-in,23
122,"DEM Delegate Comstock Township, Precinct 4",Comstock Township Precinct 4,Write-in,7
123,"DEM Delegate Comstock Township, Precinct 6",Comstock Township Precinct 6,Write-in,8
124,"DEM Delegate Cooper Township, Precinct 1",Cooper Township Precinct 1,Write-in,18
125,"DEM Delegate Cooper Township, Precinct 2",Cooper Township Precinct 2,Write-in,11
126,"DEM Delegate Cooper Township, Precinct 5",Cooper Township Precinct 5,Write-in,14
127,"DEM Delegate Kalamazoo Township, Precinct 1",Kalamazoo Township Precinct 1,Write-in,4
128,"DEM Delegate Kalamazoo Township, Precinct 2",Kalamazoo Township Precinct 2,Write-in,21
129,"DEM Delegate Kalamazoo Township, Precinct 9",Kalamazoo Township Precinct 9,Write-in,25
130,"DEM Delegate Oshtemo Township, Precinct 1",Oshtemo Township Precinct 1,Write-in,12
131,"DEM Delegate Oshtemo Township, Precinct 8",Oshtemo Township Precinct 8,Write-in,23
132,"DEM Delegate Oshtemo Township, Precinct 10",Oshtemo Township Precinct 10,Write-in,7
133,"DEM Delegate Pavilion Township, Precinct 2",Pavilion Township Precinct 2,Write-in,18
134,"DEM Delegate Pavilion Township, Precinct 3",Pavilion Township Precinct 3,Brian O'Donnell,134
134,"DEM Delegate Pavilion Township, Precinct 3",Pavilion Township Precinct 3,Write-in,7
135,"DEM Delegate Prairie Ronde Township, Precinct 1",Prairie Ronde Township Precinct 1,Write-in,23
136,"DEM Delegate Richland Township, Precinct 2",Richland Township Precinct 2,Write-in,2
137,"DEM Delegate Ross Township, Precinct 1",Ross Township Precinct 1,Write-in,22
138,"DEM Delegate Ross Township, Precinct 2",Ross Township Precinct 2,Write-in,14
139,"DEM Delegate Schoolcraft Township, Precinct 1",Schoolcraft Township Precinct 1,Write-in,29
140,"DEM Delegate Schoolcraft Township, Precinct 2",Schoolcraft Township Precinct 2,Write-in,13
141,"DEM Delegate Schoolcraft Township, Precinct 4",Schoolcraft Township Precinct 4,Write-in,11
142,"DEM Delegate Wakeshma Township, Precinct 1",Wakeshma Township Precinct 1,Write-in,7
143,"DEM Delegate Galesburg City, Precinct 1",Galesburg City Precinct 1,Write-in,15
144,"DEM Delegate Kalamazoo City, Precinct 4",Kalamazoo City Precinct 4,Write-in,16
145,"DEM Delegate Kalamazoo City, Precinct 13",Kalamazoo City Precinct 13,Write-in,46
146,"DEM Delegate Kalamazoo City, Precinct 14",Kalamazoo City Precinct 14,Write-in,39
147,"DEM Delegate Kalamazoo City, Precinct 23",Kalamazoo City Precinct 23,Write-in,41
148,"DEM Delegate Kalamazoo City, Precinct 27",Kalamazoo City Precinct 27,Write-in,41
149,"DEM Delegate Parchment City, Precinct 1",Parchment City Precinct 1,Write-in,36
150,"DEM Delegate Portage City, Precinct 2",Portage City Precinct 2,Write-in,3
151,"DEM Delegate Comstock Township, Precinct 1",Comstock Township Precinct 1,Write-in,9
152,"DEM Delegate Comstock Township, Precinct 2",Comstock Township Precinct 2,Write-in,30
153,"DEM Delegate Comstock Township, Precinct 5",Comstock Township Precinct 5,Write-in,10
154,"DEM Delegate Comstock Township, Precinct 7",Comstock Township Precinct 7,Write-in,26
155,"DEM Delegate Cooper Township, Precinct 4",Cooper Township Precinct 4,Write-in,15
156,"DEM Delegate Kalamazoo Township, Precinct 8",Kalamazoo Township Precinct 8,Write-in,29
157,"DEM Delegate Oshtemo Township, Precinct 5",Oshtemo Township Precinct 5,Patricia Fenn,225
157,"DEM Delegate Oshtemo Township, Precinct 5",Oshtemo Township Precinct 5,Write-in,7
158,"DEM Delegate Oshtemo Township, Precinct 6",Oshtemo Township Precinct 6,Jeff Parsons,328
158,"DEM Delegate Oshtemo Township, Precinct 6",Oshtemo Township Precinct 6,Write-in,5
159,"DEM Delegate Oshtemo Township, Precinct 7",Oshtemo Township Precinct 7,Write-in,26
160,"DEM Delegate Pavilion Township, Precinct 1",Pavilion Township Precinct 1,Write-in,40
161,"DEM Delegate Texas Township, Precinct 1",Texas Township Precinct 1,Write-in,13
162,"DEM Delegate Texas Township, Precinct 2",Texas Township Precinct 2,Write-in,7
163,"DEM Delegate Texas Township, Precinct 3",Texas Township Precinct 3,Matthew S. Mingus,320
163,"DEM Delegate Texas Township, Precinct 3",Texas Township Precinct 3,Write-in,6
164,"DEM Delegate Kalamazoo City, Precinct 8",Kalamazoo City Precinct 8,Write-in,98
165,"DEM Delegate Kalamazoo City, Precinct 11",Kalamazoo City Precinct 11,Write-in,89
166,"DEM Delegate Kalamazoo City, Precinct 24",Kalamazoo City Precinct 24,Creed Stegall,261
166,"DEM Delegate Kalamazoo City, Precinct 24",Kalamazoo City Precinct 24,Write-in,10
167,"DEM Delegate Portage City, Precinct 1",Portage City Precinct 1,Write-in,7
168,"DEM Delegate Portage City, Precinct 3",Portage City Precinct 3,Write-in,4
169,"DEM Delegate Portage City, Precinct 4",Portage City Precinct 4,Write-in,6
170,"DEM Delegate Portage City, Precinct 5",Portage City Precinct 5,Write-in,11
171,"DEM Delegate Portage City, Precinct 6",Portage City Precinct 6,Write-in,24
172,"DEM Delegate Portage City, Precinct 9",Portage City Precinct 9,Write-in,10
173,"DEM Delegate Portage City, Precinct 10",Portage City Precinct 10,Write-in,8
174,"DEM Delegate Portage City, Precinct 14",Portage City Precinct 14,Write-in,85
175,"DEM Delegate Portage City, Precinct 15",Portage City Precinct 15,Write-in,10
176,"DEM Delegate Portage City, Precinct 17",Portage City Precinct 17,Write-in,8
177,"DEM Delegate Portage City, Precinct 19",Portage City Precinct 19,Stacy Danielson,332
177,"DEM Delegate Portage City, Precinct 19",Portage City Precinct 19,Write-in,10
178,"DEM Delegate Portage City, Precinct 20",Portage City Precinct 20,Write-in,6
179,"DEM Delegate Cooper Township, Precinct 3",Cooper Township Precinct 3,Write-in,40
180,"DEM Delegate Kalamazoo Township, Precinct 4",Kalamazoo Township Precinct 4,Mark E. Miller,429
180,"DEM Delegate Kalamazoo Township, Precinct 4",Kalamazoo Township Precinct 4,Write-in,8
181,"DEM Delegate Kalamazoo Township, Precinct 5",Kalamazoo Township Precinct 5,Write-in,1
182,"DEM Delegate Kalamazoo Township, Precinct 6",Kalamazoo Township Precinct 6,Write-in,14
183,"DEM Delegate Kalamazoo Township, Precinct 7",Kalamazoo Township Precinct 7,Write-in,0
184,"DEM Delegate Kalamazoo Township, Precinct 10",Kalamazoo Township Precinct 10,Write-in,33
185,"DEM Delegate Oshtemo Township, Precinct 2",Oshtemo Township Precinct 2,Write-in,36
186,"DEM Delegate Oshtemo Township, Precinct 3",Oshtemo Township Precinct 3,Write-in,35
187,"DEM Delegate Oshtemo Township, Precinct 4",Oshtemo Township Precinct 4,Write-in,41
188,"DEM Delegate Oshtemo Township, Precinct 9",Oshtemo Township Precinct 9,Write-in,20
189,"DEM Delegate Richland Township, Precinct 1",Richland Township Precinct 1,Write-in,1
190,"DEM Delegate Richland Township, Precinct 3",Richland Township Precinct 3,Write-in,32
191,"DEM Delegate Schoolcraft Township, Precinct 3",Schoolcraft Township Precinct 3,Write-in,103
192,"DEM Delegate Texas Township, Precinct 4",Texas Township Precinct 4,Write-in,18
193,"DEM Delegate Texas Township, Precinct 5",Texas Township Precinct 5,Write-in,27
194,"DEM Delegate Texas Township, Precinct 6",Texas Township Precinct 6,Write-in,17
195,"DEM Delegate Kalamazoo City, Precinct 1",Kalamazoo City Precinct 1,Write-in,62
196,"DEM Delegate Kalamazoo City, Precinct 3",Kalamazoo City Precinct 3,Angel Johnston,270
196,"DEM Delegate Kalamazoo City, Precinct 3",Kalamazoo City Precinct 3,R. Vincent Lavieri,185
196,"DEM Delegate Kalamazoo City, Precinct 3",Kalamazoo City Precinct 3,Write-in,12
197,"DEM Delegate Kalamazoo City, Precinct 6",Kalamazoo City Precinct 6,Write-in,65
198,"DEM Delegate Kalamazoo City, Precinct 9",Kalamazoo City Precinct 9,Write-in,146
199,"DEM Delegate Kalamazoo City, Precinct 10",Kalamazoo City Precinct 10,Sharon Spears,402
199,"DEM Delegate Kalamazoo City, Precinct 10",Kalamazoo City Precinct 10,Write-in,17
200,"DEM Delegate Kalamazoo City, Precinct 15",Kalamazoo City Precinct 15,Write-in,134
201,"DEM Delegate Kalamazoo City, Precinct 16",Kalamazoo City Precinct 16,Write-in,111
202,"DEM Delegate Kalamazoo City, Precinct 17",Kalamazoo City Precinct 17,Write-in,42
203,"DEM Delegate Kalamazoo City, Precinct 18",Kalamazoo City Precinct 18,Write-in,50
204,"DEM Delegate Kalamazoo City, Precinct 19",Kalamazoo City Precinct 19,Write-in,66
205,"DEM Delegate Kalamazoo City, Precinct 21",Kalamazoo City Precinct 21,Write-in,102
206,"DEM Delegate Kalamazoo City, Precinct 25",Kalamazoo City Precinct 25,Write-in,37
207,"DEM Delegate Kalamazoo City, Precinct 26",Kalamazoo City Precinct 26,Write-in,97
208,"DEM Delegate Portage City, Precinct 8",Portage City Precinct 8,Sarah O. Joshi,401
208,"DEM Delegate Portage City, Precinct 8",Portage City Precinct 8,Write-in,2
209,"DEM Delegate Portage City, Precinct 11",Portage City Precinct 11,Write-in,15
210,"DEM Delegate Portage City, Precinct 12",Portage City Precinct 12,Write-in,64
211,"DEM Delegate Portage City, Precinct 16",Portage City Precinct 16,Write-in,74
212,"DEM Delegate Portage City, Precinct 18",Portage City Precinct 18,Write-in,11
213,"DEM Delegate Kalamazoo City, Precinct 7",Kalamazoo City Precinct 7,John Curran,348
213,"DEM Delegate Kalamazoo City, Precinct 7",Kalamazoo City Precinct 7,Write-in,34
214,"DEM Delegate Kalamazoo City, Precinct 12",Kalamazoo City Precinct 12,Write-in,125
215,"DEM Delegate Kalamazoo City, Precinct 22",Kalamazoo City Precinct 22,Write-in,61
216,"DEM Delegate Portage City, Precinct 7",Portage City Precinct 7,Write-in,2
217,"DEM Delegate Portage City, Precinct 13",Portage City Precinct 13,Write-in,119
218,"DEM Delegate Kalamazoo Township, Precinct 3",Kalamazoo Township Precinct 3,Write-in,42
219,"DEM Delegate Kalamazoo City, Precinct 2",Kalamazoo City Precinct 2,Write-in,19
220,"DEM Delegate Kalamazoo City, Precinct 5",Kalamazoo City Precinct 5,Write-in,134
221,"DEM Delegate Kalamazoo City, Precinct 20",Kalamazoo City Precinct 20,Write-in,96
222,REP Supervisor Alamo Township,Alamo 1,Gail VanderWeele,233
222,REP Supervisor Alamo Township,Alamo 1,Write-in,5
222,REP Supervisor Alamo Township,Alamo Township Precinct 2,Gail VanderWeele,370
222,REP Supervisor Alamo Township,Alamo Township Precinct 2,Write-in,2
223,REP Supervisor Brady Township,Brady Township Precinct 1,Tracy Locey,290
223,REP Supervisor Brady Township,Brady Township Precinct 1,Write-in,2
223,REP Supervisor Brady Township,Brady Township Precinct 2,Tracy Locey,327
223,REP Supervisor Brady Township,Brady Township Precinct 2,Write-in,1
224,REP Supervisor Charleston Township,Charleston Township Precinct 1,Jerry VanderRoest,412
224,REP Supervisor Charleston Township,Charleston Township Precinct 1,Write-in,0
225,REP Supervisor Climax Township,Climax Township Precinct 1,Trent Piper,465
225,REP Supervisor Climax Township,Climax Township Precinct 1,Write-in,2
226,REP Supervisor Comstock Charter Township,Comstock Township Precinct 1,Christopher Daniels,276
226,REP Supervisor Comstock Charter Township,Comstock Township Precinct 1,Write-in,1
226,REP Supervisor Comstock Charter Township,Comstock Township Precinct 2,Christopher Daniels,234
226,REP Supervisor Comstock Charter Township,Comstock Township Precinct 2,Write-in,4
226,REP Supervisor Comstock Charter Township,Comstock Township Precinct 3,Christopher Daniels,193
226,REP Supervisor Comstock Charter Township,Comstock Township Precinct 3,Write-in,1
226,REP Supervisor Comstock Charter Township,Comstock Township Precinct 4,Christopher Daniels,171
226,REP Supervisor Comstock Charter Township,Comstock Township Precinct 4,Write-in,0
226,REP Supervisor Comstock Charter Township,Comstock Township Precinct 5,Christopher Daniels,207
226,REP Supervisor Comstock Charter Township,Comstock Township Precinct 5,Write-in,0
226,REP Supervisor Comstock Charter Township,Comstock Township Precinct 6,Christopher Daniels,179
226,REP Supervisor Comstock Charter Township,Comstock Township Precinct 6,Write-in,2
226,REP Supervisor Comstock Charter Township,Comstock Township Precinct 7,Christopher Daniels,69
226,REP Supervisor Comstock Charter Township,Comstock Township Precinct 7,Write-in,0
227,REP Supervisor Cooper Charter Township,Cooper Township Precinct 1,John Beebe,35
227,REP Supervisor Cooper Charter Township,Cooper Township Precinct 1,Ron Bickings,33
227,REP Supervisor Cooper Charter Township,Cooper Township Precinct 1,Diane Bushouse,16
227,REP Supervisor Cooper Charter Township,Cooper Township Precinct 1,Jeffrey R. Sorensen,103
227,REP Supervisor Cooper Charter Township,Cooper Township Precinct 1,Write-in,0
227,REP Supervisor Cooper Charter Township,Cooper Township Precinct 2,John Beebe,17
227,REP Supervisor Cooper Charter Township,Cooper Township Precinct 2,Ron Bickings,64
227,REP Supervisor Cooper Charter Township,Cooper Township Precinct 2,Diane Bushouse,35
227,REP Supervisor Cooper Charter Township,Cooper Township Precinct 2,Jeffrey R. Sorensen,173
227,REP Supervisor Cooper Charter Township,Cooper Township Precinct 2,Write-in,2
227,REP Supervisor Cooper Charter Township,Cooper Township Precinct 3,John Beebe,23
227,REP Supervisor Cooper Charter Township,Cooper Township Precinct 3,Ron Bickings,149
227,REP Supervisor Cooper Charter Township,Cooper Township Precinct 3,Diane Bushouse,75
227,REP Supervisor Cooper Charter Township,Cooper Township Precinct 3,Jeffrey R. Sorensen,225
227,REP Supervisor Cooper Charter Township,Cooper Township Precinct 3,Write-in,4
227,REP Supervisor Cooper Charter Township,Cooper Township Precinct 4,John Beebe,47
227,REP Supervisor Cooper Charter Township,Cooper Township Precinct 4,Ron Bickings,64
227,REP Supervisor Cooper Charter Township,Cooper Township Precinct 4,Diane Bushouse,50
227,REP Supervisor Cooper Charter Township,Cooper Township Precinct 4,Jeffrey R. Sorensen,342
227,REP Supervisor Cooper Charter Township,Cooper Township Precinct 4,Write-in,0
227,REP Supervisor Cooper Charter Township,Cooper Township Precinct 5,John Beebe,12
227,REP Supervisor Cooper Charter Township,Cooper Township Precinct 5,Ron Bickings,0
227,REP Supervisor Cooper Charter Township,Cooper Township Precinct 5,Diane Bushouse,8
227,REP Supervisor Cooper Charter Township,Cooper Township Precinct 5,Jeffrey R. Sorensen,9
227,REP Supervisor Cooper Charter Township,Cooper Township Precinct 5,Write-in,1
228,REP Supervisor Kalamazoo Charter Township,Kalamazoo Township Precinct 1,Write-in,9
228,REP Supervisor Kalamazoo Charter Township,Kalamazoo Township Precinct 2,Write-in,13
228,REP Supervisor Kalamazoo Charter Township,Kalamazoo Township Precinct 3,Write-in,18
228,REP Supervisor Kalamazoo Charter Township,Kalamazoo Township Precinct 4,Write-in,5
228,REP Supervisor Kalamazoo Charter Township,Kalamazoo Township Precinct 5,Write-in,8
228,REP Supervisor Kalamazoo Charter Township,Kalamazoo Township Precinct 6,Write-in,2
228,REP Supervisor Kalamazoo Charter Township,Kalamazoo Township Precinct 7,Write-in,0
228,REP Supervisor Kalamazoo Charter Township,Kalamazoo Township Precinct 8,Write-in,16
228,REP Supervisor Kalamazoo Charter Township,Kalamazoo Township Precinct 9,Write-in,10
228,REP Supervisor Kalamazoo Charter Township,Kalamazoo Township Precinct 10,Write-in,11
229,REP Supervisor Oshtemo Charter Township,Oshtemo Township Precinct 1,Write-in,21
229,REP Supervisor Oshtemo Charter Township,Oshtemo Township Precinct 2,Write-in,26
229,REP Supervisor Oshtemo Charter Township,Oshtemo Township Precinct 3,Write-in,9
229,REP Supervisor Oshtemo Charter Township,Oshtemo Township Precinct 4,Write-in,21
229,REP Supervisor Oshtemo Charter Township,Oshtemo Township Precinct 5,Write-in,6
229,REP Supervisor Oshtemo Charter Township,Oshtemo Township Precinct 6,Write-in,12
229,REP Supervisor Oshtemo Charter Township,Oshtemo Township Precinct 7,Write-in,13
229,REP Supervisor Oshtemo Charter Township,Oshtemo Township Precinct 8,Write-in,17
229,REP Supervisor Oshtemo Charter Township,Oshtemo Township Precinct 9,Write-in,14
229,REP Supervisor Oshtemo Charter Township,Oshtemo Township Precinct 10,Write-in,12
230,REP Supervisor Pavilion Township,Pavilion Township Precinct 1,John R. Speeter,286
230,REP Supervisor Pavilion Township,Pavilion Township Precinct 1,Write-in,0
230,REP Supervisor Pavilion Township,Pavilion Township Precinct 2,John R. Speeter,171
230,REP Supervisor Pavilion Township,Pavilion Township Precinct 2,Write-in,0
230,REP Supervisor Pavilion Township,Pavilion Township Precinct 3,John R. Speeter,125
230,REP Supervisor Pavilion Township,Pavilion Township Precinct 3,Write-in,1
231,REP Supervisor Prairie Ronde Township,Prairie Ronde Township Precinct 1,Michael J. Tomlinson,349
231,REP Supervisor Prairie Ronde Township,Prairie Ronde Township Precinct 1,Write-in,1
232,REP Supervisor Richland Township,Richland Township Precinct 1,Lysanne Harma,363
232,REP Supervisor Richland Township,Richland Township Precinct 1,Write-in,2
232,REP Supervisor Richland Township,Richland Township Precinct 2,Lysanne Harma,214
232,REP Supervisor Richland Township,Richland Township Precinct 2,Write-in,2
232,REP Supervisor Richland Township,Richland Township Precinct 3,Lysanne Harma,335
232,REP Supervisor Richland Township,Richland Township Precinct 3,Write-in,2
233,REP Supervisor Ross Township,Ross Township Precinct 1,Robert Baker,419
233,REP Supervisor Ross Township,Ross Township Precinct 1,Write-in,1
233,REP Supervisor Ross Township,Ross Township Precinct 2,Robert Baker,460
233,REP Supervisor Ross Township,Ross Township Precinct 2,Write-in,1
234,REP Supervisor Schoolcraft Township,Schoolcraft Township Precinct 1,Donald K. Ulsh,289
234,REP Supervisor Schoolcraft Township,Schoolcraft Township Precinct 1,Write-in,4
234,REP Supervisor Schoolcraft Township,Schoolcraft Township Precinct 2,Donald K. Ulsh,159
234,REP Supervisor Schoolcraft Township,Schoolcraft Township Precinct 2,Write-in,0
234,REP Supervisor Schoolcraft Township,Schoolcraft Township Precinct 3,Donald K. Ulsh,366
234,REP Supervisor Schoolcraft Township,Schoolcraft Township Precinct 3,Write-in,3
234,REP Supervisor Schoolcraft Township,Schoolcraft Township Precinct 4,Donald K. Ulsh,226
234,REP Supervisor Schoolcraft Township,Schoolcraft Township Precinct 4,Write-in,1
235,REP Supervisor Texas Charter Township,Texas Township Precinct 1,Nicholas Loeks,297
235,REP Supervisor Texas Charter Township,Texas Township Precinct 1,Write-in,2
235,REP Supervisor Texas Charter Township,Texas Township Precinct 2,Nicholas Loeks,255
235,REP Supervisor Texas Charter Township,Texas Township Precinct 2,Write-in,3
235,REP Supervisor Texas Charter Township,Texas Township Precinct 3,Nicholas Loeks,182
235,REP Supervisor Texas Charter Township,Texas Township Precinct 3,Write-in,2
235,REP Supervisor Texas Charter Township,Texas Township Precinct 4,Nicholas Loeks,309
235,REP Supervisor Texas Charter Township,Texas Township Precinct 4,Write-in,2
235,REP Supervisor Texas Charter Township,Texas Township Precinct 5,Nicholas Loeks,355
235,REP Supervisor Texas Charter Township,Texas Township Precinct 5,Write-in,1
235,REP Supervisor Texas Charter Township,Texas Township Precinct 6,Nicholas Loeks,323
235,REP Supervisor Texas Charter Township,Texas Township Precinct 6,Write-in,2
236,REP Supervisor Wakeshma Township,Wakeshma Township Precinct 1,Jason W. Gatlin,168
236,REP Supervisor Wakeshma Township,Wakeshma Township Precinct 1,Write-in,1
237,REP Clerk Alamo Township,Alamo 1,Cindy K. Snyder,233
237,REP Clerk Alamo Township,Alamo 1,Write-in,4
237,REP Clerk Alamo Township,Alamo Township Precinct 2,Cindy K. Snyder,368
237,REP Clerk Alamo Township,Alamo Township Precinct 2,Write-in,0
238,REP Clerk Brady Township,Brady Township Precinct 1,Michelle Crawford,188
238,REP Clerk Brady Township,Brady Township Precinct 1,Christian Wines,136
238,REP Clerk Brady Township,Brady Township Precinct 1,Write-in,1
238,REP Clerk Brady Township,Brady Township Precinct 2,Michelle Crawford,187
238,REP Clerk Brady Township,Brady Township Precinct 2,Christian Wines,180
238,REP Clerk Brady Township,Brady Township Precinct 2,Write-in,1
239,REP Clerk Charleston Township,Charleston Township Precinct 1,Linda Kramer,426
239,REP Clerk Charleston Township,Charleston Township Precinct 1,Write-in,0
240,REP Clerk Climax Township,Climax Township Precinct 1,Marcia Lewis,472
240,REP Clerk Climax Township,Climax Township Precinct 1,Write-in,0
241,REP Clerk Comstock Charter Township,Comstock Township Precinct 1,Stephen M. French,144
241,REP Clerk Comstock Charter Township,Comstock Township Precinct 1,Tom Wagner,121
241,REP Clerk Comstock Charter Township,Comstock Township Precinct 1,Write-in,1
241,REP Clerk Comstock Charter Township,Comstock Township Precinct 2,Stephen M. French,127
241,REP Clerk Comstock Charter Township,Comstock Township Precinct 2,Tom Wagner,118
241,REP Clerk Comstock Charter Township,Comstock Township Precinct 2,Write-in,1
241,REP Clerk Comstock Charter Township,Comstock Township Precinct 3,Stephen M. French,130
241,REP Clerk Comstock Charter Township,Comstock Township Precinct 3,Tom Wagner,83
241,REP Clerk Comstock Charter Township,Comstock Township Precinct 3,Write-in,0
241,REP Clerk Comstock Charter Township,Comstock Township Precinct 4,Stephen M. French,66
241,REP Clerk Comstock Charter Township,Comstock Township Precinct 4,Tom Wagner,107
241,REP Clerk Comstock Charter Township,Comstock Township Precinct 4,Write-in,0
241,REP Clerk Comstock Charter Township,Comstock Township Precinct 5,Stephen M. French,106
241,REP Clerk Comstock Charter Township,Comstock Township Precinct 5,Tom Wagner,105
241,REP Clerk Comstock Charter Township,Comstock Township Precinct 5,Write-in,1
241,REP Clerk Comstock Charter Township,Comstock Township Precinct 6,Stephen M. French,93
241,REP Clerk Comstock Charter Township,Comstock Township Precinct 6,Tom Wagner,88
241,REP Clerk Comstock Charter Township,Comstock Township Precinct 6,Write-in,0
241,REP Clerk Comstock Charter Township,Comstock Township Precinct 7,Stephen M. French,37
241,REP Clerk Comstock Charter Township,Comstock Township Precinct 7,Tom Wagner,35
241,REP Clerk Comstock Charter Township,Comstock Township Precinct 7,Write-in,0
242,REP Clerk Cooper Charter Township,Cooper Township Precinct 1,David Gamache,50
242,REP Clerk Cooper Charter Township,Cooper Township Precinct 1,DeAnna Janssen,123
242,REP Clerk Cooper Charter Township,Cooper Township Precinct 1,Write-in,0
242,REP Clerk Cooper Charter Township,Cooper Township Precinct 2,David Gamache,64
242,REP Clerk Cooper Charter Township,Cooper Township Precinct 2,DeAnna Janssen,194
242,REP Clerk Cooper Charter Township,Cooper Township Precinct 2,Write-in,0
242,REP Clerk Cooper Charter Township,Cooper Township Precinct 3,David Gamache,132
242,REP Clerk Cooper Charter Township,Cooper Township Precinct 3,DeAnna Janssen,280
242,REP Clerk Cooper Charter Township,Cooper Township Precinct 3,Write-in,3
242,REP Clerk Cooper Charter Township,Cooper Township Precinct 4,David Gamache,93
242,REP Clerk Cooper Charter Township,Cooper Township Precinct 4,DeAnna Janssen,406
242,REP Clerk Cooper Charter Township,Cooper Township Precinct 4,Write-in,0
242,REP Clerk Cooper Charter Township,Cooper Township Precinct 5,David Gamache,13
242,REP Clerk Cooper Charter Township,Cooper Township Precinct 5,DeAnna Janssen,17
242,REP Clerk Cooper Charter Township,Cooper Township Precinct 5,Write-in,1
243,REP Clerk Kalamazoo Charter Township,Kalamazoo Township Precinct 1,Write-in,9
243,REP Clerk Kalamazoo Charter Township,Kalamazoo Township Precinct 2,Write-in,14
243,REP Clerk Kalamazoo Charter Township,Kalamazoo Township Precinct 3,Write-in,15
243,REP Clerk Kalamazoo Charter Township,Kalamazoo Township Precinct 4,Write-in,6
243,REP Clerk Kalamazoo Charter Township,Kalamazoo Township Precinct 5,Write-in,8
243,REP Clerk Kalamazoo Charter Township,Kalamazoo Township Precinct 6,Write-in,2
243,REP Clerk Kalamazoo Charter Township,Kalamazoo Township Precinct 7,Write-in,0
243,REP Clerk Kalamazoo Charter Township,Kalamazoo Township Precinct 8,Write-in,15
243,REP Clerk Kalamazoo Charter Township,Kalamazoo Township Precinct 9,Write-in,10
243,REP Clerk Kalamazoo Charter Township,Kalamazoo Township Precinct 10,Write-in,11
244,REP Clerk Oshtemo Charter Township,Oshtemo Township Precinct 1,Write-in,17
244,REP Clerk Oshtemo Charter Township,Oshtemo Township Precinct 2,Write-in,28
244,REP Clerk Oshtemo Charter Township,Oshtemo Township Precinct 3,Write-in,9
244,REP Clerk Oshtemo Charter Township,Oshtemo Township Precinct 4,Write-in,21
244,REP Clerk Oshtemo Charter Township,Oshtemo Township Precinct 5,Write-in,5
244,REP Clerk Oshtemo Charter Township,Oshtemo Township Precinct 6,Write-in,9
244,REP Clerk Oshtemo Charter Township,Oshtemo Township Precinct 7,Write-in,11
244,REP Clerk Oshtemo Charter Township,Oshtemo Township Precinct 8,Write-in,15
244,REP Clerk Oshtemo Charter Township,Oshtemo Township Precinct 9,Write-in,15
244,REP Clerk Oshtemo Charter Township,Oshtemo Township Precinct 10,Write-in,12
245,REP Clerk Pavilion Township,Pavilion Township Precinct 1,Karen Emily Siegwart,290
245,REP Clerk Pavilion Township,Pavilion Township Precinct 1,Write-in,0
245,REP Clerk Pavilion Township,Pavilion Township Precinct 2,Karen Emily Siegwart,174
245,REP Clerk Pavilion Township,Pavilion Township Precinct 2,Write-in,0
245,REP Clerk Pavilion Township,Pavilion Township Precinct 3,Karen Emily Siegwart,129
245,REP Clerk Pavilion Township,Pavilion Township Precinct 3,Write-in,0
246,REP Clerk Prairie Ronde Township,Prairie Ronde Township Precinct 1,Dale L. Smith,352
246,REP Clerk Prairie Ronde Township,Prairie Ronde Township Precinct 1,Write-in,0
247,REP Clerk Richland Township,Richland Township Precinct 1,Bear Priest,365
247,REP Clerk Richland Township,Richland Township Precinct 1,Write-in,0
247,REP Clerk Richland Township,Richland Township Precinct 2,Bear Priest,214
247,REP Clerk Richland Township,Richland Township Precinct 2,Write-in,1
247,REP Clerk Richland Township,Richland Township Precinct 3,Bear Priest,339
247,REP Clerk Richland Township,Richland Township Precinct 3,Write-in,1
248,REP Clerk Ross Township,Ross Township Precinct 1,Alex Harris,169
248,REP Clerk Ross Township,Ross Township Precinct 1,Linda Walters,284
248,REP Clerk Ross Township,Ross Township Precinct 1,Write-in,0
248,REP Clerk Ross Township,Ross Township Precinct 2,Alex Harris,274
248,REP Clerk Ross Township,Ross Township Precinct 2,Linda Walters,226
248,REP Clerk Ross Township,Ross Township Precinct 2,Write-in,0
249,REP Clerk Schoolcraft Township,Schoolcraft Township Precinct 1,Virginia M. Mongreig,292
249,REP Clerk Schoolcraft Township,Schoolcraft Township Precinct 1,Write-in,2
249,REP Clerk Schoolcraft Township,Schoolcraft Township Precinct 2,Virginia M. Mongreig,160
249,REP Clerk Schoolcraft Township,Schoolcraft Township Precinct 2,Write-in,0
249,REP Clerk Schoolcraft Township,Schoolcraft Township Precinct 3,Virginia M. Mongreig,359
249,REP Clerk Schoolcraft Township,Schoolcraft Township Precinct 3,Write-in,4
249,REP Clerk Schoolcraft Township,Schoolcraft Township Precinct 4,Virginia M. Mongreig,226
249,REP Clerk Schoolcraft Township,Schoolcraft Township Precinct 4,Write-in,1
250,REP Clerk Texas Charter Township,Texas Township Precinct 1,Write-in,31
250,REP Clerk Texas Charter Township,Texas Township Precinct 2,Write-in,27
250,REP Clerk Texas Charter Township,Texas Township Precinct 3,Write-in,23
250,REP Clerk Texas Charter Township,Texas Township Precinct 4,Write-in,38
250,REP Clerk Texas Charter Township,Texas Township Precinct 5,Write-in,44
250,REP Clerk Texas Charter Township,Texas Township Precinct 6,Write-in,29
251,REP Clerk Wakeshma Township,Wakeshma Township Precinct 1,Shawn R. Fritz,167
251,REP Clerk Wakeshma Township,Wakeshma Township Precinct 1,Write-in,3
252,REP Treasurer Alamo Township,Alamo 1,Mary Ellen Stoneburner,228
252,REP Treasurer Alamo Township,Alamo 1,Write-in,5
252,REP Treasurer Alamo Township,Alamo Township Precinct 2,Mary Ellen Stoneburner,373
252,REP Treasurer Alamo Township,Alamo Township Precinct 2,Write-in,0
253,REP Treasurer Brady Township,Brady Township Precinct 1,Malia Allgaier,290
253,REP Treasurer Brady Township,Brady Township Precinct 1,Write-in,1
253,REP Treasurer Brady Township,Brady Township Precinct 2,Malia Allgaier,333
253,REP Treasurer Brady Township,Brady Township Precinct 2,Write-in,4
254,REP Treasurer Charleston Township,Charleston Township Precinct 1,Brenda Schug,424
254,REP Treasurer Charleston Township,Charleston Township Precinct 1,Write-in,0
255,REP Treasurer Climax Township,Climax Township Precinct 1,Steven Walman,470
255,REP Treasurer Climax Township,Climax Township Precinct 1,Write-in,0
256,REP Treasurer Comstock Charter Township,Comstock Township Precinct 1,Andrea Frederick,256
256,REP Treasurer Comstock Charter Township,Comstock Township Precinct 1,Write-in,0
256,REP Treasurer Comstock Charter Township,Comstock Township Precinct 2,Andrea Frederick,234
256,REP Treasurer Comstock Charter Township,Comstock Township Precinct 2,Write-in,0
256,REP Treasurer Comstock Charter Township,Comstock Township Precinct 3,Andrea Frederick,183
256,REP Treasurer Comstock Charter Township,Comstock Township Precinct 3,Write-in,2
256,REP Treasurer Comstock Charter Township,Comstock Township Precinct 4,Andrea Frederick,167
256,REP Treasurer Comstock Charter Township,Comstock Township Precinct 4,Write-in,0
256,REP Treasurer Comstock Charter Township,Comstock Township Precinct 5,Andrea Frederick,204
256,REP Treasurer Comstock Charter Township,Comstock Township Precinct 5,Write-in,1
256,REP Treasurer Comstock Charter Township,Comstock Township Precinct 6,Andrea Frederick,180
256,REP Treasurer Comstock Charter Township,Comstock Township Precinct 6,Write-in,0
256,REP Treasurer Comstock Charter Township,Comstock Township Precinct 7,Andrea Frederick,69
256,REP Treasurer Comstock Charter Township,Comstock Township Precinct 7,Write-in,0
257,REP Treasurer Cooper Charter Township,Cooper Township Precinct 1,Carol S. DeHaan,154
257,REP Treasurer Cooper Charter Township,Cooper Township Precinct 1,Write-in,3
257,REP Treasurer Cooper Charter Township,Cooper Township Precinct 2,Carol S. DeHaan,243
257,REP Treasurer Cooper Charter Township,Cooper Township Precinct 2,Write-in,1
257,REP Treasurer Cooper Charter Township,Cooper Township Precinct 3,Carol S. DeHaan,370
257,REP Treasurer Cooper Charter Township,Cooper Township Precinct 3,Write-in,11
257,REP Treasurer Cooper Charter Township,Cooper Township Precinct 4,Carol S. DeHaan,456
257,REP Treasurer Cooper Charter Township,Cooper Township Precinct 4,Write-in,4
257,REP Treasurer Cooper Charter Township,Cooper Township Precinct 5,Carol S. DeHaan,29
257,REP Treasurer Cooper Charter Township,Cooper Township Precinct 5,Write-in,1
258,REP Treasurer Kalamazoo Charter Township,Kalamazoo Township Precinct 1,Write-in,9
258,REP Treasurer Kalamazoo Charter Township,Kalamazoo Township Precinct 2,Write-in,12
258,REP Treasurer Kalamazoo Charter Township,Kalamazoo Township Precinct 3,Write-in,15
258,REP Treasurer Kalamazoo Charter Township,Kalamazoo Township Precinct 4,Write-in,5
258,REP Treasurer Kalamazoo Charter Township,Kalamazoo Township Precinct 5,Write-in,8
258,REP Treasurer Kalamazoo Charter Township,Kalamazoo Township Precinct 6,Write-in,2
258,REP Treasurer Kalamazoo Charter Township,Kalamazoo Township Precinct 7,Write-in,0
258,REP Treasurer Kalamazoo Charter Township,Kalamazoo Township Precinct 8,Write-in,14
258,REP Treasurer Kalamazoo Charter Township,Kalamazoo Township Precinct 9,Write-in,10
258,REP Treasurer Kalamazoo Charter Township,Kalamazoo Township Precinct 10,Write-in,11
259,REP Treasurer Oshtemo Charter Township,Oshtemo Township Precinct 1,Scott Zondervan,181
259,REP Treasurer Oshtemo Charter Township,Oshtemo Township Precinct 1,Write-in,0
259,REP Treasurer Oshtemo Charter Township,Oshtemo Township Precinct 2,Scott Zondervan,260
259,REP Treasurer Oshtemo Charter Township,Oshtemo Township Precinct 2,Write-in,0
259,REP Treasurer Oshtemo Charter Township,Oshtemo Township Precinct 3,Scott Zondervan,144
259,REP Treasurer Oshtemo Charter Township,Oshtemo Township Precinct 3,Write-in,0
259,REP Treasurer Oshtemo Charter Township,Oshtemo Township Precinct 4,Scott Zondervan,201
259,REP Treasurer Oshtemo Charter Township,Oshtemo Township Precinct 4,Write-in,1
259,REP Treasurer Oshtemo Charter Township,Oshtemo Township Precinct 5,Scott Zondervan,52
259,REP Treasurer Oshtemo Charter Township,Oshtemo Township Precinct 5,Write-in,1
259,REP Treasurer Oshtemo Charter Township,Oshtemo Township Precinct 6,Scott Zondervan,188
259,REP Treasurer Oshtemo Charter Township,Oshtemo Township Precinct 6,Write-in,0
259,REP Treasurer Oshtemo Charter Township,Oshtemo Township Precinct 7,Scott Zondervan,142
259,REP Treasurer Oshtemo Charter Township,Oshtemo Township Precinct 7,Write-in,0
259,REP Treasurer Oshtemo Charter Township,Oshtemo Township Precinct 8,Scott Zondervan,94
259,REP Treasurer Oshtemo Charter Township,Oshtemo Township Precinct 8,Write-in,2
259,REP Treasurer Oshtemo Charter Township,Oshtemo Township Precinct 9,Scott Zondervan,171
259,REP Treasurer Oshtemo Charter Township,Oshtemo Township Precinct 9,Write-in,0
259,REP Treasurer Oshtemo Charter Township,Oshtemo Township Precinct 10,Scott Zondervan,100
259,REP Treasurer Oshtemo Charter Township,Oshtemo Township Precinct 10,Write-in,0
260,REP Treasurer Pavilion Township,Pavilion Township Precinct 1,Robyn Maxson,287
260,REP Treasurer Pavilion Township,Pavilion Township Precinct 1,Write-in,0
260,REP Treasurer Pavilion Township,Pavilion Township Precinct 2,Robyn Maxson,171
260,REP Treasurer Pavilion Township,Pavilion Township Precinct 2,Write-in,1
260,REP Treasurer Pavilion Township,Pavilion Township Precinct 3,Robyn Maxson,126
260,REP Treasurer Pavilion Township,Pavilion Township Precinct 3,Write-in,0
261,REP Treasurer Prairie Ronde Township,Prairie Ronde Township Precinct 1,Sarah Lott,343
261,REP Treasurer Prairie Ronde Township,Prairie Ronde Township Precinct 1,Write-in,0
262,REP Treasurer Richland Township,Richland Township Precinct 1,Marsha Drouin,361
262,REP Treasurer Richland Township,Richland Township Precinct 1,Write-in,1
262,REP Treasurer Richland Township,Richland Township Precinct 2,Marsha Drouin,206
262,REP Treasurer Richland Township,Richland Township Precinct 2,Write-in,1
262,REP Treasurer Richland Township,Richland Township Precinct 3,Marsha Drouin,333
262,REP Treasurer Richland Township,Richland Township Precinct 3,Write-in,1
263,REP Treasurer Ross Township,Ross Township Precinct 1,Cynthia M. Genung,403
263,REP Treasurer Ross Township,Ross Township Precinct 1,Write-in,5
263,REP Treasurer Ross Township,Ross Township Precinct 2,Cynthia M. Genung,442
263,REP Treasurer Ross Township,Ross Township Precinct 2,Write-in,0
264,REP Treasurer Schoolcraft Township,Schoolcraft Township Precinct 1,Teresa A. Scott,294
264,REP Treasurer Schoolcraft Township,Schoolcraft Township Precinct 1,Write-in,0
264,REP Treasurer Schoolcraft Township,Schoolcraft Township Precinct 2,Teresa A. Scott,161
264,REP Treasurer Schoolcraft Township,Schoolcraft Township Precinct 2,Write-in,1
264,REP Treasurer Schoolcraft Township,Schoolcraft Township Precinct 3,Teresa A. Scott,367
264,REP Treasurer Schoolcraft Township,Schoolcraft Township Precinct 3,Write-in,3
264,REP Treasurer Schoolcraft Township,Schoolcraft Township Precinct 4,Teresa A. Scott,228
264,REP Treasurer Schoolcraft Township,Schoolcraft Township Precinct 4,Write-in,2
265,REP Treasurer Texas Charter Township,Texas Township Precinct 1,Trish Roberts,301
265,REP Treasurer Texas Charter Township,Texas Township Precinct 1,Write-in,2
265,REP Treasurer Texas Charter Township,Texas Township Precinct 2,Trish Roberts,236
265,REP Treasurer Texas Charter Township,Texas Township Precinct 2,Write-in,8
265,REP Treasurer Texas Charter Township,Texas Township Precinct 3,Trish Roberts,183
265,REP Treasurer Texas Charter Township,Texas Township Precinct 3,Write-in,0
265,REP Treasurer Texas Charter Township,Texas Township Precinct 4,Trish Roberts,311
265,REP Treasurer Texas Charter Township,Texas Township Precinct 4,Write-in,3
265,REP Treasurer Texas Charter Township,Texas Township Precinct 5,Trish Roberts,355
265,REP Treasurer Texas Charter Township,Texas Township Precinct 5,Write-in,8
265,REP Treasurer Texas Charter Township,Texas Township Precinct 6,Trish Roberts,323
265,REP Treasurer Texas Charter Township,Texas Township Precinct 6,Write-in,3
266,REP Treasurer Wakeshma Township,Wakeshma Township Precinct 1,Write-in,15
267,REP Trustee Comstock Charter Township,Comstock Township Precinct 1,Jerry T. Amos,170
267,REP Trustee Comstock Charter Township,Comstock Township Precinct 1,Terry G. McIver,132
267,REP Trustee Comstock Charter Township,Comstock Township Precinct 1,Marla Schwartz,150
267,REP Trustee Comstock Charter Township,Comstock Township Precinct 1,Clyde Bub Sherwood,172
267,REP Trustee Comstock Charter Township,Comstock Township Precinct 1,George Paul Sidney,114
267,REP Trustee Comstock Charter Township,Comstock Township Precinct 1,Dorothy Steffey-Wagner,131
267,REP Trustee Comstock Charter Township,Comstock Township Precinct 1,Write-in,3
267,REP Trustee Comstock Charter Township,Comstock Township Precinct 2,Jerry T. Amos,176
267,REP Trustee Comstock Charter Township,Comstock Township Precinct 2,Terry G. McIver,150
267,REP Trustee Comstock Charter Township,Comstock Township Precinct 2,Marla Schwartz,112
267,REP Trustee Comstock Charter Township,Comstock Township Precinct 2,Clyde Bub Sherwood,186
267,REP Trustee Comstock Charter Township,Comstock Township Precinct 2,George Paul Sidney,109
267,REP Trustee Comstock Charter Township,Comstock Township Precinct 2,Dorothy Steffey-Wagner,127
267,REP Trustee Comstock Charter Township,Comstock Township Precinct 2,Write-in,2
267,REP Trustee Comstock Charter Township,Comstock Township Precinct 3,Jerry T. Amos,138
267,REP Trustee Comstock Charter Township,Comstock Township Precinct 3,Terry G. McIver,124
267,REP Trustee Comstock Charter Township,Comstock Township Precinct 3,Marla Schwartz,87
267,REP Trustee Comstock Charter Township,Comstock Township Precinct 3,Clyde Bub Sherwood,138
267,REP Trustee Comstock Charter Township,Comstock Township Precinct 3,George Paul Sidney,99
267,REP Trustee Comstock Charter Township,Comstock Township Precinct 3,Dorothy Steffey-Wagner,78
267,REP Trustee Comstock Charter Township,Comstock Township Precinct 3,Write-in,0
267,REP Trustee Comstock Charter Township,Comstock Township Precinct 4,Jerry T. Amos,113
267,REP Trustee Comstock Charter Township,Comstock Township Precinct 4,Terry G. McIver,85
267,REP Trustee Comstock Charter Township,Comstock Township Precinct 4,Marla Schwartz,95
267,REP Trustee Comstock Charter Township,Comstock Township Precinct 4,Clyde Bub Sherwood,116
267,REP Trustee Comstock Charter Township,Comstock Township Precinct 4,George Paul Sidney,87
267,REP Trustee Comstock Charter Township,Comstock Township Precinct 4,Dorothy Steffey-Wagner,92
267,REP Trustee Comstock Charter Township,Comstock Township Precinct 4,Write-in,2
267,REP Trustee Comstock Charter Township,Comstock Township Precinct 5,Jerry T. Amos,149
267,REP Trustee Comstock Charter Township,Comstock Township Precinct 5,Terry G. McIver,155
267,REP Trustee Comstock Charter Township,Comstock Township Precinct 5,Marla Schwartz,104
267,REP Trustee Comstock Charter Township,Comstock Township Precinct 5,Clyde Bub Sherwood,147
267,REP Trustee Comstock Charter Township,Comstock Township Precinct 5,George Paul Sidney,128
267,REP Trustee Comstock Charter Township,Comstock Township Precinct 5,Dorothy Steffey-Wagner,99
267,REP Trustee Comstock Charter Township,Comstock Township Precinct 5,Write-in,0
267,REP Trustee Comstock Charter Township,Comstock Township Precinct 6,Jerry T. Amos,111
267,REP Trustee Comstock Charter Township,Comstock Township Precinct 6,Terry G. McIver,118
267,REP Trustee Comstock Charter Township,Comstock Township Precinct 6,Marla Schwartz,79
267,REP Trustee Comstock Charter Township,Comstock Township Precinct 6,Clyde Bub Sherwood,111
267,REP Trustee Comstock Charter Township,Comstock Township Precinct 6,George Paul Sidney,102
267,REP Trustee Comstock Charter Township,Comstock Township Precinct 6,Dorothy Steffey-Wagner,93
267,REP Trustee Comstock Charter Township,Comstock Township Precinct 6,Write-in,0
267,REP Trustee Comstock Charter Township,Comstock Township Precinct 7,Jerry T. Amos,52
267,REP Trustee Comstock Charter Township,Comstock Township Precinct 7,Terry G. McIver,43
267,REP Trustee Comstock Charter Township,Comstock Township Precinct 7,Marla Schwartz,41
267,REP Trustee Comstock Charter Township,Comstock Township Precinct 7,Clyde Bub Sherwood,39
267,REP Trustee Comstock Charter Township,Comstock Township Precinct 7,George Paul Sidney,33
267,REP Trustee Comstock Charter Township,Comstock Township Precinct 7,Dorothy Steffey-Wagner,32
267,REP Trustee Comstock Charter Township,Comstock Township Precinct 7,Write-in,0
268,REP Trustee Cooper Charter Township,Cooper Township Precinct 1,Rob Bricker,85
268,REP Trustee Cooper Charter Township,Cooper Township Precinct 1,Jim Frederick,95
268,REP Trustee Cooper Charter Township,Cooper Township Precinct 1,Marc Rowlson,75
268,REP Trustee Cooper Charter Township,Cooper Township Precinct 1,Adam L. Tuinstra,89
268,REP Trustee Cooper Charter Township,Cooper Township Precinct 1,Fred Vlietstra,129
268,REP Trustee Cooper Charter Township,Cooper Township Precinct 1,Dan Williams,69
268,REP Trustee Cooper Charter Township,Cooper Township Precinct 1,Write-in,0
268,REP Trustee Cooper Charter Township,Cooper Township Precinct 2,Rob Bricker,121
268,REP Trustee Cooper Charter Township,Cooper Township Precinct 2,Jim Frederick,183
268,REP Trustee Cooper Charter Township,Cooper Township Precinct 2,Marc Rowlson,100
268,REP Trustee Cooper Charter Township,Cooper Township Precinct 2,Adam L. Tuinstra,133
268,REP Trustee Cooper Charter Township,Cooper Township Precinct 2,Fred Vlietstra,169
268,REP Trustee Cooper Charter Township,Cooper Township Precinct 2,Dan Williams,121
268,REP Trustee Cooper Charter Township,Cooper Township Precinct 2,Write-in,0
268,REP Trustee Cooper Charter Township,Cooper Township Precinct 3,Rob Bricker,165
268,REP Trustee Cooper Charter Township,Cooper Township Precinct 3,Jim Frederick,258
268,REP Trustee Cooper Charter Township,Cooper Township Precinct 3,Marc Rowlson,175
268,REP Trustee Cooper Charter Township,Cooper Township Precinct 3,Adam L. Tuinstra,197
268,REP Trustee Cooper Charter Township,Cooper Township Precinct 3,Fred Vlietstra,256
268,REP Trustee Cooper Charter Township,Cooper Township Precinct 3,Dan Williams,255
268,REP Trustee Cooper Charter Township,Cooper Township Precinct 3,Write-in,7
268,REP Trustee Cooper Charter Township,Cooper Township Precinct 4,Rob Bricker,260
268,REP Trustee Cooper Charter Township,Cooper Township Precinct 4,Jim Frederick,273
268,REP Trustee Cooper Charter Township,Cooper Township Precinct 4,Marc Rowlson,168
268,REP Trustee Cooper Charter Township,Cooper Township Precinct 4,Adam L. Tuinstra,312
268,REP Trustee Cooper Charter Township,Cooper Township Precinct 4,Fred Vlietstra,396
268,REP Trustee Cooper Charter Township,Cooper Township Precinct 4,Dan Williams,200
268,REP Trustee Cooper Charter Township,Cooper Township Precinct 4,Write-in,2
268,REP Trustee Cooper Charter Township,Cooper Township Precinct 5,Rob Bricker,19
268,REP Trustee Cooper Charter Township,Cooper Township Precinct 5,Jim Frederick,22
268,REP Trustee Cooper Charter Township,Cooper Township Precinct 5,Marc Rowlson,16
268,REP Trustee Cooper Charter Township,Cooper Township Precinct 5,Adam L. Tuinstra,12
268,REP Trustee Cooper Charter Township,Cooper Township Precinct 5,Fred Vlietstra,17
268,REP Trustee Cooper Charter Township,Cooper Township Precinct 5,Dan Williams,12
268,REP Trustee Cooper Charter Township,Cooper Township Precinct 5,Write-in,4
269,REP Trustee Kalamazoo Charter Township,Kalamazoo Township Precinct 1,Write-in,17
269,REP Trustee Kalamazoo Charter Township,Kalamazoo Township Precinct 2,Write-in,16
269,REP Trustee Kalamazoo Charter Township,Kalamazoo Township Precinct 3,Write-in,15
269,REP Trustee Kalamazoo Charter Township,Kalamazoo Township Precinct 4,Write-in,10
269,REP Trustee Kalamazoo Charter Township,Kalamazoo Township Precinct 5,Write-in,15
269,REP Trustee Kalamazoo Charter Township,Kalamazoo Township Precinct 6,Write-in,5
269,REP Trustee Kalamazoo Charter Township,Kalamazoo Township Precinct 7,Write-in,0
269,REP Trustee Kalamazoo Charter Township,Kalamazoo Township Precinct 8,Write-in,37
269,REP Trustee Kalamazoo Charter Township,Kalamazoo Township Precinct 9,Write-in,22
269,REP Trustee Kalamazoo Charter Township,Kalamazoo Township Precinct 10,Write-in,21
270,REP Trustee Oshtemo Charter Township,Oshtemo Township Precinct 1,Christopher J. Dipiero,165
270,REP Trustee Oshtemo Charter Township,Oshtemo Township Precinct 1,Casey Dragt,159
270,REP Trustee Oshtemo Charter Township,Oshtemo Township Precinct 1,Mary Ann Heffernan,164
270,REP Trustee Oshtemo Charter Township,Oshtemo Township Precinct 1,David Nieuwenhuis,171
270,REP Trustee Oshtemo Charter Township,Oshtemo Township Precinct 1,Write-in,1
270,REP Trustee Oshtemo Charter Township,Oshtemo Township Precinct 2,Christopher J. Dipiero,221
270,REP Trustee Oshtemo Charter Township,Oshtemo Township Precinct 2,Casey Dragt,215
270,REP Trustee Oshtemo Charter Township,Oshtemo Township Precinct 2,Mary Ann Heffernan,225
270,REP Trustee Oshtemo Charter Township,Oshtemo Township Precinct 2,David Nieuwenhuis,242
270,REP Trustee Oshtemo Charter Township,Oshtemo Township Precinct 2,Write-in,0
270,REP Trustee Oshtemo Charter Township,Oshtemo Township Precinct 3,Christopher J. Dipiero,134
270,REP Trustee Oshtemo Charter Township,Oshtemo Township Precinct 3,Casey Dragt,135
270,REP Trustee Oshtemo Charter Township,Oshtemo Township Precinct 3,Mary Ann Heffernan,133
270,REP Trustee Oshtemo Charter Township,Oshtemo Township Precinct 3,David Nieuwenhuis,137
270,REP Trustee Oshtemo Charter Township,Oshtemo Township Precinct 3,Write-in,0
270,REP Trustee Oshtemo Charter Township,Oshtemo Township Precinct 4,Christopher J. Dipiero,162
270,REP Trustee Oshtemo Charter Township,Oshtemo Township Precinct 4,Casey Dragt,164
270,REP Trustee Oshtemo Charter Township,Oshtemo Township Precinct 4,Mary Ann Heffernan,177
270,REP Trustee Oshtemo Charter Township,Oshtemo Township Precinct 4,David Nieuwenhuis,179
270,REP Trustee Oshtemo Charter Township,Oshtemo Township Precinct 4,Write-in,1
270,REP Trustee Oshtemo Charter Township,Oshtemo Township Precinct 5,Christopher J. Dipiero,52
270,REP Trustee Oshtemo Charter Township,Oshtemo Township Precinct 5,Casey Dragt,50
270,REP Trustee Oshtemo Charter Township,Oshtemo Township Precinct 5,Mary Ann Heffernan,55
270,REP Trustee Oshtemo Charter Township,Oshtemo Township Precinct 5,David Nieuwenhuis,54
270,REP Trustee Oshtemo Charter Township,Oshtemo Township Precinct 5,Write-in,0
270,REP Trustee Oshtemo Charter Township,Oshtemo Township Precinct 6,Christopher J. Dipiero,158
270,REP Trustee Oshtemo Charter Township,Oshtemo Township Precinct 6,Casey Dragt,164
270,REP Trustee Oshtemo Charter Township,Oshtemo Township Precinct 6,Mary Ann Heffernan,168
270,REP Trustee Oshtemo Charter Township,Oshtemo Township Precinct 6,David Nieuwenhuis,164
270,REP Trustee Oshtemo Charter Township,Oshtemo Township Precinct 6,Write-in,0
270,REP Trustee Oshtemo Charter Township,Oshtemo Township Precinct 7,Christopher J. Dipiero,124
270,REP Trustee Oshtemo Charter Township,Oshtemo Township Precinct 7,Casey Dragt,125
270,REP Trustee Oshtemo Charter Township,Oshtemo Township Precinct 7,Mary Ann Heffernan,128
270,REP Trustee Oshtemo Charter Township,Oshtemo Township Precinct 7,David Nieuwenhuis,136
270,REP Trustee Oshtemo Charter Township,Oshtemo Township Precinct 7,Write-in,0
270,REP Trustee Oshtemo Charter Township,Oshtemo Township Precinct 8,Christopher J. Dipiero,77
270,REP Trustee Oshtemo Charter Township,Oshtemo Township Precinct 8,Casey Dragt,76
270,REP Trustee Oshtemo Charter Township,Oshtemo Township Precinct 8,Mary Ann Heffernan,82
270,REP Trustee Oshtemo Charter Township,Oshtemo Township Precinct 8,David Nieuwenhuis,88
270,REP Trustee Oshtemo Charter Township,Oshtemo Township Precinct 8,Write-in,0
270,REP Trustee Oshtemo Charter Township,Oshtemo Township Precinct 9,Christopher J. Dipiero,151
270,REP Trustee Oshtemo Charter Township,Oshtemo Township Precinct 9,Casey Dragt,144
270,REP Trustee Oshtemo Charter Township,Oshtemo Township Precinct 9,Mary Ann Heffernan,152
270,REP Trustee Oshtemo Charter Township,Oshtemo Township Precinct 9,David Nieuwenhuis,153
270,REP Trustee Oshtemo Charter Township,Oshtemo Township Precinct 9,Write-in,3
270,REP Trustee Oshtemo Charter Township,Oshtemo Township Precinct 10,Christopher J. Dipiero,85
270,REP Trustee Oshtemo Charter Township,Oshtemo Township Precinct 10,Casey Dragt,84
270,REP Trustee Oshtemo Charter Township,Oshtemo Township Precinct 10,Mary Ann Heffernan,88
270,REP Trustee Oshtemo Charter Township,Oshtemo Township Precinct 10,David Nieuwenhuis,92
270,REP Trustee Oshtemo Charter Township,Oshtemo Township Precinct 10,Write-in,0
271,REP Trustee Richland Township,Richland Township Precinct 1,Loyal Eldridge III,302
271,REP Trustee Richland Township,Richland Township Precinct 1,Paul Foust,319
271,REP Trustee Richland Township,Richland Township Precinct 1,Bill Peter,306
271,REP Trustee Richland Township,Richland Township Precinct 1,David Wendzel,343
271,REP Trustee Richland Township,Richland Township Precinct 1,Write-in,4
271,REP Trustee Richland Township,Richland Township Precinct 2,Loyal Eldridge III,198
271,REP Trustee Richland Township,Richland Township Precinct 2,Paul Foust,168
271,REP Trustee Richland Township,Richland Township Precinct 2,Bill Peter,169
271,REP Trustee Richland Township,Richland Township Precinct 2,David Wendzel,199
271,REP Trustee Richland Township,Richland Township Precinct 2,Write-in,0
271,REP Trustee Richland Township,Richland Township Precinct 3,Loyal Eldridge III,262
271,REP Trustee Richland Township,Richland Township Precinct 3,Paul Foust,256
271,REP Trustee Richland Township,Richland Township Precinct 3,Bill Peter,264
271,REP Trustee Richland Township,Richland Township Precinct 3,David Wendzel,286
271,REP Trustee Richland Township,Richland Township Precinct 3,Write-in,2
272,REP Trustee Ross Township,Ross Township Precinct 1,Michael Bekes,257
272,REP Trustee Ross Township,Ross Township Precinct 1,Lynn M. Harmon,339
272,REP Trustee Ross Township,Ross Township Precinct 1,Diana D. Langshaw,283
272,REP Trustee Ross Township,Ross Township Precinct 1,David Senkewitz,304
272,REP Trustee Ross Township,Ross Township Precinct 1,Mike Sulka,272
272,REP Trustee Ross Township,Ross Township Precinct 1,Write-in,1
272,REP Trustee Ross Township,Ross Township Precinct 2,Michael Bekes,307
272,REP Trustee Ross Township,Ross Township Precinct 2,Lynn M. Harmon,361
272,REP Trustee Ross Township,Ross Township Precinct 2,Diana D. Langshaw,280
272,REP Trustee Ross Township,Ross Township Precinct 2,David Senkewitz,292
272,REP Trustee Ross Township,Ross Township Precinct 2,Mike Sulka,300
272,REP Trustee Ross Township,Ross Township Precinct 2,Write-in,1
273,REP Trustee Texas Charter Township,Texas Township Precinct 1,Donald D. Boven,271
273,REP Trustee Texas Charter Township,Texas Township Precinct 1,Linda M. Kerr,262
273,REP Trustee Texas Charter Township,Texas Township Precinct 1,Wendy Mazer,252
273,REP Trustee Texas Charter Township,Texas Township Precinct 1,Write-in,25
273,REP Trustee Texas Charter Township,Texas Township Precinct 2,Donald D. Boven,227
273,REP Trustee Texas Charter Township,Texas Township Precinct 2,Linda M. Kerr,241
273,REP Trustee Texas Charter Township,Texas Township Precinct 2,Wendy Mazer,215
273,REP Trustee Texas Charter Township,Texas Township Precinct 2,Write-in,12
273,REP Trustee Texas Charter Township,Texas Township Precinct 3,Donald D. Boven,162
273,REP Trustee Texas Charter Township,Texas Township Precinct 3,Linda M. Kerr,171
273,REP Trustee Texas Charter Township,Texas Township Precinct 3,Wendy Mazer,155
273,REP Trustee Texas Charter Township,Texas Township Precinct 3,Write-in,7
273,REP Trustee Texas Charter Township,Texas Township Precinct 4,Donald D. Boven,277
273,REP Trustee Texas Charter Township,Texas Township Precinct 4,Linda M. Kerr,283
273,REP Trustee Texas Charter Township,Texas Township Precinct 4,Wendy Mazer,279
273,REP Trustee Texas Charter Township,Texas Township Precinct 4,Write-in,35
273,REP Trustee Texas Charter Township,Texas Township Precinct 5,Donald D. Boven,311
273,REP Trustee Texas Charter Township,Texas Township Precinct 5,Linda M. Kerr,321
273,REP Trustee Texas Charter Township,Texas Township Precinct 5,Wendy Mazer,307
273,REP Trustee Texas Charter Township,Texas Township Precinct 5,Write-in,27
273,REP Trustee Texas Charter Township,Texas Township Precinct 6,Donald D. Boven,287
273,REP Trustee Texas Charter Township,Texas Township Precinct 6,Linda M. Kerr,292
273,REP Trustee Texas Charter Township,Texas Township Precinct 6,Wendy Mazer,279
273,REP Trustee Texas Charter Township,Texas Township Precinct 6,Write-in,17
274,REP Trustee Alamo Township,Alamo 1,Jason Scheffers,192
274,REP Trustee Alamo Township,Alamo 1,Russell A. Scott,193
274,REP Trustee Alamo Township,Alamo 1,Patrick Studabaker,76
274,REP Trustee Alamo Township,Alamo 1,Write-in,1
274,REP Trustee Alamo Township,Alamo Township Precinct 2,Jason Scheffers,299
274,REP Trustee Alamo Township,Alamo Township Precinct 2,Russell A. Scott,285
274,REP Trustee Alamo Township,Alamo Township Precinct 2,Patrick Studabaker,134
274,REP Trustee Alamo Township,Alamo Township Precinct 2,Write-in,0
275,REP Trustee Brady Township,Brady Township Precinct 1,John D. Meyer,251
275,REP Trustee Brady Township,Brady Township Precinct 1,Randy Smith,202
275,REP Trustee Brady Township,Brady Township Precinct 1,Write-in,2
275,REP Trustee Brady Township,Brady Township Precinct 2,John D. Meyer,240
275,REP Trustee Brady Township,Brady Township Precinct 2,Randy Smith,239
275,REP Trustee Brady Township,Brady Township Precinct 2,Write-in,4
276,REP Trustee Charleston Township,Charleston Township Precinct 1,Chris Balkema,418
276,REP Trustee Charleston Township,Charleston Township Precinct 1,Write-in,0
277,REP Trustee Climax Township,Climax Township Precinct 1,Richard Thierjung,469
277,REP Trustee Climax Township,Climax Township Precinct 1,Write-in,2
278,REP Trustee Pavilion Township,Pavilion Township Precinct 1,Edward J. Cagney,258
278,REP Trustee Pavilion Township,Pavilion Township Precinct 1,Gregory Thomas,240
278,REP Trustee Pavilion Township,Pavilion Township Precinct 1,Write-in,0
278,REP Trustee Pavilion Township,Pavilion Township Precinct 2,Edward J. Cagney,156
278,REP Trustee Pavilion Township,Pavilion Township Precinct 2,Gregory Thomas,147
278,REP Trustee Pavilion Township,Pavilion Township Precinct 2,Write-in,1
278,REP Trustee Pavilion Township,Pavilion Township Precinct 3,Edward J. Cagney,114
278,REP Trustee Pavilion Township,Pavilion Township Precinct 3,Gregory Thomas,105
278,REP Trustee Pavilion Township,Pavilion Township Precinct 3,Write-in,0
279,REP Trustee Prairie Ronde Township,Prairie Ronde Township Precinct 1,John Chapin,347
279,REP Trustee Prairie Ronde Township,Prairie Ronde Township Precinct 1,Write-in,5
280,REP Trustee Schoolcraft Township,Schoolcraft Township Precinct 1,Greg Feldmeier,123
280,REP Trustee Schoolcraft Township,Schoolcraft Township Precinct 1,Steven Fryling,246
280,REP Trustee Schoolcraft Township,Schoolcraft Township Precinct 1,Tamra Stafford,212
280,REP Trustee Schoolcraft Township,Schoolcraft Township Precinct 1,Write-in,0
280,REP Trustee Schoolcraft Township,Schoolcraft Township Precinct 2,Greg Feldmeier,61
280,REP Trustee Schoolcraft Township,Schoolcraft Township Precinct 2,Steven Fryling,111
280,REP Trustee Schoolcraft Township,Schoolcraft Township Precinct 2,Tamra Stafford,115
280,REP Trustee Schoolcraft Township,Schoolcraft Township Precinct 2,Write-in,0
280,REP Trustee Schoolcraft Township,Schoolcraft Township Precinct 3,Greg Feldmeier,156
280,REP Trustee Schoolcraft Township,Schoolcraft Township Precinct 3,Steven Fryling,286
280,REP Trustee Schoolcraft Township,Schoolcraft Township Precinct 3,Tamra Stafford,271
280,REP Trustee Schoolcraft Township,Schoolcraft Township Precinct 3,Write-in,5
280,REP Trustee Schoolcraft Township,Schoolcraft Township Precinct 4,Greg Feldmeier,110
280,REP Trustee Schoolcraft Township,Schoolcraft Township Precinct 4,Steven Fryling,147
280,REP Trustee Schoolcraft Township,Schoolcraft Township Precinct 4,Tamra Stafford,125
280,REP Trustee Schoolcraft Township,Schoolcraft Township Precinct 4,Write-in,4
281,REP Trustee Wakeshma Township,Wakeshma Township Precinct 1,Trevor M. Bennett,154
281,REP Trustee Wakeshma Township,Wakeshma Township Precinct 1,Barbara Thole,117
281,REP Trustee Wakeshma Township,Wakeshma Township Precinct 1,Write-in,1
282,REP Park Commissioner Comstock Charter Township,Comstock Township Precinct 1,Judith Joling,254
282,REP Park Commissioner Comstock Charter Township,Comstock Township Precinct 1,Write-in,2
282,REP Park Commissioner Comstock Charter Township,Comstock Township Precinct 2,Judith Joling,232
282,REP Park Commissioner Comstock Charter Township,Comstock Township Precinct 2,Write-in,2
282,REP Park Commissioner Comstock Charter Township,Comstock Township Precinct 3,Judith Joling,186
282,REP Park Commissioner Comstock Charter Township,Comstock Township Precinct 3,Write-in,2
282,REP Park Commissioner Comstock Charter Township,Comstock Township Precinct 4,Judith Joling,172
282,REP Park Commissioner Comstock Charter Township,Comstock Township Precinct 4,Write-in,1
282,REP Park Commissioner Comstock Charter Township,Comstock Township Precinct 5,Judith Joling,206
282,REP Park Commissioner Comstock Charter Township,Comstock Township Precinct 5,Write-in,0
282,REP Park Commissioner Comstock Charter Township,Comstock Township Precinct 6,Judith Joling,179
282,REP Park Commissioner Comstock Charter Township,Comstock Township Precinct 6,Write-in,0
282,REP Park Commissioner Comstock Charter Township,Comstock Township Precinct 7,Judith Joling,67
282,REP Park Commissioner Comstock Charter Township,Comstock Township Precinct 7,Write-in,1
283,"REP Delegate Kalamazoo Township, Precinct 1",Kalamazoo Township Precinct 1,Write-in,7
284,"REP Delegate Kalamazoo City, Precinct 8",Kalamazoo City Precinct 8,Write-in,3
285,"REP Delegate Kalamazoo City, Precinct 9",Kalamazoo City Precinct 9,Write-in,0
286,"REP Delegate Kalamazoo City, Precinct 11",Kalamazoo City Precinct 11,Write-in,4
287,"REP Delegate Kalamazoo City, Precinct 27",Kalamazoo City Precinct 27,Write-in,3
288,"REP Delegate Cooper Township, Precinct 5",Cooper Township Precinct 5,Write-in,6
289,"REP Delegate Oshtemo Township, Precinct 5",Oshtemo Township Precinct 5,Write-in,4
290,"REP Delegate Kalamazoo City, Precinct 1",Kalamazoo City Precinct 1,Alfred V. Heilman,51
290,"REP Delegate Kalamazoo City, Precinct 1",Kalamazoo City Precinct 1,Write-in,2
291,"REP Delegate Kalamazoo City, Precinct 3",Kalamazoo City Precinct 3,Write-in,8
292,"REP Delegate Kalamazoo City, Precinct 7",Kalamazoo City Precinct 7,Write-in,2
293,"REP Delegate Kalamazoo City, Precinct 13",Kalamazoo City Precinct 13,Write-in,9
294,"REP Delegate Kalamazoo City, Precinct 14",Kalamazoo City Precinct 14,Megan Buwalda,37
294,"REP Delegate Kalamazoo City, Precinct 14",Kalamazoo City Precinct 14,Write-in,1
295,"REP Delegate Kalamazoo City, Precinct 24",Kalamazoo City Precinct 24,Write-in,15
296,"REP Delegate Comstock Township, Precinct 7",Comstock Township Precinct 7,Write-in,2
297,"REP Delegate Kalamazoo Township, Precinct 2",Kalamazoo Township Precinct 2,Write-in,17
298,"REP Delegate Kalamazoo Township, Precinct 5",Kalamazoo Township Precinct 5,Andrew Smith,65
298,"REP Delegate Kalamazoo Township, Precinct 5",Kalamazoo Township Precinct 5,Write-in,4
299,"REP Delegate Kalamazoo Township, Precinct 8",Kalamazoo Township Precinct 8,Write-in,30
300,"REP Delegate Kalamazoo Township, Precinct 9",Kalamazoo Township Precinct 9,Write-in,17
301,"REP Delegate Oshtemo Township, Precinct 8",Oshtemo Township Precinct 8,Lonnie W. Stenger,91
301,"REP Delegate Oshtemo Township, Precinct 8",Oshtemo Township Precinct 8,Write-in,5
302,"REP Delegate Kalamazoo City, Precinct 4",Kalamazoo City Precinct 4,Write-in,5
303,"REP Delegate Kalamazoo City, Precinct 15",Kalamazoo City Precinct 15,Write-in,7
304,"REP Delegate Kalamazoo City, Precinct 23",Kalamazoo City Precinct 23,Christine Wilkins,57
304,"REP Delegate Kalamazoo City, Precinct 23",Kalamazoo City Precinct 23,Write-in,2
305,"REP Delegate Portage City, Precinct 7",Portage City Precinct 7,Write-in,0
306,"REP Delegate Kalamazoo Township, Precinct 4",Kalamazoo Township Precinct 4,Donald S. Verkow,74
306,"REP Delegate Kalamazoo Township, Precinct 4",Kalamazoo Township Precinct 4,Write-in,10
307,"REP Delegate Kalamazoo Township, Precinct 6",Kalamazoo Township Precinct 6,Write-in,5
308,"REP Delegate Kalamazoo Township, Precinct 10",Kalamazoo Township Precinct 10,Write-in,22
309,"REP Delegate Oshtemo Township, Precinct 10",Oshtemo Township Precinct 10,Write-in,13
310,"REP Delegate Galesburg City, Precinct 1",Galesburg City Precinct 1,Write-in,22
311,"REP Delegate Kalamazoo City, Precinct 5",Kalamazoo City Precinct 5,Write-in,8
312,"REP Delegate Kalamazoo City, Precinct 17",Kalamazoo City Precinct 17,William Baker,84
312,"REP Delegate Kalamazoo City, Precinct 17",Kalamazoo City Precinct 17,Patricia Palmer,77
312,"REP Delegate Kalamazoo City, Precinct 17",Kalamazoo City Precinct 17,Write-in,1
313,"REP Delegate Kalamazoo City, Precinct 18",Kalamazoo City Precinct 18,Write-in,33
314,"REP Delegate Kalamazoo City, Precinct 19",Kalamazoo City Precinct 19,Write-in,29
315,"REP Delegate Kalamazoo City, Precinct 21",Kalamazoo City Precinct 21,Write-in,13
316,"REP Delegate Kalamazoo City, Precinct 22",Kalamazoo City Precinct 22,Anthony Dugal,77
316,"REP Delegate Kalamazoo City, Precinct 22",Kalamazoo City Precinct 22,Troy Hudson,70
316,"REP Delegate Kalamazoo City, Precinct 22",Kalamazoo City Precinct 22,Write-in,10
317,"REP Delegate Portage City, Precinct 1",Portage City Precinct 1,Write-in,7
318,"REP Delegate Portage City, Precinct 2",Portage City Precinct 2,Write-in,13
319,"REP Delegate Comstock Township, Precinct 6",Comstock Township Precinct 6,Write-in,1
320,"REP Delegate Cooper Township, Precinct 1",Cooper Township Precinct 1,Kathy Eickholt,143
320,"REP Delegate Cooper Township, Precinct 1",Cooper Township Precinct 1,Write-in,0
321,"REP Delegate Oshtemo Township, Precinct 6",Oshtemo Township Precinct 6,Write-in,26
322,"REP Delegate Oshtemo Township, Precinct 7",Oshtemo Township Precinct 7,Brandt Iden,143
322,"REP Delegate Oshtemo Township, Precinct 7",Oshtemo Township Precinct 7,Write-in,0
323,"REP Delegate Pavilion Township, Precinct 3",Pavilion Township Precinct 3,Write-in,13
324,"REP Delegate Schoolcraft Township, Precinct 2",Schoolcraft Township Precinct 2,Write-in,6
325,"REP Delegate Wakeshma Township, Precinct 1",Wakeshma Township Precinct 1,Write-in,9
326,"REP Delegate Kalamazoo City, Precinct 2",Kalamazoo City Precinct 2,Kath Marble,16
326,"REP Delegate Kalamazoo City, Precinct 2",Kalamazoo City Precinct 2,Charles Rhames,16
326,"REP Delegate Kalamazoo City, Precinct 2",Kalamazoo City Precinct 2,Write-in,3
327,"REP Delegate Kalamazoo City, Precinct 6",Kalamazoo City Precinct 6,Benjamin Green,122
327,"REP Delegate Kalamazoo City, Precinct 6",Kalamazoo City Precinct 6,Write-in,27
328,"REP Delegate Kalamazoo City, Precinct 10",Kalamazoo City Precinct 10,Write-in,26
329,"REP Delegate Kalamazoo City, Precinct 12",Kalamazoo City Precinct 12,Write-in,50
330,"REP Delegate Kalamazoo City, Precinct 16",Kalamazoo City Precinct 16,Write-in,49
331,"REP Delegate Kalamazoo City, Precinct 20",Kalamazoo City Precinct 20,Write-in,31
332,"REP Delegate Kalamazoo City, Precinct 25",Kalamazoo City Precinct 25,Mary Balkema,121
332,"REP Delegate Kalamazoo City, Precinct 25",Kalamazoo City Precinct 25,Erica P. Gatmaitan,95
332,"REP Delegate Kalamazoo City, Precinct 25",Kalamazoo City Precinct 25,Phillip R. Reames,100
332,"REP Delegate Kalamazoo City, Precinct 25",Kalamazoo City Precinct 25,Write-in,2
333,"REP Delegate Kalamazoo City, Precinct 26",Kalamazoo City Precinct 26,Write-in,32
334,"REP Delegate Parchment City, Precinct 1",Parchment City Precinct 1,Write-in,23
335,"REP Delegate Portage City, Precinct 20",Portage City Precinct 20,Write-in,24
336,"REP Delegate Alamo Township, Precinct 1",Alamo 1,Write-in,3
337,"REP Delegate Comstock Township, Precinct 2",Comstock Township Precinct 2,Jerry Amos,202
337,"REP Delegate Comstock Township, Precinct 2",Comstock Township Precinct 2,Shirley A. Amos,193
337,"REP Delegate Comstock Township, Precinct 2",Comstock Township Precinct 2,Write-in,3
338,"REP Delegate Cooper Township, Precinct 2",Cooper Township Precinct 2,Steven E. Burnham,228
338,"REP Delegate Cooper Township, Precinct 2",Cooper Township Precinct 2,Write-in,1
339,"REP Delegate Oshtemo Township, Precinct 3",Oshtemo Township Precinct 3,Write-in,12
340,"REP Delegate Oshtemo Township, Precinct 4",Oshtemo Township Precinct 4,Steven Kuivenhoven,165
340,"REP Delegate Oshtemo Township, Precinct 4",Oshtemo Township Precinct 4,Dale Shugars,189
340,"REP Delegate Oshtemo Township, Precinct 4",Oshtemo Township Precinct 4,Debbie Shugars,171
340,"REP Delegate Oshtemo Township, Precinct 4",Oshtemo Township Precinct 4,Write-in,4
341,"REP Delegate Pavilion Township, Precinct 2",Pavilion Township Precinct 2,Colleen Marie Issa,139
341,"REP Delegate Pavilion Township, Precinct 2",Pavilion Township Precinct 2,Robyn Maxson,149
341,"REP Delegate Pavilion Township, Precinct 2",Pavilion Township Precinct 2,Ronald White,151
341,"REP Delegate Pavilion Township, Precinct 2",Pavilion Township Precinct 2,Write-in,7
342,"REP Delegate Schoolcraft Township, Precinct 4",Schoolcraft Township Precinct 4,Write-in,28
343,"REP Delegate Texas Township, Precinct 3",Texas Township Precinct 3,Write-in,28
344,"REP Delegate Portage City, Precinct 5",Portage City Precinct 5,Tyjon O'Brien,186
344,"REP Delegate Portage City, Precinct 5",Portage City Precinct 5,Write-in,1
345,"REP Delegate Portage City, Precinct 9",Portage City Precinct 9,Mary Ellen Agar,188
345,"REP Delegate Portage City, Precinct 9",Portage City Precinct 9,Write-in,0
346,"REP Delegate Portage City, Precinct 15",Portage City Precinct 15,Brian Kincaid,162
346,"REP Delegate Portage City, Precinct 15",Portage City Precinct 15,Write-in,3
347,"REP Delegate Portage City, Precinct 19",Portage City Precinct 19,Mona Lisa Watson,198
347,"REP Delegate Portage City, Precinct 19",Portage City Precinct 19,Write-in,1
348,"REP Delegate Charleston Township, Precinct 1",Charleston Township Precinct 1,Alice Berger,340
348,"REP Delegate Charleston Township, Precinct 1",Charleston Township Precinct 1,"Robert D. Berger, Sr.",342
348,"REP Delegate Charleston Township, Precinct 1",Charleston Township Precinct 1,Write-in,4
349,"REP Delegate Comstock Township, Precinct 3",Comstock Township Precinct 3,Roger Edward Tuinier,195
349,"REP Delegate Comstock Township, Precinct 3",Comstock Township Precinct 3,Write-in,3
350,"REP Delegate Comstock Township, Precinct 4",Comstock Township Precinct 4,Donna Calvaruso,151
350,"REP Delegate Comstock Township, Precinct 4",Comstock Township Precinct 4,Joe Calvaruso,134
350,"REP Delegate Comstock Township, Precinct 4",Comstock Township Precinct 4,Write-in,1
351,"REP Delegate Comstock Township, Precinct 5",Comstock Township Precinct 5,Write-in,1
352,"REP Delegate Oshtemo Township, Precinct 1",Oshtemo Township Precinct 1,Gene Clem,146
352,"REP Delegate Oshtemo Township, Precinct 1",Oshtemo Township Precinct 1,Brian G. Long,157
352,"REP Delegate Oshtemo Township, Precinct 1",Oshtemo Township Precinct 1,Write-in,5
353,"REP Delegate Oshtemo Township, Precinct 9",Oshtemo Township Precinct 9,Write-in,9
354,"REP Delegate Schoolcraft Township, Precinct 1",Schoolcraft Township Precinct 1,Write-in,17
355,"REP Delegate Portage City, Precinct 11",Portage City Precinct 11,Write-in,56
356,"REP Delegate Portage City, Precinct 14",Portage City Precinct 14,Write-in,20
357,"REP Delegate Portage City, Precinct 18",Portage City Precinct 18,Mary Ann Flinn,175
357,"REP Delegate Portage City, Precinct 18",Portage City Precinct 18,Brian L. Lenardson,169
357,"REP Delegate Portage City, Precinct 18",Portage City Precinct 18,Carrie Prendergast,179
357,"REP Delegate Portage City, Precinct 18",Portage City Precinct 18,Write-in,1
358,"REP Delegate Kalamazoo Township, Precinct 3",Kalamazoo Township Precinct 3,Write-in,23
359,"REP Delegate Kalamazoo Township, Precinct 7",Kalamazoo Township Precinct 7,Joanna Croes,204
359,"REP Delegate Kalamazoo Township, Precinct 7",Kalamazoo Township Precinct 7,Gary E. Mitchell,208
359,"REP Delegate Kalamazoo Township, Precinct 7",Kalamazoo Township Precinct 7,Write-in,0
360,"REP Delegate Richland Township, Precinct 2",Richland Township Precinct 2,Write-in,10
361,"REP Delegate Portage City, Precinct 3",Portage City Precinct 3,Write-in,22
362,"REP Delegate Portage City, Precinct 4",Portage City Precinct 4,Lisa Brayton,216
362,"REP Delegate Portage City, Precinct 4",Portage City Precinct 4,Write-in,0
363,"REP Delegate Portage City, Precinct 6",Portage City Precinct 6,Write-in,101
364,"REP Delegate Portage City, Precinct 8",Portage City Precinct 8,Jason Mac Howard,233
364,"REP Delegate Portage City, Precinct 8",Portage City Precinct 8,Write-in,1
365,"REP Delegate Portage City, Precinct 17",Portage City Precinct 17,Lee R. Hutt,215
365,"REP Delegate Portage City, Precinct 17",Portage City Precinct 17,Desiree Lamphier,225
365,"REP Delegate Portage City, Precinct 17",Portage City Precinct 17,Anton Tony Lorentz,218
365,"REP Delegate Portage City, Precinct 17",Portage City Precinct 17,Mark Anthony Martin,222
365,"REP Delegate Portage City, Precinct 17",Portage City Precinct 17,Scott D. McGraw,255
365,"REP Delegate Portage City, Precinct 17",Portage City Precinct 17,Write-in,0
366,"REP Delegate Brady Township, Precinct 1",Brady Township Precinct 1,Write-in,1
367,"REP Delegate Brady Township, Precinct 2",Brady Township Precinct 2,Write-in,53
368,"REP Delegate Climax Township, Precinct 1",Climax Township Precinct 1,Shannon D. Bagley,444
368,"REP Delegate Climax Township, Precinct 1",Climax Township Precinct 1,Write-in,0
369,"REP Delegate Comstock Township, Precinct 1",Comstock Township Precinct 1,Write-in,20
370,"REP Delegate Cooper Township, Precinct 3",Cooper Township Precinct 3,Kenneth Frederick Ball,265
370,"REP Delegate Cooper Township, Precinct 3",Cooper Township Precinct 3,Mart Janssen,289
370,"REP Delegate Cooper Township, Precinct 3",Cooper Township Precinct 3,Write-in,24
371,"REP Delegate Portage City, Precinct 10",Portage City Precinct 10,Charley Coss,255
371,"REP Delegate Portage City, Precinct 10",Portage City Precinct 10,Kathleen Olmsted,269
371,"REP Delegate Portage City, Precinct 10",Portage City Precinct 10,Write-in,1
372,"REP Delegate Portage City, Precinct 12",Portage City Precinct 12,Nancy Colburn,274
372,"REP Delegate Portage City, Precinct 12",Portage City Precinct 12,John W. Zull,289
372,"REP Delegate Portage City, Precinct 12",Portage City Precinct 12,Write-in,6
373,"REP Delegate Portage City, Precinct 16",Portage City Precinct 16,Emily Kuchmuk,232
373,"REP Delegate Portage City, Precinct 16",Portage City Precinct 16,Write-in,4
374,"REP Delegate Alamo Township, Precinct 2",Alamo Township Precinct 2,Write-in,14
375,"REP Delegate Oshtemo Township, Precinct 2",Oshtemo Township Precinct 2,Tom Graham,249
375,"REP Delegate Oshtemo Township, Precinct 2",Oshtemo Township Precinct 2,Write-in,8
376,"REP Delegate Pavilion Township, Precinct 1",Pavilion Township Precinct 1,George Beuckelaere,225
376,"REP Delegate Pavilion Township, Precinct 1",Pavilion Township Precinct 1,Janet T. Beuckelaere,223
376,"REP Delegate Pavilion Township, Precinct 1",Pavilion Township Precinct 1,David Eyke,217
376,"REP Delegate Pavilion Township, Precinct 1",Pavilion Township Precinct 1,Gail Gisler,226
376,"REP Delegate Pavilion Township, Precinct 1",Pavilion Township Precinct 1,John Gisler,237
376,"REP Delegate Pavilion Township, Precinct 1",Pavilion Township Precinct 1,Write-in,9
377,"REP Delegate Prairie Ronde Township, Precinct 1",Prairie Ronde Township Precinct 1,Dave Brooks,230
377,"REP Delegate Prairie Ronde Township, Precinct 1",Prairie Ronde Township Precinct 1,Mollie Brown Harblieb,240
377,"REP Delegate Prairie Ronde Township, Precinct 1",Prairie Ronde Township Precinct 1,Diane R. Taylor,236
377,"REP Delegate Prairie Ronde Township, Precinct 1",Prairie Ronde Township Precinct 1,Frederick J. Taylor,248
377,"REP Delegate Prairie Ronde Township, Precinct 1",Prairie Ronde Township Precinct 1,Write-in,11
378,"REP Delegate Richland Township, Precinct 3",Richland Township Precinct 3,Jamie Swafford,271
378,"REP Delegate Richland Township, Precinct 3",Richland Township Precinct 3,Thomas Swafford,281
378,"REP Delegate Richland Township, Precinct 3",Richland Township Precinct 3,Write-in,4
379,"REP Delegate Ross Township, Precinct 1",Ross Township Precinct 1,Write-in,24
380,"REP Delegate Schoolcraft Township, Precinct 3",Schoolcraft Township Precinct 3,Paul W Kalvig,330
380,"REP Delegate Schoolcraft Township, Precinct 3",Schoolcraft Township Precinct 3,Write-in,16
381,"REP Delegate Texas Township, Precinct 2",Texas Township Precinct 2,Write-in,2
382,"REP Delegate Portage City, Precinct 13",Portage City Precinct 13,Write-in,43
383,"REP Delegate Richland Township, Precinct 1",Richland Township Precinct 1,Paul J. Foust,301
383,"REP Delegate Richland Township, Precinct 1",Richland Township Precinct 1,Gail Koporetz,286
383,"REP Delegate Richland Township, Precinct 1",Richland Township Precinct 1,Write-in,8
384,"REP Delegate Ross Township, Precinct 2",Ross Township Precinct 2,Todd White,397
384,"REP Delegate Ross Township, Precinct 2",Ross Township Precinct 2,Write-in,4
385,"REP Delegate Texas Township, Precinct 1",Texas Township Precinct 1,John R. Beck,246
385,"REP Delegate Texas Township, Precinct 1",Texas Township Precinct 1,Janet T Quiring,223
385,"REP Delegate Texas Township, Precinct 1",Texas Township Precinct 1,Write-in,5
386,"REP Delegate Texas Township, Precinct 4",Texas Township Precinct 4,Kevin Mazer,280
386,"REP Delegate Texas Township, Precinct 4",Texas Township Precinct 4,Wendy Mazer,271
386,"REP Delegate Texas Township, Precinct 4",Texas Township Precinct 4,Write-in,28
387,"REP Delegate Texas Township, Precinct 5",Texas Township Precinct 5,Tim Brown,344
387,"REP Delegate Texas Township, Precinct 5",Texas Township Precinct 5,Write-in,12
388,"REP Delegate Cooper Township, Precinct 4",Cooper Township Precinct 4,Robert L. Hosack,395
388,"REP Delegate Cooper Township, Precinct 4",Cooper Township Precinct 4,Sally D. Hosack,379
388,"REP Delegate Cooper Township, Precinct 4",Cooper Township Precinct 4,Write-in,2
389,"REP Delegate Texas Township, Precinct 6",Texas Township Precinct 6,Bronwyn Haltom,310
389,"REP Delegate Texas Township, Precinct 6",Texas Township Precinct 6,Write-in,4
390,Athens Area Schools Sinking Fund,Wakeshma Township Precinct 1,Yes,25
390,Athens Area Schools Sinking Fund,Wakeshma Township Precinct 1,No,21
391,Allegan AESA Special Education Millage,Alamo 1,Yes,211
391,Allegan AESA Special Education Millage,Alamo 1,No,236
391,Allegan AESA Special Education Millage,Alamo Township Precinct 2,Yes,341
391,Allegan AESA Special Education Millage,Alamo Township Precinct 2,No,346
391,Allegan AESA Special Education Millage,Cooper Township Precinct 1,Yes,188
391,Allegan AESA Special Education Millage,Cooper Township Precinct 1,No,155
391,Allegan AESA Special Education Millage,Cooper Township Precinct 2,Yes,84
391,Allegan AESA Special Education Millage,Cooper Township Precinct 2,No,72
391,Allegan AESA Special Education Millage,Cooper Township Precinct 4,Yes,409
391,Allegan AESA Special Education Millage,Cooper Township Precinct 4,No,374
391,Allegan AESA Special Education Millage,Oshtemo Township Precinct 1,Yes,282
391,Allegan AESA Special Education Millage,Oshtemo Township Precinct 1,No,243
392,Allegan AESA Career & Technical Education Millage,Alamo 1,Yes,222
392,Allegan AESA Career & Technical Education Millage,Alamo 1,No,228
392,Allegan AESA Career & Technical Education Millage,Alamo Township Precinct 2,Yes,361
392,Allegan AESA Career & Technical Education Millage,Alamo Township Precinct 2,No,329
392,Allegan AESA Career & Technical Education Millage,Cooper Township Precinct 1,Yes,197
392,Allegan AESA Career & Technical Education Millage,Cooper Township Precinct 1,No,143
392,Allegan AESA Career & Technical Education Millage,Cooper Township Precinct 2,Yes,88
392,Allegan AESA Career & Technical Education Millage,Cooper Township Precinct 2,No,68
392,Allegan AESA Career & Technical Education Millage,Cooper Township Precinct 4,Yes,426
392,Allegan AESA Career & Technical Education Millage,Cooper Township Precinct 4,No,356
392,Allegan AESA Career & Technical Education Millage,Oshtemo Township Precinct 1,Yes,288
392,Allegan AESA Career & Technical Education Millage,Oshtemo Township Precinct 1,No,235
