Contest,Precinct,Candidate/Choice,Votes,ContestKey
DEM- Governor,"Argentine Township, Precinct 1",Jocelyn Benson,228,59
DEM- Governor,"Argentine Township, Precinct 1",Christopher Robert Swanson,184,59
DEM- Governor,"Argentine Township, Precinct 1",Justin Blackburn,0,59
DEM- Governor,"Argentine Township, Precinct 2",Jocelyn Benson,194,59
DEM- Governor,"Argentine Township, Precinct 2",Christopher Robert Swanson,197,59
DEM- Governor,"Argentine Township, Precinct 2",Justin Blackburn,0,59
DEM- Governor,"Argentine Township, Precinct 3",Jocelyn Benson,57,59
DEM- Governor,"Argentine Township, Precinct 3",Christopher Robert Swanson,51,59
DEM- Governor,"Argentine Township, Precinct 3",Justin Blackburn,0,59
DEM- Governor,"Atlas Township, Precinct 1",Jocelyn Benson,237,59
DEM- Governor,"Atlas Township, Precinct 1",Christopher Robert Swanson,224,59
DEM- Governor,"Atlas Township, Precinct 1",Justin Blackburn,0,59
DEM- Governor,"Atlas Township, Precinct 2",Jocelyn Benson,190,59
DEM- Governor,"Atlas Township, Precinct 2",Christopher Robert Swanson,130,59
DEM- Governor,"Atlas Township, Precinct 2",Justin Blackburn,0,59
DEM- Governor,"Atlas Township, Precinct 3",Jocelyn Benson,258,59
DEM- Governor,"Atlas Township, Precinct 3",Christopher Robert Swanson,212,59
DEM- Governor,"Atlas Township, Precinct 3",Justin Blackburn,0,59
DEM- Governor,"City of Burton, Precinct 1",Jocelyn Benson,102,59
DEM- Governor,"City of Burton, Precinct 1",Christopher Robert Swanson,86,59
DEM- Governor,"City of Burton, Precinct 1",Justin Blackburn,0,59
DEM- Governor,"City of Burton, Precinct 2",Jocelyn Benson,271,59
DEM- Governor,"City of Burton, Precinct 2",Christopher Robert Swanson,261,59
DEM- Governor,"City of Burton, Precinct 2",Justin Blackburn,0,59
DEM- Governor,"City of Burton, Precinct 3",Jocelyn Benson,334,59
DEM- Governor,"City of Burton, Precinct 3",Christopher Robert Swanson,302,59
DEM- Governor,"City of Burton, Precinct 3",Justin Blackburn,0,59
DEM- Governor,"City of Burton, Precinct 4",Jocelyn Benson,422,59
DEM- Governor,"City of Burton, Precinct 4",Christopher Robert Swanson,453,59
DEM- Governor,"City of Burton, Precinct 4",Justin Blackburn,0,59
DEM- Governor,"City of Burton, Precinct 5",Jocelyn Benson,337,59
DEM- Governor,"City of Burton, Precinct 5",Christopher Robert Swanson,327,59
DEM- Governor,"City of Burton, Precinct 5",Justin Blackburn,0,59
DEM- Governor,"City of Burton, Precinct 6",Jocelyn Benson,274,59
DEM- Governor,"City of Burton, Precinct 6",Christopher Robert Swanson,264,59
DEM- Governor,"City of Burton, Precinct 6",Justin Blackburn,0,59
DEM- Governor,"City of Burton, Precinct 7",Jocelyn Benson,328,59
DEM- Governor,"City of Burton, Precinct 7",Christopher Robert Swanson,314,59
DEM- Governor,"City of Burton, Precinct 7",Justin Blackburn,0,59
DEM- Governor,"Clayton Township, Precinct 1",Jocelyn Benson,298,59
DEM- Governor,"Clayton Township, Precinct 1",Christopher Robert Swanson,233,59
DEM- Governor,"Clayton Township, Precinct 1",Justin Blackburn,0,59
DEM- Governor,"Clayton Township, Precinct 2",Jocelyn Benson,220,59
DEM- Governor,"Clayton Township, Precinct 2",Christopher Robert Swanson,168,59
DEM- Governor,"Clayton Township, Precinct 2",Justin Blackburn,0,59
DEM- Governor,"Clayton Township, Precinct 3",Jocelyn Benson,129,59
DEM- Governor,"Clayton Township, Precinct 3",Christopher Robert Swanson,163,59
DEM- Governor,"Clayton Township, Precinct 3",Justin Blackburn,0,59
DEM- Governor,"Clayton Township, Precinct 4",Jocelyn Benson,91,59
DEM- Governor,"Clayton Township, Precinct 4",Christopher Robert Swanson,119,59
DEM- Governor,"Clayton Township, Precinct 4",Justin Blackburn,0,59
DEM- Governor,"City of Clio, Precinct 1",Jocelyn Benson,177,59
DEM- Governor,"City of Clio, Precinct 1",Christopher Robert Swanson,170,59
DEM- Governor,"City of Clio, Precinct 1",Justin Blackburn,0,59
DEM- Governor,"City of Davison, Precinct 1",Jocelyn Benson,238,59
DEM- Governor,"City of Davison, Precinct 1",Christopher Robert Swanson,179,59
DEM- Governor,"City of Davison, Precinct 1",Justin Blackburn,0,59
DEM- Governor,"City of Davison, Precinct 2",Jocelyn Benson,259,59
DEM- Governor,"City of Davison, Precinct 2",Christopher Robert Swanson,181,59
DEM- Governor,"City of Davison, Precinct 2",Justin Blackburn,0,59
DEM- Governor,"Davison Township, Precinct 1",Jocelyn Benson,242,59
DEM- Governor,"Davison Township, Precinct 1",Christopher Robert Swanson,194,59
DEM- Governor,"Davison Township, Precinct 1",Justin Blackburn,0,59
DEM- Governor,"Davison Township, Precinct 2",Jocelyn Benson,225,59
DEM- Governor,"Davison Township, Precinct 2",Christopher Robert Swanson,197,59
DEM- Governor,"Davison Township, Precinct 2",Justin Blackburn,0,59
DEM- Governor,"Davison Township, Precinct 3",Jocelyn Benson,161,59
DEM- Governor,"Davison Township, Precinct 3",Christopher Robert Swanson,118,59
DEM- Governor,"Davison Township, Precinct 3",Justin Blackburn,0,59
DEM- Governor,"Davison Township, Precinct 4",Jocelyn Benson,275,59
DEM- Governor,"Davison Township, Precinct 4",Christopher Robert Swanson,214,59
DEM- Governor,"Davison Township, Precinct 4",Justin Blackburn,0,59
DEM- Governor,"Davison Township, Precinct 5",Jocelyn Benson,148,59
DEM- Governor,"Davison Township, Precinct 5",Christopher Robert Swanson,123,59
DEM- Governor,"Davison Township, Precinct 5",Justin Blackburn,0,59
DEM- Governor,"Davison Township, Precinct 6",Jocelyn Benson,224,59
DEM- Governor,"Davison Township, Precinct 6",Christopher Robert Swanson,169,59
DEM- Governor,"Davison Township, Precinct 6",Justin Blackburn,0,59
DEM- Governor,"Davison Township, Precinct 7",Jocelyn Benson,121,59
DEM- Governor,"Davison Township, Precinct 7",Christopher Robert Swanson,140,59
DEM- Governor,"Davison Township, Precinct 7",Justin Blackburn,0,59
DEM- Governor,"Davison Township, Precinct 8",Jocelyn Benson,313,59
DEM- Governor,"Davison Township, Precinct 8",Christopher Robert Swanson,267,59
DEM- Governor,"Davison Township, Precinct 8",Justin Blackburn,0,59
DEM- Governor,"City of Fenton, Precinct 1",Jocelyn Benson,177,59
DEM- Governor,"City of Fenton, Precinct 1",Christopher Robert Swanson,114,59
DEM- Governor,"City of Fenton, Precinct 1",Justin Blackburn,0,59
DEM- Governor,"City of Fenton, Precinct 2",Jocelyn Benson,465,59
DEM- Governor,"City of Fenton, Precinct 2",Christopher Robert Swanson,307,59
DEM- Governor,"City of Fenton, Precinct 2",Justin Blackburn,0,59
DEM- Governor,"City of Fenton, Precinct 3",Jocelyn Benson,389,59
DEM- Governor,"City of Fenton, Precinct 3",Christopher Robert Swanson,277,59
DEM- Governor,"City of Fenton, Precinct 3",Justin Blackburn,0,59
DEM- Governor,"Fenton Township, Precinct 1",Jocelyn Benson,298,59
DEM- Governor,"Fenton Township, Precinct 1",Christopher Robert Swanson,263,59
DEM- Governor,"Fenton Township, Precinct 1",Justin Blackburn,0,59
DEM- Governor,"Fenton Township, Precinct 2",Jocelyn Benson,292,59
DEM- Governor,"Fenton Township, Precinct 2",Christopher Robert Swanson,211,59
DEM- Governor,"Fenton Township, Precinct 2",Justin Blackburn,0,59
DEM- Governor,"Fenton Township, Precinct 3",Jocelyn Benson,262,59
DEM- Governor,"Fenton Township, Precinct 3",Christopher Robert Swanson,235,59
DEM- Governor,"Fenton Township, Precinct 3",Justin Blackburn,0,59
DEM- Governor,"Fenton Township, Precinct 4",Jocelyn Benson,235,59
DEM- Governor,"Fenton Township, Precinct 4",Christopher Robert Swanson,219,59
DEM- Governor,"Fenton Township, Precinct 4",Justin Blackburn,0,59
DEM- Governor,"Fenton Township, Precinct 5",Jocelyn Benson,299,59
DEM- Governor,"Fenton Township, Precinct 5",Christopher Robert Swanson,218,59
DEM- Governor,"Fenton Township, Precinct 5",Justin Blackburn,0,59
DEM- Governor,"Fenton Township, Precinct 6",Jocelyn Benson,294,59
DEM- Governor,"Fenton Township, Precinct 6",Christopher Robert Swanson,230,59
DEM- Governor,"Fenton Township, Precinct 6",Justin Blackburn,0,59
DEM- Governor,"City of Flint, Precinct 1",Jocelyn Benson,413,59
DEM- Governor,"City of Flint, Precinct 1",Christopher Robert Swanson,476,59
DEM- Governor,"City of Flint, Precinct 1",Justin Blackburn,0,59
DEM- Governor,"City of Flint, Precinct 2",Jocelyn Benson,289,59
DEM- Governor,"City of Flint, Precinct 2",Christopher Robert Swanson,330,59
DEM- Governor,"City of Flint, Precinct 2",Justin Blackburn,0,59
DEM- Governor,"City of Flint, Precinct 3",Jocelyn Benson,6,59
DEM- Governor,"City of Flint, Precinct 3",Christopher Robert Swanson,11,59
DEM- Governor,"City of Flint, Precinct 3",Justin Blackburn,0,59
DEM- Governor,"City of Flint, Precinct 4",Jocelyn Benson,110,59
DEM- Governor,"City of Flint, Precinct 4",Christopher Robert Swanson,99,59
DEM- Governor,"City of Flint, Precinct 4",Justin Blackburn,0,59
DEM- Governor,"City of Flint, Precinct 5",Jocelyn Benson,296,59
DEM- Governor,"City of Flint, Precinct 5",Christopher Robert Swanson,300,59
DEM- Governor,"City of Flint, Precinct 5",Justin Blackburn,0,59
DEM- Governor,"City of Flint, Precinct 6",Jocelyn Benson,315,59
DEM- Governor,"City of Flint, Precinct 6",Christopher Robert Swanson,358,59
DEM- Governor,"City of Flint, Precinct 6",Justin Blackburn,0,59
DEM- Governor,"City of Flint, Precinct 7",Jocelyn Benson,83,59
DEM- Governor,"City of Flint, Precinct 7",Christopher Robert Swanson,133,59
DEM- Governor,"City of Flint, Precinct 7",Justin Blackburn,0,59
DEM- Governor,"City of Flint, Precinct 8",Jocelyn Benson,142,59
DEM- Governor,"City of Flint, Precinct 8",Christopher Robert Swanson,126,59
DEM- Governor,"City of Flint, Precinct 8",Justin Blackburn,0,59
DEM- Governor,"City of Flint, Precinct 9",Jocelyn Benson,136,59
DEM- Governor,"City of Flint, Precinct 9",Christopher Robert Swanson,160,59
DEM- Governor,"City of Flint, Precinct 9",Justin Blackburn,0,59
DEM- Governor,"City of Flint, Precinct 10",Jocelyn Benson,91,59
DEM- Governor,"City of Flint, Precinct 10",Christopher Robert Swanson,110,59
DEM- Governor,"City of Flint, Precinct 10",Justin Blackburn,0,59
DEM- Governor,"City of Flint, Precinct 11",Jocelyn Benson,150,59
DEM- Governor,"City of Flint, Precinct 11",Christopher Robert Swanson,146,59
DEM- Governor,"City of Flint, Precinct 11",Justin Blackburn,0,59
DEM- Governor,"City of Flint, Precinct 12",Jocelyn Benson,242,59
DEM- Governor,"City of Flint, Precinct 12",Christopher Robert Swanson,198,59
DEM- Governor,"City of Flint, Precinct 12",Justin Blackburn,0,59
DEM- Governor,"City of Flint, Precinct 13",Jocelyn Benson,4,59
DEM- Governor,"City of Flint, Precinct 13",Christopher Robert Swanson,5,59
DEM- Governor,"City of Flint, Precinct 13",Justin Blackburn,0,59
DEM- Governor,"City of Flint, Precinct 14",Jocelyn Benson,351,59
DEM- Governor,"City of Flint, Precinct 14",Christopher Robert Swanson,358,59
DEM- Governor,"City of Flint, Precinct 14",Justin Blackburn,0,59
DEM- Governor,"City of Flint, Precinct 15",Jocelyn Benson,302,59
DEM- Governor,"City of Flint, Precinct 15",Christopher Robert Swanson,238,59
DEM- Governor,"City of Flint, Precinct 15",Justin Blackburn,0,59
DEM- Governor,"City of Flint, Precinct 16",Jocelyn Benson,298,59
DEM- Governor,"City of Flint, Precinct 16",Christopher Robert Swanson,234,59
DEM- Governor,"City of Flint, Precinct 16",Justin Blackburn,0,59
DEM- Governor,"City of Flint, Precinct 17",Jocelyn Benson,186,59
DEM- Governor,"City of Flint, Precinct 17",Christopher Robert Swanson,174,59
DEM- Governor,"City of Flint, Precinct 17",Justin Blackburn,0,59
DEM- Governor,"City of Flint, Precinct 18",Jocelyn Benson,26,59
DEM- Governor,"City of Flint, Precinct 18",Christopher Robert Swanson,46,59
DEM- Governor,"City of Flint, Precinct 18",Justin Blackburn,0,59
DEM- Governor,"City of Flint, Precinct 19",Jocelyn Benson,150,59
DEM- Governor,"City of Flint, Precinct 19",Christopher Robert Swanson,113,59
DEM- Governor,"City of Flint, Precinct 19",Justin Blackburn,0,59
DEM- Governor,"City of Flint, Precinct 20",Jocelyn Benson,472,59
DEM- Governor,"City of Flint, Precinct 20",Christopher Robert Swanson,284,59
DEM- Governor,"City of Flint, Precinct 20",Justin Blackburn,0,59
DEM- Governor,"City of Flint, Precinct 21",Jocelyn Benson,567,59
DEM- Governor,"City of Flint, Precinct 21",Christopher Robert Swanson,428,59
DEM- Governor,"City of Flint, Precinct 21",Justin Blackburn,0,59
DEM- Governor,"City of Flint, Precinct 22",Jocelyn Benson,15,59
DEM- Governor,"City of Flint, Precinct 22",Christopher Robert Swanson,12,59
DEM- Governor,"City of Flint, Precinct 22",Justin Blackburn,0,59
DEM- Governor,"City of Flint, Precinct 23",Jocelyn Benson,425,59
DEM- Governor,"City of Flint, Precinct 23",Christopher Robert Swanson,378,59
DEM- Governor,"City of Flint, Precinct 23",Justin Blackburn,0,59
DEM- Governor,"City of Flint, Precinct 24",Jocelyn Benson,185,59
DEM- Governor,"City of Flint, Precinct 24",Christopher Robert Swanson,166,59
DEM- Governor,"City of Flint, Precinct 24",Justin Blackburn,0,59
DEM- Governor,"City of Flint, Precinct 25",Jocelyn Benson,43,59
DEM- Governor,"City of Flint, Precinct 25",Christopher Robert Swanson,20,59
DEM- Governor,"City of Flint, Precinct 25",Justin Blackburn,0,59
DEM- Governor,"City of Flint, Precinct 26",Jocelyn Benson,55,59
DEM- Governor,"City of Flint, Precinct 26",Christopher Robert Swanson,35,59
DEM- Governor,"City of Flint, Precinct 26",Justin Blackburn,0,59
DEM- Governor,"City of Flint, Precinct 27",Jocelyn Benson,2,59
DEM- Governor,"City of Flint, Precinct 27",Christopher Robert Swanson,2,59
DEM- Governor,"City of Flint, Precinct 27",Justin Blackburn,0,59
DEM- Governor,"City of Flint, Precinct 28",Jocelyn Benson,234,59
DEM- Governor,"City of Flint, Precinct 28",Christopher Robert Swanson,152,59
DEM- Governor,"City of Flint, Precinct 28",Justin Blackburn,0,59
DEM- Governor,"City of Flint, Precinct 29",Jocelyn Benson,168,59
DEM- Governor,"City of Flint, Precinct 29",Christopher Robert Swanson,179,59
DEM- Governor,"City of Flint, Precinct 29",Justin Blackburn,0,59
DEM- Governor,"Flint Township, Precinct 1",Jocelyn Benson,668,59
DEM- Governor,"Flint Township, Precinct 1",Christopher Robert Swanson,629,59
DEM- Governor,"Flint Township, Precinct 1",Justin Blackburn,0,59
DEM- Governor,"Flint Township, Precinct 2",Jocelyn Benson,341,59
DEM- Governor,"Flint Township, Precinct 2",Christopher Robert Swanson,373,59
DEM- Governor,"Flint Township, Precinct 2",Justin Blackburn,0,59
DEM- Governor,"Flint Township, Precinct 3",Jocelyn Benson,569,59
DEM- Governor,"Flint Township, Precinct 3",Christopher Robert Swanson,456,59
DEM- Governor,"Flint Township, Precinct 3",Justin Blackburn,0,59
DEM- Governor,"Flint Township, Precinct 4",Jocelyn Benson,146,59
DEM- Governor,"Flint Township, Precinct 4",Christopher Robert Swanson,118,59
DEM- Governor,"Flint Township, Precinct 4",Justin Blackburn,0,59
DEM- Governor,"Flint Township, Precinct 5",Jocelyn Benson,288,59
DEM- Governor,"Flint Township, Precinct 5",Christopher Robert Swanson,321,59
DEM- Governor,"Flint Township, Precinct 5",Justin Blackburn,0,59
DEM- Governor,"Flint Township, Precinct 6",Jocelyn Benson,116,59
DEM- Governor,"Flint Township, Precinct 6",Christopher Robert Swanson,96,59
DEM- Governor,"Flint Township, Precinct 6",Justin Blackburn,0,59
DEM- Governor,"Flint Township, Precinct 7",Jocelyn Benson,131,59
DEM- Governor,"Flint Township, Precinct 7",Christopher Robert Swanson,134,59
DEM- Governor,"Flint Township, Precinct 7",Justin Blackburn,0,59
DEM- Governor,"Flint Township, Precinct 8",Jocelyn Benson,404,59
DEM- Governor,"Flint Township, Precinct 8",Christopher Robert Swanson,451,59
DEM- Governor,"Flint Township, Precinct 8",Justin Blackburn,0,59
DEM- Governor,"City of Flushing, Precinct 1",Jocelyn Benson,229,59
DEM- Governor,"City of Flushing, Precinct 1",Christopher Robert Swanson,247,59
DEM- Governor,"City of Flushing, Precinct 1",Justin Blackburn,0,59
DEM- Governor,"City of Flushing, Precinct 2",Jocelyn Benson,277,59
DEM- Governor,"City of Flushing, Precinct 2",Christopher Robert Swanson,196,59
DEM- Governor,"City of Flushing, Precinct 2",Justin Blackburn,0,59
DEM- Governor,"City of Flushing, Precinct 3",Jocelyn Benson,232,59
DEM- Governor,"City of Flushing, Precinct 3",Christopher Robert Swanson,162,59
DEM- Governor,"City of Flushing, Precinct 3",Justin Blackburn,0,59
DEM- Governor,"City of Flushing, Precinct 4",Jocelyn Benson,226,59
DEM- Governor,"City of Flushing, Precinct 4",Christopher Robert Swanson,208,59
DEM- Governor,"City of Flushing, Precinct 4",Justin Blackburn,0,59
DEM- Governor,"Flushing Township, Precinct 1",Jocelyn Benson,249,59
DEM- Governor,"Flushing Township, Precinct 1",Christopher Robert Swanson,194,59
DEM- Governor,"Flushing Township, Precinct 1",Justin Blackburn,0,59
DEM- Governor,"Flushing Township, Precinct 2",Jocelyn Benson,184,59
DEM- Governor,"Flushing Township, Precinct 2",Christopher Robert Swanson,141,59
DEM- Governor,"Flushing Township, Precinct 2",Justin Blackburn,0,59
DEM- Governor,"Flushing Township, Precinct 3",Jocelyn Benson,321,59
DEM- Governor,"Flushing Township, Precinct 3",Christopher Robert Swanson,255,59
DEM- Governor,"Flushing Township, Precinct 3",Justin Blackburn,0,59
DEM- Governor,"Flushing Township, Precinct 4",Jocelyn Benson,245,59
DEM- Governor,"Flushing Township, Precinct 4",Christopher Robert Swanson,206,59
DEM- Governor,"Flushing Township, Precinct 4",Justin Blackburn,0,59
DEM- Governor,"Forest Township, Precinct 1",Jocelyn Benson,342,59
DEM- Governor,"Forest Township, Precinct 1",Christopher Robert Swanson,319,59
DEM- Governor,"Forest Township, Precinct 1",Justin Blackburn,0,59
DEM- Governor,"Gaines Township, Precinct 1",Jocelyn Benson,256,59
DEM- Governor,"Gaines Township, Precinct 1",Christopher Robert Swanson,217,59
DEM- Governor,"Gaines Township, Precinct 1",Justin Blackburn,0,59
DEM- Governor,"Gaines Township, Precinct 2",Jocelyn Benson,104,59
DEM- Governor,"Gaines Township, Precinct 2",Christopher Robert Swanson,123,59
DEM- Governor,"Gaines Township, Precinct 2",Justin Blackburn,0,59
DEM- Governor,"Gaines Township, Precinct 3",Jocelyn Benson,141,59
DEM- Governor,"Gaines Township, Precinct 3",Christopher Robert Swanson,176,59
DEM- Governor,"Gaines Township, Precinct 3",Justin Blackburn,0,59
DEM- Governor,"Genesee Township, Precinct 1",Jocelyn Benson,214,59
DEM- Governor,"Genesee Township, Precinct 1",Christopher Robert Swanson,182,59
DEM- Governor,"Genesee Township, Precinct 1",Justin Blackburn,0,59
DEM- Governor,"Genesee Township, Precinct 2",Jocelyn Benson,84,59
DEM- Governor,"Genesee Township, Precinct 2",Christopher Robert Swanson,99,59
DEM- Governor,"Genesee Township, Precinct 2",Justin Blackburn,0,59
DEM- Governor,"Genesee Township, Precinct 3",Jocelyn Benson,225,59
DEM- Governor,"Genesee Township, Precinct 3",Christopher Robert Swanson,219,59
DEM- Governor,"Genesee Township, Precinct 3",Justin Blackburn,0,59
DEM- Governor,"Genesee Township, Precinct 4",Jocelyn Benson,205,59
DEM- Governor,"Genesee Township, Precinct 4",Christopher Robert Swanson,181,59
DEM- Governor,"Genesee Township, Precinct 4",Justin Blackburn,0,59
DEM- Governor,"Genesee Township, Precinct 5",Jocelyn Benson,320,59
DEM- Governor,"Genesee Township, Precinct 5",Christopher Robert Swanson,324,59
DEM- Governor,"Genesee Township, Precinct 5",Justin Blackburn,0,59
DEM- Governor,"Genesee Township, Precinct 6",Jocelyn Benson,160,59
DEM- Governor,"Genesee Township, Precinct 6",Christopher Robert Swanson,207,59
DEM- Governor,"Genesee Township, Precinct 6",Justin Blackburn,0,59
DEM- Governor,"Genesee Township, Precinct 7",Jocelyn Benson,183,59
DEM- Governor,"Genesee Township, Precinct 7",Christopher Robert Swanson,143,59
DEM- Governor,"Genesee Township, Precinct 7",Justin Blackburn,0,59
DEM- Governor,"City of Grand Blanc, Precinct 1",Jocelyn Benson,518,59
DEM- Governor,"City of Grand Blanc, Precinct 1",Christopher Robert Swanson,311,59
DEM- Governor,"City of Grand Blanc, Precinct 1",Justin Blackburn,0,59
DEM- Governor,"City of Grand Blanc, Precinct 2",Jocelyn Benson,493,59
DEM- Governor,"City of Grand Blanc, Precinct 2",Christopher Robert Swanson,324,59
DEM- Governor,"City of Grand Blanc, Precinct 2",Justin Blackburn,0,59
DEM- Governor,"Grand Blanc Township, Precinct 1",Jocelyn Benson,393,59
DEM- Governor,"Grand Blanc Township, Precinct 1",Christopher Robert Swanson,417,59
DEM- Governor,"Grand Blanc Township, Precinct 1",Justin Blackburn,0,59
DEM- Governor,"Grand Blanc Township, Precinct 2",Jocelyn Benson,114,59
DEM- Governor,"Grand Blanc Township, Precinct 2",Christopher Robert Swanson,117,59
DEM- Governor,"Grand Blanc Township, Precinct 2",Justin Blackburn,0,59
DEM- Governor,"Grand Blanc Township, Precinct 3",Jocelyn Benson,474,59
DEM- Governor,"Grand Blanc Township, Precinct 3",Christopher Robert Swanson,425,59
DEM- Governor,"Grand Blanc Township, Precinct 3",Justin Blackburn,0,59
DEM- Governor,"Grand Blanc Township, Precinct 4",Jocelyn Benson,608,59
DEM- Governor,"Grand Blanc Township, Precinct 4",Christopher Robert Swanson,456,59
DEM- Governor,"Grand Blanc Township, Precinct 4",Justin Blackburn,0,59
DEM- Governor,"Grand Blanc Township, Precinct 5",Jocelyn Benson,284,59
DEM- Governor,"Grand Blanc Township, Precinct 5",Christopher Robert Swanson,108,59
DEM- Governor,"Grand Blanc Township, Precinct 5",Justin Blackburn,0,59
DEM- Governor,"Grand Blanc Township, Precinct 6",Jocelyn Benson,325,59
DEM- Governor,"Grand Blanc Township, Precinct 6",Christopher Robert Swanson,275,59
DEM- Governor,"Grand Blanc Township, Precinct 6",Justin Blackburn,0,59
DEM- Governor,"Grand Blanc Township, Precinct 7",Jocelyn Benson,578,59
DEM- Governor,"Grand Blanc Township, Precinct 7",Christopher Robert Swanson,408,59
DEM- Governor,"Grand Blanc Township, Precinct 7",Justin Blackburn,0,59
DEM- Governor,"Grand Blanc Township, Precinct 8",Jocelyn Benson,459,59
DEM- Governor,"Grand Blanc Township, Precinct 8",Christopher Robert Swanson,353,59
DEM- Governor,"Grand Blanc Township, Precinct 8",Justin Blackburn,0,59
DEM- Governor,"Grand Blanc Township, Precinct 9",Jocelyn Benson,337,59
DEM- Governor,"Grand Blanc Township, Precinct 9",Christopher Robert Swanson,276,59
DEM- Governor,"Grand Blanc Township, Precinct 9",Justin Blackburn,0,59
DEM- Governor,"Grand Blanc Township, Precinct 10",Jocelyn Benson,349,59
DEM- Governor,"Grand Blanc Township, Precinct 10",Christopher Robert Swanson,319,59
DEM- Governor,"Grand Blanc Township, Precinct 10",Justin Blackburn,0,59
DEM- Governor,"City of Linden, Precinct 1",Jocelyn Benson,377,59
DEM- Governor,"City of Linden, Precinct 1",Christopher Robert Swanson,303,59
DEM- Governor,"City of Linden, Precinct 1",Justin Blackburn,0,59
DEM- Governor,"City of Montrose, Precinct 1",Jocelyn Benson,94,59
DEM- Governor,"City of Montrose, Precinct 1",Christopher Robert Swanson,93,59
DEM- Governor,"City of Montrose, Precinct 1",Justin Blackburn,0,59
DEM- Governor,"Montrose Township, Precinct 1",Jocelyn Benson,82,59
DEM- Governor,"Montrose Township, Precinct 1",Christopher Robert Swanson,78,59
DEM- Governor,"Montrose Township, Precinct 1",Justin Blackburn,0,59
DEM- Governor,"Montrose Township, Precinct 2",Jocelyn Benson,72,59
DEM- Governor,"Montrose Township, Precinct 2",Christopher Robert Swanson,75,59
DEM- Governor,"Montrose Township, Precinct 2",Justin Blackburn,0,59
DEM- Governor,"Montrose Township, Precinct 3",Jocelyn Benson,80,59
DEM- Governor,"Montrose Township, Precinct 3",Christopher Robert Swanson,96,59
DEM- Governor,"Montrose Township, Precinct 3",Justin Blackburn,0,59
DEM- Governor,"Montrose Township, Precinct 4",Jocelyn Benson,99,59
DEM- Governor,"Montrose Township, Precinct 4",Christopher Robert Swanson,90,59
DEM- Governor,"Montrose Township, Precinct 4",Justin Blackburn,0,59
DEM- Governor,"City of Mount Morris, Precinct 1",Jocelyn Benson,154,59
DEM- Governor,"City of Mount Morris, Precinct 1",Christopher Robert Swanson,167,59
DEM- Governor,"City of Mount Morris, Precinct 1",Justin Blackburn,0,59
DEM- Governor,"Mount Morris Township, Precinct 1",Jocelyn Benson,71,59
DEM- Governor,"Mount Morris Township, Precinct 1",Christopher Robert Swanson,63,59
DEM- Governor,"Mount Morris Township, Precinct 1",Justin Blackburn,0,59
DEM- Governor,"Mount Morris Township, Precinct 2",Jocelyn Benson,153,59
DEM- Governor,"Mount Morris Township, Precinct 2",Christopher Robert Swanson,122,59
DEM- Governor,"Mount Morris Township, Precinct 2",Justin Blackburn,0,59
DEM- Governor,"Mount Morris Township, Precinct 3",Jocelyn Benson,99,59
DEM- Governor,"Mount Morris Township, Precinct 3",Christopher Robert Swanson,102,59
DEM- Governor,"Mount Morris Township, Precinct 3",Justin Blackburn,0,59
DEM- Governor,"Mount Morris Township, Precinct 4",Jocelyn Benson,217,59
DEM- Governor,"Mount Morris Township, Precinct 4",Christopher Robert Swanson,204,59
DEM- Governor,"Mount Morris Township, Precinct 4",Justin Blackburn,0,59
DEM- Governor,"Mount Morris Township, Precinct 5",Jocelyn Benson,138,59
DEM- Governor,"Mount Morris Township, Precinct 5",Christopher Robert Swanson,121,59
DEM- Governor,"Mount Morris Township, Precinct 5",Justin Blackburn,0,59
DEM- Governor,"Mount Morris Township, Precinct 6",Jocelyn Benson,95,59
DEM- Governor,"Mount Morris Township, Precinct 6",Christopher Robert Swanson,99,59
DEM- Governor,"Mount Morris Township, Precinct 6",Justin Blackburn,0,59
DEM- Governor,"Mount Morris Township, Precinct 7",Jocelyn Benson,201,59
DEM- Governor,"Mount Morris Township, Precinct 7",Christopher Robert Swanson,186,59
DEM- Governor,"Mount Morris Township, Precinct 7",Justin Blackburn,0,59
DEM- Governor,"Mount Morris Township, Precinct 8",Jocelyn Benson,146,59
DEM- Governor,"Mount Morris Township, Precinct 8",Christopher Robert Swanson,181,59
DEM- Governor,"Mount Morris Township, Precinct 8",Justin Blackburn,0,59
DEM- Governor,"Mount Morris Township, Precinct 9",Jocelyn Benson,102,59
DEM- Governor,"Mount Morris Township, Precinct 9",Christopher Robert Swanson,116,59
DEM- Governor,"Mount Morris Township, Precinct 9",Justin Blackburn,0,59
DEM- Governor,"Mount Morris Township, Precinct 10",Jocelyn Benson,95,59
DEM- Governor,"Mount Morris Township, Precinct 10",Christopher Robert Swanson,87,59
DEM- Governor,"Mount Morris Township, Precinct 10",Justin Blackburn,0,59
DEM- Governor,"Mundy Township, Precinct 1",Jocelyn Benson,361,59
DEM- Governor,"Mundy Township, Precinct 1",Christopher Robert Swanson,311,59
DEM- Governor,"Mundy Township, Precinct 1",Justin Blackburn,0,59
DEM- Governor,"Mundy Township, Precinct 2",Jocelyn Benson,194,59
DEM- Governor,"Mundy Township, Precinct 2",Christopher Robert Swanson,222,59
DEM- Governor,"Mundy Township, Precinct 2",Justin Blackburn,0,59
DEM- Governor,"Mundy Township, Precinct 3",Jocelyn Benson,296,59
DEM- Governor,"Mundy Township, Precinct 3",Christopher Robert Swanson,280,59
DEM- Governor,"Mundy Township, Precinct 3",Justin Blackburn,0,59
DEM- Governor,"Mundy Township, Precinct 4",Jocelyn Benson,158,59
DEM- Governor,"Mundy Township, Precinct 4",Christopher Robert Swanson,175,59
DEM- Governor,"Mundy Township, Precinct 4",Justin Blackburn,0,59
DEM- Governor,"Mundy Township, Precinct 5",Jocelyn Benson,137,59
DEM- Governor,"Mundy Township, Precinct 5",Christopher Robert Swanson,164,59
DEM- Governor,"Mundy Township, Precinct 5",Justin Blackburn,0,59
DEM- Governor,"Mundy Township, Precinct 6",Jocelyn Benson,97,59
DEM- Governor,"Mundy Township, Precinct 6",Christopher Robert Swanson,96,59
DEM- Governor,"Mundy Township, Precinct 6",Justin Blackburn,0,59
DEM- Governor,"Mundy Township, Precinct 7",Jocelyn Benson,165,59
DEM- Governor,"Mundy Township, Precinct 7",Christopher Robert Swanson,110,59
DEM- Governor,"Mundy Township, Precinct 7",Justin Blackburn,0,59
DEM- Governor,"Richfield Township, Precinct 1",Jocelyn Benson,517,59
DEM- Governor,"Richfield Township, Precinct 1",Christopher Robert Swanson,454,59
DEM- Governor,"Richfield Township, Precinct 1",Justin Blackburn,0,59
DEM- Governor,"Richfield Township, Precinct 2",Jocelyn Benson,203,59
DEM- Governor,"Richfield Township, Precinct 2",Christopher Robert Swanson,181,59
DEM- Governor,"Richfield Township, Precinct 2",Justin Blackburn,0,59
DEM- Governor,"City of Swartz Creek, Precinct 1",Jocelyn Benson,137,59
DEM- Governor,"City of Swartz Creek, Precinct 1",Christopher Robert Swanson,144,59
DEM- Governor,"City of Swartz Creek, Precinct 1",Justin Blackburn,0,59
DEM- Governor,"City of Swartz Creek, Precinct 2",Jocelyn Benson,141,59
DEM- Governor,"City of Swartz Creek, Precinct 2",Christopher Robert Swanson,130,59
DEM- Governor,"City of Swartz Creek, Precinct 2",Justin Blackburn,0,59
DEM- Governor,"City of Swartz Creek, Precinct 3",Jocelyn Benson,111,59
DEM- Governor,"City of Swartz Creek, Precinct 3",Christopher Robert Swanson,112,59
DEM- Governor,"City of Swartz Creek, Precinct 3",Justin Blackburn,0,59
DEM- Governor,"City of Swartz Creek, Precinct 4",Jocelyn Benson,226,59
DEM- Governor,"City of Swartz Creek, Precinct 4",Christopher Robert Swanson,173,59
DEM- Governor,"City of Swartz Creek, Precinct 4",Justin Blackburn,0,59
DEM- Governor,"Thetford Township, Precinct 1",Jocelyn Benson,184,59
DEM- Governor,"Thetford Township, Precinct 1",Christopher Robert Swanson,203,59
DEM- Governor,"Thetford Township, Precinct 1",Justin Blackburn,0,59
DEM- Governor,"Thetford Township, Precinct 2",Jocelyn Benson,211,59
DEM- Governor,"Thetford Township, Precinct 2",Christopher Robert Swanson,225,59
DEM- Governor,"Thetford Township, Precinct 2",Justin Blackburn,0,59
DEM- Governor,"Vienna Township, Precinct 1",Jocelyn Benson,213,59
DEM- Governor,"Vienna Township, Precinct 1",Christopher Robert Swanson,242,59
DEM- Governor,"Vienna Township, Precinct 1",Justin Blackburn,0,59
DEM- Governor,"Vienna Township, Precinct 2",Jocelyn Benson,195,59
DEM- Governor,"Vienna Township, Precinct 2",Christopher Robert Swanson,220,59
DEM- Governor,"Vienna Township, Precinct 2",Justin Blackburn,0,59
DEM- Governor,"Vienna Township, Precinct 3",Jocelyn Benson,192,59
DEM- Governor,"Vienna Township, Precinct 3",Christopher Robert Swanson,184,59
DEM- Governor,"Vienna Township, Precinct 3",Justin Blackburn,0,59
DEM- Governor,"Vienna Township, Precinct 4",Jocelyn Benson,208,59
DEM- Governor,"Vienna Township, Precinct 4",Christopher Robert Swanson,164,59
DEM- Governor,"Vienna Township, Precinct 4",Justin Blackburn,0,59
DEM- Governor,"Vienna Township, Precinct 5",Jocelyn Benson,139,59
DEM- Governor,"Vienna Township, Precinct 5",Christopher Robert Swanson,156,59
DEM- Governor,"Vienna Township, Precinct 5",Justin Blackburn,0,59
DEM- United States Senator,"Argentine Township, Precinct 1",Haley Stevens,221,93
DEM- United States Senator,"Argentine Township, Precinct 1",Abdul El-Sayed,163,93
DEM- United States Senator,"Argentine Township, Precinct 1",Mallory McMorrow,21,93
DEM- United States Senator,"Argentine Township, Precinct 2",Haley Stevens,169,93
DEM- United States Senator,"Argentine Township, Precinct 2",Abdul El-Sayed,187,93
DEM- United States Senator,"Argentine Township, Precinct 2",Mallory McMorrow,28,93
DEM- United States Senator,"Argentine Township, Precinct 3",Haley Stevens,58,93
DEM- United States Senator,"Argentine Township, Precinct 3",Abdul El-Sayed,48,93
DEM- United States Senator,"Argentine Township, Precinct 3",Mallory McMorrow,2,93
DEM- United States Senator,"Atlas Township, Precinct 1",Haley Stevens,257,93
DEM- United States Senator,"Atlas Township, Precinct 1",Abdul El-Sayed,183,93
DEM- United States Senator,"Atlas Township, Precinct 1",Mallory McMorrow,11,93
DEM- United States Senator,"Atlas Township, Precinct 2",Haley Stevens,139,93
DEM- United States Senator,"Atlas Township, Precinct 2",Abdul El-Sayed,159,93
DEM- United States Senator,"Atlas Township, Precinct 2",Mallory McMorrow,15,93
DEM- United States Senator,"Atlas Township, Precinct 3",Haley Stevens,234,93
DEM- United States Senator,"Atlas Township, Precinct 3",Abdul El-Sayed,204,93
DEM- United States Senator,"Atlas Township, Precinct 3",Mallory McMorrow,24,93
DEM- United States Senator,"City of Burton, Precinct 1",Haley Stevens,113,93
DEM- United States Senator,"City of Burton, Precinct 1",Abdul El-Sayed,66,93
DEM- United States Senator,"City of Burton, Precinct 1",Mallory McMorrow,10,93
DEM- United States Senator,"City of Burton, Precinct 2",Haley Stevens,260,93
DEM- United States Senator,"City of Burton, Precinct 2",Abdul El-Sayed,220,93
DEM- United States Senator,"City of Burton, Precinct 2",Mallory McMorrow,37,93
DEM- United States Senator,"City of Burton, Precinct 3",Haley Stevens,369,93
DEM- United States Senator,"City of Burton, Precinct 3",Abdul El-Sayed,241,93
DEM- United States Senator,"City of Burton, Precinct 3",Mallory McMorrow,27,93
DEM- United States Senator,"City of Burton, Precinct 4",Haley Stevens,437,93
DEM- United States Senator,"City of Burton, Precinct 4",Abdul El-Sayed,396,93
DEM- United States Senator,"City of Burton, Precinct 4",Mallory McMorrow,31,93
DEM- United States Senator,"City of Burton, Precinct 5",Haley Stevens,375,93
DEM- United States Senator,"City of Burton, Precinct 5",Abdul El-Sayed,236,93
DEM- United States Senator,"City of Burton, Precinct 5",Mallory McMorrow,50,93
DEM- United States Senator,"City of Burton, Precinct 6",Haley Stevens,286,93
DEM- United States Senator,"City of Burton, Precinct 6",Abdul El-Sayed,224,93
DEM- United States Senator,"City of Burton, Precinct 6",Mallory McMorrow,27,93
DEM- United States Senator,"City of Burton, Precinct 7",Haley Stevens,327,93
DEM- United States Senator,"City of Burton, Precinct 7",Abdul El-Sayed,294,93
DEM- United States Senator,"City of Burton, Precinct 7",Mallory McMorrow,24,93
DEM- United States Senator,"Clayton Township, Precinct 1",Haley Stevens,273,93
DEM- United States Senator,"Clayton Township, Precinct 1",Abdul El-Sayed,232,93
DEM- United States Senator,"Clayton Township, Precinct 1",Mallory McMorrow,29,93
DEM- United States Senator,"Clayton Township, Precinct 2",Haley Stevens,212,93
DEM- United States Senator,"Clayton Township, Precinct 2",Abdul El-Sayed,166,93
DEM- United States Senator,"Clayton Township, Precinct 2",Mallory McMorrow,15,93
DEM- United States Senator,"Clayton Township, Precinct 3",Haley Stevens,148,93
DEM- United States Senator,"Clayton Township, Precinct 3",Abdul El-Sayed,123,93
DEM- United States Senator,"Clayton Township, Precinct 3",Mallory McMorrow,19,93
DEM- United States Senator,"Clayton Township, Precinct 4",Haley Stevens,122,93
DEM- United States Senator,"Clayton Township, Precinct 4",Abdul El-Sayed,78,93
DEM- United States Senator,"Clayton Township, Precinct 4",Mallory McMorrow,6,93
DEM- United States Senator,"City of Clio, Precinct 1",Haley Stevens,176,93
DEM- United States Senator,"City of Clio, Precinct 1",Abdul El-Sayed,147,93
DEM- United States Senator,"City of Clio, Precinct 1",Mallory McMorrow,15,93
DEM- United States Senator,"City of Davison, Precinct 1",Haley Stevens,202,93
DEM- United States Senator,"City of Davison, Precinct 1",Abdul El-Sayed,194,93
DEM- United States Senator,"City of Davison, Precinct 1",Mallory McMorrow,19,93
DEM- United States Senator,"City of Davison, Precinct 2",Haley Stevens,211,93
DEM- United States Senator,"City of Davison, Precinct 2",Abdul El-Sayed,219,93
DEM- United States Senator,"City of Davison, Precinct 2",Mallory McMorrow,16,93
DEM- United States Senator,"Davison Township, Precinct 1",Haley Stevens,220,93
DEM- United States Senator,"Davison Township, Precinct 1",Abdul El-Sayed,196,93
DEM- United States Senator,"Davison Township, Precinct 1",Mallory McMorrow,15,93
DEM- United States Senator,"Davison Township, Precinct 2",Haley Stevens,227,93
DEM- United States Senator,"Davison Township, Precinct 2",Abdul El-Sayed,164,93
DEM- United States Senator,"Davison Township, Precinct 2",Mallory McMorrow,26,93
DEM- United States Senator,"Davison Township, Precinct 3",Haley Stevens,159,93
DEM- United States Senator,"Davison Township, Precinct 3",Abdul El-Sayed,95,93
DEM- United States Senator,"Davison Township, Precinct 3",Mallory McMorrow,16,93
DEM- United States Senator,"Davison Township, Precinct 4",Haley Stevens,293,93
DEM- United States Senator,"Davison Township, Precinct 4",Abdul El-Sayed,173,93
DEM- United States Senator,"Davison Township, Precinct 4",Mallory McMorrow,18,93
DEM- United States Senator,"Davison Township, Precinct 5",Haley Stevens,110,93
DEM- United States Senator,"Davison Township, Precinct 5",Abdul El-Sayed,149,93
DEM- United States Senator,"Davison Township, Precinct 5",Mallory McMorrow,16,93
DEM- United States Senator,"Davison Township, Precinct 6",Haley Stevens,152,93
DEM- United States Senator,"Davison Township, Precinct 6",Abdul El-Sayed,224,93
DEM- United States Senator,"Davison Township, Precinct 6",Mallory McMorrow,17,93
DEM- United States Senator,"Davison Township, Precinct 7",Haley Stevens,121,93
DEM- United States Senator,"Davison Township, Precinct 7",Abdul El-Sayed,129,93
DEM- United States Senator,"Davison Township, Precinct 7",Mallory McMorrow,7,93
DEM- United States Senator,"Davison Township, Precinct 8",Haley Stevens,266,93
DEM- United States Senator,"Davison Township, Precinct 8",Abdul El-Sayed,267,93
DEM- United States Senator,"Davison Township, Precinct 8",Mallory McMorrow,30,93
DEM- United States Senator,"City of Fenton, Precinct 1",Haley Stevens,112,93
DEM- United States Senator,"City of Fenton, Precinct 1",Abdul El-Sayed,162,93
DEM- United States Senator,"City of Fenton, Precinct 1",Mallory McMorrow,19,93
DEM- United States Senator,"City of Fenton, Precinct 2",Haley Stevens,342,93
DEM- United States Senator,"City of Fenton, Precinct 2",Abdul El-Sayed,407,93
DEM- United States Senator,"City of Fenton, Precinct 2",Mallory McMorrow,25,93
DEM- United States Senator,"City of Fenton, Precinct 3",Haley Stevens,292,93
DEM- United States Senator,"City of Fenton, Precinct 3",Abdul El-Sayed,348,93
DEM- United States Senator,"City of Fenton, Precinct 3",Mallory McMorrow,22,93
DEM- United States Senator,"Fenton Township, Precinct 1",Haley Stevens,276,93
DEM- United States Senator,"Fenton Township, Precinct 1",Abdul El-Sayed,242,93
DEM- United States Senator,"Fenton Township, Precinct 1",Mallory McMorrow,31,93
DEM- United States Senator,"Fenton Township, Precinct 2",Haley Stevens,298,93
DEM- United States Senator,"Fenton Township, Precinct 2",Abdul El-Sayed,181,93
DEM- United States Senator,"Fenton Township, Precinct 2",Mallory McMorrow,22,93
DEM- United States Senator,"Fenton Township, Precinct 3",Haley Stevens,230,93
DEM- United States Senator,"Fenton Township, Precinct 3",Abdul El-Sayed,229,93
DEM- United States Senator,"Fenton Township, Precinct 3",Mallory McMorrow,25,93
DEM- United States Senator,"Fenton Township, Precinct 4",Haley Stevens,216,93
DEM- United States Senator,"Fenton Township, Precinct 4",Abdul El-Sayed,211,93
DEM- United States Senator,"Fenton Township, Precinct 4",Mallory McMorrow,14,93
DEM- United States Senator,"Fenton Township, Precinct 5",Haley Stevens,283,93
DEM- United States Senator,"Fenton Township, Precinct 5",Abdul El-Sayed,234,93
DEM- United States Senator,"Fenton Township, Precinct 5",Mallory McMorrow,7,93
DEM- United States Senator,"Fenton Township, Precinct 6",Haley Stevens,266,93
DEM- United States Senator,"Fenton Township, Precinct 6",Abdul El-Sayed,219,93
DEM- United States Senator,"Fenton Township, Precinct 6",Mallory McMorrow,25,93
DEM- United States Senator,"City of Flint, Precinct 1",Haley Stevens,667,93
DEM- United States Senator,"City of Flint, Precinct 1",Abdul El-Sayed,164,93
DEM- United States Senator,"City of Flint, Precinct 1",Mallory McMorrow,52,93
DEM- United States Senator,"City of Flint, Precinct 2",Haley Stevens,466,93
DEM- United States Senator,"City of Flint, Precinct 2",Abdul El-Sayed,128,93
DEM- United States Senator,"City of Flint, Precinct 2",Mallory McMorrow,29,93
DEM- United States Senator,"City of Flint, Precinct 3",Haley Stevens,14,93
DEM- United States Senator,"City of Flint, Precinct 3",Abdul El-Sayed,2,93
DEM- United States Senator,"City of Flint, Precinct 3",Mallory McMorrow,2,93
DEM- United States Senator,"City of Flint, Precinct 4",Haley Stevens,159,93
DEM- United States Senator,"City of Flint, Precinct 4",Abdul El-Sayed,39,93
DEM- United States Senator,"City of Flint, Precinct 4",Mallory McMorrow,11,93
DEM- United States Senator,"City of Flint, Precinct 5",Haley Stevens,431,93
DEM- United States Senator,"City of Flint, Precinct 5",Abdul El-Sayed,137,93
DEM- United States Senator,"City of Flint, Precinct 5",Mallory McMorrow,28,93
DEM- United States Senator,"City of Flint, Precinct 6",Haley Stevens,483,93
DEM- United States Senator,"City of Flint, Precinct 6",Abdul El-Sayed,170,93
DEM- United States Senator,"City of Flint, Precinct 6",Mallory McMorrow,25,93
DEM- United States Senator,"City of Flint, Precinct 7",Haley Stevens,150,93
DEM- United States Senator,"City of Flint, Precinct 7",Abdul El-Sayed,55,93
DEM- United States Senator,"City of Flint, Precinct 7",Mallory McMorrow,11,93
DEM- United States Senator,"City of Flint, Precinct 8",Haley Stevens,192,93
DEM- United States Senator,"City of Flint, Precinct 8",Abdul El-Sayed,67,93
DEM- United States Senator,"City of Flint, Precinct 8",Mallory McMorrow,11,93
DEM- United States Senator,"City of Flint, Precinct 9",Haley Stevens,213,93
DEM- United States Senator,"City of Flint, Precinct 9",Abdul El-Sayed,62,93
DEM- United States Senator,"City of Flint, Precinct 9",Mallory McMorrow,22,93
DEM- United States Senator,"City of Flint, Precinct 10",Haley Stevens,124,93
DEM- United States Senator,"City of Flint, Precinct 10",Abdul El-Sayed,68,93
DEM- United States Senator,"City of Flint, Precinct 10",Mallory McMorrow,8,93
DEM- United States Senator,"City of Flint, Precinct 11",Haley Stevens,161,93
DEM- United States Senator,"City of Flint, Precinct 11",Abdul El-Sayed,124,93
DEM- United States Senator,"City of Flint, Precinct 11",Mallory McMorrow,8,93
DEM- United States Senator,"City of Flint, Precinct 12",Haley Stevens,213,93
DEM- United States Senator,"City of Flint, Precinct 12",Abdul El-Sayed,189,93
DEM- United States Senator,"City of Flint, Precinct 12",Mallory McMorrow,28,93
DEM- United States Senator,"City of Flint, Precinct 13",Haley Stevens,3,93
DEM- United States Senator,"City of Flint, Precinct 13",Abdul El-Sayed,4,93
DEM- United States Senator,"City of Flint, Precinct 13",Mallory McMorrow,2,93
DEM- United States Senator,"City of Flint, Precinct 14",Haley Stevens,488,93
DEM- United States Senator,"City of Flint, Precinct 14",Abdul El-Sayed,189,93
DEM- United States Senator,"City of Flint, Precinct 14",Mallory McMorrow,24,93
DEM- United States Senator,"City of Flint, Precinct 15",Haley Stevens,217,93
DEM- United States Senator,"City of Flint, Precinct 15",Abdul El-Sayed,306,93
DEM- United States Senator,"City of Flint, Precinct 15",Mallory McMorrow,26,93
DEM- United States Senator,"City of Flint, Precinct 16",Haley Stevens,301,93
DEM- United States Senator,"City of Flint, Precinct 16",Abdul El-Sayed,207,93
DEM- United States Senator,"City of Flint, Precinct 16",Mallory McMorrow,26,93
DEM- United States Senator,"City of Flint, Precinct 17",Haley Stevens,192,93
DEM- United States Senator,"City of Flint, Precinct 17",Abdul El-Sayed,154,93
DEM- United States Senator,"City of Flint, Precinct 17",Mallory McMorrow,11,93
DEM- United States Senator,"City of Flint, Precinct 18",Haley Stevens,29,93
DEM- United States Senator,"City of Flint, Precinct 18",Abdul El-Sayed,39,93
DEM- United States Senator,"City of Flint, Precinct 18",Mallory McMorrow,4,93
DEM- United States Senator,"City of Flint, Precinct 19",Haley Stevens,179,93
DEM- United States Senator,"City of Flint, Precinct 19",Abdul El-Sayed,72,93
DEM- United States Senator,"City of Flint, Precinct 19",Mallory McMorrow,13,93
DEM- United States Senator,"City of Flint, Precinct 20",Haley Stevens,337,93
DEM- United States Senator,"City of Flint, Precinct 20",Abdul El-Sayed,397,93
DEM- United States Senator,"City of Flint, Precinct 20",Mallory McMorrow,20,93
DEM- United States Senator,"City of Flint, Precinct 21",Haley Stevens,545,93
DEM- United States Senator,"City of Flint, Precinct 21",Abdul El-Sayed,407,93
DEM- United States Senator,"City of Flint, Precinct 21",Mallory McMorrow,46,93
DEM- United States Senator,"City of Flint, Precinct 22",Haley Stevens,16,93
DEM- United States Senator,"City of Flint, Precinct 22",Abdul El-Sayed,12,93
DEM- United States Senator,"City of Flint, Precinct 22",Mallory McMorrow,0,93
DEM- United States Senator,"City of Flint, Precinct 23",Haley Stevens,468,93
DEM- United States Senator,"City of Flint, Precinct 23",Abdul El-Sayed,311,93
DEM- United States Senator,"City of Flint, Precinct 23",Mallory McMorrow,22,93
DEM- United States Senator,"City of Flint, Precinct 24",Haley Stevens,193,93
DEM- United States Senator,"City of Flint, Precinct 24",Abdul El-Sayed,139,93
DEM- United States Senator,"City of Flint, Precinct 24",Mallory McMorrow,25,93
DEM- United States Senator,"City of Flint, Precinct 25",Haley Stevens,14,93
DEM- United States Senator,"City of Flint, Precinct 25",Abdul El-Sayed,47,93
DEM- United States Senator,"City of Flint, Precinct 25",Mallory McMorrow,0,93
DEM- United States Senator,"City of Flint, Precinct 26",Haley Stevens,48,93
DEM- United States Senator,"City of Flint, Precinct 26",Abdul El-Sayed,32,93
DEM- United States Senator,"City of Flint, Precinct 26",Mallory McMorrow,8,93
DEM- United States Senator,"City of Flint, Precinct 27",Haley Stevens,1,93
DEM- United States Senator,"City of Flint, Precinct 27",Abdul El-Sayed,3,93
DEM- United States Senator,"City of Flint, Precinct 27",Mallory McMorrow,0,93
DEM- United States Senator,"City of Flint, Precinct 28",Haley Stevens,233,93
DEM- United States Senator,"City of Flint, Precinct 28",Abdul El-Sayed,141,93
DEM- United States Senator,"City of Flint, Precinct 28",Mallory McMorrow,12,93
DEM- United States Senator,"City of Flint, Precinct 29",Haley Stevens,184,93
DEM- United States Senator,"City of Flint, Precinct 29",Abdul El-Sayed,145,93
DEM- United States Senator,"City of Flint, Precinct 29",Mallory McMorrow,15,93
DEM- United States Senator,"Flint Township, Precinct 1",Haley Stevens,770,93
DEM- United States Senator,"Flint Township, Precinct 1",Abdul El-Sayed,495,93
DEM- United States Senator,"Flint Township, Precinct 1",Mallory McMorrow,42,93
DEM- United States Senator,"Flint Township, Precinct 2",Haley Stevens,454,93
DEM- United States Senator,"Flint Township, Precinct 2",Abdul El-Sayed,225,93
DEM- United States Senator,"Flint Township, Precinct 2",Mallory McMorrow,37,93
DEM- United States Senator,"Flint Township, Precinct 3",Haley Stevens,557,93
DEM- United States Senator,"Flint Township, Precinct 3",Abdul El-Sayed,426,93
DEM- United States Senator,"Flint Township, Precinct 3",Mallory McMorrow,47,93
DEM- United States Senator,"Flint Township, Precinct 4",Haley Stevens,113,93
DEM- United States Senator,"Flint Township, Precinct 4",Abdul El-Sayed,140,93
DEM- United States Senator,"Flint Township, Precinct 4",Mallory McMorrow,11,93
DEM- United States Senator,"Flint Township, Precinct 5",Haley Stevens,292,93
DEM- United States Senator,"Flint Township, Precinct 5",Abdul El-Sayed,294,93
DEM- United States Senator,"Flint Township, Precinct 5",Mallory McMorrow,22,93
DEM- United States Senator,"Flint Township, Precinct 6",Haley Stevens,118,93
DEM- United States Senator,"Flint Township, Precinct 6",Abdul El-Sayed,82,93
DEM- United States Senator,"Flint Township, Precinct 6",Mallory McMorrow,15,93
DEM- United States Senator,"Flint Township, Precinct 7",Haley Stevens,128,93
DEM- United States Senator,"Flint Township, Precinct 7",Abdul El-Sayed,124,93
DEM- United States Senator,"Flint Township, Precinct 7",Mallory McMorrow,16,93
DEM- United States Senator,"Flint Township, Precinct 8",Haley Stevens,429,93
DEM- United States Senator,"Flint Township, Precinct 8",Abdul El-Sayed,385,93
DEM- United States Senator,"Flint Township, Precinct 8",Mallory McMorrow,37,93
DEM- United States Senator,"City of Flushing, Precinct 1",Haley Stevens,256,93
DEM- United States Senator,"City of Flushing, Precinct 1",Abdul El-Sayed,208,93
DEM- United States Senator,"City of Flushing, Precinct 1",Mallory McMorrow,10,93
DEM- United States Senator,"City of Flushing, Precinct 2",Haley Stevens,203,93
DEM- United States Senator,"City of Flushing, Precinct 2",Abdul El-Sayed,253,93
DEM- United States Senator,"City of Flushing, Precinct 2",Mallory McMorrow,16,93
DEM- United States Senator,"City of Flushing, Precinct 3",Haley Stevens,160,93
DEM- United States Senator,"City of Flushing, Precinct 3",Abdul El-Sayed,215,93
DEM- United States Senator,"City of Flushing, Precinct 3",Mallory McMorrow,21,93
DEM- United States Senator,"City of Flushing, Precinct 4",Haley Stevens,206,93
DEM- United States Senator,"City of Flushing, Precinct 4",Abdul El-Sayed,216,93
DEM- United States Senator,"City of Flushing, Precinct 4",Mallory McMorrow,9,93
DEM- United States Senator,"Flushing Township, Precinct 1",Haley Stevens,217,93
DEM- United States Senator,"Flushing Township, Precinct 1",Abdul El-Sayed,195,93
DEM- United States Senator,"Flushing Township, Precinct 1",Mallory McMorrow,23,93
DEM- United States Senator,"Flushing Township, Precinct 2",Haley Stevens,154,93
DEM- United States Senator,"Flushing Township, Precinct 2",Abdul El-Sayed,144,93
DEM- United States Senator,"Flushing Township, Precinct 2",Mallory McMorrow,30,93
DEM- United States Senator,"Flushing Township, Precinct 3",Haley Stevens,324,93
DEM- United States Senator,"Flushing Township, Precinct 3",Abdul El-Sayed,242,93
DEM- United States Senator,"Flushing Township, Precinct 3",Mallory McMorrow,15,93
DEM- United States Senator,"Flushing Township, Precinct 4",Haley Stevens,238,93
DEM- United States Senator,"Flushing Township, Precinct 4",Abdul El-Sayed,196,93
DEM- United States Senator,"Flushing Township, Precinct 4",Mallory McMorrow,15,93
DEM- United States Senator,"Forest Township, Precinct 1",Haley Stevens,398,93
DEM- United States Senator,"Forest Township, Precinct 1",Abdul El-Sayed,218,93
DEM- United States Senator,"Forest Township, Precinct 1",Mallory McMorrow,41,93
DEM- United States Senator,"Gaines Township, Precinct 1",Haley Stevens,259,93
DEM- United States Senator,"Gaines Township, Precinct 1",Abdul El-Sayed,198,93
DEM- United States Senator,"Gaines Township, Precinct 1",Mallory McMorrow,16,93
DEM- United States Senator,"Gaines Township, Precinct 2",Haley Stevens,130,93
DEM- United States Senator,"Gaines Township, Precinct 2",Abdul El-Sayed,83,93
DEM- United States Senator,"Gaines Township, Precinct 2",Mallory McMorrow,11,93
DEM- United States Senator,"Gaines Township, Precinct 3",Haley Stevens,160,93
DEM- United States Senator,"Gaines Township, Precinct 3",Abdul El-Sayed,129,93
DEM- United States Senator,"Gaines Township, Precinct 3",Mallory McMorrow,17,93
DEM- United States Senator,"Genesee Township, Precinct 1",Haley Stevens,228,93
DEM- United States Senator,"Genesee Township, Precinct 1",Abdul El-Sayed,146,93
DEM- United States Senator,"Genesee Township, Precinct 1",Mallory McMorrow,19,93
DEM- United States Senator,"Genesee Township, Precinct 2",Haley Stevens,115,93
DEM- United States Senator,"Genesee Township, Precinct 2",Abdul El-Sayed,56,93
DEM- United States Senator,"Genesee Township, Precinct 2",Mallory McMorrow,7,93
DEM- United States Senator,"Genesee Township, Precinct 3",Haley Stevens,259,93
DEM- United States Senator,"Genesee Township, Precinct 3",Abdul El-Sayed,170,93
DEM- United States Senator,"Genesee Township, Precinct 3",Mallory McMorrow,14,93
DEM- United States Senator,"Genesee Township, Precinct 4",Haley Stevens,210,93
DEM- United States Senator,"Genesee Township, Precinct 4",Abdul El-Sayed,156,93
DEM- United States Senator,"Genesee Township, Precinct 4",Mallory McMorrow,19,93
DEM- United States Senator,"Genesee Township, Precinct 5",Haley Stevens,352,93
DEM- United States Senator,"Genesee Township, Precinct 5",Abdul El-Sayed,260,93
DEM- United States Senator,"Genesee Township, Precinct 5",Mallory McMorrow,22,93
DEM- United States Senator,"Genesee Township, Precinct 6",Haley Stevens,207,93
DEM- United States Senator,"Genesee Township, Precinct 6",Abdul El-Sayed,144,93
DEM- United States Senator,"Genesee Township, Precinct 6",Mallory McMorrow,16,93
DEM- United States Senator,"Genesee Township, Precinct 7",Haley Stevens,176,93
DEM- United States Senator,"Genesee Township, Precinct 7",Abdul El-Sayed,128,93
DEM- United States Senator,"Genesee Township, Precinct 7",Mallory McMorrow,17,93
DEM- United States Senator,"City of Grand Blanc, Precinct 1",Haley Stevens,333,93
DEM- United States Senator,"City of Grand Blanc, Precinct 1",Abdul El-Sayed,435,93
DEM- United States Senator,"City of Grand Blanc, Precinct 1",Mallory McMorrow,51,93
DEM- United States Senator,"City of Grand Blanc, Precinct 2",Haley Stevens,416,93
DEM- United States Senator,"City of Grand Blanc, Precinct 2",Abdul El-Sayed,354,93
DEM- United States Senator,"City of Grand Blanc, Precinct 2",Mallory McMorrow,38,93
DEM- United States Senator,"Grand Blanc Township, Precinct 1",Haley Stevens,405,93
DEM- United States Senator,"Grand Blanc Township, Precinct 1",Abdul El-Sayed,374,93
DEM- United States Senator,"Grand Blanc Township, Precinct 1",Mallory McMorrow,28,93
DEM- United States Senator,"Grand Blanc Township, Precinct 2",Haley Stevens,93,93
DEM- United States Senator,"Grand Blanc Township, Precinct 2",Abdul El-Sayed,117,93
DEM- United States Senator,"Grand Blanc Township, Precinct 2",Mallory McMorrow,19,93
DEM- United States Senator,"Grand Blanc Township, Precinct 3",Haley Stevens,431,93
DEM- United States Senator,"Grand Blanc Township, Precinct 3",Abdul El-Sayed,424,93
DEM- United States Senator,"Grand Blanc Township, Precinct 3",Mallory McMorrow,38,93
DEM- United States Senator,"Grand Blanc Township, Precinct 4",Haley Stevens,521,93
DEM- United States Senator,"Grand Blanc Township, Precinct 4",Abdul El-Sayed,486,93
DEM- United States Senator,"Grand Blanc Township, Precinct 4",Mallory McMorrow,45,93
DEM- United States Senator,"Grand Blanc Township, Precinct 5",Haley Stevens,272,93
DEM- United States Senator,"Grand Blanc Township, Precinct 5",Abdul El-Sayed,92,93
DEM- United States Senator,"Grand Blanc Township, Precinct 5",Mallory McMorrow,24,93
DEM- United States Senator,"Grand Blanc Township, Precinct 6",Haley Stevens,251,93
DEM- United States Senator,"Grand Blanc Township, Precinct 6",Abdul El-Sayed,320,93
DEM- United States Senator,"Grand Blanc Township, Precinct 6",Mallory McMorrow,30,93
DEM- United States Senator,"Grand Blanc Township, Precinct 7",Haley Stevens,436,93
DEM- United States Senator,"Grand Blanc Township, Precinct 7",Abdul El-Sayed,495,93
DEM- United States Senator,"Grand Blanc Township, Precinct 7",Mallory McMorrow,46,93
DEM- United States Senator,"Grand Blanc Township, Precinct 8",Haley Stevens,371,93
DEM- United States Senator,"Grand Blanc Township, Precinct 8",Abdul El-Sayed,410,93
DEM- United States Senator,"Grand Blanc Township, Precinct 8",Mallory McMorrow,33,93
DEM- United States Senator,"Grand Blanc Township, Precinct 9",Haley Stevens,262,93
DEM- United States Senator,"Grand Blanc Township, Precinct 9",Abdul El-Sayed,329,93
DEM- United States Senator,"Grand Blanc Township, Precinct 9",Mallory McMorrow,25,93
DEM- United States Senator,"Grand Blanc Township, Precinct 10",Haley Stevens,364,93
DEM- United States Senator,"Grand Blanc Township, Precinct 10",Abdul El-Sayed,279,93
DEM- United States Senator,"Grand Blanc Township, Precinct 10",Mallory McMorrow,21,93
DEM- United States Senator,"City of Linden, Precinct 1",Haley Stevens,324,93
DEM- United States Senator,"City of Linden, Precinct 1",Abdul El-Sayed,320,93
DEM- United States Senator,"City of Linden, Precinct 1",Mallory McMorrow,31,93
DEM- United States Senator,"City of Montrose, Precinct 1",Haley Stevens,89,93
DEM- United States Senator,"City of Montrose, Precinct 1",Abdul El-Sayed,93,93
DEM- United States Senator,"City of Montrose, Precinct 1",Mallory McMorrow,6,93
DEM- United States Senator,"Montrose Township, Precinct 1",Haley Stevens,97,93
DEM- United States Senator,"Montrose Township, Precinct 1",Abdul El-Sayed,58,93
DEM- United States Senator,"Montrose Township, Precinct 1",Mallory McMorrow,5,93
DEM- United States Senator,"Montrose Township, Precinct 2",Haley Stevens,79,93
DEM- United States Senator,"Montrose Township, Precinct 2",Abdul El-Sayed,58,93
DEM- United States Senator,"Montrose Township, Precinct 2",Mallory McMorrow,11,93
DEM- United States Senator,"Montrose Township, Precinct 3",Haley Stevens,82,93
DEM- United States Senator,"Montrose Township, Precinct 3",Abdul El-Sayed,81,93
DEM- United States Senator,"Montrose Township, Precinct 3",Mallory McMorrow,15,93
DEM- United States Senator,"Montrose Township, Precinct 4",Haley Stevens,117,93
DEM- United States Senator,"Montrose Township, Precinct 4",Abdul El-Sayed,71,93
DEM- United States Senator,"Montrose Township, Precinct 4",Mallory McMorrow,4,93
DEM- United States Senator,"City of Mount Morris, Precinct 1",Haley Stevens,173,93
DEM- United States Senator,"City of Mount Morris, Precinct 1",Abdul El-Sayed,138,93
DEM- United States Senator,"City of Mount Morris, Precinct 1",Mallory McMorrow,11,93
DEM- United States Senator,"Mount Morris Township, Precinct 1",Haley Stevens,86,93
DEM- United States Senator,"Mount Morris Township, Precinct 1",Abdul El-Sayed,40,93
DEM- United States Senator,"Mount Morris Township, Precinct 1",Mallory McMorrow,9,93
DEM- United States Senator,"Mount Morris Township, Precinct 2",Haley Stevens,150,93
DEM- United States Senator,"Mount Morris Township, Precinct 2",Abdul El-Sayed,105,93
DEM- United States Senator,"Mount Morris Township, Precinct 2",Mallory McMorrow,13,93
DEM- United States Senator,"Mount Morris Township, Precinct 3",Haley Stevens,127,93
DEM- United States Senator,"Mount Morris Township, Precinct 3",Abdul El-Sayed,65,93
DEM- United States Senator,"Mount Morris Township, Precinct 3",Mallory McMorrow,7,93
DEM- United States Senator,"Mount Morris Township, Precinct 4",Haley Stevens,221,93
DEM- United States Senator,"Mount Morris Township, Precinct 4",Abdul El-Sayed,179,93
DEM- United States Senator,"Mount Morris Township, Precinct 4",Mallory McMorrow,19,93
DEM- United States Senator,"Mount Morris Township, Precinct 5",Haley Stevens,179,93
DEM- United States Senator,"Mount Morris Township, Precinct 5",Abdul El-Sayed,59,93
DEM- United States Senator,"Mount Morris Township, Precinct 5",Mallory McMorrow,18,93
DEM- United States Senator,"Mount Morris Township, Precinct 6",Haley Stevens,131,93
DEM- United States Senator,"Mount Morris Township, Precinct 6",Abdul El-Sayed,53,93
DEM- United States Senator,"Mount Morris Township, Precinct 6",Mallory McMorrow,12,93
DEM- United States Senator,"Mount Morris Township, Precinct 7",Haley Stevens,292,93
DEM- United States Senator,"Mount Morris Township, Precinct 7",Abdul El-Sayed,88,93
DEM- United States Senator,"Mount Morris Township, Precinct 7",Mallory McMorrow,7,93
DEM- United States Senator,"Mount Morris Township, Precinct 8",Haley Stevens,264,93
DEM- United States Senator,"Mount Morris Township, Precinct 8",Abdul El-Sayed,52,93
DEM- United States Senator,"Mount Morris Township, Precinct 8",Mallory McMorrow,9,93
DEM- United States Senator,"Mount Morris Township, Precinct 9",Haley Stevens,172,93
DEM- United States Senator,"Mount Morris Township, Precinct 9",Abdul El-Sayed,37,93
DEM- United States Senator,"Mount Morris Township, Precinct 9",Mallory McMorrow,11,93
DEM- United States Senator,"Mount Morris Township, Precinct 10",Haley Stevens,125,93
DEM- United States Senator,"Mount Morris Township, Precinct 10",Abdul El-Sayed,47,93
DEM- United States Senator,"Mount Morris Township, Precinct 10",Mallory McMorrow,13,93
DEM- United States Senator,"Mundy Township, Precinct 1",Haley Stevens,313,93
DEM- United States Senator,"Mundy Township, Precinct 1",Abdul El-Sayed,313,93
DEM- United States Senator,"Mundy Township, Precinct 1",Mallory McMorrow,35,93
DEM- United States Senator,"Mundy Township, Precinct 2",Haley Stevens,222,93
DEM- United States Senator,"Mundy Township, Precinct 2",Abdul El-Sayed,177,93
DEM- United States Senator,"Mundy Township, Precinct 2",Mallory McMorrow,17,93
DEM- United States Senator,"Mundy Township, Precinct 3",Haley Stevens,308,93
DEM- United States Senator,"Mundy Township, Precinct 3",Abdul El-Sayed,247,93
DEM- United States Senator,"Mundy Township, Precinct 3",Mallory McMorrow,20,93
DEM- United States Senator,"Mundy Township, Precinct 4",Haley Stevens,171,93
DEM- United States Senator,"Mundy Township, Precinct 4",Abdul El-Sayed,145,93
DEM- United States Senator,"Mundy Township, Precinct 4",Mallory McMorrow,17,93
DEM- United States Senator,"Mundy Township, Precinct 5",Haley Stevens,162,93
DEM- United States Senator,"Mundy Township, Precinct 5",Abdul El-Sayed,120,93
DEM- United States Senator,"Mundy Township, Precinct 5",Mallory McMorrow,15,93
DEM- United States Senator,"Mundy Township, Precinct 6",Haley Stevens,87,93
DEM- United States Senator,"Mundy Township, Precinct 6",Abdul El-Sayed,93,93
DEM- United States Senator,"Mundy Township, Precinct 6",Mallory McMorrow,12,93
DEM- United States Senator,"Mundy Township, Precinct 7",Haley Stevens,147,93
DEM- United States Senator,"Mundy Township, Precinct 7",Abdul El-Sayed,120,93
DEM- United States Senator,"Mundy Township, Precinct 7",Mallory McMorrow,9,93
DEM- United States Senator,"Richfield Township, Precinct 1",Haley Stevens,522,93
DEM- United States Senator,"Richfield Township, Precinct 1",Abdul El-Sayed,376,93
DEM- United States Senator,"Richfield Township, Precinct 1",Mallory McMorrow,58,93
DEM- United States Senator,"Richfield Township, Precinct 2",Haley Stevens,190,93
DEM- United States Senator,"Richfield Township, Precinct 2",Abdul El-Sayed,170,93
DEM- United States Senator,"Richfield Township, Precinct 2",Mallory McMorrow,22,93
DEM- United States Senator,"City of Swartz Creek, Precinct 1",Haley Stevens,142,93
DEM- United States Senator,"City of Swartz Creek, Precinct 1",Abdul El-Sayed,122,93
DEM- United States Senator,"City of Swartz Creek, Precinct 1",Mallory McMorrow,17,93
DEM- United States Senator,"City of Swartz Creek, Precinct 2",Haley Stevens,111,93
DEM- United States Senator,"City of Swartz Creek, Precinct 2",Abdul El-Sayed,139,93
DEM- United States Senator,"City of Swartz Creek, Precinct 2",Mallory McMorrow,16,93
DEM- United States Senator,"City of Swartz Creek, Precinct 3",Haley Stevens,100,93
DEM- United States Senator,"City of Swartz Creek, Precinct 3",Abdul El-Sayed,106,93
DEM- United States Senator,"City of Swartz Creek, Precinct 3",Mallory McMorrow,16,93
DEM- United States Senator,"City of Swartz Creek, Precinct 4",Haley Stevens,243,93
DEM- United States Senator,"City of Swartz Creek, Precinct 4",Abdul El-Sayed,137,93
DEM- United States Senator,"City of Swartz Creek, Precinct 4",Mallory McMorrow,13,93
DEM- United States Senator,"Thetford Township, Precinct 1",Haley Stevens,241,93
DEM- United States Senator,"Thetford Township, Precinct 1",Abdul El-Sayed,124,93
DEM- United States Senator,"Thetford Township, Precinct 1",Mallory McMorrow,16,93
DEM- United States Senator,"Thetford Township, Precinct 2",Haley Stevens,277,93
DEM- United States Senator,"Thetford Township, Precinct 2",Abdul El-Sayed,136,93
DEM- United States Senator,"Thetford Township, Precinct 2",Mallory McMorrow,22,93
DEM- United States Senator,"Vienna Township, Precinct 1",Haley Stevens,283,93
DEM- United States Senator,"Vienna Township, Precinct 1",Abdul El-Sayed,139,93
DEM- United States Senator,"Vienna Township, Precinct 1",Mallory McMorrow,22,93
DEM- United States Senator,"Vienna Township, Precinct 2",Haley Stevens,213,93
DEM- United States Senator,"Vienna Township, Precinct 2",Abdul El-Sayed,178,93
DEM- United States Senator,"Vienna Township, Precinct 2",Mallory McMorrow,19,93
DEM- United States Senator,"Vienna Township, Precinct 3",Haley Stevens,197,93
DEM- United States Senator,"Vienna Township, Precinct 3",Abdul El-Sayed,162,93
DEM- United States Senator,"Vienna Township, Precinct 3",Mallory McMorrow,19,93
DEM- United States Senator,"Vienna Township, Precinct 4",Haley Stevens,223,93
DEM- United States Senator,"Vienna Township, Precinct 4",Abdul El-Sayed,133,93
DEM- United States Senator,"Vienna Township, Precinct 4",Mallory McMorrow,16,93
DEM- United States Senator,"Vienna Township, Precinct 5",Haley Stevens,171,93
DEM- United States Senator,"Vienna Township, Precinct 5",Abdul El-Sayed,99,93
DEM- United States Senator,"Vienna Township, Precinct 5",Mallory McMorrow,17,93
DEM- Representative in Congress 7th District,"Argentine Township, Precinct 2",Matt Maasdam,11,200
DEM- Representative in Congress 7th District,"Argentine Township, Precinct 2",Bridget Brink,7,200
DEM- Representative in Congress 7th District,"Argentine Township, Precinct 2",William Lawrence,3,200
DEM- Representative in Congress 8th District,"Argentine Township, Precinct 1",Kristen McDonald Rivet,352,194
DEM- Representative in Congress 8th District,"Argentine Township, Precinct 2",Kristen McDonald Rivet,326,194
DEM- Representative in Congress 8th District,"Argentine Township, Precinct 3",Kristen McDonald Rivet,91,194
DEM- Representative in Congress 8th District,"Atlas Township, Precinct 1",Kristen McDonald Rivet,401,194
DEM- Representative in Congress 8th District,"Atlas Township, Precinct 2",Kristen McDonald Rivet,278,194
DEM- Representative in Congress 8th District,"Atlas Township, Precinct 3",Kristen McDonald Rivet,408,194
DEM- Representative in Congress 8th District,"City of Burton, Precinct 1",Kristen McDonald Rivet,175,194
DEM- Representative in Congress 8th District,"City of Burton, Precinct 2",Kristen McDonald Rivet,477,194
DEM- Representative in Congress 8th District,"City of Burton, Precinct 3",Kristen McDonald Rivet,587,194
DEM- Representative in Congress 8th District,"City of Burton, Precinct 4",Kristen McDonald Rivet,794,194
DEM- Representative in Congress 8th District,"City of Burton, Precinct 5",Kristen McDonald Rivet,614,194
DEM- Representative in Congress 8th District,"City of Burton, Precinct 6",Kristen McDonald Rivet,484,194
DEM- Representative in Congress 8th District,"City of Burton, Precinct 7",Kristen McDonald Rivet,590,194
DEM- Representative in Congress 8th District,"Clayton Township, Precinct 1",Kristen McDonald Rivet,473,194
DEM- Representative in Congress 8th District,"Clayton Township, Precinct 2",Kristen McDonald Rivet,338,194
DEM- Representative in Congress 8th District,"Clayton Township, Precinct 3",Kristen McDonald Rivet,252,194
DEM- Representative in Congress 8th District,"Clayton Township, Precinct 4",Kristen McDonald Rivet,179,194
DEM- Representative in Congress 8th District,"City of Clio, Precinct 1",Kristen McDonald Rivet,317,194
DEM- Representative in Congress 8th District,"City of Davison, Precinct 1",Kristen McDonald Rivet,366,194
DEM- Representative in Congress 8th District,"City of Davison, Precinct 2",Kristen McDonald Rivet,407,194
DEM- Representative in Congress 8th District,"Davison Township, Precinct 1",Kristen McDonald Rivet,391,194
DEM- Representative in Congress 8th District,"Davison Township, Precinct 2",Kristen McDonald Rivet,373,194
DEM- Representative in Congress 8th District,"Davison Township, Precinct 3",Kristen McDonald Rivet,245,194
DEM- Representative in Congress 8th District,"Davison Township, Precinct 4",Kristen McDonald Rivet,444,194
DEM- Representative in Congress 8th District,"Davison Township, Precinct 5",Kristen McDonald Rivet,251,194
DEM- Representative in Congress 8th District,"Davison Township, Precinct 6",Kristen McDonald Rivet,352,194
DEM- Representative in Congress 8th District,"Davison Township, Precinct 7",Kristen McDonald Rivet,231,194
DEM- Representative in Congress 8th District,"Davison Township, Precinct 8",Kristen McDonald Rivet,503,194
DEM- Representative in Congress 8th District,"City of Fenton, Precinct 1",Kristen McDonald Rivet,258,194
DEM- Representative in Congress 8th District,"City of Fenton, Precinct 2",Kristen McDonald Rivet,653,194
DEM- Representative in Congress 8th District,"City of Fenton, Precinct 3",Kristen McDonald Rivet,572,194
DEM- Representative in Congress 8th District,"Fenton Township, Precinct 1",Kristen McDonald Rivet,477,194
DEM- Representative in Congress 8th District,"Fenton Township, Precinct 2",Kristen McDonald Rivet,445,194
DEM- Representative in Congress 8th District,"Fenton Township, Precinct 3",Kristen McDonald Rivet,428,194
DEM- Representative in Congress 8th District,"Fenton Township, Precinct 4",Kristen McDonald Rivet,369,194
DEM- Representative in Congress 8th District,"Fenton Township, Precinct 5",Kristen McDonald Rivet,450,194
DEM- Representative in Congress 8th District,"Fenton Township, Precinct 6",Kristen McDonald Rivet,438,194
DEM- Representative in Congress 8th District,"City of Flint, Precinct 1",Kristen McDonald Rivet,832,194
DEM- Representative in Congress 8th District,"City of Flint, Precinct 2",Kristen McDonald Rivet,591,194
DEM- Representative in Congress 8th District,"City of Flint, Precinct 3",Kristen McDonald Rivet,17,194
DEM- Representative in Congress 8th District,"City of Flint, Precinct 4",Kristen McDonald Rivet,204,194
DEM- Representative in Congress 8th District,"City of Flint, Precinct 5",Kristen McDonald Rivet,561,194
DEM- Representative in Congress 8th District,"City of Flint, Precinct 6",Kristen McDonald Rivet,637,194
DEM- Representative in Congress 8th District,"City of Flint, Precinct 7",Kristen McDonald Rivet,198,194
DEM- Representative in Congress 8th District,"City of Flint, Precinct 8",Kristen McDonald Rivet,253,194
DEM- Representative in Congress 8th District,"City of Flint, Precinct 9",Kristen McDonald Rivet,263,194
DEM- Representative in Congress 8th District,"City of Flint, Precinct 10",Kristen McDonald Rivet,180,194
DEM- Representative in Congress 8th District,"City of Flint, Precinct 11",Kristen McDonald Rivet,278,194
DEM- Representative in Congress 8th District,"City of Flint, Precinct 12",Kristen McDonald Rivet,387,194
DEM- Representative in Congress 8th District,"City of Flint, Precinct 13",Kristen McDonald Rivet,8,194
DEM- Representative in Congress 8th District,"City of Flint, Precinct 14",Kristen McDonald Rivet,660,194
DEM- Representative in Congress 8th District,"City of Flint, Precinct 15",Kristen McDonald Rivet,478,194
DEM- Representative in Congress 8th District,"City of Flint, Precinct 16",Kristen McDonald Rivet,489,194
DEM- Representative in Congress 8th District,"City of Flint, Precinct 17",Kristen McDonald Rivet,333,194
DEM- Representative in Congress 8th District,"City of Flint, Precinct 18",Kristen McDonald Rivet,68,194
DEM- Representative in Congress 8th District,"City of Flint, Precinct 19",Kristen McDonald Rivet,248,194
DEM- Representative in Congress 8th District,"City of Flint, Precinct 20",Kristen McDonald Rivet,675,194
DEM- Representative in Congress 8th District,"City of Flint, Precinct 21",Kristen McDonald Rivet,929,194
DEM- Representative in Congress 8th District,"City of Flint, Precinct 22",Kristen McDonald Rivet,25,194
DEM- Representative in Congress 8th District,"City of Flint, Precinct 23",Kristen McDonald Rivet,741,194
DEM- Representative in Congress 8th District,"City of Flint, Precinct 24",Kristen McDonald Rivet,330,194
DEM- Representative in Congress 8th District,"City of Flint, Precinct 25",Kristen McDonald Rivet,53,194
DEM- Representative in Congress 8th District,"City of Flint, Precinct 26",Kristen McDonald Rivet,82,194
DEM- Representative in Congress 8th District,"City of Flint, Precinct 27",Kristen McDonald Rivet,3,194
DEM- Representative in Congress 8th District,"City of Flint, Precinct 28",Kristen McDonald Rivet,357,194
DEM- Representative in Congress 8th District,"City of Flint, Precinct 29",Kristen McDonald Rivet,322,194
DEM- Representative in Congress 8th District,"Flint Township, Precinct 1",Kristen McDonald Rivet,1187,194
DEM- Representative in Congress 8th District,"Flint Township, Precinct 2",Kristen McDonald Rivet,672,194
DEM- Representative in Congress 8th District,"Flint Township, Precinct 3",Kristen McDonald Rivet,934,194
DEM- Representative in Congress 8th District,"Flint Township, Precinct 4",Kristen McDonald Rivet,245,194
DEM- Representative in Congress 8th District,"Flint Township, Precinct 5",Kristen McDonald Rivet,505,194
DEM- Representative in Congress 8th District,"Flint Township, Precinct 6",Kristen McDonald Rivet,203,194
DEM- Representative in Congress 8th District,"Flint Township, Precinct 7",Kristen McDonald Rivet,235,194
DEM- Representative in Congress 8th District,"Flint Township, Precinct 8",Kristen McDonald Rivet,790,194
DEM- Representative in Congress 8th District,"City of Flushing, Precinct 1",Kristen McDonald Rivet,427,194
DEM- Representative in Congress 8th District,"City of Flushing, Precinct 2",Kristen McDonald Rivet,424,194
DEM- Representative in Congress 8th District,"City of Flushing, Precinct 3",Kristen McDonald Rivet,329,194
DEM- Representative in Congress 8th District,"City of Flushing, Precinct 4",Kristen McDonald Rivet,376,194
DEM- Representative in Congress 8th District,"Flushing Township, Precinct 1",Kristen McDonald Rivet,393,194
DEM- Representative in Congress 8th District,"Flushing Township, Precinct 2",Kristen McDonald Rivet,296,194
DEM- Representative in Congress 8th District,"Flushing Township, Precinct 3",Kristen McDonald Rivet,512,194
DEM- Representative in Congress 8th District,"Flushing Township, Precinct 4",Kristen McDonald Rivet,411,194
DEM- Representative in Congress 8th District,"Forest Township, Precinct 1",Kristen McDonald Rivet,600,194
DEM- Representative in Congress 8th District,"Gaines Township, Precinct 1",Kristen McDonald Rivet,412,194
DEM- Representative in Congress 8th District,"Gaines Township, Precinct 2",Kristen McDonald Rivet,199,194
DEM- Representative in Congress 8th District,"Gaines Township, Precinct 3",Kristen McDonald Rivet,274,194
DEM- Representative in Congress 8th District,"Genesee Township, Precinct 1",Kristen McDonald Rivet,362,194
DEM- Representative in Congress 8th District,"Genesee Township, Precinct 2",Kristen McDonald Rivet,170,194
DEM- Representative in Congress 8th District,"Genesee Township, Precinct 3",Kristen McDonald Rivet,417,194
DEM- Representative in Congress 8th District,"Genesee Township, Precinct 4",Kristen McDonald Rivet,358,194
DEM- Representative in Congress 8th District,"Genesee Township, Precinct 5",Kristen McDonald Rivet,594,194
DEM- Representative in Congress 8th District,"Genesee Township, Precinct 6",Kristen McDonald Rivet,341,194
DEM- Representative in Congress 8th District,"Genesee Township, Precinct 7",Kristen McDonald Rivet,307,194
DEM- Representative in Congress 8th District,"City of Grand Blanc, Precinct 1",Kristen McDonald Rivet,720,194
DEM- Representative in Congress 8th District,"City of Grand Blanc, Precinct 2",Kristen McDonald Rivet,725,194
DEM- Representative in Congress 8th District,"Grand Blanc Township, Precinct 1",Kristen McDonald Rivet,732,194
DEM- Representative in Congress 8th District,"Grand Blanc Township, Precinct 2",Kristen McDonald Rivet,204,194
DEM- Representative in Congress 8th District,"Grand Blanc Township, Precinct 3",Kristen McDonald Rivet,802,194
DEM- Representative in Congress 8th District,"Grand Blanc Township, Precinct 4",Kristen McDonald Rivet,937,194
DEM- Representative in Congress 8th District,"Grand Blanc Township, Precinct 5",Kristen McDonald Rivet,343,194
DEM- Representative in Congress 8th District,"Grand Blanc Township, Precinct 6",Kristen McDonald Rivet,503,194
DEM- Representative in Congress 8th District,"Grand Blanc Township, Precinct 7",Kristen McDonald Rivet,876,194
DEM- Representative in Congress 8th District,"Grand Blanc Township, Precinct 8",Kristen McDonald Rivet,733,194
DEM- Representative in Congress 8th District,"Grand Blanc Township, Precinct 9",Kristen McDonald Rivet,562,194
DEM- Representative in Congress 8th District,"Grand Blanc Township, Precinct 10",Kristen McDonald Rivet,609,194
DEM- Representative in Congress 8th District,"City of Linden, Precinct 1",Kristen McDonald Rivet,588,194
DEM- Representative in Congress 8th District,"City of Montrose, Precinct 1",Kristen McDonald Rivet,175,194
DEM- Representative in Congress 8th District,"Montrose Township, Precinct 1",Kristen McDonald Rivet,138,194
DEM- Representative in Congress 8th District,"Montrose Township, Precinct 2",Kristen McDonald Rivet,128,194
DEM- Representative in Congress 8th District,"Montrose Township, Precinct 3",Kristen McDonald Rivet,163,194
DEM- Representative in Congress 8th District,"Montrose Township, Precinct 4",Kristen McDonald Rivet,177,194
DEM- Representative in Congress 8th District,"City of Mount Morris, Precinct 1",Kristen McDonald Rivet,306,194
DEM- Representative in Congress 8th District,"Mount Morris Township, Precinct 1",Kristen McDonald Rivet,121,194
DEM- Representative in Congress 8th District,"Mount Morris Township, Precinct 2",Kristen McDonald Rivet,243,194
DEM- Representative in Congress 8th District,"Mount Morris Township, Precinct 3",Kristen McDonald Rivet,189,194
DEM- Representative in Congress 8th District,"Mount Morris Township, Precinct 4",Kristen McDonald Rivet,385,194
DEM- Representative in Congress 8th District,"Mount Morris Township, Precinct 5",Kristen McDonald Rivet,240,194
DEM- Representative in Congress 8th District,"Mount Morris Township, Precinct 6",Kristen McDonald Rivet,182,194
DEM- Representative in Congress 8th District,"Mount Morris Township, Precinct 7",Kristen McDonald Rivet,369,194
DEM- Representative in Congress 8th District,"Mount Morris Township, Precinct 8",Kristen McDonald Rivet,313,194
DEM- Representative in Congress 8th District,"Mount Morris Township, Precinct 9",Kristen McDonald Rivet,209,194
DEM- Representative in Congress 8th District,"Mount Morris Township, Precinct 10",Kristen McDonald Rivet,178,194
DEM- Representative in Congress 8th District,"Mundy Township, Precinct 1",Kristen McDonald Rivet,603,194
DEM- Representative in Congress 8th District,"Mundy Township, Precinct 2",Kristen McDonald Rivet,369,194
DEM- Representative in Congress 8th District,"Mundy Township, Precinct 3",Kristen McDonald Rivet,516,194
DEM- Representative in Congress 8th District,"Mundy Township, Precinct 4",Kristen McDonald Rivet,296,194
DEM- Representative in Congress 8th District,"Mundy Township, Precinct 5",Kristen McDonald Rivet,264,194
DEM- Representative in Congress 8th District,"Mundy Township, Precinct 6",Kristen McDonald Rivet,174,194
DEM- Representative in Congress 8th District,"Mundy Township, Precinct 7",Kristen McDonald Rivet,252,194
DEM- Representative in Congress 8th District,"Richfield Township, Precinct 1",Kristen McDonald Rivet,890,194
DEM- Representative in Congress 8th District,"Richfield Township, Precinct 2",Kristen McDonald Rivet,340,194
DEM- Representative in Congress 8th District,"City of Swartz Creek, Precinct 1",Kristen McDonald Rivet,254,194
DEM- Representative in Congress 8th District,"City of Swartz Creek, Precinct 2",Kristen McDonald Rivet,251,194
DEM- Representative in Congress 8th District,"City of Swartz Creek, Precinct 3",Kristen McDonald Rivet,202,194
DEM- Representative in Congress 8th District,"City of Swartz Creek, Precinct 4",Kristen McDonald Rivet,357,194
DEM- Representative in Congress 8th District,"Thetford Township, Precinct 1",Kristen McDonald Rivet,340,194
DEM- Representative in Congress 8th District,"Thetford Township, Precinct 2",Kristen McDonald Rivet,391,194
DEM- Representative in Congress 8th District,"Vienna Township, Precinct 1",Kristen McDonald Rivet,405,194
DEM- Representative in Congress 8th District,"Vienna Township, Precinct 2",Kristen McDonald Rivet,368,194
DEM- Representative in Congress 8th District,"Vienna Township, Precinct 3",Kristen McDonald Rivet,346,194
DEM- Representative in Congress 8th District,"Vienna Township, Precinct 4",Kristen McDonald Rivet,336,194
DEM- Representative in Congress 8th District,"Vienna Township, Precinct 5",Kristen McDonald Rivet,272,194
DEM- State Senator 22nd District,"Argentine Township, Precinct 1",Robert Hower,334,212
DEM- State Senator 22nd District,"Argentine Township, Precinct 2",Robert Hower,320,212
DEM- State Senator 22nd District,"Argentine Township, Precinct 3",Robert Hower,84,212
DEM- State Senator 22nd District,"City of Fenton, Precinct 1",Robert Hower,248,212
DEM- State Senator 22nd District,"City of Fenton, Precinct 2",Robert Hower,629,212
DEM- State Senator 22nd District,"City of Fenton, Precinct 3",Robert Hower,525,212
DEM- State Senator 22nd District,"Fenton Township, Precinct 1",Robert Hower,446,212
DEM- State Senator 22nd District,"Fenton Township, Precinct 2",Robert Hower,417,212
DEM- State Senator 22nd District,"Fenton Township, Precinct 3",Robert Hower,406,212
DEM- State Senator 22nd District,"Fenton Township, Precinct 4",Robert Hower,351,212
DEM- State Senator 22nd District,"Fenton Township, Precinct 5",Robert Hower,421,212
DEM- State Senator 22nd District,"Fenton Township, Precinct 6",Robert Hower,395,212
DEM- State Senator 22nd District,"City of Linden, Precinct 1",Robert Hower,577,212
DEM- State Senator 23rd District,"Atlas Township, Precinct 1",Greg Hill,208,250
DEM- State Senator 23rd District,"Atlas Township, Precinct 1",Margarette Gupta,172,250
DEM- State Senator 23rd District,"Atlas Township, Precinct 2",Greg Hill,148,250
DEM- State Senator 23rd District,"Atlas Township, Precinct 2",Margarette Gupta,122,250
DEM- State Senator 23rd District,"Atlas Township, Precinct 3",Greg Hill,204,250
DEM- State Senator 23rd District,"Atlas Township, Precinct 3",Margarette Gupta,192,250
DEM- State Senator 26th District,"City of Burton, Precinct 5",Martin L. Cousineau,189,152
DEM- State Senator 26th District,"City of Burton, Precinct 5",Brendan J. Johnson,246,152
DEM- State Senator 26th District,"City of Burton, Precinct 6",Martin L. Cousineau,197,152
DEM- State Senator 26th District,"City of Burton, Precinct 6",Brendan J. Johnson,276,152
DEM- State Senator 26th District,"City of Burton, Precinct 7",Martin L. Cousineau,149,152
DEM- State Senator 26th District,"City of Burton, Precinct 7",Brendan J. Johnson,151,152
DEM- State Senator 26th District,"City of Clio, Precinct 1",Martin L. Cousineau,188,152
DEM- State Senator 26th District,"City of Clio, Precinct 1",Brendan J. Johnson,127,152
DEM- State Senator 26th District,"City of Davison, Precinct 1",Martin L. Cousineau,174,152
DEM- State Senator 26th District,"City of Davison, Precinct 1",Brendan J. Johnson,186,152
DEM- State Senator 26th District,"City of Davison, Precinct 2",Martin L. Cousineau,160,152
DEM- State Senator 26th District,"City of Davison, Precinct 2",Brendan J. Johnson,234,152
DEM- State Senator 26th District,"Davison Township, Precinct 1",Martin L. Cousineau,178,152
DEM- State Senator 26th District,"Davison Township, Precinct 1",Brendan J. Johnson,201,152
DEM- State Senator 26th District,"Davison Township, Precinct 2",Martin L. Cousineau,176,152
DEM- State Senator 26th District,"Davison Township, Precinct 2",Brendan J. Johnson,198,152
DEM- State Senator 26th District,"Davison Township, Precinct 3",Martin L. Cousineau,112,152
DEM- State Senator 26th District,"Davison Township, Precinct 3",Brendan J. Johnson,124,152
DEM- State Senator 26th District,"Davison Township, Precinct 4",Martin L. Cousineau,175,152
DEM- State Senator 26th District,"Davison Township, Precinct 4",Brendan J. Johnson,254,152
DEM- State Senator 26th District,"Davison Township, Precinct 5",Martin L. Cousineau,103,152
DEM- State Senator 26th District,"Davison Township, Precinct 5",Brendan J. Johnson,134,152
DEM- State Senator 26th District,"Davison Township, Precinct 6",Martin L. Cousineau,141,152
DEM- State Senator 26th District,"Davison Township, Precinct 6",Brendan J. Johnson,208,152
DEM- State Senator 26th District,"Davison Township, Precinct 7",Martin L. Cousineau,105,152
DEM- State Senator 26th District,"Davison Township, Precinct 7",Brendan J. Johnson,124,152
DEM- State Senator 26th District,"Davison Township, Precinct 8",Martin L. Cousineau,211,152
DEM- State Senator 26th District,"Davison Township, Precinct 8",Brendan J. Johnson,276,152
DEM- State Senator 26th District,"Forest Township, Precinct 1",Martin L. Cousineau,288,152
DEM- State Senator 26th District,"Forest Township, Precinct 1",Brendan J. Johnson,301,152
DEM- State Senator 26th District,"Genesee Township, Precinct 1",Martin L. Cousineau,145,152
DEM- State Senator 26th District,"Genesee Township, Precinct 1",Brendan J. Johnson,210,152
DEM- State Senator 26th District,"Genesee Township, Precinct 2",Martin L. Cousineau,70,152
DEM- State Senator 26th District,"Genesee Township, Precinct 2",Brendan J. Johnson,102,152
DEM- State Senator 26th District,"Genesee Township, Precinct 3",Martin L. Cousineau,139,152
DEM- State Senator 26th District,"Genesee Township, Precinct 3",Brendan J. Johnson,254,152
DEM- State Senator 26th District,"Genesee Township, Precinct 4",Martin L. Cousineau,166,152
DEM- State Senator 26th District,"Genesee Township, Precinct 4",Brendan J. Johnson,193,152
DEM- State Senator 26th District,"Genesee Township, Precinct 5",Martin L. Cousineau,222,152
DEM- State Senator 26th District,"Genesee Township, Precinct 5",Brendan J. Johnson,357,152
DEM- State Senator 26th District,"Genesee Township, Precinct 6",Martin L. Cousineau,143,152
DEM- State Senator 26th District,"Genesee Township, Precinct 6",Brendan J. Johnson,176,152
DEM- State Senator 26th District,"Genesee Township, Precinct 7",Martin L. Cousineau,113,152
DEM- State Senator 26th District,"Genesee Township, Precinct 7",Brendan J. Johnson,185,152
DEM- State Senator 26th District,"City of Montrose, Precinct 1",Martin L. Cousineau,113,152
DEM- State Senator 26th District,"City of Montrose, Precinct 1",Brendan J. Johnson,57,152
DEM- State Senator 26th District,"Montrose Township, Precinct 1",Martin L. Cousineau,82,152
DEM- State Senator 26th District,"Montrose Township, Precinct 1",Brendan J. Johnson,69,152
DEM- State Senator 26th District,"Montrose Township, Precinct 2",Martin L. Cousineau,76,152
DEM- State Senator 26th District,"Montrose Township, Precinct 2",Brendan J. Johnson,48,152
DEM- State Senator 26th District,"Montrose Township, Precinct 3",Martin L. Cousineau,104,152
DEM- State Senator 26th District,"Montrose Township, Precinct 3",Brendan J. Johnson,62,152
DEM- State Senator 26th District,"Montrose Township, Precinct 4",Martin L. Cousineau,117,152
DEM- State Senator 26th District,"Montrose Township, Precinct 4",Brendan J. Johnson,52,152
DEM- State Senator 26th District,"Richfield Township, Precinct 1",Martin L. Cousineau,329,152
DEM- State Senator 26th District,"Richfield Township, Precinct 1",Brendan J. Johnson,507,152
DEM- State Senator 26th District,"Richfield Township, Precinct 2",Martin L. Cousineau,163,152
DEM- State Senator 26th District,"Richfield Township, Precinct 2",Brendan J. Johnson,161,152
DEM- State Senator 26th District,"Thetford Township, Precinct 1",Martin L. Cousineau,240,152
DEM- State Senator 26th District,"Thetford Township, Precinct 1",Brendan J. Johnson,117,152
DEM- State Senator 26th District,"Thetford Township, Precinct 2",Martin L. Cousineau,271,152
DEM- State Senator 26th District,"Thetford Township, Precinct 2",Brendan J. Johnson,135,152
DEM- State Senator 26th District,"Vienna Township, Precinct 1",Martin L. Cousineau,316,152
DEM- State Senator 26th District,"Vienna Township, Precinct 1",Brendan J. Johnson,110,152
DEM- State Senator 26th District,"Vienna Township, Precinct 2",Martin L. Cousineau,267,152
DEM- State Senator 26th District,"Vienna Township, Precinct 2",Brendan J. Johnson,105,152
DEM- State Senator 26th District,"Vienna Township, Precinct 3",Martin L. Cousineau,217,152
DEM- State Senator 26th District,"Vienna Township, Precinct 3",Brendan J. Johnson,131,152
DEM- State Senator 26th District,"Vienna Township, Precinct 4",Martin L. Cousineau,247,152
DEM- State Senator 26th District,"Vienna Township, Precinct 4",Brendan J. Johnson,99,152
DEM- State Senator 26th District,"Vienna Township, Precinct 5",Martin L. Cousineau,199,152
DEM- State Senator 26th District,"Vienna Township, Precinct 5",Brendan J. Johnson,78,152
DEM- State Senator 27th District,"City of Burton, Precinct 1",John D. Cherry,175,272
DEM- State Senator 27th District,"City of Burton, Precinct 2",John D. Cherry,472,272
DEM- State Senator 27th District,"City of Burton, Precinct 3",John D. Cherry,574,272
DEM- State Senator 27th District,"City of Burton, Precinct 4",John D. Cherry,777,272
DEM- State Senator 27th District,"City of Burton, Precinct 5",John D. Cherry,154,272
DEM- State Senator 27th District,"City of Burton, Precinct 7",John D. Cherry,284,272
DEM- State Senator 27th District,"Clayton Township, Precinct 1",John D. Cherry,475,272
DEM- State Senator 27th District,"Clayton Township, Precinct 2",John D. Cherry,336,272
DEM- State Senator 27th District,"Clayton Township, Precinct 3",John D. Cherry,249,272
DEM- State Senator 27th District,"Clayton Township, Precinct 4",John D. Cherry,172,272
DEM- State Senator 27th District,"City of Flint, Precinct 1",John D. Cherry,824,272
DEM- State Senator 27th District,"City of Flint, Precinct 2",John D. Cherry,580,272
DEM- State Senator 27th District,"City of Flint, Precinct 3",John D. Cherry,17,272
DEM- State Senator 27th District,"City of Flint, Precinct 4",John D. Cherry,192,272
DEM- State Senator 27th District,"City of Flint, Precinct 5",John D. Cherry,549,272
DEM- State Senator 27th District,"City of Flint, Precinct 6",John D. Cherry,629,272
DEM- State Senator 27th District,"City of Flint, Precinct 7",John D. Cherry,200,272
DEM- State Senator 27th District,"City of Flint, Precinct 8",John D. Cherry,245,272
DEM- State Senator 27th District,"City of Flint, Precinct 9",John D. Cherry,255,272
DEM- State Senator 27th District,"City of Flint, Precinct 10",John D. Cherry,180,272
DEM- State Senator 27th District,"City of Flint, Precinct 11",John D. Cherry,270,272
DEM- State Senator 27th District,"City of Flint, Precinct 12",John D. Cherry,387,272
DEM- State Senator 27th District,"City of Flint, Precinct 13",John D. Cherry,8,272
DEM- State Senator 27th District,"City of Flint, Precinct 14",John D. Cherry,643,272
DEM- State Senator 27th District,"City of Flint, Precinct 15",John D. Cherry,473,272
DEM- State Senator 27th District,"City of Flint, Precinct 16",John D. Cherry,490,272
DEM- State Senator 27th District,"City of Flint, Precinct 17",John D. Cherry,331,272
DEM- State Senator 27th District,"City of Flint, Precinct 18",John D. Cherry,71,272
DEM- State Senator 27th District,"City of Flint, Precinct 19",John D. Cherry,234,272
DEM- State Senator 27th District,"City of Flint, Precinct 20",John D. Cherry,673,272
DEM- State Senator 27th District,"City of Flint, Precinct 21",John D. Cherry,923,272
DEM- State Senator 27th District,"City of Flint, Precinct 22",John D. Cherry,24,272
DEM- State Senator 27th District,"City of Flint, Precinct 23",John D. Cherry,724,272
DEM- State Senator 27th District,"City of Flint, Precinct 24",John D. Cherry,324,272
DEM- State Senator 27th District,"City of Flint, Precinct 25",John D. Cherry,54,272
DEM- State Senator 27th District,"City of Flint, Precinct 26",John D. Cherry,82,272
DEM- State Senator 27th District,"City of Flint, Precinct 27",John D. Cherry,3,272
DEM- State Senator 27th District,"City of Flint, Precinct 28",John D. Cherry,359,272
DEM- State Senator 27th District,"City of Flint, Precinct 29",John D. Cherry,312,272
DEM- State Senator 27th District,"Flint Township, Precinct 1",John D. Cherry,1180,272
DEM- State Senator 27th District,"Flint Township, Precinct 2",John D. Cherry,673,272
DEM- State Senator 27th District,"Flint Township, Precinct 3",John D. Cherry,917,272
DEM- State Senator 27th District,"Flint Township, Precinct 4",John D. Cherry,247,272
DEM- State Senator 27th District,"Flint Township, Precinct 5",John D. Cherry,499,272
DEM- State Senator 27th District,"Flint Township, Precinct 6",John D. Cherry,198,272
DEM- State Senator 27th District,"Flint Township, Precinct 7",John D. Cherry,241,272
DEM- State Senator 27th District,"Flint Township, Precinct 8",John D. Cherry,786,272
DEM- State Senator 27th District,"City of Flushing, Precinct 1",John D. Cherry,423,272
DEM- State Senator 27th District,"City of Flushing, Precinct 2",John D. Cherry,428,272
DEM- State Senator 27th District,"City of Flushing, Precinct 3",John D. Cherry,331,272
DEM- State Senator 27th District,"City of Flushing, Precinct 4",John D. Cherry,372,272
DEM- State Senator 27th District,"Flushing Township, Precinct 1",John D. Cherry,392,272
DEM- State Senator 27th District,"Flushing Township, Precinct 2",John D. Cherry,294,272
DEM- State Senator 27th District,"Flushing Township, Precinct 3",John D. Cherry,506,272
DEM- State Senator 27th District,"Flushing Township, Precinct 4",John D. Cherry,410,272
DEM- State Senator 27th District,"Gaines Township, Precinct 1",John D. Cherry,401,272
DEM- State Senator 27th District,"Gaines Township, Precinct 2",John D. Cherry,192,272
DEM- State Senator 27th District,"Gaines Township, Precinct 3",John D. Cherry,263,272
DEM- State Senator 27th District,"City of Grand Blanc, Precinct 1",John D. Cherry,714,272
DEM- State Senator 27th District,"City of Grand Blanc, Precinct 2",John D. Cherry,714,272
DEM- State Senator 27th District,"Grand Blanc Township, Precinct 1",John D. Cherry,728,272
DEM- State Senator 27th District,"Grand Blanc Township, Precinct 2",John D. Cherry,205,272
DEM- State Senator 27th District,"Grand Blanc Township, Precinct 3",John D. Cherry,786,272
DEM- State Senator 27th District,"Grand Blanc Township, Precinct 4",John D. Cherry,935,272
DEM- State Senator 27th District,"Grand Blanc Township, Precinct 5",John D. Cherry,333,272
DEM- State Senator 27th District,"Grand Blanc Township, Precinct 6",John D. Cherry,495,272
DEM- State Senator 27th District,"Grand Blanc Township, Precinct 7",John D. Cherry,864,272
DEM- State Senator 27th District,"Grand Blanc Township, Precinct 8",John D. Cherry,706,272
DEM- State Senator 27th District,"Grand Blanc Township, Precinct 9",John D. Cherry,551,272
DEM- State Senator 27th District,"Grand Blanc Township, Precinct 10",John D. Cherry,601,272
DEM- State Senator 27th District,"City of Mount Morris, Precinct 1",John D. Cherry,299,272
DEM- State Senator 27th District,"Mount Morris Township, Precinct 1",John D. Cherry,123,272
DEM- State Senator 27th District,"Mount Morris Township, Precinct 2",John D. Cherry,245,272
DEM- State Senator 27th District,"Mount Morris Township, Precinct 3",John D. Cherry,189,272
DEM- State Senator 27th District,"Mount Morris Township, Precinct 4",John D. Cherry,381,272
DEM- State Senator 27th District,"Mount Morris Township, Precinct 5",John D. Cherry,242,272
DEM- State Senator 27th District,"Mount Morris Township, Precinct 6",John D. Cherry,180,272
DEM- State Senator 27th District,"Mount Morris Township, Precinct 7",John D. Cherry,373,272
DEM- State Senator 27th District,"Mount Morris Township, Precinct 8",John D. Cherry,315,272
DEM- State Senator 27th District,"Mount Morris Township, Precinct 9",John D. Cherry,204,272
DEM- State Senator 27th District,"Mount Morris Township, Precinct 10",John D. Cherry,177,272
DEM- State Senator 27th District,"Mundy Township, Precinct 1",John D. Cherry,593,272
DEM- State Senator 27th District,"Mundy Township, Precinct 2",John D. Cherry,363,272
DEM- State Senator 27th District,"Mundy Township, Precinct 3",John D. Cherry,509,272
DEM- State Senator 27th District,"Mundy Township, Precinct 4",John D. Cherry,297,272
DEM- State Senator 27th District,"Mundy Township, Precinct 5",John D. Cherry,257,272
DEM- State Senator 27th District,"Mundy Township, Precinct 6",John D. Cherry,171,272
DEM- State Senator 27th District,"Mundy Township, Precinct 7",John D. Cherry,243,272
DEM- State Senator 27th District,"City of Swartz Creek, Precinct 1",John D. Cherry,253,272
DEM- State Senator 27th District,"City of Swartz Creek, Precinct 2",John D. Cherry,252,272
DEM- State Senator 27th District,"City of Swartz Creek, Precinct 3",John D. Cherry,200,272
DEM- State Senator 27th District,"City of Swartz Creek, Precinct 4",John D. Cherry,358,272
DEM- Representative in State Legislature 67th District,"Forest Township, Precinct 1",Leslie Getz,565,142
DEM- Representative in State Legislature 67th District,"Genesee Township, Precinct 1",Leslie Getz,335,142
DEM- Representative in State Legislature 67th District,"Genesee Township, Precinct 2",Leslie Getz,162,142
DEM- Representative in State Legislature 67th District,"Genesee Township, Precinct 3",Leslie Getz,384,142
DEM- Representative in State Legislature 67th District,"Genesee Township, Precinct 4",Leslie Getz,332,142
DEM- Representative in State Legislature 67th District,"Genesee Township, Precinct 5",Leslie Getz,554,142
DEM- Representative in State Legislature 67th District,"Genesee Township, Precinct 6",Leslie Getz,312,142
DEM- Representative in State Legislature 67th District,"Richfield Township, Precinct 1",Leslie Getz,822,142
DEM- Representative in State Legislature 67th District,"Richfield Township, Precinct 2",Leslie Getz,307,142
DEM- Representative in State Legislature 67th District,"Thetford Township, Precinct 1",Leslie Getz,315,142
DEM- Representative in State Legislature 67th District,"Thetford Township, Precinct 2",Leslie Getz,360,142
DEM- Representative in State Legislature 68th District,"Atlas Township, Precinct 1",Matt Schlinker,303,202
DEM- Representative in State Legislature 68th District,"Atlas Township, Precinct 1",Isaiah Grays,78,202
DEM- Representative in State Legislature 68th District,"Atlas Township, Precinct 2",Matt Schlinker,244,202
DEM- Representative in State Legislature 68th District,"Atlas Township, Precinct 2",Isaiah Grays,50,202
DEM- Representative in State Legislature 68th District,"Atlas Township, Precinct 3",Matt Schlinker,321,202
DEM- Representative in State Legislature 68th District,"Atlas Township, Precinct 3",Isaiah Grays,85,202
DEM- Representative in State Legislature 68th District,"City of Burton, Precinct 2",Matt Schlinker,319,202
DEM- Representative in State Legislature 68th District,"City of Burton, Precinct 2",Isaiah Grays,144,202
DEM- Representative in State Legislature 68th District,"City of Burton, Precinct 3",Matt Schlinker,289,202
DEM- Representative in State Legislature 68th District,"City of Burton, Precinct 3",Isaiah Grays,268,202
DEM- Representative in State Legislature 68th District,"City of Burton, Precinct 4",Matt Schlinker,545,202
DEM- Representative in State Legislature 68th District,"City of Burton, Precinct 4",Isaiah Grays,222,202
DEM- Representative in State Legislature 68th District,"City of Burton, Precinct 5",Matt Schlinker,387,202
DEM- Representative in State Legislature 68th District,"City of Burton, Precinct 5",Isaiah Grays,201,202
DEM- Representative in State Legislature 68th District,"City of Burton, Precinct 6",Matt Schlinker,331,202
DEM- Representative in State Legislature 68th District,"City of Burton, Precinct 6",Isaiah Grays,138,202
DEM- Representative in State Legislature 68th District,"City of Burton, Precinct 7",Matt Schlinker,376,202
DEM- Representative in State Legislature 68th District,"City of Burton, Precinct 7",Isaiah Grays,198,202
DEM- Representative in State Legislature 68th District,"City of Davison, Precinct 1",Matt Schlinker,274,202
DEM- Representative in State Legislature 68th District,"City of Davison, Precinct 1",Isaiah Grays,97,202
DEM- Representative in State Legislature 68th District,"City of Davison, Precinct 2",Matt Schlinker,251,202
DEM- Representative in State Legislature 68th District,"City of Davison, Precinct 2",Isaiah Grays,147,202
DEM- Representative in State Legislature 68th District,"Davison Township, Precinct 1",Matt Schlinker,269,202
DEM- Representative in State Legislature 68th District,"Davison Township, Precinct 1",Isaiah Grays,104,202
DEM- Representative in State Legislature 68th District,"Davison Township, Precinct 2",Matt Schlinker,259,202
DEM- Representative in State Legislature 68th District,"Davison Township, Precinct 2",Isaiah Grays,111,202
DEM- Representative in State Legislature 68th District,"Davison Township, Precinct 3",Matt Schlinker,183,202
DEM- Representative in State Legislature 68th District,"Davison Township, Precinct 3",Isaiah Grays,51,202
DEM- Representative in State Legislature 68th District,"Davison Township, Precinct 4",Matt Schlinker,290,202
DEM- Representative in State Legislature 68th District,"Davison Township, Precinct 4",Isaiah Grays,144,202
DEM- Representative in State Legislature 68th District,"Davison Township, Precinct 5",Matt Schlinker,148,202
DEM- Representative in State Legislature 68th District,"Davison Township, Precinct 5",Isaiah Grays,87,202
DEM- Representative in State Legislature 68th District,"Davison Township, Precinct 6",Matt Schlinker,201,202
DEM- Representative in State Legislature 68th District,"Davison Township, Precinct 6",Isaiah Grays,154,202
DEM- Representative in State Legislature 68th District,"Davison Township, Precinct 7",Matt Schlinker,162,202
DEM- Representative in State Legislature 68th District,"Davison Township, Precinct 7",Isaiah Grays,61,202
DEM- Representative in State Legislature 68th District,"Davison Township, Precinct 8",Matt Schlinker,342,202
DEM- Representative in State Legislature 68th District,"Davison Township, Precinct 8",Isaiah Grays,152,202
DEM- Representative in State Legislature 68th District,"Genesee Township, Precinct 7",Matt Schlinker,196,202
DEM- Representative in State Legislature 68th District,"Genesee Township, Precinct 7",Isaiah Grays,94,202
DEM- Representative in State Legislature 68th District,"City of Grand Blanc, Precinct 1",Matt Schlinker,428,202
DEM- Representative in State Legislature 68th District,"City of Grand Blanc, Precinct 1",Isaiah Grays,283,202
DEM- Representative in State Legislature 68th District,"City of Grand Blanc, Precinct 2",Matt Schlinker,495,202
DEM- Representative in State Legislature 68th District,"City of Grand Blanc, Precinct 2",Isaiah Grays,223,202
DEM- Representative in State Legislature 68th District,"Grand Blanc Township, Precinct 4",Matt Schlinker,513,202
DEM- Representative in State Legislature 68th District,"Grand Blanc Township, Precinct 4",Isaiah Grays,402,202
DEM- Representative in State Legislature 68th District,"Grand Blanc Township, Precinct 5",Matt Schlinker,254,202
DEM- Representative in State Legislature 68th District,"Grand Blanc Township, Precinct 5",Isaiah Grays,64,202
DEM- Representative in State Legislature 68th District,"Grand Blanc Township, Precinct 6",Matt Schlinker,305,202
DEM- Representative in State Legislature 68th District,"Grand Blanc Township, Precinct 6",Isaiah Grays,187,202
DEM- Representative in State Legislature 68th District,"Grand Blanc Township, Precinct 7",Matt Schlinker,577,202
DEM- Representative in State Legislature 68th District,"Grand Blanc Township, Precinct 7",Isaiah Grays,255,202
DEM- Representative in State Legislature 69th District,"Clayton Township, Precinct 1",Jasper Ryan Martus,464,302
DEM- Representative in State Legislature 69th District,"Clayton Township, Precinct 2",Jasper Ryan Martus,337,302
DEM- Representative in State Legislature 69th District,"Clayton Township, Precinct 3",Jasper Ryan Martus,239,302
DEM- Representative in State Legislature 69th District,"Clayton Township, Precinct 4",Jasper Ryan Martus,164,302
DEM- Representative in State Legislature 69th District,"City of Clio, Precinct 1",Jasper Ryan Martus,297,302
DEM- Representative in State Legislature 69th District,"Flint Township, Precinct 1",Jasper Ryan Martus,1148,302
DEM- Representative in State Legislature 69th District,"Flint Township, Precinct 2",Jasper Ryan Martus,645,302
DEM- Representative in State Legislature 69th District,"Flint Township, Precinct 3",Jasper Ryan Martus,893,302
DEM- Representative in State Legislature 69th District,"Flint Township, Precinct 4",Jasper Ryan Martus,240,302
DEM- Representative in State Legislature 69th District,"Flint Township, Precinct 5",Jasper Ryan Martus,519,302
DEM- Representative in State Legislature 69th District,"Flint Township, Precinct 7",Jasper Ryan Martus,231,302
DEM- Representative in State Legislature 69th District,"City of Flushing, Precinct 1",Jasper Ryan Martus,422,302
DEM- Representative in State Legislature 69th District,"City of Flushing, Precinct 2",Jasper Ryan Martus,424,302
DEM- Representative in State Legislature 69th District,"City of Flushing, Precinct 3",Jasper Ryan Martus,335,302
DEM- Representative in State Legislature 69th District,"City of Flushing, Precinct 4",Jasper Ryan Martus,388,302
DEM- Representative in State Legislature 69th District,"Flushing Township, Precinct 1",Jasper Ryan Martus,381,302
DEM- Representative in State Legislature 69th District,"Flushing Township, Precinct 2",Jasper Ryan Martus,289,302
DEM- Representative in State Legislature 69th District,"Flushing Township, Precinct 3",Jasper Ryan Martus,506,302
DEM- Representative in State Legislature 69th District,"Flushing Township, Precinct 4",Jasper Ryan Martus,398,302
DEM- Representative in State Legislature 69th District,"City of Montrose, Precinct 1",Jasper Ryan Martus,170,302
DEM- Representative in State Legislature 69th District,"Montrose Township, Precinct 1",Jasper Ryan Martus,131,302
DEM- Representative in State Legislature 69th District,"Montrose Township, Precinct 4",Jasper Ryan Martus,158,302
DEM- Representative in State Legislature 69th District,"City of Mount Morris, Precinct 1",Jasper Ryan Martus,289,302
DEM- Representative in State Legislature 69th District,"Mount Morris Township, Precinct 1",Jasper Ryan Martus,117,302
DEM- Representative in State Legislature 69th District,"Mount Morris Township, Precinct 2",Jasper Ryan Martus,238,302
DEM- Representative in State Legislature 69th District,"Mount Morris Township, Precinct 3",Jasper Ryan Martus,185,302
DEM- Representative in State Legislature 69th District,"Mount Morris Township, Precinct 4",Jasper Ryan Martus,376,302
DEM- Representative in State Legislature 69th District,"Mount Morris Township, Precinct 5",Jasper Ryan Martus,235,302
DEM- Representative in State Legislature 69th District,"Mount Morris Township, Precinct 6",Jasper Ryan Martus,179,302
DEM- Representative in State Legislature 69th District,"Mount Morris Township, Precinct 7",Jasper Ryan Martus,361,302
DEM- Representative in State Legislature 69th District,"Mount Morris Township, Precinct 8",Jasper Ryan Martus,300,302
DEM- Representative in State Legislature 69th District,"Mount Morris Township, Precinct 9",Jasper Ryan Martus,197,302
DEM- Representative in State Legislature 69th District,"Mount Morris Township, Precinct 10",Jasper Ryan Martus,173,302
DEM- Representative in State Legislature 69th District,"City of Swartz Creek, Precinct 2",Jasper Ryan Martus,246,302
DEM- Representative in State Legislature 69th District,"City of Swartz Creek, Precinct 3",Jasper Ryan Martus,193,302
DEM- Representative in State Legislature 69th District,"City of Swartz Creek, Precinct 4",Jasper Ryan Martus,338,302
DEM- Representative in State Legislature 69th District,"Vienna Township, Precinct 1",Jasper Ryan Martus,373,302
DEM- Representative in State Legislature 69th District,"Vienna Township, Precinct 4",Jasper Ryan Martus,317,302
DEM- Representative in State Legislature 70th District,"City of Burton, Precinct 1",Cynthia R. Neeley,168,214
DEM- Representative in State Legislature 70th District,"City of Burton, Precinct 1",Michael Clack,0,214
DEM- Representative in State Legislature 70th District,"City of Flint, Precinct 1",Cynthia R. Neeley,704,214
DEM- Representative in State Legislature 70th District,"City of Flint, Precinct 1",Michael Clack,84,214
DEM- Representative in State Legislature 70th District,"City of Flint, Precinct 2",Cynthia R. Neeley,495,214
DEM- Representative in State Legislature 70th District,"City of Flint, Precinct 2",Michael Clack,47,214
DEM- Representative in State Legislature 70th District,"City of Flint, Precinct 3",Cynthia R. Neeley,13,214
DEM- Representative in State Legislature 70th District,"City of Flint, Precinct 3",Michael Clack,2,214
DEM- Representative in State Legislature 70th District,"City of Flint, Precinct 4",Cynthia R. Neeley,174,214
DEM- Representative in State Legislature 70th District,"City of Flint, Precinct 4",Michael Clack,10,214
DEM- Representative in State Legislature 70th District,"City of Flint, Precinct 5",Cynthia R. Neeley,457,214
DEM- Representative in State Legislature 70th District,"City of Flint, Precinct 5",Michael Clack,83,214
DEM- Representative in State Legislature 70th District,"City of Flint, Precinct 6",Cynthia R. Neeley,512,214
DEM- Representative in State Legislature 70th District,"City of Flint, Precinct 6",Michael Clack,74,214
DEM- Representative in State Legislature 70th District,"City of Flint, Precinct 7",Cynthia R. Neeley,168,214
DEM- Representative in State Legislature 70th District,"City of Flint, Precinct 7",Michael Clack,20,214
DEM- Representative in State Legislature 70th District,"City of Flint, Precinct 8",Cynthia R. Neeley,212,214
DEM- Representative in State Legislature 70th District,"City of Flint, Precinct 8",Michael Clack,10,214
DEM- Representative in State Legislature 70th District,"City of Flint, Precinct 9",Cynthia R. Neeley,214,214
DEM- Representative in State Legislature 70th District,"City of Flint, Precinct 9",Michael Clack,19,214
DEM- Representative in State Legislature 70th District,"City of Flint, Precinct 10",Cynthia R. Neeley,174,214
DEM- Representative in State Legislature 70th District,"City of Flint, Precinct 10",Michael Clack,3,214
DEM- Representative in State Legislature 70th District,"City of Flint, Precinct 11",Cynthia R. Neeley,244,214
DEM- Representative in State Legislature 70th District,"City of Flint, Precinct 11",Michael Clack,11,214
DEM- Representative in State Legislature 70th District,"City of Flint, Precinct 12",Cynthia R. Neeley,357,214
DEM- Representative in State Legislature 70th District,"City of Flint, Precinct 12",Michael Clack,8,214
DEM- Representative in State Legislature 70th District,"City of Flint, Precinct 13",Cynthia R. Neeley,7,214
DEM- Representative in State Legislature 70th District,"City of Flint, Precinct 13",Michael Clack,0,214
DEM- Representative in State Legislature 70th District,"City of Flint, Precinct 14",Cynthia R. Neeley,567,214
DEM- Representative in State Legislature 70th District,"City of Flint, Precinct 14",Michael Clack,45,214
DEM- Representative in State Legislature 70th District,"City of Flint, Precinct 15",Cynthia R. Neeley,409,214
DEM- Representative in State Legislature 70th District,"City of Flint, Precinct 15",Michael Clack,33,214
DEM- Representative in State Legislature 70th District,"City of Flint, Precinct 16",Cynthia R. Neeley,416,214
DEM- Representative in State Legislature 70th District,"City of Flint, Precinct 16",Michael Clack,34,214
DEM- Representative in State Legislature 70th District,"City of Flint, Precinct 17",Cynthia R. Neeley,296,214
DEM- Representative in State Legislature 70th District,"City of Flint, Precinct 17",Michael Clack,18,214
DEM- Representative in State Legislature 70th District,"City of Flint, Precinct 18",Cynthia R. Neeley,56,214
DEM- Representative in State Legislature 70th District,"City of Flint, Precinct 18",Michael Clack,3,214
DEM- Representative in State Legislature 70th District,"City of Flint, Precinct 19",Cynthia R. Neeley,203,214
DEM- Representative in State Legislature 70th District,"City of Flint, Precinct 19",Michael Clack,21,214
DEM- Representative in State Legislature 70th District,"City of Flint, Precinct 20",Cynthia R. Neeley,604,214
DEM- Representative in State Legislature 70th District,"City of Flint, Precinct 20",Michael Clack,27,214
DEM- Representative in State Legislature 70th District,"City of Flint, Precinct 21",Cynthia R. Neeley,826,214
DEM- Representative in State Legislature 70th District,"City of Flint, Precinct 21",Michael Clack,51,214
DEM- Representative in State Legislature 70th District,"City of Flint, Precinct 22",Cynthia R. Neeley,21,214
DEM- Representative in State Legislature 70th District,"City of Flint, Precinct 22",Michael Clack,0,214
DEM- Representative in State Legislature 70th District,"City of Flint, Precinct 23",Cynthia R. Neeley,645,214
DEM- Representative in State Legislature 70th District,"City of Flint, Precinct 23",Michael Clack,34,214
DEM- Representative in State Legislature 70th District,"City of Flint, Precinct 24",Cynthia R. Neeley,302,214
DEM- Representative in State Legislature 70th District,"City of Flint, Precinct 24",Michael Clack,13,214
DEM- Representative in State Legislature 70th District,"City of Flint, Precinct 25",Cynthia R. Neeley,47,214
DEM- Representative in State Legislature 70th District,"City of Flint, Precinct 25",Michael Clack,1,214
DEM- Representative in State Legislature 70th District,"City of Flint, Precinct 26",Cynthia R. Neeley,69,214
DEM- Representative in State Legislature 70th District,"City of Flint, Precinct 26",Michael Clack,4,214
DEM- Representative in State Legislature 70th District,"City of Flint, Precinct 27",Cynthia R. Neeley,3,214
DEM- Representative in State Legislature 70th District,"City of Flint, Precinct 27",Michael Clack,0,214
DEM- Representative in State Legislature 70th District,"City of Flint, Precinct 28",Cynthia R. Neeley,316,214
DEM- Representative in State Legislature 70th District,"City of Flint, Precinct 28",Michael Clack,21,214
DEM- Representative in State Legislature 70th District,"City of Flint, Precinct 29",Cynthia R. Neeley,289,214
DEM- Representative in State Legislature 70th District,"City of Flint, Precinct 29",Michael Clack,11,214
DEM- Representative in State Legislature 70th District,"Flint Township, Precinct 6",Cynthia R. Neeley,189,214
DEM- Representative in State Legislature 70th District,"Flint Township, Precinct 6",Michael Clack,1,214
DEM- Representative in State Legislature 70th District,"Flint Township, Precinct 7",Cynthia R. Neeley,6,214
DEM- Representative in State Legislature 70th District,"Flint Township, Precinct 7",Michael Clack,0,214
DEM- Representative in State Legislature 70th District,"Flint Township, Precinct 8",Cynthia R. Neeley,749,214
DEM- Representative in State Legislature 70th District,"Flint Township, Precinct 8",Michael Clack,11,214
DEM- Representative in State Legislature 70th District,"Mundy Township, Precinct 2",Cynthia R. Neeley,6,214
DEM- Representative in State Legislature 70th District,"Mundy Township, Precinct 2",Michael Clack,0,214
DEM- Representative in State Legislature 71st District,"Argentine Township, Precinct 1",Stephen Schlaack,324,52
DEM- Representative in State Legislature 71st District,"Argentine Township, Precinct 2",Stephen Schlaack,307,52
DEM- Representative in State Legislature 71st District,"Argentine Township, Precinct 3",Stephen Schlaack,82,52
DEM- Representative in State Legislature 71st District,"Gaines Township, Precinct 1",Stephen Schlaack,372,52
DEM- Representative in State Legislature 71st District,"Gaines Township, Precinct 2",Stephen Schlaack,184,52
DEM- Representative in State Legislature 71st District,"Gaines Township, Precinct 3",Stephen Schlaack,248,52
DEM- Representative in State Legislature 71st District,"Mundy Township, Precinct 2",Stephen Schlaack,11,52
DEM- Representative in State Legislature 71st District,"Mundy Township, Precinct 3",Stephen Schlaack,475,52
DEM- Representative in State Legislature 71st District,"Mundy Township, Precinct 4",Stephen Schlaack,288,52
DEM- Representative in State Legislature 71st District,"Mundy Township, Precinct 5",Stephen Schlaack,247,52
DEM- Representative in State Legislature 71st District,"Mundy Township, Precinct 6",Stephen Schlaack,174,52
DEM- Representative in State Legislature 71st District,"City of Swartz Creek, Precinct 1",Stephen Schlaack,242,52
DEM- Representative in State Legislature 72nd District,"City of Fenton, Precinct 1",Thomas Ryan,247,56
DEM- Representative in State Legislature 72nd District,"City of Fenton, Precinct 2",Thomas Ryan,620,56
DEM- Representative in State Legislature 72nd District,"City of Fenton, Precinct 3",Thomas Ryan,521,56
DEM- Representative in State Legislature 72nd District,"Fenton Township, Precinct 1",Thomas Ryan,438,56
DEM- Representative in State Legislature 72nd District,"Fenton Township, Precinct 2",Thomas Ryan,407,56
DEM- Representative in State Legislature 72nd District,"Fenton Township, Precinct 3",Thomas Ryan,404,56
DEM- Representative in State Legislature 72nd District,"Fenton Township, Precinct 4",Thomas Ryan,347,56
DEM- Representative in State Legislature 72nd District,"Fenton Township, Precinct 5",Thomas Ryan,416,56
DEM- Representative in State Legislature 72nd District,"Fenton Township, Precinct 6",Thomas Ryan,388,56
DEM- Representative in State Legislature 72nd District,"Grand Blanc Township, Precinct 1",Thomas Ryan,701,56
DEM- Representative in State Legislature 72nd District,"Grand Blanc Township, Precinct 2",Thomas Ryan,194,56
DEM- Representative in State Legislature 72nd District,"Grand Blanc Township, Precinct 3",Thomas Ryan,770,56
DEM- Representative in State Legislature 72nd District,"Grand Blanc Township, Precinct 8",Thomas Ryan,680,56
DEM- Representative in State Legislature 72nd District,"Grand Blanc Township, Precinct 9",Thomas Ryan,534,56
DEM- Representative in State Legislature 72nd District,"Grand Blanc Township, Precinct 10",Thomas Ryan,555,56
DEM- Representative in State Legislature 72nd District,"City of Linden, Precinct 1",Thomas Ryan,565,56
DEM- Representative in State Legislature 72nd District,"Mundy Township, Precinct 1",Thomas Ryan,567,56
DEM- Representative in State Legislature 72nd District,"Mundy Township, Precinct 2",Thomas Ryan,331,56
DEM- Representative in State Legislature 72nd District,"Mundy Township, Precinct 5",Thomas Ryan,2,56
DEM- Representative in State Legislature 72nd District,"Mundy Township, Precinct 7",Thomas Ryan,236,56
DEM- Representative in State Legislature 97th District,"Montrose Township, Precinct 2",Kandie Sherman,48,63
DEM- Representative in State Legislature 97th District,"Montrose Township, Precinct 2",Jack Bader,70,63
DEM- Representative in State Legislature 97th District,"Montrose Township, Precinct 3",Kandie Sherman,96,63
DEM- Representative in State Legislature 97th District,"Montrose Township, Precinct 3",Jack Bader,65,63
DEM- Representative in State Legislature 97th District,"Vienna Township, Precinct 2",Kandie Sherman,147,63
DEM- Representative in State Legislature 97th District,"Vienna Township, Precinct 2",Jack Bader,186,63
DEM- Representative in State Legislature 97th District,"Vienna Township, Precinct 3",Kandie Sherman,195,63
DEM- Representative in State Legislature 97th District,"Vienna Township, Precinct 3",Jack Bader,128,63
DEM- Representative in State Legislature 97th District,"Vienna Township, Precinct 5",Kandie Sherman,104,63
DEM- Representative in State Legislature 97th District,"Vienna Township, Precinct 5",Jack Bader,135,63
DEM- Gaines Township Trustee Partial Term Ending 11/20/2028,"Gaines Township, Precinct 1",Scarlett Oden,205,27
DEM- Gaines Township Trustee Partial Term Ending 11/20/2028,"Gaines Township, Precinct 1",Lee Purdy,178,27
DEM- Gaines Township Trustee Partial Term Ending 11/20/2028,"Gaines Township, Precinct 2",Scarlett Oden,86,27
DEM- Gaines Township Trustee Partial Term Ending 11/20/2028,"Gaines Township, Precinct 2",Lee Purdy,100,27
DEM- Gaines Township Trustee Partial Term Ending 11/20/2028,"Gaines Township, Precinct 3",Scarlett Oden,131,27
DEM- Gaines Township Trustee Partial Term Ending 11/20/2028,"Gaines Township, Precinct 3",Lee Purdy,126,27
DEM- Grand Blanc Township Trustee Partial Term Ending 11/20/2028,"Grand Blanc Township, Precinct 1",Michelle Ryder,377,199
DEM- Grand Blanc Township Trustee Partial Term Ending 11/20/2028,"Grand Blanc Township, Precinct 1",Crystal Wade Frazier,326,199
DEM- Grand Blanc Township Trustee Partial Term Ending 11/20/2028,"Grand Blanc Township, Precinct 2",Michelle Ryder,125,199
DEM- Grand Blanc Township Trustee Partial Term Ending 11/20/2028,"Grand Blanc Township, Precinct 2",Crystal Wade Frazier,70,199
DEM- Grand Blanc Township Trustee Partial Term Ending 11/20/2028,"Grand Blanc Township, Precinct 3",Michelle Ryder,472,199
DEM- Grand Blanc Township Trustee Partial Term Ending 11/20/2028,"Grand Blanc Township, Precinct 3",Crystal Wade Frazier,281,199
DEM- Grand Blanc Township Trustee Partial Term Ending 11/20/2028,"Grand Blanc Township, Precinct 4",Michelle Ryder,594,199
DEM- Grand Blanc Township Trustee Partial Term Ending 11/20/2028,"Grand Blanc Township, Precinct 4",Crystal Wade Frazier,286,199
DEM- Grand Blanc Township Trustee Partial Term Ending 11/20/2028,"Grand Blanc Township, Precinct 5",Michelle Ryder,202,199
DEM- Grand Blanc Township Trustee Partial Term Ending 11/20/2028,"Grand Blanc Township, Precinct 5",Crystal Wade Frazier,100,199
DEM- Grand Blanc Township Trustee Partial Term Ending 11/20/2028,"Grand Blanc Township, Precinct 6",Michelle Ryder,293,199
DEM- Grand Blanc Township Trustee Partial Term Ending 11/20/2028,"Grand Blanc Township, Precinct 6",Crystal Wade Frazier,166,199
DEM- Grand Blanc Township Trustee Partial Term Ending 11/20/2028,"Grand Blanc Township, Precinct 7",Michelle Ryder,442,199
DEM- Grand Blanc Township Trustee Partial Term Ending 11/20/2028,"Grand Blanc Township, Precinct 7",Crystal Wade Frazier,346,199
DEM- Grand Blanc Township Trustee Partial Term Ending 11/20/2028,"Grand Blanc Township, Precinct 8",Michelle Ryder,446,199
DEM- Grand Blanc Township Trustee Partial Term Ending 11/20/2028,"Grand Blanc Township, Precinct 8",Crystal Wade Frazier,188,199
DEM- Grand Blanc Township Trustee Partial Term Ending 11/20/2028,"Grand Blanc Township, Precinct 9",Michelle Ryder,312,199
DEM- Grand Blanc Township Trustee Partial Term Ending 11/20/2028,"Grand Blanc Township, Precinct 9",Crystal Wade Frazier,216,199
DEM- Grand Blanc Township Trustee Partial Term Ending 11/20/2028,"Grand Blanc Township, Precinct 10",Michelle Ryder,339,199
DEM- Grand Blanc Township Trustee Partial Term Ending 11/20/2028,"Grand Blanc Township, Precinct 10",Crystal Wade Frazier,217,199
DEM- Thetford Township Trustee Partial Term Ending 11/20/2028,"Thetford Township, Precinct 1",Tammy Batterbee,309,136
DEM- Thetford Township Trustee Partial Term Ending 11/20/2028,"Thetford Township, Precinct 2",Tammy Batterbee,364,136
DEM- Vienna Township Trustee Partial Term Ending 11/20/2028,"Vienna Township, Precinct 1",Alan Alguire,350,328
DEM- Vienna Township Trustee Partial Term Ending 11/20/2028,"Vienna Township, Precinct 2",Alan Alguire,275,328
DEM- Vienna Township Trustee Partial Term Ending 11/20/2028,"Vienna Township, Precinct 3",Alan Alguire,275,328
DEM- Vienna Township Trustee Partial Term Ending 11/20/2028,"Vienna Township, Precinct 4",Alan Alguire,260,328
DEM- Vienna Township Trustee Partial Term Ending 11/20/2028,"Vienna Township, Precinct 5",Alan Alguire,222,328
"DEM- Delegate to County Convention, Atlas Twp. Pct 2","Atlas Township, Precinct 2",Lori J. Schaffer,260,37
"DEM- Delegate to County Convention, City of Burton Pct 3","City of Burton, Precinct 3",Bette Ann Bigsby,7,79
"DEM- Delegate to County Convention, Clayton Twp. Pct 2","Clayton Township, Precinct 2",Anthony Davis,323,224
"DEM- Delegate to County Convention, City of Fenton Pct 3","City of Fenton, Precinct 3",Lauri Kay Elbing,1,153
"DEM- Delegate to County Convention, City of Flint Pct 1","City of Flint, Precinct 1",Prestina Michelle Chapman,2,166
"DEM- Delegate to County Convention, City of Flint Pct 1","City of Flint, Precinct 1",Claudia Annette Croom,1,166
"DEM- Delegate to County Convention, City of Flint Pct 1","City of Flint, Precinct 1",Eddie H. Matten,1,166
"DEM- Delegate to County Convention, City of Flint Pct 2","City of Flint, Precinct 2",James B. Moore,528,68
"DEM- Delegate to County Convention, City of Flint Pct 2","City of Flint, Precinct 2",Debra Denise Conner,0,68
"DEM- Delegate to County Convention, City of Flint Pct 5","City of Flint, Precinct 5",Mary Agnes Dillard,2,303
"DEM- Delegate to County Convention, City of Flint Pct 6","City of Flint, Precinct 6",Holly La'Shelle Wilson,1,288
"DEM- Delegate to County Convention, City of Flint Pct 8","City of Flint, Precinct 8",Jessie Lee Collins,1,325
"DEM- Delegate to County Convention, City of Flint Pct 14","City of Flint, Precinct 14",Cydney Taylor,2,10
"DEM- Delegate to County Convention, City of Flint Pct 14","City of Flint, Precinct 14",Sherry Elane Cooper,0,10
"DEM- Delegate to County Convention, City of Flint Pct 20","City of Flint, Precinct 20",Falessia Camille Booker,4,246
"DEM- Delegate to County Convention, City of Flint Pct 21","City of Flint, Precinct 21",Bryon E. Boston Jr.,830,315
"DEM- Delegate to County Convention, City of Flint Pct 21","City of Flint, Precinct 21",Paul Andrew Rozycki,2,315
"DEM- Delegate to County Convention, City of Flint Pct 28","City of Flint, Precinct 28",Sharon Patrice Reeves,268,242
"DEM- Delegate to County Convention, City of Flint Pct 28","City of Flint, Precinct 28",Michael J. Harris,227,242
"DEM- Delegate to County Convention, Flint Twp. Pct 3","Flint Township, Precinct 3",LaCracha Leatrice Handy,3,131
"DEM- Delegate to County Convention, Grand Blanc Twp. Pct 1","Grand Blanc Township, Precinct 1",LaShawn English,523,45
"DEM- Delegate to County Convention, Grand Blanc Twp. Pct 1","Grand Blanc Township, Precinct 1",Frank Burger,480,45
"DEM- Delegate to County Convention, Grand Blanc Twp. Pct 2","Grand Blanc Township, Precinct 2",Shane Evan Proulx,2,241
"DEM- Delegate to County Convention, Grand Blanc Twp. Pct 3","Grand Blanc Township, Precinct 3",Jeff Brown,725,243
"DEM- Delegate to County Convention, Grand Blanc Twp. Pct 4","Grand Blanc Township, Precinct 4",Courtney D. Avery,2,267
"DEM- Delegate to County Convention, Grand Blanc Twp. Pct 4","Grand Blanc Township, Precinct 4",Emily S. Monterosso,1,267
"DEM- Delegate to County Convention, Grand Blanc Twp. Pct 6","Grand Blanc Township, Precinct 6",Patricia Bieber,380,174
"DEM- Delegate to County Convention, Grand Blanc Twp. Pct 6","Grand Blanc Township, Precinct 6",Ronald Bieber,335,174
"DEM- Delegate to County Convention, City of Linden Pct 1","City of Linden, Precinct 1",Ryan A. Buchalski,562,306
"DEM- Delegate to County Convention, Mt. Morris Twp. Pct 7","Mount Morris Township, Precinct 7",Royce Stephens,1,78
"DEM- Delegate to County Convention, Mt. Morris Twp. Pct 7","Mount Morris Township, Precinct 7",Ethel Louise Bruce,0,78
"DEM- Delegate to County Convention, Mt. Morris Twp. Pct 9","Mount Morris Township, Precinct 9",Carl Scott,4,189
"DEM- Delegate to County Convention, Vienna Twp. Pct 1","Vienna Township, Precinct 1",Jason Tuck,338,126
"DEM- Delegate to County Convention, Vienna Twp. Pct 5","Vienna Township, Precinct 5",Denise Taylor Gruener,211,273
"DEM- Delegate to County Convention, Vienna Twp. Pct 5","Vienna Township, Precinct 5",Steve Gruener,178,273
REP- Governor,"Argentine Township, Precinct 1",John James,235,311
REP- Governor,"Argentine Township, Precinct 1",Perry Johnson,132,311
REP- Governor,"Argentine Township, Precinct 1",Mike Cox,67,311
REP- Governor,"Argentine Township, Precinct 1",Aric Nesbitt,2,311
REP- Governor,"Argentine Township, Precinct 2",John James,178,311
REP- Governor,"Argentine Township, Precinct 2",Perry Johnson,112,311
REP- Governor,"Argentine Township, Precinct 2",Mike Cox,39,311
REP- Governor,"Argentine Township, Precinct 2",Aric Nesbitt,5,311
REP- Governor,"Argentine Township, Precinct 3",John James,55,311
REP- Governor,"Argentine Township, Precinct 3",Perry Johnson,37,311
REP- Governor,"Argentine Township, Precinct 3",Mike Cox,16,311
REP- Governor,"Argentine Township, Precinct 3",Aric Nesbitt,3,311
REP- Governor,"Atlas Township, Precinct 1",John James,231,311
REP- Governor,"Atlas Township, Precinct 1",Perry Johnson,180,311
REP- Governor,"Atlas Township, Precinct 1",Mike Cox,40,311
REP- Governor,"Atlas Township, Precinct 1",Aric Nesbitt,4,311
REP- Governor,"Atlas Township, Precinct 2",John James,131,311
REP- Governor,"Atlas Township, Precinct 2",Perry Johnson,73,311
REP- Governor,"Atlas Township, Precinct 2",Mike Cox,34,311
REP- Governor,"Atlas Township, Precinct 2",Aric Nesbitt,5,311
REP- Governor,"Atlas Township, Precinct 3",John James,297,311
REP- Governor,"Atlas Township, Precinct 3",Perry Johnson,183,311
REP- Governor,"Atlas Township, Precinct 3",Mike Cox,59,311
REP- Governor,"Atlas Township, Precinct 3",Aric Nesbitt,1,311
REP- Governor,"City of Burton, Precinct 1",John James,21,311
REP- Governor,"City of Burton, Precinct 1",Perry Johnson,23,311
REP- Governor,"City of Burton, Precinct 1",Mike Cox,5,311
REP- Governor,"City of Burton, Precinct 1",Aric Nesbitt,1,311
REP- Governor,"City of Burton, Precinct 2",John James,123,311
REP- Governor,"City of Burton, Precinct 2",Perry Johnson,75,311
REP- Governor,"City of Burton, Precinct 2",Mike Cox,30,311
REP- Governor,"City of Burton, Precinct 2",Aric Nesbitt,1,311
REP- Governor,"City of Burton, Precinct 3",John James,114,311
REP- Governor,"City of Burton, Precinct 3",Perry Johnson,103,311
REP- Governor,"City of Burton, Precinct 3",Mike Cox,38,311
REP- Governor,"City of Burton, Precinct 3",Aric Nesbitt,4,311
REP- Governor,"City of Burton, Precinct 4",John James,203,311
REP- Governor,"City of Burton, Precinct 4",Perry Johnson,134,311
REP- Governor,"City of Burton, Precinct 4",Mike Cox,45,311
REP- Governor,"City of Burton, Precinct 4",Aric Nesbitt,4,311
REP- Governor,"City of Burton, Precinct 5",John James,181,311
REP- Governor,"City of Burton, Precinct 5",Perry Johnson,119,311
REP- Governor,"City of Burton, Precinct 5",Mike Cox,40,311
REP- Governor,"City of Burton, Precinct 5",Aric Nesbitt,4,311
REP- Governor,"City of Burton, Precinct 6",John James,101,311
REP- Governor,"City of Burton, Precinct 6",Perry Johnson,112,311
REP- Governor,"City of Burton, Precinct 6",Mike Cox,27,311
REP- Governor,"City of Burton, Precinct 6",Aric Nesbitt,1,311
REP- Governor,"City of Burton, Precinct 7",John James,183,311
REP- Governor,"City of Burton, Precinct 7",Perry Johnson,114,311
REP- Governor,"City of Burton, Precinct 7",Mike Cox,43,311
REP- Governor,"City of Burton, Precinct 7",Aric Nesbitt,1,311
REP- Governor,"Clayton Township, Precinct 1",John James,175,311
REP- Governor,"Clayton Township, Precinct 1",Perry Johnson,102,311
REP- Governor,"Clayton Township, Precinct 1",Mike Cox,36,311
REP- Governor,"Clayton Township, Precinct 1",Aric Nesbitt,1,311
REP- Governor,"Clayton Township, Precinct 2",John James,121,311
REP- Governor,"Clayton Township, Precinct 2",Perry Johnson,86,311
REP- Governor,"Clayton Township, Precinct 2",Mike Cox,26,311
REP- Governor,"Clayton Township, Precinct 2",Aric Nesbitt,2,311
REP- Governor,"Clayton Township, Precinct 3",John James,58,311
REP- Governor,"Clayton Township, Precinct 3",Perry Johnson,62,311
REP- Governor,"Clayton Township, Precinct 3",Mike Cox,13,311
REP- Governor,"Clayton Township, Precinct 3",Aric Nesbitt,3,311
REP- Governor,"Clayton Township, Precinct 4",John James,80,311
REP- Governor,"Clayton Township, Precinct 4",Perry Johnson,70,311
REP- Governor,"Clayton Township, Precinct 4",Mike Cox,27,311
REP- Governor,"Clayton Township, Precinct 4",Aric Nesbitt,1,311
REP- Governor,"City of Clio, Precinct 1",John James,98,311
REP- Governor,"City of Clio, Precinct 1",Perry Johnson,59,311
REP- Governor,"City of Clio, Precinct 1",Mike Cox,18,311
REP- Governor,"City of Clio, Precinct 1",Aric Nesbitt,4,311
REP- Governor,"City of Davison, Precinct 1",John James,133,311
REP- Governor,"City of Davison, Precinct 1",Perry Johnson,64,311
REP- Governor,"City of Davison, Precinct 1",Mike Cox,25,311
REP- Governor,"City of Davison, Precinct 1",Aric Nesbitt,1,311
REP- Governor,"City of Davison, Precinct 2",John James,99,311
REP- Governor,"City of Davison, Precinct 2",Perry Johnson,71,311
REP- Governor,"City of Davison, Precinct 2",Mike Cox,32,311
REP- Governor,"City of Davison, Precinct 2",Aric Nesbitt,10,311
REP- Governor,"Davison Township, Precinct 1",John James,158,311
REP- Governor,"Davison Township, Precinct 1",Perry Johnson,102,311
REP- Governor,"Davison Township, Precinct 1",Mike Cox,42,311
REP- Governor,"Davison Township, Precinct 1",Aric Nesbitt,1,311
REP- Governor,"Davison Township, Precinct 2",John James,178,311
REP- Governor,"Davison Township, Precinct 2",Perry Johnson,99,311
REP- Governor,"Davison Township, Precinct 2",Mike Cox,44,311
REP- Governor,"Davison Township, Precinct 2",Aric Nesbitt,2,311
REP- Governor,"Davison Township, Precinct 3",John James,132,311
REP- Governor,"Davison Township, Precinct 3",Perry Johnson,96,311
REP- Governor,"Davison Township, Precinct 3",Mike Cox,27,311
REP- Governor,"Davison Township, Precinct 3",Aric Nesbitt,4,311
REP- Governor,"Davison Township, Precinct 4",John James,142,311
REP- Governor,"Davison Township, Precinct 4",Perry Johnson,85,311
REP- Governor,"Davison Township, Precinct 4",Mike Cox,42,311
REP- Governor,"Davison Township, Precinct 4",Aric Nesbitt,1,311
REP- Governor,"Davison Township, Precinct 5",John James,71,311
REP- Governor,"Davison Township, Precinct 5",Perry Johnson,32,311
REP- Governor,"Davison Township, Precinct 5",Mike Cox,21,311
REP- Governor,"Davison Township, Precinct 5",Aric Nesbitt,4,311
REP- Governor,"Davison Township, Precinct 6",John James,106,311
REP- Governor,"Davison Township, Precinct 6",Perry Johnson,56,311
REP- Governor,"Davison Township, Precinct 6",Mike Cox,28,311
REP- Governor,"Davison Township, Precinct 6",Aric Nesbitt,2,311
REP- Governor,"Davison Township, Precinct 7",John James,140,311
REP- Governor,"Davison Township, Precinct 7",Perry Johnson,92,311
REP- Governor,"Davison Township, Precinct 7",Mike Cox,31,311
REP- Governor,"Davison Township, Precinct 7",Aric Nesbitt,4,311
REP- Governor,"Davison Township, Precinct 8",John James,213,311
REP- Governor,"Davison Township, Precinct 8",Perry Johnson,104,311
REP- Governor,"Davison Township, Precinct 8",Mike Cox,73,311
REP- Governor,"Davison Township, Precinct 8",Aric Nesbitt,11,311
REP- Governor,"City of Fenton, Precinct 1",John James,113,311
REP- Governor,"City of Fenton, Precinct 1",Perry Johnson,48,311
REP- Governor,"City of Fenton, Precinct 1",Mike Cox,27,311
REP- Governor,"City of Fenton, Precinct 1",Aric Nesbitt,1,311
REP- Governor,"City of Fenton, Precinct 2",John James,214,311
REP- Governor,"City of Fenton, Precinct 2",Perry Johnson,136,311
REP- Governor,"City of Fenton, Precinct 2",Mike Cox,48,311
REP- Governor,"City of Fenton, Precinct 2",Aric Nesbitt,4,311
REP- Governor,"City of Fenton, Precinct 3",John James,191,311
REP- Governor,"City of Fenton, Precinct 3",Perry Johnson,111,311
REP- Governor,"City of Fenton, Precinct 3",Mike Cox,50,311
REP- Governor,"City of Fenton, Precinct 3",Aric Nesbitt,3,311
REP- Governor,"Fenton Township, Precinct 1",John James,233,311
REP- Governor,"Fenton Township, Precinct 1",Perry Johnson,142,311
REP- Governor,"Fenton Township, Precinct 1",Mike Cox,69,311
REP- Governor,"Fenton Township, Precinct 1",Aric Nesbitt,5,311
REP- Governor,"Fenton Township, Precinct 2",John James,226,311
REP- Governor,"Fenton Township, Precinct 2",Perry Johnson,171,311
REP- Governor,"Fenton Township, Precinct 2",Mike Cox,63,311
REP- Governor,"Fenton Township, Precinct 2",Aric Nesbitt,5,311
REP- Governor,"Fenton Township, Precinct 3",John James,245,311
REP- Governor,"Fenton Township, Precinct 3",Perry Johnson,130,311
REP- Governor,"Fenton Township, Precinct 3",Mike Cox,71,311
REP- Governor,"Fenton Township, Precinct 3",Aric Nesbitt,5,311
REP- Governor,"Fenton Township, Precinct 4",John James,241,311
REP- Governor,"Fenton Township, Precinct 4",Perry Johnson,114,311
REP- Governor,"Fenton Township, Precinct 4",Mike Cox,47,311
REP- Governor,"Fenton Township, Precinct 4",Aric Nesbitt,5,311
REP- Governor,"Fenton Township, Precinct 5",John James,232,311
REP- Governor,"Fenton Township, Precinct 5",Perry Johnson,105,311
REP- Governor,"Fenton Township, Precinct 5",Mike Cox,46,311
REP- Governor,"Fenton Township, Precinct 5",Aric Nesbitt,4,311
REP- Governor,"Fenton Township, Precinct 6",John James,249,311
REP- Governor,"Fenton Township, Precinct 6",Perry Johnson,128,311
REP- Governor,"Fenton Township, Precinct 6",Mike Cox,74,311
REP- Governor,"Fenton Township, Precinct 6",Aric Nesbitt,4,311
REP- Governor,"City of Flint, Precinct 1",John James,8,311
REP- Governor,"City of Flint, Precinct 1",Perry Johnson,1,311
REP- Governor,"City of Flint, Precinct 1",Mike Cox,2,311
REP- Governor,"City of Flint, Precinct 1",Aric Nesbitt,0,311
REP- Governor,"City of Flint, Precinct 2",John James,9,311
REP- Governor,"City of Flint, Precinct 2",Perry Johnson,7,311
REP- Governor,"City of Flint, Precinct 2",Mike Cox,3,311
REP- Governor,"City of Flint, Precinct 2",Aric Nesbitt,2,311
REP- Governor,"City of Flint, Precinct 3",John James,0,311
REP- Governor,"City of Flint, Precinct 3",Perry Johnson,0,311
REP- Governor,"City of Flint, Precinct 3",Mike Cox,0,311
REP- Governor,"City of Flint, Precinct 3",Aric Nesbitt,0,311
REP- Governor,"City of Flint, Precinct 4",John James,0,311
REP- Governor,"City of Flint, Precinct 4",Perry Johnson,1,311
REP- Governor,"City of Flint, Precinct 4",Mike Cox,1,311
REP- Governor,"City of Flint, Precinct 4",Aric Nesbitt,0,311
REP- Governor,"City of Flint, Precinct 5",John James,8,311
REP- Governor,"City of Flint, Precinct 5",Perry Johnson,10,311
REP- Governor,"City of Flint, Precinct 5",Mike Cox,3,311
REP- Governor,"City of Flint, Precinct 5",Aric Nesbitt,0,311
REP- Governor,"City of Flint, Precinct 6",John James,6,311
REP- Governor,"City of Flint, Precinct 6",Perry Johnson,2,311
REP- Governor,"City of Flint, Precinct 6",Mike Cox,3,311
REP- Governor,"City of Flint, Precinct 6",Aric Nesbitt,0,311
REP- Governor,"City of Flint, Precinct 7",John James,1,311
REP- Governor,"City of Flint, Precinct 7",Perry Johnson,1,311
REP- Governor,"City of Flint, Precinct 7",Mike Cox,0,311
REP- Governor,"City of Flint, Precinct 7",Aric Nesbitt,1,311
REP- Governor,"City of Flint, Precinct 8",John James,4,311
REP- Governor,"City of Flint, Precinct 8",Perry Johnson,3,311
REP- Governor,"City of Flint, Precinct 8",Mike Cox,0,311
REP- Governor,"City of Flint, Precinct 8",Aric Nesbitt,1,311
REP- Governor,"City of Flint, Precinct 9",John James,6,311
REP- Governor,"City of Flint, Precinct 9",Perry Johnson,3,311
REP- Governor,"City of Flint, Precinct 9",Mike Cox,1,311
REP- Governor,"City of Flint, Precinct 9",Aric Nesbitt,1,311
REP- Governor,"City of Flint, Precinct 10",John James,29,311
REP- Governor,"City of Flint, Precinct 10",Perry Johnson,32,311
REP- Governor,"City of Flint, Precinct 10",Mike Cox,7,311
REP- Governor,"City of Flint, Precinct 10",Aric Nesbitt,2,311
REP- Governor,"City of Flint, Precinct 11",John James,34,311
REP- Governor,"City of Flint, Precinct 11",Perry Johnson,15,311
REP- Governor,"City of Flint, Precinct 11",Mike Cox,13,311
REP- Governor,"City of Flint, Precinct 11",Aric Nesbitt,1,311
REP- Governor,"City of Flint, Precinct 12",John James,64,311
REP- Governor,"City of Flint, Precinct 12",Perry Johnson,55,311
REP- Governor,"City of Flint, Precinct 12",Mike Cox,32,311
REP- Governor,"City of Flint, Precinct 12",Aric Nesbitt,4,311
REP- Governor,"City of Flint, Precinct 13",John James,1,311
REP- Governor,"City of Flint, Precinct 13",Perry Johnson,1,311
REP- Governor,"City of Flint, Precinct 13",Mike Cox,1,311
REP- Governor,"City of Flint, Precinct 13",Aric Nesbitt,0,311
REP- Governor,"City of Flint, Precinct 14",John James,7,311
REP- Governor,"City of Flint, Precinct 14",Perry Johnson,15,311
REP- Governor,"City of Flint, Precinct 14",Mike Cox,3,311
REP- Governor,"City of Flint, Precinct 14",Aric Nesbitt,3,311
REP- Governor,"City of Flint, Precinct 15",John James,34,311
REP- Governor,"City of Flint, Precinct 15",Perry Johnson,23,311
REP- Governor,"City of Flint, Precinct 15",Mike Cox,13,311
REP- Governor,"City of Flint, Precinct 15",Aric Nesbitt,0,311
REP- Governor,"City of Flint, Precinct 16",John James,22,311
REP- Governor,"City of Flint, Precinct 16",Perry Johnson,23,311
REP- Governor,"City of Flint, Precinct 16",Mike Cox,12,311
REP- Governor,"City of Flint, Precinct 16",Aric Nesbitt,0,311
REP- Governor,"City of Flint, Precinct 17",John James,50,311
REP- Governor,"City of Flint, Precinct 17",Perry Johnson,40,311
REP- Governor,"City of Flint, Precinct 17",Mike Cox,16,311
REP- Governor,"City of Flint, Precinct 17",Aric Nesbitt,1,311
REP- Governor,"City of Flint, Precinct 18",John James,9,311
REP- Governor,"City of Flint, Precinct 18",Perry Johnson,2,311
REP- Governor,"City of Flint, Precinct 18",Mike Cox,4,311
REP- Governor,"City of Flint, Precinct 18",Aric Nesbitt,0,311
REP- Governor,"City of Flint, Precinct 19",John James,1,311
REP- Governor,"City of Flint, Precinct 19",Perry Johnson,1,311
REP- Governor,"City of Flint, Precinct 19",Mike Cox,2,311
REP- Governor,"City of Flint, Precinct 19",Aric Nesbitt,1,311
REP- Governor,"City of Flint, Precinct 20",John James,61,311
REP- Governor,"City of Flint, Precinct 20",Perry Johnson,23,311
REP- Governor,"City of Flint, Precinct 20",Mike Cox,9,311
REP- Governor,"City of Flint, Precinct 20",Aric Nesbitt,0,311
REP- Governor,"City of Flint, Precinct 21",John James,28,311
REP- Governor,"City of Flint, Precinct 21",Perry Johnson,20,311
REP- Governor,"City of Flint, Precinct 21",Mike Cox,11,311
REP- Governor,"City of Flint, Precinct 21",Aric Nesbitt,0,311
REP- Governor,"City of Flint, Precinct 22",John James,6,311
REP- Governor,"City of Flint, Precinct 22",Perry Johnson,1,311
REP- Governor,"City of Flint, Precinct 22",Mike Cox,1,311
REP- Governor,"City of Flint, Precinct 22",Aric Nesbitt,0,311
REP- Governor,"City of Flint, Precinct 23",John James,57,311
REP- Governor,"City of Flint, Precinct 23",Perry Johnson,39,311
REP- Governor,"City of Flint, Precinct 23",Mike Cox,19,311
REP- Governor,"City of Flint, Precinct 23",Aric Nesbitt,1,311
REP- Governor,"City of Flint, Precinct 24",John James,34,311
REP- Governor,"City of Flint, Precinct 24",Perry Johnson,36,311
REP- Governor,"City of Flint, Precinct 24",Mike Cox,14,311
REP- Governor,"City of Flint, Precinct 24",Aric Nesbitt,1,311
REP- Governor,"City of Flint, Precinct 25",John James,1,311
REP- Governor,"City of Flint, Precinct 25",Perry Johnson,1,311
REP- Governor,"City of Flint, Precinct 25",Mike Cox,1,311
REP- Governor,"City of Flint, Precinct 25",Aric Nesbitt,0,311
REP- Governor,"City of Flint, Precinct 26",John James,11,311
REP- Governor,"City of Flint, Precinct 26",Perry Johnson,11,311
REP- Governor,"City of Flint, Precinct 26",Mike Cox,4,311
REP- Governor,"City of Flint, Precinct 26",Aric Nesbitt,1,311
REP- Governor,"City of Flint, Precinct 27",John James,1,311
REP- Governor,"City of Flint, Precinct 27",Perry Johnson,1,311
REP- Governor,"City of Flint, Precinct 27",Mike Cox,1,311
REP- Governor,"City of Flint, Precinct 27",Aric Nesbitt,1,311
REP- Governor,"City of Flint, Precinct 28",John James,25,311
REP- Governor,"City of Flint, Precinct 28",Perry Johnson,11,311
REP- Governor,"City of Flint, Precinct 28",Mike Cox,9,311
REP- Governor,"City of Flint, Precinct 28",Aric Nesbitt,0,311
REP- Governor,"City of Flint, Precinct 29",John James,41,311
REP- Governor,"City of Flint, Precinct 29",Perry Johnson,31,311
REP- Governor,"City of Flint, Precinct 29",Mike Cox,10,311
REP- Governor,"City of Flint, Precinct 29",Aric Nesbitt,0,311
REP- Governor,"Flint Township, Precinct 1",John James,103,311
REP- Governor,"Flint Township, Precinct 1",Perry Johnson,63,311
REP- Governor,"Flint Township, Precinct 1",Mike Cox,17,311
REP- Governor,"Flint Township, Precinct 1",Aric Nesbitt,2,311
REP- Governor,"Flint Township, Precinct 2",John James,45,311
REP- Governor,"Flint Township, Precinct 2",Perry Johnson,47,311
REP- Governor,"Flint Township, Precinct 2",Mike Cox,22,311
REP- Governor,"Flint Township, Precinct 2",Aric Nesbitt,6,311
REP- Governor,"Flint Township, Precinct 3",John James,196,311
REP- Governor,"Flint Township, Precinct 3",Perry Johnson,129,311
REP- Governor,"Flint Township, Precinct 3",Mike Cox,67,311
REP- Governor,"Flint Township, Precinct 3",Aric Nesbitt,4,311
REP- Governor,"Flint Township, Precinct 4",John James,39,311
REP- Governor,"Flint Township, Precinct 4",Perry Johnson,42,311
REP- Governor,"Flint Township, Precinct 4",Mike Cox,12,311
REP- Governor,"Flint Township, Precinct 4",Aric Nesbitt,2,311
REP- Governor,"Flint Township, Precinct 5",John James,106,311
REP- Governor,"Flint Township, Precinct 5",Perry Johnson,74,311
REP- Governor,"Flint Township, Precinct 5",Mike Cox,26,311
REP- Governor,"Flint Township, Precinct 5",Aric Nesbitt,2,311
REP- Governor,"Flint Township, Precinct 6",John James,20,311
REP- Governor,"Flint Township, Precinct 6",Perry Johnson,33,311
REP- Governor,"Flint Township, Precinct 6",Mike Cox,10,311
REP- Governor,"Flint Township, Precinct 6",Aric Nesbitt,1,311
REP- Governor,"Flint Township, Precinct 7",John James,63,311
REP- Governor,"Flint Township, Precinct 7",Perry Johnson,29,311
REP- Governor,"Flint Township, Precinct 7",Mike Cox,19,311
REP- Governor,"Flint Township, Precinct 7",Aric Nesbitt,2,311
REP- Governor,"Flint Township, Precinct 8",John James,165,311
REP- Governor,"Flint Township, Precinct 8",Perry Johnson,132,311
REP- Governor,"Flint Township, Precinct 8",Mike Cox,21,311
REP- Governor,"Flint Township, Precinct 8",Aric Nesbitt,6,311
REP- Governor,"City of Flushing, Precinct 1",John James,90,311
REP- Governor,"City of Flushing, Precinct 1",Perry Johnson,61,311
REP- Governor,"City of Flushing, Precinct 1",Mike Cox,18,311
REP- Governor,"City of Flushing, Precinct 1",Aric Nesbitt,0,311
REP- Governor,"City of Flushing, Precinct 2",John James,101,311
REP- Governor,"City of Flushing, Precinct 2",Perry Johnson,50,311
REP- Governor,"City of Flushing, Precinct 2",Mike Cox,20,311
REP- Governor,"City of Flushing, Precinct 2",Aric Nesbitt,5,311
REP- Governor,"City of Flushing, Precinct 3",John James,107,311
REP- Governor,"City of Flushing, Precinct 3",Perry Johnson,55,311
REP- Governor,"City of Flushing, Precinct 3",Mike Cox,22,311
REP- Governor,"City of Flushing, Precinct 3",Aric Nesbitt,0,311
REP- Governor,"City of Flushing, Precinct 4",John James,113,311
REP- Governor,"City of Flushing, Precinct 4",Perry Johnson,75,311
REP- Governor,"City of Flushing, Precinct 4",Mike Cox,29,311
REP- Governor,"City of Flushing, Precinct 4",Aric Nesbitt,2,311
REP- Governor,"Flushing Township, Precinct 1",John James,167,311
REP- Governor,"Flushing Township, Precinct 1",Perry Johnson,119,311
REP- Governor,"Flushing Township, Precinct 1",Mike Cox,42,311
REP- Governor,"Flushing Township, Precinct 1",Aric Nesbitt,5,311
REP- Governor,"Flushing Township, Precinct 2",John James,105,311
REP- Governor,"Flushing Township, Precinct 2",Perry Johnson,83,311
REP- Governor,"Flushing Township, Precinct 2",Mike Cox,30,311
REP- Governor,"Flushing Township, Precinct 2",Aric Nesbitt,1,311
REP- Governor,"Flushing Township, Precinct 3",John James,181,311
REP- Governor,"Flushing Township, Precinct 3",Perry Johnson,157,311
REP- Governor,"Flushing Township, Precinct 3",Mike Cox,40,311
REP- Governor,"Flushing Township, Precinct 3",Aric Nesbitt,4,311
REP- Governor,"Flushing Township, Precinct 4",John James,145,311
REP- Governor,"Flushing Township, Precinct 4",Perry Johnson,87,311
REP- Governor,"Flushing Township, Precinct 4",Mike Cox,25,311
REP- Governor,"Flushing Township, Precinct 4",Aric Nesbitt,2,311
REP- Governor,"Forest Township, Precinct 1",John James,343,311
REP- Governor,"Forest Township, Precinct 1",Perry Johnson,249,311
REP- Governor,"Forest Township, Precinct 1",Mike Cox,99,311
REP- Governor,"Forest Township, Precinct 1",Aric Nesbitt,15,311
REP- Governor,"Gaines Township, Precinct 1",John James,197,311
REP- Governor,"Gaines Township, Precinct 1",Perry Johnson,170,311
REP- Governor,"Gaines Township, Precinct 1",Mike Cox,43,311
REP- Governor,"Gaines Township, Precinct 1",Aric Nesbitt,6,311
REP- Governor,"Gaines Township, Precinct 2",John James,97,311
REP- Governor,"Gaines Township, Precinct 2",Perry Johnson,64,311
REP- Governor,"Gaines Township, Precinct 2",Mike Cox,27,311
REP- Governor,"Gaines Township, Precinct 2",Aric Nesbitt,3,311
REP- Governor,"Gaines Township, Precinct 3",John James,178,311
REP- Governor,"Gaines Township, Precinct 3",Perry Johnson,86,311
REP- Governor,"Gaines Township, Precinct 3",Mike Cox,35,311
REP- Governor,"Gaines Township, Precinct 3",Aric Nesbitt,2,311
REP- Governor,"Genesee Township, Precinct 1",John James,81,311
REP- Governor,"Genesee Township, Precinct 1",Perry Johnson,86,311
REP- Governor,"Genesee Township, Precinct 1",Mike Cox,28,311
REP- Governor,"Genesee Township, Precinct 1",Aric Nesbitt,6,311
REP- Governor,"Genesee Township, Precinct 2",John James,9,311
REP- Governor,"Genesee Township, Precinct 2",Perry Johnson,16,311
REP- Governor,"Genesee Township, Precinct 2",Mike Cox,4,311
REP- Governor,"Genesee Township, Precinct 2",Aric Nesbitt,0,311
REP- Governor,"Genesee Township, Precinct 3",John James,118,311
REP- Governor,"Genesee Township, Precinct 3",Perry Johnson,99,311
REP- Governor,"Genesee Township, Precinct 3",Mike Cox,31,311
REP- Governor,"Genesee Township, Precinct 3",Aric Nesbitt,2,311
REP- Governor,"Genesee Township, Precinct 4",John James,136,311
REP- Governor,"Genesee Township, Precinct 4",Perry Johnson,78,311
REP- Governor,"Genesee Township, Precinct 4",Mike Cox,25,311
REP- Governor,"Genesee Township, Precinct 4",Aric Nesbitt,2,311
REP- Governor,"Genesee Township, Precinct 5",John James,117,311
REP- Governor,"Genesee Township, Precinct 5",Perry Johnson,117,311
REP- Governor,"Genesee Township, Precinct 5",Mike Cox,26,311
REP- Governor,"Genesee Township, Precinct 5",Aric Nesbitt,3,311
REP- Governor,"Genesee Township, Precinct 6",John James,99,311
REP- Governor,"Genesee Township, Precinct 6",Perry Johnson,75,311
REP- Governor,"Genesee Township, Precinct 6",Mike Cox,24,311
REP- Governor,"Genesee Township, Precinct 6",Aric Nesbitt,4,311
REP- Governor,"Genesee Township, Precinct 7",John James,100,311
REP- Governor,"Genesee Township, Precinct 7",Perry Johnson,77,311
REP- Governor,"Genesee Township, Precinct 7",Mike Cox,21,311
REP- Governor,"Genesee Township, Precinct 7",Aric Nesbitt,4,311
REP- Governor,"City of Grand Blanc, Precinct 1",John James,246,311
REP- Governor,"City of Grand Blanc, Precinct 1",Perry Johnson,94,311
REP- Governor,"City of Grand Blanc, Precinct 1",Mike Cox,40,311
REP- Governor,"City of Grand Blanc, Precinct 1",Aric Nesbitt,4,311
REP- Governor,"City of Grand Blanc, Precinct 2",John James,191,311
REP- Governor,"City of Grand Blanc, Precinct 2",Perry Johnson,109,311
REP- Governor,"City of Grand Blanc, Precinct 2",Mike Cox,53,311
REP- Governor,"City of Grand Blanc, Precinct 2",Aric Nesbitt,2,311
REP- Governor,"Grand Blanc Township, Precinct 1",John James,143,311
REP- Governor,"Grand Blanc Township, Precinct 1",Perry Johnson,99,311
REP- Governor,"Grand Blanc Township, Precinct 1",Mike Cox,31,311
REP- Governor,"Grand Blanc Township, Precinct 1",Aric Nesbitt,6,311
REP- Governor,"Grand Blanc Township, Precinct 2",John James,58,311
REP- Governor,"Grand Blanc Township, Precinct 2",Perry Johnson,42,311
REP- Governor,"Grand Blanc Township, Precinct 2",Mike Cox,14,311
REP- Governor,"Grand Blanc Township, Precinct 2",Aric Nesbitt,4,311
REP- Governor,"Grand Blanc Township, Precinct 3",John James,238,311
REP- Governor,"Grand Blanc Township, Precinct 3",Perry Johnson,141,311
REP- Governor,"Grand Blanc Township, Precinct 3",Mike Cox,44,311
REP- Governor,"Grand Blanc Township, Precinct 3",Aric Nesbitt,7,311
REP- Governor,"Grand Blanc Township, Precinct 4",John James,232,311
REP- Governor,"Grand Blanc Township, Precinct 4",Perry Johnson,149,311
REP- Governor,"Grand Blanc Township, Precinct 4",Mike Cox,57,311
REP- Governor,"Grand Blanc Township, Precinct 4",Aric Nesbitt,1,311
REP- Governor,"Grand Blanc Township, Precinct 5",John James,206,311
REP- Governor,"Grand Blanc Township, Precinct 5",Perry Johnson,87,311
REP- Governor,"Grand Blanc Township, Precinct 5",Mike Cox,51,311
REP- Governor,"Grand Blanc Township, Precinct 5",Aric Nesbitt,1,311
REP- Governor,"Grand Blanc Township, Precinct 6",John James,193,311
REP- Governor,"Grand Blanc Township, Precinct 6",Perry Johnson,88,311
REP- Governor,"Grand Blanc Township, Precinct 6",Mike Cox,59,311
REP- Governor,"Grand Blanc Township, Precinct 6",Aric Nesbitt,4,311
REP- Governor,"Grand Blanc Township, Precinct 7",John James,286,311
REP- Governor,"Grand Blanc Township, Precinct 7",Perry Johnson,123,311
REP- Governor,"Grand Blanc Township, Precinct 7",Mike Cox,59,311
REP- Governor,"Grand Blanc Township, Precinct 7",Aric Nesbitt,5,311
REP- Governor,"Grand Blanc Township, Precinct 8",John James,266,311
REP- Governor,"Grand Blanc Township, Precinct 8",Perry Johnson,168,311
REP- Governor,"Grand Blanc Township, Precinct 8",Mike Cox,49,311
REP- Governor,"Grand Blanc Township, Precinct 8",Aric Nesbitt,3,311
REP- Governor,"Grand Blanc Township, Precinct 9",John James,115,311
REP- Governor,"Grand Blanc Township, Precinct 9",Perry Johnson,83,311
REP- Governor,"Grand Blanc Township, Precinct 9",Mike Cox,42,311
REP- Governor,"Grand Blanc Township, Precinct 9",Aric Nesbitt,0,311
REP- Governor,"Grand Blanc Township, Precinct 10",John James,88,311
REP- Governor,"Grand Blanc Township, Precinct 10",Perry Johnson,48,311
REP- Governor,"Grand Blanc Township, Precinct 10",Mike Cox,24,311
REP- Governor,"Grand Blanc Township, Precinct 10",Aric Nesbitt,1,311
REP- Governor,"City of Linden, Precinct 1",John James,297,311
REP- Governor,"City of Linden, Precinct 1",Perry Johnson,196,311
REP- Governor,"City of Linden, Precinct 1",Mike Cox,75,311
REP- Governor,"City of Linden, Precinct 1",Aric Nesbitt,9,311
REP- Governor,"City of Montrose, Precinct 1",John James,69,311
REP- Governor,"City of Montrose, Precinct 1",Perry Johnson,35,311
REP- Governor,"City of Montrose, Precinct 1",Mike Cox,14,311
REP- Governor,"City of Montrose, Precinct 1",Aric Nesbitt,3,311
REP- Governor,"Montrose Township, Precinct 1",John James,73,311
REP- Governor,"Montrose Township, Precinct 1",Perry Johnson,44,311
REP- Governor,"Montrose Township, Precinct 1",Mike Cox,15,311
REP- Governor,"Montrose Township, Precinct 1",Aric Nesbitt,3,311
REP- Governor,"Montrose Township, Precinct 2",John James,65,311
REP- Governor,"Montrose Township, Precinct 2",Perry Johnson,43,311
REP- Governor,"Montrose Township, Precinct 2",Mike Cox,9,311
REP- Governor,"Montrose Township, Precinct 2",Aric Nesbitt,0,311
REP- Governor,"Montrose Township, Precinct 3",John James,91,311
REP- Governor,"Montrose Township, Precinct 3",Perry Johnson,68,311
REP- Governor,"Montrose Township, Precinct 3",Mike Cox,17,311
REP- Governor,"Montrose Township, Precinct 3",Aric Nesbitt,1,311
REP- Governor,"Montrose Township, Precinct 4",John James,111,311
REP- Governor,"Montrose Township, Precinct 4",Perry Johnson,78,311
REP- Governor,"Montrose Township, Precinct 4",Mike Cox,27,311
REP- Governor,"Montrose Township, Precinct 4",Aric Nesbitt,0,311
REP- Governor,"City of Mount Morris, Precinct 1",John James,44,311
REP- Governor,"City of Mount Morris, Precinct 1",Perry Johnson,40,311
REP- Governor,"City of Mount Morris, Precinct 1",Mike Cox,10,311
REP- Governor,"City of Mount Morris, Precinct 1",Aric Nesbitt,5,311
REP- Governor,"Mount Morris Township, Precinct 1",John James,27,311
REP- Governor,"Mount Morris Township, Precinct 1",Perry Johnson,16,311
REP- Governor,"Mount Morris Township, Precinct 1",Mike Cox,10,311
REP- Governor,"Mount Morris Township, Precinct 1",Aric Nesbitt,1,311
REP- Governor,"Mount Morris Township, Precinct 2",John James,92,311
REP- Governor,"Mount Morris Township, Precinct 2",Perry Johnson,46,311
REP- Governor,"Mount Morris Township, Precinct 2",Mike Cox,16,311
REP- Governor,"Mount Morris Township, Precinct 2",Aric Nesbitt,4,311
REP- Governor,"Mount Morris Township, Precinct 3",John James,59,311
REP- Governor,"Mount Morris Township, Precinct 3",Perry Johnson,43,311
REP- Governor,"Mount Morris Township, Precinct 3",Mike Cox,12,311
REP- Governor,"Mount Morris Township, Precinct 3",Aric Nesbitt,2,311
REP- Governor,"Mount Morris Township, Precinct 4",John James,85,311
REP- Governor,"Mount Morris Township, Precinct 4",Perry Johnson,79,311
REP- Governor,"Mount Morris Township, Precinct 4",Mike Cox,20,311
REP- Governor,"Mount Morris Township, Precinct 4",Aric Nesbitt,2,311
REP- Governor,"Mount Morris Township, Precinct 5",John James,28,311
REP- Governor,"Mount Morris Township, Precinct 5",Perry Johnson,20,311
REP- Governor,"Mount Morris Township, Precinct 5",Mike Cox,16,311
REP- Governor,"Mount Morris Township, Precinct 5",Aric Nesbitt,1,311
REP- Governor,"Mount Morris Township, Precinct 6",John James,19,311
REP- Governor,"Mount Morris Township, Precinct 6",Perry Johnson,22,311
REP- Governor,"Mount Morris Township, Precinct 6",Mike Cox,4,311
REP- Governor,"Mount Morris Township, Precinct 6",Aric Nesbitt,1,311
REP- Governor,"Mount Morris Township, Precinct 7",John James,14,311
REP- Governor,"Mount Morris Township, Precinct 7",Perry Johnson,7,311
REP- Governor,"Mount Morris Township, Precinct 7",Mike Cox,1,311
REP- Governor,"Mount Morris Township, Precinct 7",Aric Nesbitt,1,311
REP- Governor,"Mount Morris Township, Precinct 8",John James,18,311
REP- Governor,"Mount Morris Township, Precinct 8",Perry Johnson,2,311
REP- Governor,"Mount Morris Township, Precinct 8",Mike Cox,3,311
REP- Governor,"Mount Morris Township, Precinct 8",Aric Nesbitt,0,311
REP- Governor,"Mount Morris Township, Precinct 9",John James,10,311
REP- Governor,"Mount Morris Township, Precinct 9",Perry Johnson,11,311
REP- Governor,"Mount Morris Township, Precinct 9",Mike Cox,2,311
REP- Governor,"Mount Morris Township, Precinct 9",Aric Nesbitt,1,311
REP- Governor,"Mount Morris Township, Precinct 10",John James,3,311
REP- Governor,"Mount Morris Township, Precinct 10",Perry Johnson,6,311
REP- Governor,"Mount Morris Township, Precinct 10",Mike Cox,0,311
REP- Governor,"Mount Morris Township, Precinct 10",Aric Nesbitt,0,311
REP- Governor,"Mundy Township, Precinct 1",John James,169,311
REP- Governor,"Mundy Township, Precinct 1",Perry Johnson,127,311
REP- Governor,"Mundy Township, Precinct 1",Mike Cox,40,311
REP- Governor,"Mundy Township, Precinct 1",Aric Nesbitt,1,311
REP- Governor,"Mundy Township, Precinct 2",John James,110,311
REP- Governor,"Mundy Township, Precinct 2",Perry Johnson,68,311
REP- Governor,"Mundy Township, Precinct 2",Mike Cox,27,311
REP- Governor,"Mundy Township, Precinct 2",Aric Nesbitt,3,311
REP- Governor,"Mundy Township, Precinct 3",John James,177,311
REP- Governor,"Mundy Township, Precinct 3",Perry Johnson,133,311
REP- Governor,"Mundy Township, Precinct 3",Mike Cox,39,311
REP- Governor,"Mundy Township, Precinct 3",Aric Nesbitt,3,311
REP- Governor,"Mundy Township, Precinct 4",John James,131,311
REP- Governor,"Mundy Township, Precinct 4",Perry Johnson,89,311
REP- Governor,"Mundy Township, Precinct 4",Mike Cox,23,311
REP- Governor,"Mundy Township, Precinct 4",Aric Nesbitt,6,311
REP- Governor,"Mundy Township, Precinct 5",John James,106,311
REP- Governor,"Mundy Township, Precinct 5",Perry Johnson,76,311
REP- Governor,"Mundy Township, Precinct 5",Mike Cox,27,311
REP- Governor,"Mundy Township, Precinct 5",Aric Nesbitt,1,311
REP- Governor,"Mundy Township, Precinct 6",John James,122,311
REP- Governor,"Mundy Township, Precinct 6",Perry Johnson,56,311
REP- Governor,"Mundy Township, Precinct 6",Mike Cox,26,311
REP- Governor,"Mundy Township, Precinct 6",Aric Nesbitt,1,311
REP- Governor,"Mundy Township, Precinct 7",John James,90,311
REP- Governor,"Mundy Township, Precinct 7",Perry Johnson,58,311
REP- Governor,"Mundy Township, Precinct 7",Mike Cox,32,311
REP- Governor,"Mundy Township, Precinct 7",Aric Nesbitt,1,311
REP- Governor,"Richfield Township, Precinct 1",John James,375,311
REP- Governor,"Richfield Township, Precinct 1",Perry Johnson,226,311
REP- Governor,"Richfield Township, Precinct 1",Mike Cox,85,311
REP- Governor,"Richfield Township, Precinct 1",Aric Nesbitt,11,311
REP- Governor,"Richfield Township, Precinct 2",John James,205,311
REP- Governor,"Richfield Township, Precinct 2",Perry Johnson,124,311
REP- Governor,"Richfield Township, Precinct 2",Mike Cox,43,311
REP- Governor,"Richfield Township, Precinct 2",Aric Nesbitt,3,311
REP- Governor,"City of Swartz Creek, Precinct 1",John James,78,311
REP- Governor,"City of Swartz Creek, Precinct 1",Perry Johnson,44,311
REP- Governor,"City of Swartz Creek, Precinct 1",Mike Cox,21,311
REP- Governor,"City of Swartz Creek, Precinct 1",Aric Nesbitt,0,311
REP- Governor,"City of Swartz Creek, Precinct 2",John James,51,311
REP- Governor,"City of Swartz Creek, Precinct 2",Perry Johnson,38,311
REP- Governor,"City of Swartz Creek, Precinct 2",Mike Cox,17,311
REP- Governor,"City of Swartz Creek, Precinct 2",Aric Nesbitt,1,311
REP- Governor,"City of Swartz Creek, Precinct 3",John James,55,311
REP- Governor,"City of Swartz Creek, Precinct 3",Perry Johnson,36,311
REP- Governor,"City of Swartz Creek, Precinct 3",Mike Cox,12,311
REP- Governor,"City of Swartz Creek, Precinct 3",Aric Nesbitt,1,311
REP- Governor,"City of Swartz Creek, Precinct 4",John James,111,311
REP- Governor,"City of Swartz Creek, Precinct 4",Perry Johnson,70,311
REP- Governor,"City of Swartz Creek, Precinct 4",Mike Cox,35,311
REP- Governor,"City of Swartz Creek, Precinct 4",Aric Nesbitt,0,311
REP- Governor,"Thetford Township, Precinct 1",John James,145,311
REP- Governor,"Thetford Township, Precinct 1",Perry Johnson,117,311
REP- Governor,"Thetford Township, Precinct 1",Mike Cox,36,311
REP- Governor,"Thetford Township, Precinct 1",Aric Nesbitt,10,311
REP- Governor,"Thetford Township, Precinct 2",John James,158,311
REP- Governor,"Thetford Township, Precinct 2",Perry Johnson,123,311
REP- Governor,"Thetford Township, Precinct 2",Mike Cox,48,311
REP- Governor,"Thetford Township, Precinct 2",Aric Nesbitt,4,311
REP- Governor,"Vienna Township, Precinct 1",John James,186,311
REP- Governor,"Vienna Township, Precinct 1",Perry Johnson,117,311
REP- Governor,"Vienna Township, Precinct 1",Mike Cox,35,311
REP- Governor,"Vienna Township, Precinct 1",Aric Nesbitt,1,311
REP- Governor,"Vienna Township, Precinct 2",John James,166,311
REP- Governor,"Vienna Township, Precinct 2",Perry Johnson,108,311
REP- Governor,"Vienna Township, Precinct 2",Mike Cox,44,311
REP- Governor,"Vienna Township, Precinct 2",Aric Nesbitt,2,311
REP- Governor,"Vienna Township, Precinct 3",John James,128,311
REP- Governor,"Vienna Township, Precinct 3",Perry Johnson,93,311
REP- Governor,"Vienna Township, Precinct 3",Mike Cox,31,311
REP- Governor,"Vienna Township, Precinct 3",Aric Nesbitt,4,311
REP- Governor,"Vienna Township, Precinct 4",John James,139,311
REP- Governor,"Vienna Township, Precinct 4",Perry Johnson,89,311
REP- Governor,"Vienna Township, Precinct 4",Mike Cox,33,311
REP- Governor,"Vienna Township, Precinct 4",Aric Nesbitt,6,311
REP- Governor,"Vienna Township, Precinct 5",John James,142,311
REP- Governor,"Vienna Township, Precinct 5",Perry Johnson,74,311
REP- Governor,"Vienna Township, Precinct 5",Mike Cox,34,311
REP- Governor,"Vienna Township, Precinct 5",Aric Nesbitt,1,311
REP- United States Senator,"Argentine Township, Precinct 1",Mike Rogers,414,305
REP- United States Senator,"Argentine Township, Precinct 2",Mike Rogers,309,305
REP- United States Senator,"Argentine Township, Precinct 3",Mike Rogers,106,305
REP- United States Senator,"Atlas Township, Precinct 1",Mike Rogers,439,305
REP- United States Senator,"Atlas Township, Precinct 2",Mike Rogers,229,305
REP- United States Senator,"Atlas Township, Precinct 3",Mike Rogers,516,305
REP- United States Senator,"City of Burton, Precinct 1",Mike Rogers,49,305
REP- United States Senator,"City of Burton, Precinct 2",Mike Rogers,222,305
REP- United States Senator,"City of Burton, Precinct 3",Mike Rogers,240,305
REP- United States Senator,"City of Burton, Precinct 4",Mike Rogers,367,305
REP- United States Senator,"City of Burton, Precinct 5",Mike Rogers,332,305
REP- United States Senator,"City of Burton, Precinct 6",Mike Rogers,227,305
REP- United States Senator,"City of Burton, Precinct 7",Mike Rogers,319,305
REP- United States Senator,"Clayton Township, Precinct 1",Mike Rogers,291,305
REP- United States Senator,"Clayton Township, Precinct 2",Mike Rogers,217,305
REP- United States Senator,"Clayton Township, Precinct 3",Mike Rogers,123,305
REP- United States Senator,"Clayton Township, Precinct 4",Mike Rogers,168,305
REP- United States Senator,"City of Clio, Precinct 1",Mike Rogers,167,305
REP- United States Senator,"City of Davison, Precinct 1",Mike Rogers,209,305
REP- United States Senator,"City of Davison, Precinct 2",Mike Rogers,196,305
REP- United States Senator,"Davison Township, Precinct 1",Mike Rogers,292,305
REP- United States Senator,"Davison Township, Precinct 2",Mike Rogers,303,305
REP- United States Senator,"Davison Township, Precinct 3",Mike Rogers,247,305
REP- United States Senator,"Davison Township, Precinct 4",Mike Rogers,255,305
REP- United States Senator,"Davison Township, Precinct 5",Mike Rogers,120,305
REP- United States Senator,"Davison Township, Precinct 6",Mike Rogers,186,305
REP- United States Senator,"Davison Township, Precinct 7",Mike Rogers,248,305
REP- United States Senator,"Davison Township, Precinct 8",Mike Rogers,386,305
REP- United States Senator,"City of Fenton, Precinct 1",Mike Rogers,179,305
REP- United States Senator,"City of Fenton, Precinct 2",Mike Rogers,378,305
REP- United States Senator,"City of Fenton, Precinct 3",Mike Rogers,335,305
REP- United States Senator,"Fenton Township, Precinct 1",Mike Rogers,417,305
REP- United States Senator,"Fenton Township, Precinct 2",Mike Rogers,432,305
REP- United States Senator,"Fenton Township, Precinct 3",Mike Rogers,421,305
REP- United States Senator,"Fenton Township, Precinct 4",Mike Rogers,389,305
REP- United States Senator,"Fenton Township, Precinct 5",Mike Rogers,370,305
REP- United States Senator,"Fenton Township, Precinct 6",Mike Rogers,423,305
REP- United States Senator,"City of Flint, Precinct 1",Mike Rogers,10,305
REP- United States Senator,"City of Flint, Precinct 2",Mike Rogers,18,305
REP- United States Senator,"City of Flint, Precinct 3",Mike Rogers,0,305
REP- United States Senator,"City of Flint, Precinct 4",Mike Rogers,2,305
REP- United States Senator,"City of Flint, Precinct 5",Mike Rogers,18,305
REP- United States Senator,"City of Flint, Precinct 6",Mike Rogers,12,305
REP- United States Senator,"City of Flint, Precinct 7",Mike Rogers,3,305
REP- United States Senator,"City of Flint, Precinct 8",Mike Rogers,6,305
REP- United States Senator,"City of Flint, Precinct 9",Mike Rogers,11,305
REP- United States Senator,"City of Flint, Precinct 10",Mike Rogers,66,305
REP- United States Senator,"City of Flint, Precinct 11",Mike Rogers,61,305
REP- United States Senator,"City of Flint, Precinct 12",Mike Rogers,147,305
REP- United States Senator,"City of Flint, Precinct 13",Mike Rogers,2,305
REP- United States Senator,"City of Flint, Precinct 14",Mike Rogers,24,305
REP- United States Senator,"City of Flint, Precinct 15",Mike Rogers,65,305
REP- United States Senator,"City of Flint, Precinct 16",Mike Rogers,49,305
REP- United States Senator,"City of Flint, Precinct 17",Mike Rogers,98,305
REP- United States Senator,"City of Flint, Precinct 18",Mike Rogers,15,305
REP- United States Senator,"City of Flint, Precinct 19",Mike Rogers,5,305
REP- United States Senator,"City of Flint, Precinct 20",Mike Rogers,84,305
REP- United States Senator,"City of Flint, Precinct 21",Mike Rogers,58,305
REP- United States Senator,"City of Flint, Precinct 22",Mike Rogers,8,305
REP- United States Senator,"City of Flint, Precinct 23",Mike Rogers,108,305
REP- United States Senator,"City of Flint, Precinct 24",Mike Rogers,83,305
REP- United States Senator,"City of Flint, Precinct 25",Mike Rogers,2,305
REP- United States Senator,"City of Flint, Precinct 26",Mike Rogers,24,305
REP- United States Senator,"City of Flint, Precinct 27",Mike Rogers,3,305
REP- United States Senator,"City of Flint, Precinct 28",Mike Rogers,43,305
REP- United States Senator,"City of Flint, Precinct 29",Mike Rogers,75,305
REP- United States Senator,"Flint Township, Precinct 1",Mike Rogers,171,305
REP- United States Senator,"Flint Township, Precinct 2",Mike Rogers,113,305
REP- United States Senator,"Flint Township, Precinct 3",Mike Rogers,370,305
REP- United States Senator,"Flint Township, Precinct 4",Mike Rogers,84,305
REP- United States Senator,"Flint Township, Precinct 5",Mike Rogers,198,305
REP- United States Senator,"Flint Township, Precinct 6",Mike Rogers,63,305
REP- United States Senator,"Flint Township, Precinct 7",Mike Rogers,108,305
REP- United States Senator,"Flint Township, Precinct 8",Mike Rogers,311,305
REP- United States Senator,"City of Flushing, Precinct 1",Mike Rogers,167,305
REP- United States Senator,"City of Flushing, Precinct 2",Mike Rogers,164,305
REP- United States Senator,"City of Flushing, Precinct 3",Mike Rogers,180,305
REP- United States Senator,"City of Flushing, Precinct 4",Mike Rogers,204,305
REP- United States Senator,"Flushing Township, Precinct 1",Mike Rogers,306,305
REP- United States Senator,"Flushing Township, Precinct 2",Mike Rogers,204,305
REP- United States Senator,"Flushing Township, Precinct 3",Mike Rogers,354,305
REP- United States Senator,"Flushing Township, Precinct 4",Mike Rogers,251,305
REP- United States Senator,"Forest Township, Precinct 1",Mike Rogers,672,305
REP- United States Senator,"Gaines Township, Precinct 1",Mike Rogers,396,305
REP- United States Senator,"Gaines Township, Precinct 2",Mike Rogers,178,305
REP- United States Senator,"Gaines Township, Precinct 3",Mike Rogers,280,305
REP- United States Senator,"Genesee Township, Precinct 1",Mike Rogers,190,305
REP- United States Senator,"Genesee Township, Precinct 2",Mike Rogers,25,305
REP- United States Senator,"Genesee Township, Precinct 3",Mike Rogers,234,305
REP- United States Senator,"Genesee Township, Precinct 4",Mike Rogers,229,305
REP- United States Senator,"Genesee Township, Precinct 5",Mike Rogers,255,305
REP- United States Senator,"Genesee Township, Precinct 6",Mike Rogers,196,305
REP- United States Senator,"Genesee Township, Precinct 7",Mike Rogers,189,305
REP- United States Senator,"City of Grand Blanc, Precinct 1",Mike Rogers,346,305
REP- United States Senator,"City of Grand Blanc, Precinct 2",Mike Rogers,332,305
REP- United States Senator,"Grand Blanc Township, Precinct 1",Mike Rogers,257,305
REP- United States Senator,"Grand Blanc Township, Precinct 2",Mike Rogers,112,305
REP- United States Senator,"Grand Blanc Township, Precinct 3",Mike Rogers,396,305
REP- United States Senator,"Grand Blanc Township, Precinct 4",Mike Rogers,418,305
REP- United States Senator,"Grand Blanc Township, Precinct 5",Mike Rogers,336,305
REP- United States Senator,"Grand Blanc Township, Precinct 6",Mike Rogers,321,305
REP- United States Senator,"Grand Blanc Township, Precinct 7",Mike Rogers,446,305
REP- United States Senator,"Grand Blanc Township, Precinct 8",Mike Rogers,464,305
REP- United States Senator,"Grand Blanc Township, Precinct 9",Mike Rogers,228,305
REP- United States Senator,"Grand Blanc Township, Precinct 10",Mike Rogers,156,305
REP- United States Senator,"City of Linden, Precinct 1",Mike Rogers,551,305
REP- United States Senator,"City of Montrose, Precinct 1",Mike Rogers,111,305
REP- United States Senator,"Montrose Township, Precinct 1",Mike Rogers,124,305
REP- United States Senator,"Montrose Township, Precinct 2",Mike Rogers,105,305
REP- United States Senator,"Montrose Township, Precinct 3",Mike Rogers,162,305
REP- United States Senator,"Montrose Township, Precinct 4",Mike Rogers,195,305
REP- United States Senator,"City of Mount Morris, Precinct 1",Mike Rogers,96,305
REP- United States Senator,"Mount Morris Township, Precinct 1",Mike Rogers,54,305
REP- United States Senator,"Mount Morris Township, Precinct 2",Mike Rogers,145,305
REP- United States Senator,"Mount Morris Township, Precinct 3",Mike Rogers,107,305
REP- United States Senator,"Mount Morris Township, Precinct 4",Mike Rogers,173,305
REP- United States Senator,"Mount Morris Township, Precinct 5",Mike Rogers,60,305
REP- United States Senator,"Mount Morris Township, Precinct 6",Mike Rogers,41,305
REP- United States Senator,"Mount Morris Township, Precinct 7",Mike Rogers,22,305
REP- United States Senator,"Mount Morris Township, Precinct 8",Mike Rogers,23,305
REP- United States Senator,"Mount Morris Township, Precinct 9",Mike Rogers,22,305
REP- United States Senator,"Mount Morris Township, Precinct 10",Mike Rogers,9,305
REP- United States Senator,"Mundy Township, Precinct 1",Mike Rogers,321,305
REP- United States Senator,"Mundy Township, Precinct 2",Mike Rogers,194,305
REP- United States Senator,"Mundy Township, Precinct 3",Mike Rogers,331,305
REP- United States Senator,"Mundy Township, Precinct 4",Mike Rogers,234,305
REP- United States Senator,"Mundy Township, Precinct 5",Mike Rogers,203,305
REP- United States Senator,"Mundy Township, Precinct 6",Mike Rogers,189,305
REP- United States Senator,"Mundy Township, Precinct 7",Mike Rogers,166,305
REP- United States Senator,"Richfield Township, Precinct 1",Mike Rogers,655,305
REP- United States Senator,"Richfield Township, Precinct 2",Mike Rogers,358,305
REP- United States Senator,"City of Swartz Creek, Precinct 1",Mike Rogers,133,305
REP- United States Senator,"City of Swartz Creek, Precinct 2",Mike Rogers,104,305
REP- United States Senator,"City of Swartz Creek, Precinct 3",Mike Rogers,95,305
REP- United States Senator,"City of Swartz Creek, Precinct 4",Mike Rogers,209,305
REP- United States Senator,"Thetford Township, Precinct 1",Mike Rogers,279,305
REP- United States Senator,"Thetford Township, Precinct 2",Mike Rogers,312,305
REP- United States Senator,"Vienna Township, Precinct 1",Mike Rogers,310,305
REP- United States Senator,"Vienna Township, Precinct 2",Mike Rogers,296,305
REP- United States Senator,"Vienna Township, Precinct 3",Mike Rogers,240,305
REP- United States Senator,"Vienna Township, Precinct 4",Mike Rogers,251,305
REP- United States Senator,"Vienna Township, Precinct 5",Mike Rogers,234,305
REP- Representative in Congress 7th District,"Argentine Township, Precinct 2",Tom Barrett,11,8
REP- Representative in Congress 8th District,"Argentine Township, Precinct 1",Thomas J. Smith,188,191
REP- Representative in Congress 8th District,"Argentine Township, Precinct 1",Amir Hassan,144,191
REP- Representative in Congress 8th District,"Argentine Township, Precinct 1",Al Lemmo,64,191
REP- Representative in Congress 8th District,"Argentine Township, Precinct 2",Thomas J. Smith,153,191
REP- Representative in Congress 8th District,"Argentine Township, Precinct 2",Amir Hassan,87,191
REP- Representative in Congress 8th District,"Argentine Township, Precinct 2",Al Lemmo,51,191
REP- Representative in Congress 8th District,"Argentine Township, Precinct 3",Thomas J. Smith,54,191
REP- Representative in Congress 8th District,"Argentine Township, Precinct 3",Amir Hassan,35,191
REP- Representative in Congress 8th District,"Argentine Township, Precinct 3",Al Lemmo,12,191
REP- Representative in Congress 8th District,"Atlas Township, Precinct 1",Thomas J. Smith,203,191
REP- Representative in Congress 8th District,"Atlas Township, Precinct 1",Amir Hassan,155,191
REP- Representative in Congress 8th District,"Atlas Township, Precinct 1",Al Lemmo,51,191
REP- Representative in Congress 8th District,"Atlas Township, Precinct 2",Thomas J. Smith,106,191
REP- Representative in Congress 8th District,"Atlas Township, Precinct 2",Amir Hassan,70,191
REP- Representative in Congress 8th District,"Atlas Township, Precinct 2",Al Lemmo,41,191
REP- Representative in Congress 8th District,"Atlas Township, Precinct 3",Thomas J. Smith,271,191
REP- Representative in Congress 8th District,"Atlas Township, Precinct 3",Amir Hassan,154,191
REP- Representative in Congress 8th District,"Atlas Township, Precinct 3",Al Lemmo,78,191
REP- Representative in Congress 8th District,"City of Burton, Precinct 1",Thomas J. Smith,27,191
REP- Representative in Congress 8th District,"City of Burton, Precinct 1",Amir Hassan,11,191
REP- Representative in Congress 8th District,"City of Burton, Precinct 1",Al Lemmo,10,191
REP- Representative in Congress 8th District,"City of Burton, Precinct 2",Thomas J. Smith,133,191
REP- Representative in Congress 8th District,"City of Burton, Precinct 2",Amir Hassan,47,191
REP- Representative in Congress 8th District,"City of Burton, Precinct 2",Al Lemmo,32,191
REP- Representative in Congress 8th District,"City of Burton, Precinct 3",Thomas J. Smith,154,191
REP- Representative in Congress 8th District,"City of Burton, Precinct 3",Amir Hassan,63,191
REP- Representative in Congress 8th District,"City of Burton, Precinct 3",Al Lemmo,35,191
REP- Representative in Congress 8th District,"City of Burton, Precinct 4",Thomas J. Smith,185,191
REP- Representative in Congress 8th District,"City of Burton, Precinct 4",Amir Hassan,109,191
REP- Representative in Congress 8th District,"City of Burton, Precinct 4",Al Lemmo,55,191
REP- Representative in Congress 8th District,"City of Burton, Precinct 5",Thomas J. Smith,166,191
REP- Representative in Congress 8th District,"City of Burton, Precinct 5",Amir Hassan,96,191
REP- Representative in Congress 8th District,"City of Burton, Precinct 5",Al Lemmo,50,191
REP- Representative in Congress 8th District,"City of Burton, Precinct 6",Thomas J. Smith,140,191
REP- Representative in Congress 8th District,"City of Burton, Precinct 6",Amir Hassan,49,191
REP- Representative in Congress 8th District,"City of Burton, Precinct 6",Al Lemmo,40,191
REP- Representative in Congress 8th District,"City of Burton, Precinct 7",Thomas J. Smith,166,191
REP- Representative in Congress 8th District,"City of Burton, Precinct 7",Amir Hassan,102,191
REP- Representative in Congress 8th District,"City of Burton, Precinct 7",Al Lemmo,39,191
REP- Representative in Congress 8th District,"Clayton Township, Precinct 1",Thomas J. Smith,127,191
REP- Representative in Congress 8th District,"Clayton Township, Precinct 1",Amir Hassan,103,191
REP- Representative in Congress 8th District,"Clayton Township, Precinct 1",Al Lemmo,58,191
REP- Representative in Congress 8th District,"Clayton Township, Precinct 2",Thomas J. Smith,105,191
REP- Representative in Congress 8th District,"Clayton Township, Precinct 2",Amir Hassan,62,191
REP- Representative in Congress 8th District,"Clayton Township, Precinct 2",Al Lemmo,38,191
REP- Representative in Congress 8th District,"Clayton Township, Precinct 3",Thomas J. Smith,76,191
REP- Representative in Congress 8th District,"Clayton Township, Precinct 3",Amir Hassan,27,191
REP- Representative in Congress 8th District,"Clayton Township, Precinct 3",Al Lemmo,19,191
REP- Representative in Congress 8th District,"Clayton Township, Precinct 4",Thomas J. Smith,83,191
REP- Representative in Congress 8th District,"Clayton Township, Precinct 4",Amir Hassan,47,191
REP- Representative in Congress 8th District,"Clayton Township, Precinct 4",Al Lemmo,29,191
REP- Representative in Congress 8th District,"City of Clio, Precinct 1",Thomas J. Smith,105,191
REP- Representative in Congress 8th District,"City of Clio, Precinct 1",Amir Hassan,53,191
REP- Representative in Congress 8th District,"City of Clio, Precinct 1",Al Lemmo,14,191
REP- Representative in Congress 8th District,"City of Davison, Precinct 1",Thomas J. Smith,102,191
REP- Representative in Congress 8th District,"City of Davison, Precinct 1",Amir Hassan,70,191
REP- Representative in Congress 8th District,"City of Davison, Precinct 1",Al Lemmo,36,191
REP- Representative in Congress 8th District,"City of Davison, Precinct 2",Thomas J. Smith,105,191
REP- Representative in Congress 8th District,"City of Davison, Precinct 2",Amir Hassan,40,191
REP- Representative in Congress 8th District,"City of Davison, Precinct 2",Al Lemmo,43,191
REP- Representative in Congress 8th District,"Davison Township, Precinct 1",Thomas J. Smith,169,191
REP- Representative in Congress 8th District,"Davison Township, Precinct 1",Amir Hassan,69,191
REP- Representative in Congress 8th District,"Davison Township, Precinct 1",Al Lemmo,45,191
REP- Representative in Congress 8th District,"Davison Township, Precinct 2",Thomas J. Smith,151,191
REP- Representative in Congress 8th District,"Davison Township, Precinct 2",Amir Hassan,95,191
REP- Representative in Congress 8th District,"Davison Township, Precinct 2",Al Lemmo,47,191
REP- Representative in Congress 8th District,"Davison Township, Precinct 3",Thomas J. Smith,131,191
REP- Representative in Congress 8th District,"Davison Township, Precinct 3",Amir Hassan,65,191
REP- Representative in Congress 8th District,"Davison Township, Precinct 3",Al Lemmo,40,191
REP- Representative in Congress 8th District,"Davison Township, Precinct 4",Thomas J. Smith,159,191
REP- Representative in Congress 8th District,"Davison Township, Precinct 4",Amir Hassan,69,191
REP- Representative in Congress 8th District,"Davison Township, Precinct 4",Al Lemmo,23,191
REP- Representative in Congress 8th District,"Davison Township, Precinct 5",Thomas J. Smith,49,191
REP- Representative in Congress 8th District,"Davison Township, Precinct 5",Amir Hassan,50,191
REP- Representative in Congress 8th District,"Davison Township, Precinct 5",Al Lemmo,20,191
REP- Representative in Congress 8th District,"Davison Township, Precinct 6",Thomas J. Smith,91,191
REP- Representative in Congress 8th District,"Davison Township, Precinct 6",Amir Hassan,44,191
REP- Representative in Congress 8th District,"Davison Township, Precinct 6",Al Lemmo,36,191
REP- Representative in Congress 8th District,"Davison Township, Precinct 7",Thomas J. Smith,148,191
REP- Representative in Congress 8th District,"Davison Township, Precinct 7",Amir Hassan,67,191
REP- Representative in Congress 8th District,"Davison Township, Precinct 7",Al Lemmo,30,191
REP- Representative in Congress 8th District,"Davison Township, Precinct 8",Thomas J. Smith,195,191
REP- Representative in Congress 8th District,"Davison Township, Precinct 8",Amir Hassan,118,191
REP- Representative in Congress 8th District,"Davison Township, Precinct 8",Al Lemmo,56,191
REP- Representative in Congress 8th District,"City of Fenton, Precinct 1",Thomas J. Smith,108,191
REP- Representative in Congress 8th District,"City of Fenton, Precinct 1",Amir Hassan,39,191
REP- Representative in Congress 8th District,"City of Fenton, Precinct 1",Al Lemmo,19,191
REP- Representative in Congress 8th District,"City of Fenton, Precinct 2",Thomas J. Smith,185,191
REP- Representative in Congress 8th District,"City of Fenton, Precinct 2",Amir Hassan,125,191
REP- Representative in Congress 8th District,"City of Fenton, Precinct 2",Al Lemmo,53,191
REP- Representative in Congress 8th District,"City of Fenton, Precinct 3",Thomas J. Smith,144,191
REP- Representative in Congress 8th District,"City of Fenton, Precinct 3",Amir Hassan,119,191
REP- Representative in Congress 8th District,"City of Fenton, Precinct 3",Al Lemmo,57,191
REP- Representative in Congress 8th District,"Fenton Township, Precinct 1",Thomas J. Smith,183,191
REP- Representative in Congress 8th District,"Fenton Township, Precinct 1",Amir Hassan,147,191
REP- Representative in Congress 8th District,"Fenton Township, Precinct 1",Al Lemmo,55,191
REP- Representative in Congress 8th District,"Fenton Township, Precinct 2",Thomas J. Smith,228,191
REP- Representative in Congress 8th District,"Fenton Township, Precinct 2",Amir Hassan,128,191
REP- Representative in Congress 8th District,"Fenton Township, Precinct 2",Al Lemmo,64,191
REP- Representative in Congress 8th District,"Fenton Township, Precinct 3",Thomas J. Smith,186,191
REP- Representative in Congress 8th District,"Fenton Township, Precinct 3",Amir Hassan,144,191
REP- Representative in Congress 8th District,"Fenton Township, Precinct 3",Al Lemmo,66,191
REP- Representative in Congress 8th District,"Fenton Township, Precinct 4",Thomas J. Smith,175,191
REP- Representative in Congress 8th District,"Fenton Township, Precinct 4",Amir Hassan,129,191
REP- Representative in Congress 8th District,"Fenton Township, Precinct 4",Al Lemmo,60,191
REP- Representative in Congress 8th District,"Fenton Township, Precinct 5",Thomas J. Smith,174,191
REP- Representative in Congress 8th District,"Fenton Township, Precinct 5",Amir Hassan,132,191
REP- Representative in Congress 8th District,"Fenton Township, Precinct 5",Al Lemmo,45,191
REP- Representative in Congress 8th District,"Fenton Township, Precinct 6",Thomas J. Smith,183,191
REP- Representative in Congress 8th District,"Fenton Township, Precinct 6",Amir Hassan,149,191
REP- Representative in Congress 8th District,"Fenton Township, Precinct 6",Al Lemmo,74,191
REP- Representative in Congress 8th District,"City of Flint, Precinct 1",Thomas J. Smith,5,191
REP- Representative in Congress 8th District,"City of Flint, Precinct 1",Amir Hassan,3,191
REP- Representative in Congress 8th District,"City of Flint, Precinct 1",Al Lemmo,3,191
REP- Representative in Congress 8th District,"City of Flint, Precinct 2",Thomas J. Smith,6,191
REP- Representative in Congress 8th District,"City of Flint, Precinct 2",Amir Hassan,8,191
REP- Representative in Congress 8th District,"City of Flint, Precinct 2",Al Lemmo,4,191
REP- Representative in Congress 8th District,"City of Flint, Precinct 3",Thomas J. Smith,0,191
REP- Representative in Congress 8th District,"City of Flint, Precinct 3",Amir Hassan,0,191
REP- Representative in Congress 8th District,"City of Flint, Precinct 3",Al Lemmo,0,191
REP- Representative in Congress 8th District,"City of Flint, Precinct 4",Thomas J. Smith,1,191
REP- Representative in Congress 8th District,"City of Flint, Precinct 4",Amir Hassan,0,191
REP- Representative in Congress 8th District,"City of Flint, Precinct 4",Al Lemmo,1,191
REP- Representative in Congress 8th District,"City of Flint, Precinct 5",Thomas J. Smith,10,191
REP- Representative in Congress 8th District,"City of Flint, Precinct 5",Amir Hassan,4,191
REP- Representative in Congress 8th District,"City of Flint, Precinct 5",Al Lemmo,4,191
REP- Representative in Congress 8th District,"City of Flint, Precinct 6",Thomas J. Smith,5,191
REP- Representative in Congress 8th District,"City of Flint, Precinct 6",Amir Hassan,2,191
REP- Representative in Congress 8th District,"City of Flint, Precinct 6",Al Lemmo,2,191
REP- Representative in Congress 8th District,"City of Flint, Precinct 7",Thomas J. Smith,2,191
REP- Representative in Congress 8th District,"City of Flint, Precinct 7",Amir Hassan,1,191
REP- Representative in Congress 8th District,"City of Flint, Precinct 7",Al Lemmo,0,191
REP- Representative in Congress 8th District,"City of Flint, Precinct 8",Thomas J. Smith,5,191
REP- Representative in Congress 8th District,"City of Flint, Precinct 8",Amir Hassan,2,191
REP- Representative in Congress 8th District,"City of Flint, Precinct 8",Al Lemmo,0,191
REP- Representative in Congress 8th District,"City of Flint, Precinct 9",Thomas J. Smith,6,191
REP- Representative in Congress 8th District,"City of Flint, Precinct 9",Amir Hassan,5,191
REP- Representative in Congress 8th District,"City of Flint, Precinct 9",Al Lemmo,0,191
REP- Representative in Congress 8th District,"City of Flint, Precinct 10",Thomas J. Smith,34,191
REP- Representative in Congress 8th District,"City of Flint, Precinct 10",Amir Hassan,13,191
REP- Representative in Congress 8th District,"City of Flint, Precinct 10",Al Lemmo,18,191
REP- Representative in Congress 8th District,"City of Flint, Precinct 11",Thomas J. Smith,43,191
REP- Representative in Congress 8th District,"City of Flint, Precinct 11",Amir Hassan,13,191
REP- Representative in Congress 8th District,"City of Flint, Precinct 11",Al Lemmo,6,191
REP- Representative in Congress 8th District,"City of Flint, Precinct 12",Thomas J. Smith,90,191
REP- Representative in Congress 8th District,"City of Flint, Precinct 12",Amir Hassan,45,191
REP- Representative in Congress 8th District,"City of Flint, Precinct 12",Al Lemmo,16,191
REP- Representative in Congress 8th District,"City of Flint, Precinct 13",Thomas J. Smith,2,191
REP- Representative in Congress 8th District,"City of Flint, Precinct 13",Amir Hassan,1,191
REP- Representative in Congress 8th District,"City of Flint, Precinct 13",Al Lemmo,0,191
REP- Representative in Congress 8th District,"City of Flint, Precinct 14",Thomas J. Smith,13,191
REP- Representative in Congress 8th District,"City of Flint, Precinct 14",Amir Hassan,9,191
REP- Representative in Congress 8th District,"City of Flint, Precinct 14",Al Lemmo,2,191
REP- Representative in Congress 8th District,"City of Flint, Precinct 15",Thomas J. Smith,34,191
REP- Representative in Congress 8th District,"City of Flint, Precinct 15",Amir Hassan,19,191
REP- Representative in Congress 8th District,"City of Flint, Precinct 15",Al Lemmo,12,191
REP- Representative in Congress 8th District,"City of Flint, Precinct 16",Thomas J. Smith,31,191
REP- Representative in Congress 8th District,"City of Flint, Precinct 16",Amir Hassan,12,191
REP- Representative in Congress 8th District,"City of Flint, Precinct 16",Al Lemmo,6,191
REP- Representative in Congress 8th District,"City of Flint, Precinct 17",Thomas J. Smith,64,191
REP- Representative in Congress 8th District,"City of Flint, Precinct 17",Amir Hassan,23,191
REP- Representative in Congress 8th District,"City of Flint, Precinct 17",Al Lemmo,18,191
REP- Representative in Congress 8th District,"City of Flint, Precinct 18",Thomas J. Smith,13,191
REP- Representative in Congress 8th District,"City of Flint, Precinct 18",Amir Hassan,1,191
REP- Representative in Congress 8th District,"City of Flint, Precinct 18",Al Lemmo,1,191
REP- Representative in Congress 8th District,"City of Flint, Precinct 19",Thomas J. Smith,2,191
REP- Representative in Congress 8th District,"City of Flint, Precinct 19",Amir Hassan,1,191
REP- Representative in Congress 8th District,"City of Flint, Precinct 19",Al Lemmo,0,191
REP- Representative in Congress 8th District,"City of Flint, Precinct 20",Thomas J. Smith,34,191
REP- Representative in Congress 8th District,"City of Flint, Precinct 20",Amir Hassan,43,191
REP- Representative in Congress 8th District,"City of Flint, Precinct 20",Al Lemmo,9,191
REP- Representative in Congress 8th District,"City of Flint, Precinct 21",Thomas J. Smith,24,191
REP- Representative in Congress 8th District,"City of Flint, Precinct 21",Amir Hassan,17,191
REP- Representative in Congress 8th District,"City of Flint, Precinct 21",Al Lemmo,10,191
REP- Representative in Congress 8th District,"City of Flint, Precinct 22",Thomas J. Smith,6,191
REP- Representative in Congress 8th District,"City of Flint, Precinct 22",Amir Hassan,0,191
REP- Representative in Congress 8th District,"City of Flint, Precinct 22",Al Lemmo,1,191
REP- Representative in Congress 8th District,"City of Flint, Precinct 23",Thomas J. Smith,50,191
REP- Representative in Congress 8th District,"City of Flint, Precinct 23",Amir Hassan,35,191
REP- Representative in Congress 8th District,"City of Flint, Precinct 23",Al Lemmo,23,191
REP- Representative in Congress 8th District,"City of Flint, Precinct 24",Thomas J. Smith,43,191
REP- Representative in Congress 8th District,"City of Flint, Precinct 24",Amir Hassan,27,191
REP- Representative in Congress 8th District,"City of Flint, Precinct 24",Al Lemmo,15,191
REP- Representative in Congress 8th District,"City of Flint, Precinct 25",Thomas J. Smith,0,191
REP- Representative in Congress 8th District,"City of Flint, Precinct 25",Amir Hassan,0,191
REP- Representative in Congress 8th District,"City of Flint, Precinct 25",Al Lemmo,2,191
REP- Representative in Congress 8th District,"City of Flint, Precinct 26",Thomas J. Smith,21,191
REP- Representative in Congress 8th District,"City of Flint, Precinct 26",Amir Hassan,2,191
REP- Representative in Congress 8th District,"City of Flint, Precinct 26",Al Lemmo,3,191
REP- Representative in Congress 8th District,"City of Flint, Precinct 27",Thomas J. Smith,4,191
REP- Representative in Congress 8th District,"City of Flint, Precinct 27",Amir Hassan,0,191
REP- Representative in Congress 8th District,"City of Flint, Precinct 27",Al Lemmo,0,191
REP- Representative in Congress 8th District,"City of Flint, Precinct 28",Thomas J. Smith,17,191
REP- Representative in Congress 8th District,"City of Flint, Precinct 28",Amir Hassan,17,191
REP- Representative in Congress 8th District,"City of Flint, Precinct 28",Al Lemmo,11,191
REP- Representative in Congress 8th District,"City of Flint, Precinct 29",Thomas J. Smith,55,191
REP- Representative in Congress 8th District,"City of Flint, Precinct 29",Amir Hassan,11,191
REP- Representative in Congress 8th District,"City of Flint, Precinct 29",Al Lemmo,11,191
REP- Representative in Congress 8th District,"Flint Township, Precinct 1",Thomas J. Smith,81,191
REP- Representative in Congress 8th District,"Flint Township, Precinct 1",Amir Hassan,61,191
REP- Representative in Congress 8th District,"Flint Township, Precinct 1",Al Lemmo,34,191
REP- Representative in Congress 8th District,"Flint Township, Precinct 2",Thomas J. Smith,68,191
REP- Representative in Congress 8th District,"Flint Township, Precinct 2",Amir Hassan,24,191
REP- Representative in Congress 8th District,"Flint Township, Precinct 2",Al Lemmo,25,191
REP- Representative in Congress 8th District,"Flint Township, Precinct 3",Thomas J. Smith,233,191
REP- Representative in Congress 8th District,"Flint Township, Precinct 3",Amir Hassan,95,191
REP- Representative in Congress 8th District,"Flint Township, Precinct 3",Al Lemmo,53,191
REP- Representative in Congress 8th District,"Flint Township, Precinct 4",Thomas J. Smith,34,191
REP- Representative in Congress 8th District,"Flint Township, Precinct 4",Amir Hassan,39,191
REP- Representative in Congress 8th District,"Flint Township, Precinct 4",Al Lemmo,15,191
REP- Representative in Congress 8th District,"Flint Township, Precinct 5",Thomas J. Smith,76,191
REP- Representative in Congress 8th District,"Flint Township, Precinct 5",Amir Hassan,74,191
REP- Representative in Congress 8th District,"Flint Township, Precinct 5",Al Lemmo,44,191
REP- Representative in Congress 8th District,"Flint Township, Precinct 6",Thomas J. Smith,34,191
REP- Representative in Congress 8th District,"Flint Township, Precinct 6",Amir Hassan,21,191
REP- Representative in Congress 8th District,"Flint Township, Precinct 6",Al Lemmo,8,191
REP- Representative in Congress 8th District,"Flint Township, Precinct 7",Thomas J. Smith,62,191
REP- Representative in Congress 8th District,"Flint Township, Precinct 7",Amir Hassan,29,191
REP- Representative in Congress 8th District,"Flint Township, Precinct 7",Al Lemmo,14,191
REP- Representative in Congress 8th District,"Flint Township, Precinct 8",Thomas J. Smith,145,191
REP- Representative in Congress 8th District,"Flint Township, Precinct 8",Amir Hassan,103,191
REP- Representative in Congress 8th District,"Flint Township, Precinct 8",Al Lemmo,50,191
REP- Representative in Congress 8th District,"City of Flushing, Precinct 1",Thomas J. Smith,81,191
REP- Representative in Congress 8th District,"City of Flushing, Precinct 1",Amir Hassan,50,191
REP- Representative in Congress 8th District,"City of Flushing, Precinct 1",Al Lemmo,28,191
REP- Representative in Congress 8th District,"City of Flushing, Precinct 2",Thomas J. Smith,79,191
REP- Representative in Congress 8th District,"City of Flushing, Precinct 2",Amir Hassan,59,191
REP- Representative in Congress 8th District,"City of Flushing, Precinct 2",Al Lemmo,23,191
REP- Representative in Congress 8th District,"City of Flushing, Precinct 3",Thomas J. Smith,90,191
REP- Representative in Congress 8th District,"City of Flushing, Precinct 3",Amir Hassan,56,191
REP- Representative in Congress 8th District,"City of Flushing, Precinct 3",Al Lemmo,28,191
REP- Representative in Congress 8th District,"City of Flushing, Precinct 4",Thomas J. Smith,130,191
REP- Representative in Congress 8th District,"City of Flushing, Precinct 4",Amir Hassan,56,191
REP- Representative in Congress 8th District,"City of Flushing, Precinct 4",Al Lemmo,26,191
REP- Representative in Congress 8th District,"Flushing Township, Precinct 1",Thomas J. Smith,176,191
REP- Representative in Congress 8th District,"Flushing Township, Precinct 1",Amir Hassan,90,191
REP- Representative in Congress 8th District,"Flushing Township, Precinct 1",Al Lemmo,42,191
REP- Representative in Congress 8th District,"Flushing Township, Precinct 2",Thomas J. Smith,116,191
REP- Representative in Congress 8th District,"Flushing Township, Precinct 2",Amir Hassan,54,191
REP- Representative in Congress 8th District,"Flushing Township, Precinct 2",Al Lemmo,35,191
REP- Representative in Congress 8th District,"Flushing Township, Precinct 3",Thomas J. Smith,202,191
REP- Representative in Congress 8th District,"Flushing Township, Precinct 3",Amir Hassan,110,191
REP- Representative in Congress 8th District,"Flushing Township, Precinct 3",Al Lemmo,49,191
REP- Representative in Congress 8th District,"Flushing Township, Precinct 4",Thomas J. Smith,111,191
REP- Representative in Congress 8th District,"Flushing Township, Precinct 4",Amir Hassan,88,191
REP- Representative in Congress 8th District,"Flushing Township, Precinct 4",Al Lemmo,39,191
REP- Representative in Congress 8th District,"Forest Township, Precinct 1",Thomas J. Smith,339,191
REP- Representative in Congress 8th District,"Forest Township, Precinct 1",Amir Hassan,192,191
REP- Representative in Congress 8th District,"Forest Township, Precinct 1",Al Lemmo,110,191
REP- Representative in Congress 8th District,"Gaines Township, Precinct 1",Thomas J. Smith,221,191
REP- Representative in Congress 8th District,"Gaines Township, Precinct 1",Amir Hassan,124,191
REP- Representative in Congress 8th District,"Gaines Township, Precinct 1",Al Lemmo,45,191
REP- Representative in Congress 8th District,"Gaines Township, Precinct 2",Thomas J. Smith,98,191
REP- Representative in Congress 8th District,"Gaines Township, Precinct 2",Amir Hassan,61,191
REP- Representative in Congress 8th District,"Gaines Township, Precinct 2",Al Lemmo,23,191
REP- Representative in Congress 8th District,"Gaines Township, Precinct 3",Thomas J. Smith,140,191
REP- Representative in Congress 8th District,"Gaines Township, Precinct 3",Amir Hassan,73,191
REP- Representative in Congress 8th District,"Gaines Township, Precinct 3",Al Lemmo,53,191
REP- Representative in Congress 8th District,"Genesee Township, Precinct 1",Thomas J. Smith,123,191
REP- Representative in Congress 8th District,"Genesee Township, Precinct 1",Amir Hassan,50,191
REP- Representative in Congress 8th District,"Genesee Township, Precinct 1",Al Lemmo,18,191
REP- Representative in Congress 8th District,"Genesee Township, Precinct 2",Thomas J. Smith,17,191
REP- Representative in Congress 8th District,"Genesee Township, Precinct 2",Amir Hassan,8,191
REP- Representative in Congress 8th District,"Genesee Township, Precinct 2",Al Lemmo,4,191
REP- Representative in Congress 8th District,"Genesee Township, Precinct 3",Thomas J. Smith,126,191
REP- Representative in Congress 8th District,"Genesee Township, Precinct 3",Amir Hassan,60,191
REP- Representative in Congress 8th District,"Genesee Township, Precinct 3",Al Lemmo,46,191
REP- Representative in Congress 8th District,"Genesee Township, Precinct 4",Thomas J. Smith,141,191
REP- Representative in Congress 8th District,"Genesee Township, Precinct 4",Amir Hassan,58,191
REP- Representative in Congress 8th District,"Genesee Township, Precinct 4",Al Lemmo,30,191
REP- Representative in Congress 8th District,"Genesee Township, Precinct 5",Thomas J. Smith,135,191
REP- Representative in Congress 8th District,"Genesee Township, Precinct 5",Amir Hassan,67,191
REP- Representative in Congress 8th District,"Genesee Township, Precinct 5",Al Lemmo,41,191
REP- Representative in Congress 8th District,"Genesee Township, Precinct 6",Thomas J. Smith,109,191
REP- Representative in Congress 8th District,"Genesee Township, Precinct 6",Amir Hassan,50,191
REP- Representative in Congress 8th District,"Genesee Township, Precinct 6",Al Lemmo,30,191
REP- Representative in Congress 8th District,"Genesee Township, Precinct 7",Thomas J. Smith,110,191
REP- Representative in Congress 8th District,"Genesee Township, Precinct 7",Amir Hassan,43,191
REP- Representative in Congress 8th District,"Genesee Township, Precinct 7",Al Lemmo,34,191
REP- Representative in Congress 8th District,"City of Grand Blanc, Precinct 1",Thomas J. Smith,133,191
REP- Representative in Congress 8th District,"City of Grand Blanc, Precinct 1",Amir Hassan,155,191
REP- Representative in Congress 8th District,"City of Grand Blanc, Precinct 1",Al Lemmo,56,191
REP- Representative in Congress 8th District,"City of Grand Blanc, Precinct 2",Thomas J. Smith,148,191
REP- Representative in Congress 8th District,"City of Grand Blanc, Precinct 2",Amir Hassan,99,191
REP- Representative in Congress 8th District,"City of Grand Blanc, Precinct 2",Al Lemmo,67,191
REP- Representative in Congress 8th District,"Grand Blanc Township, Precinct 1",Thomas J. Smith,137,191
REP- Representative in Congress 8th District,"Grand Blanc Township, Precinct 1",Amir Hassan,88,191
REP- Representative in Congress 8th District,"Grand Blanc Township, Precinct 1",Al Lemmo,35,191
REP- Representative in Congress 8th District,"Grand Blanc Township, Precinct 2",Thomas J. Smith,62,191
REP- Representative in Congress 8th District,"Grand Blanc Township, Precinct 2",Amir Hassan,29,191
REP- Representative in Congress 8th District,"Grand Blanc Township, Precinct 2",Al Lemmo,17,191
REP- Representative in Congress 8th District,"Grand Blanc Township, Precinct 3",Thomas J. Smith,187,191
REP- Representative in Congress 8th District,"Grand Blanc Township, Precinct 3",Amir Hassan,124,191
REP- Representative in Congress 8th District,"Grand Blanc Township, Precinct 3",Al Lemmo,80,191
REP- Representative in Congress 8th District,"Grand Blanc Township, Precinct 4",Thomas J. Smith,228,191
REP- Representative in Congress 8th District,"Grand Blanc Township, Precinct 4",Amir Hassan,123,191
REP- Representative in Congress 8th District,"Grand Blanc Township, Precinct 4",Al Lemmo,54,191
REP- Representative in Congress 8th District,"Grand Blanc Township, Precinct 5",Thomas J. Smith,119,191
REP- Representative in Congress 8th District,"Grand Blanc Township, Precinct 5",Amir Hassan,135,191
REP- Representative in Congress 8th District,"Grand Blanc Township, Precinct 5",Al Lemmo,70,191
REP- Representative in Congress 8th District,"Grand Blanc Township, Precinct 6",Thomas J. Smith,118,191
REP- Representative in Congress 8th District,"Grand Blanc Township, Precinct 6",Amir Hassan,127,191
REP- Representative in Congress 8th District,"Grand Blanc Township, Precinct 6",Al Lemmo,56,191
REP- Representative in Congress 8th District,"Grand Blanc Township, Precinct 7",Thomas J. Smith,221,191
REP- Representative in Congress 8th District,"Grand Blanc Township, Precinct 7",Amir Hassan,144,191
REP- Representative in Congress 8th District,"Grand Blanc Township, Precinct 7",Al Lemmo,52,191
REP- Representative in Congress 8th District,"Grand Blanc Township, Precinct 8",Thomas J. Smith,198,191
REP- Representative in Congress 8th District,"Grand Blanc Township, Precinct 8",Amir Hassan,166,191
REP- Representative in Congress 8th District,"Grand Blanc Township, Precinct 8",Al Lemmo,87,191
REP- Representative in Congress 8th District,"Grand Blanc Township, Precinct 9",Thomas J. Smith,116,191
REP- Representative in Congress 8th District,"Grand Blanc Township, Precinct 9",Amir Hassan,81,191
REP- Representative in Congress 8th District,"Grand Blanc Township, Precinct 9",Al Lemmo,34,191
REP- Representative in Congress 8th District,"Grand Blanc Township, Precinct 10",Thomas J. Smith,75,191
REP- Representative in Congress 8th District,"Grand Blanc Township, Precinct 10",Amir Hassan,49,191
REP- Representative in Congress 8th District,"Grand Blanc Township, Precinct 10",Al Lemmo,22,191
REP- Representative in Congress 8th District,"City of Linden, Precinct 1",Thomas J. Smith,245,191
REP- Representative in Congress 8th District,"City of Linden, Precinct 1",Amir Hassan,196,191
REP- Representative in Congress 8th District,"City of Linden, Precinct 1",Al Lemmo,79,191
REP- Representative in Congress 8th District,"City of Montrose, Precinct 1",Thomas J. Smith,61,191
REP- Representative in Congress 8th District,"City of Montrose, Precinct 1",Amir Hassan,23,191
REP- Representative in Congress 8th District,"City of Montrose, Precinct 1",Al Lemmo,28,191
REP- Representative in Congress 8th District,"Montrose Township, Precinct 1",Thomas J. Smith,60,191
REP- Representative in Congress 8th District,"Montrose Township, Precinct 1",Amir Hassan,36,191
REP- Representative in Congress 8th District,"Montrose Township, Precinct 1",Al Lemmo,25,191
REP- Representative in Congress 8th District,"Montrose Township, Precinct 2",Thomas J. Smith,64,191
REP- Representative in Congress 8th District,"Montrose Township, Precinct 2",Amir Hassan,32,191
REP- Representative in Congress 8th District,"Montrose Township, Precinct 2",Al Lemmo,12,191
REP- Representative in Congress 8th District,"Montrose Township, Precinct 3",Thomas J. Smith,84,191
REP- Representative in Congress 8th District,"Montrose Township, Precinct 3",Amir Hassan,44,191
REP- Representative in Congress 8th District,"Montrose Township, Precinct 3",Al Lemmo,27,191
REP- Representative in Congress 8th District,"Montrose Township, Precinct 4",Thomas J. Smith,109,191
REP- Representative in Congress 8th District,"Montrose Township, Precinct 4",Amir Hassan,68,191
REP- Representative in Congress 8th District,"Montrose Township, Precinct 4",Al Lemmo,18,191
REP- Representative in Congress 8th District,"City of Mount Morris, Precinct 1",Thomas J. Smith,52,191
REP- Representative in Congress 8th District,"City of Mount Morris, Precinct 1",Amir Hassan,35,191
REP- Representative in Congress 8th District,"City of Mount Morris, Precinct 1",Al Lemmo,12,191
REP- Representative in Congress 8th District,"Mount Morris Township, Precinct 1",Thomas J. Smith,25,191
REP- Representative in Congress 8th District,"Mount Morris Township, Precinct 1",Amir Hassan,16,191
REP- Representative in Congress 8th District,"Mount Morris Township, Precinct 1",Al Lemmo,12,191
REP- Representative in Congress 8th District,"Mount Morris Township, Precinct 2",Thomas J. Smith,76,191
REP- Representative in Congress 8th District,"Mount Morris Township, Precinct 2",Amir Hassan,45,191
REP- Representative in Congress 8th District,"Mount Morris Township, Precinct 2",Al Lemmo,26,191
REP- Representative in Congress 8th District,"Mount Morris Township, Precinct 3",Thomas J. Smith,66,191
REP- Representative in Congress 8th District,"Mount Morris Township, Precinct 3",Amir Hassan,30,191
REP- Representative in Congress 8th District,"Mount Morris Township, Precinct 3",Al Lemmo,10,191
REP- Representative in Congress 8th District,"Mount Morris Township, Precinct 4",Thomas J. Smith,84,191
REP- Representative in Congress 8th District,"Mount Morris Township, Precinct 4",Amir Hassan,51,191
REP- Representative in Congress 8th District,"Mount Morris Township, Precinct 4",Al Lemmo,29,191
REP- Representative in Congress 8th District,"Mount Morris Township, Precinct 5",Thomas J. Smith,29,191
REP- Representative in Congress 8th District,"Mount Morris Township, Precinct 5",Amir Hassan,24,191
REP- Representative in Congress 8th District,"Mount Morris Township, Precinct 5",Al Lemmo,5,191
REP- Representative in Congress 8th District,"Mount Morris Township, Precinct 6",Thomas J. Smith,22,191
REP- Representative in Congress 8th District,"Mount Morris Township, Precinct 6",Amir Hassan,15,191
REP- Representative in Congress 8th District,"Mount Morris Township, Precinct 6",Al Lemmo,4,191
REP- Representative in Congress 8th District,"Mount Morris Township, Precinct 7",Thomas J. Smith,8,191
REP- Representative in Congress 8th District,"Mount Morris Township, Precinct 7",Amir Hassan,10,191
REP- Representative in Congress 8th District,"Mount Morris Township, Precinct 7",Al Lemmo,4,191
REP- Representative in Congress 8th District,"Mount Morris Township, Precinct 8",Thomas J. Smith,13,191
REP- Representative in Congress 8th District,"Mount Morris Township, Precinct 8",Amir Hassan,5,191
REP- Representative in Congress 8th District,"Mount Morris Township, Precinct 8",Al Lemmo,4,191
REP- Representative in Congress 8th District,"Mount Morris Township, Precinct 9",Thomas J. Smith,11,191
REP- Representative in Congress 8th District,"Mount Morris Township, Precinct 9",Amir Hassan,7,191
REP- Representative in Congress 8th District,"Mount Morris Township, Precinct 9",Al Lemmo,1,191
REP- Representative in Congress 8th District,"Mount Morris Township, Precinct 10",Thomas J. Smith,3,191
REP- Representative in Congress 8th District,"Mount Morris Township, Precinct 10",Amir Hassan,2,191
REP- Representative in Congress 8th District,"Mount Morris Township, Precinct 10",Al Lemmo,3,191
REP- Representative in Congress 8th District,"Mundy Township, Precinct 1",Thomas J. Smith,168,191
REP- Representative in Congress 8th District,"Mundy Township, Precinct 1",Amir Hassan,101,191
REP- Representative in Congress 8th District,"Mundy Township, Precinct 1",Al Lemmo,49,191
REP- Representative in Congress 8th District,"Mundy Township, Precinct 2",Thomas J. Smith,89,191
REP- Representative in Congress 8th District,"Mundy Township, Precinct 2",Amir Hassan,64,191
REP- Representative in Congress 8th District,"Mundy Township, Precinct 2",Al Lemmo,37,191
REP- Representative in Congress 8th District,"Mundy Township, Precinct 3",Thomas J. Smith,140,191
REP- Representative in Congress 8th District,"Mundy Township, Precinct 3",Amir Hassan,116,191
REP- Representative in Congress 8th District,"Mundy Township, Precinct 3",Al Lemmo,75,191
REP- Representative in Congress 8th District,"Mundy Township, Precinct 4",Thomas J. Smith,140,191
REP- Representative in Congress 8th District,"Mundy Township, Precinct 4",Amir Hassan,72,191
REP- Representative in Congress 8th District,"Mundy Township, Precinct 4",Al Lemmo,24,191
REP- Representative in Congress 8th District,"Mundy Township, Precinct 5",Thomas J. Smith,95,191
REP- Representative in Congress 8th District,"Mundy Township, Precinct 5",Amir Hassan,57,191
REP- Representative in Congress 8th District,"Mundy Township, Precinct 5",Al Lemmo,38,191
REP- Representative in Congress 8th District,"Mundy Township, Precinct 6",Thomas J. Smith,96,191
REP- Representative in Congress 8th District,"Mundy Township, Precinct 6",Amir Hassan,64,191
REP- Representative in Congress 8th District,"Mundy Township, Precinct 6",Al Lemmo,23,191
REP- Representative in Congress 8th District,"Mundy Township, Precinct 7",Thomas J. Smith,87,191
REP- Representative in Congress 8th District,"Mundy Township, Precinct 7",Amir Hassan,52,191
REP- Representative in Congress 8th District,"Mundy Township, Precinct 7",Al Lemmo,27,191
REP- Representative in Congress 8th District,"Richfield Township, Precinct 1",Thomas J. Smith,333,191
REP- Representative in Congress 8th District,"Richfield Township, Precinct 1",Amir Hassan,204,191
REP- Representative in Congress 8th District,"Richfield Township, Precinct 1",Al Lemmo,105,191
REP- Representative in Congress 8th District,"Richfield Township, Precinct 2",Thomas J. Smith,180,191
REP- Representative in Congress 8th District,"Richfield Township, Precinct 2",Amir Hassan,112,191
REP- Representative in Congress 8th District,"Richfield Township, Precinct 2",Al Lemmo,55,191
REP- Representative in Congress 8th District,"City of Swartz Creek, Precinct 1",Thomas J. Smith,65,191
REP- Representative in Congress 8th District,"City of Swartz Creek, Precinct 1",Amir Hassan,43,191
REP- Representative in Congress 8th District,"City of Swartz Creek, Precinct 1",Al Lemmo,22,191
REP- Representative in Congress 8th District,"City of Swartz Creek, Precinct 2",Thomas J. Smith,55,191
REP- Representative in Congress 8th District,"City of Swartz Creek, Precinct 2",Amir Hassan,31,191
REP- Representative in Congress 8th District,"City of Swartz Creek, Precinct 2",Al Lemmo,12,191
REP- Representative in Congress 8th District,"City of Swartz Creek, Precinct 3",Thomas J. Smith,49,191
REP- Representative in Congress 8th District,"City of Swartz Creek, Precinct 3",Amir Hassan,31,191
REP- Representative in Congress 8th District,"City of Swartz Creek, Precinct 3",Al Lemmo,16,191
REP- Representative in Congress 8th District,"City of Swartz Creek, Precinct 4",Thomas J. Smith,114,191
REP- Representative in Congress 8th District,"City of Swartz Creek, Precinct 4",Amir Hassan,58,191
REP- Representative in Congress 8th District,"City of Swartz Creek, Precinct 4",Al Lemmo,19,191
REP- Representative in Congress 8th District,"Thetford Township, Precinct 1",Thomas J. Smith,149,191
REP- Representative in Congress 8th District,"Thetford Township, Precinct 1",Amir Hassan,77,191
REP- Representative in Congress 8th District,"Thetford Township, Precinct 1",Al Lemmo,43,191
REP- Representative in Congress 8th District,"Thetford Township, Precinct 2",Thomas J. Smith,162,191
REP- Representative in Congress 8th District,"Thetford Township, Precinct 2",Amir Hassan,79,191
REP- Representative in Congress 8th District,"Thetford Township, Precinct 2",Al Lemmo,62,191
REP- Representative in Congress 8th District,"Vienna Township, Precinct 1",Thomas J. Smith,162,191
REP- Representative in Congress 8th District,"Vienna Township, Precinct 1",Amir Hassan,94,191
REP- Representative in Congress 8th District,"Vienna Township, Precinct 1",Al Lemmo,56,191
REP- Representative in Congress 8th District,"Vienna Township, Precinct 2",Thomas J. Smith,129,191
REP- Representative in Congress 8th District,"Vienna Township, Precinct 2",Amir Hassan,81,191
REP- Representative in Congress 8th District,"Vienna Township, Precinct 2",Al Lemmo,76,191
REP- Representative in Congress 8th District,"Vienna Township, Precinct 3",Thomas J. Smith,115,191
REP- Representative in Congress 8th District,"Vienna Township, Precinct 3",Amir Hassan,57,191
REP- Representative in Congress 8th District,"Vienna Township, Precinct 3",Al Lemmo,67,191
REP- Representative in Congress 8th District,"Vienna Township, Precinct 4",Thomas J. Smith,133,191
REP- Representative in Congress 8th District,"Vienna Township, Precinct 4",Amir Hassan,68,191
REP- Representative in Congress 8th District,"Vienna Township, Precinct 4",Al Lemmo,48,191
REP- Representative in Congress 8th District,"Vienna Township, Precinct 5",Thomas J. Smith,103,191
REP- Representative in Congress 8th District,"Vienna Township, Precinct 5",Amir Hassan,95,191
REP- Representative in Congress 8th District,"Vienna Township, Precinct 5",Al Lemmo,35,191
REP- State Senator 22nd District,"Argentine Township, Precinct 1",Mike Murphy,390,96
REP- State Senator 22nd District,"Argentine Township, Precinct 2",Mike Murphy,300,96
REP- State Senator 22nd District,"Argentine Township, Precinct 3",Mike Murphy,98,96
REP- State Senator 22nd District,"City of Fenton, Precinct 1",Mike Murphy,172,96
REP- State Senator 22nd District,"City of Fenton, Precinct 2",Mike Murphy,353,96
REP- State Senator 22nd District,"City of Fenton, Precinct 3",Mike Murphy,309,96
REP- State Senator 22nd District,"Fenton Township, Precinct 1",Mike Murphy,383,96
REP- State Senator 22nd District,"Fenton Township, Precinct 2",Mike Murphy,396,96
REP- State Senator 22nd District,"Fenton Township, Precinct 3",Mike Murphy,399,96
REP- State Senator 22nd District,"Fenton Township, Precinct 4",Mike Murphy,360,96
REP- State Senator 22nd District,"Fenton Township, Precinct 5",Mike Murphy,354,96
REP- State Senator 22nd District,"Fenton Township, Precinct 6",Mike Murphy,397,96
REP- State Senator 22nd District,"City of Linden, Precinct 1",Mike Murphy,527,96
REP- State Senator 23rd District,"Atlas Township, Precinct 1",Donni Steele,227,228
REP- State Senator 23rd District,"Atlas Township, Precinct 1",Daniel Lawless,179,228
REP- State Senator 23rd District,"Atlas Township, Precinct 2",Donni Steele,136,228
REP- State Senator 23rd District,"Atlas Township, Precinct 2",Daniel Lawless,87,228
REP- State Senator 23rd District,"Atlas Township, Precinct 3",Donni Steele,252,228
REP- State Senator 23rd District,"Atlas Township, Precinct 3",Daniel Lawless,245,228
REP- State Senator 26th District,"City of Burton, Precinct 5",Matthew Bierlein,78,207
REP- State Senator 26th District,"City of Burton, Precinct 5",Gabriel Lossing,54,207
REP- State Senator 26th District,"City of Burton, Precinct 5",Daltson Atwell,26,207
REP- State Senator 26th District,"City of Burton, Precinct 5",Candice Miller,44,207
REP- State Senator 26th District,"City of Burton, Precinct 5",James M. Graham,27,207
REP- State Senator 26th District,"City of Burton, Precinct 6",Matthew Bierlein,92,207
REP- State Senator 26th District,"City of Burton, Precinct 6",Gabriel Lossing,50,207
REP- State Senator 26th District,"City of Burton, Precinct 6",Daltson Atwell,19,207
REP- State Senator 26th District,"City of Burton, Precinct 6",Candice Miller,45,207
REP- State Senator 26th District,"City of Burton, Precinct 6",James M. Graham,21,207
REP- State Senator 26th District,"City of Burton, Precinct 7",Matthew Bierlein,60,207
REP- State Senator 26th District,"City of Burton, Precinct 7",Gabriel Lossing,53,207
REP- State Senator 26th District,"City of Burton, Precinct 7",Daltson Atwell,23,207
REP- State Senator 26th District,"City of Burton, Precinct 7",Candice Miller,37,207
REP- State Senator 26th District,"City of Burton, Precinct 7",James M. Graham,11,207
REP- State Senator 26th District,"City of Clio, Precinct 1",Matthew Bierlein,66,207
REP- State Senator 26th District,"City of Clio, Precinct 1",Gabriel Lossing,35,207
REP- State Senator 26th District,"City of Clio, Precinct 1",Daltson Atwell,32,207
REP- State Senator 26th District,"City of Clio, Precinct 1",Candice Miller,34,207
REP- State Senator 26th District,"City of Clio, Precinct 1",James M. Graham,9,207
REP- State Senator 26th District,"City of Davison, Precinct 1",Matthew Bierlein,77,207
REP- State Senator 26th District,"City of Davison, Precinct 1",Gabriel Lossing,41,207
REP- State Senator 26th District,"City of Davison, Precinct 1",Daltson Atwell,22,207
REP- State Senator 26th District,"City of Davison, Precinct 1",Candice Miller,63,207
REP- State Senator 26th District,"City of Davison, Precinct 1",James M. Graham,8,207
REP- State Senator 26th District,"City of Davison, Precinct 2",Matthew Bierlein,68,207
REP- State Senator 26th District,"City of Davison, Precinct 2",Gabriel Lossing,53,207
REP- State Senator 26th District,"City of Davison, Precinct 2",Daltson Atwell,42,207
REP- State Senator 26th District,"City of Davison, Precinct 2",Candice Miller,29,207
REP- State Senator 26th District,"City of Davison, Precinct 2",James M. Graham,12,207
REP- State Senator 26th District,"Davison Township, Precinct 1",Matthew Bierlein,81,207
REP- State Senator 26th District,"Davison Township, Precinct 1",Gabriel Lossing,101,207
REP- State Senator 26th District,"Davison Township, Precinct 1",Daltson Atwell,58,207
REP- State Senator 26th District,"Davison Township, Precinct 1",Candice Miller,43,207
REP- State Senator 26th District,"Davison Township, Precinct 1",James M. Graham,16,207
REP- State Senator 26th District,"Davison Township, Precinct 2",Matthew Bierlein,98,207
REP- State Senator 26th District,"Davison Township, Precinct 2",Gabriel Lossing,81,207
REP- State Senator 26th District,"Davison Township, Precinct 2",Daltson Atwell,50,207
REP- State Senator 26th District,"Davison Township, Precinct 2",Candice Miller,56,207
REP- State Senator 26th District,"Davison Township, Precinct 2",James M. Graham,23,207
REP- State Senator 26th District,"Davison Township, Precinct 3",Matthew Bierlein,60,207
REP- State Senator 26th District,"Davison Township, Precinct 3",Gabriel Lossing,90,207
REP- State Senator 26th District,"Davison Township, Precinct 3",Daltson Atwell,33,207
REP- State Senator 26th District,"Davison Township, Precinct 3",Candice Miller,57,207
REP- State Senator 26th District,"Davison Township, Precinct 3",James M. Graham,9,207
REP- State Senator 26th District,"Davison Township, Precinct 4",Matthew Bierlein,82,207
REP- State Senator 26th District,"Davison Township, Precinct 4",Gabriel Lossing,64,207
REP- State Senator 26th District,"Davison Township, Precinct 4",Daltson Atwell,32,207
REP- State Senator 26th District,"Davison Township, Precinct 4",Candice Miller,68,207
REP- State Senator 26th District,"Davison Township, Precinct 4",James M. Graham,17,207
REP- State Senator 26th District,"Davison Township, Precinct 5",Matthew Bierlein,43,207
REP- State Senator 26th District,"Davison Township, Precinct 5",Gabriel Lossing,38,207
REP- State Senator 26th District,"Davison Township, Precinct 5",Daltson Atwell,18,207
REP- State Senator 26th District,"Davison Township, Precinct 5",Candice Miller,16,207
REP- State Senator 26th District,"Davison Township, Precinct 5",James M. Graham,8,207
REP- State Senator 26th District,"Davison Township, Precinct 6",Matthew Bierlein,75,207
REP- State Senator 26th District,"Davison Township, Precinct 6",Gabriel Lossing,45,207
REP- State Senator 26th District,"Davison Township, Precinct 6",Daltson Atwell,17,207
REP- State Senator 26th District,"Davison Township, Precinct 6",Candice Miller,26,207
REP- State Senator 26th District,"Davison Township, Precinct 6",James M. Graham,17,207
REP- State Senator 26th District,"Davison Township, Precinct 7",Matthew Bierlein,65,207
REP- State Senator 26th District,"Davison Township, Precinct 7",Gabriel Lossing,102,207
REP- State Senator 26th District,"Davison Township, Precinct 7",Daltson Atwell,17,207
REP- State Senator 26th District,"Davison Township, Precinct 7",Candice Miller,51,207
REP- State Senator 26th District,"Davison Township, Precinct 7",James M. Graham,19,207
REP- State Senator 26th District,"Davison Township, Precinct 8",Matthew Bierlein,144,207
REP- State Senator 26th District,"Davison Township, Precinct 8",Gabriel Lossing,112,207
REP- State Senator 26th District,"Davison Township, Precinct 8",Daltson Atwell,27,207
REP- State Senator 26th District,"Davison Township, Precinct 8",Candice Miller,84,207
REP- State Senator 26th District,"Davison Township, Precinct 8",James M. Graham,23,207
REP- State Senator 26th District,"Forest Township, Precinct 1",Matthew Bierlein,220,207
REP- State Senator 26th District,"Forest Township, Precinct 1",Gabriel Lossing,249,207
REP- State Senator 26th District,"Forest Township, Precinct 1",Daltson Atwell,88,207
REP- State Senator 26th District,"Forest Township, Precinct 1",Candice Miller,106,207
REP- State Senator 26th District,"Forest Township, Precinct 1",James M. Graham,23,207
REP- State Senator 26th District,"Genesee Township, Precinct 1",Matthew Bierlein,62,207
REP- State Senator 26th District,"Genesee Township, Precinct 1",Gabriel Lossing,27,207
REP- State Senator 26th District,"Genesee Township, Precinct 1",Daltson Atwell,43,207
REP- State Senator 26th District,"Genesee Township, Precinct 1",Candice Miller,35,207
REP- State Senator 26th District,"Genesee Township, Precinct 1",James M. Graham,21,207
REP- State Senator 26th District,"Genesee Township, Precinct 2",Matthew Bierlein,8,207
REP- State Senator 26th District,"Genesee Township, Precinct 2",Gabriel Lossing,4,207
REP- State Senator 26th District,"Genesee Township, Precinct 2",Daltson Atwell,8,207
REP- State Senator 26th District,"Genesee Township, Precinct 2",Candice Miller,4,207
REP- State Senator 26th District,"Genesee Township, Precinct 2",James M. Graham,5,207
REP- State Senator 26th District,"Genesee Township, Precinct 3",Matthew Bierlein,74,207
REP- State Senator 26th District,"Genesee Township, Precinct 3",Gabriel Lossing,47,207
REP- State Senator 26th District,"Genesee Township, Precinct 3",Daltson Atwell,30,207
REP- State Senator 26th District,"Genesee Township, Precinct 3",Candice Miller,56,207
REP- State Senator 26th District,"Genesee Township, Precinct 3",James M. Graham,29,207
REP- State Senator 26th District,"Genesee Township, Precinct 4",Matthew Bierlein,72,207
REP- State Senator 26th District,"Genesee Township, Precinct 4",Gabriel Lossing,60,207
REP- State Senator 26th District,"Genesee Township, Precinct 4",Daltson Atwell,28,207
REP- State Senator 26th District,"Genesee Township, Precinct 4",Candice Miller,49,207
REP- State Senator 26th District,"Genesee Township, Precinct 4",James M. Graham,25,207
REP- State Senator 26th District,"Genesee Township, Precinct 5",Matthew Bierlein,67,207
REP- State Senator 26th District,"Genesee Township, Precinct 5",Gabriel Lossing,66,207
REP- State Senator 26th District,"Genesee Township, Precinct 5",Daltson Atwell,26,207
REP- State Senator 26th District,"Genesee Township, Precinct 5",Candice Miller,73,207
REP- State Senator 26th District,"Genesee Township, Precinct 5",James M. Graham,19,207
REP- State Senator 26th District,"Genesee Township, Precinct 6",Matthew Bierlein,57,207
REP- State Senator 26th District,"Genesee Township, Precinct 6",Gabriel Lossing,50,207
REP- State Senator 26th District,"Genesee Township, Precinct 6",Daltson Atwell,21,207
REP- State Senator 26th District,"Genesee Township, Precinct 6",Candice Miller,36,207
REP- State Senator 26th District,"Genesee Township, Precinct 6",James M. Graham,29,207
REP- State Senator 26th District,"Genesee Township, Precinct 7",Matthew Bierlein,56,207
REP- State Senator 26th District,"Genesee Township, Precinct 7",Gabriel Lossing,86,207
REP- State Senator 26th District,"Genesee Township, Precinct 7",Daltson Atwell,12,207
REP- State Senator 26th District,"Genesee Township, Precinct 7",Candice Miller,26,207
REP- State Senator 26th District,"Genesee Township, Precinct 7",James M. Graham,13,207
REP- State Senator 26th District,"City of Montrose, Precinct 1",Matthew Bierlein,20,207
REP- State Senator 26th District,"City of Montrose, Precinct 1",Gabriel Lossing,14,207
REP- State Senator 26th District,"City of Montrose, Precinct 1",Daltson Atwell,73,207
REP- State Senator 26th District,"City of Montrose, Precinct 1",Candice Miller,6,207
REP- State Senator 26th District,"City of Montrose, Precinct 1",James M. Graham,6,207
REP- State Senator 26th District,"Montrose Township, Precinct 1",Matthew Bierlein,44,207
REP- State Senator 26th District,"Montrose Township, Precinct 1",Gabriel Lossing,8,207
REP- State Senator 26th District,"Montrose Township, Precinct 1",Daltson Atwell,55,207
REP- State Senator 26th District,"Montrose Township, Precinct 1",Candice Miller,16,207
REP- State Senator 26th District,"Montrose Township, Precinct 1",James M. Graham,6,207
REP- State Senator 26th District,"Montrose Township, Precinct 2",Matthew Bierlein,44,207
REP- State Senator 26th District,"Montrose Township, Precinct 2",Gabriel Lossing,15,207
REP- State Senator 26th District,"Montrose Township, Precinct 2",Daltson Atwell,47,207
REP- State Senator 26th District,"Montrose Township, Precinct 2",Candice Miller,4,207
REP- State Senator 26th District,"Montrose Township, Precinct 2",James M. Graham,4,207
REP- State Senator 26th District,"Montrose Township, Precinct 3",Matthew Bierlein,57,207
REP- State Senator 26th District,"Montrose Township, Precinct 3",Gabriel Lossing,17,207
REP- State Senator 26th District,"Montrose Township, Precinct 3",Daltson Atwell,88,207
REP- State Senator 26th District,"Montrose Township, Precinct 3",Candice Miller,10,207
REP- State Senator 26th District,"Montrose Township, Precinct 3",James M. Graham,5,207
REP- State Senator 26th District,"Montrose Township, Precinct 4",Matthew Bierlein,75,207
REP- State Senator 26th District,"Montrose Township, Precinct 4",Gabriel Lossing,31,207
REP- State Senator 26th District,"Montrose Township, Precinct 4",Daltson Atwell,83,207
REP- State Senator 26th District,"Montrose Township, Precinct 4",Candice Miller,15,207
REP- State Senator 26th District,"Montrose Township, Precinct 4",James M. Graham,6,207
REP- State Senator 26th District,"Richfield Township, Precinct 1",Matthew Bierlein,207,207
REP- State Senator 26th District,"Richfield Township, Precinct 1",Gabriel Lossing,245,207
REP- State Senator 26th District,"Richfield Township, Precinct 1",Daltson Atwell,64,207
REP- State Senator 26th District,"Richfield Township, Precinct 1",Candice Miller,99,207
REP- State Senator 26th District,"Richfield Township, Precinct 1",James M. Graham,49,207
REP- State Senator 26th District,"Richfield Township, Precinct 2",Matthew Bierlein,91,207
REP- State Senator 26th District,"Richfield Township, Precinct 2",Gabriel Lossing,199,207
REP- State Senator 26th District,"Richfield Township, Precinct 2",Daltson Atwell,30,207
REP- State Senator 26th District,"Richfield Township, Precinct 2",Candice Miller,34,207
REP- State Senator 26th District,"Richfield Township, Precinct 2",James M. Graham,7,207
REP- State Senator 26th District,"Thetford Township, Precinct 1",Matthew Bierlein,114,207
REP- State Senator 26th District,"Thetford Township, Precinct 1",Gabriel Lossing,82,207
REP- State Senator 26th District,"Thetford Township, Precinct 1",Daltson Atwell,49,207
REP- State Senator 26th District,"Thetford Township, Precinct 1",Candice Miller,39,207
REP- State Senator 26th District,"Thetford Township, Precinct 1",James M. Graham,12,207
REP- State Senator 26th District,"Thetford Township, Precinct 2",Matthew Bierlein,119,207
REP- State Senator 26th District,"Thetford Township, Precinct 2",Gabriel Lossing,87,207
REP- State Senator 26th District,"Thetford Township, Precinct 2",Daltson Atwell,70,207
REP- State Senator 26th District,"Thetford Township, Precinct 2",Candice Miller,35,207
REP- State Senator 26th District,"Thetford Township, Precinct 2",James M. Graham,9,207
REP- State Senator 26th District,"Vienna Township, Precinct 1",Matthew Bierlein,151,207
REP- State Senator 26th District,"Vienna Township, Precinct 1",Gabriel Lossing,33,207
REP- State Senator 26th District,"Vienna Township, Precinct 1",Daltson Atwell,91,207
REP- State Senator 26th District,"Vienna Township, Precinct 1",Candice Miller,33,207
REP- State Senator 26th District,"Vienna Township, Precinct 1",James M. Graham,17,207
REP- State Senator 26th District,"Vienna Township, Precinct 2",Matthew Bierlein,147,207
REP- State Senator 26th District,"Vienna Township, Precinct 2",Gabriel Lossing,34,207
REP- State Senator 26th District,"Vienna Township, Precinct 2",Daltson Atwell,83,207
REP- State Senator 26th District,"Vienna Township, Precinct 2",Candice Miller,23,207
REP- State Senator 26th District,"Vienna Township, Precinct 2",James M. Graham,26,207
REP- State Senator 26th District,"Vienna Township, Precinct 3",Matthew Bierlein,106,207
REP- State Senator 26th District,"Vienna Township, Precinct 3",Gabriel Lossing,29,207
REP- State Senator 26th District,"Vienna Township, Precinct 3",Daltson Atwell,61,207
REP- State Senator 26th District,"Vienna Township, Precinct 3",Candice Miller,35,207
REP- State Senator 26th District,"Vienna Township, Precinct 3",James M. Graham,13,207
REP- State Senator 26th District,"Vienna Township, Precinct 4",Matthew Bierlein,88,207
REP- State Senator 26th District,"Vienna Township, Precinct 4",Gabriel Lossing,28,207
REP- State Senator 26th District,"Vienna Township, Precinct 4",Daltson Atwell,95,207
REP- State Senator 26th District,"Vienna Township, Precinct 4",Candice Miller,38,207
REP- State Senator 26th District,"Vienna Township, Precinct 4",James M. Graham,9,207
REP- State Senator 26th District,"Vienna Township, Precinct 5",Matthew Bierlein,94,207
REP- State Senator 26th District,"Vienna Township, Precinct 5",Gabriel Lossing,24,207
REP- State Senator 26th District,"Vienna Township, Precinct 5",Daltson Atwell,107,207
REP- State Senator 26th District,"Vienna Township, Precinct 5",Candice Miller,16,207
REP- State Senator 26th District,"Vienna Township, Precinct 5",James M. Graham,7,207
REP- State Senator 27th District,"City of Burton, Precinct 1",Bill Bain,31,296
REP- State Senator 27th District,"City of Burton, Precinct 1",Tammy Parillo,15,296
REP- State Senator 27th District,"City of Burton, Precinct 2",Bill Bain,143,296
REP- State Senator 27th District,"City of Burton, Precinct 2",Tammy Parillo,61,296
REP- State Senator 27th District,"City of Burton, Precinct 3",Bill Bain,183,296
REP- State Senator 27th District,"City of Burton, Precinct 3",Tammy Parillo,64,296
REP- State Senator 27th District,"City of Burton, Precinct 4",Bill Bain,181,296
REP- State Senator 27th District,"City of Burton, Precinct 4",Tammy Parillo,150,296
REP- State Senator 27th District,"City of Burton, Precinct 5",Bill Bain,52,296
REP- State Senator 27th District,"City of Burton, Precinct 5",Tammy Parillo,37,296
REP- State Senator 27th District,"City of Burton, Precinct 7",Bill Bain,77,296
REP- State Senator 27th District,"City of Burton, Precinct 7",Tammy Parillo,46,296
REP- State Senator 27th District,"Clayton Township, Precinct 1",Bill Bain,176,296
REP- State Senator 27th District,"Clayton Township, Precinct 1",Tammy Parillo,93,296
REP- State Senator 27th District,"Clayton Township, Precinct 2",Bill Bain,112,296
REP- State Senator 27th District,"Clayton Township, Precinct 2",Tammy Parillo,82,296
REP- State Senator 27th District,"Clayton Township, Precinct 3",Bill Bain,77,296
REP- State Senator 27th District,"Clayton Township, Precinct 3",Tammy Parillo,43,296
REP- State Senator 27th District,"Clayton Township, Precinct 4",Bill Bain,77,296
REP- State Senator 27th District,"Clayton Township, Precinct 4",Tammy Parillo,77,296
REP- State Senator 27th District,"City of Flint, Precinct 1",Bill Bain,8,296
REP- State Senator 27th District,"City of Flint, Precinct 1",Tammy Parillo,3,296
REP- State Senator 27th District,"City of Flint, Precinct 2",Bill Bain,8,296
REP- State Senator 27th District,"City of Flint, Precinct 2",Tammy Parillo,8,296
REP- State Senator 27th District,"City of Flint, Precinct 3",Bill Bain,0,296
REP- State Senator 27th District,"City of Flint, Precinct 3",Tammy Parillo,0,296
REP- State Senator 27th District,"City of Flint, Precinct 4",Bill Bain,1,296
REP- State Senator 27th District,"City of Flint, Precinct 4",Tammy Parillo,1,296
REP- State Senator 27th District,"City of Flint, Precinct 5",Bill Bain,8,296
REP- State Senator 27th District,"City of Flint, Precinct 5",Tammy Parillo,9,296
REP- State Senator 27th District,"City of Flint, Precinct 6",Bill Bain,4,296
REP- State Senator 27th District,"City of Flint, Precinct 6",Tammy Parillo,6,296
REP- State Senator 27th District,"City of Flint, Precinct 7",Bill Bain,1,296
REP- State Senator 27th District,"City of Flint, Precinct 7",Tammy Parillo,2,296
REP- State Senator 27th District,"City of Flint, Precinct 8",Bill Bain,2,296
REP- State Senator 27th District,"City of Flint, Precinct 8",Tammy Parillo,5,296
REP- State Senator 27th District,"City of Flint, Precinct 9",Bill Bain,8,296
REP- State Senator 27th District,"City of Flint, Precinct 9",Tammy Parillo,3,296
REP- State Senator 27th District,"City of Flint, Precinct 10",Bill Bain,43,296
REP- State Senator 27th District,"City of Flint, Precinct 10",Tammy Parillo,21,296
REP- State Senator 27th District,"City of Flint, Precinct 11",Bill Bain,49,296
REP- State Senator 27th District,"City of Flint, Precinct 11",Tammy Parillo,14,296
REP- State Senator 27th District,"City of Flint, Precinct 12",Bill Bain,94,296
REP- State Senator 27th District,"City of Flint, Precinct 12",Tammy Parillo,49,296
REP- State Senator 27th District,"City of Flint, Precinct 13",Bill Bain,2,296
REP- State Senator 27th District,"City of Flint, Precinct 13",Tammy Parillo,1,296
REP- State Senator 27th District,"City of Flint, Precinct 14",Bill Bain,12,296
REP- State Senator 27th District,"City of Flint, Precinct 14",Tammy Parillo,10,296
REP- State Senator 27th District,"City of Flint, Precinct 15",Bill Bain,39,296
REP- State Senator 27th District,"City of Flint, Precinct 15",Tammy Parillo,23,296
REP- State Senator 27th District,"City of Flint, Precinct 16",Bill Bain,32,296
REP- State Senator 27th District,"City of Flint, Precinct 16",Tammy Parillo,18,296
REP- State Senator 27th District,"City of Flint, Precinct 17",Bill Bain,63,296
REP- State Senator 27th District,"City of Flint, Precinct 17",Tammy Parillo,39,296
REP- State Senator 27th District,"City of Flint, Precinct 18",Bill Bain,9,296
REP- State Senator 27th District,"City of Flint, Precinct 18",Tammy Parillo,6,296
REP- State Senator 27th District,"City of Flint, Precinct 19",Bill Bain,2,296
REP- State Senator 27th District,"City of Flint, Precinct 19",Tammy Parillo,1,296
REP- State Senator 27th District,"City of Flint, Precinct 20",Bill Bain,33,296
REP- State Senator 27th District,"City of Flint, Precinct 20",Tammy Parillo,43,296
REP- State Senator 27th District,"City of Flint, Precinct 21",Bill Bain,29,296
REP- State Senator 27th District,"City of Flint, Precinct 21",Tammy Parillo,19,296
REP- State Senator 27th District,"City of Flint, Precinct 22",Bill Bain,4,296
REP- State Senator 27th District,"City of Flint, Precinct 22",Tammy Parillo,3,296
REP- State Senator 27th District,"City of Flint, Precinct 23",Bill Bain,57,296
REP- State Senator 27th District,"City of Flint, Precinct 23",Tammy Parillo,48,296
REP- State Senator 27th District,"City of Flint, Precinct 24",Bill Bain,59,296
REP- State Senator 27th District,"City of Flint, Precinct 24",Tammy Parillo,23,296
REP- State Senator 27th District,"City of Flint, Precinct 25",Bill Bain,3,296
REP- State Senator 27th District,"City of Flint, Precinct 25",Tammy Parillo,0,296
REP- State Senator 27th District,"City of Flint, Precinct 26",Bill Bain,18,296
REP- State Senator 27th District,"City of Flint, Precinct 26",Tammy Parillo,8,296
REP- State Senator 27th District,"City of Flint, Precinct 27",Bill Bain,2,296
REP- State Senator 27th District,"City of Flint, Precinct 27",Tammy Parillo,2,296
REP- State Senator 27th District,"City of Flint, Precinct 28",Bill Bain,27,296
REP- State Senator 27th District,"City of Flint, Precinct 28",Tammy Parillo,15,296
REP- State Senator 27th District,"City of Flint, Precinct 29",Bill Bain,54,296
REP- State Senator 27th District,"City of Flint, Precinct 29",Tammy Parillo,19,296
REP- State Senator 27th District,"Flint Township, Precinct 1",Bill Bain,105,296
REP- State Senator 27th District,"Flint Township, Precinct 1",Tammy Parillo,63,296
REP- State Senator 27th District,"Flint Township, Precinct 2",Bill Bain,66,296
REP- State Senator 27th District,"Flint Township, Precinct 2",Tammy Parillo,47,296
REP- State Senator 27th District,"Flint Township, Precinct 3",Bill Bain,203,296
REP- State Senator 27th District,"Flint Township, Precinct 3",Tammy Parillo,160,296
REP- State Senator 27th District,"Flint Township, Precinct 4",Bill Bain,55,296
REP- State Senator 27th District,"Flint Township, Precinct 4",Tammy Parillo,29,296
REP- State Senator 27th District,"Flint Township, Precinct 5",Bill Bain,114,296
REP- State Senator 27th District,"Flint Township, Precinct 5",Tammy Parillo,72,296
REP- State Senator 27th District,"Flint Township, Precinct 6",Bill Bain,36,296
REP- State Senator 27th District,"Flint Township, Precinct 6",Tammy Parillo,25,296
REP- State Senator 27th District,"Flint Township, Precinct 7",Bill Bain,66,296
REP- State Senator 27th District,"Flint Township, Precinct 7",Tammy Parillo,35,296
REP- State Senator 27th District,"Flint Township, Precinct 8",Bill Bain,218,296
REP- State Senator 27th District,"Flint Township, Precinct 8",Tammy Parillo,74,296
REP- State Senator 27th District,"City of Flushing, Precinct 1",Bill Bain,91,296
REP- State Senator 27th District,"City of Flushing, Precinct 1",Tammy Parillo,62,296
REP- State Senator 27th District,"City of Flushing, Precinct 2",Bill Bain,103,296
REP- State Senator 27th District,"City of Flushing, Precinct 2",Tammy Parillo,62,296
REP- State Senator 27th District,"City of Flushing, Precinct 3",Bill Bain,111,296
REP- State Senator 27th District,"City of Flushing, Precinct 3",Tammy Parillo,56,296
REP- State Senator 27th District,"City of Flushing, Precinct 4",Bill Bain,142,296
REP- State Senator 27th District,"City of Flushing, Precinct 4",Tammy Parillo,59,296
REP- State Senator 27th District,"Flushing Township, Precinct 1",Bill Bain,221,296
REP- State Senator 27th District,"Flushing Township, Precinct 1",Tammy Parillo,79,296
REP- State Senator 27th District,"Flushing Township, Precinct 2",Bill Bain,142,296
REP- State Senator 27th District,"Flushing Township, Precinct 2",Tammy Parillo,62,296
REP- State Senator 27th District,"Flushing Township, Precinct 3",Bill Bain,219,296
REP- State Senator 27th District,"Flushing Township, Precinct 3",Tammy Parillo,117,296
REP- State Senator 27th District,"Flushing Township, Precinct 4",Bill Bain,165,296
REP- State Senator 27th District,"Flushing Township, Precinct 4",Tammy Parillo,71,296
REP- State Senator 27th District,"Gaines Township, Precinct 1",Bill Bain,237,296
REP- State Senator 27th District,"Gaines Township, Precinct 1",Tammy Parillo,129,296
REP- State Senator 27th District,"Gaines Township, Precinct 2",Bill Bain,130,296
REP- State Senator 27th District,"Gaines Township, Precinct 2",Tammy Parillo,45,296
REP- State Senator 27th District,"Gaines Township, Precinct 3",Bill Bain,160,296
REP- State Senator 27th District,"Gaines Township, Precinct 3",Tammy Parillo,98,296
REP- State Senator 27th District,"City of Grand Blanc, Precinct 1",Bill Bain,211,296
REP- State Senator 27th District,"City of Grand Blanc, Precinct 1",Tammy Parillo,115,296
REP- State Senator 27th District,"City of Grand Blanc, Precinct 2",Bill Bain,177,296
REP- State Senator 27th District,"City of Grand Blanc, Precinct 2",Tammy Parillo,122,296
REP- State Senator 27th District,"Grand Blanc Township, Precinct 1",Bill Bain,159,296
REP- State Senator 27th District,"Grand Blanc Township, Precinct 1",Tammy Parillo,86,296
REP- State Senator 27th District,"Grand Blanc Township, Precinct 2",Bill Bain,62,296
REP- State Senator 27th District,"Grand Blanc Township, Precinct 2",Tammy Parillo,48,296
REP- State Senator 27th District,"Grand Blanc Township, Precinct 3",Bill Bain,270,296
REP- State Senator 27th District,"Grand Blanc Township, Precinct 3",Tammy Parillo,103,296
REP- State Senator 27th District,"Grand Blanc Township, Precinct 4",Bill Bain,211,296
REP- State Senator 27th District,"Grand Blanc Township, Precinct 4",Tammy Parillo,158,296
REP- State Senator 27th District,"Grand Blanc Township, Precinct 5",Bill Bain,198,296
REP- State Senator 27th District,"Grand Blanc Township, Precinct 5",Tammy Parillo,106,296
REP- State Senator 27th District,"Grand Blanc Township, Precinct 6",Bill Bain,158,296
REP- State Senator 27th District,"Grand Blanc Township, Precinct 6",Tammy Parillo,129,296
REP- State Senator 27th District,"Grand Blanc Township, Precinct 7",Bill Bain,250,296
REP- State Senator 27th District,"Grand Blanc Township, Precinct 7",Tammy Parillo,141,296
REP- State Senator 27th District,"Grand Blanc Township, Precinct 8",Bill Bain,255,296
REP- State Senator 27th District,"Grand Blanc Township, Precinct 8",Tammy Parillo,157,296
REP- State Senator 27th District,"Grand Blanc Township, Precinct 9",Bill Bain,149,296
REP- State Senator 27th District,"Grand Blanc Township, Precinct 9",Tammy Parillo,74,296
REP- State Senator 27th District,"Grand Blanc Township, Precinct 10",Bill Bain,84,296
REP- State Senator 27th District,"Grand Blanc Township, Precinct 10",Tammy Parillo,56,296
REP- State Senator 27th District,"City of Mount Morris, Precinct 1",Bill Bain,55,296
REP- State Senator 27th District,"City of Mount Morris, Precinct 1",Tammy Parillo,35,296
REP- State Senator 27th District,"Mount Morris Township, Precinct 1",Bill Bain,31,296
REP- State Senator 27th District,"Mount Morris Township, Precinct 1",Tammy Parillo,19,296
REP- State Senator 27th District,"Mount Morris Township, Precinct 2",Bill Bain,102,296
REP- State Senator 27th District,"Mount Morris Township, Precinct 2",Tammy Parillo,36,296
REP- State Senator 27th District,"Mount Morris Township, Precinct 3",Bill Bain,76,296
REP- State Senator 27th District,"Mount Morris Township, Precinct 3",Tammy Parillo,29,296
REP- State Senator 27th District,"Mount Morris Township, Precinct 4",Bill Bain,104,296
REP- State Senator 27th District,"Mount Morris Township, Precinct 4",Tammy Parillo,56,296
REP- State Senator 27th District,"Mount Morris Township, Precinct 5",Bill Bain,42,296
REP- State Senator 27th District,"Mount Morris Township, Precinct 5",Tammy Parillo,16,296
REP- State Senator 27th District,"Mount Morris Township, Precinct 6",Bill Bain,34,296
REP- State Senator 27th District,"Mount Morris Township, Precinct 6",Tammy Parillo,7,296
REP- State Senator 27th District,"Mount Morris Township, Precinct 7",Bill Bain,12,296
REP- State Senator 27th District,"Mount Morris Township, Precinct 7",Tammy Parillo,9,296
REP- State Senator 27th District,"Mount Morris Township, Precinct 8",Bill Bain,14,296
REP- State Senator 27th District,"Mount Morris Township, Precinct 8",Tammy Parillo,7,296
REP- State Senator 27th District,"Mount Morris Township, Precinct 9",Bill Bain,11,296
REP- State Senator 27th District,"Mount Morris Township, Precinct 9",Tammy Parillo,8,296
REP- State Senator 27th District,"Mount Morris Township, Precinct 10",Bill Bain,8,296
REP- State Senator 27th District,"Mount Morris Township, Precinct 10",Tammy Parillo,1,296
REP- State Senator 27th District,"Mundy Township, Precinct 1",Bill Bain,193,296
REP- State Senator 27th District,"Mundy Township, Precinct 1",Tammy Parillo,114,296
REP- State Senator 27th District,"Mundy Township, Precinct 2",Bill Bain,121,296
REP- State Senator 27th District,"Mundy Township, Precinct 2",Tammy Parillo,64,296
REP- State Senator 27th District,"Mundy Township, Precinct 3",Bill Bain,201,296
REP- State Senator 27th District,"Mundy Township, Precinct 3",Tammy Parillo,121,296
REP- State Senator 27th District,"Mundy Township, Precinct 4",Bill Bain,143,296
REP- State Senator 27th District,"Mundy Township, Precinct 4",Tammy Parillo,80,296
REP- State Senator 27th District,"Mundy Township, Precinct 5",Bill Bain,121,296
REP- State Senator 27th District,"Mundy Township, Precinct 5",Tammy Parillo,65,296
REP- State Senator 27th District,"Mundy Township, Precinct 6",Bill Bain,109,296
REP- State Senator 27th District,"Mundy Township, Precinct 6",Tammy Parillo,69,296
REP- State Senator 27th District,"Mundy Township, Precinct 7",Bill Bain,117,296
REP- State Senator 27th District,"Mundy Township, Precinct 7",Tammy Parillo,42,296
REP- State Senator 27th District,"City of Swartz Creek, Precinct 1",Bill Bain,76,296
REP- State Senator 27th District,"City of Swartz Creek, Precinct 1",Tammy Parillo,49,296
REP- State Senator 27th District,"City of Swartz Creek, Precinct 2",Bill Bain,55,296
REP- State Senator 27th District,"City of Swartz Creek, Precinct 2",Tammy Parillo,40,296
REP- State Senator 27th District,"City of Swartz Creek, Precinct 3",Bill Bain,70,296
REP- State Senator 27th District,"City of Swartz Creek, Precinct 3",Tammy Parillo,27,296
REP- State Senator 27th District,"City of Swartz Creek, Precinct 4",Bill Bain,108,296
REP- State Senator 27th District,"City of Swartz Creek, Precinct 4",Tammy Parillo,78,296
REP- Representative in State Legislature 67th District,"Forest Township, Precinct 1",Phil Green,535,206
REP- Representative in State Legislature 67th District,"Forest Township, Precinct 1",Sherri J. Cross,128,206
REP- Representative in State Legislature 67th District,"Genesee Township, Precinct 1",Phil Green,134,206
REP- Representative in State Legislature 67th District,"Genesee Township, Precinct 1",Sherri J. Cross,51,206
REP- Representative in State Legislature 67th District,"Genesee Township, Precinct 2",Phil Green,18,206
REP- Representative in State Legislature 67th District,"Genesee Township, Precinct 2",Sherri J. Cross,10,206
REP- Representative in State Legislature 67th District,"Genesee Township, Precinct 3",Phil Green,182,206
REP- Representative in State Legislature 67th District,"Genesee Township, Precinct 3",Sherri J. Cross,46,206
REP- Representative in State Legislature 67th District,"Genesee Township, Precinct 4",Phil Green,169,206
REP- Representative in State Legislature 67th District,"Genesee Township, Precinct 4",Sherri J. Cross,58,206
REP- Representative in State Legislature 67th District,"Genesee Township, Precinct 5",Phil Green,192,206
REP- Representative in State Legislature 67th District,"Genesee Township, Precinct 5",Sherri J. Cross,49,206
REP- Representative in State Legislature 67th District,"Genesee Township, Precinct 6",Phil Green,135,206
REP- Representative in State Legislature 67th District,"Genesee Township, Precinct 6",Sherri J. Cross,56,206
REP- Representative in State Legislature 67th District,"Richfield Township, Precinct 1",Phil Green,547,206
REP- Representative in State Legislature 67th District,"Richfield Township, Precinct 1",Sherri J. Cross,105,206
REP- Representative in State Legislature 67th District,"Richfield Township, Precinct 2",Phil Green,284,206
REP- Representative in State Legislature 67th District,"Richfield Township, Precinct 2",Sherri J. Cross,61,206
REP- Representative in State Legislature 67th District,"Thetford Township, Precinct 1",Phil Green,239,206
REP- Representative in State Legislature 67th District,"Thetford Township, Precinct 1",Sherri J. Cross,50,206
REP- Representative in State Legislature 67th District,"Thetford Township, Precinct 2",Phil Green,241,206
REP- Representative in State Legislature 67th District,"Thetford Township, Precinct 2",Sherri J. Cross,64,206
REP- Representative in State Legislature 68th District,"Atlas Township, Precinct 1",David W. Martin,405,147
REP- Representative in State Legislature 68th District,"Atlas Township, Precinct 2",David W. Martin,216,147
REP- Representative in State Legislature 68th District,"Atlas Township, Precinct 3",David W. Martin,471,147
REP- Representative in State Legislature 68th District,"City of Burton, Precinct 2",David W. Martin,197,147
REP- Representative in State Legislature 68th District,"City of Burton, Precinct 3",David W. Martin,224,147
REP- Representative in State Legislature 68th District,"City of Burton, Precinct 4",David W. Martin,341,147
REP- Representative in State Legislature 68th District,"City of Burton, Precinct 5",David W. Martin,305,147
REP- Representative in State Legislature 68th District,"City of Burton, Precinct 6",David W. Martin,213,147
REP- Representative in State Legislature 68th District,"City of Burton, Precinct 7",David W. Martin,301,147
REP- Representative in State Legislature 68th District,"City of Davison, Precinct 1",David W. Martin,200,147
REP- Representative in State Legislature 68th District,"City of Davison, Precinct 2",David W. Martin,195,147
REP- Representative in State Legislature 68th District,"Davison Township, Precinct 1",David W. Martin,276,147
REP- Representative in State Legislature 68th District,"Davison Township, Precinct 2",David W. Martin,281,147
REP- Representative in State Legislature 68th District,"Davison Township, Precinct 3",David W. Martin,237,147
REP- Representative in State Legislature 68th District,"Davison Township, Precinct 4",David W. Martin,248,147
REP- Representative in State Legislature 68th District,"Davison Township, Precinct 5",David W. Martin,112,147
REP- Representative in State Legislature 68th District,"Davison Township, Precinct 6",David W. Martin,169,147
REP- Representative in State Legislature 68th District,"Davison Township, Precinct 7",David W. Martin,245,147
REP- Representative in State Legislature 68th District,"Davison Township, Precinct 8",David W. Martin,372,147
REP- Representative in State Legislature 68th District,"Genesee Township, Precinct 7",David W. Martin,179,147
REP- Representative in State Legislature 68th District,"City of Grand Blanc, Precinct 1",David W. Martin,325,147
REP- Representative in State Legislature 68th District,"City of Grand Blanc, Precinct 2",David W. Martin,297,147
REP- Representative in State Legislature 68th District,"Grand Blanc Township, Precinct 4",David W. Martin,376,147
REP- Representative in State Legislature 68th District,"Grand Blanc Township, Precinct 5",David W. Martin,316,147
REP- Representative in State Legislature 68th District,"Grand Blanc Township, Precinct 6",David W. Martin,295,147
REP- Representative in State Legislature 68th District,"Grand Blanc Township, Precinct 7",David W. Martin,394,147
REP- Representative in State Legislature 70th District,"City of Burton, Precinct 1",Larry Hutchinson,31,334
REP- Representative in State Legislature 70th District,"City of Burton, Precinct 1",Rob Waskoviak,13,334
REP- Representative in State Legislature 70th District,"City of Flint, Precinct 1",Larry Hutchinson,7,334
REP- Representative in State Legislature 70th District,"City of Flint, Precinct 1",Rob Waskoviak,3,334
REP- Representative in State Legislature 70th District,"City of Flint, Precinct 2",Larry Hutchinson,12,334
REP- Representative in State Legislature 70th District,"City of Flint, Precinct 2",Rob Waskoviak,5,334
REP- Representative in State Legislature 70th District,"City of Flint, Precinct 3",Larry Hutchinson,0,334
REP- Representative in State Legislature 70th District,"City of Flint, Precinct 3",Rob Waskoviak,0,334
REP- Representative in State Legislature 70th District,"City of Flint, Precinct 4",Larry Hutchinson,2,334
REP- Representative in State Legislature 70th District,"City of Flint, Precinct 4",Rob Waskoviak,0,334
REP- Representative in State Legislature 70th District,"City of Flint, Precinct 5",Larry Hutchinson,11,334
REP- Representative in State Legislature 70th District,"City of Flint, Precinct 5",Rob Waskoviak,6,334
REP- Representative in State Legislature 70th District,"City of Flint, Precinct 6",Larry Hutchinson,7,334
REP- Representative in State Legislature 70th District,"City of Flint, Precinct 6",Rob Waskoviak,3,334
REP- Representative in State Legislature 70th District,"City of Flint, Precinct 7",Larry Hutchinson,2,334
REP- Representative in State Legislature 70th District,"City of Flint, Precinct 7",Rob Waskoviak,1,334
REP- Representative in State Legislature 70th District,"City of Flint, Precinct 8",Larry Hutchinson,5,334
REP- Representative in State Legislature 70th District,"City of Flint, Precinct 8",Rob Waskoviak,1,334
REP- Representative in State Legislature 70th District,"City of Flint, Precinct 9",Larry Hutchinson,8,334
REP- Representative in State Legislature 70th District,"City of Flint, Precinct 9",Rob Waskoviak,3,334
REP- Representative in State Legislature 70th District,"City of Flint, Precinct 10",Larry Hutchinson,41,334
REP- Representative in State Legislature 70th District,"City of Flint, Precinct 10",Rob Waskoviak,22,334
REP- Representative in State Legislature 70th District,"City of Flint, Precinct 11",Larry Hutchinson,38,334
REP- Representative in State Legislature 70th District,"City of Flint, Precinct 11",Rob Waskoviak,23,334
REP- Representative in State Legislature 70th District,"City of Flint, Precinct 12",Larry Hutchinson,84,334
REP- Representative in State Legislature 70th District,"City of Flint, Precinct 12",Rob Waskoviak,56,334
REP- Representative in State Legislature 70th District,"City of Flint, Precinct 13",Larry Hutchinson,2,334
REP- Representative in State Legislature 70th District,"City of Flint, Precinct 13",Rob Waskoviak,1,334
REP- Representative in State Legislature 70th District,"City of Flint, Precinct 14",Larry Hutchinson,16,334
REP- Representative in State Legislature 70th District,"City of Flint, Precinct 14",Rob Waskoviak,6,334
REP- Representative in State Legislature 70th District,"City of Flint, Precinct 15",Larry Hutchinson,29,334
REP- Representative in State Legislature 70th District,"City of Flint, Precinct 15",Rob Waskoviak,32,334
REP- Representative in State Legislature 70th District,"City of Flint, Precinct 16",Larry Hutchinson,29,334
REP- Representative in State Legislature 70th District,"City of Flint, Precinct 16",Rob Waskoviak,19,334
REP- Representative in State Legislature 70th District,"City of Flint, Precinct 17",Larry Hutchinson,58,334
REP- Representative in State Legislature 70th District,"City of Flint, Precinct 17",Rob Waskoviak,41,334
REP- Representative in State Legislature 70th District,"City of Flint, Precinct 18",Larry Hutchinson,8,334
REP- Representative in State Legislature 70th District,"City of Flint, Precinct 18",Rob Waskoviak,7,334
REP- Representative in State Legislature 70th District,"City of Flint, Precinct 19",Larry Hutchinson,2,334
REP- Representative in State Legislature 70th District,"City of Flint, Precinct 19",Rob Waskoviak,1,334
REP- Representative in State Legislature 70th District,"City of Flint, Precinct 20",Larry Hutchinson,39,334
REP- Representative in State Legislature 70th District,"City of Flint, Precinct 20",Rob Waskoviak,38,334
REP- Representative in State Legislature 70th District,"City of Flint, Precinct 21",Larry Hutchinson,22,334
REP- Representative in State Legislature 70th District,"City of Flint, Precinct 21",Rob Waskoviak,25,334
REP- Representative in State Legislature 70th District,"City of Flint, Precinct 22",Larry Hutchinson,6,334
REP- Representative in State Legislature 70th District,"City of Flint, Precinct 22",Rob Waskoviak,1,334
REP- Representative in State Legislature 70th District,"City of Flint, Precinct 23",Larry Hutchinson,50,334
REP- Representative in State Legislature 70th District,"City of Flint, Precinct 23",Rob Waskoviak,47,334
REP- Representative in State Legislature 70th District,"City of Flint, Precinct 24",Larry Hutchinson,45,334
REP- Representative in State Legislature 70th District,"City of Flint, Precinct 24",Rob Waskoviak,33,334
REP- Representative in State Legislature 70th District,"City of Flint, Precinct 25",Larry Hutchinson,1,334
REP- Representative in State Legislature 70th District,"City of Flint, Precinct 25",Rob Waskoviak,1,334
REP- Representative in State Legislature 70th District,"City of Flint, Precinct 26",Larry Hutchinson,14,334
REP- Representative in State Legislature 70th District,"City of Flint, Precinct 26",Rob Waskoviak,10,334
REP- Representative in State Legislature 70th District,"City of Flint, Precinct 27",Larry Hutchinson,4,334
REP- Representative in State Legislature 70th District,"City of Flint, Precinct 27",Rob Waskoviak,0,334
REP- Representative in State Legislature 70th District,"City of Flint, Precinct 28",Larry Hutchinson,28,334
REP- Representative in State Legislature 70th District,"City of Flint, Precinct 28",Rob Waskoviak,16,334
REP- Representative in State Legislature 70th District,"City of Flint, Precinct 29",Larry Hutchinson,46,334
REP- Representative in State Legislature 70th District,"City of Flint, Precinct 29",Rob Waskoviak,27,334
REP- Representative in State Legislature 70th District,"Flint Township, Precinct 6",Larry Hutchinson,39,334
REP- Representative in State Legislature 70th District,"Flint Township, Precinct 6",Rob Waskoviak,18,334
REP- Representative in State Legislature 70th District,"Flint Township, Precinct 7",Larry Hutchinson,2,334
REP- Representative in State Legislature 70th District,"Flint Township, Precinct 7",Rob Waskoviak,0,334
REP- Representative in State Legislature 70th District,"Flint Township, Precinct 8",Larry Hutchinson,179,334
REP- Representative in State Legislature 70th District,"Flint Township, Precinct 8",Rob Waskoviak,101,334
REP- Representative in State Legislature 70th District,"Mundy Township, Precinct 2",Larry Hutchinson,5,334
REP- Representative in State Legislature 70th District,"Mundy Township, Precinct 2",Rob Waskoviak,3,334
REP- Representative in State Legislature 69th District,"Clayton Township, Precinct 1",Patrick Duvendeck,255,73
REP- Representative in State Legislature 69th District,"Clayton Township, Precinct 2",Patrick Duvendeck,175,73
REP- Representative in State Legislature 69th District,"Clayton Township, Precinct 3",Patrick Duvendeck,100,73
REP- Representative in State Legislature 69th District,"Clayton Township, Precinct 4",Patrick Duvendeck,142,73
REP- Representative in State Legislature 69th District,"City of Clio, Precinct 1",Patrick Duvendeck,149,73
REP- Representative in State Legislature 69th District,"Flint Township, Precinct 1",Patrick Duvendeck,150,73
REP- Representative in State Legislature 69th District,"Flint Township, Precinct 2",Patrick Duvendeck,104,73
REP- Representative in State Legislature 69th District,"Flint Township, Precinct 3",Patrick Duvendeck,335,73
REP- Representative in State Legislature 69th District,"Flint Township, Precinct 4",Patrick Duvendeck,68,73
REP- Representative in State Legislature 69th District,"Flint Township, Precinct 5",Patrick Duvendeck,174,73
REP- Representative in State Legislature 69th District,"Flint Township, Precinct 7",Patrick Duvendeck,93,73
REP- Representative in State Legislature 69th District,"City of Flushing, Precinct 1",Patrick Duvendeck,137,73
REP- Representative in State Legislature 69th District,"City of Flushing, Precinct 2",Patrick Duvendeck,147,73
REP- Representative in State Legislature 69th District,"City of Flushing, Precinct 3",Patrick Duvendeck,160,73
REP- Representative in State Legislature 69th District,"City of Flushing, Precinct 4",Patrick Duvendeck,182,73
REP- Representative in State Legislature 69th District,"Flushing Township, Precinct 1",Patrick Duvendeck,273,73
REP- Representative in State Legislature 69th District,"Flushing Township, Precinct 2",Patrick Duvendeck,178,73
REP- Representative in State Legislature 69th District,"Flushing Township, Precinct 3",Patrick Duvendeck,310,73
REP- Representative in State Legislature 69th District,"Flushing Township, Precinct 4",Patrick Duvendeck,220,73
REP- Representative in State Legislature 69th District,"City of Montrose, Precinct 1",Patrick Duvendeck,97,73
REP- Representative in State Legislature 69th District,"Montrose Township, Precinct 1",Patrick Duvendeck,107,73
REP- Representative in State Legislature 69th District,"Montrose Township, Precinct 4",Patrick Duvendeck,166,73
REP- Representative in State Legislature 69th District,"City of Mount Morris, Precinct 1",Patrick Duvendeck,91,73
REP- Representative in State Legislature 69th District,"Mount Morris Township, Precinct 1",Patrick Duvendeck,50,73
REP- Representative in State Legislature 69th District,"Mount Morris Township, Precinct 2",Patrick Duvendeck,134,73
REP- Representative in State Legislature 69th District,"Mount Morris Township, Precinct 3",Patrick Duvendeck,96,73
REP- Representative in State Legislature 69th District,"Mount Morris Township, Precinct 4",Patrick Duvendeck,148,73
REP- Representative in State Legislature 69th District,"Mount Morris Township, Precinct 5",Patrick Duvendeck,52,73
REP- Representative in State Legislature 69th District,"Mount Morris Township, Precinct 6",Patrick Duvendeck,36,73
REP- Representative in State Legislature 69th District,"Mount Morris Township, Precinct 7",Patrick Duvendeck,19,73
REP- Representative in State Legislature 69th District,"Mount Morris Township, Precinct 8",Patrick Duvendeck,20,73
REP- Representative in State Legislature 69th District,"Mount Morris Township, Precinct 9",Patrick Duvendeck,20,73
REP- Representative in State Legislature 69th District,"Mount Morris Township, Precinct 10",Patrick Duvendeck,9,73
REP- Representative in State Legislature 69th District,"City of Swartz Creek, Precinct 2",Patrick Duvendeck,88,73
REP- Representative in State Legislature 69th District,"City of Swartz Creek, Precinct 3",Patrick Duvendeck,90,73
REP- Representative in State Legislature 69th District,"City of Swartz Creek, Precinct 4",Patrick Duvendeck,176,73
REP- Representative in State Legislature 69th District,"Vienna Township, Precinct 1",Patrick Duvendeck,277,73
REP- Representative in State Legislature 69th District,"Vienna Township, Precinct 4",Patrick Duvendeck,220,73
REP- Representative in State Legislature 71st District,"Argentine Township, Precinct 1",Brian BeGole,378,301
REP- Representative in State Legislature 71st District,"Argentine Township, Precinct 2",Brian BeGole,295,301
REP- Representative in State Legislature 71st District,"Argentine Township, Precinct 3",Brian BeGole,98,301
REP- Representative in State Legislature 71st District,"Gaines Township, Precinct 1",Brian BeGole,367,301
REP- Representative in State Legislature 71st District,"Gaines Township, Precinct 2",Brian BeGole,171,301
REP- Representative in State Legislature 71st District,"Gaines Township, Precinct 3",Brian BeGole,257,301
REP- Representative in State Legislature 71st District,"Mundy Township, Precinct 2",Brian BeGole,2,301
REP- Representative in State Legislature 71st District,"Mundy Township, Precinct 3",Brian BeGole,307,301
REP- Representative in State Legislature 71st District,"Mundy Township, Precinct 4",Brian BeGole,214,301
REP- Representative in State Legislature 71st District,"Mundy Township, Precinct 5",Brian BeGole,178,301
REP- Representative in State Legislature 71st District,"Mundy Township, Precinct 6",Brian BeGole,172,301
REP- Representative in State Legislature 71st District,"City of Swartz Creek, Precinct 1",Brian BeGole,122,301
REP- Representative in State Legislature 72nd District,"City of Fenton, Precinct 1",Mike Mueller,177,21
REP- Representative in State Legislature 72nd District,"City of Fenton, Precinct 2",Mike Mueller,360,21
REP- Representative in State Legislature 72nd District,"City of Fenton, Precinct 3",Mike Mueller,310,21
REP- Representative in State Legislature 72nd District,"Fenton Township, Precinct 1",Mike Mueller,384,21
REP- Representative in State Legislature 72nd District,"Fenton Township, Precinct 2",Mike Mueller,419,21
REP- Representative in State Legislature 72nd District,"Fenton Township, Precinct 3",Mike Mueller,412,21
REP- Representative in State Legislature 72nd District,"Fenton Township, Precinct 4",Mike Mueller,370,21
REP- Representative in State Legislature 72nd District,"Fenton Township, Precinct 5",Mike Mueller,361,21
REP- Representative in State Legislature 72nd District,"Fenton Township, Precinct 6",Mike Mueller,406,21
REP- Representative in State Legislature 72nd District,"Grand Blanc Township, Precinct 1",Mike Mueller,239,21
REP- Representative in State Legislature 72nd District,"Grand Blanc Township, Precinct 2",Mike Mueller,103,21
REP- Representative in State Legislature 72nd District,"Grand Blanc Township, Precinct 3",Mike Mueller,366,21
REP- Representative in State Legislature 72nd District,"Grand Blanc Township, Precinct 8",Mike Mueller,423,21
REP- Representative in State Legislature 72nd District,"Grand Blanc Township, Precinct 9",Mike Mueller,219,21
REP- Representative in State Legislature 72nd District,"Grand Blanc Township, Precinct 10",Mike Mueller,141,21
REP- Representative in State Legislature 72nd District,"City of Linden, Precinct 1",Mike Mueller,540,21
REP- Representative in State Legislature 72nd District,"Mundy Township, Precinct 1",Mike Mueller,308,21
REP- Representative in State Legislature 72nd District,"Mundy Township, Precinct 2",Mike Mueller,176,21
REP- Representative in State Legislature 72nd District,"Mundy Township, Precinct 5",Mike Mueller,2,21
REP- Representative in State Legislature 72nd District,"Mundy Township, Precinct 7",Mike Mueller,155,21
REP- Representative in State Legislature 97th District,"Montrose Township, Precinct 2",Briar Bearss,69,103
REP- Representative in State Legislature 97th District,"Montrose Township, Precinct 2",Mark Piotrowski,38,103
REP- Representative in State Legislature 97th District,"Montrose Township, Precinct 3",Briar Bearss,93,103
REP- Representative in State Legislature 97th District,"Montrose Township, Precinct 3",Mark Piotrowski,65,103
REP- Representative in State Legislature 97th District,"Vienna Township, Precinct 2",Briar Bearss,205,103
REP- Representative in State Legislature 97th District,"Vienna Township, Precinct 2",Mark Piotrowski,100,103
REP- Representative in State Legislature 97th District,"Vienna Township, Precinct 3",Briar Bearss,146,103
REP- Representative in State Legislature 97th District,"Vienna Township, Precinct 3",Mark Piotrowski,94,103
REP- Representative in State Legislature 97th District,"Vienna Township, Precinct 5",Briar Bearss,163,103
REP- Representative in State Legislature 97th District,"Vienna Township, Precinct 5",Mark Piotrowski,73,103
REP- Gaines Township Clerk Partial Term Ending 11/20/2028,"Gaines Township, Precinct 1",Michael VanDusen,340,211
REP- Gaines Township Clerk Partial Term Ending 11/20/2028,"Gaines Township, Precinct 2",Michael VanDusen,157,211
REP- Gaines Township Clerk Partial Term Ending 11/20/2028,"Gaines Township, Precinct 3",Michael VanDusen,244,211
REP- Gaines Township Trustee Partial Term Ending 11/20/2028,"Gaines Township, Precinct 1",Danny Waid,327,60
REP- Gaines Township Trustee Partial Term Ending 11/20/2028,"Gaines Township, Precinct 2",Danny Waid,145,60
REP- Gaines Township Trustee Partial Term Ending 11/20/2028,"Gaines Township, Precinct 3",Danny Waid,236,60
REP- Grand Blanc Township Trustee Partial Term Ending 11/20/2028,"Grand Blanc Township, Precinct 1",Kotie Besser,224,318
REP- Grand Blanc Township Trustee Partial Term Ending 11/20/2028,"Grand Blanc Township, Precinct 2",Kotie Besser,94,318
REP- Grand Blanc Township Trustee Partial Term Ending 11/20/2028,"Grand Blanc Township, Precinct 3",Kotie Besser,347,318
REP- Grand Blanc Township Trustee Partial Term Ending 11/20/2028,"Grand Blanc Township, Precinct 4",Kotie Besser,346,318
REP- Grand Blanc Township Trustee Partial Term Ending 11/20/2028,"Grand Blanc Township, Precinct 5",Kotie Besser,292,318
REP- Grand Blanc Township Trustee Partial Term Ending 11/20/2028,"Grand Blanc Township, Precinct 6",Kotie Besser,265,318
REP- Grand Blanc Township Trustee Partial Term Ending 11/20/2028,"Grand Blanc Township, Precinct 7",Kotie Besser,376,318
REP- Grand Blanc Township Trustee Partial Term Ending 11/20/2028,"Grand Blanc Township, Precinct 8",Kotie Besser,371,318
REP- Grand Blanc Township Trustee Partial Term Ending 11/20/2028,"Grand Blanc Township, Precinct 9",Kotie Besser,209,318
REP- Grand Blanc Township Trustee Partial Term Ending 11/20/2028,"Grand Blanc Township, Precinct 10",Kotie Besser,134,318
REP- Thetford Township Trustee Partial Term Ending 11/20/2028,"Thetford Township, Precinct 1",John Congdon,253,162
REP- Thetford Township Trustee Partial Term Ending 11/20/2028,"Thetford Township, Precinct 2",John Congdon,259,162
REP- Vienna Township Clerk Partial Term Ending 11/20/2028,"Vienna Township, Precinct 1",Anthony Vettese,274,34
REP- Vienna Township Clerk Partial Term Ending 11/20/2028,"Vienna Township, Precinct 2",Anthony Vettese,236,34
REP- Vienna Township Clerk Partial Term Ending 11/20/2028,"Vienna Township, Precinct 3",Anthony Vettese,207,34
REP- Vienna Township Clerk Partial Term Ending 11/20/2028,"Vienna Township, Precinct 4",Anthony Vettese,208,34
REP- Vienna Township Clerk Partial Term Ending 11/20/2028,"Vienna Township, Precinct 5",Anthony Vettese,189,34
"REP- Delegate to County Convention, Argentine Twp. Pct 2","Argentine Township, Precinct 2",Cherie Talley-Misale,264,175
"REP- Delegate to County Convention, Atlas Twp. Pct 1","Atlas Township, Precinct 1",James F. Busch,374,294
"REP- Delegate to County Convention, Atlas Twp. Pct 3","Atlas Township, Precinct 3",Patrick Mieczkowski,314,48
"REP- Delegate to County Convention, Atlas Twp. Pct 3","Atlas Township, Precinct 3",Jay A. Fedewa,312,48
"REP- Delegate to County Convention, Atlas Twp. Pct 3","Atlas Township, Precinct 3",Mary A. Webb,299,48
"REP- Delegate to County Convention, Atlas Twp. Pct 3","Atlas Township, Precinct 3",Lorie Mieczkowski,295,48
"REP- Delegate to County Convention, City of Burton Pct 1","City of Burton, Precinct 1",Deborah S. Hoss,44,149
"REP- Delegate to County Convention, City of Burton Pct 3","City of Burton, Precinct 3",Charles T. Loader Jr.,206,178
"REP- Delegate to County Convention, City of Burton Pct 4","City of Burton, Precinct 4",Kevin J. Wilcox,205,156
"REP- Delegate to County Convention, City of Burton Pct 4","City of Burton, Precinct 4",Kenneth Snyder,180,156
"REP- Delegate to County Convention, City of Burton Pct 4","City of Burton, Precinct 4",Vanessa C. Ferguson,179,156
"REP- Delegate to County Convention, City of Burton Pct 4","City of Burton, Precinct 4",April Snyder,159,156
"REP- Delegate to County Convention, City of Burton Pct 4","City of Burton, Precinct 4",Katharine Keller,153,156
"REP- Delegate to County Convention, City of Burton Pct 4","City of Burton, Precinct 4",Alyssa Snyder,149,156
"REP- Delegate to County Convention, City of Burton Pct 6","City of Burton, Precinct 6",Matthew Thomas Bigler,157,231
"REP- Delegate to County Convention, City of Burton Pct 6","City of Burton, Precinct 6",Brooke L. Boyer,122,231
"REP- Delegate to County Convention, City of Burton Pct 6","City of Burton, Precinct 6",Phillip Jobin,116,231
"REP- Delegate to County Convention, City of Burton Pct 6","City of Burton, Precinct 6",Sandra Jobin,110,231
"REP- Delegate to County Convention, City of Burton Pct 7","City of Burton, Precinct 7",Anne Redmond,258,26
"REP- Delegate to County Convention, Clayton Twp. Pct 1","Clayton Township, Precinct 1",Thomas E. Root,238,86
"REP- Delegate to County Convention, Clayton Twp. Pct 2","Clayton Township, Precinct 2",Jody Cramer,133,117
"REP- Delegate to County Convention, Clayton Twp. Pct 2","Clayton Township, Precinct 2",Collin Diekman,125,117
"REP- Delegate to County Convention, Clayton Twp. Pct 4","Clayton Township, Precinct 4",Joan M. George,111,133
"REP- Delegate to County Convention, Clayton Twp. Pct 4","Clayton Township, Precinct 4",Jon Mieczkowski,100,133
"REP- Delegate to County Convention, Clayton Twp. Pct 4","Clayton Township, Precinct 4",Bethany Mieczkowski,91,133
"REP- Delegate to County Convention, City of Davison Pct 1","City of Davison, Precinct 1",Curtis M. Fletemier,174,9
"REP- Delegate to County Convention, City of Davison Pct 2","City of Davison, Precinct 2",Grace Martin,131,210
"REP- Delegate to County Convention, City of Davison Pct 2","City of Davison, Precinct 2",Erika Glasco,122,210
"REP- Delegate to County Convention, Davison Twp. Pct 1","Davison Township, Precinct 1",Robert Malcomnson,244,122
"REP- Delegate to County Convention, Davison Twp. Pct 2","Davison Township, Precinct 2",Marilyn M. Alvey,250,290
"REP- Delegate to County Convention, Davison Twp. Pct 4","Davison Township, Precinct 4",Therese Paivarinta,210,32
"REP- Delegate to County Convention, Davison Twp. Pct 8","Davison Township, Precinct 8",Travis Howell,300,196
"REP- Delegate to County Convention, Davison Twp. Pct 8","Davison Township, Precinct 8",Stephanie A. Darling,194,196
"REP- Delegate to County Convention, City of Fenton Pct 1","City of Fenton, Precinct 1",Terry W. Van Allen,165,230
"REP- Delegate to County Convention, City of Fenton Pct 1","City of Fenton, Precinct 1",Brandi Victoria Ahner,1,230
"REP- Delegate to County Convention, City of Fenton Pct 2","City of Fenton, Precinct 2",Michael Senyko,261,94
"REP- Delegate to County Convention, City of Fenton Pct 2","City of Fenton, Precinct 2",Trina Callaghan,216,94
"REP- Delegate to County Convention, City of Fenton Pct 2","City of Fenton, Precinct 2",Thomas Paul Hyslop,2,94
"REP- Delegate to County Convention, City of Fenton Pct 3","City of Fenton, Precinct 3",Dylan J. Pescarolo,276,219
"REP- Delegate to County Convention, Fenton Twp. Pct 1","Fenton Township, Precinct 1",David R. Aiken,231,300
"REP- Delegate to County Convention, Fenton Twp. Pct 1","Fenton Township, Precinct 1",William L. Vaught,219,300
"REP- Delegate to County Convention, Fenton Twp. Pct 1","Fenton Township, Precinct 1",Richard Zeile,209,300
"REP- Delegate to County Convention, Fenton Twp. Pct 1","Fenton Township, Precinct 1",Dianne Lawler,207,300
"REP- Delegate to County Convention, Fenton Twp. Pct 1","Fenton Township, Precinct 1",Bethany Griffin,206,300
"REP- Delegate to County Convention, Fenton Twp. Pct 1","Fenton Township, Precinct 1",Brenda Binder,202,300
"REP- Delegate to County Convention, Fenton Twp. Pct 1","Fenton Township, Precinct 1",Patricia Ross,202,300
"REP- Delegate to County Convention, Fenton Twp. Pct 2","Fenton Township, Precinct 2",Shannon Elenbaas,365,155
"REP- Delegate to County Convention, Fenton Twp. Pct 2","Fenton Township, Precinct 2",Jacob D. Elenbaas,3,155
"REP- Delegate to County Convention, Fenton Twp. Pct 3","Fenton Township, Precinct 3",Julie Lynch,267,69
"REP- Delegate to County Convention, Fenton Twp. Pct 3","Fenton Township, Precinct 3",Alexander Moore,256,69
"REP- Delegate to County Convention, Fenton Twp. Pct 4","Fenton Township, Precinct 4",Kimberly Ann McCarthy,232,232
"REP- Delegate to County Convention, Fenton Twp. Pct 4","Fenton Township, Precinct 4",Bob Zabik,220,232
"REP- Delegate to County Convention, Fenton Twp. Pct 4","Fenton Township, Precinct 4",Stephanie J. Fohey,214,232
"REP- Delegate to County Convention, Fenton Twp. Pct 4","Fenton Township, Precinct 4",Judy Zabik,207,232
"REP- Delegate to County Convention, Fenton Twp. Pct 5","Fenton Township, Precinct 5",Patrick T. Acton,319,124
"REP- Delegate to County Convention, Fenton Twp. Pct 5","Fenton Township, Precinct 5",Denise Marie Graves,3,124
"REP- Delegate to County Convention, Fenton Twp. Pct 5","Fenton Township, Precinct 5",Joseph Leonard Graves,2,124
"REP- Delegate to County Convention, City of Flint Pct 1","City of Flint, Precinct 1",Isaac Anthony Thomas,1,146
"REP- Delegate to County Convention, City of Flint Pct 12","City of Flint, Precinct 12",Judith Lynn Priestley,3,319
"REP- Delegate to County Convention, City of Flint Pct 12","City of Flint, Precinct 12",Hannah Joy Diane Riggio,2,319
"REP- Delegate to County Convention, City of Flint Pct 15","City of Flint, Precinct 15",David Raymond Wilson,52,57
"REP- Delegate to County Convention, City of Flint Pct 15","City of Flint, Precinct 15",Cynthia Salacuse,34,57
"REP- Delegate to County Convention, City of Flint Pct 18","City of Flint, Precinct 18",Thomas James Smith,13,222
"REP- Delegate to County Convention, City of Flint Pct 21","City of Flint, Precinct 21",Rob Waskoviak,44,55
"REP- Delegate to County Convention, City of Flint Pct 23","City of Flint, Precinct 23",Matt Telliga,68,193
"REP- Delegate to County Convention, City of Flint Pct 23","City of Flint, Precinct 23",Kristen Owen,65,193
"REP- Delegate to County Convention, City of Flint Pct 23","City of Flint, Precinct 23",Tammera Parillo,51,193
"REP- Delegate to County Convention, City of Flint Pct 26","City of Flint, Precinct 26",Joshua D. Marcy,17,106
"REP- Delegate to County Convention, City of Flint Pct 26","City of Flint, Precinct 26",Ronald D. Woodring,7,106
"REP- Delegate to County Convention, City of Flint Pct 28","City of Flint, Precinct 28",Amy Mosier-Rau,38,260
"REP- Delegate to County Convention, City of Flint Pct 29","City of Flint, Precinct 29",Gladyes Dawn Williamson,61,47
"REP- Delegate to County Convention, Flint Twp. Pct 1","Flint Township, Precinct 1",Douglas I. Buck II,123,183
"REP- Delegate to County Convention, Flint Twp. Pct 1","Flint Township, Precinct 1",Angella Richardson,93,183
"REP- Delegate to County Convention, Flint Twp. Pct 3","Flint Township, Precinct 3",Steven Loftin,323,237
"REP- Delegate to County Convention, Flint Twp. Pct 4","Flint Township, Precinct 4",Kimberly Monteen Winter,4,75
"REP- Delegate to County Convention, Flint Twp. Pct 5","Flint Township, Precinct 5",Thomas Miller,152,138
"REP- Delegate to County Convention, Flint Twp. Pct 5","Flint Township, Precinct 5",Ingrid DeMarco,95,138
"REP- Delegate to County Convention, Flint Twp. Pct 6","Flint Township, Precinct 6",Jill Hendrix,38,249
"REP- Delegate to County Convention, Flint Twp. Pct 6","Flint Township, Precinct 6",Teresa Cawood,37,249
"REP- Delegate to County Convention, Flint Twp. Pct 7","Flint Township, Precinct 7",Michael DerPilibosian,91,141
"REP- Delegate to County Convention, Flint Twp. Pct 8","Flint Township, Precinct 8",Michael Joseph Kotarski,267,85
"REP- Delegate to County Convention, City of Flushing Pct 1","City of Flushing, Precinct 1",Michael D. Witt,100,157
"REP- Delegate to County Convention, City of Flushing Pct 1","City of Flushing, Precinct 1",Deborah Tabaszewski,75,157
"REP- Delegate to County Convention, City of Flushing Pct 1","City of Flushing, Precinct 1",Barbara Pethers,73,157
"REP- Delegate to County Convention, City of Flushing Pct 1","City of Flushing, Precinct 1",Brittany Arnold,66,157
"REP- Delegate to County Convention, City of Flushing Pct 2","City of Flushing, Precinct 2",Peggy J. Todd,117,36
"REP- Delegate to County Convention, City of Flushing Pct 2","City of Flushing, Precinct 2",Kraig Kuehnemund,92,36
"REP- Delegate to County Convention, City of Flushing Pct 3","City of Flushing, Precinct 3",Patrick Duvendeck,142,340
"REP- Delegate to County Convention, City of Flushing Pct 3","City of Flushing, Precinct 3",Ruth Riddle,77,340
"REP- Delegate to County Convention, City of Flushing Pct 4","City of Flushing, Precinct 4",David Forsmark,138,187
"REP- Delegate to County Convention, City of Flushing Pct 4","City of Flushing, Precinct 4",Michael Aversa,127,187
"REP- Delegate to County Convention, City of Flushing Pct 4","City of Flushing, Precinct 4",Rhonda G. Ruterbusch,119,187
"REP- Delegate to County Convention, City of Flushing Pct 4","City of Flushing, Precinct 4",Nadina Aversa,112,187
"REP- Delegate to County Convention, Flushing Twp. Pct 1","Flushing Township, Precinct 1",Bill Bain,223,337
"REP- Delegate to County Convention, Flushing Twp. Pct 1","Flushing Township, Precinct 1",Meredith Davis,181,337
"REP- Delegate to County Convention, Flushing Twp. Pct 3","Flushing Township, Precinct 3",David G. Morrison,239,205
"REP- Delegate to County Convention, Flushing Twp. Pct 3","Flushing Township, Precinct 3",Rod Wurtz,213,205
"REP- Delegate to County Convention, Flushing Twp. Pct 3","Flushing Township, Precinct 3",Ian Kurtz Shetron,3,205
"REP- Delegate to County Convention, Flushing Twp. Pct 4","Flushing Township, Precinct 4",Dennis C. Tanner Jr.,209,108
"REP- Delegate to County Convention, Forest Twp. Pct 1","Forest Township, Precinct 1",Nancy Meier,411,299
"REP- Delegate to County Convention, Forest Twp. Pct 1","Forest Township, Precinct 1",Danay Egan,388,299
"REP- Delegate to County Convention, Gaines Twp. Pct 1","Gaines Township, Precinct 1",Mike Baynai,257,134
"REP- Delegate to County Convention, Gaines Twp. Pct 1","Gaines Township, Precinct 1",Donna Baynai,239,134
"REP- Delegate to County Convention, Gaines Twp. Pct 3","Gaines Township, Precinct 3",Paul Baldwin,191,125
"REP- Delegate to County Convention, Gaines Twp. Pct 3","Gaines Township, Precinct 3",Betty J. Baldwin,177,125
"REP- Delegate to County Convention, Genesee Twp. Pct 1","Genesee Township, Precinct 1",Russell Edwards,159,278
"REP- Delegate to County Convention, Genesee Twp. Pct 4","Genesee Township, Precinct 4",John Ferguson,191,67
"REP- Delegate to County Convention, Genesee Twp. Pct 4","Genesee Township, Precinct 4",Roxanne C. Ferguson,121,67
"REP- Delegate to County Convention, Genesee Twp. Pct 6","Genesee Township, Precinct 6",Julie Kardos,159,148
"REP- Delegate to County Convention, Genesee Twp. Pct 7","Genesee Township, Precinct 7",Judy Climer,167,17
"REP- Delegate to County Convention, City of Grand Blanc Pct 1","City of Grand Blanc, Precinct 1",Patricia Jones,277,169
"REP- Delegate to County Convention, Grand Blanc Twp. Pct 1","Grand Blanc Township, Precinct 1",John C. Wellington Jr.,168,50
"REP- Delegate to County Convention, Grand Blanc Twp. Pct 1","Grand Blanc Township, Precinct 1",Cathy Lane,160,50
"REP- Delegate to County Convention, Grand Blanc Twp. Pct 1","Grand Blanc Township, Precinct 1",Lynn S. Hukee,144,50
"REP- Delegate to County Convention, Grand Blanc Twp. Pct 1","Grand Blanc Township, Precinct 1",Suzanne E. Wellington,138,50
"REP- Delegate to County Convention, Grand Blanc Twp. Pct 2","Grand Blanc Township, Precinct 2",Vanessa MacDonald,85,53
"REP- Delegate to County Convention, Grand Blanc Twp. Pct 2","Grand Blanc Township, Precinct 2",Hassie Harder,49,53
"REP- Delegate to County Convention, Grand Blanc Twp. Pct 3","Grand Blanc Township, Precinct 3",Marianne E. Bond,335,235
"REP- Delegate to County Convention, Grand Blanc Twp. Pct 4","Grand Blanc Township, Precinct 4",Anne DeLisle,328,99
"REP- Delegate to County Convention, Grand Blanc Twp. Pct 5","Grand Blanc Township, Precinct 5",Elizabeth Cummins Dean,249,213
"REP- Delegate to County Convention, Grand Blanc Twp. Pct 5","Grand Blanc Township, Precinct 5",Karen Buttery-Oliver,226,213
"REP- Delegate to County Convention, Grand Blanc Twp. Pct 6","Grand Blanc Township, Precinct 6",Amy Facchinello,252,251
"REP- Delegate to County Convention, Grand Blanc Twp. Pct 7","Grand Blanc Township, Precinct 7",David B. Robertson,275,292
"REP- Delegate to County Convention, Grand Blanc Twp. Pct 7","Grand Blanc Township, Precinct 7",Douglas Benchley,261,292
"REP- Delegate to County Convention, Grand Blanc Twp. Pct 7","Grand Blanc Township, Precinct 7",Alfred T. Mansour,259,292
"REP- Delegate to County Convention, Grand Blanc Twp. Pct 7","Grand Blanc Township, Precinct 7",Teresa Robertson,242,292
"REP- Delegate to County Convention, Grand Blanc Twp. Pct 7","Grand Blanc Township, Precinct 7",Frank H. Walker,225,292
"REP- Delegate to County Convention, Grand Blanc Twp. Pct 7","Grand Blanc Township, Precinct 7",Cyrus Farrehi,220,292
"REP- Delegate to County Convention, Grand Blanc Twp. Pct 8","Grand Blanc Township, Precinct 8",Scott Bennett,366,104
"REP- Delegate to County Convention, Grand Blanc Twp. Pct 8","Grand Blanc Township, Precinct 8",Gabriel Poletti,238,104
"REP- Delegate to County Convention, Grand Blanc Twp. Pct 8","Grand Blanc Township, Precinct 8",Jeanette Crowe,231,104
"REP- Delegate to County Convention, Grand Blanc Twp. Pct 9","Grand Blanc Township, Precinct 9",Julie H. Hargrove,200,333
"REP- Delegate to County Convention, Grand Blanc Twp. Pct 10","Grand Blanc Township, Precinct 10",Barbara M. Hatter-Perkins,130,12
"REP- Delegate to County Convention, City of Linden Pct 1","City of Linden, Precinct 1",Brian C. Jordan,369,20
"REP- Delegate to County Convention, City of Linden Pct 1","City of Linden, Precinct 1",Carolyn A. Powers,325,20
"REP- Delegate to County Convention, Montrose Twp. Pct 3","Montrose Township, Precinct 3",James Hall,95,332
"REP- Delegate to County Convention, Montrose Twp. Pct 3","Montrose Township, Precinct 3",Nancy Hall,92,332
"REP- Delegate to County Convention, Montrose Twp. Pct 3","Montrose Township, Precinct 3",Sadie Leonard,87,332
"REP- Delegate to County Convention, Montrose Twp. Pct 3","Montrose Township, Precinct 3",Renee J. Salzeider,63,332
"REP- Delegate to County Convention, Montrose Twp. Pct 4","Montrose Township, Precinct 4",Catherine G. Allard,160,331
"REP- Delegate to County Convention, Mt. Morris Twp. Pct 2","Mount Morris Township, Precinct 2",Mallory Murphy,131,287
"REP- Delegate to County Convention, Mt. Morris Twp. Pct 4","Mount Morris Township, Precinct 4",Charles Owen Cosby II,139,285
"REP- Delegate to County Convention, Mt. Morris Twp. Pct 10","Mount Morris Township, Precinct 10",Dana Sue Whitehead-Hopper,3,225
"REP- Delegate to County Convention, Mundy Twp. Pct 1","Mundy Township, Precinct 1",Collin A. Ridgway,294,92
"REP- Delegate to County Convention, Mundy Twp. Pct 3","Mundy Township, Precinct 3",Leah Davis,278,121
"REP- Delegate to County Convention, Mundy Twp. Pct 4","Mundy Township, Precinct 4",Renae Hall,190,72
"REP- Delegate to County Convention, Mundy Twp. Pct 5","Mundy Township, Precinct 5",Christopher M. Betts,173,3
"REP- Delegate to County Convention, Mundy Twp. Pct 6","Mundy Township, Precinct 6",Thomas R. Mueller,150,317
"REP- Delegate to County Convention, Mundy Twp. Pct 6","Mundy Township, Precinct 6",Jacqueline K. Mueller,123,317
"REP- Delegate to County Convention, Mundy Twp. Pct 7","Mundy Township, Precinct 7",David B. Coons,117,111
"REP- Delegate to County Convention, Mundy Twp. Pct 7","Mundy Township, Precinct 7",Derek R. Prentice,100,111
"REP- Delegate to County Convention, Mundy Twp. Pct 7","Mundy Township, Precinct 7",Lynette M. Prentice,95,111
"REP- Delegate to County Convention, Richfield Twp. Pct 1","Richfield Township, Precinct 1",Ralph Herndon,431,253
"REP- Delegate to County Convention, Richfield Twp. Pct 1","Richfield Township, Precinct 1",Sharron Denice Gibson,336,253
"REP- Delegate to County Convention, Richfield Twp. Pct 2","Richfield Township, Precinct 2",Larry Hammond,185,49
"REP- Delegate to County Convention, Richfield Twp. Pct 2","Richfield Township, Precinct 2",Sherry J. Marden,174,49
"REP- Delegate to County Convention, Richfield Twp. Pct 2","Richfield Township, Precinct 2",Lily McLouth,174,49
"REP- Delegate to County Convention, Richfield Twp. Pct 2","Richfield Township, Precinct 2",Jane Hammond,170,49
"REP- Delegate to County Convention, Richfield Twp. Pct 2","Richfield Township, Precinct 2",Leonard Marden,169,49
"REP- Delegate to County Convention, City of Swartz Creek Pct 1","City of Swartz Creek, Precinct 1",Eric R. McLaughlin,89,216
"REP- Delegate to County Convention, City of Swartz Creek Pct 1","City of Swartz Creek, Precinct 1",Vickie Sturgess,78,216
"REP- Delegate to County Convention, City of Swartz Creek Pct 1","City of Swartz Creek, Precinct 1",Brenda Lee McLaughlin,77,216
"REP- Delegate to County Convention, City of Swartz Creek Pct 3","City of Swartz Creek, Precinct 3",David A. Krueger,91,1
"REP- Delegate to County Convention, Thetford Twp. Pct 1","Thetford Township, Precinct 1",Henry Hatter,234,309
"REP- Delegate to County Convention, Vienna Twp. Pct 3","Vienna Township, Precinct 3",Joseph Stevenson,196,274
"REP- Delegate to County Convention, Vienna Twp. Pct 4","Vienna Township, Precinct 4",Phillip V. Cotter,182,173
"REP- Delegate to County Convention, Vienna Twp. Pct 4","Vienna Township, Precinct 4",Dianne Cotter,160,173
"NP- Judge of District Court 67th District, 4th Division Non-Incumbent Position","Argentine Township, Precinct 1",Cheryl A. Lopez,333,269
"NP- Judge of District Court 67th District, 4th Division Non-Incumbent Position","Argentine Township, Precinct 1",K.C. Baran,215,269
"NP- Judge of District Court 67th District, 4th Division Non-Incumbent Position","Argentine Township, Precinct 1",Lina Stamos,58,269
"NP- Judge of District Court 67th District, 4th Division Non-Incumbent Position","Argentine Township, Precinct 1",Brooke Tucker,114,269
"NP- Judge of District Court 67th District, 4th Division Non-Incumbent Position","Argentine Township, Precinct 2",Cheryl A. Lopez,245,269
"NP- Judge of District Court 67th District, 4th Division Non-Incumbent Position","Argentine Township, Precinct 2",K.C. Baran,150,269
"NP- Judge of District Court 67th District, 4th Division Non-Incumbent Position","Argentine Township, Precinct 2",Lina Stamos,85,269
"NP- Judge of District Court 67th District, 4th Division Non-Incumbent Position","Argentine Township, Precinct 2",Brooke Tucker,105,269
"NP- Judge of District Court 67th District, 4th Division Non-Incumbent Position","Argentine Township, Precinct 3",Cheryl A. Lopez,76,269
"NP- Judge of District Court 67th District, 4th Division Non-Incumbent Position","Argentine Township, Precinct 3",K.C. Baran,46,269
"NP- Judge of District Court 67th District, 4th Division Non-Incumbent Position","Argentine Township, Precinct 3",Lina Stamos,21,269
"NP- Judge of District Court 67th District, 4th Division Non-Incumbent Position","Argentine Township, Precinct 3",Brooke Tucker,34,269
"NP- Judge of District Court 67th District, 4th Division Non-Incumbent Position","Clayton Township, Precinct 1",Cheryl A. Lopez,201,269
"NP- Judge of District Court 67th District, 4th Division Non-Incumbent Position","Clayton Township, Precinct 1",K.C. Baran,111,269
"NP- Judge of District Court 67th District, 4th Division Non-Incumbent Position","Clayton Township, Precinct 1",Lina Stamos,125,269
"NP- Judge of District Court 67th District, 4th Division Non-Incumbent Position","Clayton Township, Precinct 1",Brooke Tucker,223,269
"NP- Judge of District Court 67th District, 4th Division Non-Incumbent Position","Clayton Township, Precinct 2",Cheryl A. Lopez,150,269
"NP- Judge of District Court 67th District, 4th Division Non-Incumbent Position","Clayton Township, Precinct 2",K.C. Baran,99,269
"NP- Judge of District Court 67th District, 4th Division Non-Incumbent Position","Clayton Township, Precinct 2",Lina Stamos,77,269
"NP- Judge of District Court 67th District, 4th Division Non-Incumbent Position","Clayton Township, Precinct 2",Brooke Tucker,170,269
"NP- Judge of District Court 67th District, 4th Division Non-Incumbent Position","Clayton Township, Precinct 3",Cheryl A. Lopez,146,269
"NP- Judge of District Court 67th District, 4th Division Non-Incumbent Position","Clayton Township, Precinct 3",K.C. Baran,49,269
"NP- Judge of District Court 67th District, 4th Division Non-Incumbent Position","Clayton Township, Precinct 3",Lina Stamos,51,269
"NP- Judge of District Court 67th District, 4th Division Non-Incumbent Position","Clayton Township, Precinct 3",Brooke Tucker,78,269
"NP- Judge of District Court 67th District, 4th Division Non-Incumbent Position","Clayton Township, Precinct 4",Cheryl A. Lopez,83,269
"NP- Judge of District Court 67th District, 4th Division Non-Incumbent Position","Clayton Township, Precinct 4",K.C. Baran,84,269
"NP- Judge of District Court 67th District, 4th Division Non-Incumbent Position","Clayton Township, Precinct 4",Lina Stamos,38,269
"NP- Judge of District Court 67th District, 4th Division Non-Incumbent Position","Clayton Township, Precinct 4",Brooke Tucker,71,269
"NP- Judge of District Court 67th District, 4th Division Non-Incumbent Position","City of Fenton, Precinct 1",Cheryl A. Lopez,122,269
"NP- Judge of District Court 67th District, 4th Division Non-Incumbent Position","City of Fenton, Precinct 1",K.C. Baran,130,269
"NP- Judge of District Court 67th District, 4th Division Non-Incumbent Position","City of Fenton, Precinct 1",Lina Stamos,55,269
"NP- Judge of District Court 67th District, 4th Division Non-Incumbent Position","City of Fenton, Precinct 1",Brooke Tucker,72,269
"NP- Judge of District Court 67th District, 4th Division Non-Incumbent Position","City of Fenton, Precinct 2",Cheryl A. Lopez,309,269
"NP- Judge of District Court 67th District, 4th Division Non-Incumbent Position","City of Fenton, Precinct 2",K.C. Baran,344,269
"NP- Judge of District Court 67th District, 4th Division Non-Incumbent Position","City of Fenton, Precinct 2",Lina Stamos,198,269
"NP- Judge of District Court 67th District, 4th Division Non-Incumbent Position","City of Fenton, Precinct 2",Brooke Tucker,166,269
"NP- Judge of District Court 67th District, 4th Division Non-Incumbent Position","City of Fenton, Precinct 3",Cheryl A. Lopez,310,269
"NP- Judge of District Court 67th District, 4th Division Non-Incumbent Position","City of Fenton, Precinct 3",K.C. Baran,250,269
"NP- Judge of District Court 67th District, 4th Division Non-Incumbent Position","City of Fenton, Precinct 3",Lina Stamos,173,269
"NP- Judge of District Court 67th District, 4th Division Non-Incumbent Position","City of Fenton, Precinct 3",Brooke Tucker,109,269
"NP- Judge of District Court 67th District, 4th Division Non-Incumbent Position","Fenton Township, Precinct 1",Cheryl A. Lopez,249,269
"NP- Judge of District Court 67th District, 4th Division Non-Incumbent Position","Fenton Township, Precinct 1",K.C. Baran,288,269
"NP- Judge of District Court 67th District, 4th Division Non-Incumbent Position","Fenton Township, Precinct 1",Lina Stamos,135,269
"NP- Judge of District Court 67th District, 4th Division Non-Incumbent Position","Fenton Township, Precinct 1",Brooke Tucker,213,269
"NP- Judge of District Court 67th District, 4th Division Non-Incumbent Position","Fenton Township, Precinct 2",Cheryl A. Lopez,263,269
"NP- Judge of District Court 67th District, 4th Division Non-Incumbent Position","Fenton Township, Precinct 2",K.C. Baran,304,269
"NP- Judge of District Court 67th District, 4th Division Non-Incumbent Position","Fenton Township, Precinct 2",Lina Stamos,122,269
"NP- Judge of District Court 67th District, 4th Division Non-Incumbent Position","Fenton Township, Precinct 2",Brooke Tucker,152,269
"NP- Judge of District Court 67th District, 4th Division Non-Incumbent Position","Fenton Township, Precinct 3",Cheryl A. Lopez,274,269
"NP- Judge of District Court 67th District, 4th Division Non-Incumbent Position","Fenton Township, Precinct 3",K.C. Baran,257,269
"NP- Judge of District Court 67th District, 4th Division Non-Incumbent Position","Fenton Township, Precinct 3",Lina Stamos,120,269
"NP- Judge of District Court 67th District, 4th Division Non-Incumbent Position","Fenton Township, Precinct 3",Brooke Tucker,154,269
"NP- Judge of District Court 67th District, 4th Division Non-Incumbent Position","Fenton Township, Precinct 4",Cheryl A. Lopez,221,269
"NP- Judge of District Court 67th District, 4th Division Non-Incumbent Position","Fenton Township, Precinct 4",K.C. Baran,256,269
"NP- Judge of District Court 67th District, 4th Division Non-Incumbent Position","Fenton Township, Precinct 4",Lina Stamos,162,269
"NP- Judge of District Court 67th District, 4th Division Non-Incumbent Position","Fenton Township, Precinct 4",Brooke Tucker,121,269
"NP- Judge of District Court 67th District, 4th Division Non-Incumbent Position","Fenton Township, Precinct 5",Cheryl A. Lopez,222,269
"NP- Judge of District Court 67th District, 4th Division Non-Incumbent Position","Fenton Township, Precinct 5",K.C. Baran,296,269
"NP- Judge of District Court 67th District, 4th Division Non-Incumbent Position","Fenton Township, Precinct 5",Lina Stamos,168,269
"NP- Judge of District Court 67th District, 4th Division Non-Incumbent Position","Fenton Township, Precinct 5",Brooke Tucker,114,269
"NP- Judge of District Court 67th District, 4th Division Non-Incumbent Position","Fenton Township, Precinct 6",Cheryl A. Lopez,259,269
"NP- Judge of District Court 67th District, 4th Division Non-Incumbent Position","Fenton Township, Precinct 6",K.C. Baran,214,269
"NP- Judge of District Court 67th District, 4th Division Non-Incumbent Position","Fenton Township, Precinct 6",Lina Stamos,170,269
"NP- Judge of District Court 67th District, 4th Division Non-Incumbent Position","Fenton Township, Precinct 6",Brooke Tucker,184,269
"NP- Judge of District Court 67th District, 4th Division Non-Incumbent Position","Gaines Township, Precinct 1",Cheryl A. Lopez,223,269
"NP- Judge of District Court 67th District, 4th Division Non-Incumbent Position","Gaines Township, Precinct 1",K.C. Baran,159,269
"NP- Judge of District Court 67th District, 4th Division Non-Incumbent Position","Gaines Township, Precinct 1",Lina Stamos,106,269
"NP- Judge of District Court 67th District, 4th Division Non-Incumbent Position","Gaines Township, Precinct 1",Brooke Tucker,180,269
"NP- Judge of District Court 67th District, 4th Division Non-Incumbent Position","Gaines Township, Precinct 2",Cheryl A. Lopez,140,269
"NP- Judge of District Court 67th District, 4th Division Non-Incumbent Position","Gaines Township, Precinct 2",K.C. Baran,61,269
"NP- Judge of District Court 67th District, 4th Division Non-Incumbent Position","Gaines Township, Precinct 2",Lina Stamos,30,269
"NP- Judge of District Court 67th District, 4th Division Non-Incumbent Position","Gaines Township, Precinct 2",Brooke Tucker,64,269
"NP- Judge of District Court 67th District, 4th Division Non-Incumbent Position","Gaines Township, Precinct 3",Cheryl A. Lopez,163,269
"NP- Judge of District Court 67th District, 4th Division Non-Incumbent Position","Gaines Township, Precinct 3",K.C. Baran,124,269
"NP- Judge of District Court 67th District, 4th Division Non-Incumbent Position","Gaines Township, Precinct 3",Lina Stamos,63,269
"NP- Judge of District Court 67th District, 4th Division Non-Incumbent Position","Gaines Township, Precinct 3",Brooke Tucker,121,269
"NP- Judge of District Court 67th District, 4th Division Non-Incumbent Position","City of Grand Blanc, Precinct 1",Cheryl A. Lopez,412,269
"NP- Judge of District Court 67th District, 4th Division Non-Incumbent Position","City of Grand Blanc, Precinct 1",K.C. Baran,145,269
"NP- Judge of District Court 67th District, 4th Division Non-Incumbent Position","City of Grand Blanc, Precinct 1",Lina Stamos,304,269
"NP- Judge of District Court 67th District, 4th Division Non-Incumbent Position","City of Grand Blanc, Precinct 1",Brooke Tucker,154,269
"NP- Judge of District Court 67th District, 4th Division Non-Incumbent Position","City of Grand Blanc, Precinct 2",Cheryl A. Lopez,323,269
"NP- Judge of District Court 67th District, 4th Division Non-Incumbent Position","City of Grand Blanc, Precinct 2",K.C. Baran,143,269
"NP- Judge of District Court 67th District, 4th Division Non-Incumbent Position","City of Grand Blanc, Precinct 2",Lina Stamos,328,269
"NP- Judge of District Court 67th District, 4th Division Non-Incumbent Position","City of Grand Blanc, Precinct 2",Brooke Tucker,153,269
"NP- Judge of District Court 67th District, 4th Division Non-Incumbent Position","Grand Blanc Township, Precinct 1",Cheryl A. Lopez,294,269
"NP- Judge of District Court 67th District, 4th Division Non-Incumbent Position","Grand Blanc Township, Precinct 1",K.C. Baran,159,269
"NP- Judge of District Court 67th District, 4th Division Non-Incumbent Position","Grand Blanc Township, Precinct 1",Lina Stamos,216,269
"NP- Judge of District Court 67th District, 4th Division Non-Incumbent Position","Grand Blanc Township, Precinct 1",Brooke Tucker,203,269
"NP- Judge of District Court 67th District, 4th Division Non-Incumbent Position","Grand Blanc Township, Precinct 2",Cheryl A. Lopez,102,269
"NP- Judge of District Court 67th District, 4th Division Non-Incumbent Position","Grand Blanc Township, Precinct 2",K.C. Baran,41,269
"NP- Judge of District Court 67th District, 4th Division Non-Incumbent Position","Grand Blanc Township, Precinct 2",Lina Stamos,62,269
"NP- Judge of District Court 67th District, 4th Division Non-Incumbent Position","Grand Blanc Township, Precinct 2",Brooke Tucker,76,269
"NP- Judge of District Court 67th District, 4th Division Non-Incumbent Position","Grand Blanc Township, Precinct 3",Cheryl A. Lopez,429,269
"NP- Judge of District Court 67th District, 4th Division Non-Incumbent Position","Grand Blanc Township, Precinct 3",K.C. Baran,161,269
"NP- Judge of District Court 67th District, 4th Division Non-Incumbent Position","Grand Blanc Township, Precinct 3",Lina Stamos,296,269
"NP- Judge of District Court 67th District, 4th Division Non-Incumbent Position","Grand Blanc Township, Precinct 3",Brooke Tucker,211,269
"NP- Judge of District Court 67th District, 4th Division Non-Incumbent Position","Grand Blanc Township, Precinct 4",Cheryl A. Lopez,463,269
"NP- Judge of District Court 67th District, 4th Division Non-Incumbent Position","Grand Blanc Township, Precinct 4",K.C. Baran,179,269
"NP- Judge of District Court 67th District, 4th Division Non-Incumbent Position","Grand Blanc Township, Precinct 4",Lina Stamos,412,269
"NP- Judge of District Court 67th District, 4th Division Non-Incumbent Position","Grand Blanc Township, Precinct 4",Brooke Tucker,168,269
"NP- Judge of District Court 67th District, 4th Division Non-Incumbent Position","Grand Blanc Township, Precinct 5",Cheryl A. Lopez,173,269
"NP- Judge of District Court 67th District, 4th Division Non-Incumbent Position","Grand Blanc Township, Precinct 5",K.C. Baran,165,269
"NP- Judge of District Court 67th District, 4th Division Non-Incumbent Position","Grand Blanc Township, Precinct 5",Lina Stamos,166,269
"NP- Judge of District Court 67th District, 4th Division Non-Incumbent Position","Grand Blanc Township, Precinct 5",Brooke Tucker,105,269
"NP- Judge of District Court 67th District, 4th Division Non-Incumbent Position","Grand Blanc Township, Precinct 6",Cheryl A. Lopez,223,269
"NP- Judge of District Court 67th District, 4th Division Non-Incumbent Position","Grand Blanc Township, Precinct 6",K.C. Baran,170,269
"NP- Judge of District Court 67th District, 4th Division Non-Incumbent Position","Grand Blanc Township, Precinct 6",Lina Stamos,269,269
"NP- Judge of District Court 67th District, 4th Division Non-Incumbent Position","Grand Blanc Township, Precinct 6",Brooke Tucker,106,269
"NP- Judge of District Court 67th District, 4th Division Non-Incumbent Position","Grand Blanc Township, Precinct 7",Cheryl A. Lopez,369,269
"NP- Judge of District Court 67th District, 4th Division Non-Incumbent Position","Grand Blanc Township, Precinct 7",K.C. Baran,189,269
"NP- Judge of District Court 67th District, 4th Division Non-Incumbent Position","Grand Blanc Township, Precinct 7",Lina Stamos,363,269
"NP- Judge of District Court 67th District, 4th Division Non-Incumbent Position","Grand Blanc Township, Precinct 7",Brooke Tucker,252,269
"NP- Judge of District Court 67th District, 4th Division Non-Incumbent Position","Grand Blanc Township, Precinct 8",Cheryl A. Lopez,340,269
"NP- Judge of District Court 67th District, 4th Division Non-Incumbent Position","Grand Blanc Township, Precinct 8",K.C. Baran,226,269
"NP- Judge of District Court 67th District, 4th Division Non-Incumbent Position","Grand Blanc Township, Precinct 8",Lina Stamos,289,269
"NP- Judge of District Court 67th District, 4th Division Non-Incumbent Position","Grand Blanc Township, Precinct 8",Brooke Tucker,217,269
"NP- Judge of District Court 67th District, 4th Division Non-Incumbent Position","Grand Blanc Township, Precinct 9",Cheryl A. Lopez,233,269
"NP- Judge of District Court 67th District, 4th Division Non-Incumbent Position","Grand Blanc Township, Precinct 9",K.C. Baran,87,269
"NP- Judge of District Court 67th District, 4th Division Non-Incumbent Position","Grand Blanc Township, Precinct 9",Lina Stamos,218,269
"NP- Judge of District Court 67th District, 4th Division Non-Incumbent Position","Grand Blanc Township, Precinct 9",Brooke Tucker,150,269
"NP- Judge of District Court 67th District, 4th Division Non-Incumbent Position","Grand Blanc Township, Precinct 10",Cheryl A. Lopez,229,269
"NP- Judge of District Court 67th District, 4th Division Non-Incumbent Position","Grand Blanc Township, Precinct 10",K.C. Baran,89,269
"NP- Judge of District Court 67th District, 4th Division Non-Incumbent Position","Grand Blanc Township, Precinct 10",Lina Stamos,199,269
"NP- Judge of District Court 67th District, 4th Division Non-Incumbent Position","Grand Blanc Township, Precinct 10",Brooke Tucker,119,269
"NP- Judge of District Court 67th District, 4th Division Non-Incumbent Position","City of Linden, Precinct 1",Cheryl A. Lopez,394,269
"NP- Judge of District Court 67th District, 4th Division Non-Incumbent Position","City of Linden, Precinct 1",K.C. Baran,332,269
"NP- Judge of District Court 67th District, 4th Division Non-Incumbent Position","City of Linden, Precinct 1",Lina Stamos,109,269
"NP- Judge of District Court 67th District, 4th Division Non-Incumbent Position","City of Linden, Precinct 1",Brooke Tucker,208,269
"NP- Judge of District Court 67th District, 4th Division Non-Incumbent Position","Mundy Township, Precinct 1",Cheryl A. Lopez,279,269
"NP- Judge of District Court 67th District, 4th Division Non-Incumbent Position","Mundy Township, Precinct 1",K.C. Baran,154,269
"NP- Judge of District Court 67th District, 4th Division Non-Incumbent Position","Mundy Township, Precinct 1",Lina Stamos,180,269
"NP- Judge of District Court 67th District, 4th Division Non-Incumbent Position","Mundy Township, Precinct 1",Brooke Tucker,196,269
"NP- Judge of District Court 67th District, 4th Division Non-Incumbent Position","Mundy Township, Precinct 2",Cheryl A. Lopez,182,269
"NP- Judge of District Court 67th District, 4th Division Non-Incumbent Position","Mundy Township, Precinct 2",K.C. Baran,100,269
"NP- Judge of District Court 67th District, 4th Division Non-Incumbent Position","Mundy Township, Precinct 2",Lina Stamos,102,269
"NP- Judge of District Court 67th District, 4th Division Non-Incumbent Position","Mundy Township, Precinct 2",Brooke Tucker,105,269
"NP- Judge of District Court 67th District, 4th Division Non-Incumbent Position","Mundy Township, Precinct 3",Cheryl A. Lopez,201,269
"NP- Judge of District Court 67th District, 4th Division Non-Incumbent Position","Mundy Township, Precinct 3",K.C. Baran,149,269
"NP- Judge of District Court 67th District, 4th Division Non-Incumbent Position","Mundy Township, Precinct 3",Lina Stamos,191,269
"NP- Judge of District Court 67th District, 4th Division Non-Incumbent Position","Mundy Township, Precinct 3",Brooke Tucker,213,269
"NP- Judge of District Court 67th District, 4th Division Non-Incumbent Position","Mundy Township, Precinct 4",Cheryl A. Lopez,135,269
"NP- Judge of District Court 67th District, 4th Division Non-Incumbent Position","Mundy Township, Precinct 4",K.C. Baran,106,269
"NP- Judge of District Court 67th District, 4th Division Non-Incumbent Position","Mundy Township, Precinct 4",Lina Stamos,73,269
"NP- Judge of District Court 67th District, 4th Division Non-Incumbent Position","Mundy Township, Precinct 4",Brooke Tucker,189,269
"NP- Judge of District Court 67th District, 4th Division Non-Incumbent Position","Mundy Township, Precinct 5",Cheryl A. Lopez,131,269
"NP- Judge of District Court 67th District, 4th Division Non-Incumbent Position","Mundy Township, Precinct 5",K.C. Baran,102,269
"NP- Judge of District Court 67th District, 4th Division Non-Incumbent Position","Mundy Township, Precinct 5",Lina Stamos,59,269
"NP- Judge of District Court 67th District, 4th Division Non-Incumbent Position","Mundy Township, Precinct 5",Brooke Tucker,118,269
"NP- Judge of District Court 67th District, 4th Division Non-Incumbent Position","Mundy Township, Precinct 6",Cheryl A. Lopez,89,269
"NP- Judge of District Court 67th District, 4th Division Non-Incumbent Position","Mundy Township, Precinct 6",K.C. Baran,91,269
"NP- Judge of District Court 67th District, 4th Division Non-Incumbent Position","Mundy Township, Precinct 6",Lina Stamos,47,269
"NP- Judge of District Court 67th District, 4th Division Non-Incumbent Position","Mundy Township, Precinct 6",Brooke Tucker,106,269
"NP- Judge of District Court 67th District, 4th Division Non-Incumbent Position","Mundy Township, Precinct 7",Cheryl A. Lopez,120,269
"NP- Judge of District Court 67th District, 4th Division Non-Incumbent Position","Mundy Township, Precinct 7",K.C. Baran,99,269
"NP- Judge of District Court 67th District, 4th Division Non-Incumbent Position","Mundy Township, Precinct 7",Lina Stamos,75,269
"NP- Judge of District Court 67th District, 4th Division Non-Incumbent Position","Mundy Township, Precinct 7",Brooke Tucker,79,269
"NP- Judge of District Court 67th District, 4th Division Non-Incumbent Position","City of Swartz Creek, Precinct 1",Cheryl A. Lopez,129,269
"NP- Judge of District Court 67th District, 4th Division Non-Incumbent Position","City of Swartz Creek, Precinct 1",K.C. Baran,58,269
"NP- Judge of District Court 67th District, 4th Division Non-Incumbent Position","City of Swartz Creek, Precinct 1",Lina Stamos,87,269
"NP- Judge of District Court 67th District, 4th Division Non-Incumbent Position","City of Swartz Creek, Precinct 1",Brooke Tucker,92,269
"NP- Judge of District Court 67th District, 4th Division Non-Incumbent Position","City of Swartz Creek, Precinct 2",Cheryl A. Lopez,118,269
"NP- Judge of District Court 67th District, 4th Division Non-Incumbent Position","City of Swartz Creek, Precinct 2",K.C. Baran,45,269
"NP- Judge of District Court 67th District, 4th Division Non-Incumbent Position","City of Swartz Creek, Precinct 2",Lina Stamos,59,269
"NP- Judge of District Court 67th District, 4th Division Non-Incumbent Position","City of Swartz Creek, Precinct 2",Brooke Tucker,73,269
"NP- Judge of District Court 67th District, 4th Division Non-Incumbent Position","City of Swartz Creek, Precinct 3",Cheryl A. Lopez,122,269
"NP- Judge of District Court 67th District, 4th Division Non-Incumbent Position","City of Swartz Creek, Precinct 3",K.C. Baran,42,269
"NP- Judge of District Court 67th District, 4th Division Non-Incumbent Position","City of Swartz Creek, Precinct 3",Lina Stamos,43,269
"NP- Judge of District Court 67th District, 4th Division Non-Incumbent Position","City of Swartz Creek, Precinct 3",Brooke Tucker,55,269
"NP- Judge of District Court 67th District, 4th Division Non-Incumbent Position","City of Swartz Creek, Precinct 4",Cheryl A. Lopez,124,269
"NP- Judge of District Court 67th District, 4th Division Non-Incumbent Position","City of Swartz Creek, Precinct 4",K.C. Baran,86,269
"NP- Judge of District Court 67th District, 4th Division Non-Incumbent Position","City of Swartz Creek, Precinct 4",Lina Stamos,102,269
"NP- Judge of District Court 67th District, 4th Division Non-Incumbent Position","City of Swartz Creek, Precinct 4",Brooke Tucker,183,269
NP- City of Flint Mayor,"City of Flint, Precinct 1",Sheldon A. Neeley,355,239
NP- City of Flint Mayor,"City of Flint, Precinct 1",Tonya Burns,426,239
NP- City of Flint Mayor,"City of Flint, Precinct 1",Roshanda Womack,77,239
NP- City of Flint Mayor,"City of Flint, Precinct 1",Micaiah J.  Owens,38,239
NP- City of Flint Mayor,"City of Flint, Precinct 1",Linda Elaine Anthony,0,239
NP- City of Flint Mayor,"City of Flint, Precinct 2",Sheldon A. Neeley,248,239
NP- City of Flint Mayor,"City of Flint, Precinct 2",Tonya Burns,304,239
NP- City of Flint Mayor,"City of Flint, Precinct 2",Roshanda Womack,51,239
NP- City of Flint Mayor,"City of Flint, Precinct 2",Micaiah J.  Owens,42,239
NP- City of Flint Mayor,"City of Flint, Precinct 2",Linda Elaine Anthony,0,239
NP- City of Flint Mayor,"City of Flint, Precinct 3",Sheldon A. Neeley,3,239
NP- City of Flint Mayor,"City of Flint, Precinct 3",Tonya Burns,8,239
NP- City of Flint Mayor,"City of Flint, Precinct 3",Roshanda Womack,3,239
NP- City of Flint Mayor,"City of Flint, Precinct 3",Micaiah J.  Owens,1,239
NP- City of Flint Mayor,"City of Flint, Precinct 3",Linda Elaine Anthony,0,239
NP- City of Flint Mayor,"City of Flint, Precinct 4",Sheldon A. Neeley,86,239
NP- City of Flint Mayor,"City of Flint, Precinct 4",Tonya Burns,79,239
NP- City of Flint Mayor,"City of Flint, Precinct 4",Roshanda Womack,26,239
NP- City of Flint Mayor,"City of Flint, Precinct 4",Micaiah J.  Owens,20,239
NP- City of Flint Mayor,"City of Flint, Precinct 4",Linda Elaine Anthony,0,239
NP- City of Flint Mayor,"City of Flint, Precinct 5",Sheldon A. Neeley,292,239
NP- City of Flint Mayor,"City of Flint, Precinct 5",Tonya Burns,246,239
NP- City of Flint Mayor,"City of Flint, Precinct 5",Roshanda Womack,63,239
NP- City of Flint Mayor,"City of Flint, Precinct 5",Micaiah J.  Owens,25,239
NP- City of Flint Mayor,"City of Flint, Precinct 5",Linda Elaine Anthony,0,239
NP- City of Flint Mayor,"City of Flint, Precinct 6",Sheldon A. Neeley,280,239
NP- City of Flint Mayor,"City of Flint, Precinct 6",Tonya Burns,305,239
NP- City of Flint Mayor,"City of Flint, Precinct 6",Roshanda Womack,93,239
NP- City of Flint Mayor,"City of Flint, Precinct 6",Micaiah J.  Owens,27,239
NP- City of Flint Mayor,"City of Flint, Precinct 6",Linda Elaine Anthony,0,239
NP- City of Flint Mayor,"City of Flint, Precinct 7",Sheldon A. Neeley,96,239
NP- City of Flint Mayor,"City of Flint, Precinct 7",Tonya Burns,103,239
NP- City of Flint Mayor,"City of Flint, Precinct 7",Roshanda Womack,21,239
NP- City of Flint Mayor,"City of Flint, Precinct 7",Micaiah J.  Owens,8,239
NP- City of Flint Mayor,"City of Flint, Precinct 7",Linda Elaine Anthony,0,239
NP- City of Flint Mayor,"City of Flint, Precinct 8",Sheldon A. Neeley,87,239
NP- City of Flint Mayor,"City of Flint, Precinct 8",Tonya Burns,124,239
NP- City of Flint Mayor,"City of Flint, Precinct 8",Roshanda Womack,34,239
NP- City of Flint Mayor,"City of Flint, Precinct 8",Micaiah J.  Owens,13,239
NP- City of Flint Mayor,"City of Flint, Precinct 8",Linda Elaine Anthony,2,239
NP- City of Flint Mayor,"City of Flint, Precinct 9",Sheldon A. Neeley,104,239
NP- City of Flint Mayor,"City of Flint, Precinct 9",Tonya Burns,129,239
NP- City of Flint Mayor,"City of Flint, Precinct 9",Roshanda Womack,42,239
NP- City of Flint Mayor,"City of Flint, Precinct 9",Micaiah J.  Owens,20,239
NP- City of Flint Mayor,"City of Flint, Precinct 9",Linda Elaine Anthony,0,239
NP- City of Flint Mayor,"City of Flint, Precinct 10",Sheldon A. Neeley,144,239
NP- City of Flint Mayor,"City of Flint, Precinct 10",Tonya Burns,62,239
NP- City of Flint Mayor,"City of Flint, Precinct 10",Roshanda Womack,23,239
NP- City of Flint Mayor,"City of Flint, Precinct 10",Micaiah J.  Owens,39,239
NP- City of Flint Mayor,"City of Flint, Precinct 10",Linda Elaine Anthony,0,239
NP- City of Flint Mayor,"City of Flint, Precinct 11",Sheldon A. Neeley,169,239
NP- City of Flint Mayor,"City of Flint, Precinct 11",Tonya Burns,88,239
NP- City of Flint Mayor,"City of Flint, Precinct 11",Roshanda Womack,37,239
NP- City of Flint Mayor,"City of Flint, Precinct 11",Micaiah J.  Owens,52,239
NP- City of Flint Mayor,"City of Flint, Precinct 11",Linda Elaine Anthony,0,239
NP- City of Flint Mayor,"City of Flint, Precinct 12",Sheldon A. Neeley,299,239
NP- City of Flint Mayor,"City of Flint, Precinct 12",Tonya Burns,83,239
NP- City of Flint Mayor,"City of Flint, Precinct 12",Roshanda Womack,55,239
NP- City of Flint Mayor,"City of Flint, Precinct 12",Micaiah J.  Owens,103,239
NP- City of Flint Mayor,"City of Flint, Precinct 12",Linda Elaine Anthony,1,239
NP- City of Flint Mayor,"City of Flint, Precinct 13",Sheldon A. Neeley,5,239
NP- City of Flint Mayor,"City of Flint, Precinct 13",Tonya Burns,5,239
NP- City of Flint Mayor,"City of Flint, Precinct 13",Roshanda Womack,0,239
NP- City of Flint Mayor,"City of Flint, Precinct 13",Micaiah J.  Owens,1,239
NP- City of Flint Mayor,"City of Flint, Precinct 13",Linda Elaine Anthony,0,239
NP- City of Flint Mayor,"City of Flint, Precinct 14",Sheldon A. Neeley,335,239
NP- City of Flint Mayor,"City of Flint, Precinct 14",Tonya Burns,273,239
NP- City of Flint Mayor,"City of Flint, Precinct 14",Roshanda Womack,85,239
NP- City of Flint Mayor,"City of Flint, Precinct 14",Micaiah J.  Owens,49,239
NP- City of Flint Mayor,"City of Flint, Precinct 14",Linda Elaine Anthony,0,239
NP- City of Flint Mayor,"City of Flint, Precinct 15",Sheldon A. Neeley,218,239
NP- City of Flint Mayor,"City of Flint, Precinct 15",Tonya Burns,193,239
NP- City of Flint Mayor,"City of Flint, Precinct 15",Roshanda Womack,135,239
NP- City of Flint Mayor,"City of Flint, Precinct 15",Micaiah J.  Owens,71,239
NP- City of Flint Mayor,"City of Flint, Precinct 15",Linda Elaine Anthony,0,239
NP- City of Flint Mayor,"City of Flint, Precinct 16",Sheldon A. Neeley,199,239
NP- City of Flint Mayor,"City of Flint, Precinct 16",Tonya Burns,259,239
NP- City of Flint Mayor,"City of Flint, Precinct 16",Roshanda Womack,87,239
NP- City of Flint Mayor,"City of Flint, Precinct 16",Micaiah J.  Owens,40,239
NP- City of Flint Mayor,"City of Flint, Precinct 16",Linda Elaine Anthony,0,239
NP- City of Flint Mayor,"City of Flint, Precinct 17",Sheldon A. Neeley,232,239
NP- City of Flint Mayor,"City of Flint, Precinct 17",Tonya Burns,109,239
NP- City of Flint Mayor,"City of Flint, Precinct 17",Roshanda Womack,48,239
NP- City of Flint Mayor,"City of Flint, Precinct 17",Micaiah J.  Owens,62,239
NP- City of Flint Mayor,"City of Flint, Precinct 17",Linda Elaine Anthony,1,239
NP- City of Flint Mayor,"City of Flint, Precinct 18",Sheldon A. Neeley,37,239
NP- City of Flint Mayor,"City of Flint, Precinct 18",Tonya Burns,21,239
NP- City of Flint Mayor,"City of Flint, Precinct 18",Roshanda Womack,8,239
NP- City of Flint Mayor,"City of Flint, Precinct 18",Micaiah J.  Owens,12,239
NP- City of Flint Mayor,"City of Flint, Precinct 18",Linda Elaine Anthony,0,239
NP- City of Flint Mayor,"City of Flint, Precinct 19",Sheldon A. Neeley,103,239
NP- City of Flint Mayor,"City of Flint, Precinct 19",Tonya Burns,104,239
NP- City of Flint Mayor,"City of Flint, Precinct 19",Roshanda Womack,42,239
NP- City of Flint Mayor,"City of Flint, Precinct 19",Micaiah J.  Owens,8,239
NP- City of Flint Mayor,"City of Flint, Precinct 19",Linda Elaine Anthony,0,239
NP- City of Flint Mayor,"City of Flint, Precinct 20",Sheldon A. Neeley,355,239
NP- City of Flint Mayor,"City of Flint, Precinct 20",Tonya Burns,134,239
NP- City of Flint Mayor,"City of Flint, Precinct 20",Roshanda Womack,227,239
NP- City of Flint Mayor,"City of Flint, Precinct 20",Micaiah J.  Owens,112,239
NP- City of Flint Mayor,"City of Flint, Precinct 20",Linda Elaine Anthony,0,239
NP- City of Flint Mayor,"City of Flint, Precinct 21",Sheldon A. Neeley,440,239
NP- City of Flint Mayor,"City of Flint, Precinct 21",Tonya Burns,299,239
NP- City of Flint Mayor,"City of Flint, Precinct 21",Roshanda Womack,191,239
NP- City of Flint Mayor,"City of Flint, Precinct 21",Micaiah J.  Owens,88,239
NP- City of Flint Mayor,"City of Flint, Precinct 21",Linda Elaine Anthony,0,239
NP- City of Flint Mayor,"City of Flint, Precinct 22",Sheldon A. Neeley,15,239
NP- City of Flint Mayor,"City of Flint, Precinct 22",Tonya Burns,4,239
NP- City of Flint Mayor,"City of Flint, Precinct 22",Roshanda Womack,7,239
NP- City of Flint Mayor,"City of Flint, Precinct 22",Micaiah J.  Owens,7,239
NP- City of Flint Mayor,"City of Flint, Precinct 22",Linda Elaine Anthony,0,239
NP- City of Flint Mayor,"City of Flint, Precinct 23",Sheldon A. Neeley,420,239
NP- City of Flint Mayor,"City of Flint, Precinct 23",Tonya Burns,211,239
NP- City of Flint Mayor,"City of Flint, Precinct 23",Roshanda Womack,160,239
NP- City of Flint Mayor,"City of Flint, Precinct 23",Micaiah J.  Owens,145,239
NP- City of Flint Mayor,"City of Flint, Precinct 23",Linda Elaine Anthony,0,239
NP- City of Flint Mayor,"City of Flint, Precinct 24",Sheldon A. Neeley,182,239
NP- City of Flint Mayor,"City of Flint, Precinct 24",Tonya Burns,100,239
NP- City of Flint Mayor,"City of Flint, Precinct 24",Roshanda Womack,41,239
NP- City of Flint Mayor,"City of Flint, Precinct 24",Micaiah J.  Owens,85,239
NP- City of Flint Mayor,"City of Flint, Precinct 24",Linda Elaine Anthony,0,239
NP- City of Flint Mayor,"City of Flint, Precinct 25",Sheldon A. Neeley,21,239
NP- City of Flint Mayor,"City of Flint, Precinct 25",Tonya Burns,16,239
NP- City of Flint Mayor,"City of Flint, Precinct 25",Roshanda Womack,20,239
NP- City of Flint Mayor,"City of Flint, Precinct 25",Micaiah J.  Owens,5,239
NP- City of Flint Mayor,"City of Flint, Precinct 25",Linda Elaine Anthony,0,239
NP- City of Flint Mayor,"City of Flint, Precinct 26",Sheldon A. Neeley,48,239
NP- City of Flint Mayor,"City of Flint, Precinct 26",Tonya Burns,20,239
NP- City of Flint Mayor,"City of Flint, Precinct 26",Roshanda Womack,17,239
NP- City of Flint Mayor,"City of Flint, Precinct 26",Micaiah J.  Owens,25,239
NP- City of Flint Mayor,"City of Flint, Precinct 26",Linda Elaine Anthony,0,239
NP- City of Flint Mayor,"City of Flint, Precinct 27",Sheldon A. Neeley,3,239
NP- City of Flint Mayor,"City of Flint, Precinct 27",Tonya Burns,2,239
NP- City of Flint Mayor,"City of Flint, Precinct 27",Roshanda Womack,1,239
NP- City of Flint Mayor,"City of Flint, Precinct 27",Micaiah J.  Owens,3,239
NP- City of Flint Mayor,"City of Flint, Precinct 27",Linda Elaine Anthony,0,239
NP- City of Flint Mayor,"City of Flint, Precinct 28",Sheldon A. Neeley,186,239
NP- City of Flint Mayor,"City of Flint, Precinct 28",Tonya Burns,106,239
NP- City of Flint Mayor,"City of Flint, Precinct 28",Roshanda Womack,60,239
NP- City of Flint Mayor,"City of Flint, Precinct 28",Micaiah J.  Owens,44,239
NP- City of Flint Mayor,"City of Flint, Precinct 28",Linda Elaine Anthony,0,239
NP- City of Flint Mayor,"City of Flint, Precinct 29",Sheldon A. Neeley,171,239
NP- City of Flint Mayor,"City of Flint, Precinct 29",Tonya Burns,102,239
NP- City of Flint Mayor,"City of Flint, Precinct 29",Roshanda Womack,55,239
NP- City of Flint Mayor,"City of Flint, Precinct 29",Micaiah J.  Owens,50,239
NP- City of Flint Mayor,"City of Flint, Precinct 29",Linda Elaine Anthony,0,239
NP- City of Flint Council Member Ward 1,"City of Flint, Precinct 1",Arthur Woodson,360,74
NP- City of Flint Council Member Ward 1,"City of Flint, Precinct 1",Debra J. Coleman,293,74
NP- City of Flint Council Member Ward 1,"City of Flint, Precinct 1",Cynthia Haynes,208,74
NP- City of Flint Council Member Ward 1,"City of Flint, Precinct 2",Arthur Woodson,257,74
NP- City of Flint Council Member Ward 1,"City of Flint, Precinct 2",Debra J. Coleman,174,74
NP- City of Flint Council Member Ward 1,"City of Flint, Precinct 2",Cynthia Haynes,174,74
NP- City of Flint Council Member Ward 1,"City of Flint, Precinct 3",Arthur Woodson,8,74
NP- City of Flint Council Member Ward 1,"City of Flint, Precinct 3",Debra J. Coleman,4,74
NP- City of Flint Council Member Ward 1,"City of Flint, Precinct 3",Cynthia Haynes,2,74
NP- City of Flint Council Member Ward 2,"City of Flint, Precinct 4",LaShawn Johnson,60,113
NP- City of Flint Council Member Ward 2,"City of Flint, Precinct 4",Ladel Lewis,96,113
NP- City of Flint Council Member Ward 2,"City of Flint, Precinct 4",Maurice D. Davis,26,113
NP- City of Flint Council Member Ward 2,"City of Flint, Precinct 4",Audrey Young,16,113
NP- City of Flint Council Member Ward 2,"City of Flint, Precinct 4",LaQuindra Hodge,9,113
NP- City of Flint Council Member Ward 2,"City of Flint, Precinct 5",LaShawn Johnson,243,113
NP- City of Flint Council Member Ward 2,"City of Flint, Precinct 5",Ladel Lewis,171,113
NP- City of Flint Council Member Ward 2,"City of Flint, Precinct 5",Maurice D. Davis,83,113
NP- City of Flint Council Member Ward 2,"City of Flint, Precinct 5",Audrey Young,48,113
NP- City of Flint Council Member Ward 2,"City of Flint, Precinct 5",LaQuindra Hodge,41,113
NP- City of Flint Council Member Ward 2,"City of Flint, Precinct 6",LaShawn Johnson,272,113
NP- City of Flint Council Member Ward 2,"City of Flint, Precinct 6",Ladel Lewis,130,113
NP- City of Flint Council Member Ward 2,"City of Flint, Precinct 6",Maurice D. Davis,144,113
NP- City of Flint Council Member Ward 2,"City of Flint, Precinct 6",Audrey Young,104,113
NP- City of Flint Council Member Ward 2,"City of Flint, Precinct 6",LaQuindra Hodge,32,113
NP- City of Flint Council Member Ward 2,"City of Flint, Precinct 7",LaShawn Johnson,123,113
NP- City of Flint Council Member Ward 2,"City of Flint, Precinct 7",Ladel Lewis,29,113
NP- City of Flint Council Member Ward 2,"City of Flint, Precinct 7",Maurice D. Davis,24,113
NP- City of Flint Council Member Ward 2,"City of Flint, Precinct 7",Audrey Young,29,113
NP- City of Flint Council Member Ward 2,"City of Flint, Precinct 7",LaQuindra Hodge,13,113
NP- City of Flint Council Member Ward 5,"City of Flint, Precinct 13",Joel Arnold,4,259
NP- City of Flint Council Member Ward 5,"City of Flint, Precinct 13",DeWaun E. Robinson,2,259
NP- City of Flint Council Member Ward 5,"City of Flint, Precinct 13",Wantwaz Davis,3,259
NP- City of Flint Council Member Ward 5,"City of Flint, Precinct 13",Jeron Dotson,1,259
NP- City of Flint Council Member Ward 5,"City of Flint, Precinct 14",Joel Arnold,130,259
NP- City of Flint Council Member Ward 5,"City of Flint, Precinct 14",DeWaun E. Robinson,285,259
NP- City of Flint Council Member Ward 5,"City of Flint, Precinct 14",Wantwaz Davis,268,259
NP- City of Flint Council Member Ward 5,"City of Flint, Precinct 14",Jeron Dotson,34,259
NP- City of Flint Council Member Ward 5,"City of Flint, Precinct 15",Joel Arnold,331,259
NP- City of Flint Council Member Ward 5,"City of Flint, Precinct 15",DeWaun E. Robinson,119,259
NP- City of Flint Council Member Ward 5,"City of Flint, Precinct 15",Wantwaz Davis,94,259
NP- City of Flint Council Member Ward 5,"City of Flint, Precinct 15",Jeron Dotson,60,259
NP- City of Flint Council Member Ward 8,"City of Flint, Precinct 22",Ezekiel Harris,10,90
NP- City of Flint Council Member Ward 8,"City of Flint, Precinct 22",Casey Lester,14,90
NP- City of Flint Council Member Ward 8,"City of Flint, Precinct 22",Brandan Jamison,6,90
NP- City of Flint Council Member Ward 8,"City of Flint, Precinct 23",Ezekiel Harris,551,90
NP- City of Flint Council Member Ward 8,"City of Flint, Precinct 23",Casey Lester,268,90
NP- City of Flint Council Member Ward 8,"City of Flint, Precinct 23",Brandan Jamison,69,90
NP- City of Flint Council Member Ward 8,"City of Flint, Precinct 24",Ezekiel Harris,191,90
NP- City of Flint Council Member Ward 8,"City of Flint, Precinct 24",Casey Lester,124,90
NP- City of Flint Council Member Ward 8,"City of Flint, Precinct 24",Brandan Jamison,64,90
Genesee County Emergency Medical Services Millage Renewal Proposal,"Argentine Township, Precinct 1",Yes,557,80
Genesee County Emergency Medical Services Millage Renewal Proposal,"Argentine Township, Precinct 1",No,255,80
Genesee County Emergency Medical Services Millage Renewal Proposal,"Argentine Township, Precinct 2",Yes,445,80
Genesee County Emergency Medical Services Millage Renewal Proposal,"Argentine Township, Precinct 2",No,251,80
Genesee County Emergency Medical Services Millage Renewal Proposal,"Argentine Township, Precinct 3",Yes,140,80
Genesee County Emergency Medical Services Millage Renewal Proposal,"Argentine Township, Precinct 3",No,77,80
Genesee County Emergency Medical Services Millage Renewal Proposal,"Atlas Township, Precinct 1",Yes,560,80
Genesee County Emergency Medical Services Millage Renewal Proposal,"Atlas Township, Precinct 1",No,316,80
Genesee County Emergency Medical Services Millage Renewal Proposal,"Atlas Township, Precinct 2",Yes,351,80
Genesee County Emergency Medical Services Millage Renewal Proposal,"Atlas Township, Precinct 2",No,198,80
Genesee County Emergency Medical Services Millage Renewal Proposal,"Atlas Township, Precinct 3",Yes,549,80
Genesee County Emergency Medical Services Millage Renewal Proposal,"Atlas Township, Precinct 3",No,414,80
Genesee County Emergency Medical Services Millage Renewal Proposal,"City of Burton, Precinct 1",Yes,181,80
Genesee County Emergency Medical Services Millage Renewal Proposal,"City of Burton, Precinct 1",No,52,80
Genesee County Emergency Medical Services Millage Renewal Proposal,"City of Burton, Precinct 2",Yes,531,80
Genesee County Emergency Medical Services Millage Renewal Proposal,"City of Burton, Precinct 2",No,204,80
Genesee County Emergency Medical Services Millage Renewal Proposal,"City of Burton, Precinct 3",Yes,634,80
Genesee County Emergency Medical Services Millage Renewal Proposal,"City of Burton, Precinct 3",No,240,80
Genesee County Emergency Medical Services Millage Renewal Proposal,"City of Burton, Precinct 4",Yes,855,80
Genesee County Emergency Medical Services Millage Renewal Proposal,"City of Burton, Precinct 4",No,363,80
Genesee County Emergency Medical Services Millage Renewal Proposal,"City of Burton, Precinct 5",Yes,634,80
Genesee County Emergency Medical Services Millage Renewal Proposal,"City of Burton, Precinct 5",No,350,80
Genesee County Emergency Medical Services Millage Renewal Proposal,"City of Burton, Precinct 6",Yes,546,80
Genesee County Emergency Medical Services Millage Renewal Proposal,"City of Burton, Precinct 6",No,229,80
Genesee County Emergency Medical Services Millage Renewal Proposal,"City of Burton, Precinct 7",Yes,694,80
Genesee County Emergency Medical Services Millage Renewal Proposal,"City of Burton, Precinct 7",No,272,80
Genesee County Emergency Medical Services Millage Renewal Proposal,"Clayton Township, Precinct 1",Yes,561,80
Genesee County Emergency Medical Services Millage Renewal Proposal,"Clayton Township, Precinct 1",No,247,80
Genesee County Emergency Medical Services Millage Renewal Proposal,"Clayton Township, Precinct 2",Yes,433,80
Genesee County Emergency Medical Services Millage Renewal Proposal,"Clayton Township, Precinct 2",No,167,80
Genesee County Emergency Medical Services Millage Renewal Proposal,"Clayton Township, Precinct 3",Yes,280,80
Genesee County Emergency Medical Services Millage Renewal Proposal,"Clayton Township, Precinct 3",No,126,80
Genesee County Emergency Medical Services Millage Renewal Proposal,"Clayton Township, Precinct 4",Yes,245,80
Genesee County Emergency Medical Services Millage Renewal Proposal,"Clayton Township, Precinct 4",No,123,80
Genesee County Emergency Medical Services Millage Renewal Proposal,"City of Clio, Precinct 1",Yes,387,80
Genesee County Emergency Medical Services Millage Renewal Proposal,"City of Clio, Precinct 1",No,104,80
Genesee County Emergency Medical Services Millage Renewal Proposal,"City of Davison, Precinct 1",Yes,475,80
Genesee County Emergency Medical Services Millage Renewal Proposal,"City of Davison, Precinct 1",No,151,80
Genesee County Emergency Medical Services Millage Renewal Proposal,"City of Davison, Precinct 2",Yes,482,80
Genesee County Emergency Medical Services Millage Renewal Proposal,"City of Davison, Precinct 2",No,150,80
Genesee County Emergency Medical Services Millage Renewal Proposal,"Davison Township, Precinct 1",Yes,521,80
Genesee County Emergency Medical Services Millage Renewal Proposal,"Davison Township, Precinct 1",No,201,80
Genesee County Emergency Medical Services Millage Renewal Proposal,"Davison Township, Precinct 2",Yes,531,80
Genesee County Emergency Medical Services Millage Renewal Proposal,"Davison Township, Precinct 2",No,194,80
Genesee County Emergency Medical Services Millage Renewal Proposal,"Davison Township, Precinct 3",Yes,373,80
Genesee County Emergency Medical Services Millage Renewal Proposal,"Davison Township, Precinct 3",No,147,80
Genesee County Emergency Medical Services Millage Renewal Proposal,"Davison Township, Precinct 4",Yes,603,80
Genesee County Emergency Medical Services Millage Renewal Proposal,"Davison Township, Precinct 4",No,152,80
Genesee County Emergency Medical Services Millage Renewal Proposal,"Davison Township, Precinct 5",Yes,293,80
Genesee County Emergency Medical Services Millage Renewal Proposal,"Davison Township, Precinct 5",No,89,80
Genesee County Emergency Medical Services Millage Renewal Proposal,"Davison Township, Precinct 6",Yes,452,80
Genesee County Emergency Medical Services Millage Renewal Proposal,"Davison Township, Precinct 6",No,118,80
Genesee County Emergency Medical Services Millage Renewal Proposal,"Davison Township, Precinct 7",Yes,334,80
Genesee County Emergency Medical Services Millage Renewal Proposal,"Davison Township, Precinct 7",No,167,80
Genesee County Emergency Medical Services Millage Renewal Proposal,"Davison Township, Precinct 8",Yes,698,80
Genesee County Emergency Medical Services Millage Renewal Proposal,"Davison Township, Precinct 8",No,262,80
Genesee County Emergency Medical Services Millage Renewal Proposal,"City of Fenton, Precinct 1",Yes,334,80
Genesee County Emergency Medical Services Millage Renewal Proposal,"City of Fenton, Precinct 1",No,103,80
Genesee County Emergency Medical Services Millage Renewal Proposal,"City of Fenton, Precinct 2",Yes,868,80
Genesee County Emergency Medical Services Millage Renewal Proposal,"City of Fenton, Precinct 2",No,261,80
Genesee County Emergency Medical Services Millage Renewal Proposal,"City of Fenton, Precinct 3",Yes,706,80
Genesee County Emergency Medical Services Millage Renewal Proposal,"City of Fenton, Precinct 3",No,229,80
Genesee County Emergency Medical Services Millage Renewal Proposal,"Fenton Township, Precinct 1",Yes,702,80
Genesee County Emergency Medical Services Millage Renewal Proposal,"Fenton Township, Precinct 1",No,279,80
Genesee County Emergency Medical Services Millage Renewal Proposal,"Fenton Township, Precinct 2",Yes,702,80
Genesee County Emergency Medical Services Millage Renewal Proposal,"Fenton Township, Precinct 2",No,247,80
Genesee County Emergency Medical Services Millage Renewal Proposal,"Fenton Township, Precinct 3",Yes,642,80
Genesee County Emergency Medical Services Millage Renewal Proposal,"Fenton Township, Precinct 3",No,241,80
Genesee County Emergency Medical Services Millage Renewal Proposal,"Fenton Township, Precinct 4",Yes,609,80
Genesee County Emergency Medical Services Millage Renewal Proposal,"Fenton Township, Precinct 4",No,208,80
Genesee County Emergency Medical Services Millage Renewal Proposal,"Fenton Township, Precinct 5",Yes,643,80
Genesee County Emergency Medical Services Millage Renewal Proposal,"Fenton Township, Precinct 5",No,223,80
Genesee County Emergency Medical Services Millage Renewal Proposal,"Fenton Township, Precinct 6",Yes,704,80
Genesee County Emergency Medical Services Millage Renewal Proposal,"Fenton Township, Precinct 6",No,212,80
Genesee County Emergency Medical Services Millage Renewal Proposal,"City of Flint, Precinct 1",Yes,671,80
Genesee County Emergency Medical Services Millage Renewal Proposal,"City of Flint, Precinct 1",No,195,80
Genesee County Emergency Medical Services Millage Renewal Proposal,"City of Flint, Precinct 2",Yes,500,80
Genesee County Emergency Medical Services Millage Renewal Proposal,"City of Flint, Precinct 2",No,141,80
Genesee County Emergency Medical Services Millage Renewal Proposal,"City of Flint, Precinct 3",Yes,13,80
Genesee County Emergency Medical Services Millage Renewal Proposal,"City of Flint, Precinct 3",No,2,80
Genesee County Emergency Medical Services Millage Renewal Proposal,"City of Flint, Precinct 4",Yes,166,80
Genesee County Emergency Medical Services Millage Renewal Proposal,"City of Flint, Precinct 4",No,33,80
Genesee County Emergency Medical Services Millage Renewal Proposal,"City of Flint, Precinct 5",Yes,474,80
Genesee County Emergency Medical Services Millage Renewal Proposal,"City of Flint, Precinct 5",No,114,80
Genesee County Emergency Medical Services Millage Renewal Proposal,"City of Flint, Precinct 6",Yes,528,80
Genesee County Emergency Medical Services Millage Renewal Proposal,"City of Flint, Precinct 6",No,141,80
Genesee County Emergency Medical Services Millage Renewal Proposal,"City of Flint, Precinct 7",Yes,176,80
Genesee County Emergency Medical Services Millage Renewal Proposal,"City of Flint, Precinct 7",No,40,80
Genesee County Emergency Medical Services Millage Renewal Proposal,"City of Flint, Precinct 8",Yes,200,80
Genesee County Emergency Medical Services Millage Renewal Proposal,"City of Flint, Precinct 8",No,59,80
Genesee County Emergency Medical Services Millage Renewal Proposal,"City of Flint, Precinct 9",Yes,235,80
Genesee County Emergency Medical Services Millage Renewal Proposal,"City of Flint, Precinct 9",No,48,80
Genesee County Emergency Medical Services Millage Renewal Proposal,"City of Flint, Precinct 10",Yes,187,80
Genesee County Emergency Medical Services Millage Renewal Proposal,"City of Flint, Precinct 10",No,78,80
Genesee County Emergency Medical Services Millage Renewal Proposal,"City of Flint, Precinct 11",Yes,284,80
Genesee County Emergency Medical Services Millage Renewal Proposal,"City of Flint, Precinct 11",No,69,80
Genesee County Emergency Medical Services Millage Renewal Proposal,"City of Flint, Precinct 12",Yes,441,80
Genesee County Emergency Medical Services Millage Renewal Proposal,"City of Flint, Precinct 12",No,136,80
Genesee County Emergency Medical Services Millage Renewal Proposal,"City of Flint, Precinct 13",Yes,9,80
Genesee County Emergency Medical Services Millage Renewal Proposal,"City of Flint, Precinct 13",No,3,80
Genesee County Emergency Medical Services Millage Renewal Proposal,"City of Flint, Precinct 14",Yes,543,80
Genesee County Emergency Medical Services Millage Renewal Proposal,"City of Flint, Precinct 14",No,147,80
Genesee County Emergency Medical Services Millage Renewal Proposal,"City of Flint, Precinct 15",Yes,509,80
Genesee County Emergency Medical Services Millage Renewal Proposal,"City of Flint, Precinct 15",No,99,80
Genesee County Emergency Medical Services Millage Renewal Proposal,"City of Flint, Precinct 16",Yes,454,80
Genesee County Emergency Medical Services Millage Renewal Proposal,"City of Flint, Precinct 16",No,102,80
Genesee County Emergency Medical Services Millage Renewal Proposal,"City of Flint, Precinct 17",Yes,353,80
Genesee County Emergency Medical Services Millage Renewal Proposal,"City of Flint, Precinct 17",No,99,80
Genesee County Emergency Medical Services Millage Renewal Proposal,"City of Flint, Precinct 18",Yes,62,80
Genesee County Emergency Medical Services Millage Renewal Proposal,"City of Flint, Precinct 18",No,19,80
Genesee County Emergency Medical Services Millage Renewal Proposal,"City of Flint, Precinct 19",Yes,204,80
Genesee County Emergency Medical Services Millage Renewal Proposal,"City of Flint, Precinct 19",No,42,80
Genesee County Emergency Medical Services Millage Renewal Proposal,"City of Flint, Precinct 20",Yes,717,80
Genesee County Emergency Medical Services Millage Renewal Proposal,"City of Flint, Precinct 20",No,94,80
Genesee County Emergency Medical Services Millage Renewal Proposal,"City of Flint, Precinct 21",Yes,881,80
Genesee County Emergency Medical Services Millage Renewal Proposal,"City of Flint, Precinct 21",No,156,80
Genesee County Emergency Medical Services Millage Renewal Proposal,"City of Flint, Precinct 22",Yes,24,80
Genesee County Emergency Medical Services Millage Renewal Proposal,"City of Flint, Precinct 22",No,9,80
Genesee County Emergency Medical Services Millage Renewal Proposal,"City of Flint, Precinct 23",Yes,749,80
Genesee County Emergency Medical Services Millage Renewal Proposal,"City of Flint, Precinct 23",No,184,80
Genesee County Emergency Medical Services Millage Renewal Proposal,"City of Flint, Precinct 24",Yes,324,80
Genesee County Emergency Medical Services Millage Renewal Proposal,"City of Flint, Precinct 24",No,105,80
Genesee County Emergency Medical Services Millage Renewal Proposal,"City of Flint, Precinct 25",Yes,57,80
Genesee County Emergency Medical Services Millage Renewal Proposal,"City of Flint, Precinct 25",No,5,80
Genesee County Emergency Medical Services Millage Renewal Proposal,"City of Flint, Precinct 26",Yes,80,80
Genesee County Emergency Medical Services Millage Renewal Proposal,"City of Flint, Precinct 26",No,34,80
Genesee County Emergency Medical Services Millage Renewal Proposal,"City of Flint, Precinct 27",Yes,5,80
Genesee County Emergency Medical Services Millage Renewal Proposal,"City of Flint, Precinct 27",No,4,80
Genesee County Emergency Medical Services Millage Renewal Proposal,"City of Flint, Precinct 28",Yes,324,80
Genesee County Emergency Medical Services Millage Renewal Proposal,"City of Flint, Precinct 28",No,89,80
Genesee County Emergency Medical Services Millage Renewal Proposal,"City of Flint, Precinct 29",Yes,302,80
Genesee County Emergency Medical Services Millage Renewal Proposal,"City of Flint, Precinct 29",No,93,80
Genesee County Emergency Medical Services Millage Renewal Proposal,"Flint Township, Precinct 1",Yes,1123,80
Genesee County Emergency Medical Services Millage Renewal Proposal,"Flint Township, Precinct 1",No,259,80
Genesee County Emergency Medical Services Millage Renewal Proposal,"Flint Township, Precinct 2",Yes,648,80
Genesee County Emergency Medical Services Millage Renewal Proposal,"Flint Township, Precinct 2",No,139,80
Genesee County Emergency Medical Services Millage Renewal Proposal,"Flint Township, Precinct 3",Yes,1026,80
Genesee County Emergency Medical Services Millage Renewal Proposal,"Flint Township, Precinct 3",No,333,80
Genesee County Emergency Medical Services Millage Renewal Proposal,"Flint Township, Precinct 4",Yes,264,80
Genesee County Emergency Medical Services Millage Renewal Proposal,"Flint Township, Precinct 4",No,72,80
Genesee County Emergency Medical Services Millage Renewal Proposal,"Flint Township, Precinct 5",Yes,572,80
Genesee County Emergency Medical Services Millage Renewal Proposal,"Flint Township, Precinct 5",No,173,80
Genesee County Emergency Medical Services Millage Renewal Proposal,"Flint Township, Precinct 6",Yes,211,80
Genesee County Emergency Medical Services Millage Renewal Proposal,"Flint Township, Precinct 6",No,70,80
Genesee County Emergency Medical Services Millage Renewal Proposal,"Flint Township, Precinct 7",Yes,271,80
Genesee County Emergency Medical Services Millage Renewal Proposal,"Flint Township, Precinct 7",No,95,80
Genesee County Emergency Medical Services Millage Renewal Proposal,"Flint Township, Precinct 8",Yes,909,80
Genesee County Emergency Medical Services Millage Renewal Proposal,"Flint Township, Precinct 8",No,264,80
Genesee County Emergency Medical Services Millage Renewal Proposal,"City of Flushing, Precinct 1",Yes,470,80
Genesee County Emergency Medical Services Millage Renewal Proposal,"City of Flushing, Precinct 1",No,151,80
Genesee County Emergency Medical Services Millage Renewal Proposal,"City of Flushing, Precinct 2",Yes,450,80
Genesee County Emergency Medical Services Millage Renewal Proposal,"City of Flushing, Precinct 2",No,157,80
Genesee County Emergency Medical Services Millage Renewal Proposal,"City of Flushing, Precinct 3",Yes,397,80
Genesee County Emergency Medical Services Millage Renewal Proposal,"City of Flushing, Precinct 3",No,147,80
Genesee County Emergency Medical Services Millage Renewal Proposal,"City of Flushing, Precinct 4",Yes,452,80
Genesee County Emergency Medical Services Millage Renewal Proposal,"City of Flushing, Precinct 4",No,172,80
Genesee County Emergency Medical Services Millage Renewal Proposal,"Flushing Township, Precinct 1",Yes,494,80
Genesee County Emergency Medical Services Millage Renewal Proposal,"Flushing Township, Precinct 1",No,251,80
Genesee County Emergency Medical Services Millage Renewal Proposal,"Flushing Township, Precinct 2",Yes,365,80
Genesee County Emergency Medical Services Millage Renewal Proposal,"Flushing Township, Precinct 2",No,160,80
Genesee County Emergency Medical Services Millage Renewal Proposal,"Flushing Township, Precinct 3",Yes,651,80
Genesee County Emergency Medical Services Millage Renewal Proposal,"Flushing Township, Precinct 3",No,284,80
Genesee County Emergency Medical Services Millage Renewal Proposal,"Flushing Township, Precinct 4",Yes,475,80
Genesee County Emergency Medical Services Millage Renewal Proposal,"Flushing Township, Precinct 4",No,197,80
Genesee County Emergency Medical Services Millage Renewal Proposal,"Forest Township, Precinct 1",Yes,925,80
Genesee County Emergency Medical Services Millage Renewal Proposal,"Forest Township, Precinct 1",No,426,80
Genesee County Emergency Medical Services Millage Renewal Proposal,"Gaines Township, Precinct 1",Yes,565,80
Genesee County Emergency Medical Services Millage Renewal Proposal,"Gaines Township, Precinct 1",No,268,80
Genesee County Emergency Medical Services Millage Renewal Proposal,"Gaines Township, Precinct 2",Yes,217,80
Genesee County Emergency Medical Services Millage Renewal Proposal,"Gaines Township, Precinct 2",No,153,80
Genesee County Emergency Medical Services Millage Renewal Proposal,"Gaines Township, Precinct 3",Yes,378,80
Genesee County Emergency Medical Services Millage Renewal Proposal,"Gaines Township, Precinct 3",No,206,80
Genesee County Emergency Medical Services Millage Renewal Proposal,"Genesee Township, Precinct 1",Yes,420,80
Genesee County Emergency Medical Services Millage Renewal Proposal,"Genesee Township, Precinct 1",No,143,80
Genesee County Emergency Medical Services Millage Renewal Proposal,"Genesee Township, Precinct 2",Yes,147,80
Genesee County Emergency Medical Services Millage Renewal Proposal,"Genesee Township, Precinct 2",No,52,80
Genesee County Emergency Medical Services Millage Renewal Proposal,"Genesee Township, Precinct 3",Yes,476,80
Genesee County Emergency Medical Services Millage Renewal Proposal,"Genesee Township, Precinct 3",No,193,80
Genesee County Emergency Medical Services Millage Renewal Proposal,"Genesee Township, Precinct 4",Yes,388,80
Genesee County Emergency Medical Services Millage Renewal Proposal,"Genesee Township, Precinct 4",No,210,80
Genesee County Emergency Medical Services Millage Renewal Proposal,"Genesee Township, Precinct 5",Yes,646,80
Genesee County Emergency Medical Services Millage Renewal Proposal,"Genesee Township, Precinct 5",No,218,80
Genesee County Emergency Medical Services Millage Renewal Proposal,"Genesee Township, Precinct 6",Yes,388,80
Genesee County Emergency Medical Services Millage Renewal Proposal,"Genesee Township, Precinct 6",No,141,80
Genesee County Emergency Medical Services Millage Renewal Proposal,"Genesee Township, Precinct 7",Yes,361,80
Genesee County Emergency Medical Services Millage Renewal Proposal,"Genesee Township, Precinct 7",No,156,80
Genesee County Emergency Medical Services Millage Renewal Proposal,"City of Grand Blanc, Precinct 1",Yes,850,80
Genesee County Emergency Medical Services Millage Renewal Proposal,"City of Grand Blanc, Precinct 1",No,277,80
Genesee County Emergency Medical Services Millage Renewal Proposal,"City of Grand Blanc, Precinct 2",Yes,858,80
Genesee County Emergency Medical Services Millage Renewal Proposal,"City of Grand Blanc, Precinct 2",No,235,80
Genesee County Emergency Medical Services Millage Renewal Proposal,"Grand Blanc Township, Precinct 1",Yes,767,80
Genesee County Emergency Medical Services Millage Renewal Proposal,"Grand Blanc Township, Precinct 1",No,281,80
Genesee County Emergency Medical Services Millage Renewal Proposal,"Grand Blanc Township, Precinct 2",Yes,237,80
Genesee County Emergency Medical Services Millage Renewal Proposal,"Grand Blanc Township, Precinct 2",No,109,80
Genesee County Emergency Medical Services Millage Renewal Proposal,"Grand Blanc Township, Precinct 3",Yes,918,80
Genesee County Emergency Medical Services Millage Renewal Proposal,"Grand Blanc Township, Precinct 3",No,348,80
Genesee County Emergency Medical Services Millage Renewal Proposal,"Grand Blanc Township, Precinct 4",Yes,1029,80
Genesee County Emergency Medical Services Millage Renewal Proposal,"Grand Blanc Township, Precinct 4",No,385,80
Genesee County Emergency Medical Services Millage Renewal Proposal,"Grand Blanc Township, Precinct 5",Yes,535,80
Genesee County Emergency Medical Services Millage Renewal Proposal,"Grand Blanc Township, Precinct 5",No,180,80
Genesee County Emergency Medical Services Millage Renewal Proposal,"Grand Blanc Township, Precinct 6",Yes,662,80
Genesee County Emergency Medical Services Millage Renewal Proposal,"Grand Blanc Township, Precinct 6",No,234,80
Genesee County Emergency Medical Services Millage Renewal Proposal,"Grand Blanc Township, Precinct 7",Yes,1098,80
Genesee County Emergency Medical Services Millage Renewal Proposal,"Grand Blanc Township, Precinct 7",No,289,80
Genesee County Emergency Medical Services Millage Renewal Proposal,"Grand Blanc Township, Precinct 8",Yes,889,80
Genesee County Emergency Medical Services Millage Renewal Proposal,"Grand Blanc Township, Precinct 8",No,362,80
Genesee County Emergency Medical Services Millage Renewal Proposal,"Grand Blanc Township, Precinct 9",Yes,589,80
Genesee County Emergency Medical Services Millage Renewal Proposal,"Grand Blanc Township, Precinct 9",No,237,80
Genesee County Emergency Medical Services Millage Renewal Proposal,"Grand Blanc Township, Precinct 10",Yes,594,80
Genesee County Emergency Medical Services Millage Renewal Proposal,"Grand Blanc Township, Precinct 10",No,179,80
Genesee County Emergency Medical Services Millage Renewal Proposal,"City of Linden, Precinct 1",Yes,845,80
Genesee County Emergency Medical Services Millage Renewal Proposal,"City of Linden, Precinct 1",No,339,80
Genesee County Emergency Medical Services Millage Renewal Proposal,"City of Montrose, Precinct 1",Yes,198,80
Genesee County Emergency Medical Services Millage Renewal Proposal,"City of Montrose, Precinct 1",No,86,80
Genesee County Emergency Medical Services Millage Renewal Proposal,"Montrose Township, Precinct 1",Yes,180,80
Genesee County Emergency Medical Services Millage Renewal Proposal,"Montrose Township, Precinct 1",No,106,80
Genesee County Emergency Medical Services Millage Renewal Proposal,"Montrose Township, Precinct 2",Yes,170,80
Genesee County Emergency Medical Services Millage Renewal Proposal,"Montrose Township, Precinct 2",No,90,80
Genesee County Emergency Medical Services Millage Renewal Proposal,"Montrose Township, Precinct 3",Yes,221,80
Genesee County Emergency Medical Services Millage Renewal Proposal,"Montrose Township, Precinct 3",No,137,80
Genesee County Emergency Medical Services Millage Renewal Proposal,"Montrose Township, Precinct 4",Yes,239,80
Genesee County Emergency Medical Services Millage Renewal Proposal,"Montrose Township, Precinct 4",No,154,80
Genesee County Emergency Medical Services Millage Renewal Proposal,"City of Mount Morris, Precinct 1",Yes,324,80
Genesee County Emergency Medical Services Millage Renewal Proposal,"City of Mount Morris, Precinct 1",No,81,80
Genesee County Emergency Medical Services Millage Renewal Proposal,"Mount Morris Township, Precinct 1",Yes,127,80
Genesee County Emergency Medical Services Millage Renewal Proposal,"Mount Morris Township, Precinct 1",No,52,80
Genesee County Emergency Medical Services Millage Renewal Proposal,"Mount Morris Township, Precinct 2",Yes,292,80
Genesee County Emergency Medical Services Millage Renewal Proposal,"Mount Morris Township, Precinct 2",No,120,80
Genesee County Emergency Medical Services Millage Renewal Proposal,"Mount Morris Township, Precinct 3",Yes,203,80
Genesee County Emergency Medical Services Millage Renewal Proposal,"Mount Morris Township, Precinct 3",No,107,80
Genesee County Emergency Medical Services Millage Renewal Proposal,"Mount Morris Township, Precinct 4",Yes,408,80
Genesee County Emergency Medical Services Millage Renewal Proposal,"Mount Morris Township, Precinct 4",No,156,80
Genesee County Emergency Medical Services Millage Renewal Proposal,"Mount Morris Township, Precinct 5",Yes,240,80
Genesee County Emergency Medical Services Millage Renewal Proposal,"Mount Morris Township, Precinct 5",No,72,80
Genesee County Emergency Medical Services Millage Renewal Proposal,"Mount Morris Township, Precinct 6",Yes,181,80
Genesee County Emergency Medical Services Millage Renewal Proposal,"Mount Morris Township, Precinct 6",No,56,80
Genesee County Emergency Medical Services Millage Renewal Proposal,"Mount Morris Township, Precinct 7",Yes,317,80
Genesee County Emergency Medical Services Millage Renewal Proposal,"Mount Morris Township, Precinct 7",No,76,80
Genesee County Emergency Medical Services Millage Renewal Proposal,"Mount Morris Township, Precinct 8",Yes,246,80
Genesee County Emergency Medical Services Millage Renewal Proposal,"Mount Morris Township, Precinct 8",No,77,80
Genesee County Emergency Medical Services Millage Renewal Proposal,"Mount Morris Township, Precinct 9",Yes,193,80
Genesee County Emergency Medical Services Millage Renewal Proposal,"Mount Morris Township, Precinct 9",No,46,80
Genesee County Emergency Medical Services Millage Renewal Proposal,"Mount Morris Township, Precinct 10",Yes,142,80
Genesee County Emergency Medical Services Millage Renewal Proposal,"Mount Morris Township, Precinct 10",No,42,80
Genesee County Emergency Medical Services Millage Renewal Proposal,"Mundy Township, Precinct 1",Yes,695,80
Genesee County Emergency Medical Services Millage Renewal Proposal,"Mundy Township, Precinct 1",No,271,80
Genesee County Emergency Medical Services Millage Renewal Proposal,"Mundy Township, Precinct 2",Yes,447,80
Genesee County Emergency Medical Services Millage Renewal Proposal,"Mundy Township, Precinct 2",No,162,80
Genesee County Emergency Medical Services Millage Renewal Proposal,"Mundy Township, Precinct 3",Yes,650,80
Genesee County Emergency Medical Services Millage Renewal Proposal,"Mundy Township, Precinct 3",No,240,80
Genesee County Emergency Medical Services Millage Renewal Proposal,"Mundy Township, Precinct 4",Yes,379,80
Genesee County Emergency Medical Services Millage Renewal Proposal,"Mundy Township, Precinct 4",No,194,80
Genesee County Emergency Medical Services Millage Renewal Proposal,"Mundy Township, Precinct 5",Yes,329,80
Genesee County Emergency Medical Services Millage Renewal Proposal,"Mundy Township, Precinct 5",No,145,80
Genesee County Emergency Medical Services Millage Renewal Proposal,"Mundy Township, Precinct 6",Yes,249,80
Genesee County Emergency Medical Services Millage Renewal Proposal,"Mundy Township, Precinct 6",No,132,80
Genesee County Emergency Medical Services Millage Renewal Proposal,"Mundy Township, Precinct 7",Yes,314,80
Genesee County Emergency Medical Services Millage Renewal Proposal,"Mundy Township, Precinct 7",No,126,80
Genesee County Emergency Medical Services Millage Renewal Proposal,"Richfield Township, Precinct 1",Yes,1138,80
Genesee County Emergency Medical Services Millage Renewal Proposal,"Richfield Township, Precinct 1",No,511,80
Genesee County Emergency Medical Services Millage Renewal Proposal,"Richfield Township, Precinct 2",Yes,543,80
Genesee County Emergency Medical Services Millage Renewal Proposal,"Richfield Township, Precinct 2",No,210,80
Genesee County Emergency Medical Services Millage Renewal Proposal,"City of Swartz Creek, Precinct 1",Yes,331,80
Genesee County Emergency Medical Services Millage Renewal Proposal,"City of Swartz Creek, Precinct 1",No,86,80
Genesee County Emergency Medical Services Millage Renewal Proposal,"City of Swartz Creek, Precinct 2",Yes,296,80
Genesee County Emergency Medical Services Millage Renewal Proposal,"City of Swartz Creek, Precinct 2",No,53,80
Genesee County Emergency Medical Services Millage Renewal Proposal,"City of Swartz Creek, Precinct 3",Yes,224,80
Genesee County Emergency Medical Services Millage Renewal Proposal,"City of Swartz Creek, Precinct 3",No,78,80
Genesee County Emergency Medical Services Millage Renewal Proposal,"City of Swartz Creek, Precinct 4",Yes,433,80
Genesee County Emergency Medical Services Millage Renewal Proposal,"City of Swartz Creek, Precinct 4",No,141,80
Genesee County Emergency Medical Services Millage Renewal Proposal,"Thetford Township, Precinct 1",Yes,422,80
Genesee County Emergency Medical Services Millage Renewal Proposal,"Thetford Township, Precinct 1",No,235,80
Genesee County Emergency Medical Services Millage Renewal Proposal,"Thetford Township, Precinct 2",Yes,473,80
Genesee County Emergency Medical Services Millage Renewal Proposal,"Thetford Township, Precinct 2",No,267,80
Genesee County Emergency Medical Services Millage Renewal Proposal,"Vienna Township, Precinct 1",Yes,551,80
Genesee County Emergency Medical Services Millage Renewal Proposal,"Vienna Township, Precinct 1",No,212,80
Genesee County Emergency Medical Services Millage Renewal Proposal,"Vienna Township, Precinct 2",Yes,500,80
Genesee County Emergency Medical Services Millage Renewal Proposal,"Vienna Township, Precinct 2",No,195,80
Genesee County Emergency Medical Services Millage Renewal Proposal,"Vienna Township, Precinct 3",Yes,446,80
Genesee County Emergency Medical Services Millage Renewal Proposal,"Vienna Township, Precinct 3",No,150,80
Genesee County Emergency Medical Services Millage Renewal Proposal,"Vienna Township, Precinct 4",Yes,447,80
Genesee County Emergency Medical Services Millage Renewal Proposal,"Vienna Township, Precinct 4",No,163,80
Genesee County Emergency Medical Services Millage Renewal Proposal,"Vienna Township, Precinct 5",Yes,365,80
Genesee County Emergency Medical Services Millage Renewal Proposal,"Vienna Township, Precinct 5",No,143,80
Genesee County Arts Education & Cultural Enrichment Millage Renewal Proposal,"Argentine Township, Precinct 1",Yes,460,83
Genesee County Arts Education & Cultural Enrichment Millage Renewal Proposal,"Argentine Township, Precinct 1",No,374,83
Genesee County Arts Education & Cultural Enrichment Millage Renewal Proposal,"Argentine Township, Precinct 2",Yes,373,83
Genesee County Arts Education & Cultural Enrichment Millage Renewal Proposal,"Argentine Township, Precinct 2",No,346,83
Genesee County Arts Education & Cultural Enrichment Millage Renewal Proposal,"Argentine Township, Precinct 3",Yes,108,83
Genesee County Arts Education & Cultural Enrichment Millage Renewal Proposal,"Argentine Township, Precinct 3",No,108,83
Genesee County Arts Education & Cultural Enrichment Millage Renewal Proposal,"Atlas Township, Precinct 1",Yes,475,83
Genesee County Arts Education & Cultural Enrichment Millage Renewal Proposal,"Atlas Township, Precinct 1",No,446,83
Genesee County Arts Education & Cultural Enrichment Millage Renewal Proposal,"Atlas Township, Precinct 2",Yes,296,83
Genesee County Arts Education & Cultural Enrichment Millage Renewal Proposal,"Atlas Township, Precinct 2",No,264,83
Genesee County Arts Education & Cultural Enrichment Millage Renewal Proposal,"Atlas Township, Precinct 3",Yes,483,83
Genesee County Arts Education & Cultural Enrichment Millage Renewal Proposal,"Atlas Township, Precinct 3",No,535,83
Genesee County Arts Education & Cultural Enrichment Millage Renewal Proposal,"City of Burton, Precinct 1",Yes,176,83
Genesee County Arts Education & Cultural Enrichment Millage Renewal Proposal,"City of Burton, Precinct 1",No,63,83
Genesee County Arts Education & Cultural Enrichment Millage Renewal Proposal,"City of Burton, Precinct 2",Yes,507,83
Genesee County Arts Education & Cultural Enrichment Millage Renewal Proposal,"City of Burton, Precinct 2",No,231,83
Genesee County Arts Education & Cultural Enrichment Millage Renewal Proposal,"City of Burton, Precinct 3",Yes,621,83
Genesee County Arts Education & Cultural Enrichment Millage Renewal Proposal,"City of Burton, Precinct 3",No,269,83
Genesee County Arts Education & Cultural Enrichment Millage Renewal Proposal,"City of Burton, Precinct 4",Yes,784,83
Genesee County Arts Education & Cultural Enrichment Millage Renewal Proposal,"City of Burton, Precinct 4",No,463,83
Genesee County Arts Education & Cultural Enrichment Millage Renewal Proposal,"City of Burton, Precinct 5",Yes,608,83
Genesee County Arts Education & Cultural Enrichment Millage Renewal Proposal,"City of Burton, Precinct 5",No,395,83
Genesee County Arts Education & Cultural Enrichment Millage Renewal Proposal,"City of Burton, Precinct 6",Yes,504,83
Genesee County Arts Education & Cultural Enrichment Millage Renewal Proposal,"City of Burton, Precinct 6",No,260,83
Genesee County Arts Education & Cultural Enrichment Millage Renewal Proposal,"City of Burton, Precinct 7",Yes,678,83
Genesee County Arts Education & Cultural Enrichment Millage Renewal Proposal,"City of Burton, Precinct 7",No,317,83
Genesee County Arts Education & Cultural Enrichment Millage Renewal Proposal,"Clayton Township, Precinct 1",Yes,526,83
Genesee County Arts Education & Cultural Enrichment Millage Renewal Proposal,"Clayton Township, Precinct 1",No,306,83
Genesee County Arts Education & Cultural Enrichment Millage Renewal Proposal,"Clayton Township, Precinct 2",Yes,409,83
Genesee County Arts Education & Cultural Enrichment Millage Renewal Proposal,"Clayton Township, Precinct 2",No,216,83
Genesee County Arts Education & Cultural Enrichment Millage Renewal Proposal,"Clayton Township, Precinct 3",Yes,269,83
Genesee County Arts Education & Cultural Enrichment Millage Renewal Proposal,"Clayton Township, Precinct 3",No,162,83
Genesee County Arts Education & Cultural Enrichment Millage Renewal Proposal,"Clayton Township, Precinct 4",Yes,221,83
Genesee County Arts Education & Cultural Enrichment Millage Renewal Proposal,"Clayton Township, Precinct 4",No,164,83
Genesee County Arts Education & Cultural Enrichment Millage Renewal Proposal,"City of Clio, Precinct 1",Yes,358,83
Genesee County Arts Education & Cultural Enrichment Millage Renewal Proposal,"City of Clio, Precinct 1",No,157,83
Genesee County Arts Education & Cultural Enrichment Millage Renewal Proposal,"City of Davison, Precinct 1",Yes,414,83
Genesee County Arts Education & Cultural Enrichment Millage Renewal Proposal,"City of Davison, Precinct 1",No,212,83
Genesee County Arts Education & Cultural Enrichment Millage Renewal Proposal,"City of Davison, Precinct 2",Yes,463,83
Genesee County Arts Education & Cultural Enrichment Millage Renewal Proposal,"City of Davison, Precinct 2",No,183,83
Genesee County Arts Education & Cultural Enrichment Millage Renewal Proposal,"Davison Township, Precinct 1",Yes,457,83
Genesee County Arts Education & Cultural Enrichment Millage Renewal Proposal,"Davison Township, Precinct 1",No,292,83
Genesee County Arts Education & Cultural Enrichment Millage Renewal Proposal,"Davison Township, Precinct 2",Yes,466,83
Genesee County Arts Education & Cultural Enrichment Millage Renewal Proposal,"Davison Township, Precinct 2",No,299,83
Genesee County Arts Education & Cultural Enrichment Millage Renewal Proposal,"Davison Township, Precinct 3",Yes,316,83
Genesee County Arts Education & Cultural Enrichment Millage Renewal Proposal,"Davison Township, Precinct 3",No,223,83
Genesee County Arts Education & Cultural Enrichment Millage Renewal Proposal,"Davison Township, Precinct 4",Yes,546,83
Genesee County Arts Education & Cultural Enrichment Millage Renewal Proposal,"Davison Township, Precinct 4",No,224,83
Genesee County Arts Education & Cultural Enrichment Millage Renewal Proposal,"Davison Township, Precinct 5",Yes,281,83
Genesee County Arts Education & Cultural Enrichment Millage Renewal Proposal,"Davison Township, Precinct 5",No,120,83
Genesee County Arts Education & Cultural Enrichment Millage Renewal Proposal,"Davison Township, Precinct 6",Yes,448,83
Genesee County Arts Education & Cultural Enrichment Millage Renewal Proposal,"Davison Township, Precinct 6",No,141,83
Genesee County Arts Education & Cultural Enrichment Millage Renewal Proposal,"Davison Township, Precinct 7",Yes,288,83
Genesee County Arts Education & Cultural Enrichment Millage Renewal Proposal,"Davison Township, Precinct 7",No,243,83
Genesee County Arts Education & Cultural Enrichment Millage Renewal Proposal,"Davison Township, Precinct 8",Yes,617,83
Genesee County Arts Education & Cultural Enrichment Millage Renewal Proposal,"Davison Township, Precinct 8",No,383,83
Genesee County Arts Education & Cultural Enrichment Millage Renewal Proposal,"City of Fenton, Precinct 1",Yes,320,83
Genesee County Arts Education & Cultural Enrichment Millage Renewal Proposal,"City of Fenton, Precinct 1",No,156,83
Genesee County Arts Education & Cultural Enrichment Millage Renewal Proposal,"City of Fenton, Precinct 2",Yes,854,83
Genesee County Arts Education & Cultural Enrichment Millage Renewal Proposal,"City of Fenton, Precinct 2",No,330,83
Genesee County Arts Education & Cultural Enrichment Millage Renewal Proposal,"City of Fenton, Precinct 3",Yes,687,83
Genesee County Arts Education & Cultural Enrichment Millage Renewal Proposal,"City of Fenton, Precinct 3",No,291,83
Genesee County Arts Education & Cultural Enrichment Millage Renewal Proposal,"Fenton Township, Precinct 1",Yes,614,83
Genesee County Arts Education & Cultural Enrichment Millage Renewal Proposal,"Fenton Township, Precinct 1",No,392,83
Genesee County Arts Education & Cultural Enrichment Millage Renewal Proposal,"Fenton Township, Precinct 2",Yes,577,83
Genesee County Arts Education & Cultural Enrichment Millage Renewal Proposal,"Fenton Township, Precinct 2",No,409,83
Genesee County Arts Education & Cultural Enrichment Millage Renewal Proposal,"Fenton Township, Precinct 3",Yes,558,83
Genesee County Arts Education & Cultural Enrichment Millage Renewal Proposal,"Fenton Township, Precinct 3",No,379,83
Genesee County Arts Education & Cultural Enrichment Millage Renewal Proposal,"Fenton Township, Precinct 4",Yes,552,83
Genesee County Arts Education & Cultural Enrichment Millage Renewal Proposal,"Fenton Township, Precinct 4",No,277,83
Genesee County Arts Education & Cultural Enrichment Millage Renewal Proposal,"Fenton Township, Precinct 5",Yes,610,83
Genesee County Arts Education & Cultural Enrichment Millage Renewal Proposal,"Fenton Township, Precinct 5",No,295,83
Genesee County Arts Education & Cultural Enrichment Millage Renewal Proposal,"Fenton Township, Precinct 6",Yes,598,83
Genesee County Arts Education & Cultural Enrichment Millage Renewal Proposal,"Fenton Township, Precinct 6",No,342,83
Genesee County Arts Education & Cultural Enrichment Millage Renewal Proposal,"City of Flint, Precinct 1",Yes,762,83
Genesee County Arts Education & Cultural Enrichment Millage Renewal Proposal,"City of Flint, Precinct 1",No,138,83
Genesee County Arts Education & Cultural Enrichment Millage Renewal Proposal,"City of Flint, Precinct 2",Yes,560,83
Genesee County Arts Education & Cultural Enrichment Millage Renewal Proposal,"City of Flint, Precinct 2",No,101,83
Genesee County Arts Education & Cultural Enrichment Millage Renewal Proposal,"City of Flint, Precinct 3",Yes,14,83
Genesee County Arts Education & Cultural Enrichment Millage Renewal Proposal,"City of Flint, Precinct 3",No,3,83
Genesee County Arts Education & Cultural Enrichment Millage Renewal Proposal,"City of Flint, Precinct 4",Yes,181,83
Genesee County Arts Education & Cultural Enrichment Millage Renewal Proposal,"City of Flint, Precinct 4",No,26,83
Genesee County Arts Education & Cultural Enrichment Millage Renewal Proposal,"City of Flint, Precinct 5",Yes,521,83
Genesee County Arts Education & Cultural Enrichment Millage Renewal Proposal,"City of Flint, Precinct 5",No,78,83
Genesee County Arts Education & Cultural Enrichment Millage Renewal Proposal,"City of Flint, Precinct 6",Yes,587,83
Genesee County Arts Education & Cultural Enrichment Millage Renewal Proposal,"City of Flint, Precinct 6",No,107,83
Genesee County Arts Education & Cultural Enrichment Millage Renewal Proposal,"City of Flint, Precinct 7",Yes,197,83
Genesee County Arts Education & Cultural Enrichment Millage Renewal Proposal,"City of Flint, Precinct 7",No,24,83
Genesee County Arts Education & Cultural Enrichment Millage Renewal Proposal,"City of Flint, Precinct 8",Yes,234,83
Genesee County Arts Education & Cultural Enrichment Millage Renewal Proposal,"City of Flint, Precinct 8",No,38,83
Genesee County Arts Education & Cultural Enrichment Millage Renewal Proposal,"City of Flint, Precinct 9",Yes,264,83
Genesee County Arts Education & Cultural Enrichment Millage Renewal Proposal,"City of Flint, Precinct 9",No,47,83
Genesee County Arts Education & Cultural Enrichment Millage Renewal Proposal,"City of Flint, Precinct 10",Yes,196,83
Genesee County Arts Education & Cultural Enrichment Millage Renewal Proposal,"City of Flint, Precinct 10",No,75,83
Genesee County Arts Education & Cultural Enrichment Millage Renewal Proposal,"City of Flint, Precinct 11",Yes,279,83
Genesee County Arts Education & Cultural Enrichment Millage Renewal Proposal,"City of Flint, Precinct 11",No,71,83
Genesee County Arts Education & Cultural Enrichment Millage Renewal Proposal,"City of Flint, Precinct 12",Yes,445,83
Genesee County Arts Education & Cultural Enrichment Millage Renewal Proposal,"City of Flint, Precinct 12",No,161,83
Genesee County Arts Education & Cultural Enrichment Millage Renewal Proposal,"City of Flint, Precinct 13",Yes,10,83
Genesee County Arts Education & Cultural Enrichment Millage Renewal Proposal,"City of Flint, Precinct 13",No,1,83
Genesee County Arts Education & Cultural Enrichment Millage Renewal Proposal,"City of Flint, Precinct 14",Yes,634,83
Genesee County Arts Education & Cultural Enrichment Millage Renewal Proposal,"City of Flint, Precinct 14",No,112,83
Genesee County Arts Education & Cultural Enrichment Millage Renewal Proposal,"City of Flint, Precinct 15",Yes,539,83
Genesee County Arts Education & Cultural Enrichment Millage Renewal Proposal,"City of Flint, Precinct 15",No,77,83
Genesee County Arts Education & Cultural Enrichment Millage Renewal Proposal,"City of Flint, Precinct 16",Yes,515,83
Genesee County Arts Education & Cultural Enrichment Millage Renewal Proposal,"City of Flint, Precinct 16",No,79,83
Genesee County Arts Education & Cultural Enrichment Millage Renewal Proposal,"City of Flint, Precinct 17",Yes,361,83
Genesee County Arts Education & Cultural Enrichment Millage Renewal Proposal,"City of Flint, Precinct 17",No,88,83
Genesee County Arts Education & Cultural Enrichment Millage Renewal Proposal,"City of Flint, Precinct 18",Yes,66,83
Genesee County Arts Education & Cultural Enrichment Millage Renewal Proposal,"City of Flint, Precinct 18",No,17,83
Genesee County Arts Education & Cultural Enrichment Millage Renewal Proposal,"City of Flint, Precinct 19",Yes,236,83
Genesee County Arts Education & Cultural Enrichment Millage Renewal Proposal,"City of Flint, Precinct 19",No,26,83
Genesee County Arts Education & Cultural Enrichment Millage Renewal Proposal,"City of Flint, Precinct 20",Yes,757,83
Genesee County Arts Education & Cultural Enrichment Millage Renewal Proposal,"City of Flint, Precinct 20",No,74,83
Genesee County Arts Education & Cultural Enrichment Millage Renewal Proposal,"City of Flint, Precinct 21",Yes,949,83
Genesee County Arts Education & Cultural Enrichment Millage Renewal Proposal,"City of Flint, Precinct 21",No,107,83
Genesee County Arts Education & Cultural Enrichment Millage Renewal Proposal,"City of Flint, Precinct 22",Yes,28,83
Genesee County Arts Education & Cultural Enrichment Millage Renewal Proposal,"City of Flint, Precinct 22",No,8,83
Genesee County Arts Education & Cultural Enrichment Millage Renewal Proposal,"City of Flint, Precinct 23",Yes,811,83
Genesee County Arts Education & Cultural Enrichment Millage Renewal Proposal,"City of Flint, Precinct 23",No,147,83
Genesee County Arts Education & Cultural Enrichment Millage Renewal Proposal,"City of Flint, Precinct 24",Yes,338,83
Genesee County Arts Education & Cultural Enrichment Millage Renewal Proposal,"City of Flint, Precinct 24",No,104,83
Genesee County Arts Education & Cultural Enrichment Millage Renewal Proposal,"City of Flint, Precinct 25",Yes,55,83
Genesee County Arts Education & Cultural Enrichment Millage Renewal Proposal,"City of Flint, Precinct 25",No,4,83
Genesee County Arts Education & Cultural Enrichment Millage Renewal Proposal,"City of Flint, Precinct 26",Yes,79,83
Genesee County Arts Education & Cultural Enrichment Millage Renewal Proposal,"City of Flint, Precinct 26",No,37,83
Genesee County Arts Education & Cultural Enrichment Millage Renewal Proposal,"City of Flint, Precinct 27",Yes,4,83
Genesee County Arts Education & Cultural Enrichment Millage Renewal Proposal,"City of Flint, Precinct 27",No,3,83
Genesee County Arts Education & Cultural Enrichment Millage Renewal Proposal,"City of Flint, Precinct 28",Yes,375,83
Genesee County Arts Education & Cultural Enrichment Millage Renewal Proposal,"City of Flint, Precinct 28",No,71,83
Genesee County Arts Education & Cultural Enrichment Millage Renewal Proposal,"City of Flint, Precinct 29",Yes,333,83
Genesee County Arts Education & Cultural Enrichment Millage Renewal Proposal,"City of Flint, Precinct 29",No,77,83
Genesee County Arts Education & Cultural Enrichment Millage Renewal Proposal,"Flint Township, Precinct 1",Yes,1171,83
Genesee County Arts Education & Cultural Enrichment Millage Renewal Proposal,"Flint Township, Precinct 1",No,259,83
Genesee County Arts Education & Cultural Enrichment Millage Renewal Proposal,"Flint Township, Precinct 2",Yes,688,83
Genesee County Arts Education & Cultural Enrichment Millage Renewal Proposal,"Flint Township, Precinct 2",No,137,83
Genesee County Arts Education & Cultural Enrichment Millage Renewal Proposal,"Flint Township, Precinct 3",Yes,1043,83
Genesee County Arts Education & Cultural Enrichment Millage Renewal Proposal,"Flint Township, Precinct 3",No,381,83
Genesee County Arts Education & Cultural Enrichment Millage Renewal Proposal,"Flint Township, Precinct 4",Yes,261,83
Genesee County Arts Education & Cultural Enrichment Millage Renewal Proposal,"Flint Township, Precinct 4",No,88,83
Genesee County Arts Education & Cultural Enrichment Millage Renewal Proposal,"Flint Township, Precinct 5",Yes,552,83
Genesee County Arts Education & Cultural Enrichment Millage Renewal Proposal,"Flint Township, Precinct 5",No,217,83
Genesee County Arts Education & Cultural Enrichment Millage Renewal Proposal,"Flint Township, Precinct 6",Yes,205,83
Genesee County Arts Education & Cultural Enrichment Millage Renewal Proposal,"Flint Township, Precinct 6",No,78,83
Genesee County Arts Education & Cultural Enrichment Millage Renewal Proposal,"Flint Township, Precinct 7",Yes,265,83
Genesee County Arts Education & Cultural Enrichment Millage Renewal Proposal,"Flint Township, Precinct 7",No,116,83
Genesee County Arts Education & Cultural Enrichment Millage Renewal Proposal,"Flint Township, Precinct 8",Yes,852,83
Genesee County Arts Education & Cultural Enrichment Millage Renewal Proposal,"Flint Township, Precinct 8",No,330,83
Genesee County Arts Education & Cultural Enrichment Millage Renewal Proposal,"City of Flushing, Precinct 1",Yes,485,83
Genesee County Arts Education & Cultural Enrichment Millage Renewal Proposal,"City of Flushing, Precinct 1",No,165,83
Genesee County Arts Education & Cultural Enrichment Millage Renewal Proposal,"City of Flushing, Precinct 2",Yes,499,83
Genesee County Arts Education & Cultural Enrichment Millage Renewal Proposal,"City of Flushing, Precinct 2",No,163,83
Genesee County Arts Education & Cultural Enrichment Millage Renewal Proposal,"City of Flushing, Precinct 3",Yes,409,83
Genesee County Arts Education & Cultural Enrichment Millage Renewal Proposal,"City of Flushing, Precinct 3",No,170,83
Genesee County Arts Education & Cultural Enrichment Millage Renewal Proposal,"City of Flushing, Precinct 4",Yes,426,83
Genesee County Arts Education & Cultural Enrichment Millage Renewal Proposal,"City of Flushing, Precinct 4",No,193,83
Genesee County Arts Education & Cultural Enrichment Millage Renewal Proposal,"Flushing Township, Precinct 1",Yes,458,83
Genesee County Arts Education & Cultural Enrichment Millage Renewal Proposal,"Flushing Township, Precinct 1",No,312,83
Genesee County Arts Education & Cultural Enrichment Millage Renewal Proposal,"Flushing Township, Precinct 2",Yes,336,83
Genesee County Arts Education & Cultural Enrichment Millage Renewal Proposal,"Flushing Township, Precinct 2",No,206,83
Genesee County Arts Education & Cultural Enrichment Millage Renewal Proposal,"Flushing Township, Precinct 3",Yes,633,83
Genesee County Arts Education & Cultural Enrichment Millage Renewal Proposal,"Flushing Township, Precinct 3",No,318,83
Genesee County Arts Education & Cultural Enrichment Millage Renewal Proposal,"Flushing Township, Precinct 4",Yes,474,83
Genesee County Arts Education & Cultural Enrichment Millage Renewal Proposal,"Flushing Township, Precinct 4",No,222,83
Genesee County Arts Education & Cultural Enrichment Millage Renewal Proposal,"Forest Township, Precinct 1",Yes,725,83
Genesee County Arts Education & Cultural Enrichment Millage Renewal Proposal,"Forest Township, Precinct 1",No,625,83
Genesee County Arts Education & Cultural Enrichment Millage Renewal Proposal,"Gaines Township, Precinct 1",Yes,499,83
Genesee County Arts Education & Cultural Enrichment Millage Renewal Proposal,"Gaines Township, Precinct 1",No,392,83
Genesee County Arts Education & Cultural Enrichment Millage Renewal Proposal,"Gaines Township, Precinct 2",Yes,190,83
Genesee County Arts Education & Cultural Enrichment Millage Renewal Proposal,"Gaines Township, Precinct 2",No,195,83
Genesee County Arts Education & Cultural Enrichment Millage Renewal Proposal,"Gaines Township, Precinct 3",Yes,306,83
Genesee County Arts Education & Cultural Enrichment Millage Renewal Proposal,"Gaines Township, Precinct 3",No,311,83
Genesee County Arts Education & Cultural Enrichment Millage Renewal Proposal,"Genesee Township, Precinct 1",Yes,396,83
Genesee County Arts Education & Cultural Enrichment Millage Renewal Proposal,"Genesee Township, Precinct 1",No,179,83
Genesee County Arts Education & Cultural Enrichment Millage Renewal Proposal,"Genesee Township, Precinct 2",Yes,150,83
Genesee County Arts Education & Cultural Enrichment Millage Renewal Proposal,"Genesee Township, Precinct 2",No,56,83
Genesee County Arts Education & Cultural Enrichment Millage Renewal Proposal,"Genesee Township, Precinct 3",Yes,441,83
Genesee County Arts Education & Cultural Enrichment Millage Renewal Proposal,"Genesee Township, Precinct 3",No,249,83
Genesee County Arts Education & Cultural Enrichment Millage Renewal Proposal,"Genesee Township, Precinct 4",Yes,363,83
Genesee County Arts Education & Cultural Enrichment Millage Renewal Proposal,"Genesee Township, Precinct 4",No,235,83
Genesee County Arts Education & Cultural Enrichment Millage Renewal Proposal,"Genesee Township, Precinct 5",Yes,620,83
Genesee County Arts Education & Cultural Enrichment Millage Renewal Proposal,"Genesee Township, Precinct 5",No,267,83
Genesee County Arts Education & Cultural Enrichment Millage Renewal Proposal,"Genesee Township, Precinct 6",Yes,378,83
Genesee County Arts Education & Cultural Enrichment Millage Renewal Proposal,"Genesee Township, Precinct 6",No,175,83
Genesee County Arts Education & Cultural Enrichment Millage Renewal Proposal,"Genesee Township, Precinct 7",Yes,334,83
Genesee County Arts Education & Cultural Enrichment Millage Renewal Proposal,"Genesee Township, Precinct 7",No,184,83
Genesee County Arts Education & Cultural Enrichment Millage Renewal Proposal,"City of Grand Blanc, Precinct 1",Yes,872,83
Genesee County Arts Education & Cultural Enrichment Millage Renewal Proposal,"City of Grand Blanc, Precinct 1",No,337,83
Genesee County Arts Education & Cultural Enrichment Millage Renewal Proposal,"City of Grand Blanc, Precinct 2",Yes,815,83
Genesee County Arts Education & Cultural Enrichment Millage Renewal Proposal,"City of Grand Blanc, Precinct 2",No,355,83
Genesee County Arts Education & Cultural Enrichment Millage Renewal Proposal,"Grand Blanc Township, Precinct 1",Yes,771,83
Genesee County Arts Education & Cultural Enrichment Millage Renewal Proposal,"Grand Blanc Township, Precinct 1",No,334,83
Genesee County Arts Education & Cultural Enrichment Millage Renewal Proposal,"Grand Blanc Township, Precinct 2",Yes,219,83
Genesee County Arts Education & Cultural Enrichment Millage Renewal Proposal,"Grand Blanc Township, Precinct 2",No,132,83
Genesee County Arts Education & Cultural Enrichment Millage Renewal Proposal,"Grand Blanc Township, Precinct 3",Yes,829,83
Genesee County Arts Education & Cultural Enrichment Millage Renewal Proposal,"Grand Blanc Township, Precinct 3",No,496,83
Genesee County Arts Education & Cultural Enrichment Millage Renewal Proposal,"Grand Blanc Township, Precinct 4",Yes,987,83
Genesee County Arts Education & Cultural Enrichment Millage Renewal Proposal,"Grand Blanc Township, Precinct 4",No,505,83
Genesee County Arts Education & Cultural Enrichment Millage Renewal Proposal,"Grand Blanc Township, Precinct 5",Yes,462,83
Genesee County Arts Education & Cultural Enrichment Millage Renewal Proposal,"Grand Blanc Township, Precinct 5",No,277,83
Genesee County Arts Education & Cultural Enrichment Millage Renewal Proposal,"Grand Blanc Township, Precinct 6",Yes,597,83
Genesee County Arts Education & Cultural Enrichment Millage Renewal Proposal,"Grand Blanc Township, Precinct 6",No,309,83
Genesee County Arts Education & Cultural Enrichment Millage Renewal Proposal,"Grand Blanc Township, Precinct 7",Yes,1032,83
Genesee County Arts Education & Cultural Enrichment Millage Renewal Proposal,"Grand Blanc Township, Precinct 7",No,412,83
Genesee County Arts Education & Cultural Enrichment Millage Renewal Proposal,"Grand Blanc Township, Precinct 8",Yes,787,83
Genesee County Arts Education & Cultural Enrichment Millage Renewal Proposal,"Grand Blanc Township, Precinct 8",No,517,83
Genesee County Arts Education & Cultural Enrichment Millage Renewal Proposal,"Grand Blanc Township, Precinct 9",Yes,579,83
Genesee County Arts Education & Cultural Enrichment Millage Renewal Proposal,"Grand Blanc Township, Precinct 9",No,273,83
Genesee County Arts Education & Cultural Enrichment Millage Renewal Proposal,"Grand Blanc Township, Precinct 10",Yes,600,83
Genesee County Arts Education & Cultural Enrichment Millage Renewal Proposal,"Grand Blanc Township, Precinct 10",No,201,83
Genesee County Arts Education & Cultural Enrichment Millage Renewal Proposal,"City of Linden, Precinct 1",Yes,745,83
Genesee County Arts Education & Cultural Enrichment Millage Renewal Proposal,"City of Linden, Precinct 1",No,483,83
Genesee County Arts Education & Cultural Enrichment Millage Renewal Proposal,"City of Montrose, Precinct 1",Yes,184,83
Genesee County Arts Education & Cultural Enrichment Millage Renewal Proposal,"City of Montrose, Precinct 1",No,95,83
Genesee County Arts Education & Cultural Enrichment Millage Renewal Proposal,"Montrose Township, Precinct 1",Yes,143,83
Genesee County Arts Education & Cultural Enrichment Millage Renewal Proposal,"Montrose Township, Precinct 1",No,148,83
Genesee County Arts Education & Cultural Enrichment Millage Renewal Proposal,"Montrose Township, Precinct 2",Yes,147,83
Genesee County Arts Education & Cultural Enrichment Millage Renewal Proposal,"Montrose Township, Precinct 2",No,109,83
Genesee County Arts Education & Cultural Enrichment Millage Renewal Proposal,"Montrose Township, Precinct 3",Yes,174,83
Genesee County Arts Education & Cultural Enrichment Millage Renewal Proposal,"Montrose Township, Precinct 3",No,172,83
Genesee County Arts Education & Cultural Enrichment Millage Renewal Proposal,"Montrose Township, Precinct 4",Yes,171,83
Genesee County Arts Education & Cultural Enrichment Millage Renewal Proposal,"Montrose Township, Precinct 4",No,224,83
Genesee County Arts Education & Cultural Enrichment Millage Renewal Proposal,"City of Mount Morris, Precinct 1",Yes,315,83
Genesee County Arts Education & Cultural Enrichment Millage Renewal Proposal,"City of Mount Morris, Precinct 1",No,106,83
Genesee County Arts Education & Cultural Enrichment Millage Renewal Proposal,"Mount Morris Township, Precinct 1",Yes,129,83
Genesee County Arts Education & Cultural Enrichment Millage Renewal Proposal,"Mount Morris Township, Precinct 1",No,61,83
Genesee County Arts Education & Cultural Enrichment Millage Renewal Proposal,"Mount Morris Township, Precinct 2",Yes,270,83
Genesee County Arts Education & Cultural Enrichment Millage Renewal Proposal,"Mount Morris Township, Precinct 2",No,154,83
Genesee County Arts Education & Cultural Enrichment Millage Renewal Proposal,"Mount Morris Township, Precinct 3",Yes,178,83
Genesee County Arts Education & Cultural Enrichment Millage Renewal Proposal,"Mount Morris Township, Precinct 3",No,130,83
Genesee County Arts Education & Cultural Enrichment Millage Renewal Proposal,"Mount Morris Township, Precinct 4",Yes,413,83
Genesee County Arts Education & Cultural Enrichment Millage Renewal Proposal,"Mount Morris Township, Precinct 4",No,179,83
Genesee County Arts Education & Cultural Enrichment Millage Renewal Proposal,"Mount Morris Township, Precinct 5",Yes,250,83
Genesee County Arts Education & Cultural Enrichment Millage Renewal Proposal,"Mount Morris Township, Precinct 5",No,70,83
Genesee County Arts Education & Cultural Enrichment Millage Renewal Proposal,"Mount Morris Township, Precinct 6",Yes,190,83
Genesee County Arts Education & Cultural Enrichment Millage Renewal Proposal,"Mount Morris Township, Precinct 6",No,55,83
Genesee County Arts Education & Cultural Enrichment Millage Renewal Proposal,"Mount Morris Township, Precinct 7",Yes,352,83
Genesee County Arts Education & Cultural Enrichment Millage Renewal Proposal,"Mount Morris Township, Precinct 7",No,57,83
Genesee County Arts Education & Cultural Enrichment Millage Renewal Proposal,"Mount Morris Township, Precinct 8",Yes,274,83
Genesee County Arts Education & Cultural Enrichment Millage Renewal Proposal,"Mount Morris Township, Precinct 8",No,62,83
Genesee County Arts Education & Cultural Enrichment Millage Renewal Proposal,"Mount Morris Township, Precinct 9",Yes,209,83
Genesee County Arts Education & Cultural Enrichment Millage Renewal Proposal,"Mount Morris Township, Precinct 9",No,38,83
Genesee County Arts Education & Cultural Enrichment Millage Renewal Proposal,"Mount Morris Township, Precinct 10",Yes,148,83
Genesee County Arts Education & Cultural Enrichment Millage Renewal Proposal,"Mount Morris Township, Precinct 10",No,41,83
Genesee County Arts Education & Cultural Enrichment Millage Renewal Proposal,"Mundy Township, Precinct 1",Yes,655,83
Genesee County Arts Education & Cultural Enrichment Millage Renewal Proposal,"Mundy Township, Precinct 1",No,349,83
Genesee County Arts Education & Cultural Enrichment Millage Renewal Proposal,"Mundy Township, Precinct 2",Yes,422,83
Genesee County Arts Education & Cultural Enrichment Millage Renewal Proposal,"Mundy Township, Precinct 2",No,200,83
Genesee County Arts Education & Cultural Enrichment Millage Renewal Proposal,"Mundy Township, Precinct 3",Yes,604,83
Genesee County Arts Education & Cultural Enrichment Millage Renewal Proposal,"Mundy Township, Precinct 3",No,342,83
Genesee County Arts Education & Cultural Enrichment Millage Renewal Proposal,"Mundy Township, Precinct 4",Yes,358,83
Genesee County Arts Education & Cultural Enrichment Millage Renewal Proposal,"Mundy Township, Precinct 4",No,231,83
Genesee County Arts Education & Cultural Enrichment Millage Renewal Proposal,"Mundy Township, Precinct 5",Yes,288,83
Genesee County Arts Education & Cultural Enrichment Millage Renewal Proposal,"Mundy Township, Precinct 5",No,202,83
Genesee County Arts Education & Cultural Enrichment Millage Renewal Proposal,"Mundy Township, Precinct 6",Yes,218,83
Genesee County Arts Education & Cultural Enrichment Millage Renewal Proposal,"Mundy Township, Precinct 6",No,179,83
Genesee County Arts Education & Cultural Enrichment Millage Renewal Proposal,"Mundy Township, Precinct 7",Yes,287,83
Genesee County Arts Education & Cultural Enrichment Millage Renewal Proposal,"Mundy Township, Precinct 7",No,170,83
Genesee County Arts Education & Cultural Enrichment Millage Renewal Proposal,"Richfield Township, Precinct 1",Yes,1005,83
Genesee County Arts Education & Cultural Enrichment Millage Renewal Proposal,"Richfield Township, Precinct 1",No,652,83
Genesee County Arts Education & Cultural Enrichment Millage Renewal Proposal,"Richfield Township, Precinct 2",Yes,434,83
Genesee County Arts Education & Cultural Enrichment Millage Renewal Proposal,"Richfield Township, Precinct 2",No,301,83
Genesee County Arts Education & Cultural Enrichment Millage Renewal Proposal,"City of Swartz Creek, Precinct 1",Yes,308,83
Genesee County Arts Education & Cultural Enrichment Millage Renewal Proposal,"City of Swartz Creek, Precinct 1",No,126,83
Genesee County Arts Education & Cultural Enrichment Millage Renewal Proposal,"City of Swartz Creek, Precinct 2",Yes,269,83
Genesee County Arts Education & Cultural Enrichment Millage Renewal Proposal,"City of Swartz Creek, Precinct 2",No,95,83
Genesee County Arts Education & Cultural Enrichment Millage Renewal Proposal,"City of Swartz Creek, Precinct 3",Yes,225,83
Genesee County Arts Education & Cultural Enrichment Millage Renewal Proposal,"City of Swartz Creek, Precinct 3",No,98,83
Genesee County Arts Education & Cultural Enrichment Millage Renewal Proposal,"City of Swartz Creek, Precinct 4",Yes,389,83
Genesee County Arts Education & Cultural Enrichment Millage Renewal Proposal,"City of Swartz Creek, Precinct 4",No,225,83
Genesee County Arts Education & Cultural Enrichment Millage Renewal Proposal,"Thetford Township, Precinct 1",Yes,370,83
Genesee County Arts Education & Cultural Enrichment Millage Renewal Proposal,"Thetford Township, Precinct 1",No,326,83
Genesee County Arts Education & Cultural Enrichment Millage Renewal Proposal,"Thetford Township, Precinct 2",Yes,430,83
Genesee County Arts Education & Cultural Enrichment Millage Renewal Proposal,"Thetford Township, Precinct 2",No,342,83
Genesee County Arts Education & Cultural Enrichment Millage Renewal Proposal,"Vienna Township, Precinct 1",Yes,482,83
Genesee County Arts Education & Cultural Enrichment Millage Renewal Proposal,"Vienna Township, Precinct 1",No,319,83
Genesee County Arts Education & Cultural Enrichment Millage Renewal Proposal,"Vienna Township, Precinct 2",Yes,447,83
Genesee County Arts Education & Cultural Enrichment Millage Renewal Proposal,"Vienna Township, Precinct 2",No,298,83
Genesee County Arts Education & Cultural Enrichment Millage Renewal Proposal,"Vienna Township, Precinct 3",Yes,399,83
Genesee County Arts Education & Cultural Enrichment Millage Renewal Proposal,"Vienna Township, Precinct 3",No,227,83
Genesee County Arts Education & Cultural Enrichment Millage Renewal Proposal,"Vienna Township, Precinct 4",Yes,397,83
Genesee County Arts Education & Cultural Enrichment Millage Renewal Proposal,"Vienna Township, Precinct 4",No,235,83
Genesee County Arts Education & Cultural Enrichment Millage Renewal Proposal,"Vienna Township, Precinct 5",Yes,331,83
Genesee County Arts Education & Cultural Enrichment Millage Renewal Proposal,"Vienna Township, Precinct 5",No,204,83
Genesee County Mass Transportation Authority Millage Renewal Proposal,"Argentine Township, Precinct 1",Yes,423,5
Genesee County Mass Transportation Authority Millage Renewal Proposal,"Argentine Township, Precinct 1",No,407,5
Genesee County Mass Transportation Authority Millage Renewal Proposal,"Argentine Township, Precinct 2",Yes,353,5
Genesee County Mass Transportation Authority Millage Renewal Proposal,"Argentine Township, Precinct 2",No,363,5
Genesee County Mass Transportation Authority Millage Renewal Proposal,"Argentine Township, Precinct 3",Yes,103,5
Genesee County Mass Transportation Authority Millage Renewal Proposal,"Argentine Township, Precinct 3",No,114,5
Genesee County Mass Transportation Authority Millage Renewal Proposal,"Atlas Township, Precinct 1",Yes,434,5
Genesee County Mass Transportation Authority Millage Renewal Proposal,"Atlas Township, Precinct 1",No,481,5
Genesee County Mass Transportation Authority Millage Renewal Proposal,"Atlas Township, Precinct 2",Yes,253,5
Genesee County Mass Transportation Authority Millage Renewal Proposal,"Atlas Township, Precinct 2",No,300,5
Genesee County Mass Transportation Authority Millage Renewal Proposal,"Atlas Township, Precinct 3",Yes,405,5
Genesee County Mass Transportation Authority Millage Renewal Proposal,"Atlas Township, Precinct 3",No,603,5
Genesee County Mass Transportation Authority Millage Renewal Proposal,"City of Burton, Precinct 1",Yes,181,5
Genesee County Mass Transportation Authority Millage Renewal Proposal,"City of Burton, Precinct 1",No,57,5
Genesee County Mass Transportation Authority Millage Renewal Proposal,"City of Burton, Precinct 2",Yes,489,5
Genesee County Mass Transportation Authority Millage Renewal Proposal,"City of Burton, Precinct 2",No,247,5
Genesee County Mass Transportation Authority Millage Renewal Proposal,"City of Burton, Precinct 3",Yes,600,5
Genesee County Mass Transportation Authority Millage Renewal Proposal,"City of Burton, Precinct 3",No,287,5
Genesee County Mass Transportation Authority Millage Renewal Proposal,"City of Burton, Precinct 4",Yes,739,5
Genesee County Mass Transportation Authority Millage Renewal Proposal,"City of Burton, Precinct 4",No,496,5
Genesee County Mass Transportation Authority Millage Renewal Proposal,"City of Burton, Precinct 5",Yes,580,5
Genesee County Mass Transportation Authority Millage Renewal Proposal,"City of Burton, Precinct 5",No,419,5
Genesee County Mass Transportation Authority Millage Renewal Proposal,"City of Burton, Precinct 6",Yes,483,5
Genesee County Mass Transportation Authority Millage Renewal Proposal,"City of Burton, Precinct 6",No,281,5
Genesee County Mass Transportation Authority Millage Renewal Proposal,"City of Burton, Precinct 7",Yes,582,5
Genesee County Mass Transportation Authority Millage Renewal Proposal,"City of Burton, Precinct 7",No,409,5
Genesee County Mass Transportation Authority Millage Renewal Proposal,"Clayton Township, Precinct 1",Yes,487,5
Genesee County Mass Transportation Authority Millage Renewal Proposal,"Clayton Township, Precinct 1",No,336,5
Genesee County Mass Transportation Authority Millage Renewal Proposal,"Clayton Township, Precinct 2",Yes,363,5
Genesee County Mass Transportation Authority Millage Renewal Proposal,"Clayton Township, Precinct 2",No,253,5
Genesee County Mass Transportation Authority Millage Renewal Proposal,"Clayton Township, Precinct 3",Yes,248,5
Genesee County Mass Transportation Authority Millage Renewal Proposal,"Clayton Township, Precinct 3",No,183,5
Genesee County Mass Transportation Authority Millage Renewal Proposal,"Clayton Township, Precinct 4",Yes,188,5
Genesee County Mass Transportation Authority Millage Renewal Proposal,"Clayton Township, Precinct 4",No,192,5
Genesee County Mass Transportation Authority Millage Renewal Proposal,"City of Clio, Precinct 1",Yes,350,5
Genesee County Mass Transportation Authority Millage Renewal Proposal,"City of Clio, Precinct 1",No,160,5
Genesee County Mass Transportation Authority Millage Renewal Proposal,"City of Davison, Precinct 1",Yes,417,5
Genesee County Mass Transportation Authority Millage Renewal Proposal,"City of Davison, Precinct 1",No,207,5
Genesee County Mass Transportation Authority Millage Renewal Proposal,"City of Davison, Precinct 2",Yes,456,5
Genesee County Mass Transportation Authority Millage Renewal Proposal,"City of Davison, Precinct 2",No,190,5
Genesee County Mass Transportation Authority Millage Renewal Proposal,"Davison Township, Precinct 1",Yes,444,5
Genesee County Mass Transportation Authority Millage Renewal Proposal,"Davison Township, Precinct 1",No,303,5
Genesee County Mass Transportation Authority Millage Renewal Proposal,"Davison Township, Precinct 2",Yes,454,5
Genesee County Mass Transportation Authority Millage Renewal Proposal,"Davison Township, Precinct 2",No,307,5
Genesee County Mass Transportation Authority Millage Renewal Proposal,"Davison Township, Precinct 3",Yes,294,5
Genesee County Mass Transportation Authority Millage Renewal Proposal,"Davison Township, Precinct 3",No,241,5
Genesee County Mass Transportation Authority Millage Renewal Proposal,"Davison Township, Precinct 4",Yes,565,5
Genesee County Mass Transportation Authority Millage Renewal Proposal,"Davison Township, Precinct 4",No,205,5
Genesee County Mass Transportation Authority Millage Renewal Proposal,"Davison Township, Precinct 5",Yes,262,5
Genesee County Mass Transportation Authority Millage Renewal Proposal,"Davison Township, Precinct 5",No,138,5
Genesee County Mass Transportation Authority Millage Renewal Proposal,"Davison Township, Precinct 6",Yes,427,5
Genesee County Mass Transportation Authority Millage Renewal Proposal,"Davison Township, Precinct 6",No,158,5
Genesee County Mass Transportation Authority Millage Renewal Proposal,"Davison Township, Precinct 7",Yes,264,5
Genesee County Mass Transportation Authority Millage Renewal Proposal,"Davison Township, Precinct 7",No,264,5
Genesee County Mass Transportation Authority Millage Renewal Proposal,"Davison Township, Precinct 8",Yes,576,5
Genesee County Mass Transportation Authority Millage Renewal Proposal,"Davison Township, Precinct 8",No,418,5
Genesee County Mass Transportation Authority Millage Renewal Proposal,"City of Fenton, Precinct 1",Yes,303,5
Genesee County Mass Transportation Authority Millage Renewal Proposal,"City of Fenton, Precinct 1",No,169,5
Genesee County Mass Transportation Authority Millage Renewal Proposal,"City of Fenton, Precinct 2",Yes,777,5
Genesee County Mass Transportation Authority Millage Renewal Proposal,"City of Fenton, Precinct 2",No,399,5
Genesee County Mass Transportation Authority Millage Renewal Proposal,"City of Fenton, Precinct 3",Yes,648,5
Genesee County Mass Transportation Authority Millage Renewal Proposal,"City of Fenton, Precinct 3",No,328,5
Genesee County Mass Transportation Authority Millage Renewal Proposal,"Fenton Township, Precinct 1",Yes,536,5
Genesee County Mass Transportation Authority Millage Renewal Proposal,"Fenton Township, Precinct 1",No,463,5
Genesee County Mass Transportation Authority Millage Renewal Proposal,"Fenton Township, Precinct 2",Yes,500,5
Genesee County Mass Transportation Authority Millage Renewal Proposal,"Fenton Township, Precinct 2",No,481,5
Genesee County Mass Transportation Authority Millage Renewal Proposal,"Fenton Township, Precinct 3",Yes,516,5
Genesee County Mass Transportation Authority Millage Renewal Proposal,"Fenton Township, Precinct 3",No,418,5
Genesee County Mass Transportation Authority Millage Renewal Proposal,"Fenton Township, Precinct 4",Yes,502,5
Genesee County Mass Transportation Authority Millage Renewal Proposal,"Fenton Township, Precinct 4",No,321,5
Genesee County Mass Transportation Authority Millage Renewal Proposal,"Fenton Township, Precinct 5",Yes,533,5
Genesee County Mass Transportation Authority Millage Renewal Proposal,"Fenton Township, Precinct 5",No,361,5
Genesee County Mass Transportation Authority Millage Renewal Proposal,"Fenton Township, Precinct 6",Yes,549,5
Genesee County Mass Transportation Authority Millage Renewal Proposal,"Fenton Township, Precinct 6",No,380,5
Genesee County Mass Transportation Authority Millage Renewal Proposal,"City of Flint, Precinct 1",Yes,737,5
Genesee County Mass Transportation Authority Millage Renewal Proposal,"City of Flint, Precinct 1",No,160,5
Genesee County Mass Transportation Authority Millage Renewal Proposal,"City of Flint, Precinct 2",Yes,532,5
Genesee County Mass Transportation Authority Millage Renewal Proposal,"City of Flint, Precinct 2",No,121,5
Genesee County Mass Transportation Authority Millage Renewal Proposal,"City of Flint, Precinct 3",Yes,17,5
Genesee County Mass Transportation Authority Millage Renewal Proposal,"City of Flint, Precinct 3",No,0,5
Genesee County Mass Transportation Authority Millage Renewal Proposal,"City of Flint, Precinct 4",Yes,173,5
Genesee County Mass Transportation Authority Millage Renewal Proposal,"City of Flint, Precinct 4",No,35,5
Genesee County Mass Transportation Authority Millage Renewal Proposal,"City of Flint, Precinct 5",Yes,515,5
Genesee County Mass Transportation Authority Millage Renewal Proposal,"City of Flint, Precinct 5",No,86,5
Genesee County Mass Transportation Authority Millage Renewal Proposal,"City of Flint, Precinct 6",Yes,584,5
Genesee County Mass Transportation Authority Millage Renewal Proposal,"City of Flint, Precinct 6",No,111,5
Genesee County Mass Transportation Authority Millage Renewal Proposal,"City of Flint, Precinct 7",Yes,194,5
Genesee County Mass Transportation Authority Millage Renewal Proposal,"City of Flint, Precinct 7",No,28,5
Genesee County Mass Transportation Authority Millage Renewal Proposal,"City of Flint, Precinct 8",Yes,231,5
Genesee County Mass Transportation Authority Millage Renewal Proposal,"City of Flint, Precinct 8",No,42,5
Genesee County Mass Transportation Authority Millage Renewal Proposal,"City of Flint, Precinct 9",Yes,261,5
Genesee County Mass Transportation Authority Millage Renewal Proposal,"City of Flint, Precinct 9",No,52,5
Genesee County Mass Transportation Authority Millage Renewal Proposal,"City of Flint, Precinct 10",Yes,191,5
Genesee County Mass Transportation Authority Millage Renewal Proposal,"City of Flint, Precinct 10",No,79,5
Genesee County Mass Transportation Authority Millage Renewal Proposal,"City of Flint, Precinct 11",Yes,281,5
Genesee County Mass Transportation Authority Millage Renewal Proposal,"City of Flint, Precinct 11",No,71,5
Genesee County Mass Transportation Authority Millage Renewal Proposal,"City of Flint, Precinct 12",Yes,439,5
Genesee County Mass Transportation Authority Millage Renewal Proposal,"City of Flint, Precinct 12",No,164,5
Genesee County Mass Transportation Authority Millage Renewal Proposal,"City of Flint, Precinct 13",Yes,9,5
Genesee County Mass Transportation Authority Millage Renewal Proposal,"City of Flint, Precinct 13",No,2,5
Genesee County Mass Transportation Authority Millage Renewal Proposal,"City of Flint, Precinct 14",Yes,615,5
Genesee County Mass Transportation Authority Millage Renewal Proposal,"City of Flint, Precinct 14",No,130,5
Genesee County Mass Transportation Authority Millage Renewal Proposal,"City of Flint, Precinct 15",Yes,511,5
Genesee County Mass Transportation Authority Millage Renewal Proposal,"City of Flint, Precinct 15",No,101,5
Genesee County Mass Transportation Authority Millage Renewal Proposal,"City of Flint, Precinct 16",Yes,490,5
Genesee County Mass Transportation Authority Millage Renewal Proposal,"City of Flint, Precinct 16",No,102,5
Genesee County Mass Transportation Authority Millage Renewal Proposal,"City of Flint, Precinct 17",Yes,338,5
Genesee County Mass Transportation Authority Millage Renewal Proposal,"City of Flint, Precinct 17",No,110,5
Genesee County Mass Transportation Authority Millage Renewal Proposal,"City of Flint, Precinct 18",Yes,64,5
Genesee County Mass Transportation Authority Millage Renewal Proposal,"City of Flint, Precinct 18",No,19,5
Genesee County Mass Transportation Authority Millage Renewal Proposal,"City of Flint, Precinct 19",Yes,229,5
Genesee County Mass Transportation Authority Millage Renewal Proposal,"City of Flint, Precinct 19",No,32,5
Genesee County Mass Transportation Authority Millage Renewal Proposal,"City of Flint, Precinct 20",Yes,727,5
Genesee County Mass Transportation Authority Millage Renewal Proposal,"City of Flint, Precinct 20",No,96,5
Genesee County Mass Transportation Authority Millage Renewal Proposal,"City of Flint, Precinct 21",Yes,896,5
Genesee County Mass Transportation Authority Millage Renewal Proposal,"City of Flint, Precinct 21",No,154,5
Genesee County Mass Transportation Authority Millage Renewal Proposal,"City of Flint, Precinct 22",Yes,22,5
Genesee County Mass Transportation Authority Millage Renewal Proposal,"City of Flint, Precinct 22",No,13,5
Genesee County Mass Transportation Authority Millage Renewal Proposal,"City of Flint, Precinct 23",Yes,762,5
Genesee County Mass Transportation Authority Millage Renewal Proposal,"City of Flint, Precinct 23",No,196,5
Genesee County Mass Transportation Authority Millage Renewal Proposal,"City of Flint, Precinct 24",Yes,342,5
Genesee County Mass Transportation Authority Millage Renewal Proposal,"City of Flint, Precinct 24",No,100,5
Genesee County Mass Transportation Authority Millage Renewal Proposal,"City of Flint, Precinct 25",Yes,54,5
Genesee County Mass Transportation Authority Millage Renewal Proposal,"City of Flint, Precinct 25",No,5,5
Genesee County Mass Transportation Authority Millage Renewal Proposal,"City of Flint, Precinct 26",Yes,72,5
Genesee County Mass Transportation Authority Millage Renewal Proposal,"City of Flint, Precinct 26",No,43,5
Genesee County Mass Transportation Authority Millage Renewal Proposal,"City of Flint, Precinct 27",Yes,4,5
Genesee County Mass Transportation Authority Millage Renewal Proposal,"City of Flint, Precinct 27",No,3,5
Genesee County Mass Transportation Authority Millage Renewal Proposal,"City of Flint, Precinct 28",Yes,362,5
Genesee County Mass Transportation Authority Millage Renewal Proposal,"City of Flint, Precinct 28",No,83,5
Genesee County Mass Transportation Authority Millage Renewal Proposal,"City of Flint, Precinct 29",Yes,321,5
Genesee County Mass Transportation Authority Millage Renewal Proposal,"City of Flint, Precinct 29",No,85,5
Genesee County Mass Transportation Authority Millage Renewal Proposal,"Flint Township, Precinct 1",Yes,1120,5
Genesee County Mass Transportation Authority Millage Renewal Proposal,"Flint Township, Precinct 1",No,310,5
Genesee County Mass Transportation Authority Millage Renewal Proposal,"Flint Township, Precinct 2",Yes,680,5
Genesee County Mass Transportation Authority Millage Renewal Proposal,"Flint Township, Precinct 2",No,143,5
Genesee County Mass Transportation Authority Millage Renewal Proposal,"Flint Township, Precinct 3",Yes,1010,5
Genesee County Mass Transportation Authority Millage Renewal Proposal,"Flint Township, Precinct 3",No,420,5
Genesee County Mass Transportation Authority Millage Renewal Proposal,"Flint Township, Precinct 4",Yes,252,5
Genesee County Mass Transportation Authority Millage Renewal Proposal,"Flint Township, Precinct 4",No,96,5
Genesee County Mass Transportation Authority Millage Renewal Proposal,"Flint Township, Precinct 5",Yes,535,5
Genesee County Mass Transportation Authority Millage Renewal Proposal,"Flint Township, Precinct 5",No,231,5
Genesee County Mass Transportation Authority Millage Renewal Proposal,"Flint Township, Precinct 6",Yes,190,5
Genesee County Mass Transportation Authority Millage Renewal Proposal,"Flint Township, Precinct 6",No,94,5
Genesee County Mass Transportation Authority Millage Renewal Proposal,"Flint Township, Precinct 7",Yes,250,5
Genesee County Mass Transportation Authority Millage Renewal Proposal,"Flint Township, Precinct 7",No,125,5
Genesee County Mass Transportation Authority Millage Renewal Proposal,"Flint Township, Precinct 8",Yes,814,5
Genesee County Mass Transportation Authority Millage Renewal Proposal,"Flint Township, Precinct 8",No,365,5
Genesee County Mass Transportation Authority Millage Renewal Proposal,"City of Flushing, Precinct 1",Yes,466,5
Genesee County Mass Transportation Authority Millage Renewal Proposal,"City of Flushing, Precinct 1",No,187,5
Genesee County Mass Transportation Authority Millage Renewal Proposal,"City of Flushing, Precinct 2",Yes,458,5
Genesee County Mass Transportation Authority Millage Renewal Proposal,"City of Flushing, Precinct 2",No,194,5
Genesee County Mass Transportation Authority Millage Renewal Proposal,"City of Flushing, Precinct 3",Yes,383,5
Genesee County Mass Transportation Authority Millage Renewal Proposal,"City of Flushing, Precinct 3",No,197,5
Genesee County Mass Transportation Authority Millage Renewal Proposal,"City of Flushing, Precinct 4",Yes,406,5
Genesee County Mass Transportation Authority Millage Renewal Proposal,"City of Flushing, Precinct 4",No,212,5
Genesee County Mass Transportation Authority Millage Renewal Proposal,"Flushing Township, Precinct 1",Yes,421,5
Genesee County Mass Transportation Authority Millage Renewal Proposal,"Flushing Township, Precinct 1",No,344,5
Genesee County Mass Transportation Authority Millage Renewal Proposal,"Flushing Township, Precinct 2",Yes,319,5
Genesee County Mass Transportation Authority Millage Renewal Proposal,"Flushing Township, Precinct 2",No,220,5
Genesee County Mass Transportation Authority Millage Renewal Proposal,"Flushing Township, Precinct 3",Yes,576,5
Genesee County Mass Transportation Authority Millage Renewal Proposal,"Flushing Township, Precinct 3",No,372,5
Genesee County Mass Transportation Authority Millage Renewal Proposal,"Flushing Township, Precinct 4",Yes,436,5
Genesee County Mass Transportation Authority Millage Renewal Proposal,"Flushing Township, Precinct 4",No,261,5
Genesee County Mass Transportation Authority Millage Renewal Proposal,"Forest Township, Precinct 1",Yes,736,5
Genesee County Mass Transportation Authority Millage Renewal Proposal,"Forest Township, Precinct 1",No,617,5
Genesee County Mass Transportation Authority Millage Renewal Proposal,"Gaines Township, Precinct 1",Yes,490,5
Genesee County Mass Transportation Authority Millage Renewal Proposal,"Gaines Township, Precinct 1",No,396,5
Genesee County Mass Transportation Authority Millage Renewal Proposal,"Gaines Township, Precinct 2",Yes,178,5
Genesee County Mass Transportation Authority Millage Renewal Proposal,"Gaines Township, Precinct 2",No,208,5
Genesee County Mass Transportation Authority Millage Renewal Proposal,"Gaines Township, Precinct 3",Yes,298,5
Genesee County Mass Transportation Authority Millage Renewal Proposal,"Gaines Township, Precinct 3",No,318,5
Genesee County Mass Transportation Authority Millage Renewal Proposal,"Genesee Township, Precinct 1",Yes,388,5
Genesee County Mass Transportation Authority Millage Renewal Proposal,"Genesee Township, Precinct 1",No,187,5
Genesee County Mass Transportation Authority Millage Renewal Proposal,"Genesee Township, Precinct 2",Yes,151,5
Genesee County Mass Transportation Authority Millage Renewal Proposal,"Genesee Township, Precinct 2",No,57,5
Genesee County Mass Transportation Authority Millage Renewal Proposal,"Genesee Township, Precinct 3",Yes,435,5
Genesee County Mass Transportation Authority Millage Renewal Proposal,"Genesee Township, Precinct 3",No,254,5
Genesee County Mass Transportation Authority Millage Renewal Proposal,"Genesee Township, Precinct 4",Yes,358,5
Genesee County Mass Transportation Authority Millage Renewal Proposal,"Genesee Township, Precinct 4",No,238,5
Genesee County Mass Transportation Authority Millage Renewal Proposal,"Genesee Township, Precinct 5",Yes,589,5
Genesee County Mass Transportation Authority Millage Renewal Proposal,"Genesee Township, Precinct 5",No,294,5
Genesee County Mass Transportation Authority Millage Renewal Proposal,"Genesee Township, Precinct 6",Yes,364,5
Genesee County Mass Transportation Authority Millage Renewal Proposal,"Genesee Township, Precinct 6",No,182,5
Genesee County Mass Transportation Authority Millage Renewal Proposal,"Genesee Township, Precinct 7",Yes,298,5
Genesee County Mass Transportation Authority Millage Renewal Proposal,"Genesee Township, Precinct 7",No,216,5
Genesee County Mass Transportation Authority Millage Renewal Proposal,"City of Grand Blanc, Precinct 1",Yes,764,5
Genesee County Mass Transportation Authority Millage Renewal Proposal,"City of Grand Blanc, Precinct 1",No,428,5
Genesee County Mass Transportation Authority Millage Renewal Proposal,"City of Grand Blanc, Precinct 2",Yes,757,5
Genesee County Mass Transportation Authority Millage Renewal Proposal,"City of Grand Blanc, Precinct 2",No,398,5
Genesee County Mass Transportation Authority Millage Renewal Proposal,"Grand Blanc Township, Precinct 1",Yes,702,5
Genesee County Mass Transportation Authority Millage Renewal Proposal,"Grand Blanc Township, Precinct 1",No,388,5
Genesee County Mass Transportation Authority Millage Renewal Proposal,"Grand Blanc Township, Precinct 2",Yes,195,5
Genesee County Mass Transportation Authority Millage Renewal Proposal,"Grand Blanc Township, Precinct 2",No,152,5
Genesee County Mass Transportation Authority Millage Renewal Proposal,"Grand Blanc Township, Precinct 3",Yes,745,5
Genesee County Mass Transportation Authority Millage Renewal Proposal,"Grand Blanc Township, Precinct 3",No,564,5
Genesee County Mass Transportation Authority Millage Renewal Proposal,"Grand Blanc Township, Precinct 4",Yes,904,5
Genesee County Mass Transportation Authority Millage Renewal Proposal,"Grand Blanc Township, Precinct 4",No,563,5
Genesee County Mass Transportation Authority Millage Renewal Proposal,"Grand Blanc Township, Precinct 5",Yes,406,5
Genesee County Mass Transportation Authority Millage Renewal Proposal,"Grand Blanc Township, Precinct 5",No,327,5
Genesee County Mass Transportation Authority Millage Renewal Proposal,"Grand Blanc Township, Precinct 6",Yes,524,5
Genesee County Mass Transportation Authority Millage Renewal Proposal,"Grand Blanc Township, Precinct 6",No,358,5
Genesee County Mass Transportation Authority Millage Renewal Proposal,"Grand Blanc Township, Precinct 7",Yes,936,5
Genesee County Mass Transportation Authority Millage Renewal Proposal,"Grand Blanc Township, Precinct 7",No,475,5
Genesee County Mass Transportation Authority Millage Renewal Proposal,"Grand Blanc Township, Precinct 8",Yes,742,5
Genesee County Mass Transportation Authority Millage Renewal Proposal,"Grand Blanc Township, Precinct 8",No,542,5
Genesee County Mass Transportation Authority Millage Renewal Proposal,"Grand Blanc Township, Precinct 9",Yes,559,5
Genesee County Mass Transportation Authority Millage Renewal Proposal,"Grand Blanc Township, Precinct 9",No,282,5
Genesee County Mass Transportation Authority Millage Renewal Proposal,"Grand Blanc Township, Precinct 10",Yes,553,5
Genesee County Mass Transportation Authority Millage Renewal Proposal,"Grand Blanc Township, Precinct 10",No,238,5
Genesee County Mass Transportation Authority Millage Renewal Proposal,"City of Linden, Precinct 1",Yes,694,5
Genesee County Mass Transportation Authority Millage Renewal Proposal,"City of Linden, Precinct 1",No,533,5
Genesee County Mass Transportation Authority Millage Renewal Proposal,"City of Montrose, Precinct 1",Yes,173,5
Genesee County Mass Transportation Authority Millage Renewal Proposal,"City of Montrose, Precinct 1",No,105,5
Genesee County Mass Transportation Authority Millage Renewal Proposal,"Montrose Township, Precinct 1",Yes,141,5
Genesee County Mass Transportation Authority Millage Renewal Proposal,"Montrose Township, Precinct 1",No,148,5
Genesee County Mass Transportation Authority Millage Renewal Proposal,"Montrose Township, Precinct 2",Yes,134,5
Genesee County Mass Transportation Authority Millage Renewal Proposal,"Montrose Township, Precinct 2",No,122,5
Genesee County Mass Transportation Authority Millage Renewal Proposal,"Montrose Township, Precinct 3",Yes,169,5
Genesee County Mass Transportation Authority Millage Renewal Proposal,"Montrose Township, Precinct 3",No,182,5
Genesee County Mass Transportation Authority Millage Renewal Proposal,"Montrose Township, Precinct 4",Yes,184,5
Genesee County Mass Transportation Authority Millage Renewal Proposal,"Montrose Township, Precinct 4",No,212,5
Genesee County Mass Transportation Authority Millage Renewal Proposal,"City of Mount Morris, Precinct 1",Yes,311,5
Genesee County Mass Transportation Authority Millage Renewal Proposal,"City of Mount Morris, Precinct 1",No,108,5
Genesee County Mass Transportation Authority Millage Renewal Proposal,"Mount Morris Township, Precinct 1",Yes,129,5
Genesee County Mass Transportation Authority Millage Renewal Proposal,"Mount Morris Township, Precinct 1",No,60,5
Genesee County Mass Transportation Authority Millage Renewal Proposal,"Mount Morris Township, Precinct 2",Yes,248,5
Genesee County Mass Transportation Authority Millage Renewal Proposal,"Mount Morris Township, Precinct 2",No,179,5
Genesee County Mass Transportation Authority Millage Renewal Proposal,"Mount Morris Township, Precinct 3",Yes,175,5
Genesee County Mass Transportation Authority Millage Renewal Proposal,"Mount Morris Township, Precinct 3",No,134,5
Genesee County Mass Transportation Authority Millage Renewal Proposal,"Mount Morris Township, Precinct 4",Yes,403,5
Genesee County Mass Transportation Authority Millage Renewal Proposal,"Mount Morris Township, Precinct 4",No,189,5
Genesee County Mass Transportation Authority Millage Renewal Proposal,"Mount Morris Township, Precinct 5",Yes,232,5
Genesee County Mass Transportation Authority Millage Renewal Proposal,"Mount Morris Township, Precinct 5",No,86,5
Genesee County Mass Transportation Authority Millage Renewal Proposal,"Mount Morris Township, Precinct 6",Yes,185,5
Genesee County Mass Transportation Authority Millage Renewal Proposal,"Mount Morris Township, Precinct 6",No,61,5
Genesee County Mass Transportation Authority Millage Renewal Proposal,"Mount Morris Township, Precinct 7",Yes,325,5
Genesee County Mass Transportation Authority Millage Renewal Proposal,"Mount Morris Township, Precinct 7",No,85,5
Genesee County Mass Transportation Authority Millage Renewal Proposal,"Mount Morris Township, Precinct 8",Yes,274,5
Genesee County Mass Transportation Authority Millage Renewal Proposal,"Mount Morris Township, Precinct 8",No,65,5
Genesee County Mass Transportation Authority Millage Renewal Proposal,"Mount Morris Township, Precinct 9",Yes,198,5
Genesee County Mass Transportation Authority Millage Renewal Proposal,"Mount Morris Township, Precinct 9",No,49,5
Genesee County Mass Transportation Authority Millage Renewal Proposal,"Mount Morris Township, Precinct 10",Yes,152,5
Genesee County Mass Transportation Authority Millage Renewal Proposal,"Mount Morris Township, Precinct 10",No,35,5
Genesee County Mass Transportation Authority Millage Renewal Proposal,"Mundy Township, Precinct 1",Yes,621,5
Genesee County Mass Transportation Authority Millage Renewal Proposal,"Mundy Township, Precinct 1",No,383,5
Genesee County Mass Transportation Authority Millage Renewal Proposal,"Mundy Township, Precinct 2",Yes,405,5
Genesee County Mass Transportation Authority Millage Renewal Proposal,"Mundy Township, Precinct 2",No,221,5
Genesee County Mass Transportation Authority Millage Renewal Proposal,"Mundy Township, Precinct 3",Yes,587,5
Genesee County Mass Transportation Authority Millage Renewal Proposal,"Mundy Township, Precinct 3",No,359,5
Genesee County Mass Transportation Authority Millage Renewal Proposal,"Mundy Township, Precinct 4",Yes,323,5
Genesee County Mass Transportation Authority Millage Renewal Proposal,"Mundy Township, Precinct 4",No,264,5
Genesee County Mass Transportation Authority Millage Renewal Proposal,"Mundy Township, Precinct 5",Yes,270,5
Genesee County Mass Transportation Authority Millage Renewal Proposal,"Mundy Township, Precinct 5",No,218,5
Genesee County Mass Transportation Authority Millage Renewal Proposal,"Mundy Township, Precinct 6",Yes,193,5
Genesee County Mass Transportation Authority Millage Renewal Proposal,"Mundy Township, Precinct 6",No,201,5
Genesee County Mass Transportation Authority Millage Renewal Proposal,"Mundy Township, Precinct 7",Yes,275,5
Genesee County Mass Transportation Authority Millage Renewal Proposal,"Mundy Township, Precinct 7",No,184,5
Genesee County Mass Transportation Authority Millage Renewal Proposal,"Richfield Township, Precinct 1",Yes,949,5
Genesee County Mass Transportation Authority Millage Renewal Proposal,"Richfield Township, Precinct 1",No,697,5
Genesee County Mass Transportation Authority Millage Renewal Proposal,"Richfield Township, Precinct 2",Yes,422,5
Genesee County Mass Transportation Authority Millage Renewal Proposal,"Richfield Township, Precinct 2",No,305,5
Genesee County Mass Transportation Authority Millage Renewal Proposal,"City of Swartz Creek, Precinct 1",Yes,275,5
Genesee County Mass Transportation Authority Millage Renewal Proposal,"City of Swartz Creek, Precinct 1",No,154,5
Genesee County Mass Transportation Authority Millage Renewal Proposal,"City of Swartz Creek, Precinct 2",Yes,284,5
Genesee County Mass Transportation Authority Millage Renewal Proposal,"City of Swartz Creek, Precinct 2",No,82,5
Genesee County Mass Transportation Authority Millage Renewal Proposal,"City of Swartz Creek, Precinct 3",Yes,214,5
Genesee County Mass Transportation Authority Millage Renewal Proposal,"City of Swartz Creek, Precinct 3",No,110,5
Genesee County Mass Transportation Authority Millage Renewal Proposal,"City of Swartz Creek, Precinct 4",Yes,396,5
Genesee County Mass Transportation Authority Millage Renewal Proposal,"City of Swartz Creek, Precinct 4",No,218,5
Genesee County Mass Transportation Authority Millage Renewal Proposal,"Thetford Township, Precinct 1",Yes,344,5
Genesee County Mass Transportation Authority Millage Renewal Proposal,"Thetford Township, Precinct 1",No,352,5
Genesee County Mass Transportation Authority Millage Renewal Proposal,"Thetford Township, Precinct 2",Yes,418,5
Genesee County Mass Transportation Authority Millage Renewal Proposal,"Thetford Township, Precinct 2",No,358,5
Genesee County Mass Transportation Authority Millage Renewal Proposal,"Vienna Township, Precinct 1",Yes,445,5
Genesee County Mass Transportation Authority Millage Renewal Proposal,"Vienna Township, Precinct 1",No,356,5
Genesee County Mass Transportation Authority Millage Renewal Proposal,"Vienna Township, Precinct 2",Yes,430,5
Genesee County Mass Transportation Authority Millage Renewal Proposal,"Vienna Township, Precinct 2",No,316,5
Genesee County Mass Transportation Authority Millage Renewal Proposal,"Vienna Township, Precinct 3",Yes,390,5
Genesee County Mass Transportation Authority Millage Renewal Proposal,"Vienna Township, Precinct 3",No,237,5
Genesee County Mass Transportation Authority Millage Renewal Proposal,"Vienna Township, Precinct 4",Yes,387,5
Genesee County Mass Transportation Authority Millage Renewal Proposal,"Vienna Township, Precinct 4",No,249,5
Genesee County Mass Transportation Authority Millage Renewal Proposal,"Vienna Township, Precinct 5",Yes,315,5
Genesee County Mass Transportation Authority Millage Renewal Proposal,"Vienna Township, Precinct 5",No,218,5
City of Grand Blanc Fire Protection Millage,"City of Grand Blanc, Precinct 1",Yes,796,150
City of Grand Blanc Fire Protection Millage,"City of Grand Blanc, Precinct 1",No,383,150
City of Grand Blanc Fire Protection Millage,"City of Grand Blanc, Precinct 2",Yes,820,150
City of Grand Blanc Fire Protection Millage,"City of Grand Blanc, Precinct 2",No,325,150
Atlas Township Fire Department Operating Millage,"Atlas Township, Precinct 1",Yes,661,275
Atlas Township Fire Department Operating Millage,"Atlas Township, Precinct 1",No,240,275
Atlas Township Fire Department Operating Millage,"Atlas Township, Precinct 2",Yes,405,275
Atlas Township Fire Department Operating Millage,"Atlas Township, Precinct 2",No,152,275
Atlas Township Fire Department Operating Millage,"Atlas Township, Precinct 3",Yes,699,275
Atlas Township Fire Department Operating Millage,"Atlas Township, Precinct 3",No,295,275
Atlas Township Police Department Operating Millage,"Atlas Township, Precinct 1",Yes,631,208
Atlas Township Police Department Operating Millage,"Atlas Township, Precinct 1",No,284,208
Atlas Township Police Department Operating Millage,"Atlas Township, Precinct 2",Yes,368,208
Atlas Township Police Department Operating Millage,"Atlas Township, Precinct 2",No,195,208
Atlas Township Police Department Operating Millage,"Atlas Township, Precinct 3",Yes,661,208
Atlas Township Police Department Operating Millage,"Atlas Township, Precinct 3",No,348,208
Clayton Township Police Department Millage,"Clayton Township, Precinct 1",Yes,611,42
Clayton Township Police Department Millage,"Clayton Township, Precinct 1",No,215,42
Clayton Township Police Department Millage,"Clayton Township, Precinct 2",Yes,435,42
Clayton Township Police Department Millage,"Clayton Township, Precinct 2",No,174,42
Clayton Township Police Department Millage,"Clayton Township, Precinct 3",Yes,298,42
Clayton Township Police Department Millage,"Clayton Township, Precinct 3",No,130,42
Clayton Township Police Department Millage,"Clayton Township, Precinct 4",Yes,256,42
Clayton Township Police Department Millage,"Clayton Township, Precinct 4",No,129,42
Grand Blanc Township Millage for Parks and Recreation,"Grand Blanc Township, Precinct 1",Yes,681,323
Grand Blanc Township Millage for Parks and Recreation,"Grand Blanc Township, Precinct 1",No,405,323
Grand Blanc Township Millage for Parks and Recreation,"Grand Blanc Township, Precinct 2",Yes,214,323
Grand Blanc Township Millage for Parks and Recreation,"Grand Blanc Township, Precinct 2",No,131,323
Grand Blanc Township Millage for Parks and Recreation,"Grand Blanc Township, Precinct 3",Yes,782,323
Grand Blanc Township Millage for Parks and Recreation,"Grand Blanc Township, Precinct 3",No,515,323
Grand Blanc Township Millage for Parks and Recreation,"Grand Blanc Township, Precinct 4",Yes,963,323
Grand Blanc Township Millage for Parks and Recreation,"Grand Blanc Township, Precinct 4",No,504,323
Grand Blanc Township Millage for Parks and Recreation,"Grand Blanc Township, Precinct 5",Yes,428,323
Grand Blanc Township Millage for Parks and Recreation,"Grand Blanc Township, Precinct 5",No,304,323
Grand Blanc Township Millage for Parks and Recreation,"Grand Blanc Township, Precinct 6",Yes,578,323
Grand Blanc Township Millage for Parks and Recreation,"Grand Blanc Township, Precinct 6",No,309,323
Grand Blanc Township Millage for Parks and Recreation,"Grand Blanc Township, Precinct 7",Yes,1005,323
Grand Blanc Township Millage for Parks and Recreation,"Grand Blanc Township, Precinct 7",No,413,323
Grand Blanc Township Millage for Parks and Recreation,"Grand Blanc Township, Precinct 8",Yes,815,323
Grand Blanc Township Millage for Parks and Recreation,"Grand Blanc Township, Precinct 8",No,459,323
Grand Blanc Township Millage for Parks and Recreation,"Grand Blanc Township, Precinct 9",Yes,577,323
Grand Blanc Township Millage for Parks and Recreation,"Grand Blanc Township, Precinct 9",No,259,323
Grand Blanc Township Millage for Parks and Recreation,"Grand Blanc Township, Precinct 10",Yes,537,323
Grand Blanc Township Millage for Parks and Recreation,"Grand Blanc Township, Precinct 10",No,250,323
Davison Community Schools Operating Millage Renewal Proposal (Genesee County portion only),"Atlas Township, Precinct 1",Yes,22,102
Davison Community Schools Operating Millage Renewal Proposal (Genesee County portion only),"Atlas Township, Precinct 1",No,16,102
Davison Community Schools Operating Millage Renewal Proposal (Genesee County portion only),"City of Burton, Precinct 5",Yes,147,102
Davison Community Schools Operating Millage Renewal Proposal (Genesee County portion only),"City of Burton, Precinct 5",No,131,102
Davison Community Schools Operating Millage Renewal Proposal (Genesee County portion only),"City of Davison, Precinct 1",Yes,400,102
Davison Community Schools Operating Millage Renewal Proposal (Genesee County portion only),"City of Davison, Precinct 1",No,205,102
Davison Community Schools Operating Millage Renewal Proposal (Genesee County portion only),"City of Davison, Precinct 2",Yes,436,102
Davison Community Schools Operating Millage Renewal Proposal (Genesee County portion only),"City of Davison, Precinct 2",No,187,102
Davison Community Schools Operating Millage Renewal Proposal (Genesee County portion only),"Davison Township, Precinct 1",Yes,448,102
Davison Community Schools Operating Millage Renewal Proposal (Genesee County portion only),"Davison Township, Precinct 1",No,282,102
Davison Community Schools Operating Millage Renewal Proposal (Genesee County portion only),"Davison Township, Precinct 2",Yes,477,102
Davison Community Schools Operating Millage Renewal Proposal (Genesee County portion only),"Davison Township, Precinct 2",No,259,102
Davison Community Schools Operating Millage Renewal Proposal (Genesee County portion only),"Davison Township, Precinct 3",Yes,316,102
Davison Community Schools Operating Millage Renewal Proposal (Genesee County portion only),"Davison Township, Precinct 3",No,211,102
Davison Community Schools Operating Millage Renewal Proposal (Genesee County portion only),"Davison Township, Precinct 4",Yes,538,102
Davison Community Schools Operating Millage Renewal Proposal (Genesee County portion only),"Davison Township, Precinct 4",No,206,102
Davison Community Schools Operating Millage Renewal Proposal (Genesee County portion only),"Davison Township, Precinct 5",Yes,269,102
Davison Community Schools Operating Millage Renewal Proposal (Genesee County portion only),"Davison Township, Precinct 5",No,117,102
Davison Community Schools Operating Millage Renewal Proposal (Genesee County portion only),"Davison Township, Precinct 6",Yes,323,102
Davison Community Schools Operating Millage Renewal Proposal (Genesee County portion only),"Davison Township, Precinct 6",No,97,102
Davison Community Schools Operating Millage Renewal Proposal (Genesee County portion only),"Davison Township, Precinct 7",Yes,257,102
Davison Community Schools Operating Millage Renewal Proposal (Genesee County portion only),"Davison Township, Precinct 7",No,219,102
Davison Community Schools Operating Millage Renewal Proposal (Genesee County portion only),"Davison Township, Precinct 8",Yes,625,102
Davison Community Schools Operating Millage Renewal Proposal (Genesee County portion only),"Davison Township, Precinct 8",No,345,102
Davison Community Schools Operating Millage Renewal Proposal (Genesee County portion only),"Richfield Township, Precinct 1",Yes,581,102
Davison Community Schools Operating Millage Renewal Proposal (Genesee County portion only),"Richfield Township, Precinct 1",No,430,102
Davison Community Schools Operating Millage Renewal Proposal (Genesee County portion only),"Richfield Township, Precinct 2",Yes,431,102
Davison Community Schools Operating Millage Renewal Proposal (Genesee County portion only),"Richfield Township, Precinct 2",No,275,102
LakeVille Community Schools Operating Millage Renewal Proposition Exempting Principal Residence and Other Homestead Property (Genesee County portion only),"Forest Township, Precinct 1",Yes,742,247
LakeVille Community Schools Operating Millage Renewal Proposition Exempting Principal Residence and Other Homestead Property (Genesee County portion only),"Forest Township, Precinct 1",No,454,247
LakeVille Community Schools Operating Millage Renewal Proposition Exempting Principal Residence and Other Homestead Property (Genesee County portion only),"Richfield Township, Precinct 1",Yes,308,247
LakeVille Community Schools Operating Millage Renewal Proposition Exempting Principal Residence and Other Homestead Property (Genesee County portion only),"Richfield Township, Precinct 1",No,159,247
LakeVille Community Schools Operating Millage Renewal Proposition Exempting Principal Residence and Other Homestead Property (Genesee County portion only),"Thetford Township, Precinct 1",Yes,12,247
LakeVille Community Schools Operating Millage Renewal Proposition Exempting Principal Residence and Other Homestead Property (Genesee County portion only),"Thetford Township, Precinct 1",No,15,247
LakeVille Community Schools Operating Millage Renewal Proposition Exempting Principal Residence and Other Homestead Property (Genesee County portion only),"Thetford Township, Precinct 2",Yes,16,247
LakeVille Community Schools Operating Millage Renewal Proposition Exempting Principal Residence and Other Homestead Property (Genesee County portion only),"Thetford Township, Precinct 2",No,14,247
Genesee District Library Millage Renewal Proposal,"Argentine Township, Precinct 1",Yes,539,186
Genesee District Library Millage Renewal Proposal,"Argentine Township, Precinct 1",No,298,186
Genesee District Library Millage Renewal Proposal,"Argentine Township, Precinct 2",Yes,439,186
Genesee District Library Millage Renewal Proposal,"Argentine Township, Precinct 2",No,281,186
Genesee District Library Millage Renewal Proposal,"Argentine Township, Precinct 3",Yes,133,186
Genesee District Library Millage Renewal Proposal,"Argentine Township, Precinct 3",No,83,186
Genesee District Library Millage Renewal Proposal,"Atlas Township, Precinct 1",Yes,543,186
Genesee District Library Millage Renewal Proposal,"Atlas Township, Precinct 1",No,382,186
Genesee District Library Millage Renewal Proposal,"Atlas Township, Precinct 2",Yes,337,186
Genesee District Library Millage Renewal Proposal,"Atlas Township, Precinct 2",No,227,186
Genesee District Library Millage Renewal Proposal,"Atlas Township, Precinct 3",Yes,533,186
Genesee District Library Millage Renewal Proposal,"Atlas Township, Precinct 3",No,486,186
Genesee District Library Millage Renewal Proposal,"City of Burton, Precinct 1",Yes,186,186
Genesee District Library Millage Renewal Proposal,"City of Burton, Precinct 1",No,52,186
Genesee District Library Millage Renewal Proposal,"City of Burton, Precinct 2",Yes,540,186
Genesee District Library Millage Renewal Proposal,"City of Burton, Precinct 2",No,198,186
Genesee District Library Millage Renewal Proposal,"City of Burton, Precinct 3",Yes,640,186
Genesee District Library Millage Renewal Proposal,"City of Burton, Precinct 3",No,247,186
Genesee District Library Millage Renewal Proposal,"City of Burton, Precinct 4",Yes,853,186
Genesee District Library Millage Renewal Proposal,"City of Burton, Precinct 4",No,394,186
Genesee District Library Millage Renewal Proposal,"City of Burton, Precinct 5",Yes,628,186
Genesee District Library Millage Renewal Proposal,"City of Burton, Precinct 5",No,370,186
Genesee District Library Millage Renewal Proposal,"City of Burton, Precinct 6",Yes,542,186
Genesee District Library Millage Renewal Proposal,"City of Burton, Precinct 6",No,222,186
Genesee District Library Millage Renewal Proposal,"City of Burton, Precinct 7",Yes,686,186
Genesee District Library Millage Renewal Proposal,"City of Burton, Precinct 7",No,309,186
Genesee District Library Millage Renewal Proposal,"Clayton Township, Precinct 1",Yes,563,186
Genesee District Library Millage Renewal Proposal,"Clayton Township, Precinct 1",No,266,186
Genesee District Library Millage Renewal Proposal,"Clayton Township, Precinct 2",Yes,413,186
Genesee District Library Millage Renewal Proposal,"Clayton Township, Precinct 2",No,201,186
Genesee District Library Millage Renewal Proposal,"Clayton Township, Precinct 3",Yes,280,186
Genesee District Library Millage Renewal Proposal,"Clayton Township, Precinct 3",No,153,186
Genesee District Library Millage Renewal Proposal,"Clayton Township, Precinct 4",Yes,230,186
Genesee District Library Millage Renewal Proposal,"Clayton Township, Precinct 4",No,155,186
Genesee District Library Millage Renewal Proposal,"City of Clio, Precinct 1",Yes,394,186
Genesee District Library Millage Renewal Proposal,"City of Clio, Precinct 1",No,116,186
Genesee District Library Millage Renewal Proposal,"City of Davison, Precinct 1",Yes,457,186
Genesee District Library Millage Renewal Proposal,"City of Davison, Precinct 1",No,168,186
Genesee District Library Millage Renewal Proposal,"City of Davison, Precinct 2",Yes,490,186
Genesee District Library Millage Renewal Proposal,"City of Davison, Precinct 2",No,154,186
Genesee District Library Millage Renewal Proposal,"Davison Township, Precinct 1",Yes,521,186
Genesee District Library Millage Renewal Proposal,"Davison Township, Precinct 1",No,231,186
Genesee District Library Millage Renewal Proposal,"Davison Township, Precinct 2",Yes,504,186
Genesee District Library Millage Renewal Proposal,"Davison Township, Precinct 2",No,259,186
Genesee District Library Millage Renewal Proposal,"Davison Township, Precinct 3",Yes,327,186
Genesee District Library Millage Renewal Proposal,"Davison Township, Precinct 3",No,210,186
Genesee District Library Millage Renewal Proposal,"Davison Township, Precinct 4",Yes,587,186
Genesee District Library Millage Renewal Proposal,"Davison Township, Precinct 4",No,184,186
Genesee District Library Millage Renewal Proposal,"Davison Township, Precinct 5",Yes,294,186
Genesee District Library Millage Renewal Proposal,"Davison Township, Precinct 5",No,106,186
Genesee District Library Millage Renewal Proposal,"Davison Township, Precinct 6",Yes,470,186
Genesee District Library Millage Renewal Proposal,"Davison Township, Precinct 6",No,118,186
Genesee District Library Millage Renewal Proposal,"Davison Township, Precinct 7",Yes,307,186
Genesee District Library Millage Renewal Proposal,"Davison Township, Precinct 7",No,224,186
Genesee District Library Millage Renewal Proposal,"Davison Township, Precinct 8",Yes,661,186
Genesee District Library Millage Renewal Proposal,"Davison Township, Precinct 8",No,331,186
Genesee District Library Millage Renewal Proposal,"City of Fenton, Precinct 1",Yes,348,186
Genesee District Library Millage Renewal Proposal,"City of Fenton, Precinct 1",No,127,186
Genesee District Library Millage Renewal Proposal,"City of Fenton, Precinct 2",Yes,924,186
Genesee District Library Millage Renewal Proposal,"City of Fenton, Precinct 2",No,265,186
Genesee District Library Millage Renewal Proposal,"City of Fenton, Precinct 3",Yes,751,186
Genesee District Library Millage Renewal Proposal,"City of Fenton, Precinct 3",No,230,186
Genesee District Library Millage Renewal Proposal,"Fenton Township, Precinct 1",Yes,671,186
Genesee District Library Millage Renewal Proposal,"Fenton Township, Precinct 1",No,337,186
Genesee District Library Millage Renewal Proposal,"Fenton Township, Precinct 2",Yes,649,186
Genesee District Library Millage Renewal Proposal,"Fenton Township, Precinct 2",No,337,186
Genesee District Library Millage Renewal Proposal,"Fenton Township, Precinct 3",Yes,639,186
Genesee District Library Millage Renewal Proposal,"Fenton Township, Precinct 3",No,306,186
Genesee District Library Millage Renewal Proposal,"Fenton Township, Precinct 4",Yes,594,186
Genesee District Library Millage Renewal Proposal,"Fenton Township, Precinct 4",No,232,186
Genesee District Library Millage Renewal Proposal,"Fenton Township, Precinct 5",Yes,651,186
Genesee District Library Millage Renewal Proposal,"Fenton Township, Precinct 5",No,258,186
Genesee District Library Millage Renewal Proposal,"Fenton Township, Precinct 6",Yes,661,186
Genesee District Library Millage Renewal Proposal,"Fenton Township, Precinct 6",No,278,186
Genesee District Library Millage Renewal Proposal,"Flint Township, Precinct 1",Yes,1183,186
Genesee District Library Millage Renewal Proposal,"Flint Township, Precinct 1",No,244,186
Genesee District Library Millage Renewal Proposal,"Flint Township, Precinct 2",Yes,701,186
Genesee District Library Millage Renewal Proposal,"Flint Township, Precinct 2",No,121,186
Genesee District Library Millage Renewal Proposal,"Flint Township, Precinct 3",Yes,1102,186
Genesee District Library Millage Renewal Proposal,"Flint Township, Precinct 3",No,328,186
Genesee District Library Millage Renewal Proposal,"Flint Township, Precinct 4",Yes,270,186
Genesee District Library Millage Renewal Proposal,"Flint Township, Precinct 4",No,78,186
Genesee District Library Millage Renewal Proposal,"Flint Township, Precinct 5",Yes,588,186
Genesee District Library Millage Renewal Proposal,"Flint Township, Precinct 5",No,180,186
Genesee District Library Millage Renewal Proposal,"Flint Township, Precinct 6",Yes,207,186
Genesee District Library Millage Renewal Proposal,"Flint Township, Precinct 6",No,80,186
Genesee District Library Millage Renewal Proposal,"Flint Township, Precinct 7",Yes,270,186
Genesee District Library Millage Renewal Proposal,"Flint Township, Precinct 7",No,108,186
Genesee District Library Millage Renewal Proposal,"Flint Township, Precinct 8",Yes,886,186
Genesee District Library Millage Renewal Proposal,"Flint Township, Precinct 8",No,302,186
Genesee District Library Millage Renewal Proposal,"City of Flushing, Precinct 1",Yes,511,186
Genesee District Library Millage Renewal Proposal,"City of Flushing, Precinct 1",No,144,186
Genesee District Library Millage Renewal Proposal,"City of Flushing, Precinct 2",Yes,516,186
Genesee District Library Millage Renewal Proposal,"City of Flushing, Precinct 2",No,145,186
Genesee District Library Millage Renewal Proposal,"City of Flushing, Precinct 3",Yes,448,186
Genesee District Library Millage Renewal Proposal,"City of Flushing, Precinct 3",No,140,186
Genesee District Library Millage Renewal Proposal,"City of Flushing, Precinct 4",Yes,461,186
Genesee District Library Millage Renewal Proposal,"City of Flushing, Precinct 4",No,159,186
Genesee District Library Millage Renewal Proposal,"Flushing Township, Precinct 1",Yes,493,186
Genesee District Library Millage Renewal Proposal,"Flushing Township, Precinct 1",No,272,186
Genesee District Library Millage Renewal Proposal,"Flushing Township, Precinct 2",Yes,367,186
Genesee District Library Millage Renewal Proposal,"Flushing Township, Precinct 2",No,176,186
Genesee District Library Millage Renewal Proposal,"Flushing Township, Precinct 3",Yes,667,186
Genesee District Library Millage Renewal Proposal,"Flushing Township, Precinct 3",No,285,186
Genesee District Library Millage Renewal Proposal,"Flushing Township, Precinct 4",Yes,515,186
Genesee District Library Millage Renewal Proposal,"Flushing Township, Precinct 4",No,183,186
Genesee District Library Millage Renewal Proposal,"Forest Township, Precinct 1",Yes,852,186
Genesee District Library Millage Renewal Proposal,"Forest Township, Precinct 1",No,500,186
Genesee District Library Millage Renewal Proposal,"Gaines Township, Precinct 1",Yes,553,186
Genesee District Library Millage Renewal Proposal,"Gaines Township, Precinct 1",No,339,186
Genesee District Library Millage Renewal Proposal,"Gaines Township, Precinct 2",Yes,227,186
Genesee District Library Millage Renewal Proposal,"Gaines Township, Precinct 2",No,157,186
Genesee District Library Millage Renewal Proposal,"Gaines Township, Precinct 3",Yes,348,186
Genesee District Library Millage Renewal Proposal,"Gaines Township, Precinct 3",No,271,186
Genesee District Library Millage Renewal Proposal,"Genesee Township, Precinct 1",Yes,436,186
Genesee District Library Millage Renewal Proposal,"Genesee Township, Precinct 1",No,138,186
Genesee District Library Millage Renewal Proposal,"Genesee Township, Precinct 2",Yes,160,186
Genesee District Library Millage Renewal Proposal,"Genesee Township, Precinct 2",No,48,186
Genesee District Library Millage Renewal Proposal,"Genesee Township, Precinct 3",Yes,479,186
Genesee District Library Millage Renewal Proposal,"Genesee Township, Precinct 3",No,212,186
Genesee District Library Millage Renewal Proposal,"Genesee Township, Precinct 4",Yes,418,186
Genesee District Library Millage Renewal Proposal,"Genesee Township, Precinct 4",No,178,186
Genesee District Library Millage Renewal Proposal,"Genesee Township, Precinct 5",Yes,643,186
Genesee District Library Millage Renewal Proposal,"Genesee Township, Precinct 5",No,238,186
Genesee District Library Millage Renewal Proposal,"Genesee Township, Precinct 6",Yes,407,186
Genesee District Library Millage Renewal Proposal,"Genesee Township, Precinct 6",No,142,186
Genesee District Library Millage Renewal Proposal,"Genesee Township, Precinct 7",Yes,343,186
Genesee District Library Millage Renewal Proposal,"Genesee Township, Precinct 7",No,172,186
Genesee District Library Millage Renewal Proposal,"City of Grand Blanc, Precinct 1",Yes,896,186
Genesee District Library Millage Renewal Proposal,"City of Grand Blanc, Precinct 1",No,305,186
Genesee District Library Millage Renewal Proposal,"City of Grand Blanc, Precinct 2",Yes,861,186
Genesee District Library Millage Renewal Proposal,"City of Grand Blanc, Precinct 2",No,301,186
Genesee District Library Millage Renewal Proposal,"Grand Blanc Township, Precinct 1",Yes,788,186
Genesee District Library Millage Renewal Proposal,"Grand Blanc Township, Precinct 1",No,309,186
Genesee District Library Millage Renewal Proposal,"Grand Blanc Township, Precinct 2",Yes,232,186
Genesee District Library Millage Renewal Proposal,"Grand Blanc Township, Precinct 2",No,117,186
Genesee District Library Millage Renewal Proposal,"Grand Blanc Township, Precinct 3",Yes,875,186
Genesee District Library Millage Renewal Proposal,"Grand Blanc Township, Precinct 3",No,441,186
Genesee District Library Millage Renewal Proposal,"Grand Blanc Township, Precinct 4",Yes,1067,186
Genesee District Library Millage Renewal Proposal,"Grand Blanc Township, Precinct 4",No,423,186
Genesee District Library Millage Renewal Proposal,"Grand Blanc Township, Precinct 5",Yes,496,186
Genesee District Library Millage Renewal Proposal,"Grand Blanc Township, Precinct 5",No,235,186
Genesee District Library Millage Renewal Proposal,"Grand Blanc Township, Precinct 6",Yes,636,186
Genesee District Library Millage Renewal Proposal,"Grand Blanc Township, Precinct 6",No,266,186
Genesee District Library Millage Renewal Proposal,"Grand Blanc Township, Precinct 7",Yes,1113,186
Genesee District Library Millage Renewal Proposal,"Grand Blanc Township, Precinct 7",No,324,186
Genesee District Library Millage Renewal Proposal,"Grand Blanc Township, Precinct 8",Yes,880,186
Genesee District Library Millage Renewal Proposal,"Grand Blanc Township, Precinct 8",No,420,186
Genesee District Library Millage Renewal Proposal,"Grand Blanc Township, Precinct 9",Yes,617,186
Genesee District Library Millage Renewal Proposal,"Grand Blanc Township, Precinct 9",No,224,186
Genesee District Library Millage Renewal Proposal,"Grand Blanc Township, Precinct 10",Yes,614,186
Genesee District Library Millage Renewal Proposal,"Grand Blanc Township, Precinct 10",No,181,186
Genesee District Library Millage Renewal Proposal,"City of Linden, Precinct 1",Yes,860,186
Genesee District Library Millage Renewal Proposal,"City of Linden, Precinct 1",No,370,186
Genesee District Library Millage Renewal Proposal,"City of Montrose, Precinct 1",Yes,210,186
Genesee District Library Millage Renewal Proposal,"City of Montrose, Precinct 1",No,69,186
Genesee District Library Millage Renewal Proposal,"Montrose Township, Precinct 1",Yes,179,186
Genesee District Library Millage Renewal Proposal,"Montrose Township, Precinct 1",No,112,186
Genesee District Library Millage Renewal Proposal,"Montrose Township, Precinct 2",Yes,170,186
Genesee District Library Millage Renewal Proposal,"Montrose Township, Precinct 2",No,88,186
Genesee District Library Millage Renewal Proposal,"Montrose Township, Precinct 3",Yes,213,186
Genesee District Library Millage Renewal Proposal,"Montrose Township, Precinct 3",No,135,186
Genesee District Library Millage Renewal Proposal,"Montrose Township, Precinct 4",Yes,216,186
Genesee District Library Millage Renewal Proposal,"Montrose Township, Precinct 4",No,182,186
Genesee District Library Millage Renewal Proposal,"City of Mount Morris, Precinct 1",Yes,333,186
Genesee District Library Millage Renewal Proposal,"City of Mount Morris, Precinct 1",No,86,186
Genesee District Library Millage Renewal Proposal,"Mount Morris Township, Precinct 1",Yes,144,186
Genesee District Library Millage Renewal Proposal,"Mount Morris Township, Precinct 1",No,45,186
Genesee District Library Millage Renewal Proposal,"Mount Morris Township, Precinct 2",Yes,286,186
Genesee District Library Millage Renewal Proposal,"Mount Morris Township, Precinct 2",No,137,186
Genesee District Library Millage Renewal Proposal,"Mount Morris Township, Precinct 3",Yes,203,186
Genesee District Library Millage Renewal Proposal,"Mount Morris Township, Precinct 3",No,105,186
Genesee District Library Millage Renewal Proposal,"Mount Morris Township, Precinct 4",Yes,437,186
Genesee District Library Millage Renewal Proposal,"Mount Morris Township, Precinct 4",No,154,186
Genesee District Library Millage Renewal Proposal,"Mount Morris Township, Precinct 5",Yes,253,186
Genesee District Library Millage Renewal Proposal,"Mount Morris Township, Precinct 5",No,69,186
Genesee District Library Millage Renewal Proposal,"Mount Morris Township, Precinct 6",Yes,197,186
Genesee District Library Millage Renewal Proposal,"Mount Morris Township, Precinct 6",No,52,186
Genesee District Library Millage Renewal Proposal,"Mount Morris Township, Precinct 7",Yes,358,186
Genesee District Library Millage Renewal Proposal,"Mount Morris Township, Precinct 7",No,54,186
Genesee District Library Millage Renewal Proposal,"Mount Morris Township, Precinct 8",Yes,286,186
Genesee District Library Millage Renewal Proposal,"Mount Morris Township, Precinct 8",No,52,186
Genesee District Library Millage Renewal Proposal,"Mount Morris Township, Precinct 9",Yes,207,186
Genesee District Library Millage Renewal Proposal,"Mount Morris Township, Precinct 9",No,38,186
Genesee District Library Millage Renewal Proposal,"Mount Morris Township, Precinct 10",Yes,151,186
Genesee District Library Millage Renewal Proposal,"Mount Morris Township, Precinct 10",No,39,186
Genesee District Library Millage Renewal Proposal,"Mundy Township, Precinct 1",Yes,711,186
Genesee District Library Millage Renewal Proposal,"Mundy Township, Precinct 1",No,303,186
Genesee District Library Millage Renewal Proposal,"Mundy Township, Precinct 2",Yes,453,186
Genesee District Library Millage Renewal Proposal,"Mundy Township, Precinct 2",No,175,186
Genesee District Library Millage Renewal Proposal,"Mundy Township, Precinct 3",Yes,642,186
Genesee District Library Millage Renewal Proposal,"Mundy Township, Precinct 3",No,301,186
Genesee District Library Millage Renewal Proposal,"Mundy Township, Precinct 4",Yes,392,186
Genesee District Library Millage Renewal Proposal,"Mundy Township, Precinct 4",No,198,186
Genesee District Library Millage Renewal Proposal,"Mundy Township, Precinct 5",Yes,320,186
Genesee District Library Millage Renewal Proposal,"Mundy Township, Precinct 5",No,173,186
Genesee District Library Millage Renewal Proposal,"Mundy Township, Precinct 6",Yes,238,186
Genesee District Library Millage Renewal Proposal,"Mundy Township, Precinct 6",No,158,186
Genesee District Library Millage Renewal Proposal,"Mundy Township, Precinct 7",Yes,312,186
Genesee District Library Millage Renewal Proposal,"Mundy Township, Precinct 7",No,146,186
Genesee District Library Millage Renewal Proposal,"Richfield Township, Precinct 1",Yes,1058,186
Genesee District Library Millage Renewal Proposal,"Richfield Township, Precinct 1",No,597,186
Genesee District Library Millage Renewal Proposal,"Richfield Township, Precinct 2",Yes,473,186
Genesee District Library Millage Renewal Proposal,"Richfield Township, Precinct 2",No,255,186
Genesee District Library Millage Renewal Proposal,"City of Swartz Creek, Precinct 1",Yes,318,186
Genesee District Library Millage Renewal Proposal,"City of Swartz Creek, Precinct 1",No,114,186
Genesee District Library Millage Renewal Proposal,"City of Swartz Creek, Precinct 2",Yes,296,186
Genesee District Library Millage Renewal Proposal,"City of Swartz Creek, Precinct 2",No,72,186
Genesee District Library Millage Renewal Proposal,"City of Swartz Creek, Precinct 3",Yes,240,186
Genesee District Library Millage Renewal Proposal,"City of Swartz Creek, Precinct 3",No,85,186
Genesee District Library Millage Renewal Proposal,"City of Swartz Creek, Precinct 4",Yes,424,186
Genesee District Library Millage Renewal Proposal,"City of Swartz Creek, Precinct 4",No,193,186
Genesee District Library Millage Renewal Proposal,"Thetford Township, Precinct 1",Yes,442,186
Genesee District Library Millage Renewal Proposal,"Thetford Township, Precinct 1",No,255,186
Genesee District Library Millage Renewal Proposal,"Thetford Township, Precinct 2",Yes,490,186
Genesee District Library Millage Renewal Proposal,"Thetford Township, Precinct 2",No,285,186
Genesee District Library Millage Renewal Proposal,"Vienna Township, Precinct 1",Yes,541,186
Genesee District Library Millage Renewal Proposal,"Vienna Township, Precinct 1",No,261,186
Genesee District Library Millage Renewal Proposal,"Vienna Township, Precinct 2",Yes,508,186
Genesee District Library Millage Renewal Proposal,"Vienna Township, Precinct 2",No,242,186
Genesee District Library Millage Renewal Proposal,"Vienna Township, Precinct 3",Yes,460,186
Genesee District Library Millage Renewal Proposal,"Vienna Township, Precinct 3",No,167,186
Genesee District Library Millage Renewal Proposal,"Vienna Township, Precinct 4",Yes,440,186
Genesee District Library Millage Renewal Proposal,"Vienna Township, Precinct 4",No,195,186
Genesee District Library Millage Renewal Proposal,"Vienna Township, Precinct 5",Yes,359,186
Genesee District Library Millage Renewal Proposal,"Vienna Township, Precinct 5",No,178,186
