ContestId,ContestName,ChoiceId,ChoiceName,PrecinctId,PrecinctName,Total
1,DEM Governor,1,Jocelyn Benson,11,"Alamo Township, Precinct 1",197
1,DEM Governor,2,Christopher Robert Swanson,11,"Alamo Township, Precinct 1",23
1,DEM Governor,3,Write-in,11,"Alamo Township, Precinct 1",0
1,DEM Governor,JustinBlackburn-4-Democratic,Justin Blackburn,11,"Alamo Township, Precinct 1",0
1,DEM Governor,0,Over Votes,11,"Alamo Township, Precinct 1",0
1,DEM Governor,0,Under Votes,11,"Alamo Township, Precinct 1",4
1,DEM Governor,1,Jocelyn Benson,14,"Alamo Township, Precinct 2",303
1,DEM Governor,2,Christopher Robert Swanson,14,"Alamo Township, Precinct 2",39
1,DEM Governor,3,Write-in,14,"Alamo Township, Precinct 2",0
1,DEM Governor,JustinBlackburn-4-Democratic,Justin Blackburn,14,"Alamo Township, Precinct 2",0
1,DEM Governor,0,Over Votes,14,"Alamo Township, Precinct 2",0
1,DEM Governor,0,Under Votes,14,"Alamo Township, Precinct 2",10
1,DEM Governor,1,Jocelyn Benson,17,"Brady Charter Township, Precinct 1",259
1,DEM Governor,2,Christopher Robert Swanson,17,"Brady Charter Township, Precinct 1",39
1,DEM Governor,3,Write-in,17,"Brady Charter Township, Precinct 1",1
1,DEM Governor,JustinBlackburn-4-Democratic,Justin Blackburn,17,"Brady Charter Township, Precinct 1",0
1,DEM Governor,0,Over Votes,17,"Brady Charter Township, Precinct 1",0
1,DEM Governor,0,Under Votes,17,"Brady Charter Township, Precinct 1",3
1,DEM Governor,1,Jocelyn Benson,20,"Brady Charter Township, Precinct 2",179
1,DEM Governor,2,Christopher Robert Swanson,20,"Brady Charter Township, Precinct 2",27
1,DEM Governor,3,Write-in,20,"Brady Charter Township, Precinct 2",0
1,DEM Governor,JustinBlackburn-4-Democratic,Justin Blackburn,20,"Brady Charter Township, Precinct 2",0
1,DEM Governor,0,Over Votes,20,"Brady Charter Township, Precinct 2",0
1,DEM Governor,0,Under Votes,20,"Brady Charter Township, Precinct 2",7
1,DEM Governor,1,Jocelyn Benson,23,"Charleston Township, Precinct 1",204
1,DEM Governor,2,Christopher Robert Swanson,23,"Charleston Township, Precinct 1",40
1,DEM Governor,3,Write-in,23,"Charleston Township, Precinct 1",2
1,DEM Governor,JustinBlackburn-4-Democratic,Justin Blackburn,23,"Charleston Township, Precinct 1",0
1,DEM Governor,0,Over Votes,23,"Charleston Township, Precinct 1",0
1,DEM Governor,0,Under Votes,23,"Charleston Township, Precinct 1",8
1,DEM Governor,1,Jocelyn Benson,26,"Climax Township, Precinct 1",216
1,DEM Governor,2,Christopher Robert Swanson,26,"Climax Township, Precinct 1",51
1,DEM Governor,3,Write-in,26,"Climax Township, Precinct 1",0
1,DEM Governor,JustinBlackburn-4-Democratic,Justin Blackburn,26,"Climax Township, Precinct 1",0
1,DEM Governor,0,Over Votes,26,"Climax Township, Precinct 1",0
1,DEM Governor,0,Under Votes,26,"Climax Township, Precinct 1",3
1,DEM Governor,1,Jocelyn Benson,29,"Comstock Charter Township, Precinct 1",325
1,DEM Governor,2,Christopher Robert Swanson,29,"Comstock Charter Township, Precinct 1",49
1,DEM Governor,3,Write-in,29,"Comstock Charter Township, Precinct 1",1
1,DEM Governor,JustinBlackburn-4-Democratic,Justin Blackburn,29,"Comstock Charter Township, Precinct 1",0
1,DEM Governor,0,Over Votes,29,"Comstock Charter Township, Precinct 1",0
1,DEM Governor,0,Under Votes,29,"Comstock Charter Township, Precinct 1",6
1,DEM Governor,1,Jocelyn Benson,32,"Comstock Charter Township, Precinct 2",342
1,DEM Governor,2,Christopher Robert Swanson,32,"Comstock Charter Township, Precinct 2",46
1,DEM Governor,3,Write-in,32,"Comstock Charter Township, Precinct 2",2
1,DEM Governor,JustinBlackburn-4-Democratic,Justin Blackburn,32,"Comstock Charter Township, Precinct 2",0
1,DEM Governor,0,Over Votes,32,"Comstock Charter Township, Precinct 2",0
1,DEM Governor,0,Under Votes,32,"Comstock Charter Township, Precinct 2",6
1,DEM Governor,1,Jocelyn Benson,35,"Comstock Charter Township, Precinct 3",243
1,DEM Governor,2,Christopher Robert Swanson,35,"Comstock Charter Township, Precinct 3",33
1,DEM Governor,3,Write-in,35,"Comstock Charter Township, Precinct 3",1
1,DEM Governor,JustinBlackburn-4-Democratic,Justin Blackburn,35,"Comstock Charter Township, Precinct 3",0
1,DEM Governor,0,Over Votes,35,"Comstock Charter Township, Precinct 3",1
1,DEM Governor,0,Under Votes,35,"Comstock Charter Township, Precinct 3",7
1,DEM Governor,1,Jocelyn Benson,38,"Comstock Charter Township, Precinct 4",289
1,DEM Governor,2,Christopher Robert Swanson,38,"Comstock Charter Township, Precinct 4",41
1,DEM Governor,3,Write-in,38,"Comstock Charter Township, Precinct 4",1
1,DEM Governor,JustinBlackburn-4-Democratic,Justin Blackburn,38,"Comstock Charter Township, Precinct 4",0
1,DEM Governor,0,Over Votes,38,"Comstock Charter Township, Precinct 4",3
1,DEM Governor,0,Under Votes,38,"Comstock Charter Township, Precinct 4",6
1,DEM Governor,1,Jocelyn Benson,41,"Comstock Charter Township, Precinct 5",608
1,DEM Governor,2,Christopher Robert Swanson,41,"Comstock Charter Township, Precinct 5",89
1,DEM Governor,3,Write-in,41,"Comstock Charter Township, Precinct 5",1
1,DEM Governor,JustinBlackburn-4-Democratic,Justin Blackburn,41,"Comstock Charter Township, Precinct 5",0
1,DEM Governor,0,Over Votes,41,"Comstock Charter Township, Precinct 5",0
1,DEM Governor,0,Under Votes,41,"Comstock Charter Township, Precinct 5",10
1,DEM Governor,1,Jocelyn Benson,44,"Comstock Charter Township, Precinct 6",293
1,DEM Governor,2,Christopher Robert Swanson,44,"Comstock Charter Township, Precinct 6",36
1,DEM Governor,3,Write-in,44,"Comstock Charter Township, Precinct 6",0
1,DEM Governor,JustinBlackburn-4-Democratic,Justin Blackburn,44,"Comstock Charter Township, Precinct 6",0
1,DEM Governor,0,Over Votes,44,"Comstock Charter Township, Precinct 6",1
1,DEM Governor,0,Under Votes,44,"Comstock Charter Township, Precinct 6",8
1,DEM Governor,1,Jocelyn Benson,50,"Cooper Charter Township, Precinct 1",213
1,DEM Governor,2,Christopher Robert Swanson,50,"Cooper Charter Township, Precinct 1",31
1,DEM Governor,3,Write-in,50,"Cooper Charter Township, Precinct 1",0
1,DEM Governor,JustinBlackburn-4-Democratic,Justin Blackburn,50,"Cooper Charter Township, Precinct 1",0
1,DEM Governor,0,Over Votes,50,"Cooper Charter Township, Precinct 1",0
1,DEM Governor,0,Under Votes,50,"Cooper Charter Township, Precinct 1",1
1,DEM Governor,1,Jocelyn Benson,54,"Cooper Charter Township, Precinct 2",246
1,DEM Governor,2,Christopher Robert Swanson,54,"Cooper Charter Township, Precinct 2",38
1,DEM Governor,3,Write-in,54,"Cooper Charter Township, Precinct 2",2
1,DEM Governor,JustinBlackburn-4-Democratic,Justin Blackburn,54,"Cooper Charter Township, Precinct 2",0
1,DEM Governor,0,Over Votes,54,"Cooper Charter Township, Precinct 2",0
1,DEM Governor,0,Under Votes,54,"Cooper Charter Township, Precinct 2",6
1,DEM Governor,1,Jocelyn Benson,58,"Cooper Charter Township, Precinct 3",562
1,DEM Governor,2,Christopher Robert Swanson,58,"Cooper Charter Township, Precinct 3",104
1,DEM Governor,3,Write-in,58,"Cooper Charter Township, Precinct 3",2
1,DEM Governor,JustinBlackburn-4-Democratic,Justin Blackburn,58,"Cooper Charter Township, Precinct 3",0
1,DEM Governor,0,Over Votes,58,"Cooper Charter Township, Precinct 3",0
1,DEM Governor,0,Under Votes,58,"Cooper Charter Township, Precinct 3",15
1,DEM Governor,1,Jocelyn Benson,62,"Cooper Charter Township, Precinct 4",424
1,DEM Governor,2,Christopher Robert Swanson,62,"Cooper Charter Township, Precinct 4",51
1,DEM Governor,3,Write-in,62,"Cooper Charter Township, Precinct 4",0
1,DEM Governor,JustinBlackburn-4-Democratic,Justin Blackburn,62,"Cooper Charter Township, Precinct 4",0
1,DEM Governor,0,Over Votes,62,"Cooper Charter Township, Precinct 4",0
1,DEM Governor,0,Under Votes,62,"Cooper Charter Township, Precinct 4",8
1,DEM Governor,1,Jocelyn Benson,66,"Galesburg City, Precinct 1",151
1,DEM Governor,2,Christopher Robert Swanson,66,"Galesburg City, Precinct 1",24
1,DEM Governor,3,Write-in,66,"Galesburg City, Precinct 1",0
1,DEM Governor,JustinBlackburn-4-Democratic,Justin Blackburn,66,"Galesburg City, Precinct 1",0
1,DEM Governor,0,Over Votes,66,"Galesburg City, Precinct 1",0
1,DEM Governor,0,Under Votes,66,"Galesburg City, Precinct 1",0
1,DEM Governor,1,Jocelyn Benson,69,"Kalamazoo Charter Township, Precinct 1",53
1,DEM Governor,2,Christopher Robert Swanson,69,"Kalamazoo Charter Township, Precinct 1",8
1,DEM Governor,3,Write-in,69,"Kalamazoo Charter Township, Precinct 1",0
1,DEM Governor,JustinBlackburn-4-Democratic,Justin Blackburn,69,"Kalamazoo Charter Township, Precinct 1",0
1,DEM Governor,0,Over Votes,69,"Kalamazoo Charter Township, Precinct 1",0
1,DEM Governor,0,Under Votes,69,"Kalamazoo Charter Township, Precinct 1",4
1,DEM Governor,1,Jocelyn Benson,75,"Kalamazoo Charter Township, Precinct 2",810
1,DEM Governor,2,Christopher Robert Swanson,75,"Kalamazoo Charter Township, Precinct 2",106
1,DEM Governor,3,Write-in,75,"Kalamazoo Charter Township, Precinct 2",2
1,DEM Governor,JustinBlackburn-4-Democratic,Justin Blackburn,75,"Kalamazoo Charter Township, Precinct 2",0
1,DEM Governor,0,Over Votes,75,"Kalamazoo Charter Township, Precinct 2",0
1,DEM Governor,0,Under Votes,75,"Kalamazoo Charter Township, Precinct 2",12
1,DEM Governor,1,Jocelyn Benson,78,"Kalamazoo Charter Township, Precinct 3",1109
1,DEM Governor,2,Christopher Robert Swanson,78,"Kalamazoo Charter Township, Precinct 3",105
1,DEM Governor,3,Write-in,78,"Kalamazoo Charter Township, Precinct 3",0
1,DEM Governor,JustinBlackburn-4-Democratic,Justin Blackburn,78,"Kalamazoo Charter Township, Precinct 3",0
1,DEM Governor,0,Over Votes,78,"Kalamazoo Charter Township, Precinct 3",0
1,DEM Governor,0,Under Votes,78,"Kalamazoo Charter Township, Precinct 3",25
1,DEM Governor,1,Jocelyn Benson,81,"Kalamazoo Charter Township, Precinct 4",1004
1,DEM Governor,2,Christopher Robert Swanson,81,"Kalamazoo Charter Township, Precinct 4",114
1,DEM Governor,3,Write-in,81,"Kalamazoo Charter Township, Precinct 4",4
1,DEM Governor,JustinBlackburn-4-Democratic,Justin Blackburn,81,"Kalamazoo Charter Township, Precinct 4",0
1,DEM Governor,0,Over Votes,81,"Kalamazoo Charter Township, Precinct 4",0
1,DEM Governor,0,Under Votes,81,"Kalamazoo Charter Township, Precinct 4",32
1,DEM Governor,1,Jocelyn Benson,84,"Kalamazoo Charter Township, Precinct 5",365
1,DEM Governor,2,Christopher Robert Swanson,84,"Kalamazoo Charter Township, Precinct 5",30
1,DEM Governor,3,Write-in,84,"Kalamazoo Charter Township, Precinct 5",5
1,DEM Governor,JustinBlackburn-4-Democratic,Justin Blackburn,84,"Kalamazoo Charter Township, Precinct 5",0
1,DEM Governor,0,Over Votes,84,"Kalamazoo Charter Township, Precinct 5",0
1,DEM Governor,0,Under Votes,84,"Kalamazoo Charter Township, Precinct 5",8
1,DEM Governor,1,Jocelyn Benson,87,"Kalamazoo Charter Township, Precinct 6",555
1,DEM Governor,2,Christopher Robert Swanson,87,"Kalamazoo Charter Township, Precinct 6",70
1,DEM Governor,3,Write-in,87,"Kalamazoo Charter Township, Precinct 6",1
1,DEM Governor,JustinBlackburn-4-Democratic,Justin Blackburn,87,"Kalamazoo Charter Township, Precinct 6",0
1,DEM Governor,0,Over Votes,87,"Kalamazoo Charter Township, Precinct 6",0
1,DEM Governor,0,Under Votes,87,"Kalamazoo Charter Township, Precinct 6",10
1,DEM Governor,1,Jocelyn Benson,133,"Kalamazoo City, Precinct 2",304
1,DEM Governor,2,Christopher Robert Swanson,133,"Kalamazoo City, Precinct 2",52
1,DEM Governor,3,Write-in,133,"Kalamazoo City, Precinct 2",3
1,DEM Governor,JustinBlackburn-4-Democratic,Justin Blackburn,133,"Kalamazoo City, Precinct 2",0
1,DEM Governor,0,Over Votes,133,"Kalamazoo City, Precinct 2",0
1,DEM Governor,0,Under Votes,133,"Kalamazoo City, Precinct 2",17
1,DEM Governor,1,Jocelyn Benson,162,"Kalamazoo City, Precinct 3",896
1,DEM Governor,2,Christopher Robert Swanson,162,"Kalamazoo City, Precinct 3",128
1,DEM Governor,3,Write-in,162,"Kalamazoo City, Precinct 3",7
1,DEM Governor,JustinBlackburn-4-Democratic,Justin Blackburn,162,"Kalamazoo City, Precinct 3",0
1,DEM Governor,0,Over Votes,162,"Kalamazoo City, Precinct 3",1
1,DEM Governor,0,Under Votes,162,"Kalamazoo City, Precinct 3",36
1,DEM Governor,1,Jocelyn Benson,165,"Kalamazoo City, Precinct 4",621
1,DEM Governor,2,Christopher Robert Swanson,165,"Kalamazoo City, Precinct 4",86
1,DEM Governor,3,Write-in,165,"Kalamazoo City, Precinct 4",2
1,DEM Governor,JustinBlackburn-4-Democratic,Justin Blackburn,165,"Kalamazoo City, Precinct 4",0
1,DEM Governor,0,Over Votes,165,"Kalamazoo City, Precinct 4",0
1,DEM Governor,0,Under Votes,165,"Kalamazoo City, Precinct 4",16
1,DEM Governor,1,Jocelyn Benson,168,"Kalamazoo City, Precinct 5",681
1,DEM Governor,2,Christopher Robert Swanson,168,"Kalamazoo City, Precinct 5",82
1,DEM Governor,3,Write-in,168,"Kalamazoo City, Precinct 5",2
1,DEM Governor,JustinBlackburn-4-Democratic,Justin Blackburn,168,"Kalamazoo City, Precinct 5",0
1,DEM Governor,0,Over Votes,168,"Kalamazoo City, Precinct 5",0
1,DEM Governor,0,Under Votes,168,"Kalamazoo City, Precinct 5",22
1,DEM Governor,1,Jocelyn Benson,171,"Kalamazoo City, Precinct 6",544
1,DEM Governor,2,Christopher Robert Swanson,171,"Kalamazoo City, Precinct 6",42
1,DEM Governor,3,Write-in,171,"Kalamazoo City, Precinct 6",3
1,DEM Governor,JustinBlackburn-4-Democratic,Justin Blackburn,171,"Kalamazoo City, Precinct 6",0
1,DEM Governor,0,Over Votes,171,"Kalamazoo City, Precinct 6",0
1,DEM Governor,0,Under Votes,171,"Kalamazoo City, Precinct 6",10
1,DEM Governor,1,Jocelyn Benson,174,"Kalamazoo City, Precinct 7",669
1,DEM Governor,2,Christopher Robert Swanson,174,"Kalamazoo City, Precinct 7",59
1,DEM Governor,3,Write-in,174,"Kalamazoo City, Precinct 7",0
1,DEM Governor,JustinBlackburn-4-Democratic,Justin Blackburn,174,"Kalamazoo City, Precinct 7",0
1,DEM Governor,0,Over Votes,174,"Kalamazoo City, Precinct 7",0
1,DEM Governor,0,Under Votes,174,"Kalamazoo City, Precinct 7",16
1,DEM Governor,1,Jocelyn Benson,177,"Kalamazoo City, Precinct 8",480
1,DEM Governor,2,Christopher Robert Swanson,177,"Kalamazoo City, Precinct 8",62
1,DEM Governor,3,Write-in,177,"Kalamazoo City, Precinct 8",3
1,DEM Governor,JustinBlackburn-4-Democratic,Justin Blackburn,177,"Kalamazoo City, Precinct 8",0
1,DEM Governor,0,Over Votes,177,"Kalamazoo City, Precinct 8",0
1,DEM Governor,0,Under Votes,177,"Kalamazoo City, Precinct 8",15
1,DEM Governor,1,Jocelyn Benson,180,"Kalamazoo City, Precinct 9",1023
1,DEM Governor,2,Christopher Robert Swanson,180,"Kalamazoo City, Precinct 9",98
1,DEM Governor,3,Write-in,180,"Kalamazoo City, Precinct 9",3
1,DEM Governor,JustinBlackburn-4-Democratic,Justin Blackburn,180,"Kalamazoo City, Precinct 9",0
1,DEM Governor,0,Over Votes,180,"Kalamazoo City, Precinct 9",0
1,DEM Governor,0,Under Votes,180,"Kalamazoo City, Precinct 9",30
1,DEM Governor,1,Jocelyn Benson,102,"Kalamazoo City, Precinct 10",435
1,DEM Governor,2,Christopher Robert Swanson,102,"Kalamazoo City, Precinct 10",64
1,DEM Governor,3,Write-in,102,"Kalamazoo City, Precinct 10",4
1,DEM Governor,JustinBlackburn-4-Democratic,Justin Blackburn,102,"Kalamazoo City, Precinct 10",0
1,DEM Governor,0,Over Votes,102,"Kalamazoo City, Precinct 10",0
1,DEM Governor,0,Under Votes,102,"Kalamazoo City, Precinct 10",11
1,DEM Governor,1,Jocelyn Benson,105,"Kalamazoo City, Precinct 11",242
1,DEM Governor,2,Christopher Robert Swanson,105,"Kalamazoo City, Precinct 11",30
1,DEM Governor,3,Write-in,105,"Kalamazoo City, Precinct 11",0
1,DEM Governor,JustinBlackburn-4-Democratic,Justin Blackburn,105,"Kalamazoo City, Precinct 11",0
1,DEM Governor,0,Over Votes,105,"Kalamazoo City, Precinct 11",1
1,DEM Governor,0,Under Votes,105,"Kalamazoo City, Precinct 11",6
1,DEM Governor,1,Jocelyn Benson,108,"Kalamazoo City, Precinct 12",656
1,DEM Governor,2,Christopher Robert Swanson,108,"Kalamazoo City, Precinct 12",86
1,DEM Governor,3,Write-in,108,"Kalamazoo City, Precinct 12",5
1,DEM Governor,JustinBlackburn-4-Democratic,Justin Blackburn,108,"Kalamazoo City, Precinct 12",0
1,DEM Governor,0,Over Votes,108,"Kalamazoo City, Precinct 12",1
1,DEM Governor,0,Under Votes,108,"Kalamazoo City, Precinct 12",11
1,DEM Governor,1,Jocelyn Benson,111,"Kalamazoo City, Precinct 13",333
1,DEM Governor,2,Christopher Robert Swanson,111,"Kalamazoo City, Precinct 13",63
1,DEM Governor,3,Write-in,111,"Kalamazoo City, Precinct 13",1
1,DEM Governor,JustinBlackburn-4-Democratic,Justin Blackburn,111,"Kalamazoo City, Precinct 13",0
1,DEM Governor,0,Over Votes,111,"Kalamazoo City, Precinct 13",0
1,DEM Governor,0,Under Votes,111,"Kalamazoo City, Precinct 13",11
1,DEM Governor,1,Jocelyn Benson,114,"Kalamazoo City, Precinct 14",1150
1,DEM Governor,2,Christopher Robert Swanson,114,"Kalamazoo City, Precinct 14",119
1,DEM Governor,3,Write-in,114,"Kalamazoo City, Precinct 14",5
1,DEM Governor,JustinBlackburn-4-Democratic,Justin Blackburn,114,"Kalamazoo City, Precinct 14",0
1,DEM Governor,0,Over Votes,114,"Kalamazoo City, Precinct 14",0
1,DEM Governor,0,Under Votes,114,"Kalamazoo City, Precinct 14",23
1,DEM Governor,1,Jocelyn Benson,117,"Kalamazoo City, Precinct 15",338
1,DEM Governor,2,Christopher Robert Swanson,117,"Kalamazoo City, Precinct 15",59
1,DEM Governor,3,Write-in,117,"Kalamazoo City, Precinct 15",0
1,DEM Governor,JustinBlackburn-4-Democratic,Justin Blackburn,117,"Kalamazoo City, Precinct 15",0
1,DEM Governor,0,Over Votes,117,"Kalamazoo City, Precinct 15",1
1,DEM Governor,0,Under Votes,117,"Kalamazoo City, Precinct 15",22
1,DEM Governor,1,Jocelyn Benson,120,"Kalamazoo City, Precinct 16",564
1,DEM Governor,2,Christopher Robert Swanson,120,"Kalamazoo City, Precinct 16",74
1,DEM Governor,3,Write-in,120,"Kalamazoo City, Precinct 16",3
1,DEM Governor,JustinBlackburn-4-Democratic,Justin Blackburn,120,"Kalamazoo City, Precinct 16",0
1,DEM Governor,0,Over Votes,120,"Kalamazoo City, Precinct 16",0
1,DEM Governor,0,Under Votes,120,"Kalamazoo City, Precinct 16",15
1,DEM Governor,1,Jocelyn Benson,123,"Kalamazoo City, Precinct 17",417
1,DEM Governor,2,Christopher Robert Swanson,123,"Kalamazoo City, Precinct 17",52
1,DEM Governor,3,Write-in,123,"Kalamazoo City, Precinct 17",2
1,DEM Governor,JustinBlackburn-4-Democratic,Justin Blackburn,123,"Kalamazoo City, Precinct 17",0
1,DEM Governor,0,Over Votes,123,"Kalamazoo City, Precinct 17",0
1,DEM Governor,0,Under Votes,123,"Kalamazoo City, Precinct 17",9
1,DEM Governor,1,Jocelyn Benson,127,"Kalamazoo City, Precinct 18",415
1,DEM Governor,2,Christopher Robert Swanson,127,"Kalamazoo City, Precinct 18",59
1,DEM Governor,3,Write-in,127,"Kalamazoo City, Precinct 18",1
1,DEM Governor,JustinBlackburn-4-Democratic,Justin Blackburn,127,"Kalamazoo City, Precinct 18",0
1,DEM Governor,0,Over Votes,127,"Kalamazoo City, Precinct 18",0
1,DEM Governor,0,Under Votes,127,"Kalamazoo City, Precinct 18",10
1,DEM Governor,1,Jocelyn Benson,130,"Kalamazoo City, Precinct 19",367
1,DEM Governor,2,Christopher Robert Swanson,130,"Kalamazoo City, Precinct 19",43
1,DEM Governor,3,Write-in,130,"Kalamazoo City, Precinct 19",1
1,DEM Governor,JustinBlackburn-4-Democratic,Justin Blackburn,130,"Kalamazoo City, Precinct 19",0
1,DEM Governor,0,Over Votes,130,"Kalamazoo City, Precinct 19",0
1,DEM Governor,0,Under Votes,130,"Kalamazoo City, Precinct 19",9
1,DEM Governor,1,Jocelyn Benson,136,"Kalamazoo City, Precinct 20",520
1,DEM Governor,2,Christopher Robert Swanson,136,"Kalamazoo City, Precinct 20",48
1,DEM Governor,3,Write-in,136,"Kalamazoo City, Precinct 20",2
1,DEM Governor,JustinBlackburn-4-Democratic,Justin Blackburn,136,"Kalamazoo City, Precinct 20",0
1,DEM Governor,0,Over Votes,136,"Kalamazoo City, Precinct 20",0
1,DEM Governor,0,Under Votes,136,"Kalamazoo City, Precinct 20",20
1,DEM Governor,1,Jocelyn Benson,139,"Kalamazoo City, Precinct 21",656
1,DEM Governor,2,Christopher Robert Swanson,139,"Kalamazoo City, Precinct 21",49
1,DEM Governor,3,Write-in,139,"Kalamazoo City, Precinct 21",2
1,DEM Governor,JustinBlackburn-4-Democratic,Justin Blackburn,139,"Kalamazoo City, Precinct 21",0
1,DEM Governor,0,Over Votes,139,"Kalamazoo City, Precinct 21",0
1,DEM Governor,0,Under Votes,139,"Kalamazoo City, Precinct 21",24
1,DEM Governor,1,Jocelyn Benson,183,"Oshtemo Charter Township, Precinct 1",299
1,DEM Governor,2,Christopher Robert Swanson,183,"Oshtemo Charter Township, Precinct 1",33
1,DEM Governor,3,Write-in,183,"Oshtemo Charter Township, Precinct 1",1
1,DEM Governor,JustinBlackburn-4-Democratic,Justin Blackburn,183,"Oshtemo Charter Township, Precinct 1",0
1,DEM Governor,0,Over Votes,183,"Oshtemo Charter Township, Precinct 1",0
1,DEM Governor,0,Under Votes,183,"Oshtemo Charter Township, Precinct 1",4
1,DEM Governor,1,Jocelyn Benson,189,"Oshtemo Charter Township, Precinct 2",516
1,DEM Governor,2,Christopher Robert Swanson,189,"Oshtemo Charter Township, Precinct 2",58
1,DEM Governor,3,Write-in,189,"Oshtemo Charter Township, Precinct 2",4
1,DEM Governor,JustinBlackburn-4-Democratic,Justin Blackburn,189,"Oshtemo Charter Township, Precinct 2",0
1,DEM Governor,0,Over Votes,189,"Oshtemo Charter Township, Precinct 2",1
1,DEM Governor,0,Under Votes,189,"Oshtemo Charter Township, Precinct 2",12
1,DEM Governor,1,Jocelyn Benson,192,"Oshtemo Charter Township, Precinct 3",517
1,DEM Governor,2,Christopher Robert Swanson,192,"Oshtemo Charter Township, Precinct 3",63
1,DEM Governor,3,Write-in,192,"Oshtemo Charter Township, Precinct 3",1
1,DEM Governor,JustinBlackburn-4-Democratic,Justin Blackburn,192,"Oshtemo Charter Township, Precinct 3",0
1,DEM Governor,0,Over Votes,192,"Oshtemo Charter Township, Precinct 3",1
1,DEM Governor,0,Under Votes,192,"Oshtemo Charter Township, Precinct 3",6
1,DEM Governor,1,Jocelyn Benson,195,"Oshtemo Charter Township, Precinct 4",470
1,DEM Governor,2,Christopher Robert Swanson,195,"Oshtemo Charter Township, Precinct 4",51
1,DEM Governor,3,Write-in,195,"Oshtemo Charter Township, Precinct 4",0
1,DEM Governor,JustinBlackburn-4-Democratic,Justin Blackburn,195,"Oshtemo Charter Township, Precinct 4",0
1,DEM Governor,0,Over Votes,195,"Oshtemo Charter Township, Precinct 4",1
1,DEM Governor,0,Under Votes,195,"Oshtemo Charter Township, Precinct 4",8
1,DEM Governor,1,Jocelyn Benson,198,"Oshtemo Charter Township, Precinct 5",645
1,DEM Governor,2,Christopher Robert Swanson,198,"Oshtemo Charter Township, Precinct 5",109
1,DEM Governor,3,Write-in,198,"Oshtemo Charter Township, Precinct 5",0
1,DEM Governor,JustinBlackburn-4-Democratic,Justin Blackburn,198,"Oshtemo Charter Township, Precinct 5",0
1,DEM Governor,0,Over Votes,198,"Oshtemo Charter Township, Precinct 5",0
1,DEM Governor,0,Under Votes,198,"Oshtemo Charter Township, Precinct 5",10
1,DEM Governor,1,Jocelyn Benson,201,"Oshtemo Charter Township, Precinct 6",227
1,DEM Governor,2,Christopher Robert Swanson,201,"Oshtemo Charter Township, Precinct 6",46
1,DEM Governor,3,Write-in,201,"Oshtemo Charter Township, Precinct 6",1
1,DEM Governor,JustinBlackburn-4-Democratic,Justin Blackburn,201,"Oshtemo Charter Township, Precinct 6",0
1,DEM Governor,0,Over Votes,201,"Oshtemo Charter Township, Precinct 6",0
1,DEM Governor,0,Under Votes,201,"Oshtemo Charter Township, Precinct 6",3
1,DEM Governor,1,Jocelyn Benson,204,"Oshtemo Charter Township, Precinct 7",384
1,DEM Governor,2,Christopher Robert Swanson,204,"Oshtemo Charter Township, Precinct 7",44
1,DEM Governor,3,Write-in,204,"Oshtemo Charter Township, Precinct 7",4
1,DEM Governor,JustinBlackburn-4-Democratic,Justin Blackburn,204,"Oshtemo Charter Township, Precinct 7",0
1,DEM Governor,0,Over Votes,204,"Oshtemo Charter Township, Precinct 7",1
1,DEM Governor,0,Under Votes,204,"Oshtemo Charter Township, Precinct 7",9
1,DEM Governor,1,Jocelyn Benson,207,"Oshtemo Charter Township, Precinct 8",198
1,DEM Governor,2,Christopher Robert Swanson,207,"Oshtemo Charter Township, Precinct 8",24
1,DEM Governor,3,Write-in,207,"Oshtemo Charter Township, Precinct 8",0
1,DEM Governor,JustinBlackburn-4-Democratic,Justin Blackburn,207,"Oshtemo Charter Township, Precinct 8",0
1,DEM Governor,0,Over Votes,207,"Oshtemo Charter Township, Precinct 8",0
1,DEM Governor,0,Under Votes,207,"Oshtemo Charter Township, Precinct 8",3
1,DEM Governor,1,Jocelyn Benson,210,"Oshtemo Charter Township, Precinct 9",513
1,DEM Governor,2,Christopher Robert Swanson,210,"Oshtemo Charter Township, Precinct 9",58
1,DEM Governor,3,Write-in,210,"Oshtemo Charter Township, Precinct 9",1
1,DEM Governor,JustinBlackburn-4-Democratic,Justin Blackburn,210,"Oshtemo Charter Township, Precinct 9",0
1,DEM Governor,0,Over Votes,210,"Oshtemo Charter Township, Precinct 9",0
1,DEM Governor,0,Under Votes,210,"Oshtemo Charter Township, Precinct 9",18
1,DEM Governor,1,Jocelyn Benson,213,"Parchment City, Precinct 1",270
1,DEM Governor,2,Christopher Robert Swanson,213,"Parchment City, Precinct 1",41
1,DEM Governor,3,Write-in,213,"Parchment City, Precinct 1",1
1,DEM Governor,JustinBlackburn-4-Democratic,Justin Blackburn,213,"Parchment City, Precinct 1",0
1,DEM Governor,0,Over Votes,213,"Parchment City, Precinct 1",0
1,DEM Governor,0,Under Votes,213,"Parchment City, Precinct 1",10
1,DEM Governor,1,Jocelyn Benson,216,"Charter Township of Pavilion, Precinct 1",318
1,DEM Governor,2,Christopher Robert Swanson,216,"Charter Township of Pavilion, Precinct 1",64
1,DEM Governor,3,Write-in,216,"Charter Township of Pavilion, Precinct 1",0
1,DEM Governor,JustinBlackburn-4-Democratic,Justin Blackburn,216,"Charter Township of Pavilion, Precinct 1",0
1,DEM Governor,0,Over Votes,216,"Charter Township of Pavilion, Precinct 1",1
1,DEM Governor,0,Under Votes,216,"Charter Township of Pavilion, Precinct 1",6
1,DEM Governor,1,Jocelyn Benson,219,"Charter Township of Pavilion, Precinct 2",141
1,DEM Governor,2,Christopher Robert Swanson,219,"Charter Township of Pavilion, Precinct 2",18
1,DEM Governor,3,Write-in,219,"Charter Township of Pavilion, Precinct 2",3
1,DEM Governor,JustinBlackburn-4-Democratic,Justin Blackburn,219,"Charter Township of Pavilion, Precinct 2",0
1,DEM Governor,0,Over Votes,219,"Charter Township of Pavilion, Precinct 2",0
1,DEM Governor,0,Under Votes,219,"Charter Township of Pavilion, Precinct 2",0
1,DEM Governor,1,Jocelyn Benson,222,"Charter Township of Pavilion, Precinct 3",211
1,DEM Governor,2,Christopher Robert Swanson,222,"Charter Township of Pavilion, Precinct 3",37
1,DEM Governor,3,Write-in,222,"Charter Township of Pavilion, Precinct 3",0
1,DEM Governor,JustinBlackburn-4-Democratic,Justin Blackburn,222,"Charter Township of Pavilion, Precinct 3",0
1,DEM Governor,0,Over Votes,222,"Charter Township of Pavilion, Precinct 3",0
1,DEM Governor,0,Under Votes,222,"Charter Township of Pavilion, Precinct 3",2
1,DEM Governor,1,Jocelyn Benson,226,"Portage City, Precinct 1",573
1,DEM Governor,2,Christopher Robert Swanson,226,"Portage City, Precinct 1",77
1,DEM Governor,3,Write-in,226,"Portage City, Precinct 1",1
1,DEM Governor,JustinBlackburn-4-Democratic,Justin Blackburn,226,"Portage City, Precinct 1",0
1,DEM Governor,0,Over Votes,226,"Portage City, Precinct 1",0
1,DEM Governor,0,Under Votes,226,"Portage City, Precinct 1",12
1,DEM Governor,1,Jocelyn Benson,260,"Portage City, Precinct 2",202
1,DEM Governor,2,Christopher Robert Swanson,260,"Portage City, Precinct 2",37
1,DEM Governor,3,Write-in,260,"Portage City, Precinct 2",1
1,DEM Governor,JustinBlackburn-4-Democratic,Justin Blackburn,260,"Portage City, Precinct 2",0
1,DEM Governor,0,Over Votes,260,"Portage City, Precinct 2",0
1,DEM Governor,0,Under Votes,260,"Portage City, Precinct 2",5
1,DEM Governor,1,Jocelyn Benson,264,"Portage City, Precinct 3",863
1,DEM Governor,2,Christopher Robert Swanson,264,"Portage City, Precinct 3",110
1,DEM Governor,3,Write-in,264,"Portage City, Precinct 3",1
1,DEM Governor,JustinBlackburn-4-Democratic,Justin Blackburn,264,"Portage City, Precinct 3",0
1,DEM Governor,0,Over Votes,264,"Portage City, Precinct 3",1
1,DEM Governor,0,Under Votes,264,"Portage City, Precinct 3",20
1,DEM Governor,1,Jocelyn Benson,267,"Portage City, Precinct 4",775
1,DEM Governor,2,Christopher Robert Swanson,267,"Portage City, Precinct 4",127
1,DEM Governor,3,Write-in,267,"Portage City, Precinct 4",4
1,DEM Governor,JustinBlackburn-4-Democratic,Justin Blackburn,267,"Portage City, Precinct 4",0
1,DEM Governor,0,Over Votes,267,"Portage City, Precinct 4",0
1,DEM Governor,0,Under Votes,267,"Portage City, Precinct 4",8
1,DEM Governor,1,Jocelyn Benson,271,"Portage City, Precinct 5",1040
1,DEM Governor,2,Christopher Robert Swanson,271,"Portage City, Precinct 5",118
1,DEM Governor,3,Write-in,271,"Portage City, Precinct 5",2
1,DEM Governor,JustinBlackburn-4-Democratic,Justin Blackburn,271,"Portage City, Precinct 5",0
1,DEM Governor,0,Over Votes,271,"Portage City, Precinct 5",1
1,DEM Governor,0,Under Votes,271,"Portage City, Precinct 5",28
1,DEM Governor,1,Jocelyn Benson,274,"Portage City, Precinct 6",607
1,DEM Governor,2,Christopher Robert Swanson,274,"Portage City, Precinct 6",83
1,DEM Governor,3,Write-in,274,"Portage City, Precinct 6",2
1,DEM Governor,JustinBlackburn-4-Democratic,Justin Blackburn,274,"Portage City, Precinct 6",0
1,DEM Governor,0,Over Votes,274,"Portage City, Precinct 6",0
1,DEM Governor,0,Under Votes,274,"Portage City, Precinct 6",7
1,DEM Governor,1,Jocelyn Benson,277,"Portage City, Precinct 7",629
1,DEM Governor,2,Christopher Robert Swanson,277,"Portage City, Precinct 7",60
1,DEM Governor,3,Write-in,277,"Portage City, Precinct 7",1
1,DEM Governor,JustinBlackburn-4-Democratic,Justin Blackburn,277,"Portage City, Precinct 7",0
1,DEM Governor,0,Over Votes,277,"Portage City, Precinct 7",0
1,DEM Governor,0,Under Votes,277,"Portage City, Precinct 7",19
1,DEM Governor,1,Jocelyn Benson,280,"Portage City, Precinct 8",886
1,DEM Governor,2,Christopher Robert Swanson,280,"Portage City, Precinct 8",109
1,DEM Governor,3,Write-in,280,"Portage City, Precinct 8",2
1,DEM Governor,JustinBlackburn-4-Democratic,Justin Blackburn,280,"Portage City, Precinct 8",0
1,DEM Governor,0,Over Votes,280,"Portage City, Precinct 8",0
1,DEM Governor,0,Under Votes,280,"Portage City, Precinct 8",21
1,DEM Governor,1,Jocelyn Benson,283,"Portage City, Precinct 9",489
1,DEM Governor,2,Christopher Robert Swanson,283,"Portage City, Precinct 9",68
1,DEM Governor,3,Write-in,283,"Portage City, Precinct 9",1
1,DEM Governor,JustinBlackburn-4-Democratic,Justin Blackburn,283,"Portage City, Precinct 9",0
1,DEM Governor,0,Over Votes,283,"Portage City, Precinct 9",0
1,DEM Governor,0,Under Votes,283,"Portage City, Precinct 9",12
1,DEM Governor,1,Jocelyn Benson,229,"Portage City, Precinct 10",697
1,DEM Governor,2,Christopher Robert Swanson,229,"Portage City, Precinct 10",105
1,DEM Governor,3,Write-in,229,"Portage City, Precinct 10",0
1,DEM Governor,JustinBlackburn-4-Democratic,Justin Blackburn,229,"Portage City, Precinct 10",0
1,DEM Governor,0,Over Votes,229,"Portage City, Precinct 10",1
1,DEM Governor,0,Under Votes,229,"Portage City, Precinct 10",18
1,DEM Governor,1,Jocelyn Benson,233,"Portage City, Precinct 11",525
1,DEM Governor,2,Christopher Robert Swanson,233,"Portage City, Precinct 11",87
1,DEM Governor,3,Write-in,233,"Portage City, Precinct 11",2
1,DEM Governor,JustinBlackburn-4-Democratic,Justin Blackburn,233,"Portage City, Precinct 11",0
1,DEM Governor,0,Over Votes,233,"Portage City, Precinct 11",0
1,DEM Governor,0,Under Votes,233,"Portage City, Precinct 11",23
1,DEM Governor,1,Jocelyn Benson,236,"Portage City, Precinct 12",397
1,DEM Governor,2,Christopher Robert Swanson,236,"Portage City, Precinct 12",65
1,DEM Governor,3,Write-in,236,"Portage City, Precinct 12",0
1,DEM Governor,JustinBlackburn-4-Democratic,Justin Blackburn,236,"Portage City, Precinct 12",0
1,DEM Governor,0,Over Votes,236,"Portage City, Precinct 12",0
1,DEM Governor,0,Under Votes,236,"Portage City, Precinct 12",11
1,DEM Governor,1,Jocelyn Benson,239,"Portage City, Precinct 13",774
1,DEM Governor,2,Christopher Robert Swanson,239,"Portage City, Precinct 13",107
1,DEM Governor,3,Write-in,239,"Portage City, Precinct 13",1
1,DEM Governor,JustinBlackburn-4-Democratic,Justin Blackburn,239,"Portage City, Precinct 13",0
1,DEM Governor,0,Over Votes,239,"Portage City, Precinct 13",0
1,DEM Governor,0,Under Votes,239,"Portage City, Precinct 13",16
1,DEM Governor,1,Jocelyn Benson,286,"Prairie Ronde Township, Precinct 1",292
1,DEM Governor,2,Christopher Robert Swanson,286,"Prairie Ronde Township, Precinct 1",44
1,DEM Governor,3,Write-in,286,"Prairie Ronde Township, Precinct 1",1
1,DEM Governor,JustinBlackburn-4-Democratic,Justin Blackburn,286,"Prairie Ronde Township, Precinct 1",0
1,DEM Governor,0,Over Votes,286,"Prairie Ronde Township, Precinct 1",0
1,DEM Governor,0,Under Votes,286,"Prairie Ronde Township, Precinct 1",7
1,DEM Governor,1,Jocelyn Benson,290,"Richland Township, Precinct 1",553
1,DEM Governor,2,Christopher Robert Swanson,290,"Richland Township, Precinct 1",75
1,DEM Governor,3,Write-in,290,"Richland Township, Precinct 1",1
1,DEM Governor,JustinBlackburn-4-Democratic,Justin Blackburn,290,"Richland Township, Precinct 1",0
1,DEM Governor,0,Over Votes,290,"Richland Township, Precinct 1",2
1,DEM Governor,0,Under Votes,290,"Richland Township, Precinct 1",15
1,DEM Governor,1,Jocelyn Benson,293,"Richland Township, Precinct 2",684
1,DEM Governor,2,Christopher Robert Swanson,293,"Richland Township, Precinct 2",100
1,DEM Governor,3,Write-in,293,"Richland Township, Precinct 2",4
1,DEM Governor,JustinBlackburn-4-Democratic,Justin Blackburn,293,"Richland Township, Precinct 2",0
1,DEM Governor,0,Over Votes,293,"Richland Township, Precinct 2",0
1,DEM Governor,0,Under Votes,293,"Richland Township, Precinct 2",16
1,DEM Governor,1,Jocelyn Benson,299,"Ross Township, Precinct 1",332
1,DEM Governor,2,Christopher Robert Swanson,299,"Ross Township, Precinct 1",55
1,DEM Governor,3,Write-in,299,"Ross Township, Precinct 1",0
1,DEM Governor,JustinBlackburn-4-Democratic,Justin Blackburn,299,"Ross Township, Precinct 1",0
1,DEM Governor,0,Over Votes,299,"Ross Township, Precinct 1",0
1,DEM Governor,0,Under Votes,299,"Ross Township, Precinct 1",4
1,DEM Governor,1,Jocelyn Benson,302,"Ross Township, Precinct 2",419
1,DEM Governor,2,Christopher Robert Swanson,302,"Ross Township, Precinct 2",45
1,DEM Governor,3,Write-in,302,"Ross Township, Precinct 2",0
1,DEM Governor,JustinBlackburn-4-Democratic,Justin Blackburn,302,"Ross Township, Precinct 2",0
1,DEM Governor,0,Over Votes,302,"Ross Township, Precinct 2",0
1,DEM Governor,0,Under Votes,302,"Ross Township, Precinct 2",4
1,DEM Governor,1,Jocelyn Benson,305,"Schoolcraft Township, Precinct 1",290
1,DEM Governor,2,Christopher Robert Swanson,305,"Schoolcraft Township, Precinct 1",22
1,DEM Governor,3,Write-in,305,"Schoolcraft Township, Precinct 1",2
1,DEM Governor,JustinBlackburn-4-Democratic,Justin Blackburn,305,"Schoolcraft Township, Precinct 1",0
1,DEM Governor,0,Over Votes,305,"Schoolcraft Township, Precinct 1",0
1,DEM Governor,0,Under Votes,305,"Schoolcraft Township, Precinct 1",2
1,DEM Governor,1,Jocelyn Benson,308,"Schoolcraft Township, Precinct 2",157
1,DEM Governor,2,Christopher Robert Swanson,308,"Schoolcraft Township, Precinct 2",30
1,DEM Governor,3,Write-in,308,"Schoolcraft Township, Precinct 2",0
1,DEM Governor,JustinBlackburn-4-Democratic,Justin Blackburn,308,"Schoolcraft Township, Precinct 2",0
1,DEM Governor,0,Over Votes,308,"Schoolcraft Township, Precinct 2",0
1,DEM Governor,0,Under Votes,308,"Schoolcraft Township, Precinct 2",4
1,DEM Governor,1,Jocelyn Benson,311,"Schoolcraft Township, Precinct 3",485
1,DEM Governor,2,Christopher Robert Swanson,311,"Schoolcraft Township, Precinct 3",100
1,DEM Governor,3,Write-in,311,"Schoolcraft Township, Precinct 3",0
1,DEM Governor,JustinBlackburn-4-Democratic,Justin Blackburn,311,"Schoolcraft Township, Precinct 3",0
1,DEM Governor,0,Over Votes,311,"Schoolcraft Township, Precinct 3",0
1,DEM Governor,0,Under Votes,311,"Schoolcraft Township, Precinct 3",7
1,DEM Governor,1,Jocelyn Benson,314,"Schoolcraft Township, Precinct 4",204
1,DEM Governor,2,Christopher Robert Swanson,314,"Schoolcraft Township, Precinct 4",45
1,DEM Governor,3,Write-in,314,"Schoolcraft Township, Precinct 4",0
1,DEM Governor,JustinBlackburn-4-Democratic,Justin Blackburn,314,"Schoolcraft Township, Precinct 4",0
1,DEM Governor,0,Over Votes,314,"Schoolcraft Township, Precinct 4",0
1,DEM Governor,0,Under Votes,314,"Schoolcraft Township, Precinct 4",5
1,DEM Governor,1,Jocelyn Benson,317,"Texas Charter Township, Precinct 1",375
1,DEM Governor,2,Christopher Robert Swanson,317,"Texas Charter Township, Precinct 1",52
1,DEM Governor,3,Write-in,317,"Texas Charter Township, Precinct 1",0
1,DEM Governor,JustinBlackburn-4-Democratic,Justin Blackburn,317,"Texas Charter Township, Precinct 1",0
1,DEM Governor,0,Over Votes,317,"Texas Charter Township, Precinct 1",0
1,DEM Governor,0,Under Votes,317,"Texas Charter Township, Precinct 1",15
1,DEM Governor,1,Jocelyn Benson,320,"Texas Charter Township, Precinct 2",394
1,DEM Governor,2,Christopher Robert Swanson,320,"Texas Charter Township, Precinct 2",45
1,DEM Governor,3,Write-in,320,"Texas Charter Township, Precinct 2",0
1,DEM Governor,JustinBlackburn-4-Democratic,Justin Blackburn,320,"Texas Charter Township, Precinct 2",0
1,DEM Governor,0,Over Votes,320,"Texas Charter Township, Precinct 2",0
1,DEM Governor,0,Under Votes,320,"Texas Charter Township, Precinct 2",10
1,DEM Governor,1,Jocelyn Benson,323,"Texas Charter Township, Precinct 3",479
1,DEM Governor,2,Christopher Robert Swanson,323,"Texas Charter Township, Precinct 3",46
1,DEM Governor,3,Write-in,323,"Texas Charter Township, Precinct 3",2
1,DEM Governor,JustinBlackburn-4-Democratic,Justin Blackburn,323,"Texas Charter Township, Precinct 3",0
1,DEM Governor,0,Over Votes,323,"Texas Charter Township, Precinct 3",0
1,DEM Governor,0,Under Votes,323,"Texas Charter Township, Precinct 3",3
1,DEM Governor,1,Jocelyn Benson,326,"Texas Charter Township, Precinct 4",635
1,DEM Governor,2,Christopher Robert Swanson,326,"Texas Charter Township, Precinct 4",105
1,DEM Governor,3,Write-in,326,"Texas Charter Township, Precinct 4",0
1,DEM Governor,JustinBlackburn-4-Democratic,Justin Blackburn,326,"Texas Charter Township, Precinct 4",0
1,DEM Governor,0,Over Votes,326,"Texas Charter Township, Precinct 4",2
1,DEM Governor,0,Under Votes,326,"Texas Charter Township, Precinct 4",13
1,DEM Governor,1,Jocelyn Benson,329,"Texas Charter Township, Precinct 5",710
1,DEM Governor,2,Christopher Robert Swanson,329,"Texas Charter Township, Precinct 5",97
1,DEM Governor,3,Write-in,329,"Texas Charter Township, Precinct 5",0
1,DEM Governor,JustinBlackburn-4-Democratic,Justin Blackburn,329,"Texas Charter Township, Precinct 5",0
1,DEM Governor,0,Over Votes,329,"Texas Charter Township, Precinct 5",1
1,DEM Governor,0,Under Votes,329,"Texas Charter Township, Precinct 5",22
1,DEM Governor,1,Jocelyn Benson,333,"Texas Charter Township, Precinct 6",584
1,DEM Governor,2,Christopher Robert Swanson,333,"Texas Charter Township, Precinct 6",65
1,DEM Governor,3,Write-in,333,"Texas Charter Township, Precinct 6",2
1,DEM Governor,JustinBlackburn-4-Democratic,Justin Blackburn,333,"Texas Charter Township, Precinct 6",0
1,DEM Governor,0,Over Votes,333,"Texas Charter Township, Precinct 6",0
1,DEM Governor,0,Under Votes,333,"Texas Charter Township, Precinct 6",8
1,DEM Governor,1,Jocelyn Benson,336,"Wakeshma Township, Precinct 1",71
1,DEM Governor,2,Christopher Robert Swanson,336,"Wakeshma Township, Precinct 1",22
1,DEM Governor,3,Write-in,336,"Wakeshma Township, Precinct 1",0
1,DEM Governor,JustinBlackburn-4-Democratic,Justin Blackburn,336,"Wakeshma Township, Precinct 1",0
1,DEM Governor,0,Over Votes,336,"Wakeshma Township, Precinct 1",0
1,DEM Governor,0,Under Votes,336,"Wakeshma Township, Precinct 1",2
2,DEM United States Senator,1,Abdul El-Sayed,11,"Alamo Township, Precinct 1",98
2,DEM United States Senator,2,Mallory McMorrow,11,"Alamo Township, Precinct 1",13
2,DEM United States Senator,3,Haley Stevens,11,"Alamo Township, Precinct 1",113
2,DEM United States Senator,4,Write-in,11,"Alamo Township, Precinct 1",0
2,DEM United States Senator,0,Over Votes,11,"Alamo Township, Precinct 1",0
2,DEM United States Senator,0,Under Votes,11,"Alamo Township, Precinct 1",0
2,DEM United States Senator,1,Abdul El-Sayed,14,"Alamo Township, Precinct 2",144
2,DEM United States Senator,2,Mallory McMorrow,14,"Alamo Township, Precinct 2",10
2,DEM United States Senator,3,Haley Stevens,14,"Alamo Township, Precinct 2",196
2,DEM United States Senator,4,Write-in,14,"Alamo Township, Precinct 2",0
2,DEM United States Senator,0,Over Votes,14,"Alamo Township, Precinct 2",0
2,DEM United States Senator,0,Under Votes,14,"Alamo Township, Precinct 2",2
2,DEM United States Senator,1,Abdul El-Sayed,17,"Brady Charter Township, Precinct 1",148
2,DEM United States Senator,2,Mallory McMorrow,17,"Brady Charter Township, Precinct 1",13
2,DEM United States Senator,3,Haley Stevens,17,"Brady Charter Township, Precinct 1",139
2,DEM United States Senator,4,Write-in,17,"Brady Charter Township, Precinct 1",0
2,DEM United States Senator,0,Over Votes,17,"Brady Charter Township, Precinct 1",0
2,DEM United States Senator,0,Under Votes,17,"Brady Charter Township, Precinct 1",2
2,DEM United States Senator,1,Abdul El-Sayed,20,"Brady Charter Township, Precinct 2",107
2,DEM United States Senator,2,Mallory McMorrow,20,"Brady Charter Township, Precinct 2",11
2,DEM United States Senator,3,Haley Stevens,20,"Brady Charter Township, Precinct 2",94
2,DEM United States Senator,4,Write-in,20,"Brady Charter Township, Precinct 2",0
2,DEM United States Senator,0,Over Votes,20,"Brady Charter Township, Precinct 2",0
2,DEM United States Senator,0,Under Votes,20,"Brady Charter Township, Precinct 2",1
2,DEM United States Senator,1,Abdul El-Sayed,23,"Charleston Township, Precinct 1",103
2,DEM United States Senator,2,Mallory McMorrow,23,"Charleston Township, Precinct 1",13
2,DEM United States Senator,3,Haley Stevens,23,"Charleston Township, Precinct 1",135
2,DEM United States Senator,4,Write-in,23,"Charleston Township, Precinct 1",1
2,DEM United States Senator,0,Over Votes,23,"Charleston Township, Precinct 1",0
2,DEM United States Senator,0,Under Votes,23,"Charleston Township, Precinct 1",2
2,DEM United States Senator,1,Abdul El-Sayed,26,"Climax Township, Precinct 1",122
2,DEM United States Senator,2,Mallory McMorrow,26,"Climax Township, Precinct 1",11
2,DEM United States Senator,3,Haley Stevens,26,"Climax Township, Precinct 1",135
2,DEM United States Senator,4,Write-in,26,"Climax Township, Precinct 1",0
2,DEM United States Senator,0,Over Votes,26,"Climax Township, Precinct 1",0
2,DEM United States Senator,0,Under Votes,26,"Climax Township, Precinct 1",2
2,DEM United States Senator,1,Abdul El-Sayed,29,"Comstock Charter Township, Precinct 1",207
2,DEM United States Senator,2,Mallory McMorrow,29,"Comstock Charter Township, Precinct 1",22
2,DEM United States Senator,3,Haley Stevens,29,"Comstock Charter Township, Precinct 1",150
2,DEM United States Senator,4,Write-in,29,"Comstock Charter Township, Precinct 1",0
2,DEM United States Senator,0,Over Votes,29,"Comstock Charter Township, Precinct 1",0
2,DEM United States Senator,0,Under Votes,29,"Comstock Charter Township, Precinct 1",2
2,DEM United States Senator,1,Abdul El-Sayed,32,"Comstock Charter Township, Precinct 2",216
2,DEM United States Senator,2,Mallory McMorrow,32,"Comstock Charter Township, Precinct 2",26
2,DEM United States Senator,3,Haley Stevens,32,"Comstock Charter Township, Precinct 2",153
2,DEM United States Senator,4,Write-in,32,"Comstock Charter Township, Precinct 2",0
2,DEM United States Senator,0,Over Votes,32,"Comstock Charter Township, Precinct 2",0
2,DEM United States Senator,0,Under Votes,32,"Comstock Charter Township, Precinct 2",1
2,DEM United States Senator,1,Abdul El-Sayed,35,"Comstock Charter Township, Precinct 3",124
2,DEM United States Senator,2,Mallory McMorrow,35,"Comstock Charter Township, Precinct 3",17
2,DEM United States Senator,3,Haley Stevens,35,"Comstock Charter Township, Precinct 3",142
2,DEM United States Senator,4,Write-in,35,"Comstock Charter Township, Precinct 3",0
2,DEM United States Senator,0,Over Votes,35,"Comstock Charter Township, Precinct 3",1
2,DEM United States Senator,0,Under Votes,35,"Comstock Charter Township, Precinct 3",1
2,DEM United States Senator,1,Abdul El-Sayed,38,"Comstock Charter Township, Precinct 4",181
2,DEM United States Senator,2,Mallory McMorrow,38,"Comstock Charter Township, Precinct 4",22
2,DEM United States Senator,3,Haley Stevens,38,"Comstock Charter Township, Precinct 4",133
2,DEM United States Senator,4,Write-in,38,"Comstock Charter Township, Precinct 4",1
2,DEM United States Senator,0,Over Votes,38,"Comstock Charter Township, Precinct 4",0
2,DEM United States Senator,0,Under Votes,38,"Comstock Charter Township, Precinct 4",3
2,DEM United States Senator,1,Abdul El-Sayed,41,"Comstock Charter Township, Precinct 5",363
2,DEM United States Senator,2,Mallory McMorrow,41,"Comstock Charter Township, Precinct 5",47
2,DEM United States Senator,3,Haley Stevens,41,"Comstock Charter Township, Precinct 5",292
2,DEM United States Senator,4,Write-in,41,"Comstock Charter Township, Precinct 5",0
2,DEM United States Senator,0,Over Votes,41,"Comstock Charter Township, Precinct 5",0
2,DEM United States Senator,0,Under Votes,41,"Comstock Charter Township, Precinct 5",6
2,DEM United States Senator,1,Abdul El-Sayed,44,"Comstock Charter Township, Precinct 6",173
2,DEM United States Senator,2,Mallory McMorrow,44,"Comstock Charter Township, Precinct 6",17
2,DEM United States Senator,3,Haley Stevens,44,"Comstock Charter Township, Precinct 6",144
2,DEM United States Senator,4,Write-in,44,"Comstock Charter Township, Precinct 6",0
2,DEM United States Senator,0,Over Votes,44,"Comstock Charter Township, Precinct 6",1
2,DEM United States Senator,0,Under Votes,44,"Comstock Charter Township, Precinct 6",3
2,DEM United States Senator,1,Abdul El-Sayed,50,"Cooper Charter Township, Precinct 1",127
2,DEM United States Senator,2,Mallory McMorrow,50,"Cooper Charter Township, Precinct 1",20
2,DEM United States Senator,3,Haley Stevens,50,"Cooper Charter Township, Precinct 1",93
2,DEM United States Senator,4,Write-in,50,"Cooper Charter Township, Precinct 1",0
2,DEM United States Senator,0,Over Votes,50,"Cooper Charter Township, Precinct 1",0
2,DEM United States Senator,0,Under Votes,50,"Cooper Charter Township, Precinct 1",5
2,DEM United States Senator,1,Abdul El-Sayed,54,"Cooper Charter Township, Precinct 2",126
2,DEM United States Senator,2,Mallory McMorrow,54,"Cooper Charter Township, Precinct 2",20
2,DEM United States Senator,3,Haley Stevens,54,"Cooper Charter Township, Precinct 2",144
2,DEM United States Senator,4,Write-in,54,"Cooper Charter Township, Precinct 2",0
2,DEM United States Senator,0,Over Votes,54,"Cooper Charter Township, Precinct 2",0
2,DEM United States Senator,0,Under Votes,54,"Cooper Charter Township, Precinct 2",2
2,DEM United States Senator,1,Abdul El-Sayed,58,"Cooper Charter Township, Precinct 3",330
2,DEM United States Senator,2,Mallory McMorrow,58,"Cooper Charter Township, Precinct 3",31
2,DEM United States Senator,3,Haley Stevens,58,"Cooper Charter Township, Precinct 3",319
2,DEM United States Senator,4,Write-in,58,"Cooper Charter Township, Precinct 3",0
2,DEM United States Senator,0,Over Votes,58,"Cooper Charter Township, Precinct 3",0
2,DEM United States Senator,0,Under Votes,58,"Cooper Charter Township, Precinct 3",3
2,DEM United States Senator,1,Abdul El-Sayed,62,"Cooper Charter Township, Precinct 4",254
2,DEM United States Senator,2,Mallory McMorrow,62,"Cooper Charter Township, Precinct 4",19
2,DEM United States Senator,3,Haley Stevens,62,"Cooper Charter Township, Precinct 4",210
2,DEM United States Senator,4,Write-in,62,"Cooper Charter Township, Precinct 4",0
2,DEM United States Senator,0,Over Votes,62,"Cooper Charter Township, Precinct 4",0
2,DEM United States Senator,0,Under Votes,62,"Cooper Charter Township, Precinct 4",0
2,DEM United States Senator,1,Abdul El-Sayed,66,"Galesburg City, Precinct 1",95
2,DEM United States Senator,2,Mallory McMorrow,66,"Galesburg City, Precinct 1",6
2,DEM United States Senator,3,Haley Stevens,66,"Galesburg City, Precinct 1",73
2,DEM United States Senator,4,Write-in,66,"Galesburg City, Precinct 1",0
2,DEM United States Senator,0,Over Votes,66,"Galesburg City, Precinct 1",0
2,DEM United States Senator,0,Under Votes,66,"Galesburg City, Precinct 1",0
2,DEM United States Senator,1,Abdul El-Sayed,69,"Kalamazoo Charter Township, Precinct 1",36
2,DEM United States Senator,2,Mallory McMorrow,69,"Kalamazoo Charter Township, Precinct 1",5
2,DEM United States Senator,3,Haley Stevens,69,"Kalamazoo Charter Township, Precinct 1",21
2,DEM United States Senator,4,Write-in,69,"Kalamazoo Charter Township, Precinct 1",0
2,DEM United States Senator,0,Over Votes,69,"Kalamazoo Charter Township, Precinct 1",1
2,DEM United States Senator,0,Under Votes,69,"Kalamazoo Charter Township, Precinct 1",2
2,DEM United States Senator,1,Abdul El-Sayed,75,"Kalamazoo Charter Township, Precinct 2",512
2,DEM United States Senator,2,Mallory McMorrow,75,"Kalamazoo Charter Township, Precinct 2",47
2,DEM United States Senator,3,Haley Stevens,75,"Kalamazoo Charter Township, Precinct 2",366
2,DEM United States Senator,4,Write-in,75,"Kalamazoo Charter Township, Precinct 2",0
2,DEM United States Senator,0,Over Votes,75,"Kalamazoo Charter Township, Precinct 2",0
2,DEM United States Senator,0,Under Votes,75,"Kalamazoo Charter Township, Precinct 2",5
2,DEM United States Senator,1,Abdul El-Sayed,78,"Kalamazoo Charter Township, Precinct 3",761
2,DEM United States Senator,2,Mallory McMorrow,78,"Kalamazoo Charter Township, Precinct 3",54
2,DEM United States Senator,3,Haley Stevens,78,"Kalamazoo Charter Township, Precinct 3",418
2,DEM United States Senator,4,Write-in,78,"Kalamazoo Charter Township, Precinct 3",0
2,DEM United States Senator,0,Over Votes,78,"Kalamazoo Charter Township, Precinct 3",0
2,DEM United States Senator,0,Under Votes,78,"Kalamazoo Charter Township, Precinct 3",6
2,DEM United States Senator,1,Abdul El-Sayed,81,"Kalamazoo Charter Township, Precinct 4",794
2,DEM United States Senator,2,Mallory McMorrow,81,"Kalamazoo Charter Township, Precinct 4",26
2,DEM United States Senator,3,Haley Stevens,81,"Kalamazoo Charter Township, Precinct 4",329
2,DEM United States Senator,4,Write-in,81,"Kalamazoo Charter Township, Precinct 4",0
2,DEM United States Senator,0,Over Votes,81,"Kalamazoo Charter Township, Precinct 4",0
2,DEM United States Senator,0,Under Votes,81,"Kalamazoo Charter Township, Precinct 4",5
2,DEM United States Senator,1,Abdul El-Sayed,84,"Kalamazoo Charter Township, Precinct 5",229
2,DEM United States Senator,2,Mallory McMorrow,84,"Kalamazoo Charter Township, Precinct 5",14
2,DEM United States Senator,3,Haley Stevens,84,"Kalamazoo Charter Township, Precinct 5",161
2,DEM United States Senator,4,Write-in,84,"Kalamazoo Charter Township, Precinct 5",0
2,DEM United States Senator,0,Over Votes,84,"Kalamazoo Charter Township, Precinct 5",0
2,DEM United States Senator,0,Under Votes,84,"Kalamazoo Charter Township, Precinct 5",4
2,DEM United States Senator,1,Abdul El-Sayed,87,"Kalamazoo Charter Township, Precinct 6",322
2,DEM United States Senator,2,Mallory McMorrow,87,"Kalamazoo Charter Township, Precinct 6",30
2,DEM United States Senator,3,Haley Stevens,87,"Kalamazoo Charter Township, Precinct 6",275
2,DEM United States Senator,4,Write-in,87,"Kalamazoo Charter Township, Precinct 6",0
2,DEM United States Senator,0,Over Votes,87,"Kalamazoo Charter Township, Precinct 6",1
2,DEM United States Senator,0,Under Votes,87,"Kalamazoo Charter Township, Precinct 6",8
2,DEM United States Senator,1,Abdul El-Sayed,133,"Kalamazoo City, Precinct 2",313
2,DEM United States Senator,2,Mallory McMorrow,133,"Kalamazoo City, Precinct 2",6
2,DEM United States Senator,3,Haley Stevens,133,"Kalamazoo City, Precinct 2",56
2,DEM United States Senator,4,Write-in,133,"Kalamazoo City, Precinct 2",1
2,DEM United States Senator,0,Over Votes,133,"Kalamazoo City, Precinct 2",0
2,DEM United States Senator,0,Under Votes,133,"Kalamazoo City, Precinct 2",0
2,DEM United States Senator,1,Abdul El-Sayed,162,"Kalamazoo City, Precinct 3",860
2,DEM United States Senator,2,Mallory McMorrow,162,"Kalamazoo City, Precinct 3",32
2,DEM United States Senator,3,Haley Stevens,162,"Kalamazoo City, Precinct 3",169
2,DEM United States Senator,4,Write-in,162,"Kalamazoo City, Precinct 3",0
2,DEM United States Senator,0,Over Votes,162,"Kalamazoo City, Precinct 3",2
2,DEM United States Senator,0,Under Votes,162,"Kalamazoo City, Precinct 3",5
2,DEM United States Senator,1,Abdul El-Sayed,165,"Kalamazoo City, Precinct 4",461
2,DEM United States Senator,2,Mallory McMorrow,165,"Kalamazoo City, Precinct 4",31
2,DEM United States Senator,3,Haley Stevens,165,"Kalamazoo City, Precinct 4",224
2,DEM United States Senator,4,Write-in,165,"Kalamazoo City, Precinct 4",0
2,DEM United States Senator,0,Over Votes,165,"Kalamazoo City, Precinct 4",0
2,DEM United States Senator,0,Under Votes,165,"Kalamazoo City, Precinct 4",9
2,DEM United States Senator,1,Abdul El-Sayed,168,"Kalamazoo City, Precinct 5",529
2,DEM United States Senator,2,Mallory McMorrow,168,"Kalamazoo City, Precinct 5",30
2,DEM United States Senator,3,Haley Stevens,168,"Kalamazoo City, Precinct 5",224
2,DEM United States Senator,4,Write-in,168,"Kalamazoo City, Precinct 5",0
2,DEM United States Senator,0,Over Votes,168,"Kalamazoo City, Precinct 5",0
2,DEM United States Senator,0,Under Votes,168,"Kalamazoo City, Precinct 5",4
2,DEM United States Senator,1,Abdul El-Sayed,171,"Kalamazoo City, Precinct 6",318
2,DEM United States Senator,2,Mallory McMorrow,171,"Kalamazoo City, Precinct 6",33
2,DEM United States Senator,3,Haley Stevens,171,"Kalamazoo City, Precinct 6",238
2,DEM United States Senator,4,Write-in,171,"Kalamazoo City, Precinct 6",1
2,DEM United States Senator,0,Over Votes,171,"Kalamazoo City, Precinct 6",1
2,DEM United States Senator,0,Under Votes,171,"Kalamazoo City, Precinct 6",8
2,DEM United States Senator,1,Abdul El-Sayed,174,"Kalamazoo City, Precinct 7",428
2,DEM United States Senator,2,Mallory McMorrow,174,"Kalamazoo City, Precinct 7",27
2,DEM United States Senator,3,Haley Stevens,174,"Kalamazoo City, Precinct 7",287
2,DEM United States Senator,4,Write-in,174,"Kalamazoo City, Precinct 7",0
2,DEM United States Senator,0,Over Votes,174,"Kalamazoo City, Precinct 7",0
2,DEM United States Senator,0,Under Votes,174,"Kalamazoo City, Precinct 7",2
2,DEM United States Senator,1,Abdul El-Sayed,177,"Kalamazoo City, Precinct 8",365
2,DEM United States Senator,2,Mallory McMorrow,177,"Kalamazoo City, Precinct 8",22
2,DEM United States Senator,3,Haley Stevens,177,"Kalamazoo City, Precinct 8",172
2,DEM United States Senator,4,Write-in,177,"Kalamazoo City, Precinct 8",1
2,DEM United States Senator,0,Over Votes,177,"Kalamazoo City, Precinct 8",0
2,DEM United States Senator,0,Under Votes,177,"Kalamazoo City, Precinct 8",0
2,DEM United States Senator,1,Abdul El-Sayed,180,"Kalamazoo City, Precinct 9",809
2,DEM United States Senator,2,Mallory McMorrow,180,"Kalamazoo City, Precinct 9",40
2,DEM United States Senator,3,Haley Stevens,180,"Kalamazoo City, Precinct 9",297
2,DEM United States Senator,4,Write-in,180,"Kalamazoo City, Precinct 9",0
2,DEM United States Senator,0,Over Votes,180,"Kalamazoo City, Precinct 9",2
2,DEM United States Senator,0,Under Votes,180,"Kalamazoo City, Precinct 9",6
2,DEM United States Senator,1,Abdul El-Sayed,102,"Kalamazoo City, Precinct 10",286
2,DEM United States Senator,2,Mallory McMorrow,102,"Kalamazoo City, Precinct 10",27
2,DEM United States Senator,3,Haley Stevens,102,"Kalamazoo City, Precinct 10",196
2,DEM United States Senator,4,Write-in,102,"Kalamazoo City, Precinct 10",2
2,DEM United States Senator,0,Over Votes,102,"Kalamazoo City, Precinct 10",0
2,DEM United States Senator,0,Under Votes,102,"Kalamazoo City, Precinct 10",3
2,DEM United States Senator,1,Abdul El-Sayed,105,"Kalamazoo City, Precinct 11",145
2,DEM United States Senator,2,Mallory McMorrow,105,"Kalamazoo City, Precinct 11",11
2,DEM United States Senator,3,Haley Stevens,105,"Kalamazoo City, Precinct 11",122
2,DEM United States Senator,4,Write-in,105,"Kalamazoo City, Precinct 11",0
2,DEM United States Senator,0,Over Votes,105,"Kalamazoo City, Precinct 11",1
2,DEM United States Senator,0,Under Votes,105,"Kalamazoo City, Precinct 11",0
2,DEM United States Senator,1,Abdul El-Sayed,108,"Kalamazoo City, Precinct 12",504
2,DEM United States Senator,2,Mallory McMorrow,108,"Kalamazoo City, Precinct 12",27
2,DEM United States Senator,3,Haley Stevens,108,"Kalamazoo City, Precinct 12",215
2,DEM United States Senator,4,Write-in,108,"Kalamazoo City, Precinct 12",0
2,DEM United States Senator,0,Over Votes,108,"Kalamazoo City, Precinct 12",2
2,DEM United States Senator,0,Under Votes,108,"Kalamazoo City, Precinct 12",11
2,DEM United States Senator,1,Abdul El-Sayed,111,"Kalamazoo City, Precinct 13",270
2,DEM United States Senator,2,Mallory McMorrow,111,"Kalamazoo City, Precinct 13",17
2,DEM United States Senator,3,Haley Stevens,111,"Kalamazoo City, Precinct 13",120
2,DEM United States Senator,4,Write-in,111,"Kalamazoo City, Precinct 13",0
2,DEM United States Senator,0,Over Votes,111,"Kalamazoo City, Precinct 13",0
2,DEM United States Senator,0,Under Votes,111,"Kalamazoo City, Precinct 13",1
2,DEM United States Senator,1,Abdul El-Sayed,114,"Kalamazoo City, Precinct 14",845
2,DEM United States Senator,2,Mallory McMorrow,114,"Kalamazoo City, Precinct 14",52
2,DEM United States Senator,3,Haley Stevens,114,"Kalamazoo City, Precinct 14",389
2,DEM United States Senator,4,Write-in,114,"Kalamazoo City, Precinct 14",2
2,DEM United States Senator,0,Over Votes,114,"Kalamazoo City, Precinct 14",1
2,DEM United States Senator,0,Under Votes,114,"Kalamazoo City, Precinct 14",8
2,DEM United States Senator,1,Abdul El-Sayed,117,"Kalamazoo City, Precinct 15",291
2,DEM United States Senator,2,Mallory McMorrow,117,"Kalamazoo City, Precinct 15",20
2,DEM United States Senator,3,Haley Stevens,117,"Kalamazoo City, Precinct 15",107
2,DEM United States Senator,4,Write-in,117,"Kalamazoo City, Precinct 15",1
2,DEM United States Senator,0,Over Votes,117,"Kalamazoo City, Precinct 15",0
2,DEM United States Senator,0,Under Votes,117,"Kalamazoo City, Precinct 15",1
2,DEM United States Senator,1,Abdul El-Sayed,120,"Kalamazoo City, Precinct 16",458
2,DEM United States Senator,2,Mallory McMorrow,120,"Kalamazoo City, Precinct 16",19
2,DEM United States Senator,3,Haley Stevens,120,"Kalamazoo City, Precinct 16",172
2,DEM United States Senator,4,Write-in,120,"Kalamazoo City, Precinct 16",1
2,DEM United States Senator,0,Over Votes,120,"Kalamazoo City, Precinct 16",2
2,DEM United States Senator,0,Under Votes,120,"Kalamazoo City, Precinct 16",4
2,DEM United States Senator,1,Abdul El-Sayed,123,"Kalamazoo City, Precinct 17",305
2,DEM United States Senator,2,Mallory McMorrow,123,"Kalamazoo City, Precinct 17",19
2,DEM United States Senator,3,Haley Stevens,123,"Kalamazoo City, Precinct 17",152
2,DEM United States Senator,4,Write-in,123,"Kalamazoo City, Precinct 17",0
2,DEM United States Senator,0,Over Votes,123,"Kalamazoo City, Precinct 17",0
2,DEM United States Senator,0,Under Votes,123,"Kalamazoo City, Precinct 17",4
2,DEM United States Senator,1,Abdul El-Sayed,127,"Kalamazoo City, Precinct 18",318
2,DEM United States Senator,2,Mallory McMorrow,127,"Kalamazoo City, Precinct 18",29
2,DEM United States Senator,3,Haley Stevens,127,"Kalamazoo City, Precinct 18",136
2,DEM United States Senator,4,Write-in,127,"Kalamazoo City, Precinct 18",0
2,DEM United States Senator,0,Over Votes,127,"Kalamazoo City, Precinct 18",1
2,DEM United States Senator,0,Under Votes,127,"Kalamazoo City, Precinct 18",1
2,DEM United States Senator,1,Abdul El-Sayed,130,"Kalamazoo City, Precinct 19",282
2,DEM United States Senator,2,Mallory McMorrow,130,"Kalamazoo City, Precinct 19",15
2,DEM United States Senator,3,Haley Stevens,130,"Kalamazoo City, Precinct 19",123
2,DEM United States Senator,4,Write-in,130,"Kalamazoo City, Precinct 19",0
2,DEM United States Senator,0,Over Votes,130,"Kalamazoo City, Precinct 19",0
2,DEM United States Senator,0,Under Votes,130,"Kalamazoo City, Precinct 19",0
2,DEM United States Senator,1,Abdul El-Sayed,136,"Kalamazoo City, Precinct 20",351
2,DEM United States Senator,2,Mallory McMorrow,136,"Kalamazoo City, Precinct 20",23
2,DEM United States Senator,3,Haley Stevens,136,"Kalamazoo City, Precinct 20",215
2,DEM United States Senator,4,Write-in,136,"Kalamazoo City, Precinct 20",0
2,DEM United States Senator,0,Over Votes,136,"Kalamazoo City, Precinct 20",0
2,DEM United States Senator,0,Under Votes,136,"Kalamazoo City, Precinct 20",1
2,DEM United States Senator,1,Abdul El-Sayed,139,"Kalamazoo City, Precinct 21",446
2,DEM United States Senator,2,Mallory McMorrow,139,"Kalamazoo City, Precinct 21",43
2,DEM United States Senator,3,Haley Stevens,139,"Kalamazoo City, Precinct 21",237
2,DEM United States Senator,4,Write-in,139,"Kalamazoo City, Precinct 21",0
2,DEM United States Senator,0,Over Votes,139,"Kalamazoo City, Precinct 21",0
2,DEM United States Senator,0,Under Votes,139,"Kalamazoo City, Precinct 21",5
2,DEM United States Senator,1,Abdul El-Sayed,183,"Oshtemo Charter Township, Precinct 1",168
2,DEM United States Senator,2,Mallory McMorrow,183,"Oshtemo Charter Township, Precinct 1",10
2,DEM United States Senator,3,Haley Stevens,183,"Oshtemo Charter Township, Precinct 1",157
2,DEM United States Senator,4,Write-in,183,"Oshtemo Charter Township, Precinct 1",0
2,DEM United States Senator,0,Over Votes,183,"Oshtemo Charter Township, Precinct 1",0
2,DEM United States Senator,0,Under Votes,183,"Oshtemo Charter Township, Precinct 1",2
2,DEM United States Senator,1,Abdul El-Sayed,189,"Oshtemo Charter Township, Precinct 2",311
2,DEM United States Senator,2,Mallory McMorrow,189,"Oshtemo Charter Township, Precinct 2",21
2,DEM United States Senator,3,Haley Stevens,189,"Oshtemo Charter Township, Precinct 2",252
2,DEM United States Senator,4,Write-in,189,"Oshtemo Charter Township, Precinct 2",1
2,DEM United States Senator,0,Over Votes,189,"Oshtemo Charter Township, Precinct 2",1
2,DEM United States Senator,0,Under Votes,189,"Oshtemo Charter Township, Precinct 2",5
2,DEM United States Senator,1,Abdul El-Sayed,192,"Oshtemo Charter Township, Precinct 3",329
2,DEM United States Senator,2,Mallory McMorrow,192,"Oshtemo Charter Township, Precinct 3",14
2,DEM United States Senator,3,Haley Stevens,192,"Oshtemo Charter Township, Precinct 3",238
2,DEM United States Senator,4,Write-in,192,"Oshtemo Charter Township, Precinct 3",0
2,DEM United States Senator,0,Over Votes,192,"Oshtemo Charter Township, Precinct 3",1
2,DEM United States Senator,0,Under Votes,192,"Oshtemo Charter Township, Precinct 3",6
2,DEM United States Senator,1,Abdul El-Sayed,195,"Oshtemo Charter Township, Precinct 4",255
2,DEM United States Senator,2,Mallory McMorrow,195,"Oshtemo Charter Township, Precinct 4",30
2,DEM United States Senator,3,Haley Stevens,195,"Oshtemo Charter Township, Precinct 4",238
2,DEM United States Senator,4,Write-in,195,"Oshtemo Charter Township, Precinct 4",0
2,DEM United States Senator,0,Over Votes,195,"Oshtemo Charter Township, Precinct 4",0
2,DEM United States Senator,0,Under Votes,195,"Oshtemo Charter Township, Precinct 4",7
2,DEM United States Senator,1,Abdul El-Sayed,198,"Oshtemo Charter Township, Precinct 5",381
2,DEM United States Senator,2,Mallory McMorrow,198,"Oshtemo Charter Township, Precinct 5",28
2,DEM United States Senator,3,Haley Stevens,198,"Oshtemo Charter Township, Precinct 5",350
2,DEM United States Senator,4,Write-in,198,"Oshtemo Charter Township, Precinct 5",0
2,DEM United States Senator,0,Over Votes,198,"Oshtemo Charter Township, Precinct 5",0
2,DEM United States Senator,0,Under Votes,198,"Oshtemo Charter Township, Precinct 5",5
2,DEM United States Senator,1,Abdul El-Sayed,201,"Oshtemo Charter Township, Precinct 6",135
2,DEM United States Senator,2,Mallory McMorrow,201,"Oshtemo Charter Township, Precinct 6",11
2,DEM United States Senator,3,Haley Stevens,201,"Oshtemo Charter Township, Precinct 6",129
2,DEM United States Senator,4,Write-in,201,"Oshtemo Charter Township, Precinct 6",0
2,DEM United States Senator,0,Over Votes,201,"Oshtemo Charter Township, Precinct 6",1
2,DEM United States Senator,0,Under Votes,201,"Oshtemo Charter Township, Precinct 6",1
2,DEM United States Senator,1,Abdul El-Sayed,204,"Oshtemo Charter Township, Precinct 7",228
2,DEM United States Senator,2,Mallory McMorrow,204,"Oshtemo Charter Township, Precinct 7",16
2,DEM United States Senator,3,Haley Stevens,204,"Oshtemo Charter Township, Precinct 7",191
2,DEM United States Senator,4,Write-in,204,"Oshtemo Charter Township, Precinct 7",1
2,DEM United States Senator,0,Over Votes,204,"Oshtemo Charter Township, Precinct 7",3
2,DEM United States Senator,0,Under Votes,204,"Oshtemo Charter Township, Precinct 7",3
2,DEM United States Senator,1,Abdul El-Sayed,207,"Oshtemo Charter Township, Precinct 8",122
2,DEM United States Senator,2,Mallory McMorrow,207,"Oshtemo Charter Township, Precinct 8",10
2,DEM United States Senator,3,Haley Stevens,207,"Oshtemo Charter Township, Precinct 8",92
2,DEM United States Senator,4,Write-in,207,"Oshtemo Charter Township, Precinct 8",0
2,DEM United States Senator,0,Over Votes,207,"Oshtemo Charter Township, Precinct 8",1
2,DEM United States Senator,0,Under Votes,207,"Oshtemo Charter Township, Precinct 8",0
2,DEM United States Senator,1,Abdul El-Sayed,210,"Oshtemo Charter Township, Precinct 9",368
2,DEM United States Senator,2,Mallory McMorrow,210,"Oshtemo Charter Township, Precinct 9",23
2,DEM United States Senator,3,Haley Stevens,210,"Oshtemo Charter Township, Precinct 9",196
2,DEM United States Senator,4,Write-in,210,"Oshtemo Charter Township, Precinct 9",0
2,DEM United States Senator,0,Over Votes,210,"Oshtemo Charter Township, Precinct 9",0
2,DEM United States Senator,0,Under Votes,210,"Oshtemo Charter Township, Precinct 9",3
2,DEM United States Senator,1,Abdul El-Sayed,213,"Parchment City, Precinct 1",181
2,DEM United States Senator,2,Mallory McMorrow,213,"Parchment City, Precinct 1",18
2,DEM United States Senator,3,Haley Stevens,213,"Parchment City, Precinct 1",120
2,DEM United States Senator,4,Write-in,213,"Parchment City, Precinct 1",0
2,DEM United States Senator,0,Over Votes,213,"Parchment City, Precinct 1",0
2,DEM United States Senator,0,Under Votes,213,"Parchment City, Precinct 1",3
2,DEM United States Senator,1,Abdul El-Sayed,216,"Charter Township of Pavilion, Precinct 1",188
2,DEM United States Senator,2,Mallory McMorrow,216,"Charter Township of Pavilion, Precinct 1",24
2,DEM United States Senator,3,Haley Stevens,216,"Charter Township of Pavilion, Precinct 1",175
2,DEM United States Senator,4,Write-in,216,"Charter Township of Pavilion, Precinct 1",0
2,DEM United States Senator,0,Over Votes,216,"Charter Township of Pavilion, Precinct 1",0
2,DEM United States Senator,0,Under Votes,216,"Charter Township of Pavilion, Precinct 1",2
2,DEM United States Senator,1,Abdul El-Sayed,219,"Charter Township of Pavilion, Precinct 2",65
2,DEM United States Senator,2,Mallory McMorrow,219,"Charter Township of Pavilion, Precinct 2",12
2,DEM United States Senator,3,Haley Stevens,219,"Charter Township of Pavilion, Precinct 2",85
2,DEM United States Senator,4,Write-in,219,"Charter Township of Pavilion, Precinct 2",0
2,DEM United States Senator,0,Over Votes,219,"Charter Township of Pavilion, Precinct 2",0
2,DEM United States Senator,0,Under Votes,219,"Charter Township of Pavilion, Precinct 2",0
2,DEM United States Senator,1,Abdul El-Sayed,222,"Charter Township of Pavilion, Precinct 3",131
2,DEM United States Senator,2,Mallory McMorrow,222,"Charter Township of Pavilion, Precinct 3",13
2,DEM United States Senator,3,Haley Stevens,222,"Charter Township of Pavilion, Precinct 3",103
2,DEM United States Senator,4,Write-in,222,"Charter Township of Pavilion, Precinct 3",0
2,DEM United States Senator,0,Over Votes,222,"Charter Township of Pavilion, Precinct 3",0
2,DEM United States Senator,0,Under Votes,222,"Charter Township of Pavilion, Precinct 3",3
2,DEM United States Senator,1,Abdul El-Sayed,226,"Portage City, Precinct 1",401
2,DEM United States Senator,2,Mallory McMorrow,226,"Portage City, Precinct 1",18
2,DEM United States Senator,3,Haley Stevens,226,"Portage City, Precinct 1",239
2,DEM United States Senator,4,Write-in,226,"Portage City, Precinct 1",0
2,DEM United States Senator,0,Over Votes,226,"Portage City, Precinct 1",0
2,DEM United States Senator,0,Under Votes,226,"Portage City, Precinct 1",5
2,DEM United States Senator,1,Abdul El-Sayed,260,"Portage City, Precinct 2",143
2,DEM United States Senator,2,Mallory McMorrow,260,"Portage City, Precinct 2",11
2,DEM United States Senator,3,Haley Stevens,260,"Portage City, Precinct 2",91
2,DEM United States Senator,4,Write-in,260,"Portage City, Precinct 2",0
2,DEM United States Senator,0,Over Votes,260,"Portage City, Precinct 2",0
2,DEM United States Senator,0,Under Votes,260,"Portage City, Precinct 2",0
2,DEM United States Senator,1,Abdul El-Sayed,264,"Portage City, Precinct 3",469
2,DEM United States Senator,2,Mallory McMorrow,264,"Portage City, Precinct 3",59
2,DEM United States Senator,3,Haley Stevens,264,"Portage City, Precinct 3",464
2,DEM United States Senator,4,Write-in,264,"Portage City, Precinct 3",0
2,DEM United States Senator,0,Over Votes,264,"Portage City, Precinct 3",0
2,DEM United States Senator,0,Under Votes,264,"Portage City, Precinct 3",3
2,DEM United States Senator,1,Abdul El-Sayed,267,"Portage City, Precinct 4",468
2,DEM United States Senator,2,Mallory McMorrow,267,"Portage City, Precinct 4",35
2,DEM United States Senator,3,Haley Stevens,267,"Portage City, Precinct 4",407
2,DEM United States Senator,4,Write-in,267,"Portage City, Precinct 4",0
2,DEM United States Senator,0,Over Votes,267,"Portage City, Precinct 4",1
2,DEM United States Senator,0,Under Votes,267,"Portage City, Precinct 4",3
2,DEM United States Senator,1,Abdul El-Sayed,271,"Portage City, Precinct 5",539
2,DEM United States Senator,2,Mallory McMorrow,271,"Portage City, Precinct 5",71
2,DEM United States Senator,3,Haley Stevens,271,"Portage City, Precinct 5",561
2,DEM United States Senator,4,Write-in,271,"Portage City, Precinct 5",1
2,DEM United States Senator,0,Over Votes,271,"Portage City, Precinct 5",0
2,DEM United States Senator,0,Under Votes,271,"Portage City, Precinct 5",17
2,DEM United States Senator,1,Abdul El-Sayed,274,"Portage City, Precinct 6",378
2,DEM United States Senator,2,Mallory McMorrow,274,"Portage City, Precinct 6",44
2,DEM United States Senator,3,Haley Stevens,274,"Portage City, Precinct 6",273
2,DEM United States Senator,4,Write-in,274,"Portage City, Precinct 6",0
2,DEM United States Senator,0,Over Votes,274,"Portage City, Precinct 6",2
2,DEM United States Senator,0,Under Votes,274,"Portage City, Precinct 6",2
2,DEM United States Senator,1,Abdul El-Sayed,277,"Portage City, Precinct 7",372
2,DEM United States Senator,2,Mallory McMorrow,277,"Portage City, Precinct 7",28
2,DEM United States Senator,3,Haley Stevens,277,"Portage City, Precinct 7",297
2,DEM United States Senator,4,Write-in,277,"Portage City, Precinct 7",1
2,DEM United States Senator,0,Over Votes,277,"Portage City, Precinct 7",0
2,DEM United States Senator,0,Under Votes,277,"Portage City, Precinct 7",11
2,DEM United States Senator,1,Abdul El-Sayed,280,"Portage City, Precinct 8",575
2,DEM United States Senator,2,Mallory McMorrow,280,"Portage City, Precinct 8",38
2,DEM United States Senator,3,Haley Stevens,280,"Portage City, Precinct 8",392
2,DEM United States Senator,4,Write-in,280,"Portage City, Precinct 8",0
2,DEM United States Senator,0,Over Votes,280,"Portage City, Precinct 8",2
2,DEM United States Senator,0,Under Votes,280,"Portage City, Precinct 8",11
2,DEM United States Senator,1,Abdul El-Sayed,283,"Portage City, Precinct 9",316
2,DEM United States Senator,2,Mallory McMorrow,283,"Portage City, Precinct 9",29
2,DEM United States Senator,3,Haley Stevens,283,"Portage City, Precinct 9",222
2,DEM United States Senator,4,Write-in,283,"Portage City, Precinct 9",0
2,DEM United States Senator,0,Over Votes,283,"Portage City, Precinct 9",0
2,DEM United States Senator,0,Under Votes,283,"Portage City, Precinct 9",3
2,DEM United States Senator,1,Abdul El-Sayed,229,"Portage City, Precinct 10",424
2,DEM United States Senator,2,Mallory McMorrow,229,"Portage City, Precinct 10",31
2,DEM United States Senator,3,Haley Stevens,229,"Portage City, Precinct 10",359
2,DEM United States Senator,4,Write-in,229,"Portage City, Precinct 10",0
2,DEM United States Senator,0,Over Votes,229,"Portage City, Precinct 10",1
2,DEM United States Senator,0,Under Votes,229,"Portage City, Precinct 10",6
2,DEM United States Senator,1,Abdul El-Sayed,233,"Portage City, Precinct 11",364
2,DEM United States Senator,2,Mallory McMorrow,233,"Portage City, Precinct 11",25
2,DEM United States Senator,3,Haley Stevens,233,"Portage City, Precinct 11",245
2,DEM United States Senator,4,Write-in,233,"Portage City, Precinct 11",0
2,DEM United States Senator,0,Over Votes,233,"Portage City, Precinct 11",3
2,DEM United States Senator,0,Under Votes,233,"Portage City, Precinct 11",1
2,DEM United States Senator,1,Abdul El-Sayed,236,"Portage City, Precinct 12",276
2,DEM United States Senator,2,Mallory McMorrow,236,"Portage City, Precinct 12",12
2,DEM United States Senator,3,Haley Stevens,236,"Portage City, Precinct 12",182
2,DEM United States Senator,4,Write-in,236,"Portage City, Precinct 12",0
2,DEM United States Senator,0,Over Votes,236,"Portage City, Precinct 12",1
2,DEM United States Senator,0,Under Votes,236,"Portage City, Precinct 12",2
2,DEM United States Senator,1,Abdul El-Sayed,239,"Portage City, Precinct 13",510
2,DEM United States Senator,2,Mallory McMorrow,239,"Portage City, Precinct 13",33
2,DEM United States Senator,3,Haley Stevens,239,"Portage City, Precinct 13",348
2,DEM United States Senator,4,Write-in,239,"Portage City, Precinct 13",0
2,DEM United States Senator,0,Over Votes,239,"Portage City, Precinct 13",0
2,DEM United States Senator,0,Under Votes,239,"Portage City, Precinct 13",7
2,DEM United States Senator,1,Abdul El-Sayed,286,"Prairie Ronde Township, Precinct 1",137
2,DEM United States Senator,2,Mallory McMorrow,286,"Prairie Ronde Township, Precinct 1",16
2,DEM United States Senator,3,Haley Stevens,286,"Prairie Ronde Township, Precinct 1",190
2,DEM United States Senator,4,Write-in,286,"Prairie Ronde Township, Precinct 1",0
2,DEM United States Senator,0,Over Votes,286,"Prairie Ronde Township, Precinct 1",0
2,DEM United States Senator,0,Under Votes,286,"Prairie Ronde Township, Precinct 1",1
2,DEM United States Senator,1,Abdul El-Sayed,290,"Richland Township, Precinct 1",325
2,DEM United States Senator,2,Mallory McMorrow,290,"Richland Township, Precinct 1",24
2,DEM United States Senator,3,Haley Stevens,290,"Richland Township, Precinct 1",290
2,DEM United States Senator,4,Write-in,290,"Richland Township, Precinct 1",0
2,DEM United States Senator,0,Over Votes,290,"Richland Township, Precinct 1",0
2,DEM United States Senator,0,Under Votes,290,"Richland Township, Precinct 1",7
2,DEM United States Senator,1,Abdul El-Sayed,293,"Richland Township, Precinct 2",388
2,DEM United States Senator,2,Mallory McMorrow,293,"Richland Township, Precinct 2",23
2,DEM United States Senator,3,Haley Stevens,293,"Richland Township, Precinct 2",389
2,DEM United States Senator,4,Write-in,293,"Richland Township, Precinct 2",0
2,DEM United States Senator,0,Over Votes,293,"Richland Township, Precinct 2",1
2,DEM United States Senator,0,Under Votes,293,"Richland Township, Precinct 2",3
2,DEM United States Senator,1,Abdul El-Sayed,299,"Ross Township, Precinct 1",195
2,DEM United States Senator,2,Mallory McMorrow,299,"Ross Township, Precinct 1",18
2,DEM United States Senator,3,Haley Stevens,299,"Ross Township, Precinct 1",178
2,DEM United States Senator,4,Write-in,299,"Ross Township, Precinct 1",0
2,DEM United States Senator,0,Over Votes,299,"Ross Township, Precinct 1",0
2,DEM United States Senator,0,Under Votes,299,"Ross Township, Precinct 1",0
2,DEM United States Senator,1,Abdul El-Sayed,302,"Ross Township, Precinct 2",185
2,DEM United States Senator,2,Mallory McMorrow,302,"Ross Township, Precinct 2",30
2,DEM United States Senator,3,Haley Stevens,302,"Ross Township, Precinct 2",248
2,DEM United States Senator,4,Write-in,302,"Ross Township, Precinct 2",0
2,DEM United States Senator,0,Over Votes,302,"Ross Township, Precinct 2",1
2,DEM United States Senator,0,Under Votes,302,"Ross Township, Precinct 2",4
2,DEM United States Senator,1,Abdul El-Sayed,305,"Schoolcraft Township, Precinct 1",148
2,DEM United States Senator,2,Mallory McMorrow,305,"Schoolcraft Township, Precinct 1",14
2,DEM United States Senator,3,Haley Stevens,305,"Schoolcraft Township, Precinct 1",152
2,DEM United States Senator,4,Write-in,305,"Schoolcraft Township, Precinct 1",0
2,DEM United States Senator,0,Over Votes,305,"Schoolcraft Township, Precinct 1",0
2,DEM United States Senator,0,Under Votes,305,"Schoolcraft Township, Precinct 1",2
2,DEM United States Senator,1,Abdul El-Sayed,308,"Schoolcraft Township, Precinct 2",92
2,DEM United States Senator,2,Mallory McMorrow,308,"Schoolcraft Township, Precinct 2",10
2,DEM United States Senator,3,Haley Stevens,308,"Schoolcraft Township, Precinct 2",89
2,DEM United States Senator,4,Write-in,308,"Schoolcraft Township, Precinct 2",0
2,DEM United States Senator,0,Over Votes,308,"Schoolcraft Township, Precinct 2",0
2,DEM United States Senator,0,Under Votes,308,"Schoolcraft Township, Precinct 2",0
2,DEM United States Senator,1,Abdul El-Sayed,311,"Schoolcraft Township, Precinct 3",347
2,DEM United States Senator,2,Mallory McMorrow,311,"Schoolcraft Township, Precinct 3",21
2,DEM United States Senator,3,Haley Stevens,311,"Schoolcraft Township, Precinct 3",216
2,DEM United States Senator,4,Write-in,311,"Schoolcraft Township, Precinct 3",1
2,DEM United States Senator,0,Over Votes,311,"Schoolcraft Township, Precinct 3",1
2,DEM United States Senator,0,Under Votes,311,"Schoolcraft Township, Precinct 3",6
2,DEM United States Senator,1,Abdul El-Sayed,314,"Schoolcraft Township, Precinct 4",115
2,DEM United States Senator,2,Mallory McMorrow,314,"Schoolcraft Township, Precinct 4",4
2,DEM United States Senator,3,Haley Stevens,314,"Schoolcraft Township, Precinct 4",135
2,DEM United States Senator,4,Write-in,314,"Schoolcraft Township, Precinct 4",0
2,DEM United States Senator,0,Over Votes,314,"Schoolcraft Township, Precinct 4",0
2,DEM United States Senator,0,Under Votes,314,"Schoolcraft Township, Precinct 4",0
2,DEM United States Senator,1,Abdul El-Sayed,317,"Texas Charter Township, Precinct 1",227
2,DEM United States Senator,2,Mallory McMorrow,317,"Texas Charter Township, Precinct 1",29
2,DEM United States Senator,3,Haley Stevens,317,"Texas Charter Township, Precinct 1",180
2,DEM United States Senator,4,Write-in,317,"Texas Charter Township, Precinct 1",0
2,DEM United States Senator,0,Over Votes,317,"Texas Charter Township, Precinct 1",0
2,DEM United States Senator,0,Under Votes,317,"Texas Charter Township, Precinct 1",6
2,DEM United States Senator,1,Abdul El-Sayed,320,"Texas Charter Township, Precinct 2",224
2,DEM United States Senator,2,Mallory McMorrow,320,"Texas Charter Township, Precinct 2",24
2,DEM United States Senator,3,Haley Stevens,320,"Texas Charter Township, Precinct 2",196
2,DEM United States Senator,4,Write-in,320,"Texas Charter Township, Precinct 2",1
2,DEM United States Senator,0,Over Votes,320,"Texas Charter Township, Precinct 2",0
2,DEM United States Senator,0,Under Votes,320,"Texas Charter Township, Precinct 2",4
2,DEM United States Senator,1,Abdul El-Sayed,323,"Texas Charter Township, Precinct 3",285
2,DEM United States Senator,2,Mallory McMorrow,323,"Texas Charter Township, Precinct 3",24
2,DEM United States Senator,3,Haley Stevens,323,"Texas Charter Township, Precinct 3",218
2,DEM United States Senator,4,Write-in,323,"Texas Charter Township, Precinct 3",0
2,DEM United States Senator,0,Over Votes,323,"Texas Charter Township, Precinct 3",1
2,DEM United States Senator,0,Under Votes,323,"Texas Charter Township, Precinct 3",2
2,DEM United States Senator,1,Abdul El-Sayed,326,"Texas Charter Township, Precinct 4",438
2,DEM United States Senator,2,Mallory McMorrow,326,"Texas Charter Township, Precinct 4",33
2,DEM United States Senator,3,Haley Stevens,326,"Texas Charter Township, Precinct 4",277
2,DEM United States Senator,4,Write-in,326,"Texas Charter Township, Precinct 4",0
2,DEM United States Senator,0,Over Votes,326,"Texas Charter Township, Precinct 4",0
2,DEM United States Senator,0,Under Votes,326,"Texas Charter Township, Precinct 4",7
2,DEM United States Senator,1,Abdul El-Sayed,329,"Texas Charter Township, Precinct 5",412
2,DEM United States Senator,2,Mallory McMorrow,329,"Texas Charter Township, Precinct 5",51
2,DEM United States Senator,3,Haley Stevens,329,"Texas Charter Township, Precinct 5",359
2,DEM United States Senator,4,Write-in,329,"Texas Charter Township, Precinct 5",0
2,DEM United States Senator,0,Over Votes,329,"Texas Charter Township, Precinct 5",1
2,DEM United States Senator,0,Under Votes,329,"Texas Charter Township, Precinct 5",7
2,DEM United States Senator,1,Abdul El-Sayed,333,"Texas Charter Township, Precinct 6",325
2,DEM United States Senator,2,Mallory McMorrow,333,"Texas Charter Township, Precinct 6",30
2,DEM United States Senator,3,Haley Stevens,333,"Texas Charter Township, Precinct 6",297
2,DEM United States Senator,4,Write-in,333,"Texas Charter Township, Precinct 6",1
2,DEM United States Senator,0,Over Votes,333,"Texas Charter Township, Precinct 6",0
2,DEM United States Senator,0,Under Votes,333,"Texas Charter Township, Precinct 6",6
2,DEM United States Senator,1,Abdul El-Sayed,336,"Wakeshma Township, Precinct 1",47
2,DEM United States Senator,2,Mallory McMorrow,336,"Wakeshma Township, Precinct 1",7
2,DEM United States Senator,3,Haley Stevens,336,"Wakeshma Township, Precinct 1",40
2,DEM United States Senator,4,Write-in,336,"Wakeshma Township, Precinct 1",0
2,DEM United States Senator,0,Over Votes,336,"Wakeshma Township, Precinct 1",1
2,DEM United States Senator,0,Under Votes,336,"Wakeshma Township, Precinct 1",0
3,DEM Representative in Congress District 4,1,Diop Harris II,11,"Alamo Township, Precinct 1",49
3,DEM Representative in Congress District 4,2,Sean McCann,11,"Alamo Township, Precinct 1",168
3,DEM Representative in Congress District 4,3,Write-in,11,"Alamo Township, Precinct 1",1
3,DEM Representative in Congress District 4,0,Over Votes,11,"Alamo Township, Precinct 1",0
3,DEM Representative in Congress District 4,0,Under Votes,11,"Alamo Township, Precinct 1",6
3,DEM Representative in Congress District 4,1,Diop Harris II,14,"Alamo Township, Precinct 2",74
3,DEM Representative in Congress District 4,2,Sean McCann,14,"Alamo Township, Precinct 2",255
3,DEM Representative in Congress District 4,3,Write-in,14,"Alamo Township, Precinct 2",0
3,DEM Representative in Congress District 4,0,Over Votes,14,"Alamo Township, Precinct 2",0
3,DEM Representative in Congress District 4,0,Under Votes,14,"Alamo Township, Precinct 2",23
3,DEM Representative in Congress District 4,1,Diop Harris II,23,"Charleston Township, Precinct 1",61
3,DEM Representative in Congress District 4,2,Sean McCann,23,"Charleston Township, Precinct 1",172
3,DEM Representative in Congress District 4,3,Write-in,23,"Charleston Township, Precinct 1",3
3,DEM Representative in Congress District 4,0,Over Votes,23,"Charleston Township, Precinct 1",0
3,DEM Representative in Congress District 4,0,Under Votes,23,"Charleston Township, Precinct 1",18
3,DEM Representative in Congress District 4,1,Diop Harris II,26,"Climax Township, Precinct 1",63
3,DEM Representative in Congress District 4,2,Sean McCann,26,"Climax Township, Precinct 1",189
3,DEM Representative in Congress District 4,3,Write-in,26,"Climax Township, Precinct 1",0
3,DEM Representative in Congress District 4,0,Over Votes,26,"Climax Township, Precinct 1",0
3,DEM Representative in Congress District 4,0,Under Votes,26,"Climax Township, Precinct 1",18
3,DEM Representative in Congress District 4,1,Diop Harris II,29,"Comstock Charter Township, Precinct 1",131
3,DEM Representative in Congress District 4,2,Sean McCann,29,"Comstock Charter Township, Precinct 1",231
3,DEM Representative in Congress District 4,3,Write-in,29,"Comstock Charter Township, Precinct 1",0
3,DEM Representative in Congress District 4,0,Over Votes,29,"Comstock Charter Township, Precinct 1",0
3,DEM Representative in Congress District 4,0,Under Votes,29,"Comstock Charter Township, Precinct 1",19
3,DEM Representative in Congress District 4,1,Diop Harris II,32,"Comstock Charter Township, Precinct 2",134
3,DEM Representative in Congress District 4,2,Sean McCann,32,"Comstock Charter Township, Precinct 2",247
3,DEM Representative in Congress District 4,3,Write-in,32,"Comstock Charter Township, Precinct 2",0
3,DEM Representative in Congress District 4,0,Over Votes,32,"Comstock Charter Township, Precinct 2",0
3,DEM Representative in Congress District 4,0,Under Votes,32,"Comstock Charter Township, Precinct 2",15
3,DEM Representative in Congress District 4,1,Diop Harris II,35,"Comstock Charter Township, Precinct 3",77
3,DEM Representative in Congress District 4,2,Sean McCann,35,"Comstock Charter Township, Precinct 3",189
3,DEM Representative in Congress District 4,3,Write-in,35,"Comstock Charter Township, Precinct 3",0
3,DEM Representative in Congress District 4,0,Over Votes,35,"Comstock Charter Township, Precinct 3",1
3,DEM Representative in Congress District 4,0,Under Votes,35,"Comstock Charter Township, Precinct 3",18
3,DEM Representative in Congress District 4,1,Diop Harris II,38,"Comstock Charter Township, Precinct 4",73
3,DEM Representative in Congress District 4,2,Sean McCann,38,"Comstock Charter Township, Precinct 4",248
3,DEM Representative in Congress District 4,3,Write-in,38,"Comstock Charter Township, Precinct 4",1
3,DEM Representative in Congress District 4,0,Over Votes,38,"Comstock Charter Township, Precinct 4",1
3,DEM Representative in Congress District 4,0,Under Votes,38,"Comstock Charter Township, Precinct 4",17
3,DEM Representative in Congress District 4,1,Diop Harris II,41,"Comstock Charter Township, Precinct 5",213
3,DEM Representative in Congress District 4,2,Sean McCann,41,"Comstock Charter Township, Precinct 5",463
3,DEM Representative in Congress District 4,3,Write-in,41,"Comstock Charter Township, Precinct 5",1
3,DEM Representative in Congress District 4,0,Over Votes,41,"Comstock Charter Township, Precinct 5",0
3,DEM Representative in Congress District 4,0,Under Votes,41,"Comstock Charter Township, Precinct 5",31
3,DEM Representative in Congress District 4,1,Diop Harris II,44,"Comstock Charter Township, Precinct 6",78
3,DEM Representative in Congress District 4,2,Sean McCann,44,"Comstock Charter Township, Precinct 6",253
3,DEM Representative in Congress District 4,3,Write-in,44,"Comstock Charter Township, Precinct 6",0
3,DEM Representative in Congress District 4,0,Over Votes,44,"Comstock Charter Township, Precinct 6",0
3,DEM Representative in Congress District 4,0,Under Votes,44,"Comstock Charter Township, Precinct 6",7
3,DEM Representative in Congress District 4,1,Diop Harris II,50,"Cooper Charter Township, Precinct 1",65
3,DEM Representative in Congress District 4,2,Sean McCann,50,"Cooper Charter Township, Precinct 1",163
3,DEM Representative in Congress District 4,3,Write-in,50,"Cooper Charter Township, Precinct 1",0
3,DEM Representative in Congress District 4,0,Over Votes,50,"Cooper Charter Township, Precinct 1",0
3,DEM Representative in Congress District 4,0,Under Votes,50,"Cooper Charter Township, Precinct 1",17
3,DEM Representative in Congress District 4,1,Diop Harris II,54,"Cooper Charter Township, Precinct 2",58
3,DEM Representative in Congress District 4,2,Sean McCann,54,"Cooper Charter Township, Precinct 2",223
3,DEM Representative in Congress District 4,3,Write-in,54,"Cooper Charter Township, Precinct 2",0
3,DEM Representative in Congress District 4,0,Over Votes,54,"Cooper Charter Township, Precinct 2",0
3,DEM Representative in Congress District 4,0,Under Votes,54,"Cooper Charter Township, Precinct 2",11
3,DEM Representative in Congress District 4,1,Diop Harris II,58,"Cooper Charter Township, Precinct 3",214
3,DEM Representative in Congress District 4,2,Sean McCann,58,"Cooper Charter Township, Precinct 3",438
3,DEM Representative in Congress District 4,3,Write-in,58,"Cooper Charter Township, Precinct 3",7
3,DEM Representative in Congress District 4,0,Over Votes,58,"Cooper Charter Township, Precinct 3",0
3,DEM Representative in Congress District 4,0,Under Votes,58,"Cooper Charter Township, Precinct 3",24
3,DEM Representative in Congress District 4,1,Diop Harris II,62,"Cooper Charter Township, Precinct 4",103
3,DEM Representative in Congress District 4,2,Sean McCann,62,"Cooper Charter Township, Precinct 4",357
3,DEM Representative in Congress District 4,3,Write-in,62,"Cooper Charter Township, Precinct 4",1
3,DEM Representative in Congress District 4,0,Over Votes,62,"Cooper Charter Township, Precinct 4",0
3,DEM Representative in Congress District 4,0,Under Votes,62,"Cooper Charter Township, Precinct 4",22
3,DEM Representative in Congress District 4,1,Diop Harris II,66,"Galesburg City, Precinct 1",66
3,DEM Representative in Congress District 4,2,Sean McCann,66,"Galesburg City, Precinct 1",102
3,DEM Representative in Congress District 4,3,Write-in,66,"Galesburg City, Precinct 1",0
3,DEM Representative in Congress District 4,0,Over Votes,66,"Galesburg City, Precinct 1",0
3,DEM Representative in Congress District 4,0,Under Votes,66,"Galesburg City, Precinct 1",0
3,DEM Representative in Congress District 4,1,Diop Harris II,69,"Kalamazoo Charter Township, Precinct 1",23
3,DEM Representative in Congress District 4,2,Sean McCann,69,"Kalamazoo Charter Township, Precinct 1",37
3,DEM Representative in Congress District 4,3,Write-in,69,"Kalamazoo Charter Township, Precinct 1",0
3,DEM Representative in Congress District 4,0,Over Votes,69,"Kalamazoo Charter Township, Precinct 1",0
3,DEM Representative in Congress District 4,0,Under Votes,69,"Kalamazoo Charter Township, Precinct 1",5
3,DEM Representative in Congress District 4,1,Diop Harris II,75,"Kalamazoo Charter Township, Precinct 2",277
3,DEM Representative in Congress District 4,2,Sean McCann,75,"Kalamazoo Charter Township, Precinct 2",622
3,DEM Representative in Congress District 4,3,Write-in,75,"Kalamazoo Charter Township, Precinct 2",8
3,DEM Representative in Congress District 4,0,Over Votes,75,"Kalamazoo Charter Township, Precinct 2",0
3,DEM Representative in Congress District 4,0,Under Votes,75,"Kalamazoo Charter Township, Precinct 2",23
3,DEM Representative in Congress District 4,1,Diop Harris II,78,"Kalamazoo Charter Township, Precinct 3",379
3,DEM Representative in Congress District 4,2,Sean McCann,78,"Kalamazoo Charter Township, Precinct 3",806
3,DEM Representative in Congress District 4,3,Write-in,78,"Kalamazoo Charter Township, Precinct 3",5
3,DEM Representative in Congress District 4,0,Over Votes,78,"Kalamazoo Charter Township, Precinct 3",0
3,DEM Representative in Congress District 4,0,Under Votes,78,"Kalamazoo Charter Township, Precinct 3",49
3,DEM Representative in Congress District 4,1,Diop Harris II,81,"Kalamazoo Charter Township, Precinct 4",341
3,DEM Representative in Congress District 4,2,Sean McCann,81,"Kalamazoo Charter Township, Precinct 4",755
3,DEM Representative in Congress District 4,3,Write-in,81,"Kalamazoo Charter Township, Precinct 4",1
3,DEM Representative in Congress District 4,0,Over Votes,81,"Kalamazoo Charter Township, Precinct 4",0
3,DEM Representative in Congress District 4,0,Under Votes,81,"Kalamazoo Charter Township, Precinct 4",57
3,DEM Representative in Congress District 4,1,Diop Harris II,84,"Kalamazoo Charter Township, Precinct 5",145
3,DEM Representative in Congress District 4,2,Sean McCann,84,"Kalamazoo Charter Township, Precinct 5",249
3,DEM Representative in Congress District 4,3,Write-in,84,"Kalamazoo Charter Township, Precinct 5",2
3,DEM Representative in Congress District 4,0,Over Votes,84,"Kalamazoo Charter Township, Precinct 5",0
3,DEM Representative in Congress District 4,0,Under Votes,84,"Kalamazoo Charter Township, Precinct 5",12
3,DEM Representative in Congress District 4,1,Diop Harris II,87,"Kalamazoo Charter Township, Precinct 6",211
3,DEM Representative in Congress District 4,2,Sean McCann,87,"Kalamazoo Charter Township, Precinct 6",407
3,DEM Representative in Congress District 4,3,Write-in,87,"Kalamazoo Charter Township, Precinct 6",0
3,DEM Representative in Congress District 4,0,Over Votes,87,"Kalamazoo Charter Township, Precinct 6",0
3,DEM Representative in Congress District 4,0,Under Votes,87,"Kalamazoo Charter Township, Precinct 6",18
3,DEM Representative in Congress District 4,1,Diop Harris II,133,"Kalamazoo City, Precinct 2",193
3,DEM Representative in Congress District 4,2,Sean McCann,133,"Kalamazoo City, Precinct 2",160
3,DEM Representative in Congress District 4,3,Write-in,133,"Kalamazoo City, Precinct 2",6
3,DEM Representative in Congress District 4,0,Over Votes,133,"Kalamazoo City, Precinct 2",0
3,DEM Representative in Congress District 4,0,Under Votes,133,"Kalamazoo City, Precinct 2",17
3,DEM Representative in Congress District 4,1,Diop Harris II,162,"Kalamazoo City, Precinct 3",644
3,DEM Representative in Congress District 4,2,Sean McCann,162,"Kalamazoo City, Precinct 3",386
3,DEM Representative in Congress District 4,3,Write-in,162,"Kalamazoo City, Precinct 3",4
3,DEM Representative in Congress District 4,0,Over Votes,162,"Kalamazoo City, Precinct 3",1
3,DEM Representative in Congress District 4,0,Under Votes,162,"Kalamazoo City, Precinct 3",33
3,DEM Representative in Congress District 4,1,Diop Harris II,165,"Kalamazoo City, Precinct 4",194
3,DEM Representative in Congress District 4,2,Sean McCann,165,"Kalamazoo City, Precinct 4",513
3,DEM Representative in Congress District 4,3,Write-in,165,"Kalamazoo City, Precinct 4",1
3,DEM Representative in Congress District 4,0,Over Votes,165,"Kalamazoo City, Precinct 4",0
3,DEM Representative in Congress District 4,0,Under Votes,165,"Kalamazoo City, Precinct 4",17
3,DEM Representative in Congress District 4,1,Diop Harris II,168,"Kalamazoo City, Precinct 5",289
3,DEM Representative in Congress District 4,2,Sean McCann,168,"Kalamazoo City, Precinct 5",470
3,DEM Representative in Congress District 4,3,Write-in,168,"Kalamazoo City, Precinct 5",1
3,DEM Representative in Congress District 4,0,Over Votes,168,"Kalamazoo City, Precinct 5",0
3,DEM Representative in Congress District 4,0,Under Votes,168,"Kalamazoo City, Precinct 5",27
3,DEM Representative in Congress District 4,1,Diop Harris II,171,"Kalamazoo City, Precinct 6",151
3,DEM Representative in Congress District 4,2,Sean McCann,171,"Kalamazoo City, Precinct 6",431
3,DEM Representative in Congress District 4,3,Write-in,171,"Kalamazoo City, Precinct 6",0
3,DEM Representative in Congress District 4,0,Over Votes,171,"Kalamazoo City, Precinct 6",0
3,DEM Representative in Congress District 4,0,Under Votes,171,"Kalamazoo City, Precinct 6",17
3,DEM Representative in Congress District 4,1,Diop Harris II,174,"Kalamazoo City, Precinct 7",303
3,DEM Representative in Congress District 4,2,Sean McCann,174,"Kalamazoo City, Precinct 7",425
3,DEM Representative in Congress District 4,3,Write-in,174,"Kalamazoo City, Precinct 7",1
3,DEM Representative in Congress District 4,0,Over Votes,174,"Kalamazoo City, Precinct 7",0
3,DEM Representative in Congress District 4,0,Under Votes,174,"Kalamazoo City, Precinct 7",15
3,DEM Representative in Congress District 4,1,Diop Harris II,177,"Kalamazoo City, Precinct 8",292
3,DEM Representative in Congress District 4,2,Sean McCann,177,"Kalamazoo City, Precinct 8",254
3,DEM Representative in Congress District 4,3,Write-in,177,"Kalamazoo City, Precinct 8",2
3,DEM Representative in Congress District 4,0,Over Votes,177,"Kalamazoo City, Precinct 8",0
3,DEM Representative in Congress District 4,0,Under Votes,177,"Kalamazoo City, Precinct 8",12
3,DEM Representative in Congress District 4,1,Diop Harris II,180,"Kalamazoo City, Precinct 9",408
3,DEM Representative in Congress District 4,2,Sean McCann,180,"Kalamazoo City, Precinct 9",713
3,DEM Representative in Congress District 4,3,Write-in,180,"Kalamazoo City, Precinct 9",0
3,DEM Representative in Congress District 4,0,Over Votes,180,"Kalamazoo City, Precinct 9",0
3,DEM Representative in Congress District 4,0,Under Votes,180,"Kalamazoo City, Precinct 9",33
3,DEM Representative in Congress District 4,1,Diop Harris II,102,"Kalamazoo City, Precinct 10",181
3,DEM Representative in Congress District 4,2,Sean McCann,102,"Kalamazoo City, Precinct 10",312
3,DEM Representative in Congress District 4,3,Write-in,102,"Kalamazoo City, Precinct 10",3
3,DEM Representative in Congress District 4,0,Over Votes,102,"Kalamazoo City, Precinct 10",0
3,DEM Representative in Congress District 4,0,Under Votes,102,"Kalamazoo City, Precinct 10",18
3,DEM Representative in Congress District 4,1,Diop Harris II,105,"Kalamazoo City, Precinct 11",104
3,DEM Representative in Congress District 4,2,Sean McCann,105,"Kalamazoo City, Precinct 11",164
3,DEM Representative in Congress District 4,3,Write-in,105,"Kalamazoo City, Precinct 11",1
3,DEM Representative in Congress District 4,0,Over Votes,105,"Kalamazoo City, Precinct 11",0
3,DEM Representative in Congress District 4,0,Under Votes,105,"Kalamazoo City, Precinct 11",10
3,DEM Representative in Congress District 4,1,Diop Harris II,108,"Kalamazoo City, Precinct 12",218
3,DEM Representative in Congress District 4,2,Sean McCann,108,"Kalamazoo City, Precinct 12",527
3,DEM Representative in Congress District 4,3,Write-in,108,"Kalamazoo City, Precinct 12",1
3,DEM Representative in Congress District 4,0,Over Votes,108,"Kalamazoo City, Precinct 12",1
3,DEM Representative in Congress District 4,0,Under Votes,108,"Kalamazoo City, Precinct 12",12
3,DEM Representative in Congress District 4,1,Diop Harris II,111,"Kalamazoo City, Precinct 13",208
3,DEM Representative in Congress District 4,2,Sean McCann,111,"Kalamazoo City, Precinct 13",189
3,DEM Representative in Congress District 4,3,Write-in,111,"Kalamazoo City, Precinct 13",0
3,DEM Representative in Congress District 4,0,Over Votes,111,"Kalamazoo City, Precinct 13",0
3,DEM Representative in Congress District 4,0,Under Votes,111,"Kalamazoo City, Precinct 13",11
3,DEM Representative in Congress District 4,1,Diop Harris II,114,"Kalamazoo City, Precinct 14",388
3,DEM Representative in Congress District 4,2,Sean McCann,114,"Kalamazoo City, Precinct 14",876
3,DEM Representative in Congress District 4,3,Write-in,114,"Kalamazoo City, Precinct 14",5
3,DEM Representative in Congress District 4,0,Over Votes,114,"Kalamazoo City, Precinct 14",0
3,DEM Representative in Congress District 4,0,Under Votes,114,"Kalamazoo City, Precinct 14",28
3,DEM Representative in Congress District 4,1,Diop Harris II,117,"Kalamazoo City, Precinct 15",216
3,DEM Representative in Congress District 4,2,Sean McCann,117,"Kalamazoo City, Precinct 15",184
3,DEM Representative in Congress District 4,3,Write-in,117,"Kalamazoo City, Precinct 15",1
3,DEM Representative in Congress District 4,0,Over Votes,117,"Kalamazoo City, Precinct 15",0
3,DEM Representative in Congress District 4,0,Under Votes,117,"Kalamazoo City, Precinct 15",19
3,DEM Representative in Congress District 4,1,Diop Harris II,120,"Kalamazoo City, Precinct 16",293
3,DEM Representative in Congress District 4,2,Sean McCann,120,"Kalamazoo City, Precinct 16",337
3,DEM Representative in Congress District 4,3,Write-in,120,"Kalamazoo City, Precinct 16",4
3,DEM Representative in Congress District 4,0,Over Votes,120,"Kalamazoo City, Precinct 16",0
3,DEM Representative in Congress District 4,0,Under Votes,120,"Kalamazoo City, Precinct 16",22
3,DEM Representative in Congress District 4,1,Diop Harris II,123,"Kalamazoo City, Precinct 17",208
3,DEM Representative in Congress District 4,2,Sean McCann,123,"Kalamazoo City, Precinct 17",259
3,DEM Representative in Congress District 4,3,Write-in,123,"Kalamazoo City, Precinct 17",1
3,DEM Representative in Congress District 4,0,Over Votes,123,"Kalamazoo City, Precinct 17",0
3,DEM Representative in Congress District 4,0,Under Votes,123,"Kalamazoo City, Precinct 17",12
3,DEM Representative in Congress District 4,1,Diop Harris II,127,"Kalamazoo City, Precinct 18",192
3,DEM Representative in Congress District 4,2,Sean McCann,127,"Kalamazoo City, Precinct 18",279
3,DEM Representative in Congress District 4,3,Write-in,127,"Kalamazoo City, Precinct 18",3
3,DEM Representative in Congress District 4,0,Over Votes,127,"Kalamazoo City, Precinct 18",0
3,DEM Representative in Congress District 4,0,Under Votes,127,"Kalamazoo City, Precinct 18",11
3,DEM Representative in Congress District 4,1,Diop Harris II,130,"Kalamazoo City, Precinct 19",171
3,DEM Representative in Congress District 4,2,Sean McCann,130,"Kalamazoo City, Precinct 19",234
3,DEM Representative in Congress District 4,3,Write-in,130,"Kalamazoo City, Precinct 19",0
3,DEM Representative in Congress District 4,0,Over Votes,130,"Kalamazoo City, Precinct 19",1
3,DEM Representative in Congress District 4,0,Under Votes,130,"Kalamazoo City, Precinct 19",14
3,DEM Representative in Congress District 4,1,Diop Harris II,136,"Kalamazoo City, Precinct 20",113
3,DEM Representative in Congress District 4,2,Sean McCann,136,"Kalamazoo City, Precinct 20",464
3,DEM Representative in Congress District 4,3,Write-in,136,"Kalamazoo City, Precinct 20",1
3,DEM Representative in Congress District 4,0,Over Votes,136,"Kalamazoo City, Precinct 20",0
3,DEM Representative in Congress District 4,0,Under Votes,136,"Kalamazoo City, Precinct 20",12
3,DEM Representative in Congress District 4,1,Diop Harris II,139,"Kalamazoo City, Precinct 21",202
3,DEM Representative in Congress District 4,2,Sean McCann,139,"Kalamazoo City, Precinct 21",499
3,DEM Representative in Congress District 4,3,Write-in,139,"Kalamazoo City, Precinct 21",1
3,DEM Representative in Congress District 4,0,Over Votes,139,"Kalamazoo City, Precinct 21",0
3,DEM Representative in Congress District 4,0,Under Votes,139,"Kalamazoo City, Precinct 21",29
3,DEM Representative in Congress District 4,1,Diop Harris II,183,"Oshtemo Charter Township, Precinct 1",65
3,DEM Representative in Congress District 4,2,Sean McCann,183,"Oshtemo Charter Township, Precinct 1",250
3,DEM Representative in Congress District 4,3,Write-in,183,"Oshtemo Charter Township, Precinct 1",1
3,DEM Representative in Congress District 4,0,Over Votes,183,"Oshtemo Charter Township, Precinct 1",0
3,DEM Representative in Congress District 4,0,Under Votes,183,"Oshtemo Charter Township, Precinct 1",21
3,DEM Representative in Congress District 4,1,Diop Harris II,189,"Oshtemo Charter Township, Precinct 2",147
3,DEM Representative in Congress District 4,2,Sean McCann,189,"Oshtemo Charter Township, Precinct 2",408
3,DEM Representative in Congress District 4,3,Write-in,189,"Oshtemo Charter Township, Precinct 2",0
3,DEM Representative in Congress District 4,0,Over Votes,189,"Oshtemo Charter Township, Precinct 2",0
3,DEM Representative in Congress District 4,0,Under Votes,189,"Oshtemo Charter Township, Precinct 2",36
3,DEM Representative in Congress District 4,1,Diop Harris II,192,"Oshtemo Charter Township, Precinct 3",134
3,DEM Representative in Congress District 4,2,Sean McCann,192,"Oshtemo Charter Township, Precinct 3",431
3,DEM Representative in Congress District 4,3,Write-in,192,"Oshtemo Charter Township, Precinct 3",1
3,DEM Representative in Congress District 4,0,Over Votes,192,"Oshtemo Charter Township, Precinct 3",0
3,DEM Representative in Congress District 4,0,Under Votes,192,"Oshtemo Charter Township, Precinct 3",22
3,DEM Representative in Congress District 4,1,Diop Harris II,195,"Oshtemo Charter Township, Precinct 4",146
3,DEM Representative in Congress District 4,2,Sean McCann,195,"Oshtemo Charter Township, Precinct 4",371
3,DEM Representative in Congress District 4,3,Write-in,195,"Oshtemo Charter Township, Precinct 4",0
3,DEM Representative in Congress District 4,0,Over Votes,195,"Oshtemo Charter Township, Precinct 4",0
3,DEM Representative in Congress District 4,0,Under Votes,195,"Oshtemo Charter Township, Precinct 4",13
3,DEM Representative in Congress District 4,1,Diop Harris II,198,"Oshtemo Charter Township, Precinct 5",235
3,DEM Representative in Congress District 4,2,Sean McCann,198,"Oshtemo Charter Township, Precinct 5",508
3,DEM Representative in Congress District 4,3,Write-in,198,"Oshtemo Charter Township, Precinct 5",1
3,DEM Representative in Congress District 4,0,Over Votes,198,"Oshtemo Charter Township, Precinct 5",0
3,DEM Representative in Congress District 4,0,Under Votes,198,"Oshtemo Charter Township, Precinct 5",20
3,DEM Representative in Congress District 4,1,Diop Harris II,201,"Oshtemo Charter Township, Precinct 6",61
3,DEM Representative in Congress District 4,2,Sean McCann,201,"Oshtemo Charter Township, Precinct 6",207
3,DEM Representative in Congress District 4,3,Write-in,201,"Oshtemo Charter Township, Precinct 6",0
3,DEM Representative in Congress District 4,0,Over Votes,201,"Oshtemo Charter Township, Precinct 6",0
3,DEM Representative in Congress District 4,0,Under Votes,201,"Oshtemo Charter Township, Precinct 6",9
3,DEM Representative in Congress District 4,1,Diop Harris II,204,"Oshtemo Charter Township, Precinct 7",130
3,DEM Representative in Congress District 4,2,Sean McCann,204,"Oshtemo Charter Township, Precinct 7",298
3,DEM Representative in Congress District 4,3,Write-in,204,"Oshtemo Charter Township, Precinct 7",1
3,DEM Representative in Congress District 4,0,Over Votes,204,"Oshtemo Charter Township, Precinct 7",1
3,DEM Representative in Congress District 4,0,Under Votes,204,"Oshtemo Charter Township, Precinct 7",12
3,DEM Representative in Congress District 4,1,Diop Harris II,207,"Oshtemo Charter Township, Precinct 8",69
3,DEM Representative in Congress District 4,2,Sean McCann,207,"Oshtemo Charter Township, Precinct 8",145
3,DEM Representative in Congress District 4,3,Write-in,207,"Oshtemo Charter Township, Precinct 8",3
3,DEM Representative in Congress District 4,0,Over Votes,207,"Oshtemo Charter Township, Precinct 8",0
3,DEM Representative in Congress District 4,0,Under Votes,207,"Oshtemo Charter Township, Precinct 8",8
3,DEM Representative in Congress District 4,1,Diop Harris II,210,"Oshtemo Charter Township, Precinct 9",162
3,DEM Representative in Congress District 4,2,Sean McCann,210,"Oshtemo Charter Township, Precinct 9",399
3,DEM Representative in Congress District 4,3,Write-in,210,"Oshtemo Charter Township, Precinct 9",2
3,DEM Representative in Congress District 4,0,Over Votes,210,"Oshtemo Charter Township, Precinct 9",0
3,DEM Representative in Congress District 4,0,Under Votes,210,"Oshtemo Charter Township, Precinct 9",27
3,DEM Representative in Congress District 4,1,Diop Harris II,213,"Parchment City, Precinct 1",110
3,DEM Representative in Congress District 4,2,Sean McCann,213,"Parchment City, Precinct 1",194
3,DEM Representative in Congress District 4,3,Write-in,213,"Parchment City, Precinct 1",3
3,DEM Representative in Congress District 4,0,Over Votes,213,"Parchment City, Precinct 1",0
3,DEM Representative in Congress District 4,0,Under Votes,213,"Parchment City, Precinct 1",15
3,DEM Representative in Congress District 4,1,Diop Harris II,216,"Charter Township of Pavilion, Precinct 1",72
3,DEM Representative in Congress District 4,2,Sean McCann,216,"Charter Township of Pavilion, Precinct 1",295
3,DEM Representative in Congress District 4,3,Write-in,216,"Charter Township of Pavilion, Precinct 1",0
3,DEM Representative in Congress District 4,0,Over Votes,216,"Charter Township of Pavilion, Precinct 1",0
3,DEM Representative in Congress District 4,0,Under Votes,216,"Charter Township of Pavilion, Precinct 1",22
3,DEM Representative in Congress District 4,1,Diop Harris II,219,"Charter Township of Pavilion, Precinct 2",33
3,DEM Representative in Congress District 4,2,Sean McCann,219,"Charter Township of Pavilion, Precinct 2",122
3,DEM Representative in Congress District 4,3,Write-in,219,"Charter Township of Pavilion, Precinct 2",0
3,DEM Representative in Congress District 4,0,Over Votes,219,"Charter Township of Pavilion, Precinct 2",0
3,DEM Representative in Congress District 4,0,Under Votes,219,"Charter Township of Pavilion, Precinct 2",7
3,DEM Representative in Congress District 4,1,Diop Harris II,222,"Charter Township of Pavilion, Precinct 3",71
3,DEM Representative in Congress District 4,2,Sean McCann,222,"Charter Township of Pavilion, Precinct 3",169
3,DEM Representative in Congress District 4,3,Write-in,222,"Charter Township of Pavilion, Precinct 3",0
3,DEM Representative in Congress District 4,0,Over Votes,222,"Charter Township of Pavilion, Precinct 3",0
3,DEM Representative in Congress District 4,0,Under Votes,222,"Charter Township of Pavilion, Precinct 3",10
3,DEM Representative in Congress District 4,1,Diop Harris II,226,"Portage City, Precinct 1",250
3,DEM Representative in Congress District 4,2,Sean McCann,226,"Portage City, Precinct 1",390
3,DEM Representative in Congress District 4,3,Write-in,226,"Portage City, Precinct 1",1
3,DEM Representative in Congress District 4,0,Over Votes,226,"Portage City, Precinct 1",0
3,DEM Representative in Congress District 4,0,Under Votes,226,"Portage City, Precinct 1",22
3,DEM Representative in Congress District 4,1,Diop Harris II,260,"Portage City, Precinct 2",74
3,DEM Representative in Congress District 4,2,Sean McCann,260,"Portage City, Precinct 2",160
3,DEM Representative in Congress District 4,3,Write-in,260,"Portage City, Precinct 2",0
3,DEM Representative in Congress District 4,0,Over Votes,260,"Portage City, Precinct 2",0
3,DEM Representative in Congress District 4,0,Under Votes,260,"Portage City, Precinct 2",11
3,DEM Representative in Congress District 4,1,Diop Harris II,264,"Portage City, Precinct 3",252
3,DEM Representative in Congress District 4,2,Sean McCann,264,"Portage City, Precinct 3",691
3,DEM Representative in Congress District 4,3,Write-in,264,"Portage City, Precinct 3",0
3,DEM Representative in Congress District 4,0,Over Votes,264,"Portage City, Precinct 3",0
3,DEM Representative in Congress District 4,0,Under Votes,264,"Portage City, Precinct 3",52
3,DEM Representative in Congress District 4,1,Diop Harris II,267,"Portage City, Precinct 4",190
3,DEM Representative in Congress District 4,2,Sean McCann,267,"Portage City, Precinct 4",687
3,DEM Representative in Congress District 4,3,Write-in,267,"Portage City, Precinct 4",2
3,DEM Representative in Congress District 4,0,Over Votes,267,"Portage City, Precinct 4",0
3,DEM Representative in Congress District 4,0,Under Votes,267,"Portage City, Precinct 4",35
3,DEM Representative in Congress District 4,1,Diop Harris II,271,"Portage City, Precinct 5",241
3,DEM Representative in Congress District 4,2,Sean McCann,271,"Portage City, Precinct 5",890
3,DEM Representative in Congress District 4,3,Write-in,271,"Portage City, Precinct 5",2
3,DEM Representative in Congress District 4,0,Over Votes,271,"Portage City, Precinct 5",0
3,DEM Representative in Congress District 4,0,Under Votes,271,"Portage City, Precinct 5",56
3,DEM Representative in Congress District 4,1,Diop Harris II,274,"Portage City, Precinct 6",185
3,DEM Representative in Congress District 4,2,Sean McCann,274,"Portage City, Precinct 6",482
3,DEM Representative in Congress District 4,3,Write-in,274,"Portage City, Precinct 6",1
3,DEM Representative in Congress District 4,0,Over Votes,274,"Portage City, Precinct 6",0
3,DEM Representative in Congress District 4,0,Under Votes,274,"Portage City, Precinct 6",31
3,DEM Representative in Congress District 4,1,Diop Harris II,277,"Portage City, Precinct 7",175
3,DEM Representative in Congress District 4,2,Sean McCann,277,"Portage City, Precinct 7",496
3,DEM Representative in Congress District 4,3,Write-in,277,"Portage City, Precinct 7",0
3,DEM Representative in Congress District 4,0,Over Votes,277,"Portage City, Precinct 7",0
3,DEM Representative in Congress District 4,0,Under Votes,277,"Portage City, Precinct 7",38
3,DEM Representative in Congress District 4,1,Diop Harris II,280,"Portage City, Precinct 8",271
3,DEM Representative in Congress District 4,2,Sean McCann,280,"Portage City, Precinct 8",700
3,DEM Representative in Congress District 4,3,Write-in,280,"Portage City, Precinct 8",3
3,DEM Representative in Congress District 4,0,Over Votes,280,"Portage City, Precinct 8",0
3,DEM Representative in Congress District 4,0,Under Votes,280,"Portage City, Precinct 8",44
3,DEM Representative in Congress District 4,1,Diop Harris II,283,"Portage City, Precinct 9",174
3,DEM Representative in Congress District 4,2,Sean McCann,283,"Portage City, Precinct 9",362
3,DEM Representative in Congress District 4,3,Write-in,283,"Portage City, Precinct 9",3
3,DEM Representative in Congress District 4,0,Over Votes,283,"Portage City, Precinct 9",0
3,DEM Representative in Congress District 4,0,Under Votes,283,"Portage City, Precinct 9",31
3,DEM Representative in Congress District 4,1,Diop Harris II,229,"Portage City, Precinct 10",212
3,DEM Representative in Congress District 4,2,Sean McCann,229,"Portage City, Precinct 10",581
3,DEM Representative in Congress District 4,3,Write-in,229,"Portage City, Precinct 10",0
3,DEM Representative in Congress District 4,0,Over Votes,229,"Portage City, Precinct 10",1
3,DEM Representative in Congress District 4,0,Under Votes,229,"Portage City, Precinct 10",27
3,DEM Representative in Congress District 4,1,Diop Harris II,233,"Portage City, Precinct 11",195
3,DEM Representative in Congress District 4,2,Sean McCann,233,"Portage City, Precinct 11",412
3,DEM Representative in Congress District 4,3,Write-in,233,"Portage City, Precinct 11",2
3,DEM Representative in Congress District 4,0,Over Votes,233,"Portage City, Precinct 11",0
3,DEM Representative in Congress District 4,0,Under Votes,233,"Portage City, Precinct 11",29
3,DEM Representative in Congress District 4,1,Diop Harris II,236,"Portage City, Precinct 12",155
3,DEM Representative in Congress District 4,2,Sean McCann,236,"Portage City, Precinct 12",299
3,DEM Representative in Congress District 4,3,Write-in,236,"Portage City, Precinct 12",1
3,DEM Representative in Congress District 4,0,Over Votes,236,"Portage City, Precinct 12",0
3,DEM Representative in Congress District 4,0,Under Votes,236,"Portage City, Precinct 12",18
3,DEM Representative in Congress District 4,1,Diop Harris II,239,"Portage City, Precinct 13",307
3,DEM Representative in Congress District 4,2,Sean McCann,239,"Portage City, Precinct 13",554
3,DEM Representative in Congress District 4,3,Write-in,239,"Portage City, Precinct 13",3
3,DEM Representative in Congress District 4,0,Over Votes,239,"Portage City, Precinct 13",0
3,DEM Representative in Congress District 4,0,Under Votes,239,"Portage City, Precinct 13",34
3,DEM Representative in Congress District 4,1,Diop Harris II,290,"Richland Township, Precinct 1",168
3,DEM Representative in Congress District 4,2,Sean McCann,290,"Richland Township, Precinct 1",454
3,DEM Representative in Congress District 4,3,Write-in,290,"Richland Township, Precinct 1",1
3,DEM Representative in Congress District 4,0,Over Votes,290,"Richland Township, Precinct 1",0
3,DEM Representative in Congress District 4,0,Under Votes,290,"Richland Township, Precinct 1",23
3,DEM Representative in Congress District 4,1,Diop Harris II,293,"Richland Township, Precinct 2",198
3,DEM Representative in Congress District 4,2,Sean McCann,293,"Richland Township, Precinct 2",565
3,DEM Representative in Congress District 4,3,Write-in,293,"Richland Township, Precinct 2",0
3,DEM Representative in Congress District 4,0,Over Votes,293,"Richland Township, Precinct 2",0
3,DEM Representative in Congress District 4,0,Under Votes,293,"Richland Township, Precinct 2",41
3,DEM Representative in Congress District 4,1,Diop Harris II,299,"Ross Township, Precinct 1",95
3,DEM Representative in Congress District 4,2,Sean McCann,299,"Ross Township, Precinct 1",282
3,DEM Representative in Congress District 4,3,Write-in,299,"Ross Township, Precinct 1",0
3,DEM Representative in Congress District 4,0,Over Votes,299,"Ross Township, Precinct 1",0
3,DEM Representative in Congress District 4,0,Under Votes,299,"Ross Township, Precinct 1",14
3,DEM Representative in Congress District 4,1,Diop Harris II,302,"Ross Township, Precinct 2",77
3,DEM Representative in Congress District 4,2,Sean McCann,302,"Ross Township, Precinct 2",369
3,DEM Representative in Congress District 4,3,Write-in,302,"Ross Township, Precinct 2",0
3,DEM Representative in Congress District 4,0,Over Votes,302,"Ross Township, Precinct 2",0
3,DEM Representative in Congress District 4,0,Under Votes,302,"Ross Township, Precinct 2",22
3,DEM Representative in Congress District 4,1,Diop Harris II,317,"Texas Charter Township, Precinct 1",87
3,DEM Representative in Congress District 4,2,Sean McCann,317,"Texas Charter Township, Precinct 1",326
3,DEM Representative in Congress District 4,3,Write-in,317,"Texas Charter Township, Precinct 1",1
3,DEM Representative in Congress District 4,0,Over Votes,317,"Texas Charter Township, Precinct 1",0
3,DEM Representative in Congress District 4,0,Under Votes,317,"Texas Charter Township, Precinct 1",28
3,DEM Representative in Congress District 4,1,Diop Harris II,320,"Texas Charter Township, Precinct 2",75
3,DEM Representative in Congress District 4,2,Sean McCann,320,"Texas Charter Township, Precinct 2",347
3,DEM Representative in Congress District 4,3,Write-in,320,"Texas Charter Township, Precinct 2",0
3,DEM Representative in Congress District 4,0,Over Votes,320,"Texas Charter Township, Precinct 2",0
3,DEM Representative in Congress District 4,0,Under Votes,320,"Texas Charter Township, Precinct 2",27
3,DEM Representative in Congress District 4,1,Diop Harris II,323,"Texas Charter Township, Precinct 3",137
3,DEM Representative in Congress District 4,2,Sean McCann,323,"Texas Charter Township, Precinct 3",378
3,DEM Representative in Congress District 4,3,Write-in,323,"Texas Charter Township, Precinct 3",1
3,DEM Representative in Congress District 4,0,Over Votes,323,"Texas Charter Township, Precinct 3",0
3,DEM Representative in Congress District 4,0,Under Votes,323,"Texas Charter Township, Precinct 3",14
3,DEM Representative in Congress District 4,1,Diop Harris II,326,"Texas Charter Township, Precinct 4",241
3,DEM Representative in Congress District 4,2,Sean McCann,326,"Texas Charter Township, Precinct 4",479
3,DEM Representative in Congress District 4,3,Write-in,326,"Texas Charter Township, Precinct 4",0
3,DEM Representative in Congress District 4,0,Over Votes,326,"Texas Charter Township, Precinct 4",2
3,DEM Representative in Congress District 4,0,Under Votes,326,"Texas Charter Township, Precinct 4",33
3,DEM Representative in Congress District 4,1,Diop Harris II,329,"Texas Charter Township, Precinct 5",185
3,DEM Representative in Congress District 4,2,Sean McCann,329,"Texas Charter Township, Precinct 5",612
3,DEM Representative in Congress District 4,3,Write-in,329,"Texas Charter Township, Precinct 5",0
3,DEM Representative in Congress District 4,0,Over Votes,329,"Texas Charter Township, Precinct 5",0
3,DEM Representative in Congress District 4,0,Under Votes,329,"Texas Charter Township, Precinct 5",33
3,DEM Representative in Congress District 4,1,Diop Harris II,333,"Texas Charter Township, Precinct 6",104
3,DEM Representative in Congress District 4,2,Sean McCann,333,"Texas Charter Township, Precinct 6",516
3,DEM Representative in Congress District 4,3,Write-in,333,"Texas Charter Township, Precinct 6",3
3,DEM Representative in Congress District 4,0,Over Votes,333,"Texas Charter Township, Precinct 6",0
3,DEM Representative in Congress District 4,0,Under Votes,333,"Texas Charter Township, Precinct 6",36
4,DEM Representative in Congress District 5,1,Christian Vukasovich,17,"Brady Charter Township, Precinct 1",252
4,DEM Representative in Congress District 5,2,Write-in,17,"Brady Charter Township, Precinct 1",1
4,DEM Representative in Congress District 5,0,Over Votes,17,"Brady Charter Township, Precinct 1",0
4,DEM Representative in Congress District 5,0,Under Votes,17,"Brady Charter Township, Precinct 1",49
4,DEM Representative in Congress District 5,1,Christian Vukasovich,20,"Brady Charter Township, Precinct 2",171
4,DEM Representative in Congress District 5,2,Write-in,20,"Brady Charter Township, Precinct 2",0
4,DEM Representative in Congress District 5,0,Over Votes,20,"Brady Charter Township, Precinct 2",0
4,DEM Representative in Congress District 5,0,Under Votes,20,"Brady Charter Township, Precinct 2",42
4,DEM Representative in Congress District 5,1,Christian Vukasovich,286,"Prairie Ronde Township, Precinct 1",289
4,DEM Representative in Congress District 5,2,Write-in,286,"Prairie Ronde Township, Precinct 1",0
4,DEM Representative in Congress District 5,0,Over Votes,286,"Prairie Ronde Township, Precinct 1",0
4,DEM Representative in Congress District 5,0,Under Votes,286,"Prairie Ronde Township, Precinct 1",55
4,DEM Representative in Congress District 5,1,Christian Vukasovich,305,"Schoolcraft Township, Precinct 1",267
4,DEM Representative in Congress District 5,2,Write-in,305,"Schoolcraft Township, Precinct 1",0
4,DEM Representative in Congress District 5,0,Over Votes,305,"Schoolcraft Township, Precinct 1",0
4,DEM Representative in Congress District 5,0,Under Votes,305,"Schoolcraft Township, Precinct 1",49
4,DEM Representative in Congress District 5,1,Christian Vukasovich,308,"Schoolcraft Township, Precinct 2",174
4,DEM Representative in Congress District 5,2,Write-in,308,"Schoolcraft Township, Precinct 2",0
4,DEM Representative in Congress District 5,0,Over Votes,308,"Schoolcraft Township, Precinct 2",0
4,DEM Representative in Congress District 5,0,Under Votes,308,"Schoolcraft Township, Precinct 2",17
4,DEM Representative in Congress District 5,1,Christian Vukasovich,311,"Schoolcraft Township, Precinct 3",520
4,DEM Representative in Congress District 5,2,Write-in,311,"Schoolcraft Township, Precinct 3",1
4,DEM Representative in Congress District 5,0,Over Votes,311,"Schoolcraft Township, Precinct 3",1
4,DEM Representative in Congress District 5,0,Under Votes,311,"Schoolcraft Township, Precinct 3",70
4,DEM Representative in Congress District 5,1,Christian Vukasovich,314,"Schoolcraft Township, Precinct 4",208
4,DEM Representative in Congress District 5,2,Write-in,314,"Schoolcraft Township, Precinct 4",2
4,DEM Representative in Congress District 5,0,Over Votes,314,"Schoolcraft Township, Precinct 4",0
4,DEM Representative in Congress District 5,0,Under Votes,314,"Schoolcraft Township, Precinct 4",44
4,DEM Representative in Congress District 5,1,Christian Vukasovich,336,"Wakeshma Township, Precinct 1",78
4,DEM Representative in Congress District 5,2,Write-in,336,"Wakeshma Township, Precinct 1",0
4,DEM Representative in Congress District 5,0,Over Votes,336,"Wakeshma Township, Precinct 1",0
4,DEM Representative in Congress District 5,0,Under Votes,336,"Wakeshma Township, Precinct 1",17
5,DEM State Senator 18th District,1,Anthony Pennock,26,"Climax Township, Precinct 1",232
5,DEM State Senator 18th District,2,Write-in,26,"Climax Township, Precinct 1",2
5,DEM State Senator 18th District,0,Over Votes,26,"Climax Township, Precinct 1",0
5,DEM State Senator 18th District,0,Under Votes,26,"Climax Township, Precinct 1",36
5,DEM State Senator 18th District,1,Anthony Pennock,336,"Wakeshma Township, Precinct 1",77
5,DEM State Senator 18th District,2,Write-in,336,"Wakeshma Township, Precinct 1",1
5,DEM State Senator 18th District,0,Over Votes,336,"Wakeshma Township, Precinct 1",0
5,DEM State Senator 18th District,0,Under Votes,336,"Wakeshma Township, Precinct 1",17
6,DEM State Senator 19th District,1,Julie M Rogers,11,"Alamo Township, Precinct 1",204
6,DEM State Senator 19th District,2,Write-in,11,"Alamo Township, Precinct 1",1
6,DEM State Senator 19th District,0,Over Votes,11,"Alamo Township, Precinct 1",0
6,DEM State Senator 19th District,0,Under Votes,11,"Alamo Township, Precinct 1",19
6,DEM State Senator 19th District,1,Julie M Rogers,14,"Alamo Township, Precinct 2",317
6,DEM State Senator 19th District,2,Write-in,14,"Alamo Township, Precinct 2",1
6,DEM State Senator 19th District,0,Over Votes,14,"Alamo Township, Precinct 2",0
6,DEM State Senator 19th District,0,Under Votes,14,"Alamo Township, Precinct 2",34
6,DEM State Senator 19th District,1,Julie M Rogers,17,"Brady Charter Township, Precinct 1",261
6,DEM State Senator 19th District,2,Write-in,17,"Brady Charter Township, Precinct 1",2
6,DEM State Senator 19th District,0,Over Votes,17,"Brady Charter Township, Precinct 1",0
6,DEM State Senator 19th District,0,Under Votes,17,"Brady Charter Township, Precinct 1",39
6,DEM State Senator 19th District,1,Julie M Rogers,20,"Brady Charter Township, Precinct 2",178
6,DEM State Senator 19th District,2,Write-in,20,"Brady Charter Township, Precinct 2",0
6,DEM State Senator 19th District,0,Over Votes,20,"Brady Charter Township, Precinct 2",0
6,DEM State Senator 19th District,0,Under Votes,20,"Brady Charter Township, Precinct 2",35
6,DEM State Senator 19th District,1,Julie M Rogers,23,"Charleston Township, Precinct 1",220
6,DEM State Senator 19th District,2,Write-in,23,"Charleston Township, Precinct 1",2
6,DEM State Senator 19th District,0,Over Votes,23,"Charleston Township, Precinct 1",1
6,DEM State Senator 19th District,0,Under Votes,23,"Charleston Township, Precinct 1",31
6,DEM State Senator 19th District,1,Julie M Rogers,29,"Comstock Charter Township, Precinct 1",339
6,DEM State Senator 19th District,2,Write-in,29,"Comstock Charter Township, Precinct 1",0
6,DEM State Senator 19th District,0,Over Votes,29,"Comstock Charter Township, Precinct 1",0
6,DEM State Senator 19th District,0,Under Votes,29,"Comstock Charter Township, Precinct 1",42
6,DEM State Senator 19th District,1,Julie M Rogers,32,"Comstock Charter Township, Precinct 2",361
6,DEM State Senator 19th District,2,Write-in,32,"Comstock Charter Township, Precinct 2",2
6,DEM State Senator 19th District,0,Over Votes,32,"Comstock Charter Township, Precinct 2",0
6,DEM State Senator 19th District,0,Under Votes,32,"Comstock Charter Township, Precinct 2",33
6,DEM State Senator 19th District,1,Julie M Rogers,35,"Comstock Charter Township, Precinct 3",253
6,DEM State Senator 19th District,2,Write-in,35,"Comstock Charter Township, Precinct 3",2
6,DEM State Senator 19th District,0,Over Votes,35,"Comstock Charter Township, Precinct 3",1
6,DEM State Senator 19th District,0,Under Votes,35,"Comstock Charter Township, Precinct 3",29
6,DEM State Senator 19th District,1,Julie M Rogers,38,"Comstock Charter Township, Precinct 4",299
6,DEM State Senator 19th District,2,Write-in,38,"Comstock Charter Township, Precinct 4",1
6,DEM State Senator 19th District,0,Over Votes,38,"Comstock Charter Township, Precinct 4",0
6,DEM State Senator 19th District,0,Under Votes,38,"Comstock Charter Township, Precinct 4",40
6,DEM State Senator 19th District,1,Julie M Rogers,41,"Comstock Charter Township, Precinct 5",651
6,DEM State Senator 19th District,2,Write-in,41,"Comstock Charter Township, Precinct 5",1
6,DEM State Senator 19th District,0,Over Votes,41,"Comstock Charter Township, Precinct 5",0
6,DEM State Senator 19th District,0,Under Votes,41,"Comstock Charter Township, Precinct 5",56
6,DEM State Senator 19th District,1,Julie M Rogers,44,"Comstock Charter Township, Precinct 6",307
6,DEM State Senator 19th District,2,Write-in,44,"Comstock Charter Township, Precinct 6",0
6,DEM State Senator 19th District,0,Over Votes,44,"Comstock Charter Township, Precinct 6",0
6,DEM State Senator 19th District,0,Under Votes,44,"Comstock Charter Township, Precinct 6",31
6,DEM State Senator 19th District,1,Julie M Rogers,50,"Cooper Charter Township, Precinct 1",215
6,DEM State Senator 19th District,2,Write-in,50,"Cooper Charter Township, Precinct 1",0
6,DEM State Senator 19th District,0,Over Votes,50,"Cooper Charter Township, Precinct 1",0
6,DEM State Senator 19th District,0,Under Votes,50,"Cooper Charter Township, Precinct 1",30
6,DEM State Senator 19th District,1,Julie M Rogers,54,"Cooper Charter Township, Precinct 2",266
6,DEM State Senator 19th District,2,Write-in,54,"Cooper Charter Township, Precinct 2",0
6,DEM State Senator 19th District,0,Over Votes,54,"Cooper Charter Township, Precinct 2",0
6,DEM State Senator 19th District,0,Under Votes,54,"Cooper Charter Township, Precinct 2",26
6,DEM State Senator 19th District,1,Julie M Rogers,58,"Cooper Charter Township, Precinct 3",636
6,DEM State Senator 19th District,2,Write-in,58,"Cooper Charter Township, Precinct 3",7
6,DEM State Senator 19th District,0,Over Votes,58,"Cooper Charter Township, Precinct 3",0
6,DEM State Senator 19th District,0,Under Votes,58,"Cooper Charter Township, Precinct 3",40
6,DEM State Senator 19th District,1,Julie M Rogers,62,"Cooper Charter Township, Precinct 4",442
6,DEM State Senator 19th District,2,Write-in,62,"Cooper Charter Township, Precinct 4",0
6,DEM State Senator 19th District,0,Over Votes,62,"Cooper Charter Township, Precinct 4",0
6,DEM State Senator 19th District,0,Under Votes,62,"Cooper Charter Township, Precinct 4",41
6,DEM State Senator 19th District,1,Julie M Rogers,66,"Galesburg City, Precinct 1",161
6,DEM State Senator 19th District,2,Write-in,66,"Galesburg City, Precinct 1",0
6,DEM State Senator 19th District,0,Over Votes,66,"Galesburg City, Precinct 1",0
6,DEM State Senator 19th District,0,Under Votes,66,"Galesburg City, Precinct 1",0
6,DEM State Senator 19th District,1,Julie M Rogers,69,"Kalamazoo Charter Township, Precinct 1",56
6,DEM State Senator 19th District,2,Write-in,69,"Kalamazoo Charter Township, Precinct 1",1
6,DEM State Senator 19th District,0,Over Votes,69,"Kalamazoo Charter Township, Precinct 1",0
6,DEM State Senator 19th District,0,Under Votes,69,"Kalamazoo Charter Township, Precinct 1",8
6,DEM State Senator 19th District,1,Julie M Rogers,75,"Kalamazoo Charter Township, Precinct 2",841
6,DEM State Senator 19th District,2,Write-in,75,"Kalamazoo Charter Township, Precinct 2",9
6,DEM State Senator 19th District,0,Over Votes,75,"Kalamazoo Charter Township, Precinct 2",0
6,DEM State Senator 19th District,0,Under Votes,75,"Kalamazoo Charter Township, Precinct 2",80
6,DEM State Senator 19th District,1,Julie M Rogers,78,"Kalamazoo Charter Township, Precinct 3",1157
6,DEM State Senator 19th District,2,Write-in,78,"Kalamazoo Charter Township, Precinct 3",10
6,DEM State Senator 19th District,0,Over Votes,78,"Kalamazoo Charter Township, Precinct 3",1
6,DEM State Senator 19th District,0,Under Votes,78,"Kalamazoo Charter Township, Precinct 3",71
6,DEM State Senator 19th District,1,Julie M Rogers,81,"Kalamazoo Charter Township, Precinct 4",1045
6,DEM State Senator 19th District,2,Write-in,81,"Kalamazoo Charter Township, Precinct 4",6
6,DEM State Senator 19th District,0,Over Votes,81,"Kalamazoo Charter Township, Precinct 4",0
6,DEM State Senator 19th District,0,Under Votes,81,"Kalamazoo Charter Township, Precinct 4",103
6,DEM State Senator 19th District,1,Julie M Rogers,84,"Kalamazoo Charter Township, Precinct 5",386
6,DEM State Senator 19th District,2,Write-in,84,"Kalamazoo Charter Township, Precinct 5",3
6,DEM State Senator 19th District,0,Over Votes,84,"Kalamazoo Charter Township, Precinct 5",0
6,DEM State Senator 19th District,0,Under Votes,84,"Kalamazoo Charter Township, Precinct 5",19
6,DEM State Senator 19th District,1,Julie M Rogers,87,"Kalamazoo Charter Township, Precinct 6",587
6,DEM State Senator 19th District,2,Write-in,87,"Kalamazoo Charter Township, Precinct 6",5
6,DEM State Senator 19th District,0,Over Votes,87,"Kalamazoo Charter Township, Precinct 6",0
6,DEM State Senator 19th District,0,Under Votes,87,"Kalamazoo Charter Township, Precinct 6",44
6,DEM State Senator 19th District,1,Julie M Rogers,133,"Kalamazoo City, Precinct 2",326
6,DEM State Senator 19th District,2,Write-in,133,"Kalamazoo City, Precinct 2",7
6,DEM State Senator 19th District,0,Over Votes,133,"Kalamazoo City, Precinct 2",0
6,DEM State Senator 19th District,0,Under Votes,133,"Kalamazoo City, Precinct 2",43
6,DEM State Senator 19th District,1,Julie M Rogers,162,"Kalamazoo City, Precinct 3",936
6,DEM State Senator 19th District,2,Write-in,162,"Kalamazoo City, Precinct 3",9
6,DEM State Senator 19th District,0,Over Votes,162,"Kalamazoo City, Precinct 3",0
6,DEM State Senator 19th District,0,Under Votes,162,"Kalamazoo City, Precinct 3",123
6,DEM State Senator 19th District,1,Julie M Rogers,165,"Kalamazoo City, Precinct 4",675
6,DEM State Senator 19th District,2,Write-in,165,"Kalamazoo City, Precinct 4",3
6,DEM State Senator 19th District,0,Over Votes,165,"Kalamazoo City, Precinct 4",0
6,DEM State Senator 19th District,0,Under Votes,165,"Kalamazoo City, Precinct 4",47
6,DEM State Senator 19th District,1,Julie M Rogers,168,"Kalamazoo City, Precinct 5",719
6,DEM State Senator 19th District,2,Write-in,168,"Kalamazoo City, Precinct 5",3
6,DEM State Senator 19th District,0,Over Votes,168,"Kalamazoo City, Precinct 5",0
6,DEM State Senator 19th District,0,Under Votes,168,"Kalamazoo City, Precinct 5",65
6,DEM State Senator 19th District,1,Julie M Rogers,171,"Kalamazoo City, Precinct 6",554
6,DEM State Senator 19th District,2,Write-in,171,"Kalamazoo City, Precinct 6",2
6,DEM State Senator 19th District,0,Over Votes,171,"Kalamazoo City, Precinct 6",0
6,DEM State Senator 19th District,0,Under Votes,171,"Kalamazoo City, Precinct 6",43
6,DEM State Senator 19th District,1,Julie M Rogers,174,"Kalamazoo City, Precinct 7",688
6,DEM State Senator 19th District,2,Write-in,174,"Kalamazoo City, Precinct 7",4
6,DEM State Senator 19th District,0,Over Votes,174,"Kalamazoo City, Precinct 7",0
6,DEM State Senator 19th District,0,Under Votes,174,"Kalamazoo City, Precinct 7",52
6,DEM State Senator 19th District,1,Julie M Rogers,177,"Kalamazoo City, Precinct 8",504
6,DEM State Senator 19th District,2,Write-in,177,"Kalamazoo City, Precinct 8",11
6,DEM State Senator 19th District,0,Over Votes,177,"Kalamazoo City, Precinct 8",0
6,DEM State Senator 19th District,0,Under Votes,177,"Kalamazoo City, Precinct 8",45
6,DEM State Senator 19th District,1,Julie M Rogers,180,"Kalamazoo City, Precinct 9",1055
6,DEM State Senator 19th District,2,Write-in,180,"Kalamazoo City, Precinct 9",7
6,DEM State Senator 19th District,0,Over Votes,180,"Kalamazoo City, Precinct 9",0
6,DEM State Senator 19th District,0,Under Votes,180,"Kalamazoo City, Precinct 9",92
6,DEM State Senator 19th District,1,Julie M Rogers,102,"Kalamazoo City, Precinct 10",483
6,DEM State Senator 19th District,2,Write-in,102,"Kalamazoo City, Precinct 10",8
6,DEM State Senator 19th District,0,Over Votes,102,"Kalamazoo City, Precinct 10",0
6,DEM State Senator 19th District,0,Under Votes,102,"Kalamazoo City, Precinct 10",23
6,DEM State Senator 19th District,1,Julie M Rogers,105,"Kalamazoo City, Precinct 11",249
6,DEM State Senator 19th District,2,Write-in,105,"Kalamazoo City, Precinct 11",2
6,DEM State Senator 19th District,0,Over Votes,105,"Kalamazoo City, Precinct 11",0
6,DEM State Senator 19th District,0,Under Votes,105,"Kalamazoo City, Precinct 11",28
6,DEM State Senator 19th District,1,Julie M Rogers,108,"Kalamazoo City, Precinct 12",707
6,DEM State Senator 19th District,2,Write-in,108,"Kalamazoo City, Precinct 12",5
6,DEM State Senator 19th District,0,Over Votes,108,"Kalamazoo City, Precinct 12",1
6,DEM State Senator 19th District,0,Under Votes,108,"Kalamazoo City, Precinct 12",46
6,DEM State Senator 19th District,1,Julie M Rogers,111,"Kalamazoo City, Precinct 13",369
6,DEM State Senator 19th District,2,Write-in,111,"Kalamazoo City, Precinct 13",1
6,DEM State Senator 19th District,0,Over Votes,111,"Kalamazoo City, Precinct 13",0
6,DEM State Senator 19th District,0,Under Votes,111,"Kalamazoo City, Precinct 13",38
6,DEM State Senator 19th District,1,Julie M Rogers,114,"Kalamazoo City, Precinct 14",1183
6,DEM State Senator 19th District,2,Write-in,114,"Kalamazoo City, Precinct 14",8
6,DEM State Senator 19th District,0,Over Votes,114,"Kalamazoo City, Precinct 14",0
6,DEM State Senator 19th District,0,Under Votes,114,"Kalamazoo City, Precinct 14",106
6,DEM State Senator 19th District,1,Julie M Rogers,117,"Kalamazoo City, Precinct 15",373
6,DEM State Senator 19th District,2,Write-in,117,"Kalamazoo City, Precinct 15",2
6,DEM State Senator 19th District,0,Over Votes,117,"Kalamazoo City, Precinct 15",0
6,DEM State Senator 19th District,0,Under Votes,117,"Kalamazoo City, Precinct 15",45
6,DEM State Senator 19th District,1,Julie M Rogers,120,"Kalamazoo City, Precinct 16",609
6,DEM State Senator 19th District,2,Write-in,120,"Kalamazoo City, Precinct 16",3
6,DEM State Senator 19th District,0,Over Votes,120,"Kalamazoo City, Precinct 16",0
6,DEM State Senator 19th District,0,Under Votes,120,"Kalamazoo City, Precinct 16",44
6,DEM State Senator 19th District,1,Julie M Rogers,123,"Kalamazoo City, Precinct 17",446
6,DEM State Senator 19th District,2,Write-in,123,"Kalamazoo City, Precinct 17",3
6,DEM State Senator 19th District,0,Over Votes,123,"Kalamazoo City, Precinct 17",0
6,DEM State Senator 19th District,0,Under Votes,123,"Kalamazoo City, Precinct 17",31
6,DEM State Senator 19th District,1,Julie M Rogers,127,"Kalamazoo City, Precinct 18",439
6,DEM State Senator 19th District,2,Write-in,127,"Kalamazoo City, Precinct 18",3
6,DEM State Senator 19th District,0,Over Votes,127,"Kalamazoo City, Precinct 18",0
6,DEM State Senator 19th District,0,Under Votes,127,"Kalamazoo City, Precinct 18",43
6,DEM State Senator 19th District,1,Julie M Rogers,130,"Kalamazoo City, Precinct 19",388
6,DEM State Senator 19th District,2,Write-in,130,"Kalamazoo City, Precinct 19",5
6,DEM State Senator 19th District,0,Over Votes,130,"Kalamazoo City, Precinct 19",0
6,DEM State Senator 19th District,0,Under Votes,130,"Kalamazoo City, Precinct 19",27
6,DEM State Senator 19th District,1,Julie M Rogers,136,"Kalamazoo City, Precinct 20",543
6,DEM State Senator 19th District,2,Write-in,136,"Kalamazoo City, Precinct 20",1
6,DEM State Senator 19th District,0,Over Votes,136,"Kalamazoo City, Precinct 20",0
6,DEM State Senator 19th District,0,Under Votes,136,"Kalamazoo City, Precinct 20",46
6,DEM State Senator 19th District,1,Julie M Rogers,139,"Kalamazoo City, Precinct 21",668
6,DEM State Senator 19th District,2,Write-in,139,"Kalamazoo City, Precinct 21",2
6,DEM State Senator 19th District,0,Over Votes,139,"Kalamazoo City, Precinct 21",0
6,DEM State Senator 19th District,0,Under Votes,139,"Kalamazoo City, Precinct 21",61
6,DEM State Senator 19th District,1,Julie M Rogers,183,"Oshtemo Charter Township, Precinct 1",301
6,DEM State Senator 19th District,2,Write-in,183,"Oshtemo Charter Township, Precinct 1",1
6,DEM State Senator 19th District,0,Over Votes,183,"Oshtemo Charter Township, Precinct 1",0
6,DEM State Senator 19th District,0,Under Votes,183,"Oshtemo Charter Township, Precinct 1",35
6,DEM State Senator 19th District,1,Julie M Rogers,189,"Oshtemo Charter Township, Precinct 2",539
6,DEM State Senator 19th District,2,Write-in,189,"Oshtemo Charter Township, Precinct 2",3
6,DEM State Senator 19th District,0,Over Votes,189,"Oshtemo Charter Township, Precinct 2",0
6,DEM State Senator 19th District,0,Under Votes,189,"Oshtemo Charter Township, Precinct 2",49
6,DEM State Senator 19th District,1,Julie M Rogers,192,"Oshtemo Charter Township, Precinct 3",551
6,DEM State Senator 19th District,2,Write-in,192,"Oshtemo Charter Township, Precinct 3",1
6,DEM State Senator 19th District,0,Over Votes,192,"Oshtemo Charter Township, Precinct 3",0
6,DEM State Senator 19th District,0,Under Votes,192,"Oshtemo Charter Township, Precinct 3",36
6,DEM State Senator 19th District,1,Julie M Rogers,195,"Oshtemo Charter Township, Precinct 4",489
6,DEM State Senator 19th District,2,Write-in,195,"Oshtemo Charter Township, Precinct 4",2
6,DEM State Senator 19th District,0,Over Votes,195,"Oshtemo Charter Township, Precinct 4",1
6,DEM State Senator 19th District,0,Under Votes,195,"Oshtemo Charter Township, Precinct 4",38
6,DEM State Senator 19th District,1,Julie M Rogers,198,"Oshtemo Charter Township, Precinct 5",707
6,DEM State Senator 19th District,2,Write-in,198,"Oshtemo Charter Township, Precinct 5",2
6,DEM State Senator 19th District,0,Over Votes,198,"Oshtemo Charter Township, Precinct 5",0
6,DEM State Senator 19th District,0,Under Votes,198,"Oshtemo Charter Township, Precinct 5",55
6,DEM State Senator 19th District,1,Julie M Rogers,201,"Oshtemo Charter Township, Precinct 6",246
6,DEM State Senator 19th District,2,Write-in,201,"Oshtemo Charter Township, Precinct 6",0
6,DEM State Senator 19th District,0,Over Votes,201,"Oshtemo Charter Township, Precinct 6",0
6,DEM State Senator 19th District,0,Under Votes,201,"Oshtemo Charter Township, Precinct 6",31
6,DEM State Senator 19th District,1,Julie M Rogers,204,"Oshtemo Charter Township, Precinct 7",413
6,DEM State Senator 19th District,2,Write-in,204,"Oshtemo Charter Township, Precinct 7",4
6,DEM State Senator 19th District,0,Over Votes,204,"Oshtemo Charter Township, Precinct 7",0
6,DEM State Senator 19th District,0,Under Votes,204,"Oshtemo Charter Township, Precinct 7",25
6,DEM State Senator 19th District,1,Julie M Rogers,207,"Oshtemo Charter Township, Precinct 8",208
6,DEM State Senator 19th District,2,Write-in,207,"Oshtemo Charter Township, Precinct 8",3
6,DEM State Senator 19th District,0,Over Votes,207,"Oshtemo Charter Township, Precinct 8",0
6,DEM State Senator 19th District,0,Under Votes,207,"Oshtemo Charter Township, Precinct 8",14
6,DEM State Senator 19th District,1,Julie M Rogers,210,"Oshtemo Charter Township, Precinct 9",547
6,DEM State Senator 19th District,2,Write-in,210,"Oshtemo Charter Township, Precinct 9",2
6,DEM State Senator 19th District,0,Over Votes,210,"Oshtemo Charter Township, Precinct 9",0
6,DEM State Senator 19th District,0,Under Votes,210,"Oshtemo Charter Township, Precinct 9",41
6,DEM State Senator 19th District,1,Julie M Rogers,213,"Parchment City, Precinct 1",285
6,DEM State Senator 19th District,2,Write-in,213,"Parchment City, Precinct 1",2
6,DEM State Senator 19th District,0,Over Votes,213,"Parchment City, Precinct 1",0
6,DEM State Senator 19th District,0,Under Votes,213,"Parchment City, Precinct 1",35
6,DEM State Senator 19th District,1,Julie M Rogers,216,"Charter Township of Pavilion, Precinct 1",347
6,DEM State Senator 19th District,2,Write-in,216,"Charter Township of Pavilion, Precinct 1",0
6,DEM State Senator 19th District,0,Over Votes,216,"Charter Township of Pavilion, Precinct 1",0
6,DEM State Senator 19th District,0,Under Votes,216,"Charter Township of Pavilion, Precinct 1",42
6,DEM State Senator 19th District,1,Julie M Rogers,219,"Charter Township of Pavilion, Precinct 2",142
6,DEM State Senator 19th District,2,Write-in,219,"Charter Township of Pavilion, Precinct 2",0
6,DEM State Senator 19th District,0,Over Votes,219,"Charter Township of Pavilion, Precinct 2",0
6,DEM State Senator 19th District,0,Under Votes,219,"Charter Township of Pavilion, Precinct 2",20
6,DEM State Senator 19th District,1,Julie M Rogers,222,"Charter Township of Pavilion, Precinct 3",223
6,DEM State Senator 19th District,2,Write-in,222,"Charter Township of Pavilion, Precinct 3",2
6,DEM State Senator 19th District,0,Over Votes,222,"Charter Township of Pavilion, Precinct 3",0
6,DEM State Senator 19th District,0,Under Votes,222,"Charter Township of Pavilion, Precinct 3",25
6,DEM State Senator 19th District,1,Julie M Rogers,226,"Portage City, Precinct 1",601
6,DEM State Senator 19th District,2,Write-in,226,"Portage City, Precinct 1",2
6,DEM State Senator 19th District,0,Over Votes,226,"Portage City, Precinct 1",1
6,DEM State Senator 19th District,0,Under Votes,226,"Portage City, Precinct 1",59
6,DEM State Senator 19th District,1,Julie M Rogers,260,"Portage City, Precinct 2",225
6,DEM State Senator 19th District,2,Write-in,260,"Portage City, Precinct 2",0
6,DEM State Senator 19th District,0,Over Votes,260,"Portage City, Precinct 2",0
6,DEM State Senator 19th District,0,Under Votes,260,"Portage City, Precinct 2",20
6,DEM State Senator 19th District,1,Julie M Rogers,264,"Portage City, Precinct 3",914
6,DEM State Senator 19th District,2,Write-in,264,"Portage City, Precinct 3",1
6,DEM State Senator 19th District,0,Over Votes,264,"Portage City, Precinct 3",0
6,DEM State Senator 19th District,0,Under Votes,264,"Portage City, Precinct 3",78
6,DEM State Senator 19th District,1,Julie M Rogers,267,"Portage City, Precinct 4",826
6,DEM State Senator 19th District,2,Write-in,267,"Portage City, Precinct 4",3
6,DEM State Senator 19th District,0,Over Votes,267,"Portage City, Precinct 4",0
6,DEM State Senator 19th District,0,Under Votes,267,"Portage City, Precinct 4",85
6,DEM State Senator 19th District,1,Julie M Rogers,271,"Portage City, Precinct 5",1065
6,DEM State Senator 19th District,2,Write-in,271,"Portage City, Precinct 5",7
6,DEM State Senator 19th District,0,Over Votes,271,"Portage City, Precinct 5",0
6,DEM State Senator 19th District,0,Under Votes,271,"Portage City, Precinct 5",117
6,DEM State Senator 19th District,1,Julie M Rogers,274,"Portage City, Precinct 6",642
6,DEM State Senator 19th District,2,Write-in,274,"Portage City, Precinct 6",2
6,DEM State Senator 19th District,0,Over Votes,274,"Portage City, Precinct 6",0
6,DEM State Senator 19th District,0,Under Votes,274,"Portage City, Precinct 6",55
6,DEM State Senator 19th District,1,Julie M Rogers,277,"Portage City, Precinct 7",635
6,DEM State Senator 19th District,2,Write-in,277,"Portage City, Precinct 7",2
6,DEM State Senator 19th District,0,Over Votes,277,"Portage City, Precinct 7",0
6,DEM State Senator 19th District,0,Under Votes,277,"Portage City, Precinct 7",72
6,DEM State Senator 19th District,1,Julie M Rogers,280,"Portage City, Precinct 8",924
6,DEM State Senator 19th District,2,Write-in,280,"Portage City, Precinct 8",3
6,DEM State Senator 19th District,0,Over Votes,280,"Portage City, Precinct 8",0
6,DEM State Senator 19th District,0,Under Votes,280,"Portage City, Precinct 8",91
6,DEM State Senator 19th District,1,Julie M Rogers,283,"Portage City, Precinct 9",517
6,DEM State Senator 19th District,2,Write-in,283,"Portage City, Precinct 9",5
6,DEM State Senator 19th District,0,Over Votes,283,"Portage City, Precinct 9",0
6,DEM State Senator 19th District,0,Under Votes,283,"Portage City, Precinct 9",48
6,DEM State Senator 19th District,1,Julie M Rogers,229,"Portage City, Precinct 10",755
6,DEM State Senator 19th District,2,Write-in,229,"Portage City, Precinct 10",2
6,DEM State Senator 19th District,0,Over Votes,229,"Portage City, Precinct 10",1
6,DEM State Senator 19th District,0,Under Votes,229,"Portage City, Precinct 10",63
6,DEM State Senator 19th District,1,Julie M Rogers,233,"Portage City, Precinct 11",563
6,DEM State Senator 19th District,2,Write-in,233,"Portage City, Precinct 11",3
6,DEM State Senator 19th District,0,Over Votes,233,"Portage City, Precinct 11",1
6,DEM State Senator 19th District,0,Under Votes,233,"Portage City, Precinct 11",70
6,DEM State Senator 19th District,1,Julie M Rogers,236,"Portage City, Precinct 12",425
6,DEM State Senator 19th District,2,Write-in,236,"Portage City, Precinct 12",1
6,DEM State Senator 19th District,0,Over Votes,236,"Portage City, Precinct 12",0
6,DEM State Senator 19th District,0,Under Votes,236,"Portage City, Precinct 12",47
6,DEM State Senator 19th District,1,Julie M Rogers,239,"Portage City, Precinct 13",822
6,DEM State Senator 19th District,2,Write-in,239,"Portage City, Precinct 13",7
6,DEM State Senator 19th District,0,Over Votes,239,"Portage City, Precinct 13",1
6,DEM State Senator 19th District,0,Under Votes,239,"Portage City, Precinct 13",68
6,DEM State Senator 19th District,1,Julie M Rogers,286,"Prairie Ronde Township, Precinct 1",293
6,DEM State Senator 19th District,2,Write-in,286,"Prairie Ronde Township, Precinct 1",1
6,DEM State Senator 19th District,0,Over Votes,286,"Prairie Ronde Township, Precinct 1",0
6,DEM State Senator 19th District,0,Under Votes,286,"Prairie Ronde Township, Precinct 1",50
6,DEM State Senator 19th District,1,Julie M Rogers,290,"Richland Township, Precinct 1",571
6,DEM State Senator 19th District,2,Write-in,290,"Richland Township, Precinct 1",3
6,DEM State Senator 19th District,0,Over Votes,290,"Richland Township, Precinct 1",0
6,DEM State Senator 19th District,0,Under Votes,290,"Richland Township, Precinct 1",72
6,DEM State Senator 19th District,1,Julie M Rogers,293,"Richland Township, Precinct 2",714
6,DEM State Senator 19th District,2,Write-in,293,"Richland Township, Precinct 2",4
6,DEM State Senator 19th District,0,Over Votes,293,"Richland Township, Precinct 2",0
6,DEM State Senator 19th District,0,Under Votes,293,"Richland Township, Precinct 2",86
6,DEM State Senator 19th District,1,Julie M Rogers,299,"Ross Township, Precinct 1",361
6,DEM State Senator 19th District,2,Write-in,299,"Ross Township, Precinct 1",0
6,DEM State Senator 19th District,0,Over Votes,299,"Ross Township, Precinct 1",0
6,DEM State Senator 19th District,0,Under Votes,299,"Ross Township, Precinct 1",30
6,DEM State Senator 19th District,1,Julie M Rogers,302,"Ross Township, Precinct 2",414
6,DEM State Senator 19th District,2,Write-in,302,"Ross Township, Precinct 2",1
6,DEM State Senator 19th District,0,Over Votes,302,"Ross Township, Precinct 2",0
6,DEM State Senator 19th District,0,Under Votes,302,"Ross Township, Precinct 2",53
6,DEM State Senator 19th District,1,Julie M Rogers,305,"Schoolcraft Township, Precinct 1",274
6,DEM State Senator 19th District,2,Write-in,305,"Schoolcraft Township, Precinct 1",0
6,DEM State Senator 19th District,0,Over Votes,305,"Schoolcraft Township, Precinct 1",0
6,DEM State Senator 19th District,0,Under Votes,305,"Schoolcraft Township, Precinct 1",42
6,DEM State Senator 19th District,1,Julie M Rogers,308,"Schoolcraft Township, Precinct 2",177
6,DEM State Senator 19th District,2,Write-in,308,"Schoolcraft Township, Precinct 2",0
6,DEM State Senator 19th District,0,Over Votes,308,"Schoolcraft Township, Precinct 2",0
6,DEM State Senator 19th District,0,Under Votes,308,"Schoolcraft Township, Precinct 2",14
6,DEM State Senator 19th District,1,Julie M Rogers,311,"Schoolcraft Township, Precinct 3",536
6,DEM State Senator 19th District,2,Write-in,311,"Schoolcraft Township, Precinct 3",1
6,DEM State Senator 19th District,0,Over Votes,311,"Schoolcraft Township, Precinct 3",1
6,DEM State Senator 19th District,0,Under Votes,311,"Schoolcraft Township, Precinct 3",54
6,DEM State Senator 19th District,1,Julie M Rogers,314,"Schoolcraft Township, Precinct 4",214
6,DEM State Senator 19th District,2,Write-in,314,"Schoolcraft Township, Precinct 4",2
6,DEM State Senator 19th District,0,Over Votes,314,"Schoolcraft Township, Precinct 4",0
6,DEM State Senator 19th District,0,Under Votes,314,"Schoolcraft Township, Precinct 4",38
6,DEM State Senator 19th District,1,Julie M Rogers,317,"Texas Charter Township, Precinct 1",390
6,DEM State Senator 19th District,2,Write-in,317,"Texas Charter Township, Precinct 1",1
6,DEM State Senator 19th District,0,Over Votes,317,"Texas Charter Township, Precinct 1",1
6,DEM State Senator 19th District,0,Under Votes,317,"Texas Charter Township, Precinct 1",50
6,DEM State Senator 19th District,1,Julie M Rogers,320,"Texas Charter Township, Precinct 2",406
6,DEM State Senator 19th District,2,Write-in,320,"Texas Charter Township, Precinct 2",0
6,DEM State Senator 19th District,0,Over Votes,320,"Texas Charter Township, Precinct 2",0
6,DEM State Senator 19th District,0,Under Votes,320,"Texas Charter Township, Precinct 2",43
6,DEM State Senator 19th District,1,Julie M Rogers,323,"Texas Charter Township, Precinct 3",486
6,DEM State Senator 19th District,2,Write-in,323,"Texas Charter Township, Precinct 3",4
6,DEM State Senator 19th District,0,Over Votes,323,"Texas Charter Township, Precinct 3",0
6,DEM State Senator 19th District,0,Under Votes,323,"Texas Charter Township, Precinct 3",40
6,DEM State Senator 19th District,1,Julie M Rogers,326,"Texas Charter Township, Precinct 4",681
6,DEM State Senator 19th District,2,Write-in,326,"Texas Charter Township, Precinct 4",0
6,DEM State Senator 19th District,0,Over Votes,326,"Texas Charter Township, Precinct 4",0
6,DEM State Senator 19th District,0,Under Votes,326,"Texas Charter Township, Precinct 4",74
6,DEM State Senator 19th District,1,Julie M Rogers,329,"Texas Charter Township, Precinct 5",746
6,DEM State Senator 19th District,2,Write-in,329,"Texas Charter Township, Precinct 5",0
6,DEM State Senator 19th District,0,Over Votes,329,"Texas Charter Township, Precinct 5",0
6,DEM State Senator 19th District,0,Under Votes,329,"Texas Charter Township, Precinct 5",84
6,DEM State Senator 19th District,1,Julie M Rogers,333,"Texas Charter Township, Precinct 6",600
6,DEM State Senator 19th District,2,Write-in,333,"Texas Charter Township, Precinct 6",5
6,DEM State Senator 19th District,0,Over Votes,333,"Texas Charter Township, Precinct 6",0
6,DEM State Senator 19th District,0,Under Votes,333,"Texas Charter Township, Precinct 6",54
7,DEM Representative in State Legislature District 40,1,Matt Longjohn,136,"Kalamazoo City, Precinct 20",541
7,DEM Representative in State Legislature District 40,2,Write-in,136,"Kalamazoo City, Precinct 20",0
7,DEM Representative in State Legislature District 40,0,Over Votes,136,"Kalamazoo City, Precinct 20",0
7,DEM Representative in State Legislature District 40,0,Under Votes,136,"Kalamazoo City, Precinct 20",49
7,DEM Representative in State Legislature District 40,1,Matt Longjohn,139,"Kalamazoo City, Precinct 21",655
7,DEM Representative in State Legislature District 40,2,Write-in,139,"Kalamazoo City, Precinct 21",3
7,DEM Representative in State Legislature District 40,0,Over Votes,139,"Kalamazoo City, Precinct 21",0
7,DEM Representative in State Legislature District 40,0,Under Votes,139,"Kalamazoo City, Precinct 21",73
7,DEM Representative in State Legislature District 40,1,Matt Longjohn,189,"Oshtemo Charter Township, Precinct 2",532
7,DEM Representative in State Legislature District 40,2,Write-in,189,"Oshtemo Charter Township, Precinct 2",3
7,DEM Representative in State Legislature District 40,0,Over Votes,189,"Oshtemo Charter Township, Precinct 2",0
7,DEM Representative in State Legislature District 40,0,Under Votes,189,"Oshtemo Charter Township, Precinct 2",56
7,DEM Representative in State Legislature District 40,1,Matt Longjohn,192,"Oshtemo Charter Township, Precinct 3",532
7,DEM Representative in State Legislature District 40,2,Write-in,192,"Oshtemo Charter Township, Precinct 3",3
7,DEM Representative in State Legislature District 40,0,Over Votes,192,"Oshtemo Charter Township, Precinct 3",0
7,DEM Representative in State Legislature District 40,0,Under Votes,192,"Oshtemo Charter Township, Precinct 3",53
7,DEM Representative in State Legislature District 40,1,Matt Longjohn,195,"Oshtemo Charter Township, Precinct 4",492
7,DEM Representative in State Legislature District 40,2,Write-in,195,"Oshtemo Charter Township, Precinct 4",0
7,DEM Representative in State Legislature District 40,0,Over Votes,195,"Oshtemo Charter Township, Precinct 4",0
7,DEM Representative in State Legislature District 40,0,Under Votes,195,"Oshtemo Charter Township, Precinct 4",38
7,DEM Representative in State Legislature District 40,1,Matt Longjohn,198,"Oshtemo Charter Township, Precinct 5",687
7,DEM Representative in State Legislature District 40,2,Write-in,198,"Oshtemo Charter Township, Precinct 5",7
7,DEM Representative in State Legislature District 40,0,Over Votes,198,"Oshtemo Charter Township, Precinct 5",0
7,DEM Representative in State Legislature District 40,0,Under Votes,198,"Oshtemo Charter Township, Precinct 5",70
7,DEM Representative in State Legislature District 40,1,Matt Longjohn,201,"Oshtemo Charter Township, Precinct 6",245
7,DEM Representative in State Legislature District 40,2,Write-in,201,"Oshtemo Charter Township, Precinct 6",0
7,DEM Representative in State Legislature District 40,0,Over Votes,201,"Oshtemo Charter Township, Precinct 6",0
7,DEM Representative in State Legislature District 40,0,Under Votes,201,"Oshtemo Charter Township, Precinct 6",32
7,DEM Representative in State Legislature District 40,1,Matt Longjohn,204,"Oshtemo Charter Township, Precinct 7",407
7,DEM Representative in State Legislature District 40,2,Write-in,204,"Oshtemo Charter Township, Precinct 7",2
7,DEM Representative in State Legislature District 40,0,Over Votes,204,"Oshtemo Charter Township, Precinct 7",0
7,DEM Representative in State Legislature District 40,0,Under Votes,204,"Oshtemo Charter Township, Precinct 7",33
7,DEM Representative in State Legislature District 40,1,Matt Longjohn,207,"Oshtemo Charter Township, Precinct 8",211
7,DEM Representative in State Legislature District 40,2,Write-in,207,"Oshtemo Charter Township, Precinct 8",4
7,DEM Representative in State Legislature District 40,0,Over Votes,207,"Oshtemo Charter Township, Precinct 8",0
7,DEM Representative in State Legislature District 40,0,Under Votes,207,"Oshtemo Charter Township, Precinct 8",10
7,DEM Representative in State Legislature District 40,1,Matt Longjohn,210,"Oshtemo Charter Township, Precinct 9",541
7,DEM Representative in State Legislature District 40,2,Write-in,210,"Oshtemo Charter Township, Precinct 9",3
7,DEM Representative in State Legislature District 40,0,Over Votes,210,"Oshtemo Charter Township, Precinct 9",0
7,DEM Representative in State Legislature District 40,0,Under Votes,210,"Oshtemo Charter Township, Precinct 9",46
7,DEM Representative in State Legislature District 40,1,Matt Longjohn,226,"Portage City, Precinct 1",597
7,DEM Representative in State Legislature District 40,2,Write-in,226,"Portage City, Precinct 1",1
7,DEM Representative in State Legislature District 40,0,Over Votes,226,"Portage City, Precinct 1",0
7,DEM Representative in State Legislature District 40,0,Under Votes,226,"Portage City, Precinct 1",65
7,DEM Representative in State Legislature District 40,1,Matt Longjohn,264,"Portage City, Precinct 3",902
7,DEM Representative in State Legislature District 40,2,Write-in,264,"Portage City, Precinct 3",2
7,DEM Representative in State Legislature District 40,0,Over Votes,264,"Portage City, Precinct 3",0
7,DEM Representative in State Legislature District 40,0,Under Votes,264,"Portage City, Precinct 3",89
7,DEM Representative in State Legislature District 40,1,Matt Longjohn,267,"Portage City, Precinct 4",828
7,DEM Representative in State Legislature District 40,2,Write-in,267,"Portage City, Precinct 4",5
7,DEM Representative in State Legislature District 40,0,Over Votes,267,"Portage City, Precinct 4",0
7,DEM Representative in State Legislature District 40,0,Under Votes,267,"Portage City, Precinct 4",81
7,DEM Representative in State Legislature District 40,1,Matt Longjohn,271,"Portage City, Precinct 5",1057
7,DEM Representative in State Legislature District 40,2,Write-in,271,"Portage City, Precinct 5",6
7,DEM Representative in State Legislature District 40,0,Over Votes,271,"Portage City, Precinct 5",0
7,DEM Representative in State Legislature District 40,0,Under Votes,271,"Portage City, Precinct 5",126
7,DEM Representative in State Legislature District 40,1,Matt Longjohn,274,"Portage City, Precinct 6",632
7,DEM Representative in State Legislature District 40,2,Write-in,274,"Portage City, Precinct 6",4
7,DEM Representative in State Legislature District 40,0,Over Votes,274,"Portage City, Precinct 6",0
7,DEM Representative in State Legislature District 40,0,Under Votes,274,"Portage City, Precinct 6",63
7,DEM Representative in State Legislature District 40,1,Matt Longjohn,277,"Portage City, Precinct 7",630
7,DEM Representative in State Legislature District 40,2,Write-in,277,"Portage City, Precinct 7",4
7,DEM Representative in State Legislature District 40,0,Over Votes,277,"Portage City, Precinct 7",0
7,DEM Representative in State Legislature District 40,0,Under Votes,277,"Portage City, Precinct 7",75
7,DEM Representative in State Legislature District 40,1,Matt Longjohn,280,"Portage City, Precinct 8",929
7,DEM Representative in State Legislature District 40,2,Write-in,280,"Portage City, Precinct 8",4
7,DEM Representative in State Legislature District 40,0,Over Votes,280,"Portage City, Precinct 8",0
7,DEM Representative in State Legislature District 40,0,Under Votes,280,"Portage City, Precinct 8",85
7,DEM Representative in State Legislature District 40,1,Matt Longjohn,283,"Portage City, Precinct 9",511
7,DEM Representative in State Legislature District 40,2,Write-in,283,"Portage City, Precinct 9",3
7,DEM Representative in State Legislature District 40,0,Over Votes,283,"Portage City, Precinct 9",0
7,DEM Representative in State Legislature District 40,0,Under Votes,283,"Portage City, Precinct 9",56
7,DEM Representative in State Legislature District 40,1,Matt Longjohn,229,"Portage City, Precinct 10",749
7,DEM Representative in State Legislature District 40,2,Write-in,229,"Portage City, Precinct 10",4
7,DEM Representative in State Legislature District 40,0,Over Votes,229,"Portage City, Precinct 10",0
7,DEM Representative in State Legislature District 40,0,Under Votes,229,"Portage City, Precinct 10",68
7,DEM Representative in State Legislature District 40,1,Matt Longjohn,233,"Portage City, Precinct 11",559
7,DEM Representative in State Legislature District 40,2,Write-in,233,"Portage City, Precinct 11",3
7,DEM Representative in State Legislature District 40,0,Over Votes,233,"Portage City, Precinct 11",0
7,DEM Representative in State Legislature District 40,0,Under Votes,233,"Portage City, Precinct 11",75
7,DEM Representative in State Legislature District 40,1,Matt Longjohn,236,"Portage City, Precinct 12",418
7,DEM Representative in State Legislature District 40,2,Write-in,236,"Portage City, Precinct 12",1
7,DEM Representative in State Legislature District 40,0,Over Votes,236,"Portage City, Precinct 12",0
7,DEM Representative in State Legislature District 40,0,Under Votes,236,"Portage City, Precinct 12",54
7,DEM Representative in State Legislature District 40,1,Matt Longjohn,239,"Portage City, Precinct 13",817
7,DEM Representative in State Legislature District 40,2,Write-in,239,"Portage City, Precinct 13",4
7,DEM Representative in State Legislature District 40,0,Over Votes,239,"Portage City, Precinct 13",1
7,DEM Representative in State Legislature District 40,0,Under Votes,239,"Portage City, Precinct 13",76
7,DEM Representative in State Legislature District 40,1,Matt Longjohn,317,"Texas Charter Township, Precinct 1",387
7,DEM Representative in State Legislature District 40,2,Write-in,317,"Texas Charter Township, Precinct 1",2
7,DEM Representative in State Legislature District 40,0,Over Votes,317,"Texas Charter Township, Precinct 1",0
7,DEM Representative in State Legislature District 40,0,Under Votes,317,"Texas Charter Township, Precinct 1",53
7,DEM Representative in State Legislature District 40,1,Matt Longjohn,320,"Texas Charter Township, Precinct 2",396
7,DEM Representative in State Legislature District 40,2,Write-in,320,"Texas Charter Township, Precinct 2",1
7,DEM Representative in State Legislature District 40,0,Over Votes,320,"Texas Charter Township, Precinct 2",0
7,DEM Representative in State Legislature District 40,0,Under Votes,320,"Texas Charter Township, Precinct 2",52
7,DEM Representative in State Legislature District 40,1,Matt Longjohn,323,"Texas Charter Township, Precinct 3",477
7,DEM Representative in State Legislature District 40,2,Write-in,323,"Texas Charter Township, Precinct 3",5
7,DEM Representative in State Legislature District 40,0,Over Votes,323,"Texas Charter Township, Precinct 3",0
7,DEM Representative in State Legislature District 40,0,Under Votes,323,"Texas Charter Township, Precinct 3",48
7,DEM Representative in State Legislature District 40,1,Matt Longjohn,326,"Texas Charter Township, Precinct 4",674
7,DEM Representative in State Legislature District 40,2,Write-in,326,"Texas Charter Township, Precinct 4",1
7,DEM Representative in State Legislature District 40,0,Over Votes,326,"Texas Charter Township, Precinct 4",0
7,DEM Representative in State Legislature District 40,0,Under Votes,326,"Texas Charter Township, Precinct 4",80
7,DEM Representative in State Legislature District 40,1,Matt Longjohn,329,"Texas Charter Township, Precinct 5",738
7,DEM Representative in State Legislature District 40,2,Write-in,329,"Texas Charter Township, Precinct 5",3
7,DEM Representative in State Legislature District 40,0,Over Votes,329,"Texas Charter Township, Precinct 5",0
7,DEM Representative in State Legislature District 40,0,Under Votes,329,"Texas Charter Township, Precinct 5",89
7,DEM Representative in State Legislature District 40,1,Matt Longjohn,333,"Texas Charter Township, Precinct 6",593
7,DEM Representative in State Legislature District 40,2,Write-in,333,"Texas Charter Township, Precinct 6",6
7,DEM Representative in State Legislature District 40,0,Over Votes,333,"Texas Charter Township, Precinct 6",0
7,DEM Representative in State Legislature District 40,0,Under Votes,333,"Texas Charter Township, Precinct 6",60
8,DEM Representative in State Legislature District 41,1,Jen Strebs,69,"Kalamazoo Charter Township, Precinct 1",35
8,DEM Representative in State Legislature District 41,2,Jessica Swartz,69,"Kalamazoo Charter Township, Precinct 1",24
8,DEM Representative in State Legislature District 41,3,Write-in,69,"Kalamazoo Charter Township, Precinct 1",0
8,DEM Representative in State Legislature District 41,0,Over Votes,69,"Kalamazoo Charter Township, Precinct 1",0
8,DEM Representative in State Legislature District 41,0,Under Votes,69,"Kalamazoo Charter Township, Precinct 1",6
8,DEM Representative in State Legislature District 41,1,Jen Strebs,75,"Kalamazoo Charter Township, Precinct 2",128
8,DEM Representative in State Legislature District 41,2,Jessica Swartz,75,"Kalamazoo Charter Township, Precinct 2",114
8,DEM Representative in State Legislature District 41,3,Write-in,75,"Kalamazoo Charter Township, Precinct 2",3
8,DEM Representative in State Legislature District 41,0,Over Votes,75,"Kalamazoo Charter Township, Precinct 2",0
8,DEM Representative in State Legislature District 41,0,Under Votes,75,"Kalamazoo Charter Township, Precinct 2",10
8,DEM Representative in State Legislature District 41,1,Jen Strebs,78,"Kalamazoo Charter Township, Precinct 3",709
8,DEM Representative in State Legislature District 41,2,Jessica Swartz,78,"Kalamazoo Charter Township, Precinct 3",445
8,DEM Representative in State Legislature District 41,3,Write-in,78,"Kalamazoo Charter Township, Precinct 3",6
8,DEM Representative in State Legislature District 41,0,Over Votes,78,"Kalamazoo Charter Township, Precinct 3",0
8,DEM Representative in State Legislature District 41,0,Under Votes,78,"Kalamazoo Charter Township, Precinct 3",79
8,DEM Representative in State Legislature District 41,1,Jen Strebs,81,"Kalamazoo Charter Township, Precinct 4",729
8,DEM Representative in State Legislature District 41,2,Jessica Swartz,81,"Kalamazoo Charter Township, Precinct 4",360
8,DEM Representative in State Legislature District 41,3,Write-in,81,"Kalamazoo Charter Township, Precinct 4",1
8,DEM Representative in State Legislature District 41,0,Over Votes,81,"Kalamazoo Charter Township, Precinct 4",0
8,DEM Representative in State Legislature District 41,0,Under Votes,81,"Kalamazoo Charter Township, Precinct 4",64
8,DEM Representative in State Legislature District 41,1,Jen Strebs,84,"Kalamazoo Charter Township, Precinct 5",174
8,DEM Representative in State Legislature District 41,2,Jessica Swartz,84,"Kalamazoo Charter Township, Precinct 5",216
8,DEM Representative in State Legislature District 41,3,Write-in,84,"Kalamazoo Charter Township, Precinct 5",4
8,DEM Representative in State Legislature District 41,0,Over Votes,84,"Kalamazoo Charter Township, Precinct 5",0
8,DEM Representative in State Legislature District 41,0,Under Votes,84,"Kalamazoo Charter Township, Precinct 5",14
8,DEM Representative in State Legislature District 41,1,Jen Strebs,87,"Kalamazoo Charter Township, Precinct 6",272
8,DEM Representative in State Legislature District 41,2,Jessica Swartz,87,"Kalamazoo Charter Township, Precinct 6",321
8,DEM Representative in State Legislature District 41,3,Write-in,87,"Kalamazoo Charter Township, Precinct 6",2
8,DEM Representative in State Legislature District 41,0,Over Votes,87,"Kalamazoo Charter Township, Precinct 6",0
8,DEM Representative in State Legislature District 41,0,Under Votes,87,"Kalamazoo Charter Township, Precinct 6",41
8,DEM Representative in State Legislature District 41,1,Jen Strebs,133,"Kalamazoo City, Precinct 2",219
8,DEM Representative in State Legislature District 41,2,Jessica Swartz,133,"Kalamazoo City, Precinct 2",118
8,DEM Representative in State Legislature District 41,3,Write-in,133,"Kalamazoo City, Precinct 2",7
8,DEM Representative in State Legislature District 41,0,Over Votes,133,"Kalamazoo City, Precinct 2",0
8,DEM Representative in State Legislature District 41,0,Under Votes,133,"Kalamazoo City, Precinct 2",32
8,DEM Representative in State Legislature District 41,1,Jen Strebs,162,"Kalamazoo City, Precinct 3",585
8,DEM Representative in State Legislature District 41,2,Jessica Swartz,162,"Kalamazoo City, Precinct 3",400
8,DEM Representative in State Legislature District 41,3,Write-in,162,"Kalamazoo City, Precinct 3",6
8,DEM Representative in State Legislature District 41,0,Over Votes,162,"Kalamazoo City, Precinct 3",1
8,DEM Representative in State Legislature District 41,0,Under Votes,162,"Kalamazoo City, Precinct 3",76
8,DEM Representative in State Legislature District 41,1,Jen Strebs,165,"Kalamazoo City, Precinct 4",348
8,DEM Representative in State Legislature District 41,2,Jessica Swartz,165,"Kalamazoo City, Precinct 4",346
8,DEM Representative in State Legislature District 41,3,Write-in,165,"Kalamazoo City, Precinct 4",2
8,DEM Representative in State Legislature District 41,0,Over Votes,165,"Kalamazoo City, Precinct 4",2
8,DEM Representative in State Legislature District 41,0,Under Votes,165,"Kalamazoo City, Precinct 4",27
8,DEM Representative in State Legislature District 41,1,Jen Strebs,168,"Kalamazoo City, Precinct 5",409
8,DEM Representative in State Legislature District 41,2,Jessica Swartz,168,"Kalamazoo City, Precinct 5",323
8,DEM Representative in State Legislature District 41,3,Write-in,168,"Kalamazoo City, Precinct 5",2
8,DEM Representative in State Legislature District 41,0,Over Votes,168,"Kalamazoo City, Precinct 5",0
8,DEM Representative in State Legislature District 41,0,Under Votes,168,"Kalamazoo City, Precinct 5",53
8,DEM Representative in State Legislature District 41,1,Jen Strebs,171,"Kalamazoo City, Precinct 6",298
8,DEM Representative in State Legislature District 41,2,Jessica Swartz,171,"Kalamazoo City, Precinct 6",257
8,DEM Representative in State Legislature District 41,3,Write-in,171,"Kalamazoo City, Precinct 6",2
8,DEM Representative in State Legislature District 41,0,Over Votes,171,"Kalamazoo City, Precinct 6",0
8,DEM Representative in State Legislature District 41,0,Under Votes,171,"Kalamazoo City, Precinct 6",42
8,DEM Representative in State Legislature District 41,1,Jen Strebs,174,"Kalamazoo City, Precinct 7",363
8,DEM Representative in State Legislature District 41,2,Jessica Swartz,174,"Kalamazoo City, Precinct 7",352
8,DEM Representative in State Legislature District 41,3,Write-in,174,"Kalamazoo City, Precinct 7",1
8,DEM Representative in State Legislature District 41,0,Over Votes,174,"Kalamazoo City, Precinct 7",0
8,DEM Representative in State Legislature District 41,0,Under Votes,174,"Kalamazoo City, Precinct 7",28
8,DEM Representative in State Legislature District 41,1,Jen Strebs,177,"Kalamazoo City, Precinct 8",331
8,DEM Representative in State Legislature District 41,2,Jessica Swartz,177,"Kalamazoo City, Precinct 8",209
8,DEM Representative in State Legislature District 41,3,Write-in,177,"Kalamazoo City, Precinct 8",2
8,DEM Representative in State Legislature District 41,0,Over Votes,177,"Kalamazoo City, Precinct 8",0
8,DEM Representative in State Legislature District 41,0,Under Votes,177,"Kalamazoo City, Precinct 8",18
8,DEM Representative in State Legislature District 41,1,Jen Strebs,180,"Kalamazoo City, Precinct 9",606
8,DEM Representative in State Legislature District 41,2,Jessica Swartz,180,"Kalamazoo City, Precinct 9",491
8,DEM Representative in State Legislature District 41,3,Write-in,180,"Kalamazoo City, Precinct 9",1
8,DEM Representative in State Legislature District 41,0,Over Votes,180,"Kalamazoo City, Precinct 9",1
8,DEM Representative in State Legislature District 41,0,Under Votes,180,"Kalamazoo City, Precinct 9",54
8,DEM Representative in State Legislature District 41,1,Jen Strebs,102,"Kalamazoo City, Precinct 10",231
8,DEM Representative in State Legislature District 41,2,Jessica Swartz,102,"Kalamazoo City, Precinct 10",239
8,DEM Representative in State Legislature District 41,3,Write-in,102,"Kalamazoo City, Precinct 10",8
8,DEM Representative in State Legislature District 41,0,Over Votes,102,"Kalamazoo City, Precinct 10",2
8,DEM Representative in State Legislature District 41,0,Under Votes,102,"Kalamazoo City, Precinct 10",34
8,DEM Representative in State Legislature District 41,1,Jen Strebs,105,"Kalamazoo City, Precinct 11",112
8,DEM Representative in State Legislature District 41,2,Jessica Swartz,105,"Kalamazoo City, Precinct 11",150
8,DEM Representative in State Legislature District 41,3,Write-in,105,"Kalamazoo City, Precinct 11",1
8,DEM Representative in State Legislature District 41,0,Over Votes,105,"Kalamazoo City, Precinct 11",1
8,DEM Representative in State Legislature District 41,0,Under Votes,105,"Kalamazoo City, Precinct 11",15
8,DEM Representative in State Legislature District 41,1,Jen Strebs,108,"Kalamazoo City, Precinct 12",395
8,DEM Representative in State Legislature District 41,2,Jessica Swartz,108,"Kalamazoo City, Precinct 12",326
8,DEM Representative in State Legislature District 41,3,Write-in,108,"Kalamazoo City, Precinct 12",1
8,DEM Representative in State Legislature District 41,0,Over Votes,108,"Kalamazoo City, Precinct 12",1
8,DEM Representative in State Legislature District 41,0,Under Votes,108,"Kalamazoo City, Precinct 12",36
8,DEM Representative in State Legislature District 41,1,Jen Strebs,111,"Kalamazoo City, Precinct 13",197
8,DEM Representative in State Legislature District 41,2,Jessica Swartz,111,"Kalamazoo City, Precinct 13",184
8,DEM Representative in State Legislature District 41,3,Write-in,111,"Kalamazoo City, Precinct 13",3
8,DEM Representative in State Legislature District 41,0,Over Votes,111,"Kalamazoo City, Precinct 13",0
8,DEM Representative in State Legislature District 41,0,Under Votes,111,"Kalamazoo City, Precinct 13",24
8,DEM Representative in State Legislature District 41,1,Jen Strebs,114,"Kalamazoo City, Precinct 14",655
8,DEM Representative in State Legislature District 41,2,Jessica Swartz,114,"Kalamazoo City, Precinct 14",569
8,DEM Representative in State Legislature District 41,3,Write-in,114,"Kalamazoo City, Precinct 14",3
8,DEM Representative in State Legislature District 41,0,Over Votes,114,"Kalamazoo City, Precinct 14",0
8,DEM Representative in State Legislature District 41,0,Under Votes,114,"Kalamazoo City, Precinct 14",70
8,DEM Representative in State Legislature District 41,1,Jen Strebs,117,"Kalamazoo City, Precinct 15",217
8,DEM Representative in State Legislature District 41,2,Jessica Swartz,117,"Kalamazoo City, Precinct 15",177
8,DEM Representative in State Legislature District 41,3,Write-in,117,"Kalamazoo City, Precinct 15",3
8,DEM Representative in State Legislature District 41,0,Over Votes,117,"Kalamazoo City, Precinct 15",0
8,DEM Representative in State Legislature District 41,0,Under Votes,117,"Kalamazoo City, Precinct 15",23
8,DEM Representative in State Legislature District 41,1,Jen Strebs,120,"Kalamazoo City, Precinct 16",376
8,DEM Representative in State Legislature District 41,2,Jessica Swartz,120,"Kalamazoo City, Precinct 16",233
8,DEM Representative in State Legislature District 41,3,Write-in,120,"Kalamazoo City, Precinct 16",5
8,DEM Representative in State Legislature District 41,0,Over Votes,120,"Kalamazoo City, Precinct 16",0
8,DEM Representative in State Legislature District 41,0,Under Votes,120,"Kalamazoo City, Precinct 16",42
8,DEM Representative in State Legislature District 41,1,Jen Strebs,123,"Kalamazoo City, Precinct 17",234
8,DEM Representative in State Legislature District 41,2,Jessica Swartz,123,"Kalamazoo City, Precinct 17",217
8,DEM Representative in State Legislature District 41,3,Write-in,123,"Kalamazoo City, Precinct 17",4
8,DEM Representative in State Legislature District 41,0,Over Votes,123,"Kalamazoo City, Precinct 17",0
8,DEM Representative in State Legislature District 41,0,Under Votes,123,"Kalamazoo City, Precinct 17",25
8,DEM Representative in State Legislature District 41,1,Jen Strebs,127,"Kalamazoo City, Precinct 18",259
8,DEM Representative in State Legislature District 41,2,Jessica Swartz,127,"Kalamazoo City, Precinct 18",194
8,DEM Representative in State Legislature District 41,3,Write-in,127,"Kalamazoo City, Precinct 18",2
8,DEM Representative in State Legislature District 41,0,Over Votes,127,"Kalamazoo City, Precinct 18",0
8,DEM Representative in State Legislature District 41,0,Under Votes,127,"Kalamazoo City, Precinct 18",30
8,DEM Representative in State Legislature District 41,1,Jen Strebs,130,"Kalamazoo City, Precinct 19",223
8,DEM Representative in State Legislature District 41,2,Jessica Swartz,130,"Kalamazoo City, Precinct 19",177
8,DEM Representative in State Legislature District 41,3,Write-in,130,"Kalamazoo City, Precinct 19",2
8,DEM Representative in State Legislature District 41,0,Over Votes,130,"Kalamazoo City, Precinct 19",0
8,DEM Representative in State Legislature District 41,0,Under Votes,130,"Kalamazoo City, Precinct 19",18
8,DEM Representative in State Legislature District 41,1,Jen Strebs,260,"Portage City, Precinct 2",115
8,DEM Representative in State Legislature District 41,2,Jessica Swartz,260,"Portage City, Precinct 2",121
8,DEM Representative in State Legislature District 41,3,Write-in,260,"Portage City, Precinct 2",0
8,DEM Representative in State Legislature District 41,0,Over Votes,260,"Portage City, Precinct 2",0
8,DEM Representative in State Legislature District 41,0,Under Votes,260,"Portage City, Precinct 2",9
9,DEM Representative in State Legislature District 42,1,Bill Korb,11,"Alamo Township, Precinct 1",91
9,DEM Representative in State Legislature District 42,2,Nick Rowe,11,"Alamo Township, Precinct 1",100
9,DEM Representative in State Legislature District 42,3,Write-in,11,"Alamo Township, Precinct 1",4
9,DEM Representative in State Legislature District 42,0,Over Votes,11,"Alamo Township, Precinct 1",0
9,DEM Representative in State Legislature District 42,0,Under Votes,11,"Alamo Township, Precinct 1",29
9,DEM Representative in State Legislature District 42,1,Bill Korb,14,"Alamo Township, Precinct 2",102
9,DEM Representative in State Legislature District 42,2,Nick Rowe,14,"Alamo Township, Precinct 2",206
9,DEM Representative in State Legislature District 42,3,Write-in,14,"Alamo Township, Precinct 2",0
9,DEM Representative in State Legislature District 42,0,Over Votes,14,"Alamo Township, Precinct 2",0
9,DEM Representative in State Legislature District 42,0,Under Votes,14,"Alamo Township, Precinct 2",44
9,DEM Representative in State Legislature District 42,1,Bill Korb,17,"Brady Charter Township, Precinct 1",115
9,DEM Representative in State Legislature District 42,2,Nick Rowe,17,"Brady Charter Township, Precinct 1",133
9,DEM Representative in State Legislature District 42,3,Write-in,17,"Brady Charter Township, Precinct 1",3
9,DEM Representative in State Legislature District 42,0,Over Votes,17,"Brady Charter Township, Precinct 1",0
9,DEM Representative in State Legislature District 42,0,Under Votes,17,"Brady Charter Township, Precinct 1",51
9,DEM Representative in State Legislature District 42,1,Bill Korb,20,"Brady Charter Township, Precinct 2",78
9,DEM Representative in State Legislature District 42,2,Nick Rowe,20,"Brady Charter Township, Precinct 2",99
9,DEM Representative in State Legislature District 42,3,Write-in,20,"Brady Charter Township, Precinct 2",0
9,DEM Representative in State Legislature District 42,0,Over Votes,20,"Brady Charter Township, Precinct 2",0
9,DEM Representative in State Legislature District 42,0,Under Votes,20,"Brady Charter Township, Precinct 2",36
9,DEM Representative in State Legislature District 42,1,Bill Korb,29,"Comstock Charter Township, Precinct 1",174
9,DEM Representative in State Legislature District 42,2,Nick Rowe,29,"Comstock Charter Township, Precinct 1",159
9,DEM Representative in State Legislature District 42,3,Write-in,29,"Comstock Charter Township, Precinct 1",1
9,DEM Representative in State Legislature District 42,0,Over Votes,29,"Comstock Charter Township, Precinct 1",0
9,DEM Representative in State Legislature District 42,0,Under Votes,29,"Comstock Charter Township, Precinct 1",47
9,DEM Representative in State Legislature District 42,1,Bill Korb,32,"Comstock Charter Township, Precinct 2",161
9,DEM Representative in State Legislature District 42,2,Nick Rowe,32,"Comstock Charter Township, Precinct 2",198
9,DEM Representative in State Legislature District 42,3,Write-in,32,"Comstock Charter Township, Precinct 2",2
9,DEM Representative in State Legislature District 42,0,Over Votes,32,"Comstock Charter Township, Precinct 2",0
9,DEM Representative in State Legislature District 42,0,Under Votes,32,"Comstock Charter Township, Precinct 2",35
9,DEM Representative in State Legislature District 42,1,Bill Korb,35,"Comstock Charter Township, Precinct 3",107
9,DEM Representative in State Legislature District 42,2,Nick Rowe,35,"Comstock Charter Township, Precinct 3",141
9,DEM Representative in State Legislature District 42,3,Write-in,35,"Comstock Charter Township, Precinct 3",2
9,DEM Representative in State Legislature District 42,0,Over Votes,35,"Comstock Charter Township, Precinct 3",1
9,DEM Representative in State Legislature District 42,0,Under Votes,35,"Comstock Charter Township, Precinct 3",34
9,DEM Representative in State Legislature District 42,1,Bill Korb,38,"Comstock Charter Township, Precinct 4",112
9,DEM Representative in State Legislature District 42,2,Nick Rowe,38,"Comstock Charter Township, Precinct 4",178
9,DEM Representative in State Legislature District 42,3,Write-in,38,"Comstock Charter Township, Precinct 4",4
9,DEM Representative in State Legislature District 42,0,Over Votes,38,"Comstock Charter Township, Precinct 4",0
9,DEM Representative in State Legislature District 42,0,Under Votes,38,"Comstock Charter Township, Precinct 4",46
9,DEM Representative in State Legislature District 42,1,Bill Korb,41,"Comstock Charter Township, Precinct 5",297
9,DEM Representative in State Legislature District 42,2,Nick Rowe,41,"Comstock Charter Township, Precinct 5",320
9,DEM Representative in State Legislature District 42,3,Write-in,41,"Comstock Charter Township, Precinct 5",4
9,DEM Representative in State Legislature District 42,0,Over Votes,41,"Comstock Charter Township, Precinct 5",0
9,DEM Representative in State Legislature District 42,0,Under Votes,41,"Comstock Charter Township, Precinct 5",87
9,DEM Representative in State Legislature District 42,1,Bill Korb,44,"Comstock Charter Township, Precinct 6",127
9,DEM Representative in State Legislature District 42,2,Nick Rowe,44,"Comstock Charter Township, Precinct 6",178
9,DEM Representative in State Legislature District 42,3,Write-in,44,"Comstock Charter Township, Precinct 6",0
9,DEM Representative in State Legislature District 42,0,Over Votes,44,"Comstock Charter Township, Precinct 6",0
9,DEM Representative in State Legislature District 42,0,Under Votes,44,"Comstock Charter Township, Precinct 6",33
9,DEM Representative in State Legislature District 42,1,Bill Korb,50,"Cooper Charter Township, Precinct 1",73
9,DEM Representative in State Legislature District 42,2,Nick Rowe,50,"Cooper Charter Township, Precinct 1",136
9,DEM Representative in State Legislature District 42,3,Write-in,50,"Cooper Charter Township, Precinct 1",1
9,DEM Representative in State Legislature District 42,0,Over Votes,50,"Cooper Charter Township, Precinct 1",0
9,DEM Representative in State Legislature District 42,0,Under Votes,50,"Cooper Charter Township, Precinct 1",35
9,DEM Representative in State Legislature District 42,1,Bill Korb,54,"Cooper Charter Township, Precinct 2",88
9,DEM Representative in State Legislature District 42,2,Nick Rowe,54,"Cooper Charter Township, Precinct 2",168
9,DEM Representative in State Legislature District 42,3,Write-in,54,"Cooper Charter Township, Precinct 2",0
9,DEM Representative in State Legislature District 42,0,Over Votes,54,"Cooper Charter Township, Precinct 2",0
9,DEM Representative in State Legislature District 42,0,Under Votes,54,"Cooper Charter Township, Precinct 2",36
9,DEM Representative in State Legislature District 42,1,Bill Korb,58,"Cooper Charter Township, Precinct 3",279
9,DEM Representative in State Legislature District 42,2,Nick Rowe,58,"Cooper Charter Township, Precinct 3",332
9,DEM Representative in State Legislature District 42,3,Write-in,58,"Cooper Charter Township, Precinct 3",8
9,DEM Representative in State Legislature District 42,0,Over Votes,58,"Cooper Charter Township, Precinct 3",0
9,DEM Representative in State Legislature District 42,0,Under Votes,58,"Cooper Charter Township, Precinct 3",64
9,DEM Representative in State Legislature District 42,1,Bill Korb,62,"Cooper Charter Township, Precinct 4",158
9,DEM Representative in State Legislature District 42,2,Nick Rowe,62,"Cooper Charter Township, Precinct 4",266
9,DEM Representative in State Legislature District 42,3,Write-in,62,"Cooper Charter Township, Precinct 4",1
9,DEM Representative in State Legislature District 42,0,Over Votes,62,"Cooper Charter Township, Precinct 4",0
9,DEM Representative in State Legislature District 42,0,Under Votes,62,"Cooper Charter Township, Precinct 4",58
9,DEM Representative in State Legislature District 42,1,Bill Korb,66,"Galesburg City, Precinct 1",79
9,DEM Representative in State Legislature District 42,2,Nick Rowe,66,"Galesburg City, Precinct 1",78
9,DEM Representative in State Legislature District 42,3,Write-in,66,"Galesburg City, Precinct 1",0
9,DEM Representative in State Legislature District 42,0,Over Votes,66,"Galesburg City, Precinct 1",0
9,DEM Representative in State Legislature District 42,0,Under Votes,66,"Galesburg City, Precinct 1",0
9,DEM Representative in State Legislature District 42,1,Bill Korb,75,"Kalamazoo Charter Township, Precinct 2",232
9,DEM Representative in State Legislature District 42,2,Nick Rowe,75,"Kalamazoo Charter Township, Precinct 2",359
9,DEM Representative in State Legislature District 42,3,Write-in,75,"Kalamazoo Charter Township, Precinct 2",9
9,DEM Representative in State Legislature District 42,0,Over Votes,75,"Kalamazoo Charter Township, Precinct 2",0
9,DEM Representative in State Legislature District 42,0,Under Votes,75,"Kalamazoo Charter Township, Precinct 2",75
9,DEM Representative in State Legislature District 42,1,Bill Korb,183,"Oshtemo Charter Township, Precinct 1",129
9,DEM Representative in State Legislature District 42,2,Nick Rowe,183,"Oshtemo Charter Township, Precinct 1",145
9,DEM Representative in State Legislature District 42,3,Write-in,183,"Oshtemo Charter Township, Precinct 1",2
9,DEM Representative in State Legislature District 42,0,Over Votes,183,"Oshtemo Charter Township, Precinct 1",0
9,DEM Representative in State Legislature District 42,0,Under Votes,183,"Oshtemo Charter Township, Precinct 1",61
9,DEM Representative in State Legislature District 42,1,Bill Korb,213,"Parchment City, Precinct 1",126
9,DEM Representative in State Legislature District 42,2,Nick Rowe,213,"Parchment City, Precinct 1",147
9,DEM Representative in State Legislature District 42,3,Write-in,213,"Parchment City, Precinct 1",2
9,DEM Representative in State Legislature District 42,0,Over Votes,213,"Parchment City, Precinct 1",0
9,DEM Representative in State Legislature District 42,0,Under Votes,213,"Parchment City, Precinct 1",47
9,DEM Representative in State Legislature District 42,1,Bill Korb,216,"Charter Township of Pavilion, Precinct 1",146
9,DEM Representative in State Legislature District 42,2,Nick Rowe,216,"Charter Township of Pavilion, Precinct 1",182
9,DEM Representative in State Legislature District 42,3,Write-in,216,"Charter Township of Pavilion, Precinct 1",1
9,DEM Representative in State Legislature District 42,0,Over Votes,216,"Charter Township of Pavilion, Precinct 1",0
9,DEM Representative in State Legislature District 42,0,Under Votes,216,"Charter Township of Pavilion, Precinct 1",60
9,DEM Representative in State Legislature District 42,1,Bill Korb,219,"Charter Township of Pavilion, Precinct 2",55
9,DEM Representative in State Legislature District 42,2,Nick Rowe,219,"Charter Township of Pavilion, Precinct 2",84
9,DEM Representative in State Legislature District 42,3,Write-in,219,"Charter Township of Pavilion, Precinct 2",0
9,DEM Representative in State Legislature District 42,0,Over Votes,219,"Charter Township of Pavilion, Precinct 2",0
9,DEM Representative in State Legislature District 42,0,Under Votes,219,"Charter Township of Pavilion, Precinct 2",23
9,DEM Representative in State Legislature District 42,1,Bill Korb,222,"Charter Township of Pavilion, Precinct 3",92
9,DEM Representative in State Legislature District 42,2,Nick Rowe,222,"Charter Township of Pavilion, Precinct 3",119
9,DEM Representative in State Legislature District 42,3,Write-in,222,"Charter Township of Pavilion, Precinct 3",4
9,DEM Representative in State Legislature District 42,0,Over Votes,222,"Charter Township of Pavilion, Precinct 3",0
9,DEM Representative in State Legislature District 42,0,Under Votes,222,"Charter Township of Pavilion, Precinct 3",35
9,DEM Representative in State Legislature District 42,1,Bill Korb,286,"Prairie Ronde Township, Precinct 1",90
9,DEM Representative in State Legislature District 42,2,Nick Rowe,286,"Prairie Ronde Township, Precinct 1",192
9,DEM Representative in State Legislature District 42,3,Write-in,286,"Prairie Ronde Township, Precinct 1",1
9,DEM Representative in State Legislature District 42,0,Over Votes,286,"Prairie Ronde Township, Precinct 1",0
9,DEM Representative in State Legislature District 42,0,Under Votes,286,"Prairie Ronde Township, Precinct 1",61
9,DEM Representative in State Legislature District 42,1,Bill Korb,290,"Richland Township, Precinct 1",250
9,DEM Representative in State Legislature District 42,2,Nick Rowe,290,"Richland Township, Precinct 1",329
9,DEM Representative in State Legislature District 42,3,Write-in,290,"Richland Township, Precinct 1",3
9,DEM Representative in State Legislature District 42,0,Over Votes,290,"Richland Township, Precinct 1",0
9,DEM Representative in State Legislature District 42,0,Under Votes,290,"Richland Township, Precinct 1",64
9,DEM Representative in State Legislature District 42,1,Bill Korb,293,"Richland Township, Precinct 2",242
9,DEM Representative in State Legislature District 42,2,Nick Rowe,293,"Richland Township, Precinct 2",455
9,DEM Representative in State Legislature District 42,3,Write-in,293,"Richland Township, Precinct 2",1
9,DEM Representative in State Legislature District 42,0,Over Votes,293,"Richland Township, Precinct 2",0
9,DEM Representative in State Legislature District 42,0,Under Votes,293,"Richland Township, Precinct 2",106
9,DEM Representative in State Legislature District 42,1,Bill Korb,299,"Ross Township, Precinct 1",149
9,DEM Representative in State Legislature District 42,2,Nick Rowe,299,"Ross Township, Precinct 1",200
9,DEM Representative in State Legislature District 42,3,Write-in,299,"Ross Township, Precinct 1",2
9,DEM Representative in State Legislature District 42,0,Over Votes,299,"Ross Township, Precinct 1",1
9,DEM Representative in State Legislature District 42,0,Under Votes,299,"Ross Township, Precinct 1",39
9,DEM Representative in State Legislature District 42,1,Bill Korb,302,"Ross Township, Precinct 2",137
9,DEM Representative in State Legislature District 42,2,Nick Rowe,302,"Ross Township, Precinct 2",257
9,DEM Representative in State Legislature District 42,3,Write-in,302,"Ross Township, Precinct 2",2
9,DEM Representative in State Legislature District 42,0,Over Votes,302,"Ross Township, Precinct 2",0
9,DEM Representative in State Legislature District 42,0,Under Votes,302,"Ross Township, Precinct 2",72
9,DEM Representative in State Legislature District 42,1,Bill Korb,305,"Schoolcraft Township, Precinct 1",113
9,DEM Representative in State Legislature District 42,2,Nick Rowe,305,"Schoolcraft Township, Precinct 1",150
9,DEM Representative in State Legislature District 42,3,Write-in,305,"Schoolcraft Township, Precinct 1",2
9,DEM Representative in State Legislature District 42,0,Over Votes,305,"Schoolcraft Township, Precinct 1",0
9,DEM Representative in State Legislature District 42,0,Under Votes,305,"Schoolcraft Township, Precinct 1",51
9,DEM Representative in State Legislature District 42,1,Bill Korb,308,"Schoolcraft Township, Precinct 2",64
9,DEM Representative in State Legislature District 42,2,Nick Rowe,308,"Schoolcraft Township, Precinct 2",114
9,DEM Representative in State Legislature District 42,3,Write-in,308,"Schoolcraft Township, Precinct 2",1
9,DEM Representative in State Legislature District 42,0,Over Votes,308,"Schoolcraft Township, Precinct 2",0
9,DEM Representative in State Legislature District 42,0,Under Votes,308,"Schoolcraft Township, Precinct 2",12
9,DEM Representative in State Legislature District 42,1,Bill Korb,311,"Schoolcraft Township, Precinct 3",264
9,DEM Representative in State Legislature District 42,2,Nick Rowe,311,"Schoolcraft Township, Precinct 3",265
9,DEM Representative in State Legislature District 42,3,Write-in,311,"Schoolcraft Township, Precinct 3",3
9,DEM Representative in State Legislature District 42,0,Over Votes,311,"Schoolcraft Township, Precinct 3",0
9,DEM Representative in State Legislature District 42,0,Under Votes,311,"Schoolcraft Township, Precinct 3",60
9,DEM Representative in State Legislature District 42,1,Bill Korb,314,"Schoolcraft Township, Precinct 4",68
9,DEM Representative in State Legislature District 42,2,Nick Rowe,314,"Schoolcraft Township, Precinct 4",143
9,DEM Representative in State Legislature District 42,3,Write-in,314,"Schoolcraft Township, Precinct 4",2
9,DEM Representative in State Legislature District 42,0,Over Votes,314,"Schoolcraft Township, Precinct 4",0
9,DEM Representative in State Legislature District 42,0,Under Votes,314,"Schoolcraft Township, Precinct 4",41
10,DEM Representative in State Legislature District 45,1,Randy Davis,23,"Charleston Township, Precinct 1",210
10,DEM Representative in State Legislature District 45,2,Write-in,23,"Charleston Township, Precinct 1",2
10,DEM Representative in State Legislature District 45,0,Over Votes,23,"Charleston Township, Precinct 1",0
10,DEM Representative in State Legislature District 45,0,Under Votes,23,"Charleston Township, Precinct 1",42
10,DEM Representative in State Legislature District 45,1,Randy Davis,26,"Climax Township, Precinct 1",234
10,DEM Representative in State Legislature District 45,2,Write-in,26,"Climax Township, Precinct 1",1
10,DEM Representative in State Legislature District 45,0,Over Votes,26,"Climax Township, Precinct 1",0
10,DEM Representative in State Legislature District 45,0,Under Votes,26,"Climax Township, Precinct 1",35
10,DEM Representative in State Legislature District 45,1,Randy Davis,336,"Wakeshma Township, Precinct 1",78
10,DEM Representative in State Legislature District 45,2,Write-in,336,"Wakeshma Township, Precinct 1",0
10,DEM Representative in State Legislature District 45,0,Over Votes,336,"Wakeshma Township, Precinct 1",0
10,DEM Representative in State Legislature District 45,0,Under Votes,336,"Wakeshma Township, Precinct 1",17
11,DEM Treasurer Kalamazoo Charter Township,1,Clara D Robinson,69,"Kalamazoo Charter Township, Precinct 1",54
11,DEM Treasurer Kalamazoo Charter Township,2,Write-in,69,"Kalamazoo Charter Township, Precinct 1",0
11,DEM Treasurer Kalamazoo Charter Township,0,Over Votes,69,"Kalamazoo Charter Township, Precinct 1",0
11,DEM Treasurer Kalamazoo Charter Township,0,Under Votes,69,"Kalamazoo Charter Township, Precinct 1",11
11,DEM Treasurer Kalamazoo Charter Township,1,Clara D Robinson,75,"Kalamazoo Charter Township, Precinct 2",796
11,DEM Treasurer Kalamazoo Charter Township,2,Write-in,75,"Kalamazoo Charter Township, Precinct 2",12
11,DEM Treasurer Kalamazoo Charter Township,0,Over Votes,75,"Kalamazoo Charter Township, Precinct 2",0
11,DEM Treasurer Kalamazoo Charter Township,0,Under Votes,75,"Kalamazoo Charter Township, Precinct 2",122
11,DEM Treasurer Kalamazoo Charter Township,1,Clara D Robinson,78,"Kalamazoo Charter Township, Precinct 3",1070
11,DEM Treasurer Kalamazoo Charter Township,2,Write-in,78,"Kalamazoo Charter Township, Precinct 3",10
11,DEM Treasurer Kalamazoo Charter Township,0,Over Votes,78,"Kalamazoo Charter Township, Precinct 3",0
11,DEM Treasurer Kalamazoo Charter Township,0,Under Votes,78,"Kalamazoo Charter Township, Precinct 3",159
11,DEM Treasurer Kalamazoo Charter Township,1,Clara D Robinson,81,"Kalamazoo Charter Township, Precinct 4",963
11,DEM Treasurer Kalamazoo Charter Township,2,Write-in,81,"Kalamazoo Charter Township, Precinct 4",6
11,DEM Treasurer Kalamazoo Charter Township,0,Over Votes,81,"Kalamazoo Charter Township, Precinct 4",0
11,DEM Treasurer Kalamazoo Charter Township,0,Under Votes,81,"Kalamazoo Charter Township, Precinct 4",185
11,DEM Treasurer Kalamazoo Charter Township,1,Clara D Robinson,84,"Kalamazoo Charter Township, Precinct 5",362
11,DEM Treasurer Kalamazoo Charter Township,2,Write-in,84,"Kalamazoo Charter Township, Precinct 5",2
11,DEM Treasurer Kalamazoo Charter Township,0,Over Votes,84,"Kalamazoo Charter Township, Precinct 5",0
11,DEM Treasurer Kalamazoo Charter Township,0,Under Votes,84,"Kalamazoo Charter Township, Precinct 5",44
11,DEM Treasurer Kalamazoo Charter Township,1,Clara D Robinson,87,"Kalamazoo Charter Township, Precinct 6",566
11,DEM Treasurer Kalamazoo Charter Township,2,Write-in,87,"Kalamazoo Charter Township, Precinct 6",5
11,DEM Treasurer Kalamazoo Charter Township,0,Over Votes,87,"Kalamazoo Charter Township, Precinct 6",1
11,DEM Treasurer Kalamazoo Charter Township,0,Under Votes,87,"Kalamazoo Charter Township, Precinct 6",64
12,"DEM Trustee Kalamazoo Charter Township ",1,Jalen Gibson,69,"Kalamazoo Charter Township, Precinct 1",23
12,"DEM Trustee Kalamazoo Charter Township ",2,Donald Martin,69,"Kalamazoo Charter Township, Precinct 1",18
12,"DEM Trustee Kalamazoo Charter Township ",3,Michael Prather,69,"Kalamazoo Charter Township, Precinct 1",14
12,"DEM Trustee Kalamazoo Charter Township ",4,Write-in,69,"Kalamazoo Charter Township, Precinct 1",0
12,"DEM Trustee Kalamazoo Charter Township ",0,Over Votes,69,"Kalamazoo Charter Township, Precinct 1",0
12,"DEM Trustee Kalamazoo Charter Township ",0,Under Votes,69,"Kalamazoo Charter Township, Precinct 1",10
12,"DEM Trustee Kalamazoo Charter Township ",1,Jalen Gibson,75,"Kalamazoo Charter Township, Precinct 2",340
12,"DEM Trustee Kalamazoo Charter Township ",2,Donald Martin,75,"Kalamazoo Charter Township, Precinct 2",215
12,"DEM Trustee Kalamazoo Charter Township ",3,Michael Prather,75,"Kalamazoo Charter Township, Precinct 2",216
12,"DEM Trustee Kalamazoo Charter Township ",4,Write-in,75,"Kalamazoo Charter Township, Precinct 2",12
12,"DEM Trustee Kalamazoo Charter Township ",0,Over Votes,75,"Kalamazoo Charter Township, Precinct 2",0
12,"DEM Trustee Kalamazoo Charter Township ",0,Under Votes,75,"Kalamazoo Charter Township, Precinct 2",147
12,"DEM Trustee Kalamazoo Charter Township ",1,Jalen Gibson,78,"Kalamazoo Charter Township, Precinct 3",473
12,"DEM Trustee Kalamazoo Charter Township ",2,Donald Martin,78,"Kalamazoo Charter Township, Precinct 3",191
12,"DEM Trustee Kalamazoo Charter Township ",3,Michael Prather,78,"Kalamazoo Charter Township, Precinct 3",317
12,"DEM Trustee Kalamazoo Charter Township ",4,Write-in,78,"Kalamazoo Charter Township, Precinct 3",5
12,"DEM Trustee Kalamazoo Charter Township ",0,Over Votes,78,"Kalamazoo Charter Township, Precinct 3",2
12,"DEM Trustee Kalamazoo Charter Township ",0,Under Votes,78,"Kalamazoo Charter Township, Precinct 3",251
12,"DEM Trustee Kalamazoo Charter Township ",1,Jalen Gibson,81,"Kalamazoo Charter Township, Precinct 4",485
12,"DEM Trustee Kalamazoo Charter Township ",2,Donald Martin,81,"Kalamazoo Charter Township, Precinct 4",218
12,"DEM Trustee Kalamazoo Charter Township ",3,Michael Prather,81,"Kalamazoo Charter Township, Precinct 4",204
12,"DEM Trustee Kalamazoo Charter Township ",4,Write-in,81,"Kalamazoo Charter Township, Precinct 4",6
12,"DEM Trustee Kalamazoo Charter Township ",0,Over Votes,81,"Kalamazoo Charter Township, Precinct 4",8
12,"DEM Trustee Kalamazoo Charter Township ",0,Under Votes,81,"Kalamazoo Charter Township, Precinct 4",233
12,"DEM Trustee Kalamazoo Charter Township ",1,Jalen Gibson,84,"Kalamazoo Charter Township, Precinct 5",189
12,"DEM Trustee Kalamazoo Charter Township ",2,Donald Martin,84,"Kalamazoo Charter Township, Precinct 5",74
12,"DEM Trustee Kalamazoo Charter Township ",3,Michael Prather,84,"Kalamazoo Charter Township, Precinct 5",95
12,"DEM Trustee Kalamazoo Charter Township ",4,Write-in,84,"Kalamazoo Charter Township, Precinct 5",3
12,"DEM Trustee Kalamazoo Charter Township ",0,Over Votes,84,"Kalamazoo Charter Township, Precinct 5",0
12,"DEM Trustee Kalamazoo Charter Township ",0,Under Votes,84,"Kalamazoo Charter Township, Precinct 5",47
12,"DEM Trustee Kalamazoo Charter Township ",1,Jalen Gibson,87,"Kalamazoo Charter Township, Precinct 6",244
12,"DEM Trustee Kalamazoo Charter Township ",2,Donald Martin,87,"Kalamazoo Charter Township, Precinct 6",102
12,"DEM Trustee Kalamazoo Charter Township ",3,Michael Prather,87,"Kalamazoo Charter Township, Precinct 6",185
12,"DEM Trustee Kalamazoo Charter Township ",4,Write-in,87,"Kalamazoo Charter Township, Precinct 6",8
12,"DEM Trustee Kalamazoo Charter Township ",0,Over Votes,87,"Kalamazoo Charter Township, Precinct 6",1
12,"DEM Trustee Kalamazoo Charter Township ",0,Under Votes,87,"Kalamazoo Charter Township, Precinct 6",96
13,DEM Clerk Richland Township,1,Write-in,290,"Richland Township, Precinct 1",73
13,DEM Clerk Richland Township,0,Over Votes,290,"Richland Township, Precinct 1",0
13,DEM Clerk Richland Township,0,Under Votes,290,"Richland Township, Precinct 1",573
13,DEM Clerk Richland Township,1,Write-in,293,"Richland Township, Precinct 2",95
13,DEM Clerk Richland Township,0,Over Votes,293,"Richland Township, Precinct 2",0
13,DEM Clerk Richland Township,0,Under Votes,293,"Richland Township, Precinct 2",709
14,DEM Treasurer Richland Township,1,Write-in,290,"Richland Township, Precinct 1",67
14,DEM Treasurer Richland Township,0,Over Votes,290,"Richland Township, Precinct 1",0
14,DEM Treasurer Richland Township,0,Under Votes,290,"Richland Township, Precinct 1",579
14,DEM Treasurer Richland Township,1,Write-in,293,"Richland Township, Precinct 2",87
14,DEM Treasurer Richland Township,0,Over Votes,293,"Richland Township, Precinct 2",0
14,DEM Treasurer Richland Township,0,Under Votes,293,"Richland Township, Precinct 2",717
15,"DEM Delegate to County Convention Alamo Township, Precinct 1",1,Write-in,11,"Alamo Township, Precinct 1",6
15,"DEM Delegate to County Convention Alamo Township, Precinct 1",0,Over Votes,11,"Alamo Township, Precinct 1",0
15,"DEM Delegate to County Convention Alamo Township, Precinct 1",0,Under Votes,11,"Alamo Township, Precinct 1",442
16,"DEM Delegate to County Convention Alamo Township, Precinct 2",1,Write-in,14,"Alamo Township, Precinct 2",5
16,"DEM Delegate to County Convention Alamo Township, Precinct 2",0,Over Votes,14,"Alamo Township, Precinct 2",0
16,"DEM Delegate to County Convention Alamo Township, Precinct 2",0,Under Votes,14,"Alamo Township, Precinct 2",1051
17,"DEM Delegate to County Convention Brady Charter Township, Precinct 1",1,Write-in,17,"Brady Charter Township, Precinct 1",23
17,"DEM Delegate to County Convention Brady Charter Township, Precinct 1",0,Over Votes,17,"Brady Charter Township, Precinct 1",0
17,"DEM Delegate to County Convention Brady Charter Township, Precinct 1",0,Under Votes,17,"Brady Charter Township, Precinct 1",1185
18,"DEM Delegate to County Convention Brady Charter Township, Precinct 2",1,Write-in,20,"Brady Charter Township, Precinct 2",10
18,"DEM Delegate to County Convention Brady Charter Township, Precinct 2",0,Over Votes,20,"Brady Charter Township, Precinct 2",0
18,"DEM Delegate to County Convention Brady Charter Township, Precinct 2",0,Under Votes,20,"Brady Charter Township, Precinct 2",416
19,"DEM Delegate to County Convention Charleston Township, Precinct 1",1,Thomas Bradley Kent,23,"Charleston Township, Precinct 1",208
19,"DEM Delegate to County Convention Charleston Township, Precinct 1",2,Write-in,23,"Charleston Township, Precinct 1",2
19,"DEM Delegate to County Convention Charleston Township, Precinct 1",0,Over Votes,23,"Charleston Township, Precinct 1",0
19,"DEM Delegate to County Convention Charleston Township, Precinct 1",0,Under Votes,23,"Charleston Township, Precinct 1",552
20,"DEM Delegate to County Convention Climax Township, Precinct 1",1,Write-in,26,"Climax Township, Precinct 1",22
20,"DEM Delegate to County Convention Climax Township, Precinct 1",0,Over Votes,26,"Climax Township, Precinct 1",0
20,"DEM Delegate to County Convention Climax Township, Precinct 1",0,Under Votes,26,"Climax Township, Precinct 1",248
21,"DEM Delegate to County Convention Comstock Charter Township, Precinct 1",1,Write-in,29,"Comstock Charter Township, Precinct 1",8
21,"DEM Delegate to County Convention Comstock Charter Township, Precinct 1",0,Over Votes,29,"Comstock Charter Township, Precinct 1",0
21,"DEM Delegate to County Convention Comstock Charter Township, Precinct 1",0,Under Votes,29,"Comstock Charter Township, Precinct 1",2278
22,"DEM Delegate to County Convention Comstock Charter Township, Precinct 2",1,Jeffrey L Ampey,32,"Comstock Charter Township, Precinct 2",349
22,"DEM Delegate to County Convention Comstock Charter Township, Precinct 2",2,Write-in,32,"Comstock Charter Township, Precinct 2",4
22,"DEM Delegate to County Convention Comstock Charter Township, Precinct 2",0,Over Votes,32,"Comstock Charter Township, Precinct 2",0
22,"DEM Delegate to County Convention Comstock Charter Township, Precinct 2",0,Under Votes,32,"Comstock Charter Township, Precinct 2",1231
23,"DEM Delegate to County Convention Comstock Charter Township, Precinct 3",1,Write-in,35,"Comstock Charter Township, Precinct 3",24
23,"DEM Delegate to County Convention Comstock Charter Township, Precinct 3",0,Over Votes,35,"Comstock Charter Township, Precinct 3",0
23,"DEM Delegate to County Convention Comstock Charter Township, Precinct 3",0,Under Votes,35,"Comstock Charter Township, Precinct 3",1401
24,"DEM Delegate to County Convention Comstock Charter Township, Precinct 4",1,Write-in,38,"Comstock Charter Township, Precinct 4",9
24,"DEM Delegate to County Convention Comstock Charter Township, Precinct 4",0,Over Votes,38,"Comstock Charter Township, Precinct 4",0
24,"DEM Delegate to County Convention Comstock Charter Township, Precinct 4",0,Under Votes,38,"Comstock Charter Township, Precinct 4",1691
25,"DEM Delegate to County Convention Comstock Charter Township, Precinct 5",1,Jennifer M Burnett,41,"Comstock Charter Township, Precinct 5",609
25,"DEM Delegate to County Convention Comstock Charter Township, Precinct 5",2,Write-in,41,"Comstock Charter Township, Precinct 5",11
25,"DEM Delegate to County Convention Comstock Charter Township, Precinct 5",0,Over Votes,41,"Comstock Charter Township, Precinct 5",0
25,"DEM Delegate to County Convention Comstock Charter Township, Precinct 5",0,Under Votes,41,"Comstock Charter Township, Precinct 5",5752
26,"DEM Delegate to County Convention Comstock Charter Township, Precinct 6",1,Heather Ricketts,44,"Comstock Charter Township, Precinct 6",290
26,"DEM Delegate to County Convention Comstock Charter Township, Precinct 6",2,Write-in,44,"Comstock Charter Township, Precinct 6",3
26,"DEM Delegate to County Convention Comstock Charter Township, Precinct 6",0,Over Votes,44,"Comstock Charter Township, Precinct 6",0
26,"DEM Delegate to County Convention Comstock Charter Township, Precinct 6",0,Under Votes,44,"Comstock Charter Township, Precinct 6",721
27,"DEM Delegate to County Convention Cooper Charter Township, Precinct 1",1,Cristine Wiles,50,"Cooper Charter Township, Precinct 1",211
27,"DEM Delegate to County Convention Cooper Charter Township, Precinct 1",2,Write-in,50,"Cooper Charter Township, Precinct 1",2
27,"DEM Delegate to County Convention Cooper Charter Township, Precinct 1",0,Over Votes,50,"Cooper Charter Township, Precinct 1",0
27,"DEM Delegate to County Convention Cooper Charter Township, Precinct 1",0,Under Votes,50,"Cooper Charter Township, Precinct 1",522
28,"DEM Delegate to County Convention Cooper Charter Township, Precinct 2",1,Write-in,54,"Cooper Charter Township, Precinct 2",1
28,"DEM Delegate to County Convention Cooper Charter Township, Precinct 2",0,Over Votes,54,"Cooper Charter Township, Precinct 2",0
28,"DEM Delegate to County Convention Cooper Charter Township, Precinct 2",0,Under Votes,54,"Cooper Charter Township, Precinct 2",1167
29,"DEM Delegate to County Convention Cooper Charter Township, Precinct 3",1,Izrial Glick,58,"Cooper Charter Township, Precinct 3",571
29,"DEM Delegate to County Convention Cooper Charter Township, Precinct 3",2,Write-in,58,"Cooper Charter Township, Precinct 3",21
29,"DEM Delegate to County Convention Cooper Charter Township, Precinct 3",0,Over Votes,58,"Cooper Charter Township, Precinct 3",0
29,"DEM Delegate to County Convention Cooper Charter Township, Precinct 3",0,Under Votes,58,"Cooper Charter Township, Precinct 3",2823
30,"DEM Delegate to County Convention Cooper Charter Township, Precinct 4",1,G Kentaro Batai,62,"Cooper Charter Township, Precinct 4",305
30,"DEM Delegate to County Convention Cooper Charter Township, Precinct 4",2,Andy Davis,62,"Cooper Charter Township, Precinct 4",312
30,"DEM Delegate to County Convention Cooper Charter Township, Precinct 4",3,George L Hebben,62,"Cooper Charter Township, Precinct 4",306
30,"DEM Delegate to County Convention Cooper Charter Township, Precinct 4",4,Helen Hebben,62,"Cooper Charter Township, Precinct 4",327
30,"DEM Delegate to County Convention Cooper Charter Township, Precinct 4",5,Michelle Timmerman-Davis,62,"Cooper Charter Township, Precinct 4",328
30,"DEM Delegate to County Convention Cooper Charter Township, Precinct 4",6,Write-in,62,"Cooper Charter Township, Precinct 4",1
30,"DEM Delegate to County Convention Cooper Charter Township, Precinct 4",0,Over Votes,62,"Cooper Charter Township, Precinct 4",0
30,"DEM Delegate to County Convention Cooper Charter Township, Precinct 4",0,Under Votes,62,"Cooper Charter Township, Precinct 4",836
31,"DEM Delegate to County Convention Galesburg City, Precinct 1",1,Write-in,66,"Galesburg City, Precinct 1",5
31,"DEM Delegate to County Convention Galesburg City, Precinct 1",0,Over Votes,66,"Galesburg City, Precinct 1",0
31,"DEM Delegate to County Convention Galesburg City, Precinct 1",0,Under Votes,66,"Galesburg City, Precinct 1",7
32,"DEM Delegate to County Convention Kalamazoo City, Precinct 2",1,Blair Gibeau,133,"Kalamazoo City, Precinct 2",164
32,"DEM Delegate to County Convention Kalamazoo City, Precinct 2",2,Jessyca J Olvera,133,"Kalamazoo City, Precinct 2",220
32,"DEM Delegate to County Convention Kalamazoo City, Precinct 2",3,Write-in,133,"Kalamazoo City, Precinct 2",11
32,"DEM Delegate to County Convention Kalamazoo City, Precinct 2",0,Over Votes,133,"Kalamazoo City, Precinct 2",0
32,"DEM Delegate to County Convention Kalamazoo City, Precinct 2",0,Under Votes,133,"Kalamazoo City, Precinct 2",1485
33,"DEM Delegate to County Convention Kalamazoo City, Precinct 3",1,R Vincent Lavieri,162,"Kalamazoo City, Precinct 3",468
33,"DEM Delegate to County Convention Kalamazoo City, Precinct 3",2,Sarah Ruggles,162,"Kalamazoo City, Precinct 3",742
33,"DEM Delegate to County Convention Kalamazoo City, Precinct 3",3,Write-in,162,"Kalamazoo City, Precinct 3",23
33,"DEM Delegate to County Convention Kalamazoo City, Precinct 3",SaraJacobs-6-,Sara Jacobs,162,"Kalamazoo City, Precinct 3",3
33,"DEM Delegate to County Convention Kalamazoo City, Precinct 3",0,Over Votes,162,"Kalamazoo City, Precinct 3",0
33,"DEM Delegate to County Convention Kalamazoo City, Precinct 3",0,Under Votes,162,"Kalamazoo City, Precinct 3",1966
34,"DEM Delegate to County Convention Kalamazoo City, Precinct 4",1,Roland Bissonnette,165,"Kalamazoo City, Precinct 4",385
34,"DEM Delegate to County Convention Kalamazoo City, Precinct 4",2,Todd Ellis,165,"Kalamazoo City, Precinct 4",447
34,"DEM Delegate to County Convention Kalamazoo City, Precinct 4",3,Write-in,165,"Kalamazoo City, Precinct 4",2
34,"DEM Delegate to County Convention Kalamazoo City, Precinct 4",0,Over Votes,165,"Kalamazoo City, Precinct 4",6
34,"DEM Delegate to County Convention Kalamazoo City, Precinct 4",0,Under Votes,165,"Kalamazoo City, Precinct 4",3510
35,"DEM Delegate to County Convention Kalamazoo City, Precinct 5",1,Emily Boyer Kohler,168,"Kalamazoo City, Precinct 5",572
35,"DEM Delegate to County Convention Kalamazoo City, Precinct 5",2,Michael Kohler,168,"Kalamazoo City, Precinct 5",441
35,"DEM Delegate to County Convention Kalamazoo City, Precinct 5",3,Write-in,168,"Kalamazoo City, Precinct 5",10
35,"DEM Delegate to County Convention Kalamazoo City, Precinct 5",0,Over Votes,168,"Kalamazoo City, Precinct 5",0
35,"DEM Delegate to County Convention Kalamazoo City, Precinct 5",0,Under Votes,168,"Kalamazoo City, Precinct 5",5273
36,"DEM Delegate to County Convention Kalamazoo City, Precinct 6",1,Write-in,171,"Kalamazoo City, Precinct 6",9
36,"DEM Delegate to County Convention Kalamazoo City, Precinct 6",0,Over Votes,171,"Kalamazoo City, Precinct 6",0
36,"DEM Delegate to County Convention Kalamazoo City, Precinct 6",0,Under Votes,171,"Kalamazoo City, Precinct 6",3585
37,"DEM Delegate to County Convention Kalamazoo City, Precinct 7",1,Write-in,174,"Kalamazoo City, Precinct 7",64
37,"DEM Delegate to County Convention Kalamazoo City, Precinct 7",0,Over Votes,174,"Kalamazoo City, Precinct 7",0
37,"DEM Delegate to County Convention Kalamazoo City, Precinct 7",0,Under Votes,174,"Kalamazoo City, Precinct 7",2168
38,"DEM Delegate to County Convention Kalamazoo City, Precinct 8",1,Write-in,177,"Kalamazoo City, Precinct 8",69
38,"DEM Delegate to County Convention Kalamazoo City, Precinct 8",0,Over Votes,177,"Kalamazoo City, Precinct 8",0
38,"DEM Delegate to County Convention Kalamazoo City, Precinct 8",0,Under Votes,177,"Kalamazoo City, Precinct 8",3851
39,"DEM Delegate to County Convention Kalamazoo City, Precinct 9",1,Beth Berglin,180,"Kalamazoo City, Precinct 9",711
39,"DEM Delegate to County Convention Kalamazoo City, Precinct 9",2,Creed A Stegall,180,"Kalamazoo City, Precinct 9",632
39,"DEM Delegate to County Convention Kalamazoo City, Precinct 9",3,Sara Ware,180,"Kalamazoo City, Precinct 9",710
39,"DEM Delegate to County Convention Kalamazoo City, Precinct 9",4,Write-in,180,"Kalamazoo City, Precinct 9",26
39,"DEM Delegate to County Convention Kalamazoo City, Precinct 9",0,Over Votes,180,"Kalamazoo City, Precinct 9",0
39,"DEM Delegate to County Convention Kalamazoo City, Precinct 9",0,Under Votes,180,"Kalamazoo City, Precinct 9",3684
40,"DEM Delegate to County Convention Kalamazoo City, Precinct 10",1,Write-in,102,"Kalamazoo City, Precinct 10",28
40,"DEM Delegate to County Convention Kalamazoo City, Precinct 10",0,Over Votes,102,"Kalamazoo City, Precinct 10",0
40,"DEM Delegate to County Convention Kalamazoo City, Precinct 10",0,Under Votes,102,"Kalamazoo City, Precinct 10",3056
41,"DEM Delegate to County Convention Kalamazoo City, Precinct 11",1,Chris Glasser,105,"Kalamazoo City, Precinct 11",238
41,"DEM Delegate to County Convention Kalamazoo City, Precinct 11",2,Write-in,105,"Kalamazoo City, Precinct 11",6
41,"DEM Delegate to County Convention Kalamazoo City, Precinct 11",0,Over Votes,105,"Kalamazoo City, Precinct 11",0
41,"DEM Delegate to County Convention Kalamazoo City, Precinct 11",0,Under Votes,105,"Kalamazoo City, Precinct 11",35
42,"DEM Delegate to County Convention Kalamazoo City, Precinct 12",1,Nancy Crowell,108,"Kalamazoo City, Precinct 12",428
42,"DEM Delegate to County Convention Kalamazoo City, Precinct 12",2,Ronald Crowell,108,"Kalamazoo City, Precinct 12",384
42,"DEM Delegate to County Convention Kalamazoo City, Precinct 12",3,Jon Hoadley,108,"Kalamazoo City, Precinct 12",499
42,"DEM Delegate to County Convention Kalamazoo City, Precinct 12",4,Matthew E Taylor,108,"Kalamazoo City, Precinct 12",359
42,"DEM Delegate to County Convention Kalamazoo City, Precinct 12",5,Marissa Wagner,108,"Kalamazoo City, Precinct 12",411
42,"DEM Delegate to County Convention Kalamazoo City, Precinct 12",6,Write-in,108,"Kalamazoo City, Precinct 12",13
42,"DEM Delegate to County Convention Kalamazoo City, Precinct 12",0,Over Votes,108,"Kalamazoo City, Precinct 12",0
42,"DEM Delegate to County Convention Kalamazoo City, Precinct 12",0,Under Votes,108,"Kalamazoo City, Precinct 12",4737
43,"DEM Delegate to County Convention Kalamazoo City, Precinct 13",1,Write-in,111,"Kalamazoo City, Precinct 13",33
43,"DEM Delegate to County Convention Kalamazoo City, Precinct 13",0,Over Votes,111,"Kalamazoo City, Precinct 13",0
43,"DEM Delegate to County Convention Kalamazoo City, Precinct 13",0,Under Votes,111,"Kalamazoo City, Precinct 13",2823
44,"DEM Delegate to County Convention Kalamazoo City, Precinct 14",1,Write-in,114,"Kalamazoo City, Precinct 14",49
44,"DEM Delegate to County Convention Kalamazoo City, Precinct 14",0,Over Votes,114,"Kalamazoo City, Precinct 14",0
44,"DEM Delegate to County Convention Kalamazoo City, Precinct 14",0,Under Votes,114,"Kalamazoo City, Precinct 14",7715
45,"DEM Delegate to County Convention Kalamazoo City, Precinct 15",1,Melissa Fish,117,"Kalamazoo City, Precinct 15",350
45,"DEM Delegate to County Convention Kalamazoo City, Precinct 15",2,Write-in,117,"Kalamazoo City, Precinct 15",2
45,"DEM Delegate to County Convention Kalamazoo City, Precinct 15",William-7-Democratic,William Reeves,117,"Kalamazoo City, Precinct 15",1
45,"DEM Delegate to County Convention Kalamazoo City, Precinct 15",0,Over Votes,117,"Kalamazoo City, Precinct 15",0
45,"DEM Delegate to County Convention Kalamazoo City, Precinct 15",0,Under Votes,117,"Kalamazoo City, Precinct 15",1747
46,"DEM Delegate to County Convention Kalamazoo City, Precinct 16",1,Shona Espinoza,120,"Kalamazoo City, Precinct 16",556
46,"DEM Delegate to County Convention Kalamazoo City, Precinct 16",2,Write-in,120,"Kalamazoo City, Precinct 16",15
46,"DEM Delegate to County Convention Kalamazoo City, Precinct 16",0,Over Votes,120,"Kalamazoo City, Precinct 16",0
46,"DEM Delegate to County Convention Kalamazoo City, Precinct 16",0,Under Votes,120,"Kalamazoo City, Precinct 16",3365
47,"DEM Delegate to County Convention Kalamazoo City, Precinct 17",1,Wendy Flora,123,"Kalamazoo City, Precinct 17",420
47,"DEM Delegate to County Convention Kalamazoo City, Precinct 17",2,Write-in,123,"Kalamazoo City, Precinct 17",3
47,"DEM Delegate to County Convention Kalamazoo City, Precinct 17",0,Over Votes,123,"Kalamazoo City, Precinct 17",0
47,"DEM Delegate to County Convention Kalamazoo City, Precinct 17",0,Under Votes,123,"Kalamazoo City, Precinct 17",57
48,"DEM Delegate to County Convention Kalamazoo City, Precinct 18",1,Raymond Karns,127,"Kalamazoo City, Precinct 18",392
48,"DEM Delegate to County Convention Kalamazoo City, Precinct 18",2,Write-in,127,"Kalamazoo City, Precinct 18",5
48,"DEM Delegate to County Convention Kalamazoo City, Precinct 18",0,Over Votes,127,"Kalamazoo City, Precinct 18",0
48,"DEM Delegate to County Convention Kalamazoo City, Precinct 18",0,Under Votes,127,"Kalamazoo City, Precinct 18",4453
49,"DEM Delegate to County Convention Kalamazoo City, Precinct 19",1,Amy Crabtree Campbell,130,"Kalamazoo City, Precinct 19",325
49,"DEM Delegate to County Convention Kalamazoo City, Precinct 19",2,Chase Platte,130,"Kalamazoo City, Precinct 19",189
49,"DEM Delegate to County Convention Kalamazoo City, Precinct 19",3,Write-in,130,"Kalamazoo City, Precinct 19",2
49,"DEM Delegate to County Convention Kalamazoo City, Precinct 19",0,Over Votes,130,"Kalamazoo City, Precinct 19",0
49,"DEM Delegate to County Convention Kalamazoo City, Precinct 19",0,Under Votes,130,"Kalamazoo City, Precinct 19",2424
50,"DEM Delegate to County Convention Kalamazoo City, Precinct 20",1,Bo Snyder,136,"Kalamazoo City, Precinct 20",373
50,"DEM Delegate to County Convention Kalamazoo City, Precinct 20",2,Jenny Snyder,136,"Kalamazoo City, Precinct 20",430
50,"DEM Delegate to County Convention Kalamazoo City, Precinct 20",3,Luke Zimmer,136,"Kalamazoo City, Precinct 20",352
50,"DEM Delegate to County Convention Kalamazoo City, Precinct 20",4,Write-in,136,"Kalamazoo City, Precinct 20",14
50,"DEM Delegate to County Convention Kalamazoo City, Precinct 20",0,Over Votes,136,"Kalamazoo City, Precinct 20",0
50,"DEM Delegate to County Convention Kalamazoo City, Precinct 20",0,Under Votes,136,"Kalamazoo City, Precinct 20",2961
51,"DEM Delegate to County Convention Kalamazoo City, Precinct 21",1,Marcella Ohs,139,"Kalamazoo City, Precinct 21",523
51,"DEM Delegate to County Convention Kalamazoo City, Precinct 21",2,Marty Newman,139,"Kalamazoo City, Precinct 21",444
51,"DEM Delegate to County Convention Kalamazoo City, Precinct 21",3,Write-in,139,"Kalamazoo City, Precinct 21",4
51,"DEM Delegate to County Convention Kalamazoo City, Precinct 21",0,Over Votes,139,"Kalamazoo City, Precinct 21",0
51,"DEM Delegate to County Convention Kalamazoo City, Precinct 21",0,Under Votes,139,"Kalamazoo City, Precinct 21",2684
52,"DEM Delegate to County Convention Kalamazoo Charter Township, Precinct 1",1,Write-in,69,"Kalamazoo Charter Township, Precinct 1",12
52,"DEM Delegate to County Convention Kalamazoo Charter Township, Precinct 1",0,Over Votes,69,"Kalamazoo Charter Township, Precinct 1",0
52,"DEM Delegate to County Convention Kalamazoo Charter Township, Precinct 1",0,Under Votes,69,"Kalamazoo Charter Township, Precinct 1",378
53,"DEM Delegate to County Convention Kalamazoo Charter Township, Precinct 2",1,Write-in,75,"Kalamazoo Charter Township, Precinct 2",133
53,"DEM Delegate to County Convention Kalamazoo Charter Township, Precinct 2",0,Over Votes,75,"Kalamazoo Charter Township, Precinct 2",0
53,"DEM Delegate to County Convention Kalamazoo Charter Township, Precinct 2",0,Under Votes,75,"Kalamazoo Charter Township, Precinct 2",7307
54,"DEM Delegate to County Convention Kalamazoo Charter Township, Precinct 3",1,Nick Click,78,"Kalamazoo Charter Township, Precinct 3",592
54,"DEM Delegate to County Convention Kalamazoo Charter Township, Precinct 3",2,Dakota Hacker,78,"Kalamazoo Charter Township, Precinct 3",635
54,"DEM Delegate to County Convention Kalamazoo Charter Township, Precinct 3",3,Alfredo Lopez-Torres,78,"Kalamazoo Charter Township, Precinct 3",711
54,"DEM Delegate to County Convention Kalamazoo Charter Township, Precinct 3",4,Write-in,78,"Kalamazoo Charter Township, Precinct 3",11
54,"DEM Delegate to County Convention Kalamazoo Charter Township, Precinct 3",0,Over Votes,78,"Kalamazoo Charter Township, Precinct 3",4
54,"DEM Delegate to County Convention Kalamazoo Charter Township, Precinct 3",0,Under Votes,78,"Kalamazoo Charter Township, Precinct 3",3003
55,"DEM Delegate to County Convention Kalamazoo Charter Township, Precinct 4",1,Mark E Miller,81,"Kalamazoo Charter Township, Precinct 4",470
55,"DEM Delegate to County Convention Kalamazoo Charter Township, Precinct 4",2,Carlos Salinas,81,"Kalamazoo Charter Township, Precinct 4",423
55,"DEM Delegate to County Convention Kalamazoo Charter Township, Precinct 4",3,Jayme Salinas,81,"Kalamazoo Charter Township, Precinct 4",484
55,"DEM Delegate to County Convention Kalamazoo Charter Township, Precinct 4",4,Write-in,81,"Kalamazoo Charter Township, Precinct 4",11
55,"DEM Delegate to County Convention Kalamazoo Charter Township, Precinct 4",0,Over Votes,81,"Kalamazoo Charter Township, Precinct 4",0
55,"DEM Delegate to County Convention Kalamazoo Charter Township, Precinct 4",0,Under Votes,81,"Kalamazoo Charter Township, Precinct 4",920
56,"DEM Delegate to County Convention Kalamazoo Charter Township, Precinct 5",1,Write-in,84,"Kalamazoo Charter Township, Precinct 5",31
56,"DEM Delegate to County Convention Kalamazoo Charter Township, Precinct 5",0,Over Votes,84,"Kalamazoo Charter Township, Precinct 5",0
56,"DEM Delegate to County Convention Kalamazoo Charter Township, Precinct 5",0,Under Votes,84,"Kalamazoo Charter Township, Precinct 5",2009
57,"DEM Delegate to County Convention Kalamazoo Charter Township, Precinct 6",1,Write-in,87,"Kalamazoo Charter Township, Precinct 6",40
57,"DEM Delegate to County Convention Kalamazoo Charter Township, Precinct 6",0,Over Votes,87,"Kalamazoo Charter Township, Precinct 6",0
57,"DEM Delegate to County Convention Kalamazoo Charter Township, Precinct 6",0,Under Votes,87,"Kalamazoo Charter Township, Precinct 6",1868
58,"DEM Delegate to County Convention Oshtemo Charter Township, Precinct 1",1,Write-in,183,"Oshtemo Charter Township, Precinct 1",21
58,"DEM Delegate to County Convention Oshtemo Charter Township, Precinct 1",0,Over Votes,183,"Oshtemo Charter Township, Precinct 1",0
58,"DEM Delegate to County Convention Oshtemo Charter Township, Precinct 1",0,Under Votes,183,"Oshtemo Charter Township, Precinct 1",1327
59,"DEM Delegate to County Convention Oshtemo Charter Township, Precinct 2",1,Write-in,189,"Oshtemo Charter Township, Precinct 2",8
59,"DEM Delegate to County Convention Oshtemo Charter Township, Precinct 2",0,Over Votes,189,"Oshtemo Charter Township, Precinct 2",0
59,"DEM Delegate to County Convention Oshtemo Charter Township, Precinct 2",0,Under Votes,189,"Oshtemo Charter Township, Precinct 2",2947
60,"DEM Delegate to County Convention Oshtemo Charter Township, Precinct 3",1,Write-in,192,"Oshtemo Charter Township, Precinct 3",7
60,"DEM Delegate to County Convention Oshtemo Charter Township, Precinct 3",0,Over Votes,192,"Oshtemo Charter Township, Precinct 3",0
60,"DEM Delegate to County Convention Oshtemo Charter Township, Precinct 3",0,Under Votes,192,"Oshtemo Charter Township, Precinct 3",3521
61,"DEM Delegate to County Convention Oshtemo Charter Township, Precinct 4",1,Write-in,195,"Oshtemo Charter Township, Precinct 4",34
61,"DEM Delegate to County Convention Oshtemo Charter Township, Precinct 4",0,Over Votes,195,"Oshtemo Charter Township, Precinct 4",0
61,"DEM Delegate to County Convention Oshtemo Charter Township, Precinct 4",0,Under Votes,195,"Oshtemo Charter Township, Precinct 4",1556
62,"DEM Delegate to County Convention Oshtemo Charter Township, Precinct 5",1,Julie Kelemen,198,"Oshtemo Charter Township, Precinct 5",616
62,"DEM Delegate to County Convention Oshtemo Charter Township, Precinct 5",2,Jeff Parsons,198,"Oshtemo Charter Township, Precinct 5",454
62,"DEM Delegate to County Convention Oshtemo Charter Township, Precinct 5",3,Write-in,198,"Oshtemo Charter Township, Precinct 5",2
62,"DEM Delegate to County Convention Oshtemo Charter Township, Precinct 5",0,Over Votes,198,"Oshtemo Charter Township, Precinct 5",0
62,"DEM Delegate to County Convention Oshtemo Charter Township, Precinct 5",0,Under Votes,198,"Oshtemo Charter Township, Precinct 5",456
63,"DEM Delegate to County Convention Oshtemo Charter Township, Precinct 6",1,Pamela Jackson,201,"Oshtemo Charter Township, Precinct 6",241
63,"DEM Delegate to County Convention Oshtemo Charter Township, Precinct 6",2,Write-in,201,"Oshtemo Charter Township, Precinct 6",0
63,"DEM Delegate to County Convention Oshtemo Charter Township, Precinct 6",0,Over Votes,201,"Oshtemo Charter Township, Precinct 6",0
63,"DEM Delegate to County Convention Oshtemo Charter Township, Precinct 6",0,Under Votes,201,"Oshtemo Charter Township, Precinct 6",313
64,"DEM Delegate to County Convention Oshtemo Charter Township, Precinct 7",1,Shawna McCaden,204,"Oshtemo Charter Township, Precinct 7",398
64,"DEM Delegate to County Convention Oshtemo Charter Township, Precinct 7",2,Write-in,204,"Oshtemo Charter Township, Precinct 7",9
64,"DEM Delegate to County Convention Oshtemo Charter Township, Precinct 7",0,Over Votes,204,"Oshtemo Charter Township, Precinct 7",0
64,"DEM Delegate to County Convention Oshtemo Charter Township, Precinct 7",0,Under Votes,204,"Oshtemo Charter Township, Precinct 7",1361
65,"DEM Delegate to County Convention Oshtemo Charter Township, Precinct 8",1,Write-in,207,"Oshtemo Charter Township, Precinct 8",17
65,"DEM Delegate to County Convention Oshtemo Charter Township, Precinct 8",0,Over Votes,207,"Oshtemo Charter Township, Precinct 8",0
65,"DEM Delegate to County Convention Oshtemo Charter Township, Precinct 8",0,Under Votes,207,"Oshtemo Charter Township, Precinct 8",883
66,"DEM Delegate to County Convention Oshtemo Charter Township, Precinct 9",1,Write-in,210,"Oshtemo Charter Township, Precinct 9",58
66,"DEM Delegate to County Convention Oshtemo Charter Township, Precinct 9",0,Over Votes,210,"Oshtemo Charter Township, Precinct 9",0
66,"DEM Delegate to County Convention Oshtemo Charter Township, Precinct 9",0,Under Votes,210,"Oshtemo Charter Township, Precinct 9",532
67,"DEM Delegate to County Convention Parchment City, Precinct 1",1,Write-in,213,"Parchment City, Precinct 1",17
67,"DEM Delegate to County Convention Parchment City, Precinct 1",0,Over Votes,213,"Parchment City, Precinct 1",0
67,"DEM Delegate to County Convention Parchment City, Precinct 1",0,Under Votes,213,"Parchment City, Precinct 1",2559
68,"DEM Delegate to County Convention Charter Township of Pavilion, Precinct 1",1,Write-in,216,"Charter Township of Pavilion, Precinct 1",9
68,"DEM Delegate to County Convention Charter Township of Pavilion, Precinct 1",0,Over Votes,216,"Charter Township of Pavilion, Precinct 1",0
68,"DEM Delegate to County Convention Charter Township of Pavilion, Precinct 1",0,Under Votes,216,"Charter Township of Pavilion, Precinct 1",4659
69,"DEM Delegate to County Convention Charter Township of Pavilion, Precinct 2",1,Write-in,219,"Charter Township of Pavilion, Precinct 2",1
69,"DEM Delegate to County Convention Charter Township of Pavilion, Precinct 2",0,Over Votes,219,"Charter Township of Pavilion, Precinct 2",0
69,"DEM Delegate to County Convention Charter Township of Pavilion, Precinct 2",0,Under Votes,219,"Charter Township of Pavilion, Precinct 2",1457
70,"DEM Delegate to County Convention Charter Township of Pavilion, Precinct 3",1,Write-in,222,"Charter Township of Pavilion, Precinct 3",17
70,"DEM Delegate to County Convention Charter Township of Pavilion, Precinct 3",0,Over Votes,222,"Charter Township of Pavilion, Precinct 3",0
70,"DEM Delegate to County Convention Charter Township of Pavilion, Precinct 3",0,Under Votes,222,"Charter Township of Pavilion, Precinct 3",733
71,"DEM Delegate to County Convention Portage City, Precinct 1",1,Write-in,226,"Portage City, Precinct 1",15
71,"DEM Delegate to County Convention Portage City, Precinct 1",0,Over Votes,226,"Portage City, Precinct 1",0
71,"DEM Delegate to County Convention Portage City, Precinct 1",0,Under Votes,226,"Portage City, Precinct 1",3300
72,"DEM Delegate to County Convention Portage City, Precinct 2",1,Write-in,260,"Portage City, Precinct 2",9
72,"DEM Delegate to County Convention Portage City, Precinct 2",0,Over Votes,260,"Portage City, Precinct 2",0
72,"DEM Delegate to County Convention Portage City, Precinct 2",0,Under Votes,260,"Portage City, Precinct 2",726
73,"DEM Delegate to County Convention Portage City, Precinct 3",1,Write-in,264,"Portage City, Precinct 3",21
73,"DEM Delegate to County Convention Portage City, Precinct 3",0,Over Votes,264,"Portage City, Precinct 3",0
73,"DEM Delegate to County Convention Portage City, Precinct 3",0,Under Votes,264,"Portage City, Precinct 3",4939
74,"DEM Delegate to County Convention Portage City, Precinct 4",1,Write-in,267,"Portage City, Precinct 4",33
74,"DEM Delegate to County Convention Portage City, Precinct 4",0,Over Votes,267,"Portage City, Precinct 4",0
74,"DEM Delegate to County Convention Portage City, Precinct 4",0,Under Votes,267,"Portage City, Precinct 4",1795
75,"DEM Delegate to County Convention Portage City, Precinct 5",1,Write-in,271,"Portage City, Precinct 5",20
75,"DEM Delegate to County Convention Portage City, Precinct 5",0,Over Votes,271,"Portage City, Precinct 5",0
75,"DEM Delegate to County Convention Portage City, Precinct 5",0,Under Votes,271,"Portage City, Precinct 5",4728
76,"DEM Delegate to County Convention Portage City, Precinct 6",1,Write-in,274,"Portage City, Precinct 6",26
76,"DEM Delegate to County Convention Portage City, Precinct 6",0,Over Votes,274,"Portage City, Precinct 6",0
76,"DEM Delegate to County Convention Portage City, Precinct 6",0,Under Votes,274,"Portage City, Precinct 6",6964
77,"DEM Delegate to County Convention Portage City, Precinct 7",1,Kathi Eckler,277,"Portage City, Precinct 7",607
77,"DEM Delegate to County Convention Portage City, Precinct 7",2,Write-in,277,"Portage City, Precinct 7",3
77,"DEM Delegate to County Convention Portage City, Precinct 7",0,Over Votes,277,"Portage City, Precinct 7",0
77,"DEM Delegate to County Convention Portage City, Precinct 7",0,Under Votes,277,"Portage City, Precinct 7",808
78,"DEM Delegate to County Convention Portage City, Precinct 8",1,Elena Breiter,280,"Portage City, Precinct 8",764
78,"DEM Delegate to County Convention Portage City, Precinct 8",2,Shane T McDonald,280,"Portage City, Precinct 8",639
78,"DEM Delegate to County Convention Portage City, Precinct 8",3,Write-in,280,"Portage City, Precinct 8",8
78,"DEM Delegate to County Convention Portage City, Precinct 8",0,Over Votes,280,"Portage City, Precinct 8",0
78,"DEM Delegate to County Convention Portage City, Precinct 8",0,Under Votes,280,"Portage City, Precinct 8",1643
79,"DEM Delegate to County Convention Portage City, Precinct 9",1,Write-in,283,"Portage City, Precinct 9",31
79,"DEM Delegate to County Convention Portage City, Precinct 9",0,Over Votes,283,"Portage City, Precinct 9",0
79,"DEM Delegate to County Convention Portage City, Precinct 9",0,Under Votes,283,"Portage City, Precinct 9",1109
80,"DEM Delegate to County Convention Portage City, Precinct 10",1,Write-in,229,"Portage City, Precinct 10",17
80,"DEM Delegate to County Convention Portage City, Precinct 10",RandallSchau-5-,Randall Schau,229,"Portage City, Precinct 10",7
80,"DEM Delegate to County Convention Portage City, Precinct 10",0,Over Votes,229,"Portage City, Precinct 10",0
80,"DEM Delegate to County Convention Portage City, Precinct 10",0,Under Votes,229,"Portage City, Precinct 10",3260
81,"DEM Delegate to County Convention Portage City, Precinct 11",1,Richard Coryell,233,"Portage City, Precinct 11",374
81,"DEM Delegate to County Convention Portage City, Precinct 11",2,Patricia Curtis,233,"Portage City, Precinct 11",484
81,"DEM Delegate to County Convention Portage City, Precinct 11",3,Write-in,233,"Portage City, Precinct 11",8
81,"DEM Delegate to County Convention Portage City, Precinct 11",0,Over Votes,233,"Portage City, Precinct 11",0
81,"DEM Delegate to County Convention Portage City, Precinct 11",0,Under Votes,233,"Portage City, Precinct 11",408
82,"DEM Delegate to County Convention Portage City, Precinct 12",1,Dusti Lynne Morton,236,"Portage City, Precinct 12",412
82,"DEM Delegate to County Convention Portage City, Precinct 12",2,Write-in,236,"Portage City, Precinct 12",2
82,"DEM Delegate to County Convention Portage City, Precinct 12",0,Over Votes,236,"Portage City, Precinct 12",0
82,"DEM Delegate to County Convention Portage City, Precinct 12",0,Under Votes,236,"Portage City, Precinct 12",532
83,"DEM Delegate to County Convention Portage City, Precinct 13",1,Write-in,239,"Portage City, Precinct 13",45
83,"DEM Delegate to County Convention Portage City, Precinct 13",0,Over Votes,239,"Portage City, Precinct 13",0
83,"DEM Delegate to County Convention Portage City, Precinct 13",0,Under Votes,239,"Portage City, Precinct 13",3547
84,"DEM Delegate to County Convention Prairie Ronde Township, Precinct 1",1,Write-in,286,"Prairie Ronde Township, Precinct 1",8
84,"DEM Delegate to County Convention Prairie Ronde Township, Precinct 1",0,Over Votes,286,"Prairie Ronde Township, Precinct 1",0
84,"DEM Delegate to County Convention Prairie Ronde Township, Precinct 1",0,Under Votes,286,"Prairie Ronde Township, Precinct 1",1368
85,"DEM Delegate to County Convention Richland Township, Precinct 1",1,Write-in,290,"Richland Township, Precinct 1",46
85,"DEM Delegate to County Convention Richland Township, Precinct 1",0,Over Votes,290,"Richland Township, Precinct 1",0
85,"DEM Delegate to County Convention Richland Township, Precinct 1",0,Under Votes,290,"Richland Township, Precinct 1",3830
86,"DEM Delegate to County Convention Richland Township, Precinct 2",1,Pat Crowley,293,"Richland Township, Precinct 2",634
86,"DEM Delegate to County Convention Richland Township, Precinct 2",2,Write-in,293,"Richland Township, Precinct 2",7
86,"DEM Delegate to County Convention Richland Township, Precinct 2",0,Over Votes,293,"Richland Township, Precinct 2",0
86,"DEM Delegate to County Convention Richland Township, Precinct 2",0,Under Votes,293,"Richland Township, Precinct 2",4183
87,"DEM Delegate to County Convention Ross Township, Precinct 1",1,Rebecca Shea,299,"Ross Township, Precinct 1",341
87,"DEM Delegate to County Convention Ross Township, Precinct 1",2,Write-in,299,"Ross Township, Precinct 1",5
87,"DEM Delegate to County Convention Ross Township, Precinct 1",0,Over Votes,299,"Ross Township, Precinct 1",0
87,"DEM Delegate to County Convention Ross Township, Precinct 1",0,Under Votes,299,"Ross Township, Precinct 1",827
88,"DEM Delegate to County Convention Ross Township, Precinct 2",1,Robert K Bullard,302,"Ross Township, Precinct 2",381
88,"DEM Delegate to County Convention Ross Township, Precinct 2",2,Write-in,302,"Ross Township, Precinct 2",8
88,"DEM Delegate to County Convention Ross Township, Precinct 2",0,Over Votes,302,"Ross Township, Precinct 2",0
88,"DEM Delegate to County Convention Ross Township, Precinct 2",0,Under Votes,302,"Ross Township, Precinct 2",1015
89,"DEM Delegate to County Convention Schoolcraft Township, Precinct 1",1,Write-in,305,"Schoolcraft Township, Precinct 1",13
89,"DEM Delegate to County Convention Schoolcraft Township, Precinct 1",0,Over Votes,305,"Schoolcraft Township, Precinct 1",0
89,"DEM Delegate to County Convention Schoolcraft Township, Precinct 1",0,Under Votes,305,"Schoolcraft Township, Precinct 1",935
90,"DEM Delegate to County Convention Schoolcraft Township, Precinct 2",1,Write-in,308,"Schoolcraft Township, Precinct 2",8
90,"DEM Delegate to County Convention Schoolcraft Township, Precinct 2",0,Over Votes,308,"Schoolcraft Township, Precinct 2",0
90,"DEM Delegate to County Convention Schoolcraft Township, Precinct 2",0,Under Votes,308,"Schoolcraft Township, Precinct 2",374
91,"DEM Delegate to County Convention Schoolcraft Township, Precinct 3",1,Michele ONeill,311,"Schoolcraft Township, Precinct 3",515
91,"DEM Delegate to County Convention Schoolcraft Township, Precinct 3",2,Write-in,311,"Schoolcraft Township, Precinct 3",2
91,"DEM Delegate to County Convention Schoolcraft Township, Precinct 3",0,Over Votes,311,"Schoolcraft Township, Precinct 3",0
91,"DEM Delegate to County Convention Schoolcraft Township, Precinct 3",0,Under Votes,311,"Schoolcraft Township, Precinct 3",2443
92,"DEM Delegate to County Convention Schoolcraft Township, Precinct 4",1,Write-in,314,"Schoolcraft Township, Precinct 4",5
92,"DEM Delegate to County Convention Schoolcraft Township, Precinct 4",0,Over Votes,314,"Schoolcraft Township, Precinct 4",0
92,"DEM Delegate to County Convention Schoolcraft Township, Precinct 4",0,Under Votes,314,"Schoolcraft Township, Precinct 4",1011
93,"DEM Delegate to County Convention Texas Charter Township, Precinct 1",1,Write-in,317,"Texas Charter Township, Precinct 1",14
93,"DEM Delegate to County Convention Texas Charter Township, Precinct 1",0,Over Votes,317,"Texas Charter Township, Precinct 1",0
93,"DEM Delegate to County Convention Texas Charter Township, Precinct 1",0,Under Votes,317,"Texas Charter Township, Precinct 1",2196
94,"DEM Delegate to County Convention Texas Charter Township, Precinct 2",1,Francis P Bilancio,320,"Texas Charter Township, Precinct 2",267
94,"DEM Delegate to County Convention Texas Charter Township, Precinct 2",2,Marie Rogers,320,"Texas Charter Township, Precinct 2",306
94,"DEM Delegate to County Convention Texas Charter Township, Precinct 2",3,Dennis B Smith,320,"Texas Charter Township, Precinct 2",262
94,"DEM Delegate to County Convention Texas Charter Township, Precinct 2",4,Paula Smith,320,"Texas Charter Township, Precinct 2",275
94,"DEM Delegate to County Convention Texas Charter Township, Precinct 2",5,Write-in,320,"Texas Charter Township, Precinct 2",4
94,"DEM Delegate to County Convention Texas Charter Township, Precinct 2",0,Over Votes,320,"Texas Charter Township, Precinct 2",0
94,"DEM Delegate to County Convention Texas Charter Township, Precinct 2",0,Under Votes,320,"Texas Charter Township, Precinct 2",682
95,"DEM Delegate to County Convention Texas Charter Township, Precinct 3",1,Write-in,323,"Texas Charter Township, Precinct 3",30
95,"DEM Delegate to County Convention Texas Charter Township, Precinct 3",0,Over Votes,323,"Texas Charter Township, Precinct 3",0
95,"DEM Delegate to County Convention Texas Charter Township, Precinct 3",0,Under Votes,323,"Texas Charter Township, Precinct 3",2090
96,"DEM Delegate to County Convention Texas Charter Township, Precinct 4",1,Write-in,326,"Texas Charter Township, Precinct 4",44
96,"DEM Delegate to County Convention Texas Charter Township, Precinct 4",0,Over Votes,326,"Texas Charter Township, Precinct 4",0
96,"DEM Delegate to County Convention Texas Charter Township, Precinct 4",0,Under Votes,326,"Texas Charter Township, Precinct 4",2221
97,"DEM Delegate to County Convention Texas Charter Township, Precinct 5",1,Write-in,329,"Texas Charter Township, Precinct 5",37
97,"DEM Delegate to County Convention Texas Charter Township, Precinct 5",0,Over Votes,329,"Texas Charter Township, Precinct 5",0
97,"DEM Delegate to County Convention Texas Charter Township, Precinct 5",0,Under Votes,329,"Texas Charter Township, Precinct 5",4943
98,"DEM Delegate to County Convention Texas Charter Township, Precinct 6",1,Write-in,333,"Texas Charter Township, Precinct 6",34
98,"DEM Delegate to County Convention Texas Charter Township, Precinct 6",0,Over Votes,333,"Texas Charter Township, Precinct 6",0
98,"DEM Delegate to County Convention Texas Charter Township, Precinct 6",0,Under Votes,333,"Texas Charter Township, Precinct 6",3261
99,"DEM Delegate to County Convention Wakeshma Township, Precinct 1",1,Write-in,336,"Wakeshma Township, Precinct 1",10
99,"DEM Delegate to County Convention Wakeshma Township, Precinct 1",0,Over Votes,336,"Wakeshma Township, Precinct 1",0
99,"DEM Delegate to County Convention Wakeshma Township, Precinct 1",0,Under Votes,336,"Wakeshma Township, Precinct 1",85
100,REP Governor,1,Mike Cox,11,"Alamo Township, Precinct 1",25
100,REP Governor,2,John James,11,"Alamo Township, Precinct 1",119
100,REP Governor,3,Perry Johnson,11,"Alamo Township, Precinct 1",97
100,REP Governor,4,Aric Nesbitt,11,"Alamo Township, Precinct 1",16
100,REP Governor,5,Write-in,11,"Alamo Township, Precinct 1",0
100,REP Governor,0,Over Votes,11,"Alamo Township, Precinct 1",0
100,REP Governor,0,Under Votes,11,"Alamo Township, Precinct 1",1
100,REP Governor,1,Mike Cox,14,"Alamo Township, Precinct 2",43
100,REP Governor,2,John James,14,"Alamo Township, Precinct 2",226
100,REP Governor,3,Perry Johnson,14,"Alamo Township, Precinct 2",123
100,REP Governor,4,Aric Nesbitt,14,"Alamo Township, Precinct 2",22
100,REP Governor,5,Write-in,14,"Alamo Township, Precinct 2",1
100,REP Governor,0,Over Votes,14,"Alamo Township, Precinct 2",0
100,REP Governor,0,Under Votes,14,"Alamo Township, Precinct 2",3
100,REP Governor,1,Mike Cox,17,"Brady Charter Township, Precinct 1",24
100,REP Governor,2,John James,17,"Brady Charter Township, Precinct 1",167
100,REP Governor,3,Perry Johnson,17,"Brady Charter Township, Precinct 1",93
100,REP Governor,4,Aric Nesbitt,17,"Brady Charter Township, Precinct 1",8
100,REP Governor,5,Write-in,17,"Brady Charter Township, Precinct 1",0
100,REP Governor,0,Over Votes,17,"Brady Charter Township, Precinct 1",0
100,REP Governor,0,Under Votes,17,"Brady Charter Township, Precinct 1",3
100,REP Governor,1,Mike Cox,20,"Brady Charter Township, Precinct 2",32
100,REP Governor,2,John James,20,"Brady Charter Township, Precinct 2",160
100,REP Governor,3,Perry Johnson,20,"Brady Charter Township, Precinct 2",123
100,REP Governor,4,Aric Nesbitt,20,"Brady Charter Township, Precinct 2",10
100,REP Governor,5,Write-in,20,"Brady Charter Township, Precinct 2",0
100,REP Governor,0,Over Votes,20,"Brady Charter Township, Precinct 2",0
100,REP Governor,0,Under Votes,20,"Brady Charter Township, Precinct 2",1
100,REP Governor,1,Mike Cox,23,"Charleston Township, Precinct 1",55
100,REP Governor,2,John James,23,"Charleston Township, Precinct 1",145
100,REP Governor,3,Perry Johnson,23,"Charleston Township, Precinct 1",85
100,REP Governor,4,Aric Nesbitt,23,"Charleston Township, Precinct 1",8
100,REP Governor,5,Write-in,23,"Charleston Township, Precinct 1",0
100,REP Governor,0,Over Votes,23,"Charleston Township, Precinct 1",1
100,REP Governor,0,Under Votes,23,"Charleston Township, Precinct 1",2
100,REP Governor,1,Mike Cox,26,"Climax Township, Precinct 1",36
100,REP Governor,2,John James,26,"Climax Township, Precinct 1",186
100,REP Governor,3,Perry Johnson,26,"Climax Township, Precinct 1",126
100,REP Governor,4,Aric Nesbitt,26,"Climax Township, Precinct 1",8
100,REP Governor,5,Write-in,26,"Climax Township, Precinct 1",1
100,REP Governor,0,Over Votes,26,"Climax Township, Precinct 1",0
100,REP Governor,0,Under Votes,26,"Climax Township, Precinct 1",4
100,REP Governor,1,Mike Cox,29,"Comstock Charter Township, Precinct 1",29
100,REP Governor,2,John James,29,"Comstock Charter Township, Precinct 1",156
100,REP Governor,3,Perry Johnson,29,"Comstock Charter Township, Precinct 1",103
100,REP Governor,4,Aric Nesbitt,29,"Comstock Charter Township, Precinct 1",7
100,REP Governor,5,Write-in,29,"Comstock Charter Township, Precinct 1",3
100,REP Governor,0,Over Votes,29,"Comstock Charter Township, Precinct 1",0
100,REP Governor,0,Under Votes,29,"Comstock Charter Township, Precinct 1",3
100,REP Governor,1,Mike Cox,32,"Comstock Charter Township, Precinct 2",28
100,REP Governor,2,John James,32,"Comstock Charter Township, Precinct 2",97
100,REP Governor,3,Perry Johnson,32,"Comstock Charter Township, Precinct 2",72
100,REP Governor,4,Aric Nesbitt,32,"Comstock Charter Township, Precinct 2",7
100,REP Governor,5,Write-in,32,"Comstock Charter Township, Precinct 2",1
100,REP Governor,0,Over Votes,32,"Comstock Charter Township, Precinct 2",0
100,REP Governor,0,Under Votes,32,"Comstock Charter Township, Precinct 2",2
100,REP Governor,1,Mike Cox,35,"Comstock Charter Township, Precinct 3",21
100,REP Governor,2,John James,35,"Comstock Charter Township, Precinct 3",97
100,REP Governor,3,Perry Johnson,35,"Comstock Charter Township, Precinct 3",84
100,REP Governor,4,Aric Nesbitt,35,"Comstock Charter Township, Precinct 3",5
100,REP Governor,5,Write-in,35,"Comstock Charter Township, Precinct 3",0
100,REP Governor,0,Over Votes,35,"Comstock Charter Township, Precinct 3",1
100,REP Governor,0,Under Votes,35,"Comstock Charter Township, Precinct 3",0
100,REP Governor,1,Mike Cox,38,"Comstock Charter Township, Precinct 4",21
100,REP Governor,2,John James,38,"Comstock Charter Township, Precinct 4",157
100,REP Governor,3,Perry Johnson,38,"Comstock Charter Township, Precinct 4",67
100,REP Governor,4,Aric Nesbitt,38,"Comstock Charter Township, Precinct 4",3
100,REP Governor,5,Write-in,38,"Comstock Charter Township, Precinct 4",0
100,REP Governor,0,Over Votes,38,"Comstock Charter Township, Precinct 4",1
100,REP Governor,0,Under Votes,38,"Comstock Charter Township, Precinct 4",0
100,REP Governor,1,Mike Cox,41,"Comstock Charter Township, Precinct 5",30
100,REP Governor,2,John James,41,"Comstock Charter Township, Precinct 5",149
100,REP Governor,3,Perry Johnson,41,"Comstock Charter Township, Precinct 5",97
100,REP Governor,4,Aric Nesbitt,41,"Comstock Charter Township, Precinct 5",3
100,REP Governor,5,Write-in,41,"Comstock Charter Township, Precinct 5",1
100,REP Governor,0,Over Votes,41,"Comstock Charter Township, Precinct 5",0
100,REP Governor,0,Under Votes,41,"Comstock Charter Township, Precinct 5",4
100,REP Governor,1,Mike Cox,44,"Comstock Charter Township, Precinct 6",22
100,REP Governor,2,John James,44,"Comstock Charter Township, Precinct 6",103
100,REP Governor,3,Perry Johnson,44,"Comstock Charter Township, Precinct 6",85
100,REP Governor,4,Aric Nesbitt,44,"Comstock Charter Township, Precinct 6",6
100,REP Governor,5,Write-in,44,"Comstock Charter Township, Precinct 6",1
100,REP Governor,0,Over Votes,44,"Comstock Charter Township, Precinct 6",0
100,REP Governor,0,Under Votes,44,"Comstock Charter Township, Precinct 6",1
100,REP Governor,1,Mike Cox,50,"Cooper Charter Township, Precinct 1",26
100,REP Governor,2,John James,50,"Cooper Charter Township, Precinct 1",101
100,REP Governor,3,Perry Johnson,50,"Cooper Charter Township, Precinct 1",69
100,REP Governor,4,Aric Nesbitt,50,"Cooper Charter Township, Precinct 1",4
100,REP Governor,5,Write-in,50,"Cooper Charter Township, Precinct 1",0
100,REP Governor,0,Over Votes,50,"Cooper Charter Township, Precinct 1",0
100,REP Governor,0,Under Votes,50,"Cooper Charter Township, Precinct 1",1
100,REP Governor,1,Mike Cox,54,"Cooper Charter Township, Precinct 2",15
100,REP Governor,2,John James,54,"Cooper Charter Township, Precinct 2",113
100,REP Governor,3,Perry Johnson,54,"Cooper Charter Township, Precinct 2",76
100,REP Governor,4,Aric Nesbitt,54,"Cooper Charter Township, Precinct 2",11
100,REP Governor,5,Write-in,54,"Cooper Charter Township, Precinct 2",1
100,REP Governor,0,Over Votes,54,"Cooper Charter Township, Precinct 2",0
100,REP Governor,0,Under Votes,54,"Cooper Charter Township, Precinct 2",1
100,REP Governor,1,Mike Cox,58,"Cooper Charter Township, Precinct 3",30
100,REP Governor,2,John James,58,"Cooper Charter Township, Precinct 3",169
100,REP Governor,3,Perry Johnson,58,"Cooper Charter Township, Precinct 3",137
100,REP Governor,4,Aric Nesbitt,58,"Cooper Charter Township, Precinct 3",17
100,REP Governor,5,Write-in,58,"Cooper Charter Township, Precinct 3",0
100,REP Governor,0,Over Votes,58,"Cooper Charter Township, Precinct 3",1
100,REP Governor,0,Under Votes,58,"Cooper Charter Township, Precinct 3",4
100,REP Governor,1,Mike Cox,62,"Cooper Charter Township, Precinct 4",41
100,REP Governor,2,John James,62,"Cooper Charter Township, Precinct 4",250
100,REP Governor,3,Perry Johnson,62,"Cooper Charter Township, Precinct 4",180
100,REP Governor,4,Aric Nesbitt,62,"Cooper Charter Township, Precinct 4",30
100,REP Governor,5,Write-in,62,"Cooper Charter Township, Precinct 4",0
100,REP Governor,0,Over Votes,62,"Cooper Charter Township, Precinct 4",1
100,REP Governor,0,Under Votes,62,"Cooper Charter Township, Precinct 4",9
100,REP Governor,1,Mike Cox,66,"Galesburg City, Precinct 1",16
100,REP Governor,2,John James,66,"Galesburg City, Precinct 1",45
100,REP Governor,3,Perry Johnson,66,"Galesburg City, Precinct 1",34
100,REP Governor,4,Aric Nesbitt,66,"Galesburg City, Precinct 1",6
100,REP Governor,5,Write-in,66,"Galesburg City, Precinct 1",1
100,REP Governor,0,Over Votes,66,"Galesburg City, Precinct 1",0
100,REP Governor,0,Under Votes,66,"Galesburg City, Precinct 1",0
100,REP Governor,1,Mike Cox,69,"Kalamazoo Charter Township, Precinct 1",4
100,REP Governor,2,John James,69,"Kalamazoo Charter Township, Precinct 1",19
100,REP Governor,3,Perry Johnson,69,"Kalamazoo Charter Township, Precinct 1",15
100,REP Governor,4,Aric Nesbitt,69,"Kalamazoo Charter Township, Precinct 1",0
100,REP Governor,5,Write-in,69,"Kalamazoo Charter Township, Precinct 1",0
100,REP Governor,0,Over Votes,69,"Kalamazoo Charter Township, Precinct 1",0
100,REP Governor,0,Under Votes,69,"Kalamazoo Charter Township, Precinct 1",0
100,REP Governor,1,Mike Cox,75,"Kalamazoo Charter Township, Precinct 2",34
100,REP Governor,2,John James,75,"Kalamazoo Charter Township, Precinct 2",170
100,REP Governor,3,Perry Johnson,75,"Kalamazoo Charter Township, Precinct 2",103
100,REP Governor,4,Aric Nesbitt,75,"Kalamazoo Charter Township, Precinct 2",11
100,REP Governor,5,Write-in,75,"Kalamazoo Charter Township, Precinct 2",2
100,REP Governor,0,Over Votes,75,"Kalamazoo Charter Township, Precinct 2",4
100,REP Governor,0,Under Votes,75,"Kalamazoo Charter Township, Precinct 2",5
100,REP Governor,1,Mike Cox,78,"Kalamazoo Charter Township, Precinct 3",34
100,REP Governor,2,John James,78,"Kalamazoo Charter Township, Precinct 3",161
100,REP Governor,3,Perry Johnson,78,"Kalamazoo Charter Township, Precinct 3",81
100,REP Governor,4,Aric Nesbitt,78,"Kalamazoo Charter Township, Precinct 3",10
100,REP Governor,5,Write-in,78,"Kalamazoo Charter Township, Precinct 3",0
100,REP Governor,0,Over Votes,78,"Kalamazoo Charter Township, Precinct 3",0
100,REP Governor,0,Under Votes,78,"Kalamazoo Charter Township, Precinct 3",3
100,REP Governor,1,Mike Cox,81,"Kalamazoo Charter Township, Precinct 4",16
100,REP Governor,2,John James,81,"Kalamazoo Charter Township, Precinct 4",93
100,REP Governor,3,Perry Johnson,81,"Kalamazoo Charter Township, Precinct 4",55
100,REP Governor,4,Aric Nesbitt,81,"Kalamazoo Charter Township, Precinct 4",5
100,REP Governor,5,Write-in,81,"Kalamazoo Charter Township, Precinct 4",0
100,REP Governor,0,Over Votes,81,"Kalamazoo Charter Township, Precinct 4",0
100,REP Governor,0,Under Votes,81,"Kalamazoo Charter Township, Precinct 4",2
100,REP Governor,1,Mike Cox,84,"Kalamazoo Charter Township, Precinct 5",11
100,REP Governor,2,John James,84,"Kalamazoo Charter Township, Precinct 5",50
100,REP Governor,3,Perry Johnson,84,"Kalamazoo Charter Township, Precinct 5",38
100,REP Governor,4,Aric Nesbitt,84,"Kalamazoo Charter Township, Precinct 5",4
100,REP Governor,5,Write-in,84,"Kalamazoo Charter Township, Precinct 5",0
100,REP Governor,0,Over Votes,84,"Kalamazoo Charter Township, Precinct 5",3
100,REP Governor,0,Under Votes,84,"Kalamazoo Charter Township, Precinct 5",0
100,REP Governor,1,Mike Cox,87,"Kalamazoo Charter Township, Precinct 6",20
100,REP Governor,2,John James,87,"Kalamazoo Charter Township, Precinct 6",59
100,REP Governor,3,Perry Johnson,87,"Kalamazoo Charter Township, Precinct 6",51
100,REP Governor,4,Aric Nesbitt,87,"Kalamazoo Charter Township, Precinct 6",2
100,REP Governor,5,Write-in,87,"Kalamazoo Charter Township, Precinct 6",0
100,REP Governor,0,Over Votes,87,"Kalamazoo Charter Township, Precinct 6",0
100,REP Governor,0,Under Votes,87,"Kalamazoo Charter Township, Precinct 6",2
100,REP Governor,1,Mike Cox,133,"Kalamazoo City, Precinct 2",0
100,REP Governor,2,John James,133,"Kalamazoo City, Precinct 2",11
100,REP Governor,3,Perry Johnson,133,"Kalamazoo City, Precinct 2",7
100,REP Governor,4,Aric Nesbitt,133,"Kalamazoo City, Precinct 2",0
100,REP Governor,5,Write-in,133,"Kalamazoo City, Precinct 2",0
100,REP Governor,0,Over Votes,133,"Kalamazoo City, Precinct 2",0
100,REP Governor,0,Under Votes,133,"Kalamazoo City, Precinct 2",0
100,REP Governor,1,Mike Cox,162,"Kalamazoo City, Precinct 3",9
100,REP Governor,2,John James,162,"Kalamazoo City, Precinct 3",38
100,REP Governor,3,Perry Johnson,162,"Kalamazoo City, Precinct 3",19
100,REP Governor,4,Aric Nesbitt,162,"Kalamazoo City, Precinct 3",2
100,REP Governor,5,Write-in,162,"Kalamazoo City, Precinct 3",0
100,REP Governor,0,Over Votes,162,"Kalamazoo City, Precinct 3",0
100,REP Governor,0,Under Votes,162,"Kalamazoo City, Precinct 3",0
100,REP Governor,1,Mike Cox,165,"Kalamazoo City, Precinct 4",15
100,REP Governor,2,John James,165,"Kalamazoo City, Precinct 4",36
100,REP Governor,3,Perry Johnson,165,"Kalamazoo City, Precinct 4",33
100,REP Governor,4,Aric Nesbitt,165,"Kalamazoo City, Precinct 4",4
100,REP Governor,5,Write-in,165,"Kalamazoo City, Precinct 4",0
100,REP Governor,0,Over Votes,165,"Kalamazoo City, Precinct 4",0
100,REP Governor,0,Under Votes,165,"Kalamazoo City, Precinct 4",0
100,REP Governor,1,Mike Cox,168,"Kalamazoo City, Precinct 5",9
100,REP Governor,2,John James,168,"Kalamazoo City, Precinct 5",47
100,REP Governor,3,Perry Johnson,168,"Kalamazoo City, Precinct 5",24
100,REP Governor,4,Aric Nesbitt,168,"Kalamazoo City, Precinct 5",1
100,REP Governor,5,Write-in,168,"Kalamazoo City, Precinct 5",1
100,REP Governor,0,Over Votes,168,"Kalamazoo City, Precinct 5",0
100,REP Governor,0,Under Votes,168,"Kalamazoo City, Precinct 5",1
100,REP Governor,1,Mike Cox,171,"Kalamazoo City, Precinct 6",12
100,REP Governor,2,John James,171,"Kalamazoo City, Precinct 6",69
100,REP Governor,3,Perry Johnson,171,"Kalamazoo City, Precinct 6",42
100,REP Governor,4,Aric Nesbitt,171,"Kalamazoo City, Precinct 6",6
100,REP Governor,5,Write-in,171,"Kalamazoo City, Precinct 6",0
100,REP Governor,0,Over Votes,171,"Kalamazoo City, Precinct 6",0
100,REP Governor,0,Under Votes,171,"Kalamazoo City, Precinct 6",1
100,REP Governor,1,Mike Cox,174,"Kalamazoo City, Precinct 7",5
100,REP Governor,2,John James,174,"Kalamazoo City, Precinct 7",18
100,REP Governor,3,Perry Johnson,174,"Kalamazoo City, Precinct 7",12
100,REP Governor,4,Aric Nesbitt,174,"Kalamazoo City, Precinct 7",3
100,REP Governor,5,Write-in,174,"Kalamazoo City, Precinct 7",0
100,REP Governor,0,Over Votes,174,"Kalamazoo City, Precinct 7",0
100,REP Governor,0,Under Votes,174,"Kalamazoo City, Precinct 7",0
100,REP Governor,1,Mike Cox,177,"Kalamazoo City, Precinct 8",1
100,REP Governor,2,John James,177,"Kalamazoo City, Precinct 8",22
100,REP Governor,3,Perry Johnson,177,"Kalamazoo City, Precinct 8",4
100,REP Governor,4,Aric Nesbitt,177,"Kalamazoo City, Precinct 8",3
100,REP Governor,5,Write-in,177,"Kalamazoo City, Precinct 8",0
100,REP Governor,0,Over Votes,177,"Kalamazoo City, Precinct 8",0
100,REP Governor,0,Under Votes,177,"Kalamazoo City, Precinct 8",1
100,REP Governor,1,Mike Cox,180,"Kalamazoo City, Precinct 9",10
100,REP Governor,2,John James,180,"Kalamazoo City, Precinct 9",70
100,REP Governor,3,Perry Johnson,180,"Kalamazoo City, Precinct 9",25
100,REP Governor,4,Aric Nesbitt,180,"Kalamazoo City, Precinct 9",4
100,REP Governor,5,Write-in,180,"Kalamazoo City, Precinct 9",1
100,REP Governor,0,Over Votes,180,"Kalamazoo City, Precinct 9",0
100,REP Governor,0,Under Votes,180,"Kalamazoo City, Precinct 9",1
100,REP Governor,1,Mike Cox,102,"Kalamazoo City, Precinct 10",10
100,REP Governor,2,John James,102,"Kalamazoo City, Precinct 10",73
100,REP Governor,3,Perry Johnson,102,"Kalamazoo City, Precinct 10",60
100,REP Governor,4,Aric Nesbitt,102,"Kalamazoo City, Precinct 10",5
100,REP Governor,5,Write-in,102,"Kalamazoo City, Precinct 10",0
100,REP Governor,0,Over Votes,102,"Kalamazoo City, Precinct 10",0
100,REP Governor,0,Under Votes,102,"Kalamazoo City, Precinct 10",1
100,REP Governor,1,Mike Cox,105,"Kalamazoo City, Precinct 11",7
100,REP Governor,2,John James,105,"Kalamazoo City, Precinct 11",9
100,REP Governor,3,Perry Johnson,105,"Kalamazoo City, Precinct 11",7
100,REP Governor,4,Aric Nesbitt,105,"Kalamazoo City, Precinct 11",1
100,REP Governor,5,Write-in,105,"Kalamazoo City, Precinct 11",0
100,REP Governor,0,Over Votes,105,"Kalamazoo City, Precinct 11",0
100,REP Governor,0,Under Votes,105,"Kalamazoo City, Precinct 11",0
100,REP Governor,1,Mike Cox,108,"Kalamazoo City, Precinct 12",8
100,REP Governor,2,John James,108,"Kalamazoo City, Precinct 12",65
100,REP Governor,3,Perry Johnson,108,"Kalamazoo City, Precinct 12",39
100,REP Governor,4,Aric Nesbitt,108,"Kalamazoo City, Precinct 12",11
100,REP Governor,5,Write-in,108,"Kalamazoo City, Precinct 12",0
100,REP Governor,0,Over Votes,108,"Kalamazoo City, Precinct 12",1
100,REP Governor,0,Under Votes,108,"Kalamazoo City, Precinct 12",1
100,REP Governor,1,Mike Cox,111,"Kalamazoo City, Precinct 13",10
100,REP Governor,2,John James,111,"Kalamazoo City, Precinct 13",34
100,REP Governor,3,Perry Johnson,111,"Kalamazoo City, Precinct 13",25
100,REP Governor,4,Aric Nesbitt,111,"Kalamazoo City, Precinct 13",2
100,REP Governor,5,Write-in,111,"Kalamazoo City, Precinct 13",0
100,REP Governor,0,Over Votes,111,"Kalamazoo City, Precinct 13",0
100,REP Governor,0,Under Votes,111,"Kalamazoo City, Precinct 13",1
100,REP Governor,1,Mike Cox,114,"Kalamazoo City, Precinct 14",21
100,REP Governor,2,John James,114,"Kalamazoo City, Precinct 14",94
100,REP Governor,3,Perry Johnson,114,"Kalamazoo City, Precinct 14",44
100,REP Governor,4,Aric Nesbitt,114,"Kalamazoo City, Precinct 14",8
100,REP Governor,5,Write-in,114,"Kalamazoo City, Precinct 14",1
100,REP Governor,0,Over Votes,114,"Kalamazoo City, Precinct 14",0
100,REP Governor,0,Under Votes,114,"Kalamazoo City, Precinct 14",1
100,REP Governor,1,Mike Cox,117,"Kalamazoo City, Precinct 15",7
100,REP Governor,2,John James,117,"Kalamazoo City, Precinct 15",28
100,REP Governor,3,Perry Johnson,117,"Kalamazoo City, Precinct 15",9
100,REP Governor,4,Aric Nesbitt,117,"Kalamazoo City, Precinct 15",0
100,REP Governor,5,Write-in,117,"Kalamazoo City, Precinct 15",1
100,REP Governor,0,Over Votes,117,"Kalamazoo City, Precinct 15",0
100,REP Governor,0,Under Votes,117,"Kalamazoo City, Precinct 15",0
100,REP Governor,1,Mike Cox,120,"Kalamazoo City, Precinct 16",13
100,REP Governor,2,John James,120,"Kalamazoo City, Precinct 16",61
100,REP Governor,3,Perry Johnson,120,"Kalamazoo City, Precinct 16",23
100,REP Governor,4,Aric Nesbitt,120,"Kalamazoo City, Precinct 16",2
100,REP Governor,5,Write-in,120,"Kalamazoo City, Precinct 16",0
100,REP Governor,0,Over Votes,120,"Kalamazoo City, Precinct 16",0
100,REP Governor,0,Under Votes,120,"Kalamazoo City, Precinct 16",2
100,REP Governor,1,Mike Cox,123,"Kalamazoo City, Precinct 17",16
100,REP Governor,2,John James,123,"Kalamazoo City, Precinct 17",51
100,REP Governor,3,Perry Johnson,123,"Kalamazoo City, Precinct 17",28
100,REP Governor,4,Aric Nesbitt,123,"Kalamazoo City, Precinct 17",2
100,REP Governor,5,Write-in,123,"Kalamazoo City, Precinct 17",0
100,REP Governor,0,Over Votes,123,"Kalamazoo City, Precinct 17",0
100,REP Governor,0,Under Votes,123,"Kalamazoo City, Precinct 17",2
100,REP Governor,1,Mike Cox,127,"Kalamazoo City, Precinct 18",8
100,REP Governor,2,John James,127,"Kalamazoo City, Precinct 18",57
100,REP Governor,3,Perry Johnson,127,"Kalamazoo City, Precinct 18",25
100,REP Governor,4,Aric Nesbitt,127,"Kalamazoo City, Precinct 18",2
100,REP Governor,5,Write-in,127,"Kalamazoo City, Precinct 18",0
100,REP Governor,0,Over Votes,127,"Kalamazoo City, Precinct 18",0
100,REP Governor,0,Under Votes,127,"Kalamazoo City, Precinct 18",0
100,REP Governor,1,Mike Cox,130,"Kalamazoo City, Precinct 19",12
100,REP Governor,2,John James,130,"Kalamazoo City, Precinct 19",40
100,REP Governor,3,Perry Johnson,130,"Kalamazoo City, Precinct 19",26
100,REP Governor,4,Aric Nesbitt,130,"Kalamazoo City, Precinct 19",2
100,REP Governor,5,Write-in,130,"Kalamazoo City, Precinct 19",0
100,REP Governor,0,Over Votes,130,"Kalamazoo City, Precinct 19",0
100,REP Governor,0,Under Votes,130,"Kalamazoo City, Precinct 19",0
100,REP Governor,1,Mike Cox,136,"Kalamazoo City, Precinct 20",11
100,REP Governor,2,John James,136,"Kalamazoo City, Precinct 20",73
100,REP Governor,3,Perry Johnson,136,"Kalamazoo City, Precinct 20",26
100,REP Governor,4,Aric Nesbitt,136,"Kalamazoo City, Precinct 20",4
100,REP Governor,5,Write-in,136,"Kalamazoo City, Precinct 20",0
100,REP Governor,0,Over Votes,136,"Kalamazoo City, Precinct 20",0
100,REP Governor,0,Under Votes,136,"Kalamazoo City, Precinct 20",2
100,REP Governor,1,Mike Cox,139,"Kalamazoo City, Precinct 21",23
100,REP Governor,2,John James,139,"Kalamazoo City, Precinct 21",80
100,REP Governor,3,Perry Johnson,139,"Kalamazoo City, Precinct 21",33
100,REP Governor,4,Aric Nesbitt,139,"Kalamazoo City, Precinct 21",6
100,REP Governor,5,Write-in,139,"Kalamazoo City, Precinct 21",0
100,REP Governor,0,Over Votes,139,"Kalamazoo City, Precinct 21",0
100,REP Governor,0,Under Votes,139,"Kalamazoo City, Precinct 21",2
100,REP Governor,1,Mike Cox,183,"Oshtemo Charter Township, Precinct 1",21
100,REP Governor,2,John James,183,"Oshtemo Charter Township, Precinct 1",137
100,REP Governor,3,Perry Johnson,183,"Oshtemo Charter Township, Precinct 1",83
100,REP Governor,4,Aric Nesbitt,183,"Oshtemo Charter Township, Precinct 1",11
100,REP Governor,5,Write-in,183,"Oshtemo Charter Township, Precinct 1",0
100,REP Governor,0,Over Votes,183,"Oshtemo Charter Township, Precinct 1",0
100,REP Governor,0,Under Votes,183,"Oshtemo Charter Township, Precinct 1",2
100,REP Governor,1,Mike Cox,189,"Oshtemo Charter Township, Precinct 2",42
100,REP Governor,2,John James,189,"Oshtemo Charter Township, Precinct 2",160
100,REP Governor,3,Perry Johnson,189,"Oshtemo Charter Township, Precinct 2",83
100,REP Governor,4,Aric Nesbitt,189,"Oshtemo Charter Township, Precinct 2",9
100,REP Governor,5,Write-in,189,"Oshtemo Charter Township, Precinct 2",0
100,REP Governor,0,Over Votes,189,"Oshtemo Charter Township, Precinct 2",0
100,REP Governor,0,Under Votes,189,"Oshtemo Charter Township, Precinct 2",5
100,REP Governor,1,Mike Cox,192,"Oshtemo Charter Township, Precinct 3",18
100,REP Governor,2,John James,192,"Oshtemo Charter Township, Precinct 3",100
100,REP Governor,3,Perry Johnson,192,"Oshtemo Charter Township, Precinct 3",55
100,REP Governor,4,Aric Nesbitt,192,"Oshtemo Charter Township, Precinct 3",4
100,REP Governor,5,Write-in,192,"Oshtemo Charter Township, Precinct 3",1
100,REP Governor,0,Over Votes,192,"Oshtemo Charter Township, Precinct 3",0
100,REP Governor,0,Under Votes,192,"Oshtemo Charter Township, Precinct 3",2
100,REP Governor,1,Mike Cox,195,"Oshtemo Charter Township, Precinct 4",20
100,REP Governor,2,John James,195,"Oshtemo Charter Township, Precinct 4",87
100,REP Governor,3,Perry Johnson,195,"Oshtemo Charter Township, Precinct 4",66
100,REP Governor,4,Aric Nesbitt,195,"Oshtemo Charter Township, Precinct 4",11
100,REP Governor,5,Write-in,195,"Oshtemo Charter Township, Precinct 4",0
100,REP Governor,0,Over Votes,195,"Oshtemo Charter Township, Precinct 4",0
100,REP Governor,0,Under Votes,195,"Oshtemo Charter Township, Precinct 4",2
100,REP Governor,1,Mike Cox,198,"Oshtemo Charter Township, Precinct 5",30
100,REP Governor,2,John James,198,"Oshtemo Charter Township, Precinct 5",104
100,REP Governor,3,Perry Johnson,198,"Oshtemo Charter Township, Precinct 5",72
100,REP Governor,4,Aric Nesbitt,198,"Oshtemo Charter Township, Precinct 5",15
100,REP Governor,5,Write-in,198,"Oshtemo Charter Township, Precinct 5",1
100,REP Governor,0,Over Votes,198,"Oshtemo Charter Township, Precinct 5",1
100,REP Governor,0,Under Votes,198,"Oshtemo Charter Township, Precinct 5",4
100,REP Governor,1,Mike Cox,201,"Oshtemo Charter Township, Precinct 6",20
100,REP Governor,2,John James,201,"Oshtemo Charter Township, Precinct 6",76
100,REP Governor,3,Perry Johnson,201,"Oshtemo Charter Township, Precinct 6",36
100,REP Governor,4,Aric Nesbitt,201,"Oshtemo Charter Township, Precinct 6",8
100,REP Governor,5,Write-in,201,"Oshtemo Charter Township, Precinct 6",0
100,REP Governor,0,Over Votes,201,"Oshtemo Charter Township, Precinct 6",0
100,REP Governor,0,Under Votes,201,"Oshtemo Charter Township, Precinct 6",2
100,REP Governor,1,Mike Cox,204,"Oshtemo Charter Township, Precinct 7",19
100,REP Governor,2,John James,204,"Oshtemo Charter Township, Precinct 7",96
100,REP Governor,3,Perry Johnson,204,"Oshtemo Charter Township, Precinct 7",55
100,REP Governor,4,Aric Nesbitt,204,"Oshtemo Charter Township, Precinct 7",8
100,REP Governor,5,Write-in,204,"Oshtemo Charter Township, Precinct 7",0
100,REP Governor,0,Over Votes,204,"Oshtemo Charter Township, Precinct 7",0
100,REP Governor,0,Under Votes,204,"Oshtemo Charter Township, Precinct 7",0
100,REP Governor,1,Mike Cox,207,"Oshtemo Charter Township, Precinct 8",15
100,REP Governor,2,John James,207,"Oshtemo Charter Township, Precinct 8",42
100,REP Governor,3,Perry Johnson,207,"Oshtemo Charter Township, Precinct 8",30
100,REP Governor,4,Aric Nesbitt,207,"Oshtemo Charter Township, Precinct 8",5
100,REP Governor,5,Write-in,207,"Oshtemo Charter Township, Precinct 8",0
100,REP Governor,0,Over Votes,207,"Oshtemo Charter Township, Precinct 8",0
100,REP Governor,0,Under Votes,207,"Oshtemo Charter Township, Precinct 8",1
100,REP Governor,1,Mike Cox,210,"Oshtemo Charter Township, Precinct 9",13
100,REP Governor,2,John James,210,"Oshtemo Charter Township, Precinct 9",110
100,REP Governor,3,Perry Johnson,210,"Oshtemo Charter Township, Precinct 9",66
100,REP Governor,4,Aric Nesbitt,210,"Oshtemo Charter Township, Precinct 9",12
100,REP Governor,5,Write-in,210,"Oshtemo Charter Township, Precinct 9",0
100,REP Governor,0,Over Votes,210,"Oshtemo Charter Township, Precinct 9",0
100,REP Governor,0,Under Votes,210,"Oshtemo Charter Township, Precinct 9",3
100,REP Governor,1,Mike Cox,213,"Parchment City, Precinct 1",13
100,REP Governor,2,John James,213,"Parchment City, Precinct 1",56
100,REP Governor,3,Perry Johnson,213,"Parchment City, Precinct 1",55
100,REP Governor,4,Aric Nesbitt,213,"Parchment City, Precinct 1",5
100,REP Governor,5,Write-in,213,"Parchment City, Precinct 1",1
100,REP Governor,0,Over Votes,213,"Parchment City, Precinct 1",0
100,REP Governor,0,Under Votes,213,"Parchment City, Precinct 1",1
100,REP Governor,1,Mike Cox,216,"Charter Township of Pavilion, Precinct 1",42
100,REP Governor,2,John James,216,"Charter Township of Pavilion, Precinct 1",170
100,REP Governor,3,Perry Johnson,216,"Charter Township of Pavilion, Precinct 1",104
100,REP Governor,4,Aric Nesbitt,216,"Charter Township of Pavilion, Precinct 1",6
100,REP Governor,5,Write-in,216,"Charter Township of Pavilion, Precinct 1",0
100,REP Governor,0,Over Votes,216,"Charter Township of Pavilion, Precinct 1",0
100,REP Governor,0,Under Votes,216,"Charter Township of Pavilion, Precinct 1",2
100,REP Governor,1,Mike Cox,219,"Charter Township of Pavilion, Precinct 2",12
100,REP Governor,2,John James,219,"Charter Township of Pavilion, Precinct 2",96
100,REP Governor,3,Perry Johnson,219,"Charter Township of Pavilion, Precinct 2",88
100,REP Governor,4,Aric Nesbitt,219,"Charter Township of Pavilion, Precinct 2",7
100,REP Governor,5,Write-in,219,"Charter Township of Pavilion, Precinct 2",1
100,REP Governor,0,Over Votes,219,"Charter Township of Pavilion, Precinct 2",0
100,REP Governor,0,Under Votes,219,"Charter Township of Pavilion, Precinct 2",4
100,REP Governor,1,Mike Cox,222,"Charter Township of Pavilion, Precinct 3",11
100,REP Governor,2,John James,222,"Charter Township of Pavilion, Precinct 3",80
100,REP Governor,3,Perry Johnson,222,"Charter Township of Pavilion, Precinct 3",60
100,REP Governor,4,Aric Nesbitt,222,"Charter Township of Pavilion, Precinct 3",3
100,REP Governor,5,Write-in,222,"Charter Township of Pavilion, Precinct 3",0
100,REP Governor,0,Over Votes,222,"Charter Township of Pavilion, Precinct 3",0
100,REP Governor,0,Under Votes,222,"Charter Township of Pavilion, Precinct 3",1
100,REP Governor,1,Mike Cox,226,"Portage City, Precinct 1",39
100,REP Governor,2,John James,226,"Portage City, Precinct 1",116
100,REP Governor,3,Perry Johnson,226,"Portage City, Precinct 1",63
100,REP Governor,4,Aric Nesbitt,226,"Portage City, Precinct 1",7
100,REP Governor,5,Write-in,226,"Portage City, Precinct 1",1
100,REP Governor,0,Over Votes,226,"Portage City, Precinct 1",0
100,REP Governor,0,Under Votes,226,"Portage City, Precinct 1",3
100,REP Governor,1,Mike Cox,260,"Portage City, Precinct 2",9
100,REP Governor,2,John James,260,"Portage City, Precinct 2",25
100,REP Governor,3,Perry Johnson,260,"Portage City, Precinct 2",30
100,REP Governor,4,Aric Nesbitt,260,"Portage City, Precinct 2",2
100,REP Governor,5,Write-in,260,"Portage City, Precinct 2",0
100,REP Governor,0,Over Votes,260,"Portage City, Precinct 2",0
100,REP Governor,0,Under Votes,260,"Portage City, Precinct 2",1
100,REP Governor,1,Mike Cox,264,"Portage City, Precinct 3",64
100,REP Governor,2,John James,264,"Portage City, Precinct 3",247
100,REP Governor,3,Perry Johnson,264,"Portage City, Precinct 3",186
100,REP Governor,4,Aric Nesbitt,264,"Portage City, Precinct 3",21
100,REP Governor,5,Write-in,264,"Portage City, Precinct 3",0
100,REP Governor,0,Over Votes,264,"Portage City, Precinct 3",1
100,REP Governor,0,Under Votes,264,"Portage City, Precinct 3",3
100,REP Governor,1,Mike Cox,267,"Portage City, Precinct 4",52
100,REP Governor,2,John James,267,"Portage City, Precinct 4",298
100,REP Governor,3,Perry Johnson,267,"Portage City, Precinct 4",173
100,REP Governor,4,Aric Nesbitt,267,"Portage City, Precinct 4",12
100,REP Governor,5,Write-in,267,"Portage City, Precinct 4",0
100,REP Governor,0,Over Votes,267,"Portage City, Precinct 4",0
100,REP Governor,0,Under Votes,267,"Portage City, Precinct 4",2
100,REP Governor,1,Mike Cox,271,"Portage City, Precinct 5",85
100,REP Governor,2,John James,271,"Portage City, Precinct 5",310
100,REP Governor,3,Perry Johnson,271,"Portage City, Precinct 5",159
100,REP Governor,4,Aric Nesbitt,271,"Portage City, Precinct 5",8
100,REP Governor,5,Write-in,271,"Portage City, Precinct 5",2
100,REP Governor,0,Over Votes,271,"Portage City, Precinct 5",0
100,REP Governor,0,Under Votes,271,"Portage City, Precinct 5",6
100,REP Governor,1,Mike Cox,274,"Portage City, Precinct 6",24
100,REP Governor,2,John James,274,"Portage City, Precinct 6",143
100,REP Governor,3,Perry Johnson,274,"Portage City, Precinct 6",63
100,REP Governor,4,Aric Nesbitt,274,"Portage City, Precinct 6",7
100,REP Governor,5,Write-in,274,"Portage City, Precinct 6",0
100,REP Governor,0,Over Votes,274,"Portage City, Precinct 6",0
100,REP Governor,0,Under Votes,274,"Portage City, Precinct 6",0
100,REP Governor,1,Mike Cox,277,"Portage City, Precinct 7",26
100,REP Governor,2,John James,277,"Portage City, Precinct 7",161
100,REP Governor,3,Perry Johnson,277,"Portage City, Precinct 7",108
100,REP Governor,4,Aric Nesbitt,277,"Portage City, Precinct 7",8
100,REP Governor,5,Write-in,277,"Portage City, Precinct 7",0
100,REP Governor,0,Over Votes,277,"Portage City, Precinct 7",0
100,REP Governor,0,Under Votes,277,"Portage City, Precinct 7",1
100,REP Governor,1,Mike Cox,280,"Portage City, Precinct 8",37
100,REP Governor,2,John James,280,"Portage City, Precinct 8",217
100,REP Governor,3,Perry Johnson,280,"Portage City, Precinct 8",118
100,REP Governor,4,Aric Nesbitt,280,"Portage City, Precinct 8",17
100,REP Governor,5,Write-in,280,"Portage City, Precinct 8",2
100,REP Governor,0,Over Votes,280,"Portage City, Precinct 8",0
100,REP Governor,0,Under Votes,280,"Portage City, Precinct 8",8
100,REP Governor,1,Mike Cox,283,"Portage City, Precinct 9",27
100,REP Governor,2,John James,283,"Portage City, Precinct 9",101
100,REP Governor,3,Perry Johnson,283,"Portage City, Precinct 9",51
100,REP Governor,4,Aric Nesbitt,283,"Portage City, Precinct 9",10
100,REP Governor,5,Write-in,283,"Portage City, Precinct 9",0
100,REP Governor,0,Over Votes,283,"Portage City, Precinct 9",0
100,REP Governor,0,Under Votes,283,"Portage City, Precinct 9",1
100,REP Governor,1,Mike Cox,229,"Portage City, Precinct 10",42
100,REP Governor,2,John James,229,"Portage City, Precinct 10",293
100,REP Governor,3,Perry Johnson,229,"Portage City, Precinct 10",158
100,REP Governor,4,Aric Nesbitt,229,"Portage City, Precinct 10",11
100,REP Governor,5,Write-in,229,"Portage City, Precinct 10",0
100,REP Governor,0,Over Votes,229,"Portage City, Precinct 10",0
100,REP Governor,0,Under Votes,229,"Portage City, Precinct 10",4
100,REP Governor,1,Mike Cox,233,"Portage City, Precinct 11",17
100,REP Governor,2,John James,233,"Portage City, Precinct 11",148
100,REP Governor,3,Perry Johnson,233,"Portage City, Precinct 11",65
100,REP Governor,4,Aric Nesbitt,233,"Portage City, Precinct 11",5
100,REP Governor,5,Write-in,233,"Portage City, Precinct 11",0
100,REP Governor,0,Over Votes,233,"Portage City, Precinct 11",0
100,REP Governor,0,Under Votes,233,"Portage City, Precinct 11",3
100,REP Governor,1,Mike Cox,236,"Portage City, Precinct 12",19
100,REP Governor,2,John James,236,"Portage City, Precinct 12",94
100,REP Governor,3,Perry Johnson,236,"Portage City, Precinct 12",46
100,REP Governor,4,Aric Nesbitt,236,"Portage City, Precinct 12",4
100,REP Governor,5,Write-in,236,"Portage City, Precinct 12",2
100,REP Governor,0,Over Votes,236,"Portage City, Precinct 12",0
100,REP Governor,0,Under Votes,236,"Portage City, Precinct 12",0
100,REP Governor,1,Mike Cox,239,"Portage City, Precinct 13",45
100,REP Governor,2,John James,239,"Portage City, Precinct 13",200
100,REP Governor,3,Perry Johnson,239,"Portage City, Precinct 13",82
100,REP Governor,4,Aric Nesbitt,239,"Portage City, Precinct 13",12
100,REP Governor,5,Write-in,239,"Portage City, Precinct 13",0
100,REP Governor,0,Over Votes,239,"Portage City, Precinct 13",0
100,REP Governor,0,Under Votes,239,"Portage City, Precinct 13",1
100,REP Governor,1,Mike Cox,286,"Prairie Ronde Township, Precinct 1",21
100,REP Governor,2,John James,286,"Prairie Ronde Township, Precinct 1",184
100,REP Governor,3,Perry Johnson,286,"Prairie Ronde Township, Precinct 1",136
100,REP Governor,4,Aric Nesbitt,286,"Prairie Ronde Township, Precinct 1",17
100,REP Governor,5,Write-in,286,"Prairie Ronde Township, Precinct 1",0
100,REP Governor,0,Over Votes,286,"Prairie Ronde Township, Precinct 1",0
100,REP Governor,0,Under Votes,286,"Prairie Ronde Township, Precinct 1",4
100,REP Governor,1,Mike Cox,290,"Richland Township, Precinct 1",31
100,REP Governor,2,John James,290,"Richland Township, Precinct 1",267
100,REP Governor,3,Perry Johnson,290,"Richland Township, Precinct 1",153
100,REP Governor,4,Aric Nesbitt,290,"Richland Township, Precinct 1",12
100,REP Governor,5,Write-in,290,"Richland Township, Precinct 1",0
100,REP Governor,0,Over Votes,290,"Richland Township, Precinct 1",1
100,REP Governor,0,Under Votes,290,"Richland Township, Precinct 1",3
100,REP Governor,1,Mike Cox,293,"Richland Township, Precinct 2",78
100,REP Governor,2,John James,293,"Richland Township, Precinct 2",342
100,REP Governor,3,Perry Johnson,293,"Richland Township, Precinct 2",163
100,REP Governor,4,Aric Nesbitt,293,"Richland Township, Precinct 2",14
100,REP Governor,5,Write-in,293,"Richland Township, Precinct 2",2
100,REP Governor,0,Over Votes,293,"Richland Township, Precinct 2",0
100,REP Governor,0,Under Votes,293,"Richland Township, Precinct 2",5
100,REP Governor,1,Mike Cox,299,"Ross Township, Precinct 1",36
100,REP Governor,2,John James,299,"Ross Township, Precinct 1",165
100,REP Governor,3,Perry Johnson,299,"Ross Township, Precinct 1",110
100,REP Governor,4,Aric Nesbitt,299,"Ross Township, Precinct 1",5
100,REP Governor,5,Write-in,299,"Ross Township, Precinct 1",0
100,REP Governor,0,Over Votes,299,"Ross Township, Precinct 1",0
100,REP Governor,0,Under Votes,299,"Ross Township, Precinct 1",6
100,REP Governor,1,Mike Cox,302,"Ross Township, Precinct 2",43
100,REP Governor,2,John James,302,"Ross Township, Precinct 2",271
100,REP Governor,3,Perry Johnson,302,"Ross Township, Precinct 2",133
100,REP Governor,4,Aric Nesbitt,302,"Ross Township, Precinct 2",10
100,REP Governor,5,Write-in,302,"Ross Township, Precinct 2",0
100,REP Governor,0,Over Votes,302,"Ross Township, Precinct 2",0
100,REP Governor,0,Under Votes,302,"Ross Township, Precinct 2",2
100,REP Governor,1,Mike Cox,305,"Schoolcraft Township, Precinct 1",22
100,REP Governor,2,John James,305,"Schoolcraft Township, Precinct 1",125
100,REP Governor,3,Perry Johnson,305,"Schoolcraft Township, Precinct 1",94
100,REP Governor,4,Aric Nesbitt,305,"Schoolcraft Township, Precinct 1",9
100,REP Governor,5,Write-in,305,"Schoolcraft Township, Precinct 1",0
100,REP Governor,0,Over Votes,305,"Schoolcraft Township, Precinct 1",1
100,REP Governor,0,Under Votes,305,"Schoolcraft Township, Precinct 1",0
100,REP Governor,1,Mike Cox,308,"Schoolcraft Township, Precinct 2",12
100,REP Governor,2,John James,308,"Schoolcraft Township, Precinct 2",67
100,REP Governor,3,Perry Johnson,308,"Schoolcraft Township, Precinct 2",33
100,REP Governor,4,Aric Nesbitt,308,"Schoolcraft Township, Precinct 2",9
100,REP Governor,5,Write-in,308,"Schoolcraft Township, Precinct 2",1
100,REP Governor,0,Over Votes,308,"Schoolcraft Township, Precinct 2",0
100,REP Governor,0,Under Votes,308,"Schoolcraft Township, Precinct 2",1
100,REP Governor,1,Mike Cox,311,"Schoolcraft Township, Precinct 3",38
100,REP Governor,2,John James,311,"Schoolcraft Township, Precinct 3",180
100,REP Governor,3,Perry Johnson,311,"Schoolcraft Township, Precinct 3",100
100,REP Governor,4,Aric Nesbitt,311,"Schoolcraft Township, Precinct 3",10
100,REP Governor,5,Write-in,311,"Schoolcraft Township, Precinct 3",1
100,REP Governor,0,Over Votes,311,"Schoolcraft Township, Precinct 3",1
100,REP Governor,0,Under Votes,311,"Schoolcraft Township, Precinct 3",0
100,REP Governor,1,Mike Cox,314,"Schoolcraft Township, Precinct 4",11
100,REP Governor,2,John James,314,"Schoolcraft Township, Precinct 4",119
100,REP Governor,3,Perry Johnson,314,"Schoolcraft Township, Precinct 4",58
100,REP Governor,4,Aric Nesbitt,314,"Schoolcraft Township, Precinct 4",10
100,REP Governor,5,Write-in,314,"Schoolcraft Township, Precinct 4",0
100,REP Governor,0,Over Votes,314,"Schoolcraft Township, Precinct 4",0
100,REP Governor,0,Under Votes,314,"Schoolcraft Township, Precinct 4",1
100,REP Governor,1,Mike Cox,317,"Texas Charter Township, Precinct 1",36
100,REP Governor,2,John James,317,"Texas Charter Township, Precinct 1",197
100,REP Governor,3,Perry Johnson,317,"Texas Charter Township, Precinct 1",91
100,REP Governor,4,Aric Nesbitt,317,"Texas Charter Township, Precinct 1",15
100,REP Governor,5,Write-in,317,"Texas Charter Township, Precinct 1",1
100,REP Governor,0,Over Votes,317,"Texas Charter Township, Precinct 1",1
100,REP Governor,0,Under Votes,317,"Texas Charter Township, Precinct 1",6
100,REP Governor,1,Mike Cox,320,"Texas Charter Township, Precinct 2",34
100,REP Governor,2,John James,320,"Texas Charter Township, Precinct 2",180
100,REP Governor,3,Perry Johnson,320,"Texas Charter Township, Precinct 2",85
100,REP Governor,4,Aric Nesbitt,320,"Texas Charter Township, Precinct 2",10
100,REP Governor,5,Write-in,320,"Texas Charter Township, Precinct 2",0
100,REP Governor,0,Over Votes,320,"Texas Charter Township, Precinct 2",1
100,REP Governor,0,Under Votes,320,"Texas Charter Township, Precinct 2",3
100,REP Governor,1,Mike Cox,323,"Texas Charter Township, Precinct 3",29
100,REP Governor,2,John James,323,"Texas Charter Township, Precinct 3",104
100,REP Governor,3,Perry Johnson,323,"Texas Charter Township, Precinct 3",62
100,REP Governor,4,Aric Nesbitt,323,"Texas Charter Township, Precinct 3",2
100,REP Governor,5,Write-in,323,"Texas Charter Township, Precinct 3",0
100,REP Governor,0,Over Votes,323,"Texas Charter Township, Precinct 3",1
100,REP Governor,0,Under Votes,323,"Texas Charter Township, Precinct 3",2
100,REP Governor,1,Mike Cox,326,"Texas Charter Township, Precinct 4",28
100,REP Governor,2,John James,326,"Texas Charter Township, Precinct 4",197
100,REP Governor,3,Perry Johnson,326,"Texas Charter Township, Precinct 4",68
100,REP Governor,4,Aric Nesbitt,326,"Texas Charter Township, Precinct 4",10
100,REP Governor,5,Write-in,326,"Texas Charter Township, Precinct 4",0
100,REP Governor,0,Over Votes,326,"Texas Charter Township, Precinct 4",1
100,REP Governor,0,Under Votes,326,"Texas Charter Township, Precinct 4",2
100,REP Governor,1,Mike Cox,329,"Texas Charter Township, Precinct 5",43
100,REP Governor,2,John James,329,"Texas Charter Township, Precinct 5",243
100,REP Governor,3,Perry Johnson,329,"Texas Charter Township, Precinct 5",105
100,REP Governor,4,Aric Nesbitt,329,"Texas Charter Township, Precinct 5",19
100,REP Governor,5,Write-in,329,"Texas Charter Township, Precinct 5",0
100,REP Governor,0,Over Votes,329,"Texas Charter Township, Precinct 5",0
100,REP Governor,0,Under Votes,329,"Texas Charter Township, Precinct 5",6
100,REP Governor,1,Mike Cox,333,"Texas Charter Township, Precinct 6",47
100,REP Governor,2,John James,333,"Texas Charter Township, Precinct 6",255
100,REP Governor,3,Perry Johnson,333,"Texas Charter Township, Precinct 6",126
100,REP Governor,4,Aric Nesbitt,333,"Texas Charter Township, Precinct 6",15
100,REP Governor,5,Write-in,333,"Texas Charter Township, Precinct 6",0
100,REP Governor,0,Over Votes,333,"Texas Charter Township, Precinct 6",1
100,REP Governor,0,Under Votes,333,"Texas Charter Township, Precinct 6",6
100,REP Governor,1,Mike Cox,336,"Wakeshma Township, Precinct 1",24
100,REP Governor,2,John James,336,"Wakeshma Township, Precinct 1",71
100,REP Governor,3,Perry Johnson,336,"Wakeshma Township, Precinct 1",68
100,REP Governor,4,Aric Nesbitt,336,"Wakeshma Township, Precinct 1",10
100,REP Governor,5,Write-in,336,"Wakeshma Township, Precinct 1",2
100,REP Governor,0,Over Votes,336,"Wakeshma Township, Precinct 1",0
100,REP Governor,0,Under Votes,336,"Wakeshma Township, Precinct 1",1
101,REP United States Senator,1,Mike Rogers,11,"Alamo Township, Precinct 1",233
101,REP United States Senator,2,Write-in,11,"Alamo Township, Precinct 1",1
101,REP United States Senator,0,Over Votes,11,"Alamo Township, Precinct 1",0
101,REP United States Senator,0,Under Votes,11,"Alamo Township, Precinct 1",24
101,REP United States Senator,1,Mike Rogers,14,"Alamo Township, Precinct 2",390
101,REP United States Senator,2,Write-in,14,"Alamo Township, Precinct 2",3
101,REP United States Senator,0,Over Votes,14,"Alamo Township, Precinct 2",0
101,REP United States Senator,0,Under Votes,14,"Alamo Township, Precinct 2",24
101,REP United States Senator,1,Mike Rogers,17,"Brady Charter Township, Precinct 1",280
101,REP United States Senator,2,Write-in,17,"Brady Charter Township, Precinct 1",0
101,REP United States Senator,0,Over Votes,17,"Brady Charter Township, Precinct 1",0
101,REP United States Senator,0,Under Votes,17,"Brady Charter Township, Precinct 1",15
101,REP United States Senator,1,Mike Rogers,20,"Brady Charter Township, Precinct 2",312
101,REP United States Senator,2,Write-in,20,"Brady Charter Township, Precinct 2",1
101,REP United States Senator,0,Over Votes,20,"Brady Charter Township, Precinct 2",0
101,REP United States Senator,0,Under Votes,20,"Brady Charter Township, Precinct 2",13
101,REP United States Senator,1,Mike Rogers,23,"Charleston Township, Precinct 1",275
101,REP United States Senator,2,Write-in,23,"Charleston Township, Precinct 1",3
101,REP United States Senator,0,Over Votes,23,"Charleston Township, Precinct 1",0
101,REP United States Senator,0,Under Votes,23,"Charleston Township, Precinct 1",18
101,REP United States Senator,1,Mike Rogers,26,"Climax Township, Precinct 1",336
101,REP United States Senator,2,Write-in,26,"Climax Township, Precinct 1",0
101,REP United States Senator,0,Over Votes,26,"Climax Township, Precinct 1",0
101,REP United States Senator,0,Under Votes,26,"Climax Township, Precinct 1",25
101,REP United States Senator,1,Mike Rogers,29,"Comstock Charter Township, Precinct 1",278
101,REP United States Senator,2,Write-in,29,"Comstock Charter Township, Precinct 1",3
101,REP United States Senator,0,Over Votes,29,"Comstock Charter Township, Precinct 1",0
101,REP United States Senator,0,Under Votes,29,"Comstock Charter Township, Precinct 1",20
101,REP United States Senator,1,Mike Rogers,32,"Comstock Charter Township, Precinct 2",191
101,REP United States Senator,2,Write-in,32,"Comstock Charter Township, Precinct 2",0
101,REP United States Senator,0,Over Votes,32,"Comstock Charter Township, Precinct 2",0
101,REP United States Senator,0,Under Votes,32,"Comstock Charter Township, Precinct 2",16
101,REP United States Senator,1,Mike Rogers,35,"Comstock Charter Township, Precinct 3",202
101,REP United States Senator,2,Write-in,35,"Comstock Charter Township, Precinct 3",2
101,REP United States Senator,0,Over Votes,35,"Comstock Charter Township, Precinct 3",0
101,REP United States Senator,0,Under Votes,35,"Comstock Charter Township, Precinct 3",4
101,REP United States Senator,1,Mike Rogers,38,"Comstock Charter Township, Precinct 4",228
101,REP United States Senator,2,Write-in,38,"Comstock Charter Township, Precinct 4",2
101,REP United States Senator,0,Over Votes,38,"Comstock Charter Township, Precinct 4",0
101,REP United States Senator,0,Under Votes,38,"Comstock Charter Township, Precinct 4",19
101,REP United States Senator,1,Mike Rogers,41,"Comstock Charter Township, Precinct 5",269
101,REP United States Senator,2,Write-in,41,"Comstock Charter Township, Precinct 5",1
101,REP United States Senator,0,Over Votes,41,"Comstock Charter Township, Precinct 5",0
101,REP United States Senator,0,Under Votes,41,"Comstock Charter Township, Precinct 5",14
101,REP United States Senator,1,Mike Rogers,44,"Comstock Charter Township, Precinct 6",195
101,REP United States Senator,2,Write-in,44,"Comstock Charter Township, Precinct 6",2
101,REP United States Senator,0,Over Votes,44,"Comstock Charter Township, Precinct 6",1
101,REP United States Senator,0,Under Votes,44,"Comstock Charter Township, Precinct 6",20
101,REP United States Senator,1,Mike Rogers,50,"Cooper Charter Township, Precinct 1",189
101,REP United States Senator,2,Write-in,50,"Cooper Charter Township, Precinct 1",1
101,REP United States Senator,0,Over Votes,50,"Cooper Charter Township, Precinct 1",0
101,REP United States Senator,0,Under Votes,50,"Cooper Charter Township, Precinct 1",11
101,REP United States Senator,1,Mike Rogers,54,"Cooper Charter Township, Precinct 2",200
101,REP United States Senator,2,Write-in,54,"Cooper Charter Township, Precinct 2",3
101,REP United States Senator,0,Over Votes,54,"Cooper Charter Township, Precinct 2",0
101,REP United States Senator,0,Under Votes,54,"Cooper Charter Township, Precinct 2",14
101,REP United States Senator,1,Mike Rogers,58,"Cooper Charter Township, Precinct 3",330
101,REP United States Senator,2,Write-in,58,"Cooper Charter Township, Precinct 3",5
101,REP United States Senator,0,Over Votes,58,"Cooper Charter Township, Precinct 3",0
101,REP United States Senator,0,Under Votes,58,"Cooper Charter Township, Precinct 3",23
101,REP United States Senator,1,Mike Rogers,62,"Cooper Charter Township, Precinct 4",475
101,REP United States Senator,2,Write-in,62,"Cooper Charter Township, Precinct 4",3
101,REP United States Senator,0,Over Votes,62,"Cooper Charter Township, Precinct 4",0
101,REP United States Senator,0,Under Votes,62,"Cooper Charter Township, Precinct 4",33
101,REP United States Senator,1,Mike Rogers,66,"Galesburg City, Precinct 1",92
101,REP United States Senator,2,Write-in,66,"Galesburg City, Precinct 1",2
101,REP United States Senator,0,Over Votes,66,"Galesburg City, Precinct 1",0
101,REP United States Senator,0,Under Votes,66,"Galesburg City, Precinct 1",0
101,REP United States Senator,1,Mike Rogers,69,"Kalamazoo Charter Township, Precinct 1",36
101,REP United States Senator,2,Write-in,69,"Kalamazoo Charter Township, Precinct 1",1
101,REP United States Senator,0,Over Votes,69,"Kalamazoo Charter Township, Precinct 1",0
101,REP United States Senator,0,Under Votes,69,"Kalamazoo Charter Township, Precinct 1",1
101,REP United States Senator,1,Mike Rogers,75,"Kalamazoo Charter Township, Precinct 2",309
101,REP United States Senator,2,Write-in,75,"Kalamazoo Charter Township, Precinct 2",4
101,REP United States Senator,0,Over Votes,75,"Kalamazoo Charter Township, Precinct 2",0
101,REP United States Senator,0,Under Votes,75,"Kalamazoo Charter Township, Precinct 2",16
101,REP United States Senator,1,Mike Rogers,78,"Kalamazoo Charter Township, Precinct 3",273
101,REP United States Senator,2,Write-in,78,"Kalamazoo Charter Township, Precinct 3",2
101,REP United States Senator,0,Over Votes,78,"Kalamazoo Charter Township, Precinct 3",0
101,REP United States Senator,0,Under Votes,78,"Kalamazoo Charter Township, Precinct 3",14
101,REP United States Senator,1,Mike Rogers,81,"Kalamazoo Charter Township, Precinct 4",156
101,REP United States Senator,2,Write-in,81,"Kalamazoo Charter Township, Precinct 4",1
101,REP United States Senator,0,Over Votes,81,"Kalamazoo Charter Township, Precinct 4",0
101,REP United States Senator,0,Under Votes,81,"Kalamazoo Charter Township, Precinct 4",14
101,REP United States Senator,1,Mike Rogers,84,"Kalamazoo Charter Township, Precinct 5",102
101,REP United States Senator,2,Write-in,84,"Kalamazoo Charter Township, Precinct 5",1
101,REP United States Senator,0,Over Votes,84,"Kalamazoo Charter Township, Precinct 5",0
101,REP United States Senator,0,Under Votes,84,"Kalamazoo Charter Township, Precinct 5",3
101,REP United States Senator,1,Mike Rogers,87,"Kalamazoo Charter Township, Precinct 6",129
101,REP United States Senator,2,Write-in,87,"Kalamazoo Charter Township, Precinct 6",1
101,REP United States Senator,0,Over Votes,87,"Kalamazoo Charter Township, Precinct 6",0
101,REP United States Senator,0,Under Votes,87,"Kalamazoo Charter Township, Precinct 6",4
101,REP United States Senator,1,Mike Rogers,133,"Kalamazoo City, Precinct 2",18
101,REP United States Senator,2,Write-in,133,"Kalamazoo City, Precinct 2",0
101,REP United States Senator,0,Over Votes,133,"Kalamazoo City, Precinct 2",0
101,REP United States Senator,0,Under Votes,133,"Kalamazoo City, Precinct 2",0
101,REP United States Senator,1,Mike Rogers,162,"Kalamazoo City, Precinct 3",63
101,REP United States Senator,2,Write-in,162,"Kalamazoo City, Precinct 3",0
101,REP United States Senator,0,Over Votes,162,"Kalamazoo City, Precinct 3",0
101,REP United States Senator,0,Under Votes,162,"Kalamazoo City, Precinct 3",5
101,REP United States Senator,1,Mike Rogers,165,"Kalamazoo City, Precinct 4",80
101,REP United States Senator,2,Write-in,165,"Kalamazoo City, Precinct 4",0
101,REP United States Senator,0,Over Votes,165,"Kalamazoo City, Precinct 4",0
101,REP United States Senator,0,Under Votes,165,"Kalamazoo City, Precinct 4",8
101,REP United States Senator,1,Mike Rogers,168,"Kalamazoo City, Precinct 5",78
101,REP United States Senator,2,Write-in,168,"Kalamazoo City, Precinct 5",1
101,REP United States Senator,0,Over Votes,168,"Kalamazoo City, Precinct 5",0
101,REP United States Senator,0,Under Votes,168,"Kalamazoo City, Precinct 5",4
101,REP United States Senator,1,Mike Rogers,171,"Kalamazoo City, Precinct 6",124
101,REP United States Senator,2,Write-in,171,"Kalamazoo City, Precinct 6",0
101,REP United States Senator,0,Over Votes,171,"Kalamazoo City, Precinct 6",0
101,REP United States Senator,0,Under Votes,171,"Kalamazoo City, Precinct 6",6
101,REP United States Senator,1,Mike Rogers,174,"Kalamazoo City, Precinct 7",35
101,REP United States Senator,2,Write-in,174,"Kalamazoo City, Precinct 7",1
101,REP United States Senator,0,Over Votes,174,"Kalamazoo City, Precinct 7",0
101,REP United States Senator,0,Under Votes,174,"Kalamazoo City, Precinct 7",2
101,REP United States Senator,1,Mike Rogers,177,"Kalamazoo City, Precinct 8",27
101,REP United States Senator,2,Write-in,177,"Kalamazoo City, Precinct 8",0
101,REP United States Senator,0,Over Votes,177,"Kalamazoo City, Precinct 8",0
101,REP United States Senator,0,Under Votes,177,"Kalamazoo City, Precinct 8",4
101,REP United States Senator,1,Mike Rogers,180,"Kalamazoo City, Precinct 9",105
101,REP United States Senator,2,Write-in,180,"Kalamazoo City, Precinct 9",1
101,REP United States Senator,0,Over Votes,180,"Kalamazoo City, Precinct 9",0
101,REP United States Senator,0,Under Votes,180,"Kalamazoo City, Precinct 9",5
101,REP United States Senator,1,Mike Rogers,102,"Kalamazoo City, Precinct 10",137
101,REP United States Senator,2,Write-in,102,"Kalamazoo City, Precinct 10",2
101,REP United States Senator,0,Over Votes,102,"Kalamazoo City, Precinct 10",0
101,REP United States Senator,0,Under Votes,102,"Kalamazoo City, Precinct 10",10
101,REP United States Senator,1,Mike Rogers,105,"Kalamazoo City, Precinct 11",24
101,REP United States Senator,2,Write-in,105,"Kalamazoo City, Precinct 11",0
101,REP United States Senator,0,Over Votes,105,"Kalamazoo City, Precinct 11",0
101,REP United States Senator,0,Under Votes,105,"Kalamazoo City, Precinct 11",0
101,REP United States Senator,1,Mike Rogers,108,"Kalamazoo City, Precinct 12",122
101,REP United States Senator,2,Write-in,108,"Kalamazoo City, Precinct 12",1
101,REP United States Senator,0,Over Votes,108,"Kalamazoo City, Precinct 12",0
101,REP United States Senator,0,Under Votes,108,"Kalamazoo City, Precinct 12",2
101,REP United States Senator,1,Mike Rogers,111,"Kalamazoo City, Precinct 13",65
101,REP United States Senator,2,Write-in,111,"Kalamazoo City, Precinct 13",2
101,REP United States Senator,0,Over Votes,111,"Kalamazoo City, Precinct 13",0
101,REP United States Senator,0,Under Votes,111,"Kalamazoo City, Precinct 13",5
101,REP United States Senator,1,Mike Rogers,114,"Kalamazoo City, Precinct 14",154
101,REP United States Senator,2,Write-in,114,"Kalamazoo City, Precinct 14",2
101,REP United States Senator,0,Over Votes,114,"Kalamazoo City, Precinct 14",0
101,REP United States Senator,0,Under Votes,114,"Kalamazoo City, Precinct 14",13
101,REP United States Senator,1,Mike Rogers,117,"Kalamazoo City, Precinct 15",40
101,REP United States Senator,2,Write-in,117,"Kalamazoo City, Precinct 15",2
101,REP United States Senator,0,Over Votes,117,"Kalamazoo City, Precinct 15",0
101,REP United States Senator,0,Under Votes,117,"Kalamazoo City, Precinct 15",3
101,REP United States Senator,1,Mike Rogers,120,"Kalamazoo City, Precinct 16",94
101,REP United States Senator,2,Write-in,120,"Kalamazoo City, Precinct 16",0
101,REP United States Senator,0,Over Votes,120,"Kalamazoo City, Precinct 16",0
101,REP United States Senator,0,Under Votes,120,"Kalamazoo City, Precinct 16",7
101,REP United States Senator,1,Mike Rogers,123,"Kalamazoo City, Precinct 17",95
101,REP United States Senator,2,Write-in,123,"Kalamazoo City, Precinct 17",1
101,REP United States Senator,0,Over Votes,123,"Kalamazoo City, Precinct 17",0
101,REP United States Senator,0,Under Votes,123,"Kalamazoo City, Precinct 17",3
101,REP United States Senator,1,Mike Rogers,127,"Kalamazoo City, Precinct 18",87
101,REP United States Senator,2,Write-in,127,"Kalamazoo City, Precinct 18",1
101,REP United States Senator,0,Over Votes,127,"Kalamazoo City, Precinct 18",0
101,REP United States Senator,0,Under Votes,127,"Kalamazoo City, Precinct 18",4
101,REP United States Senator,1,Mike Rogers,130,"Kalamazoo City, Precinct 19",73
101,REP United States Senator,2,Write-in,130,"Kalamazoo City, Precinct 19",0
101,REP United States Senator,0,Over Votes,130,"Kalamazoo City, Precinct 19",0
101,REP United States Senator,0,Under Votes,130,"Kalamazoo City, Precinct 19",7
101,REP United States Senator,1,Mike Rogers,136,"Kalamazoo City, Precinct 20",110
101,REP United States Senator,2,Write-in,136,"Kalamazoo City, Precinct 20",1
101,REP United States Senator,0,Over Votes,136,"Kalamazoo City, Precinct 20",0
101,REP United States Senator,0,Under Votes,136,"Kalamazoo City, Precinct 20",5
101,REP United States Senator,1,Mike Rogers,139,"Kalamazoo City, Precinct 21",133
101,REP United States Senator,2,Write-in,139,"Kalamazoo City, Precinct 21",1
101,REP United States Senator,0,Over Votes,139,"Kalamazoo City, Precinct 21",0
101,REP United States Senator,0,Under Votes,139,"Kalamazoo City, Precinct 21",10
101,REP United States Senator,1,Mike Rogers,183,"Oshtemo Charter Township, Precinct 1",241
101,REP United States Senator,2,Write-in,183,"Oshtemo Charter Township, Precinct 1",2
101,REP United States Senator,0,Over Votes,183,"Oshtemo Charter Township, Precinct 1",0
101,REP United States Senator,0,Under Votes,183,"Oshtemo Charter Township, Precinct 1",11
101,REP United States Senator,1,Mike Rogers,189,"Oshtemo Charter Township, Precinct 2",270
101,REP United States Senator,2,Write-in,189,"Oshtemo Charter Township, Precinct 2",1
101,REP United States Senator,0,Over Votes,189,"Oshtemo Charter Township, Precinct 2",0
101,REP United States Senator,0,Under Votes,189,"Oshtemo Charter Township, Precinct 2",28
101,REP United States Senator,1,Mike Rogers,192,"Oshtemo Charter Township, Precinct 3",176
101,REP United States Senator,2,Write-in,192,"Oshtemo Charter Township, Precinct 3",0
101,REP United States Senator,0,Over Votes,192,"Oshtemo Charter Township, Precinct 3",0
101,REP United States Senator,0,Under Votes,192,"Oshtemo Charter Township, Precinct 3",4
101,REP United States Senator,1,Mike Rogers,195,"Oshtemo Charter Township, Precinct 4",178
101,REP United States Senator,2,Write-in,195,"Oshtemo Charter Township, Precinct 4",0
101,REP United States Senator,0,Over Votes,195,"Oshtemo Charter Township, Precinct 4",0
101,REP United States Senator,0,Under Votes,195,"Oshtemo Charter Township, Precinct 4",8
101,REP United States Senator,1,Mike Rogers,198,"Oshtemo Charter Township, Precinct 5",215
101,REP United States Senator,2,Write-in,198,"Oshtemo Charter Township, Precinct 5",0
101,REP United States Senator,0,Over Votes,198,"Oshtemo Charter Township, Precinct 5",0
101,REP United States Senator,0,Under Votes,198,"Oshtemo Charter Township, Precinct 5",12
101,REP United States Senator,1,Mike Rogers,201,"Oshtemo Charter Township, Precinct 6",131
101,REP United States Senator,2,Write-in,201,"Oshtemo Charter Township, Precinct 6",0
101,REP United States Senator,0,Over Votes,201,"Oshtemo Charter Township, Precinct 6",0
101,REP United States Senator,0,Under Votes,201,"Oshtemo Charter Township, Precinct 6",11
101,REP United States Senator,1,Mike Rogers,204,"Oshtemo Charter Township, Precinct 7",165
101,REP United States Senator,2,Write-in,204,"Oshtemo Charter Township, Precinct 7",0
101,REP United States Senator,0,Over Votes,204,"Oshtemo Charter Township, Precinct 7",0
101,REP United States Senator,0,Under Votes,204,"Oshtemo Charter Township, Precinct 7",13
101,REP United States Senator,1,Mike Rogers,207,"Oshtemo Charter Township, Precinct 8",85
101,REP United States Senator,2,Write-in,207,"Oshtemo Charter Township, Precinct 8",1
101,REP United States Senator,0,Over Votes,207,"Oshtemo Charter Township, Precinct 8",0
101,REP United States Senator,0,Under Votes,207,"Oshtemo Charter Township, Precinct 8",7
101,REP United States Senator,1,Mike Rogers,210,"Oshtemo Charter Township, Precinct 9",188
101,REP United States Senator,2,Write-in,210,"Oshtemo Charter Township, Precinct 9",0
101,REP United States Senator,0,Over Votes,210,"Oshtemo Charter Township, Precinct 9",0
101,REP United States Senator,0,Under Votes,210,"Oshtemo Charter Township, Precinct 9",16
101,REP United States Senator,1,Mike Rogers,213,"Parchment City, Precinct 1",120
101,REP United States Senator,2,Write-in,213,"Parchment City, Precinct 1",1
101,REP United States Senator,0,Over Votes,213,"Parchment City, Precinct 1",0
101,REP United States Senator,0,Under Votes,213,"Parchment City, Precinct 1",10
101,REP United States Senator,1,Mike Rogers,216,"Charter Township of Pavilion, Precinct 1",294
101,REP United States Senator,2,Write-in,216,"Charter Township of Pavilion, Precinct 1",0
101,REP United States Senator,0,Over Votes,216,"Charter Township of Pavilion, Precinct 1",0
101,REP United States Senator,0,Under Votes,216,"Charter Township of Pavilion, Precinct 1",30
101,REP United States Senator,1,Mike Rogers,219,"Charter Township of Pavilion, Precinct 2",199
101,REP United States Senator,2,Write-in,219,"Charter Township of Pavilion, Precinct 2",0
101,REP United States Senator,0,Over Votes,219,"Charter Township of Pavilion, Precinct 2",0
101,REP United States Senator,0,Under Votes,219,"Charter Township of Pavilion, Precinct 2",9
101,REP United States Senator,1,Mike Rogers,222,"Charter Township of Pavilion, Precinct 3",142
101,REP United States Senator,2,Write-in,222,"Charter Township of Pavilion, Precinct 3",2
101,REP United States Senator,0,Over Votes,222,"Charter Township of Pavilion, Precinct 3",0
101,REP United States Senator,0,Under Votes,222,"Charter Township of Pavilion, Precinct 3",11
101,REP United States Senator,1,Mike Rogers,226,"Portage City, Precinct 1",213
101,REP United States Senator,2,Write-in,226,"Portage City, Precinct 1",2
101,REP United States Senator,0,Over Votes,226,"Portage City, Precinct 1",0
101,REP United States Senator,0,Under Votes,226,"Portage City, Precinct 1",14
101,REP United States Senator,1,Mike Rogers,260,"Portage City, Precinct 2",63
101,REP United States Senator,2,Write-in,260,"Portage City, Precinct 2",0
101,REP United States Senator,0,Over Votes,260,"Portage City, Precinct 2",0
101,REP United States Senator,0,Under Votes,260,"Portage City, Precinct 2",4
101,REP United States Senator,1,Mike Rogers,264,"Portage City, Precinct 3",481
101,REP United States Senator,2,Write-in,264,"Portage City, Precinct 3",1
101,REP United States Senator,0,Over Votes,264,"Portage City, Precinct 3",0
101,REP United States Senator,0,Under Votes,264,"Portage City, Precinct 3",40
101,REP United States Senator,1,Mike Rogers,267,"Portage City, Precinct 4",508
101,REP United States Senator,2,Write-in,267,"Portage City, Precinct 4",1
101,REP United States Senator,0,Over Votes,267,"Portage City, Precinct 4",0
101,REP United States Senator,0,Under Votes,267,"Portage City, Precinct 4",28
101,REP United States Senator,1,Mike Rogers,271,"Portage City, Precinct 5",531
101,REP United States Senator,2,Write-in,271,"Portage City, Precinct 5",3
101,REP United States Senator,0,Over Votes,271,"Portage City, Precinct 5",0
101,REP United States Senator,0,Under Votes,271,"Portage City, Precinct 5",36
101,REP United States Senator,1,Mike Rogers,274,"Portage City, Precinct 6",219
101,REP United States Senator,2,Write-in,274,"Portage City, Precinct 6",2
101,REP United States Senator,0,Over Votes,274,"Portage City, Precinct 6",0
101,REP United States Senator,0,Under Votes,274,"Portage City, Precinct 6",16
101,REP United States Senator,1,Mike Rogers,277,"Portage City, Precinct 7",284
101,REP United States Senator,2,Write-in,277,"Portage City, Precinct 7",0
101,REP United States Senator,0,Over Votes,277,"Portage City, Precinct 7",0
101,REP United States Senator,0,Under Votes,277,"Portage City, Precinct 7",20
101,REP United States Senator,1,Mike Rogers,280,"Portage City, Precinct 8",373
101,REP United States Senator,2,Write-in,280,"Portage City, Precinct 8",2
101,REP United States Senator,0,Over Votes,280,"Portage City, Precinct 8",0
101,REP United States Senator,0,Under Votes,280,"Portage City, Precinct 8",24
101,REP United States Senator,1,Mike Rogers,283,"Portage City, Precinct 9",180
101,REP United States Senator,2,Write-in,283,"Portage City, Precinct 9",2
101,REP United States Senator,0,Over Votes,283,"Portage City, Precinct 9",0
101,REP United States Senator,0,Under Votes,283,"Portage City, Precinct 9",8
101,REP United States Senator,1,Mike Rogers,229,"Portage City, Precinct 10",478
101,REP United States Senator,2,Write-in,229,"Portage City, Precinct 10",2
101,REP United States Senator,0,Over Votes,229,"Portage City, Precinct 10",0
101,REP United States Senator,0,Under Votes,229,"Portage City, Precinct 10",28
101,REP United States Senator,1,Mike Rogers,233,"Portage City, Precinct 11",223
101,REP United States Senator,2,Write-in,233,"Portage City, Precinct 11",0
101,REP United States Senator,0,Over Votes,233,"Portage City, Precinct 11",1
101,REP United States Senator,0,Under Votes,233,"Portage City, Precinct 11",14
101,REP United States Senator,1,Mike Rogers,236,"Portage City, Precinct 12",154
101,REP United States Senator,2,Write-in,236,"Portage City, Precinct 12",1
101,REP United States Senator,0,Over Votes,236,"Portage City, Precinct 12",0
101,REP United States Senator,0,Under Votes,236,"Portage City, Precinct 12",10
101,REP United States Senator,1,Mike Rogers,239,"Portage City, Precinct 13",318
101,REP United States Senator,2,Write-in,239,"Portage City, Precinct 13",1
101,REP United States Senator,0,Over Votes,239,"Portage City, Precinct 13",0
101,REP United States Senator,0,Under Votes,239,"Portage City, Precinct 13",21
101,REP United States Senator,1,Mike Rogers,286,"Prairie Ronde Township, Precinct 1",340
101,REP United States Senator,2,Write-in,286,"Prairie Ronde Township, Precinct 1",1
101,REP United States Senator,0,Over Votes,286,"Prairie Ronde Township, Precinct 1",0
101,REP United States Senator,0,Under Votes,286,"Prairie Ronde Township, Precinct 1",21
101,REP United States Senator,1,Mike Rogers,290,"Richland Township, Precinct 1",444
101,REP United States Senator,2,Write-in,290,"Richland Township, Precinct 1",0
101,REP United States Senator,0,Over Votes,290,"Richland Township, Precinct 1",0
101,REP United States Senator,0,Under Votes,290,"Richland Township, Precinct 1",23
101,REP United States Senator,1,Mike Rogers,293,"Richland Township, Precinct 2",571
101,REP United States Senator,2,Write-in,293,"Richland Township, Precinct 2",2
101,REP United States Senator,0,Over Votes,293,"Richland Township, Precinct 2",0
101,REP United States Senator,0,Under Votes,293,"Richland Township, Precinct 2",31
101,REP United States Senator,1,Mike Rogers,299,"Ross Township, Precinct 1",303
101,REP United States Senator,2,Write-in,299,"Ross Township, Precinct 1",1
101,REP United States Senator,0,Over Votes,299,"Ross Township, Precinct 1",0
101,REP United States Senator,0,Under Votes,299,"Ross Township, Precinct 1",18
101,REP United States Senator,1,Mike Rogers,302,"Ross Township, Precinct 2",436
101,REP United States Senator,2,Write-in,302,"Ross Township, Precinct 2",3
101,REP United States Senator,0,Over Votes,302,"Ross Township, Precinct 2",0
101,REP United States Senator,0,Under Votes,302,"Ross Township, Precinct 2",20
101,REP United States Senator,1,Mike Rogers,305,"Schoolcraft Township, Precinct 1",236
101,REP United States Senator,2,Write-in,305,"Schoolcraft Township, Precinct 1",1
101,REP United States Senator,0,Over Votes,305,"Schoolcraft Township, Precinct 1",0
101,REP United States Senator,0,Under Votes,305,"Schoolcraft Township, Precinct 1",14
101,REP United States Senator,1,Mike Rogers,308,"Schoolcraft Township, Precinct 2",118
101,REP United States Senator,2,Write-in,308,"Schoolcraft Township, Precinct 2",1
101,REP United States Senator,0,Over Votes,308,"Schoolcraft Township, Precinct 2",0
101,REP United States Senator,0,Under Votes,308,"Schoolcraft Township, Precinct 2",4
101,REP United States Senator,1,Mike Rogers,311,"Schoolcraft Township, Precinct 3",306
101,REP United States Senator,2,Write-in,311,"Schoolcraft Township, Precinct 3",3
101,REP United States Senator,0,Over Votes,311,"Schoolcraft Township, Precinct 3",1
101,REP United States Senator,0,Under Votes,311,"Schoolcraft Township, Precinct 3",20
101,REP United States Senator,1,Mike Rogers,314,"Schoolcraft Township, Precinct 4",185
101,REP United States Senator,2,Write-in,314,"Schoolcraft Township, Precinct 4",0
101,REP United States Senator,0,Over Votes,314,"Schoolcraft Township, Precinct 4",0
101,REP United States Senator,0,Under Votes,314,"Schoolcraft Township, Precinct 4",14
101,REP United States Senator,1,Mike Rogers,317,"Texas Charter Township, Precinct 1",327
101,REP United States Senator,2,Write-in,317,"Texas Charter Township, Precinct 1",0
101,REP United States Senator,0,Over Votes,317,"Texas Charter Township, Precinct 1",0
101,REP United States Senator,0,Under Votes,317,"Texas Charter Township, Precinct 1",20
101,REP United States Senator,1,Mike Rogers,320,"Texas Charter Township, Precinct 2",299
101,REP United States Senator,2,Write-in,320,"Texas Charter Township, Precinct 2",0
101,REP United States Senator,0,Over Votes,320,"Texas Charter Township, Precinct 2",0
101,REP United States Senator,0,Under Votes,320,"Texas Charter Township, Precinct 2",14
101,REP United States Senator,1,Mike Rogers,323,"Texas Charter Township, Precinct 3",185
101,REP United States Senator,2,Write-in,323,"Texas Charter Township, Precinct 3",1
101,REP United States Senator,0,Over Votes,323,"Texas Charter Township, Precinct 3",0
101,REP United States Senator,0,Under Votes,323,"Texas Charter Township, Precinct 3",14
101,REP United States Senator,1,Mike Rogers,326,"Texas Charter Township, Precinct 4",292
101,REP United States Senator,2,Write-in,326,"Texas Charter Township, Precinct 4",3
101,REP United States Senator,0,Over Votes,326,"Texas Charter Township, Precinct 4",0
101,REP United States Senator,0,Under Votes,326,"Texas Charter Township, Precinct 4",11
101,REP United States Senator,1,Mike Rogers,329,"Texas Charter Township, Precinct 5",384
101,REP United States Senator,2,Write-in,329,"Texas Charter Township, Precinct 5",2
101,REP United States Senator,0,Over Votes,329,"Texas Charter Township, Precinct 5",0
101,REP United States Senator,0,Under Votes,329,"Texas Charter Township, Precinct 5",30
101,REP United States Senator,1,Mike Rogers,333,"Texas Charter Township, Precinct 6",412
101,REP United States Senator,2,Write-in,333,"Texas Charter Township, Precinct 6",2
101,REP United States Senator,0,Over Votes,333,"Texas Charter Township, Precinct 6",0
101,REP United States Senator,0,Under Votes,333,"Texas Charter Township, Precinct 6",36
101,REP United States Senator,1,Mike Rogers,336,"Wakeshma Township, Precinct 1",163
101,REP United States Senator,2,Write-in,336,"Wakeshma Township, Precinct 1",0
101,REP United States Senator,0,Over Votes,336,"Wakeshma Township, Precinct 1",0
101,REP United States Senator,0,Under Votes,336,"Wakeshma Township, Precinct 1",13
102,REP Representative in Congress District 4,1,Bill Huizenga,11,"Alamo Township, Precinct 1",229
102,REP Representative in Congress District 4,2,Philip Tanis,11,"Alamo Township, Precinct 1",17
102,REP Representative in Congress District 4,3,Write-in,11,"Alamo Township, Precinct 1",0
102,REP Representative in Congress District 4,0,Over Votes,11,"Alamo Township, Precinct 1",0
102,REP Representative in Congress District 4,0,Under Votes,11,"Alamo Township, Precinct 1",12
102,REP Representative in Congress District 4,1,Bill Huizenga,14,"Alamo Township, Precinct 2",364
102,REP Representative in Congress District 4,2,Philip Tanis,14,"Alamo Township, Precinct 2",40
102,REP Representative in Congress District 4,3,Write-in,14,"Alamo Township, Precinct 2",1
102,REP Representative in Congress District 4,0,Over Votes,14,"Alamo Township, Precinct 2",0
102,REP Representative in Congress District 4,0,Under Votes,14,"Alamo Township, Precinct 2",13
102,REP Representative in Congress District 4,1,Bill Huizenga,23,"Charleston Township, Precinct 1",257
102,REP Representative in Congress District 4,2,Philip Tanis,23,"Charleston Township, Precinct 1",31
102,REP Representative in Congress District 4,3,Write-in,23,"Charleston Township, Precinct 1",0
102,REP Representative in Congress District 4,0,Over Votes,23,"Charleston Township, Precinct 1",0
102,REP Representative in Congress District 4,0,Under Votes,23,"Charleston Township, Precinct 1",8
102,REP Representative in Congress District 4,1,Bill Huizenga,26,"Climax Township, Precinct 1",301
102,REP Representative in Congress District 4,2,Philip Tanis,26,"Climax Township, Precinct 1",48
102,REP Representative in Congress District 4,3,Write-in,26,"Climax Township, Precinct 1",0
102,REP Representative in Congress District 4,0,Over Votes,26,"Climax Township, Precinct 1",0
102,REP Representative in Congress District 4,0,Under Votes,26,"Climax Township, Precinct 1",12
102,REP Representative in Congress District 4,1,Bill Huizenga,29,"Comstock Charter Township, Precinct 1",261
102,REP Representative in Congress District 4,2,Philip Tanis,29,"Comstock Charter Township, Precinct 1",30
102,REP Representative in Congress District 4,3,Write-in,29,"Comstock Charter Township, Precinct 1",0
102,REP Representative in Congress District 4,0,Over Votes,29,"Comstock Charter Township, Precinct 1",0
102,REP Representative in Congress District 4,0,Under Votes,29,"Comstock Charter Township, Precinct 1",10
102,REP Representative in Congress District 4,1,Bill Huizenga,32,"Comstock Charter Township, Precinct 2",168
102,REP Representative in Congress District 4,2,Philip Tanis,32,"Comstock Charter Township, Precinct 2",33
102,REP Representative in Congress District 4,3,Write-in,32,"Comstock Charter Township, Precinct 2",1
102,REP Representative in Congress District 4,0,Over Votes,32,"Comstock Charter Township, Precinct 2",1
102,REP Representative in Congress District 4,0,Under Votes,32,"Comstock Charter Township, Precinct 2",4
102,REP Representative in Congress District 4,1,Bill Huizenga,35,"Comstock Charter Township, Precinct 3",179
102,REP Representative in Congress District 4,2,Philip Tanis,35,"Comstock Charter Township, Precinct 3",26
102,REP Representative in Congress District 4,3,Write-in,35,"Comstock Charter Township, Precinct 3",1
102,REP Representative in Congress District 4,0,Over Votes,35,"Comstock Charter Township, Precinct 3",0
102,REP Representative in Congress District 4,0,Under Votes,35,"Comstock Charter Township, Precinct 3",2
102,REP Representative in Congress District 4,1,Bill Huizenga,38,"Comstock Charter Township, Precinct 4",216
102,REP Representative in Congress District 4,2,Philip Tanis,38,"Comstock Charter Township, Precinct 4",27
102,REP Representative in Congress District 4,3,Write-in,38,"Comstock Charter Township, Precinct 4",1
102,REP Representative in Congress District 4,0,Over Votes,38,"Comstock Charter Township, Precinct 4",1
102,REP Representative in Congress District 4,0,Under Votes,38,"Comstock Charter Township, Precinct 4",4
102,REP Representative in Congress District 4,1,Bill Huizenga,41,"Comstock Charter Township, Precinct 5",247
102,REP Representative in Congress District 4,2,Philip Tanis,41,"Comstock Charter Township, Precinct 5",30
102,REP Representative in Congress District 4,3,Write-in,41,"Comstock Charter Township, Precinct 5",1
102,REP Representative in Congress District 4,0,Over Votes,41,"Comstock Charter Township, Precinct 5",1
102,REP Representative in Congress District 4,0,Under Votes,41,"Comstock Charter Township, Precinct 5",5
102,REP Representative in Congress District 4,1,Bill Huizenga,44,"Comstock Charter Township, Precinct 6",183
102,REP Representative in Congress District 4,2,Philip Tanis,44,"Comstock Charter Township, Precinct 6",28
102,REP Representative in Congress District 4,3,Write-in,44,"Comstock Charter Township, Precinct 6",2
102,REP Representative in Congress District 4,0,Over Votes,44,"Comstock Charter Township, Precinct 6",1
102,REP Representative in Congress District 4,0,Under Votes,44,"Comstock Charter Township, Precinct 6",4
102,REP Representative in Congress District 4,1,Bill Huizenga,50,"Cooper Charter Township, Precinct 1",172
102,REP Representative in Congress District 4,2,Philip Tanis,50,"Cooper Charter Township, Precinct 1",21
102,REP Representative in Congress District 4,3,Write-in,50,"Cooper Charter Township, Precinct 1",0
102,REP Representative in Congress District 4,0,Over Votes,50,"Cooper Charter Township, Precinct 1",0
102,REP Representative in Congress District 4,0,Under Votes,50,"Cooper Charter Township, Precinct 1",8
102,REP Representative in Congress District 4,1,Bill Huizenga,54,"Cooper Charter Township, Precinct 2",174
102,REP Representative in Congress District 4,2,Philip Tanis,54,"Cooper Charter Township, Precinct 2",34
102,REP Representative in Congress District 4,3,Write-in,54,"Cooper Charter Township, Precinct 2",2
102,REP Representative in Congress District 4,0,Over Votes,54,"Cooper Charter Township, Precinct 2",0
102,REP Representative in Congress District 4,0,Under Votes,54,"Cooper Charter Township, Precinct 2",7
102,REP Representative in Congress District 4,1,Bill Huizenga,58,"Cooper Charter Township, Precinct 3",296
102,REP Representative in Congress District 4,2,Philip Tanis,58,"Cooper Charter Township, Precinct 3",45
102,REP Representative in Congress District 4,3,Write-in,58,"Cooper Charter Township, Precinct 3",4
102,REP Representative in Congress District 4,0,Over Votes,58,"Cooper Charter Township, Precinct 3",0
102,REP Representative in Congress District 4,0,Under Votes,58,"Cooper Charter Township, Precinct 3",13
102,REP Representative in Congress District 4,1,Bill Huizenga,62,"Cooper Charter Township, Precinct 4",446
102,REP Representative in Congress District 4,2,Philip Tanis,62,"Cooper Charter Township, Precinct 4",48
102,REP Representative in Congress District 4,3,Write-in,62,"Cooper Charter Township, Precinct 4",0
102,REP Representative in Congress District 4,0,Over Votes,62,"Cooper Charter Township, Precinct 4",0
102,REP Representative in Congress District 4,0,Under Votes,62,"Cooper Charter Township, Precinct 4",17
102,REP Representative in Congress District 4,1,Bill Huizenga,66,"Galesburg City, Precinct 1",85
102,REP Representative in Congress District 4,2,Philip Tanis,66,"Galesburg City, Precinct 1",12
102,REP Representative in Congress District 4,3,Write-in,66,"Galesburg City, Precinct 1",1
102,REP Representative in Congress District 4,0,Over Votes,66,"Galesburg City, Precinct 1",0
102,REP Representative in Congress District 4,0,Under Votes,66,"Galesburg City, Precinct 1",0
102,REP Representative in Congress District 4,1,Bill Huizenga,69,"Kalamazoo Charter Township, Precinct 1",27
102,REP Representative in Congress District 4,2,Philip Tanis,69,"Kalamazoo Charter Township, Precinct 1",10
102,REP Representative in Congress District 4,3,Write-in,69,"Kalamazoo Charter Township, Precinct 1",0
102,REP Representative in Congress District 4,0,Over Votes,69,"Kalamazoo Charter Township, Precinct 1",0
102,REP Representative in Congress District 4,0,Under Votes,69,"Kalamazoo Charter Township, Precinct 1",1
102,REP Representative in Congress District 4,1,Bill Huizenga,75,"Kalamazoo Charter Township, Precinct 2",293
102,REP Representative in Congress District 4,2,Philip Tanis,75,"Kalamazoo Charter Township, Precinct 2",29
102,REP Representative in Congress District 4,3,Write-in,75,"Kalamazoo Charter Township, Precinct 2",1
102,REP Representative in Congress District 4,0,Over Votes,75,"Kalamazoo Charter Township, Precinct 2",0
102,REP Representative in Congress District 4,0,Under Votes,75,"Kalamazoo Charter Township, Precinct 2",6
102,REP Representative in Congress District 4,1,Bill Huizenga,78,"Kalamazoo Charter Township, Precinct 3",255
102,REP Representative in Congress District 4,2,Philip Tanis,78,"Kalamazoo Charter Township, Precinct 3",24
102,REP Representative in Congress District 4,3,Write-in,78,"Kalamazoo Charter Township, Precinct 3",1
102,REP Representative in Congress District 4,0,Over Votes,78,"Kalamazoo Charter Township, Precinct 3",1
102,REP Representative in Congress District 4,0,Under Votes,78,"Kalamazoo Charter Township, Precinct 3",8
102,REP Representative in Congress District 4,1,Bill Huizenga,81,"Kalamazoo Charter Township, Precinct 4",152
102,REP Representative in Congress District 4,2,Philip Tanis,81,"Kalamazoo Charter Township, Precinct 4",14
102,REP Representative in Congress District 4,3,Write-in,81,"Kalamazoo Charter Township, Precinct 4",0
102,REP Representative in Congress District 4,0,Over Votes,81,"Kalamazoo Charter Township, Precinct 4",0
102,REP Representative in Congress District 4,0,Under Votes,81,"Kalamazoo Charter Township, Precinct 4",5
102,REP Representative in Congress District 4,1,Bill Huizenga,84,"Kalamazoo Charter Township, Precinct 5",93
102,REP Representative in Congress District 4,2,Philip Tanis,84,"Kalamazoo Charter Township, Precinct 5",12
102,REP Representative in Congress District 4,3,Write-in,84,"Kalamazoo Charter Township, Precinct 5",0
102,REP Representative in Congress District 4,0,Over Votes,84,"Kalamazoo Charter Township, Precinct 5",0
102,REP Representative in Congress District 4,0,Under Votes,84,"Kalamazoo Charter Township, Precinct 5",1
102,REP Representative in Congress District 4,1,Bill Huizenga,87,"Kalamazoo Charter Township, Precinct 6",114
102,REP Representative in Congress District 4,2,Philip Tanis,87,"Kalamazoo Charter Township, Precinct 6",19
102,REP Representative in Congress District 4,3,Write-in,87,"Kalamazoo Charter Township, Precinct 6",0
102,REP Representative in Congress District 4,0,Over Votes,87,"Kalamazoo Charter Township, Precinct 6",0
102,REP Representative in Congress District 4,0,Under Votes,87,"Kalamazoo Charter Township, Precinct 6",1
102,REP Representative in Congress District 4,1,Bill Huizenga,133,"Kalamazoo City, Precinct 2",16
102,REP Representative in Congress District 4,2,Philip Tanis,133,"Kalamazoo City, Precinct 2",2
102,REP Representative in Congress District 4,3,Write-in,133,"Kalamazoo City, Precinct 2",0
102,REP Representative in Congress District 4,0,Over Votes,133,"Kalamazoo City, Precinct 2",0
102,REP Representative in Congress District 4,0,Under Votes,133,"Kalamazoo City, Precinct 2",0
102,REP Representative in Congress District 4,1,Bill Huizenga,162,"Kalamazoo City, Precinct 3",55
102,REP Representative in Congress District 4,2,Philip Tanis,162,"Kalamazoo City, Precinct 3",10
102,REP Representative in Congress District 4,3,Write-in,162,"Kalamazoo City, Precinct 3",0
102,REP Representative in Congress District 4,0,Over Votes,162,"Kalamazoo City, Precinct 3",0
102,REP Representative in Congress District 4,0,Under Votes,162,"Kalamazoo City, Precinct 3",3
102,REP Representative in Congress District 4,1,Bill Huizenga,165,"Kalamazoo City, Precinct 4",74
102,REP Representative in Congress District 4,2,Philip Tanis,165,"Kalamazoo City, Precinct 4",10
102,REP Representative in Congress District 4,3,Write-in,165,"Kalamazoo City, Precinct 4",0
102,REP Representative in Congress District 4,0,Over Votes,165,"Kalamazoo City, Precinct 4",0
102,REP Representative in Congress District 4,0,Under Votes,165,"Kalamazoo City, Precinct 4",4
102,REP Representative in Congress District 4,1,Bill Huizenga,168,"Kalamazoo City, Precinct 5",72
102,REP Representative in Congress District 4,2,Philip Tanis,168,"Kalamazoo City, Precinct 5",9
102,REP Representative in Congress District 4,3,Write-in,168,"Kalamazoo City, Precinct 5",1
102,REP Representative in Congress District 4,0,Over Votes,168,"Kalamazoo City, Precinct 5",0
102,REP Representative in Congress District 4,0,Under Votes,168,"Kalamazoo City, Precinct 5",1
102,REP Representative in Congress District 4,1,Bill Huizenga,171,"Kalamazoo City, Precinct 6",120
102,REP Representative in Congress District 4,2,Philip Tanis,171,"Kalamazoo City, Precinct 6",9
102,REP Representative in Congress District 4,3,Write-in,171,"Kalamazoo City, Precinct 6",0
102,REP Representative in Congress District 4,0,Over Votes,171,"Kalamazoo City, Precinct 6",0
102,REP Representative in Congress District 4,0,Under Votes,171,"Kalamazoo City, Precinct 6",1
102,REP Representative in Congress District 4,1,Bill Huizenga,174,"Kalamazoo City, Precinct 7",29
102,REP Representative in Congress District 4,2,Philip Tanis,174,"Kalamazoo City, Precinct 7",8
102,REP Representative in Congress District 4,3,Write-in,174,"Kalamazoo City, Precinct 7",1
102,REP Representative in Congress District 4,0,Over Votes,174,"Kalamazoo City, Precinct 7",0
102,REP Representative in Congress District 4,0,Under Votes,174,"Kalamazoo City, Precinct 7",0
102,REP Representative in Congress District 4,1,Bill Huizenga,177,"Kalamazoo City, Precinct 8",23
102,REP Representative in Congress District 4,2,Philip Tanis,177,"Kalamazoo City, Precinct 8",8
102,REP Representative in Congress District 4,3,Write-in,177,"Kalamazoo City, Precinct 8",0
102,REP Representative in Congress District 4,0,Over Votes,177,"Kalamazoo City, Precinct 8",0
102,REP Representative in Congress District 4,0,Under Votes,177,"Kalamazoo City, Precinct 8",0
102,REP Representative in Congress District 4,1,Bill Huizenga,180,"Kalamazoo City, Precinct 9",100
102,REP Representative in Congress District 4,2,Philip Tanis,180,"Kalamazoo City, Precinct 9",9
102,REP Representative in Congress District 4,3,Write-in,180,"Kalamazoo City, Precinct 9",0
102,REP Representative in Congress District 4,0,Over Votes,180,"Kalamazoo City, Precinct 9",0
102,REP Representative in Congress District 4,0,Under Votes,180,"Kalamazoo City, Precinct 9",2
102,REP Representative in Congress District 4,1,Bill Huizenga,102,"Kalamazoo City, Precinct 10",124
102,REP Representative in Congress District 4,2,Philip Tanis,102,"Kalamazoo City, Precinct 10",22
102,REP Representative in Congress District 4,3,Write-in,102,"Kalamazoo City, Precinct 10",0
102,REP Representative in Congress District 4,0,Over Votes,102,"Kalamazoo City, Precinct 10",0
102,REP Representative in Congress District 4,0,Under Votes,102,"Kalamazoo City, Precinct 10",3
102,REP Representative in Congress District 4,1,Bill Huizenga,105,"Kalamazoo City, Precinct 11",20
102,REP Representative in Congress District 4,2,Philip Tanis,105,"Kalamazoo City, Precinct 11",4
102,REP Representative in Congress District 4,3,Write-in,105,"Kalamazoo City, Precinct 11",0
102,REP Representative in Congress District 4,0,Over Votes,105,"Kalamazoo City, Precinct 11",0
102,REP Representative in Congress District 4,0,Under Votes,105,"Kalamazoo City, Precinct 11",0
102,REP Representative in Congress District 4,1,Bill Huizenga,108,"Kalamazoo City, Precinct 12",102
102,REP Representative in Congress District 4,2,Philip Tanis,108,"Kalamazoo City, Precinct 12",21
102,REP Representative in Congress District 4,3,Write-in,108,"Kalamazoo City, Precinct 12",0
102,REP Representative in Congress District 4,0,Over Votes,108,"Kalamazoo City, Precinct 12",0
102,REP Representative in Congress District 4,0,Under Votes,108,"Kalamazoo City, Precinct 12",2
102,REP Representative in Congress District 4,1,Bill Huizenga,111,"Kalamazoo City, Precinct 13",55
102,REP Representative in Congress District 4,2,Philip Tanis,111,"Kalamazoo City, Precinct 13",15
102,REP Representative in Congress District 4,3,Write-in,111,"Kalamazoo City, Precinct 13",0
102,REP Representative in Congress District 4,0,Over Votes,111,"Kalamazoo City, Precinct 13",0
102,REP Representative in Congress District 4,0,Under Votes,111,"Kalamazoo City, Precinct 13",2
102,REP Representative in Congress District 4,1,Bill Huizenga,114,"Kalamazoo City, Precinct 14",149
102,REP Representative in Congress District 4,2,Philip Tanis,114,"Kalamazoo City, Precinct 14",12
102,REP Representative in Congress District 4,3,Write-in,114,"Kalamazoo City, Precinct 14",1
102,REP Representative in Congress District 4,0,Over Votes,114,"Kalamazoo City, Precinct 14",0
102,REP Representative in Congress District 4,0,Under Votes,114,"Kalamazoo City, Precinct 14",7
102,REP Representative in Congress District 4,1,Bill Huizenga,117,"Kalamazoo City, Precinct 15",34
102,REP Representative in Congress District 4,2,Philip Tanis,117,"Kalamazoo City, Precinct 15",9
102,REP Representative in Congress District 4,3,Write-in,117,"Kalamazoo City, Precinct 15",1
102,REP Representative in Congress District 4,0,Over Votes,117,"Kalamazoo City, Precinct 15",0
102,REP Representative in Congress District 4,0,Under Votes,117,"Kalamazoo City, Precinct 15",1
102,REP Representative in Congress District 4,1,Bill Huizenga,120,"Kalamazoo City, Precinct 16",80
102,REP Representative in Congress District 4,2,Philip Tanis,120,"Kalamazoo City, Precinct 16",19
102,REP Representative in Congress District 4,3,Write-in,120,"Kalamazoo City, Precinct 16",0
102,REP Representative in Congress District 4,0,Over Votes,120,"Kalamazoo City, Precinct 16",0
102,REP Representative in Congress District 4,0,Under Votes,120,"Kalamazoo City, Precinct 16",2
102,REP Representative in Congress District 4,1,Bill Huizenga,123,"Kalamazoo City, Precinct 17",81
102,REP Representative in Congress District 4,2,Philip Tanis,123,"Kalamazoo City, Precinct 17",16
102,REP Representative in Congress District 4,3,Write-in,123,"Kalamazoo City, Precinct 17",0
102,REP Representative in Congress District 4,0,Over Votes,123,"Kalamazoo City, Precinct 17",0
102,REP Representative in Congress District 4,0,Under Votes,123,"Kalamazoo City, Precinct 17",2
102,REP Representative in Congress District 4,1,Bill Huizenga,127,"Kalamazoo City, Precinct 18",77
102,REP Representative in Congress District 4,2,Philip Tanis,127,"Kalamazoo City, Precinct 18",14
102,REP Representative in Congress District 4,3,Write-in,127,"Kalamazoo City, Precinct 18",1
102,REP Representative in Congress District 4,0,Over Votes,127,"Kalamazoo City, Precinct 18",0
102,REP Representative in Congress District 4,0,Under Votes,127,"Kalamazoo City, Precinct 18",0
102,REP Representative in Congress District 4,1,Bill Huizenga,130,"Kalamazoo City, Precinct 19",68
102,REP Representative in Congress District 4,2,Philip Tanis,130,"Kalamazoo City, Precinct 19",5
102,REP Representative in Congress District 4,3,Write-in,130,"Kalamazoo City, Precinct 19",1
102,REP Representative in Congress District 4,0,Over Votes,130,"Kalamazoo City, Precinct 19",0
102,REP Representative in Congress District 4,0,Under Votes,130,"Kalamazoo City, Precinct 19",6
102,REP Representative in Congress District 4,1,Bill Huizenga,136,"Kalamazoo City, Precinct 20",97
102,REP Representative in Congress District 4,2,Philip Tanis,136,"Kalamazoo City, Precinct 20",16
102,REP Representative in Congress District 4,3,Write-in,136,"Kalamazoo City, Precinct 20",1
102,REP Representative in Congress District 4,0,Over Votes,136,"Kalamazoo City, Precinct 20",0
102,REP Representative in Congress District 4,0,Under Votes,136,"Kalamazoo City, Precinct 20",2
102,REP Representative in Congress District 4,1,Bill Huizenga,139,"Kalamazoo City, Precinct 21",128
102,REP Representative in Congress District 4,2,Philip Tanis,139,"Kalamazoo City, Precinct 21",12
102,REP Representative in Congress District 4,3,Write-in,139,"Kalamazoo City, Precinct 21",0
102,REP Representative in Congress District 4,0,Over Votes,139,"Kalamazoo City, Precinct 21",0
102,REP Representative in Congress District 4,0,Under Votes,139,"Kalamazoo City, Precinct 21",4
102,REP Representative in Congress District 4,1,Bill Huizenga,183,"Oshtemo Charter Township, Precinct 1",229
102,REP Representative in Congress District 4,2,Philip Tanis,183,"Oshtemo Charter Township, Precinct 1",20
102,REP Representative in Congress District 4,3,Write-in,183,"Oshtemo Charter Township, Precinct 1",1
102,REP Representative in Congress District 4,0,Over Votes,183,"Oshtemo Charter Township, Precinct 1",0
102,REP Representative in Congress District 4,0,Under Votes,183,"Oshtemo Charter Township, Precinct 1",4
102,REP Representative in Congress District 4,1,Bill Huizenga,189,"Oshtemo Charter Township, Precinct 2",259
102,REP Representative in Congress District 4,2,Philip Tanis,189,"Oshtemo Charter Township, Precinct 2",33
102,REP Representative in Congress District 4,3,Write-in,189,"Oshtemo Charter Township, Precinct 2",0
102,REP Representative in Congress District 4,0,Over Votes,189,"Oshtemo Charter Township, Precinct 2",0
102,REP Representative in Congress District 4,0,Under Votes,189,"Oshtemo Charter Township, Precinct 2",7
102,REP Representative in Congress District 4,1,Bill Huizenga,192,"Oshtemo Charter Township, Precinct 3",163
102,REP Representative in Congress District 4,2,Philip Tanis,192,"Oshtemo Charter Township, Precinct 3",13
102,REP Representative in Congress District 4,3,Write-in,192,"Oshtemo Charter Township, Precinct 3",0
102,REP Representative in Congress District 4,0,Over Votes,192,"Oshtemo Charter Township, Precinct 3",0
102,REP Representative in Congress District 4,0,Under Votes,192,"Oshtemo Charter Township, Precinct 3",4
102,REP Representative in Congress District 4,1,Bill Huizenga,195,"Oshtemo Charter Township, Precinct 4",167
102,REP Representative in Congress District 4,2,Philip Tanis,195,"Oshtemo Charter Township, Precinct 4",16
102,REP Representative in Congress District 4,3,Write-in,195,"Oshtemo Charter Township, Precinct 4",0
102,REP Representative in Congress District 4,0,Over Votes,195,"Oshtemo Charter Township, Precinct 4",0
102,REP Representative in Congress District 4,0,Under Votes,195,"Oshtemo Charter Township, Precinct 4",3
102,REP Representative in Congress District 4,1,Bill Huizenga,198,"Oshtemo Charter Township, Precinct 5",197
102,REP Representative in Congress District 4,2,Philip Tanis,198,"Oshtemo Charter Township, Precinct 5",29
102,REP Representative in Congress District 4,3,Write-in,198,"Oshtemo Charter Township, Precinct 5",1
102,REP Representative in Congress District 4,0,Over Votes,198,"Oshtemo Charter Township, Precinct 5",0
102,REP Representative in Congress District 4,0,Under Votes,198,"Oshtemo Charter Township, Precinct 5",0
102,REP Representative in Congress District 4,1,Bill Huizenga,201,"Oshtemo Charter Township, Precinct 6",126
102,REP Representative in Congress District 4,2,Philip Tanis,201,"Oshtemo Charter Township, Precinct 6",12
102,REP Representative in Congress District 4,3,Write-in,201,"Oshtemo Charter Township, Precinct 6",0
102,REP Representative in Congress District 4,0,Over Votes,201,"Oshtemo Charter Township, Precinct 6",0
102,REP Representative in Congress District 4,0,Under Votes,201,"Oshtemo Charter Township, Precinct 6",4
102,REP Representative in Congress District 4,1,Bill Huizenga,204,"Oshtemo Charter Township, Precinct 7",161
102,REP Representative in Congress District 4,2,Philip Tanis,204,"Oshtemo Charter Township, Precinct 7",12
102,REP Representative in Congress District 4,3,Write-in,204,"Oshtemo Charter Township, Precinct 7",0
102,REP Representative in Congress District 4,0,Over Votes,204,"Oshtemo Charter Township, Precinct 7",0
102,REP Representative in Congress District 4,0,Under Votes,204,"Oshtemo Charter Township, Precinct 7",5
102,REP Representative in Congress District 4,1,Bill Huizenga,207,"Oshtemo Charter Township, Precinct 8",81
102,REP Representative in Congress District 4,2,Philip Tanis,207,"Oshtemo Charter Township, Precinct 8",9
102,REP Representative in Congress District 4,3,Write-in,207,"Oshtemo Charter Township, Precinct 8",0
102,REP Representative in Congress District 4,0,Over Votes,207,"Oshtemo Charter Township, Precinct 8",0
102,REP Representative in Congress District 4,0,Under Votes,207,"Oshtemo Charter Township, Precinct 8",3
102,REP Representative in Congress District 4,1,Bill Huizenga,210,"Oshtemo Charter Township, Precinct 9",176
102,REP Representative in Congress District 4,2,Philip Tanis,210,"Oshtemo Charter Township, Precinct 9",23
102,REP Representative in Congress District 4,3,Write-in,210,"Oshtemo Charter Township, Precinct 9",0
102,REP Representative in Congress District 4,0,Over Votes,210,"Oshtemo Charter Township, Precinct 9",0
102,REP Representative in Congress District 4,0,Under Votes,210,"Oshtemo Charter Township, Precinct 9",5
102,REP Representative in Congress District 4,1,Bill Huizenga,213,"Parchment City, Precinct 1",112
102,REP Representative in Congress District 4,2,Philip Tanis,213,"Parchment City, Precinct 1",16
102,REP Representative in Congress District 4,3,Write-in,213,"Parchment City, Precinct 1",0
102,REP Representative in Congress District 4,0,Over Votes,213,"Parchment City, Precinct 1",0
102,REP Representative in Congress District 4,0,Under Votes,213,"Parchment City, Precinct 1",3
102,REP Representative in Congress District 4,1,Bill Huizenga,216,"Charter Township of Pavilion, Precinct 1",291
102,REP Representative in Congress District 4,2,Philip Tanis,216,"Charter Township of Pavilion, Precinct 1",28
102,REP Representative in Congress District 4,3,Write-in,216,"Charter Township of Pavilion, Precinct 1",1
102,REP Representative in Congress District 4,0,Over Votes,216,"Charter Township of Pavilion, Precinct 1",0
102,REP Representative in Congress District 4,0,Under Votes,216,"Charter Township of Pavilion, Precinct 1",4
102,REP Representative in Congress District 4,1,Bill Huizenga,219,"Charter Township of Pavilion, Precinct 2",178
102,REP Representative in Congress District 4,2,Philip Tanis,219,"Charter Township of Pavilion, Precinct 2",22
102,REP Representative in Congress District 4,3,Write-in,219,"Charter Township of Pavilion, Precinct 2",0
102,REP Representative in Congress District 4,0,Over Votes,219,"Charter Township of Pavilion, Precinct 2",0
102,REP Representative in Congress District 4,0,Under Votes,219,"Charter Township of Pavilion, Precinct 2",8
102,REP Representative in Congress District 4,1,Bill Huizenga,222,"Charter Township of Pavilion, Precinct 3",131
102,REP Representative in Congress District 4,2,Philip Tanis,222,"Charter Township of Pavilion, Precinct 3",17
102,REP Representative in Congress District 4,3,Write-in,222,"Charter Township of Pavilion, Precinct 3",2
102,REP Representative in Congress District 4,0,Over Votes,222,"Charter Township of Pavilion, Precinct 3",0
102,REP Representative in Congress District 4,0,Under Votes,222,"Charter Township of Pavilion, Precinct 3",5
102,REP Representative in Congress District 4,1,Bill Huizenga,226,"Portage City, Precinct 1",188
102,REP Representative in Congress District 4,2,Philip Tanis,226,"Portage City, Precinct 1",36
102,REP Representative in Congress District 4,3,Write-in,226,"Portage City, Precinct 1",1
102,REP Representative in Congress District 4,0,Over Votes,226,"Portage City, Precinct 1",0
102,REP Representative in Congress District 4,0,Under Votes,226,"Portage City, Precinct 1",4
102,REP Representative in Congress District 4,1,Bill Huizenga,260,"Portage City, Precinct 2",59
102,REP Representative in Congress District 4,2,Philip Tanis,260,"Portage City, Precinct 2",7
102,REP Representative in Congress District 4,3,Write-in,260,"Portage City, Precinct 2",0
102,REP Representative in Congress District 4,0,Over Votes,260,"Portage City, Precinct 2",0
102,REP Representative in Congress District 4,0,Under Votes,260,"Portage City, Precinct 2",1
102,REP Representative in Congress District 4,1,Bill Huizenga,264,"Portage City, Precinct 3",461
102,REP Representative in Congress District 4,2,Philip Tanis,264,"Portage City, Precinct 3",45
102,REP Representative in Congress District 4,3,Write-in,264,"Portage City, Precinct 3",0
102,REP Representative in Congress District 4,0,Over Votes,264,"Portage City, Precinct 3",0
102,REP Representative in Congress District 4,0,Under Votes,264,"Portage City, Precinct 3",16
102,REP Representative in Congress District 4,1,Bill Huizenga,267,"Portage City, Precinct 4",478
102,REP Representative in Congress District 4,2,Philip Tanis,267,"Portage City, Precinct 4",48
102,REP Representative in Congress District 4,3,Write-in,267,"Portage City, Precinct 4",0
102,REP Representative in Congress District 4,0,Over Votes,267,"Portage City, Precinct 4",0
102,REP Representative in Congress District 4,0,Under Votes,267,"Portage City, Precinct 4",11
102,REP Representative in Congress District 4,1,Bill Huizenga,271,"Portage City, Precinct 5",505
102,REP Representative in Congress District 4,2,Philip Tanis,271,"Portage City, Precinct 5",56
102,REP Representative in Congress District 4,3,Write-in,271,"Portage City, Precinct 5",1
102,REP Representative in Congress District 4,0,Over Votes,271,"Portage City, Precinct 5",0
102,REP Representative in Congress District 4,0,Under Votes,271,"Portage City, Precinct 5",8
102,REP Representative in Congress District 4,1,Bill Huizenga,274,"Portage City, Precinct 6",192
102,REP Representative in Congress District 4,2,Philip Tanis,274,"Portage City, Precinct 6",39
102,REP Representative in Congress District 4,3,Write-in,274,"Portage City, Precinct 6",3
102,REP Representative in Congress District 4,0,Over Votes,274,"Portage City, Precinct 6",0
102,REP Representative in Congress District 4,0,Under Votes,274,"Portage City, Precinct 6",3
102,REP Representative in Congress District 4,1,Bill Huizenga,277,"Portage City, Precinct 7",262
102,REP Representative in Congress District 4,2,Philip Tanis,277,"Portage City, Precinct 7",38
102,REP Representative in Congress District 4,3,Write-in,277,"Portage City, Precinct 7",0
102,REP Representative in Congress District 4,0,Over Votes,277,"Portage City, Precinct 7",1
102,REP Representative in Congress District 4,0,Under Votes,277,"Portage City, Precinct 7",3
102,REP Representative in Congress District 4,1,Bill Huizenga,280,"Portage City, Precinct 8",339
102,REP Representative in Congress District 4,2,Philip Tanis,280,"Portage City, Precinct 8",46
102,REP Representative in Congress District 4,3,Write-in,280,"Portage City, Precinct 8",4
102,REP Representative in Congress District 4,0,Over Votes,280,"Portage City, Precinct 8",0
102,REP Representative in Congress District 4,0,Under Votes,280,"Portage City, Precinct 8",10
102,REP Representative in Congress District 4,1,Bill Huizenga,283,"Portage City, Precinct 9",165
102,REP Representative in Congress District 4,2,Philip Tanis,283,"Portage City, Precinct 9",21
102,REP Representative in Congress District 4,3,Write-in,283,"Portage City, Precinct 9",0
102,REP Representative in Congress District 4,0,Over Votes,283,"Portage City, Precinct 9",0
102,REP Representative in Congress District 4,0,Under Votes,283,"Portage City, Precinct 9",4
102,REP Representative in Congress District 4,1,Bill Huizenga,229,"Portage City, Precinct 10",452
102,REP Representative in Congress District 4,2,Philip Tanis,229,"Portage City, Precinct 10",46
102,REP Representative in Congress District 4,3,Write-in,229,"Portage City, Precinct 10",0
102,REP Representative in Congress District 4,0,Over Votes,229,"Portage City, Precinct 10",0
102,REP Representative in Congress District 4,0,Under Votes,229,"Portage City, Precinct 10",10
102,REP Representative in Congress District 4,1,Bill Huizenga,233,"Portage City, Precinct 11",207
102,REP Representative in Congress District 4,2,Philip Tanis,233,"Portage City, Precinct 11",21
102,REP Representative in Congress District 4,3,Write-in,233,"Portage City, Precinct 11",0
102,REP Representative in Congress District 4,0,Over Votes,233,"Portage City, Precinct 11",1
102,REP Representative in Congress District 4,0,Under Votes,233,"Portage City, Precinct 11",9
102,REP Representative in Congress District 4,1,Bill Huizenga,236,"Portage City, Precinct 12",135
102,REP Representative in Congress District 4,2,Philip Tanis,236,"Portage City, Precinct 12",25
102,REP Representative in Congress District 4,3,Write-in,236,"Portage City, Precinct 12",1
102,REP Representative in Congress District 4,0,Over Votes,236,"Portage City, Precinct 12",0
102,REP Representative in Congress District 4,0,Under Votes,236,"Portage City, Precinct 12",4
102,REP Representative in Congress District 4,1,Bill Huizenga,239,"Portage City, Precinct 13",296
102,REP Representative in Congress District 4,2,Philip Tanis,239,"Portage City, Precinct 13",37
102,REP Representative in Congress District 4,3,Write-in,239,"Portage City, Precinct 13",0
102,REP Representative in Congress District 4,0,Over Votes,239,"Portage City, Precinct 13",1
102,REP Representative in Congress District 4,0,Under Votes,239,"Portage City, Precinct 13",6
102,REP Representative in Congress District 4,1,Bill Huizenga,290,"Richland Township, Precinct 1",399
102,REP Representative in Congress District 4,2,Philip Tanis,290,"Richland Township, Precinct 1",56
102,REP Representative in Congress District 4,3,Write-in,290,"Richland Township, Precinct 1",0
102,REP Representative in Congress District 4,0,Over Votes,290,"Richland Township, Precinct 1",0
102,REP Representative in Congress District 4,0,Under Votes,290,"Richland Township, Precinct 1",12
102,REP Representative in Congress District 4,1,Bill Huizenga,293,"Richland Township, Precinct 2",524
102,REP Representative in Congress District 4,2,Philip Tanis,293,"Richland Township, Precinct 2",59
102,REP Representative in Congress District 4,3,Write-in,293,"Richland Township, Precinct 2",1
102,REP Representative in Congress District 4,0,Over Votes,293,"Richland Township, Precinct 2",0
102,REP Representative in Congress District 4,0,Under Votes,293,"Richland Township, Precinct 2",20
102,REP Representative in Congress District 4,1,Bill Huizenga,299,"Ross Township, Precinct 1",278
102,REP Representative in Congress District 4,2,Philip Tanis,299,"Ross Township, Precinct 1",36
102,REP Representative in Congress District 4,3,Write-in,299,"Ross Township, Precinct 1",0
102,REP Representative in Congress District 4,0,Over Votes,299,"Ross Township, Precinct 1",0
102,REP Representative in Congress District 4,0,Under Votes,299,"Ross Township, Precinct 1",8
102,REP Representative in Congress District 4,1,Bill Huizenga,302,"Ross Township, Precinct 2",406
102,REP Representative in Congress District 4,2,Philip Tanis,302,"Ross Township, Precinct 2",44
102,REP Representative in Congress District 4,3,Write-in,302,"Ross Township, Precinct 2",0
102,REP Representative in Congress District 4,0,Over Votes,302,"Ross Township, Precinct 2",1
102,REP Representative in Congress District 4,0,Under Votes,302,"Ross Township, Precinct 2",8
102,REP Representative in Congress District 4,1,Bill Huizenga,317,"Texas Charter Township, Precinct 1",310
102,REP Representative in Congress District 4,2,Philip Tanis,317,"Texas Charter Township, Precinct 1",29
102,REP Representative in Congress District 4,3,Write-in,317,"Texas Charter Township, Precinct 1",0
102,REP Representative in Congress District 4,0,Over Votes,317,"Texas Charter Township, Precinct 1",0
102,REP Representative in Congress District 4,0,Under Votes,317,"Texas Charter Township, Precinct 1",8
102,REP Representative in Congress District 4,1,Bill Huizenga,320,"Texas Charter Township, Precinct 2",287
102,REP Representative in Congress District 4,2,Philip Tanis,320,"Texas Charter Township, Precinct 2",21
102,REP Representative in Congress District 4,3,Write-in,320,"Texas Charter Township, Precinct 2",0
102,REP Representative in Congress District 4,0,Over Votes,320,"Texas Charter Township, Precinct 2",0
102,REP Representative in Congress District 4,0,Under Votes,320,"Texas Charter Township, Precinct 2",5
102,REP Representative in Congress District 4,1,Bill Huizenga,323,"Texas Charter Township, Precinct 3",179
102,REP Representative in Congress District 4,2,Philip Tanis,323,"Texas Charter Township, Precinct 3",18
102,REP Representative in Congress District 4,3,Write-in,323,"Texas Charter Township, Precinct 3",0
102,REP Representative in Congress District 4,0,Over Votes,323,"Texas Charter Township, Precinct 3",0
102,REP Representative in Congress District 4,0,Under Votes,323,"Texas Charter Township, Precinct 3",3
102,REP Representative in Congress District 4,1,Bill Huizenga,326,"Texas Charter Township, Precinct 4",268
102,REP Representative in Congress District 4,2,Philip Tanis,326,"Texas Charter Township, Precinct 4",31
102,REP Representative in Congress District 4,3,Write-in,326,"Texas Charter Township, Precinct 4",0
102,REP Representative in Congress District 4,0,Over Votes,326,"Texas Charter Township, Precinct 4",0
102,REP Representative in Congress District 4,0,Under Votes,326,"Texas Charter Township, Precinct 4",7
102,REP Representative in Congress District 4,1,Bill Huizenga,329,"Texas Charter Township, Precinct 5",357
102,REP Representative in Congress District 4,2,Philip Tanis,329,"Texas Charter Township, Precinct 5",48
102,REP Representative in Congress District 4,3,Write-in,329,"Texas Charter Township, Precinct 5",0
102,REP Representative in Congress District 4,0,Over Votes,329,"Texas Charter Township, Precinct 5",0
102,REP Representative in Congress District 4,0,Under Votes,329,"Texas Charter Township, Precinct 5",11
102,REP Representative in Congress District 4,1,Bill Huizenga,333,"Texas Charter Township, Precinct 6",390
102,REP Representative in Congress District 4,2,Philip Tanis,333,"Texas Charter Township, Precinct 6",53
102,REP Representative in Congress District 4,3,Write-in,333,"Texas Charter Township, Precinct 6",1
102,REP Representative in Congress District 4,0,Over Votes,333,"Texas Charter Township, Precinct 6",0
102,REP Representative in Congress District 4,0,Under Votes,333,"Texas Charter Township, Precinct 6",6
103,REP Representative in Congress District 5,1,Tim Walberg,17,"Brady Charter Township, Precinct 1",274
103,REP Representative in Congress District 5,2,Write-in,17,"Brady Charter Township, Precinct 1",0
103,REP Representative in Congress District 5,0,Over Votes,17,"Brady Charter Township, Precinct 1",0
103,REP Representative in Congress District 5,0,Under Votes,17,"Brady Charter Township, Precinct 1",21
103,REP Representative in Congress District 5,1,Tim Walberg,20,"Brady Charter Township, Precinct 2",305
103,REP Representative in Congress District 5,2,Write-in,20,"Brady Charter Township, Precinct 2",2
103,REP Representative in Congress District 5,0,Over Votes,20,"Brady Charter Township, Precinct 2",0
103,REP Representative in Congress District 5,0,Under Votes,20,"Brady Charter Township, Precinct 2",19
103,REP Representative in Congress District 5,1,Tim Walberg,286,"Prairie Ronde Township, Precinct 1",335
103,REP Representative in Congress District 5,2,Write-in,286,"Prairie Ronde Township, Precinct 1",1
103,REP Representative in Congress District 5,0,Over Votes,286,"Prairie Ronde Township, Precinct 1",0
103,REP Representative in Congress District 5,0,Under Votes,286,"Prairie Ronde Township, Precinct 1",26
103,REP Representative in Congress District 5,1,Tim Walberg,305,"Schoolcraft Township, Precinct 1",239
103,REP Representative in Congress District 5,2,Write-in,305,"Schoolcraft Township, Precinct 1",0
103,REP Representative in Congress District 5,0,Over Votes,305,"Schoolcraft Township, Precinct 1",0
103,REP Representative in Congress District 5,0,Under Votes,305,"Schoolcraft Township, Precinct 1",12
103,REP Representative in Congress District 5,1,Tim Walberg,308,"Schoolcraft Township, Precinct 2",117
103,REP Representative in Congress District 5,2,Write-in,308,"Schoolcraft Township, Precinct 2",1
103,REP Representative in Congress District 5,0,Over Votes,308,"Schoolcraft Township, Precinct 2",0
103,REP Representative in Congress District 5,0,Under Votes,308,"Schoolcraft Township, Precinct 2",5
103,REP Representative in Congress District 5,1,Tim Walberg,311,"Schoolcraft Township, Precinct 3",303
103,REP Representative in Congress District 5,2,Write-in,311,"Schoolcraft Township, Precinct 3",3
103,REP Representative in Congress District 5,0,Over Votes,311,"Schoolcraft Township, Precinct 3",0
103,REP Representative in Congress District 5,0,Under Votes,311,"Schoolcraft Township, Precinct 3",24
103,REP Representative in Congress District 5,1,Tim Walberg,314,"Schoolcraft Township, Precinct 4",184
103,REP Representative in Congress District 5,2,Write-in,314,"Schoolcraft Township, Precinct 4",0
103,REP Representative in Congress District 5,0,Over Votes,314,"Schoolcraft Township, Precinct 4",0
103,REP Representative in Congress District 5,0,Under Votes,314,"Schoolcraft Township, Precinct 4",15
103,REP Representative in Congress District 5,1,Tim Walberg,336,"Wakeshma Township, Precinct 1",163
103,REP Representative in Congress District 5,2,Write-in,336,"Wakeshma Township, Precinct 1",0
103,REP Representative in Congress District 5,0,Over Votes,336,"Wakeshma Township, Precinct 1",0
103,REP Representative in Congress District 5,0,Under Votes,336,"Wakeshma Township, Precinct 1",13
104,REP State Senator 18th District,1,Thomas A Albert,26,"Climax Township, Precinct 1",329
104,REP State Senator 18th District,2,Write-in,26,"Climax Township, Precinct 1",1
104,REP State Senator 18th District,0,Over Votes,26,"Climax Township, Precinct 1",0
104,REP State Senator 18th District,0,Under Votes,26,"Climax Township, Precinct 1",31
104,REP State Senator 18th District,1,Thomas A Albert,336,"Wakeshma Township, Precinct 1",156
104,REP State Senator 18th District,2,Write-in,336,"Wakeshma Township, Precinct 1",0
104,REP State Senator 18th District,0,Over Votes,336,"Wakeshma Township, Precinct 1",0
104,REP State Senator 18th District,0,Under Votes,336,"Wakeshma Township, Precinct 1",20
105,REP State Senator 19th District,1,Shaun Young,11,"Alamo Township, Precinct 1",218
105,REP State Senator 19th District,2,Write-in,11,"Alamo Township, Precinct 1",2
105,REP State Senator 19th District,0,Over Votes,11,"Alamo Township, Precinct 1",1
105,REP State Senator 19th District,0,Under Votes,11,"Alamo Township, Precinct 1",37
105,REP State Senator 19th District,1,Shaun Young,14,"Alamo Township, Precinct 2",363
105,REP State Senator 19th District,2,Write-in,14,"Alamo Township, Precinct 2",0
105,REP State Senator 19th District,0,Over Votes,14,"Alamo Township, Precinct 2",0
105,REP State Senator 19th District,0,Under Votes,14,"Alamo Township, Precinct 2",54
105,REP State Senator 19th District,1,Shaun Young,17,"Brady Charter Township, Precinct 1",267
105,REP State Senator 19th District,2,Write-in,17,"Brady Charter Township, Precinct 1",0
105,REP State Senator 19th District,0,Over Votes,17,"Brady Charter Township, Precinct 1",0
105,REP State Senator 19th District,0,Under Votes,17,"Brady Charter Township, Precinct 1",28
105,REP State Senator 19th District,1,Shaun Young,20,"Brady Charter Township, Precinct 2",298
105,REP State Senator 19th District,2,Write-in,20,"Brady Charter Township, Precinct 2",2
105,REP State Senator 19th District,0,Over Votes,20,"Brady Charter Township, Precinct 2",0
105,REP State Senator 19th District,0,Under Votes,20,"Brady Charter Township, Precinct 2",26
105,REP State Senator 19th District,1,Shaun Young,23,"Charleston Township, Precinct 1",269
105,REP State Senator 19th District,2,Write-in,23,"Charleston Township, Precinct 1",3
105,REP State Senator 19th District,0,Over Votes,23,"Charleston Township, Precinct 1",0
105,REP State Senator 19th District,0,Under Votes,23,"Charleston Township, Precinct 1",24
105,REP State Senator 19th District,1,Shaun Young,29,"Comstock Charter Township, Precinct 1",263
105,REP State Senator 19th District,2,Write-in,29,"Comstock Charter Township, Precinct 1",0
105,REP State Senator 19th District,0,Over Votes,29,"Comstock Charter Township, Precinct 1",0
105,REP State Senator 19th District,0,Under Votes,29,"Comstock Charter Township, Precinct 1",38
105,REP State Senator 19th District,1,Shaun Young,32,"Comstock Charter Township, Precinct 2",182
105,REP State Senator 19th District,2,Write-in,32,"Comstock Charter Township, Precinct 2",3
105,REP State Senator 19th District,0,Over Votes,32,"Comstock Charter Township, Precinct 2",0
105,REP State Senator 19th District,0,Under Votes,32,"Comstock Charter Township, Precinct 2",22
105,REP State Senator 19th District,1,Shaun Young,35,"Comstock Charter Township, Precinct 3",189
105,REP State Senator 19th District,2,Write-in,35,"Comstock Charter Township, Precinct 3",3
105,REP State Senator 19th District,0,Over Votes,35,"Comstock Charter Township, Precinct 3",0
105,REP State Senator 19th District,0,Under Votes,35,"Comstock Charter Township, Precinct 3",16
105,REP State Senator 19th District,1,Shaun Young,38,"Comstock Charter Township, Precinct 4",203
105,REP State Senator 19th District,2,Write-in,38,"Comstock Charter Township, Precinct 4",2
105,REP State Senator 19th District,0,Over Votes,38,"Comstock Charter Township, Precinct 4",0
105,REP State Senator 19th District,0,Under Votes,38,"Comstock Charter Township, Precinct 4",44
105,REP State Senator 19th District,1,Shaun Young,41,"Comstock Charter Township, Precinct 5",260
105,REP State Senator 19th District,2,Write-in,41,"Comstock Charter Township, Precinct 5",2
105,REP State Senator 19th District,0,Over Votes,41,"Comstock Charter Township, Precinct 5",1
105,REP State Senator 19th District,0,Under Votes,41,"Comstock Charter Township, Precinct 5",21
105,REP State Senator 19th District,1,Shaun Young,44,"Comstock Charter Township, Precinct 6",184
105,REP State Senator 19th District,2,Write-in,44,"Comstock Charter Township, Precinct 6",5
105,REP State Senator 19th District,0,Over Votes,44,"Comstock Charter Township, Precinct 6",0
105,REP State Senator 19th District,0,Under Votes,44,"Comstock Charter Township, Precinct 6",29
105,REP State Senator 19th District,1,Shaun Young,50,"Cooper Charter Township, Precinct 1",177
105,REP State Senator 19th District,2,Write-in,50,"Cooper Charter Township, Precinct 1",0
105,REP State Senator 19th District,0,Over Votes,50,"Cooper Charter Township, Precinct 1",0
105,REP State Senator 19th District,0,Under Votes,50,"Cooper Charter Township, Precinct 1",24
105,REP State Senator 19th District,1,Shaun Young,54,"Cooper Charter Township, Precinct 2",185
105,REP State Senator 19th District,2,Write-in,54,"Cooper Charter Township, Precinct 2",3
105,REP State Senator 19th District,0,Over Votes,54,"Cooper Charter Township, Precinct 2",0
105,REP State Senator 19th District,0,Under Votes,54,"Cooper Charter Township, Precinct 2",29
105,REP State Senator 19th District,1,Shaun Young,58,"Cooper Charter Township, Precinct 3",322
105,REP State Senator 19th District,2,Write-in,58,"Cooper Charter Township, Precinct 3",2
105,REP State Senator 19th District,0,Over Votes,58,"Cooper Charter Township, Precinct 3",0
105,REP State Senator 19th District,0,Under Votes,58,"Cooper Charter Township, Precinct 3",34
105,REP State Senator 19th District,1,Shaun Young,62,"Cooper Charter Township, Precinct 4",450
105,REP State Senator 19th District,2,Write-in,62,"Cooper Charter Township, Precinct 4",1
105,REP State Senator 19th District,0,Over Votes,62,"Cooper Charter Township, Precinct 4",0
105,REP State Senator 19th District,0,Under Votes,62,"Cooper Charter Township, Precinct 4",60
105,REP State Senator 19th District,1,Shaun Young,66,"Galesburg City, Precinct 1",91
105,REP State Senator 19th District,2,Write-in,66,"Galesburg City, Precinct 1",1
105,REP State Senator 19th District,0,Over Votes,66,"Galesburg City, Precinct 1",0
105,REP State Senator 19th District,0,Under Votes,66,"Galesburg City, Precinct 1",0
105,REP State Senator 19th District,1,Shaun Young,69,"Kalamazoo Charter Township, Precinct 1",30
105,REP State Senator 19th District,2,Write-in,69,"Kalamazoo Charter Township, Precinct 1",1
105,REP State Senator 19th District,0,Over Votes,69,"Kalamazoo Charter Township, Precinct 1",0
105,REP State Senator 19th District,0,Under Votes,69,"Kalamazoo Charter Township, Precinct 1",7
105,REP State Senator 19th District,1,Shaun Young,75,"Kalamazoo Charter Township, Precinct 2",291
105,REP State Senator 19th District,2,Write-in,75,"Kalamazoo Charter Township, Precinct 2",2
105,REP State Senator 19th District,0,Over Votes,75,"Kalamazoo Charter Township, Precinct 2",0
105,REP State Senator 19th District,0,Under Votes,75,"Kalamazoo Charter Township, Precinct 2",36
105,REP State Senator 19th District,1,Shaun Young,78,"Kalamazoo Charter Township, Precinct 3",254
105,REP State Senator 19th District,2,Write-in,78,"Kalamazoo Charter Township, Precinct 3",4
105,REP State Senator 19th District,0,Over Votes,78,"Kalamazoo Charter Township, Precinct 3",0
105,REP State Senator 19th District,0,Under Votes,78,"Kalamazoo Charter Township, Precinct 3",31
105,REP State Senator 19th District,1,Shaun Young,81,"Kalamazoo Charter Township, Precinct 4",149
105,REP State Senator 19th District,2,Write-in,81,"Kalamazoo Charter Township, Precinct 4",1
105,REP State Senator 19th District,0,Over Votes,81,"Kalamazoo Charter Township, Precinct 4",0
105,REP State Senator 19th District,0,Under Votes,81,"Kalamazoo Charter Township, Precinct 4",21
105,REP State Senator 19th District,1,Shaun Young,84,"Kalamazoo Charter Township, Precinct 5",99
105,REP State Senator 19th District,2,Write-in,84,"Kalamazoo Charter Township, Precinct 5",0
105,REP State Senator 19th District,0,Over Votes,84,"Kalamazoo Charter Township, Precinct 5",0
105,REP State Senator 19th District,0,Under Votes,84,"Kalamazoo Charter Township, Precinct 5",7
105,REP State Senator 19th District,1,Shaun Young,87,"Kalamazoo Charter Township, Precinct 6",118
105,REP State Senator 19th District,2,Write-in,87,"Kalamazoo Charter Township, Precinct 6",1
105,REP State Senator 19th District,0,Over Votes,87,"Kalamazoo Charter Township, Precinct 6",1
105,REP State Senator 19th District,0,Under Votes,87,"Kalamazoo Charter Township, Precinct 6",14
105,REP State Senator 19th District,1,Shaun Young,133,"Kalamazoo City, Precinct 2",18
105,REP State Senator 19th District,2,Write-in,133,"Kalamazoo City, Precinct 2",0
105,REP State Senator 19th District,0,Over Votes,133,"Kalamazoo City, Precinct 2",0
105,REP State Senator 19th District,0,Under Votes,133,"Kalamazoo City, Precinct 2",0
105,REP State Senator 19th District,1,Shaun Young,162,"Kalamazoo City, Precinct 3",60
105,REP State Senator 19th District,2,Write-in,162,"Kalamazoo City, Precinct 3",0
105,REP State Senator 19th District,0,Over Votes,162,"Kalamazoo City, Precinct 3",0
105,REP State Senator 19th District,0,Under Votes,162,"Kalamazoo City, Precinct 3",8
105,REP State Senator 19th District,1,Shaun Young,165,"Kalamazoo City, Precinct 4",74
105,REP State Senator 19th District,2,Write-in,165,"Kalamazoo City, Precinct 4",0
105,REP State Senator 19th District,0,Over Votes,165,"Kalamazoo City, Precinct 4",0
105,REP State Senator 19th District,0,Under Votes,165,"Kalamazoo City, Precinct 4",14
105,REP State Senator 19th District,1,Shaun Young,168,"Kalamazoo City, Precinct 5",75
105,REP State Senator 19th District,2,Write-in,168,"Kalamazoo City, Precinct 5",1
105,REP State Senator 19th District,0,Over Votes,168,"Kalamazoo City, Precinct 5",0
105,REP State Senator 19th District,0,Under Votes,168,"Kalamazoo City, Precinct 5",7
105,REP State Senator 19th District,1,Shaun Young,171,"Kalamazoo City, Precinct 6",118
105,REP State Senator 19th District,2,Write-in,171,"Kalamazoo City, Precinct 6",0
105,REP State Senator 19th District,0,Over Votes,171,"Kalamazoo City, Precinct 6",0
105,REP State Senator 19th District,0,Under Votes,171,"Kalamazoo City, Precinct 6",12
105,REP State Senator 19th District,1,Shaun Young,174,"Kalamazoo City, Precinct 7",34
105,REP State Senator 19th District,2,Write-in,174,"Kalamazoo City, Precinct 7",1
105,REP State Senator 19th District,0,Over Votes,174,"Kalamazoo City, Precinct 7",0
105,REP State Senator 19th District,0,Under Votes,174,"Kalamazoo City, Precinct 7",3
105,REP State Senator 19th District,1,Shaun Young,177,"Kalamazoo City, Precinct 8",26
105,REP State Senator 19th District,2,Write-in,177,"Kalamazoo City, Precinct 8",0
105,REP State Senator 19th District,0,Over Votes,177,"Kalamazoo City, Precinct 8",0
105,REP State Senator 19th District,0,Under Votes,177,"Kalamazoo City, Precinct 8",5
105,REP State Senator 19th District,1,Shaun Young,180,"Kalamazoo City, Precinct 9",95
105,REP State Senator 19th District,2,Write-in,180,"Kalamazoo City, Precinct 9",1
105,REP State Senator 19th District,0,Over Votes,180,"Kalamazoo City, Precinct 9",0
105,REP State Senator 19th District,0,Under Votes,180,"Kalamazoo City, Precinct 9",15
105,REP State Senator 19th District,1,Shaun Young,102,"Kalamazoo City, Precinct 10",131
105,REP State Senator 19th District,2,Write-in,102,"Kalamazoo City, Precinct 10",1
105,REP State Senator 19th District,0,Over Votes,102,"Kalamazoo City, Precinct 10",0
105,REP State Senator 19th District,0,Under Votes,102,"Kalamazoo City, Precinct 10",17
105,REP State Senator 19th District,1,Shaun Young,105,"Kalamazoo City, Precinct 11",24
105,REP State Senator 19th District,2,Write-in,105,"Kalamazoo City, Precinct 11",0
105,REP State Senator 19th District,0,Over Votes,105,"Kalamazoo City, Precinct 11",0
105,REP State Senator 19th District,0,Under Votes,105,"Kalamazoo City, Precinct 11",0
105,REP State Senator 19th District,1,Shaun Young,108,"Kalamazoo City, Precinct 12",117
105,REP State Senator 19th District,2,Write-in,108,"Kalamazoo City, Precinct 12",0
105,REP State Senator 19th District,0,Over Votes,108,"Kalamazoo City, Precinct 12",0
105,REP State Senator 19th District,0,Under Votes,108,"Kalamazoo City, Precinct 12",8
105,REP State Senator 19th District,1,Shaun Young,111,"Kalamazoo City, Precinct 13",66
105,REP State Senator 19th District,2,Write-in,111,"Kalamazoo City, Precinct 13",1
105,REP State Senator 19th District,0,Over Votes,111,"Kalamazoo City, Precinct 13",0
105,REP State Senator 19th District,0,Under Votes,111,"Kalamazoo City, Precinct 13",5
105,REP State Senator 19th District,1,Shaun Young,114,"Kalamazoo City, Precinct 14",145
105,REP State Senator 19th District,2,Write-in,114,"Kalamazoo City, Precinct 14",1
105,REP State Senator 19th District,0,Over Votes,114,"Kalamazoo City, Precinct 14",0
105,REP State Senator 19th District,0,Under Votes,114,"Kalamazoo City, Precinct 14",23
105,REP State Senator 19th District,1,Shaun Young,117,"Kalamazoo City, Precinct 15",39
105,REP State Senator 19th District,2,Write-in,117,"Kalamazoo City, Precinct 15",2
105,REP State Senator 19th District,0,Over Votes,117,"Kalamazoo City, Precinct 15",0
105,REP State Senator 19th District,0,Under Votes,117,"Kalamazoo City, Precinct 15",4
105,REP State Senator 19th District,1,Shaun Young,120,"Kalamazoo City, Precinct 16",86
105,REP State Senator 19th District,2,Write-in,120,"Kalamazoo City, Precinct 16",1
105,REP State Senator 19th District,0,Over Votes,120,"Kalamazoo City, Precinct 16",0
105,REP State Senator 19th District,0,Under Votes,120,"Kalamazoo City, Precinct 16",14
105,REP State Senator 19th District,1,Shaun Young,123,"Kalamazoo City, Precinct 17",88
105,REP State Senator 19th District,2,Write-in,123,"Kalamazoo City, Precinct 17",0
105,REP State Senator 19th District,0,Over Votes,123,"Kalamazoo City, Precinct 17",0
105,REP State Senator 19th District,0,Under Votes,123,"Kalamazoo City, Precinct 17",11
105,REP State Senator 19th District,1,Shaun Young,127,"Kalamazoo City, Precinct 18",82
105,REP State Senator 19th District,2,Write-in,127,"Kalamazoo City, Precinct 18",3
105,REP State Senator 19th District,0,Over Votes,127,"Kalamazoo City, Precinct 18",0
105,REP State Senator 19th District,0,Under Votes,127,"Kalamazoo City, Precinct 18",7
105,REP State Senator 19th District,1,Shaun Young,130,"Kalamazoo City, Precinct 19",68
105,REP State Senator 19th District,2,Write-in,130,"Kalamazoo City, Precinct 19",2
105,REP State Senator 19th District,0,Over Votes,130,"Kalamazoo City, Precinct 19",0
105,REP State Senator 19th District,0,Under Votes,130,"Kalamazoo City, Precinct 19",10
105,REP State Senator 19th District,1,Shaun Young,136,"Kalamazoo City, Precinct 20",100
105,REP State Senator 19th District,2,Write-in,136,"Kalamazoo City, Precinct 20",1
105,REP State Senator 19th District,0,Over Votes,136,"Kalamazoo City, Precinct 20",0
105,REP State Senator 19th District,0,Under Votes,136,"Kalamazoo City, Precinct 20",15
105,REP State Senator 19th District,1,Shaun Young,139,"Kalamazoo City, Precinct 21",128
105,REP State Senator 19th District,2,Write-in,139,"Kalamazoo City, Precinct 21",0
105,REP State Senator 19th District,0,Over Votes,139,"Kalamazoo City, Precinct 21",0
105,REP State Senator 19th District,0,Under Votes,139,"Kalamazoo City, Precinct 21",16
105,REP State Senator 19th District,1,Shaun Young,183,"Oshtemo Charter Township, Precinct 1",231
105,REP State Senator 19th District,2,Write-in,183,"Oshtemo Charter Township, Precinct 1",3
105,REP State Senator 19th District,0,Over Votes,183,"Oshtemo Charter Township, Precinct 1",0
105,REP State Senator 19th District,0,Under Votes,183,"Oshtemo Charter Township, Precinct 1",20
105,REP State Senator 19th District,1,Shaun Young,189,"Oshtemo Charter Township, Precinct 2",261
105,REP State Senator 19th District,2,Write-in,189,"Oshtemo Charter Township, Precinct 2",2
105,REP State Senator 19th District,0,Over Votes,189,"Oshtemo Charter Township, Precinct 2",0
105,REP State Senator 19th District,0,Under Votes,189,"Oshtemo Charter Township, Precinct 2",36
105,REP State Senator 19th District,1,Shaun Young,192,"Oshtemo Charter Township, Precinct 3",175
105,REP State Senator 19th District,2,Write-in,192,"Oshtemo Charter Township, Precinct 3",1
105,REP State Senator 19th District,0,Over Votes,192,"Oshtemo Charter Township, Precinct 3",0
105,REP State Senator 19th District,0,Under Votes,192,"Oshtemo Charter Township, Precinct 3",4
105,REP State Senator 19th District,1,Shaun Young,195,"Oshtemo Charter Township, Precinct 4",170
105,REP State Senator 19th District,2,Write-in,195,"Oshtemo Charter Township, Precinct 4",0
105,REP State Senator 19th District,0,Over Votes,195,"Oshtemo Charter Township, Precinct 4",0
105,REP State Senator 19th District,0,Under Votes,195,"Oshtemo Charter Township, Precinct 4",16
105,REP State Senator 19th District,1,Shaun Young,198,"Oshtemo Charter Township, Precinct 5",203
105,REP State Senator 19th District,2,Write-in,198,"Oshtemo Charter Township, Precinct 5",0
105,REP State Senator 19th District,0,Over Votes,198,"Oshtemo Charter Township, Precinct 5",0
105,REP State Senator 19th District,0,Under Votes,198,"Oshtemo Charter Township, Precinct 5",24
105,REP State Senator 19th District,1,Shaun Young,201,"Oshtemo Charter Township, Precinct 6",124
105,REP State Senator 19th District,2,Write-in,201,"Oshtemo Charter Township, Precinct 6",0
105,REP State Senator 19th District,0,Over Votes,201,"Oshtemo Charter Township, Precinct 6",1
105,REP State Senator 19th District,0,Under Votes,201,"Oshtemo Charter Township, Precinct 6",17
105,REP State Senator 19th District,1,Shaun Young,204,"Oshtemo Charter Township, Precinct 7",164
105,REP State Senator 19th District,2,Write-in,204,"Oshtemo Charter Township, Precinct 7",0
105,REP State Senator 19th District,0,Over Votes,204,"Oshtemo Charter Township, Precinct 7",0
105,REP State Senator 19th District,0,Under Votes,204,"Oshtemo Charter Township, Precinct 7",14
105,REP State Senator 19th District,1,Shaun Young,207,"Oshtemo Charter Township, Precinct 8",79
105,REP State Senator 19th District,2,Write-in,207,"Oshtemo Charter Township, Precinct 8",1
105,REP State Senator 19th District,0,Over Votes,207,"Oshtemo Charter Township, Precinct 8",0
105,REP State Senator 19th District,0,Under Votes,207,"Oshtemo Charter Township, Precinct 8",13
105,REP State Senator 19th District,1,Shaun Young,210,"Oshtemo Charter Township, Precinct 9",169
105,REP State Senator 19th District,2,Write-in,210,"Oshtemo Charter Township, Precinct 9",0
105,REP State Senator 19th District,0,Over Votes,210,"Oshtemo Charter Township, Precinct 9",0
105,REP State Senator 19th District,0,Under Votes,210,"Oshtemo Charter Township, Precinct 9",35
105,REP State Senator 19th District,1,Shaun Young,213,"Parchment City, Precinct 1",116
105,REP State Senator 19th District,2,Write-in,213,"Parchment City, Precinct 1",0
105,REP State Senator 19th District,0,Over Votes,213,"Parchment City, Precinct 1",0
105,REP State Senator 19th District,0,Under Votes,213,"Parchment City, Precinct 1",15
105,REP State Senator 19th District,1,Shaun Young,216,"Charter Township of Pavilion, Precinct 1",281
105,REP State Senator 19th District,2,Write-in,216,"Charter Township of Pavilion, Precinct 1",1
105,REP State Senator 19th District,0,Over Votes,216,"Charter Township of Pavilion, Precinct 1",0
105,REP State Senator 19th District,0,Under Votes,216,"Charter Township of Pavilion, Precinct 1",42
105,REP State Senator 19th District,1,Shaun Young,219,"Charter Township of Pavilion, Precinct 2",185
105,REP State Senator 19th District,2,Write-in,219,"Charter Township of Pavilion, Precinct 2",1
105,REP State Senator 19th District,0,Over Votes,219,"Charter Township of Pavilion, Precinct 2",0
105,REP State Senator 19th District,0,Under Votes,219,"Charter Township of Pavilion, Precinct 2",22
105,REP State Senator 19th District,1,Shaun Young,222,"Charter Township of Pavilion, Precinct 3",134
105,REP State Senator 19th District,2,Write-in,222,"Charter Township of Pavilion, Precinct 3",1
105,REP State Senator 19th District,0,Over Votes,222,"Charter Township of Pavilion, Precinct 3",0
105,REP State Senator 19th District,0,Under Votes,222,"Charter Township of Pavilion, Precinct 3",20
105,REP State Senator 19th District,1,Shaun Young,226,"Portage City, Precinct 1",203
105,REP State Senator 19th District,2,Write-in,226,"Portage City, Precinct 1",1
105,REP State Senator 19th District,0,Over Votes,226,"Portage City, Precinct 1",0
105,REP State Senator 19th District,0,Under Votes,226,"Portage City, Precinct 1",25
105,REP State Senator 19th District,1,Shaun Young,260,"Portage City, Precinct 2",58
105,REP State Senator 19th District,2,Write-in,260,"Portage City, Precinct 2",1
105,REP State Senator 19th District,0,Over Votes,260,"Portage City, Precinct 2",0
105,REP State Senator 19th District,0,Under Votes,260,"Portage City, Precinct 2",8
105,REP State Senator 19th District,1,Shaun Young,264,"Portage City, Precinct 3",461
105,REP State Senator 19th District,2,Write-in,264,"Portage City, Precinct 3",0
105,REP State Senator 19th District,0,Over Votes,264,"Portage City, Precinct 3",1
105,REP State Senator 19th District,0,Under Votes,264,"Portage City, Precinct 3",60
105,REP State Senator 19th District,1,Shaun Young,267,"Portage City, Precinct 4",489
105,REP State Senator 19th District,2,Write-in,267,"Portage City, Precinct 4",0
105,REP State Senator 19th District,0,Over Votes,267,"Portage City, Precinct 4",0
105,REP State Senator 19th District,0,Under Votes,267,"Portage City, Precinct 4",48
105,REP State Senator 19th District,1,Shaun Young,271,"Portage City, Precinct 5",509
105,REP State Senator 19th District,2,Write-in,271,"Portage City, Precinct 5",0
105,REP State Senator 19th District,0,Over Votes,271,"Portage City, Precinct 5",0
105,REP State Senator 19th District,0,Under Votes,271,"Portage City, Precinct 5",61
105,REP State Senator 19th District,1,Shaun Young,274,"Portage City, Precinct 6",208
105,REP State Senator 19th District,2,Write-in,274,"Portage City, Precinct 6",2
105,REP State Senator 19th District,0,Over Votes,274,"Portage City, Precinct 6",0
105,REP State Senator 19th District,0,Under Votes,274,"Portage City, Precinct 6",27
105,REP State Senator 19th District,1,Shaun Young,277,"Portage City, Precinct 7",272
105,REP State Senator 19th District,2,Write-in,277,"Portage City, Precinct 7",0
105,REP State Senator 19th District,0,Over Votes,277,"Portage City, Precinct 7",0
105,REP State Senator 19th District,0,Under Votes,277,"Portage City, Precinct 7",32
105,REP State Senator 19th District,1,Shaun Young,280,"Portage City, Precinct 8",357
105,REP State Senator 19th District,2,Write-in,280,"Portage City, Precinct 8",2
105,REP State Senator 19th District,0,Over Votes,280,"Portage City, Precinct 8",0
105,REP State Senator 19th District,0,Under Votes,280,"Portage City, Precinct 8",40
105,REP State Senator 19th District,1,Shaun Young,283,"Portage City, Precinct 9",161
105,REP State Senator 19th District,2,Write-in,283,"Portage City, Precinct 9",0
105,REP State Senator 19th District,0,Over Votes,283,"Portage City, Precinct 9",0
105,REP State Senator 19th District,0,Under Votes,283,"Portage City, Precinct 9",29
105,REP State Senator 19th District,1,Shaun Young,229,"Portage City, Precinct 10",442
105,REP State Senator 19th District,2,Write-in,229,"Portage City, Precinct 10",3
105,REP State Senator 19th District,0,Over Votes,229,"Portage City, Precinct 10",0
105,REP State Senator 19th District,0,Under Votes,229,"Portage City, Precinct 10",63
105,REP State Senator 19th District,1,Shaun Young,233,"Portage City, Precinct 11",209
105,REP State Senator 19th District,2,Write-in,233,"Portage City, Precinct 11",0
105,REP State Senator 19th District,0,Over Votes,233,"Portage City, Precinct 11",0
105,REP State Senator 19th District,0,Under Votes,233,"Portage City, Precinct 11",29
105,REP State Senator 19th District,1,Shaun Young,236,"Portage City, Precinct 12",148
105,REP State Senator 19th District,2,Write-in,236,"Portage City, Precinct 12",1
105,REP State Senator 19th District,0,Over Votes,236,"Portage City, Precinct 12",0
105,REP State Senator 19th District,0,Under Votes,236,"Portage City, Precinct 12",16
105,REP State Senator 19th District,1,Shaun Young,239,"Portage City, Precinct 13",300
105,REP State Senator 19th District,2,Write-in,239,"Portage City, Precinct 13",0
105,REP State Senator 19th District,0,Over Votes,239,"Portage City, Precinct 13",1
105,REP State Senator 19th District,0,Under Votes,239,"Portage City, Precinct 13",39
105,REP State Senator 19th District,1,Shaun Young,286,"Prairie Ronde Township, Precinct 1",324
105,REP State Senator 19th District,2,Write-in,286,"Prairie Ronde Township, Precinct 1",1
105,REP State Senator 19th District,0,Over Votes,286,"Prairie Ronde Township, Precinct 1",1
105,REP State Senator 19th District,0,Under Votes,286,"Prairie Ronde Township, Precinct 1",36
105,REP State Senator 19th District,1,Shaun Young,290,"Richland Township, Precinct 1",408
105,REP State Senator 19th District,2,Write-in,290,"Richland Township, Precinct 1",0
105,REP State Senator 19th District,0,Over Votes,290,"Richland Township, Precinct 1",0
105,REP State Senator 19th District,0,Under Votes,290,"Richland Township, Precinct 1",59
105,REP State Senator 19th District,1,Shaun Young,293,"Richland Township, Precinct 2",522
105,REP State Senator 19th District,2,Write-in,293,"Richland Township, Precinct 2",2
105,REP State Senator 19th District,0,Over Votes,293,"Richland Township, Precinct 2",0
105,REP State Senator 19th District,0,Under Votes,293,"Richland Township, Precinct 2",80
105,REP State Senator 19th District,1,Shaun Young,299,"Ross Township, Precinct 1",281
105,REP State Senator 19th District,2,Write-in,299,"Ross Township, Precinct 1",1
105,REP State Senator 19th District,0,Over Votes,299,"Ross Township, Precinct 1",0
105,REP State Senator 19th District,0,Under Votes,299,"Ross Township, Precinct 1",40
105,REP State Senator 19th District,1,Shaun Young,302,"Ross Township, Precinct 2",409
105,REP State Senator 19th District,2,Write-in,302,"Ross Township, Precinct 2",2
105,REP State Senator 19th District,0,Over Votes,302,"Ross Township, Precinct 2",0
105,REP State Senator 19th District,0,Under Votes,302,"Ross Township, Precinct 2",48
105,REP State Senator 19th District,1,Shaun Young,305,"Schoolcraft Township, Precinct 1",229
105,REP State Senator 19th District,2,Write-in,305,"Schoolcraft Township, Precinct 1",1
105,REP State Senator 19th District,0,Over Votes,305,"Schoolcraft Township, Precinct 1",0
105,REP State Senator 19th District,0,Under Votes,305,"Schoolcraft Township, Precinct 1",21
105,REP State Senator 19th District,1,Shaun Young,308,"Schoolcraft Township, Precinct 2",115
105,REP State Senator 19th District,2,Write-in,308,"Schoolcraft Township, Precinct 2",0
105,REP State Senator 19th District,0,Over Votes,308,"Schoolcraft Township, Precinct 2",0
105,REP State Senator 19th District,0,Under Votes,308,"Schoolcraft Township, Precinct 2",8
105,REP State Senator 19th District,1,Shaun Young,311,"Schoolcraft Township, Precinct 3",293
105,REP State Senator 19th District,2,Write-in,311,"Schoolcraft Township, Precinct 3",3
105,REP State Senator 19th District,0,Over Votes,311,"Schoolcraft Township, Precinct 3",0
105,REP State Senator 19th District,0,Under Votes,311,"Schoolcraft Township, Precinct 3",34
105,REP State Senator 19th District,1,Shaun Young,314,"Schoolcraft Township, Precinct 4",182
105,REP State Senator 19th District,2,Write-in,314,"Schoolcraft Township, Precinct 4",0
105,REP State Senator 19th District,0,Over Votes,314,"Schoolcraft Township, Precinct 4",1
105,REP State Senator 19th District,0,Under Votes,314,"Schoolcraft Township, Precinct 4",16
105,REP State Senator 19th District,1,Shaun Young,317,"Texas Charter Township, Precinct 1",294
105,REP State Senator 19th District,2,Write-in,317,"Texas Charter Township, Precinct 1",1
105,REP State Senator 19th District,0,Over Votes,317,"Texas Charter Township, Precinct 1",0
105,REP State Senator 19th District,0,Under Votes,317,"Texas Charter Township, Precinct 1",52
105,REP State Senator 19th District,1,Shaun Young,320,"Texas Charter Township, Precinct 2",276
105,REP State Senator 19th District,2,Write-in,320,"Texas Charter Township, Precinct 2",0
105,REP State Senator 19th District,0,Over Votes,320,"Texas Charter Township, Precinct 2",0
105,REP State Senator 19th District,0,Under Votes,320,"Texas Charter Township, Precinct 2",37
105,REP State Senator 19th District,1,Shaun Young,323,"Texas Charter Township, Precinct 3",175
105,REP State Senator 19th District,2,Write-in,323,"Texas Charter Township, Precinct 3",0
105,REP State Senator 19th District,0,Over Votes,323,"Texas Charter Township, Precinct 3",0
105,REP State Senator 19th District,0,Under Votes,323,"Texas Charter Township, Precinct 3",25
105,REP State Senator 19th District,1,Shaun Young,326,"Texas Charter Township, Precinct 4",279
105,REP State Senator 19th District,2,Write-in,326,"Texas Charter Township, Precinct 4",2
105,REP State Senator 19th District,0,Over Votes,326,"Texas Charter Township, Precinct 4",0
105,REP State Senator 19th District,0,Under Votes,326,"Texas Charter Township, Precinct 4",25
105,REP State Senator 19th District,1,Shaun Young,329,"Texas Charter Township, Precinct 5",359
105,REP State Senator 19th District,2,Write-in,329,"Texas Charter Township, Precinct 5",2
105,REP State Senator 19th District,0,Over Votes,329,"Texas Charter Township, Precinct 5",0
105,REP State Senator 19th District,0,Under Votes,329,"Texas Charter Township, Precinct 5",55
105,REP State Senator 19th District,1,Shaun Young,333,"Texas Charter Township, Precinct 6",392
105,REP State Senator 19th District,2,Write-in,333,"Texas Charter Township, Precinct 6",2
105,REP State Senator 19th District,0,Over Votes,333,"Texas Charter Township, Precinct 6",2
105,REP State Senator 19th District,0,Under Votes,333,"Texas Charter Township, Precinct 6",54
106,REP Representative in State Legislature District 40,1,Robert M Sitarski,136,"Kalamazoo City, Precinct 20",97
106,REP Representative in State Legislature District 40,2,Write-in,136,"Kalamazoo City, Precinct 20",2
106,REP Representative in State Legislature District 40,0,Over Votes,136,"Kalamazoo City, Precinct 20",0
106,REP Representative in State Legislature District 40,0,Under Votes,136,"Kalamazoo City, Precinct 20",17
106,REP Representative in State Legislature District 40,1,Robert M Sitarski,139,"Kalamazoo City, Precinct 21",127
106,REP Representative in State Legislature District 40,2,Write-in,139,"Kalamazoo City, Precinct 21",0
106,REP Representative in State Legislature District 40,0,Over Votes,139,"Kalamazoo City, Precinct 21",0
106,REP Representative in State Legislature District 40,0,Under Votes,139,"Kalamazoo City, Precinct 21",17
106,REP Representative in State Legislature District 40,1,Robert M Sitarski,189,"Oshtemo Charter Township, Precinct 2",262
106,REP Representative in State Legislature District 40,2,Write-in,189,"Oshtemo Charter Township, Precinct 2",1
106,REP Representative in State Legislature District 40,0,Over Votes,189,"Oshtemo Charter Township, Precinct 2",0
106,REP Representative in State Legislature District 40,0,Under Votes,189,"Oshtemo Charter Township, Precinct 2",36
106,REP Representative in State Legislature District 40,1,Robert M Sitarski,192,"Oshtemo Charter Township, Precinct 3",176
106,REP Representative in State Legislature District 40,2,Write-in,192,"Oshtemo Charter Township, Precinct 3",0
106,REP Representative in State Legislature District 40,0,Over Votes,192,"Oshtemo Charter Township, Precinct 3",0
106,REP Representative in State Legislature District 40,0,Under Votes,192,"Oshtemo Charter Township, Precinct 3",4
106,REP Representative in State Legislature District 40,1,Robert M Sitarski,195,"Oshtemo Charter Township, Precinct 4",169
106,REP Representative in State Legislature District 40,2,Write-in,195,"Oshtemo Charter Township, Precinct 4",0
106,REP Representative in State Legislature District 40,0,Over Votes,195,"Oshtemo Charter Township, Precinct 4",0
106,REP Representative in State Legislature District 40,0,Under Votes,195,"Oshtemo Charter Township, Precinct 4",17
106,REP Representative in State Legislature District 40,1,Robert M Sitarski,198,"Oshtemo Charter Township, Precinct 5",202
106,REP Representative in State Legislature District 40,2,Write-in,198,"Oshtemo Charter Township, Precinct 5",0
106,REP Representative in State Legislature District 40,0,Over Votes,198,"Oshtemo Charter Township, Precinct 5",1
106,REP Representative in State Legislature District 40,0,Under Votes,198,"Oshtemo Charter Township, Precinct 5",24
106,REP Representative in State Legislature District 40,1,Robert M Sitarski,201,"Oshtemo Charter Township, Precinct 6",124
106,REP Representative in State Legislature District 40,2,Write-in,201,"Oshtemo Charter Township, Precinct 6",0
106,REP Representative in State Legislature District 40,0,Over Votes,201,"Oshtemo Charter Township, Precinct 6",0
106,REP Representative in State Legislature District 40,0,Under Votes,201,"Oshtemo Charter Township, Precinct 6",18
106,REP Representative in State Legislature District 40,1,Robert M Sitarski,204,"Oshtemo Charter Township, Precinct 7",163
106,REP Representative in State Legislature District 40,2,Write-in,204,"Oshtemo Charter Township, Precinct 7",0
106,REP Representative in State Legislature District 40,0,Over Votes,204,"Oshtemo Charter Township, Precinct 7",0
106,REP Representative in State Legislature District 40,0,Under Votes,204,"Oshtemo Charter Township, Precinct 7",15
106,REP Representative in State Legislature District 40,1,Robert M Sitarski,207,"Oshtemo Charter Township, Precinct 8",78
106,REP Representative in State Legislature District 40,2,Write-in,207,"Oshtemo Charter Township, Precinct 8",2
106,REP Representative in State Legislature District 40,0,Over Votes,207,"Oshtemo Charter Township, Precinct 8",0
106,REP Representative in State Legislature District 40,0,Under Votes,207,"Oshtemo Charter Township, Precinct 8",13
106,REP Representative in State Legislature District 40,1,Robert M Sitarski,210,"Oshtemo Charter Township, Precinct 9",168
106,REP Representative in State Legislature District 40,2,Write-in,210,"Oshtemo Charter Township, Precinct 9",0
106,REP Representative in State Legislature District 40,0,Over Votes,210,"Oshtemo Charter Township, Precinct 9",0
106,REP Representative in State Legislature District 40,0,Under Votes,210,"Oshtemo Charter Township, Precinct 9",36
106,REP Representative in State Legislature District 40,1,Robert M Sitarski,226,"Portage City, Precinct 1",200
106,REP Representative in State Legislature District 40,2,Write-in,226,"Portage City, Precinct 1",2
106,REP Representative in State Legislature District 40,0,Over Votes,226,"Portage City, Precinct 1",0
106,REP Representative in State Legislature District 40,0,Under Votes,226,"Portage City, Precinct 1",27
106,REP Representative in State Legislature District 40,1,Robert M Sitarski,264,"Portage City, Precinct 3",463
106,REP Representative in State Legislature District 40,2,Write-in,264,"Portage City, Precinct 3",0
106,REP Representative in State Legislature District 40,0,Over Votes,264,"Portage City, Precinct 3",0
106,REP Representative in State Legislature District 40,0,Under Votes,264,"Portage City, Precinct 3",59
106,REP Representative in State Legislature District 40,1,Robert M Sitarski,267,"Portage City, Precinct 4",480
106,REP Representative in State Legislature District 40,2,Write-in,267,"Portage City, Precinct 4",0
106,REP Representative in State Legislature District 40,0,Over Votes,267,"Portage City, Precinct 4",0
106,REP Representative in State Legislature District 40,0,Under Votes,267,"Portage City, Precinct 4",57
106,REP Representative in State Legislature District 40,1,Robert M Sitarski,271,"Portage City, Precinct 5",495
106,REP Representative in State Legislature District 40,2,Write-in,271,"Portage City, Precinct 5",0
106,REP Representative in State Legislature District 40,0,Over Votes,271,"Portage City, Precinct 5",0
106,REP Representative in State Legislature District 40,0,Under Votes,271,"Portage City, Precinct 5",75
106,REP Representative in State Legislature District 40,1,Robert M Sitarski,274,"Portage City, Precinct 6",200
106,REP Representative in State Legislature District 40,2,Write-in,274,"Portage City, Precinct 6",2
106,REP Representative in State Legislature District 40,0,Over Votes,274,"Portage City, Precinct 6",0
106,REP Representative in State Legislature District 40,0,Under Votes,274,"Portage City, Precinct 6",35
106,REP Representative in State Legislature District 40,1,Robert M Sitarski,277,"Portage City, Precinct 7",266
106,REP Representative in State Legislature District 40,2,Write-in,277,"Portage City, Precinct 7",1
106,REP Representative in State Legislature District 40,0,Over Votes,277,"Portage City, Precinct 7",0
106,REP Representative in State Legislature District 40,0,Under Votes,277,"Portage City, Precinct 7",37
106,REP Representative in State Legislature District 40,1,Robert M Sitarski,280,"Portage City, Precinct 8",353
106,REP Representative in State Legislature District 40,2,Write-in,280,"Portage City, Precinct 8",3
106,REP Representative in State Legislature District 40,0,Over Votes,280,"Portage City, Precinct 8",0
106,REP Representative in State Legislature District 40,0,Under Votes,280,"Portage City, Precinct 8",43
106,REP Representative in State Legislature District 40,1,Robert M Sitarski,283,"Portage City, Precinct 9",156
106,REP Representative in State Legislature District 40,2,Write-in,283,"Portage City, Precinct 9",0
106,REP Representative in State Legislature District 40,0,Over Votes,283,"Portage City, Precinct 9",0
106,REP Representative in State Legislature District 40,0,Under Votes,283,"Portage City, Precinct 9",34
106,REP Representative in State Legislature District 40,1,Robert M Sitarski,229,"Portage City, Precinct 10",437
106,REP Representative in State Legislature District 40,2,Write-in,229,"Portage City, Precinct 10",2
106,REP Representative in State Legislature District 40,0,Over Votes,229,"Portage City, Precinct 10",0
106,REP Representative in State Legislature District 40,0,Under Votes,229,"Portage City, Precinct 10",69
106,REP Representative in State Legislature District 40,1,Robert M Sitarski,233,"Portage City, Precinct 11",206
106,REP Representative in State Legislature District 40,2,Write-in,233,"Portage City, Precinct 11",0
106,REP Representative in State Legislature District 40,0,Over Votes,233,"Portage City, Precinct 11",0
106,REP Representative in State Legislature District 40,0,Under Votes,233,"Portage City, Precinct 11",32
106,REP Representative in State Legislature District 40,1,Robert M Sitarski,236,"Portage City, Precinct 12",144
106,REP Representative in State Legislature District 40,2,Write-in,236,"Portage City, Precinct 12",1
106,REP Representative in State Legislature District 40,0,Over Votes,236,"Portage City, Precinct 12",0
106,REP Representative in State Legislature District 40,0,Under Votes,236,"Portage City, Precinct 12",20
106,REP Representative in State Legislature District 40,1,Robert M Sitarski,239,"Portage City, Precinct 13",291
106,REP Representative in State Legislature District 40,2,Write-in,239,"Portage City, Precinct 13",1
106,REP Representative in State Legislature District 40,0,Over Votes,239,"Portage City, Precinct 13",0
106,REP Representative in State Legislature District 40,0,Under Votes,239,"Portage City, Precinct 13",48
106,REP Representative in State Legislature District 40,1,Robert M Sitarski,317,"Texas Charter Township, Precinct 1",293
106,REP Representative in State Legislature District 40,2,Write-in,317,"Texas Charter Township, Precinct 1",1
106,REP Representative in State Legislature District 40,0,Over Votes,317,"Texas Charter Township, Precinct 1",0
106,REP Representative in State Legislature District 40,0,Under Votes,317,"Texas Charter Township, Precinct 1",53
106,REP Representative in State Legislature District 40,1,Robert M Sitarski,320,"Texas Charter Township, Precinct 2",271
106,REP Representative in State Legislature District 40,2,Write-in,320,"Texas Charter Township, Precinct 2",0
106,REP Representative in State Legislature District 40,0,Over Votes,320,"Texas Charter Township, Precinct 2",0
106,REP Representative in State Legislature District 40,0,Under Votes,320,"Texas Charter Township, Precinct 2",42
106,REP Representative in State Legislature District 40,1,Robert M Sitarski,323,"Texas Charter Township, Precinct 3",176
106,REP Representative in State Legislature District 40,2,Write-in,323,"Texas Charter Township, Precinct 3",0
106,REP Representative in State Legislature District 40,0,Over Votes,323,"Texas Charter Township, Precinct 3",0
106,REP Representative in State Legislature District 40,0,Under Votes,323,"Texas Charter Township, Precinct 3",24
106,REP Representative in State Legislature District 40,1,Robert M Sitarski,326,"Texas Charter Township, Precinct 4",272
106,REP Representative in State Legislature District 40,2,Write-in,326,"Texas Charter Township, Precinct 4",2
106,REP Representative in State Legislature District 40,0,Over Votes,326,"Texas Charter Township, Precinct 4",0
106,REP Representative in State Legislature District 40,0,Under Votes,326,"Texas Charter Township, Precinct 4",32
106,REP Representative in State Legislature District 40,1,Robert M Sitarski,329,"Texas Charter Township, Precinct 5",338
106,REP Representative in State Legislature District 40,2,Write-in,329,"Texas Charter Township, Precinct 5",1
106,REP Representative in State Legislature District 40,0,Over Votes,329,"Texas Charter Township, Precinct 5",0
106,REP Representative in State Legislature District 40,0,Under Votes,329,"Texas Charter Township, Precinct 5",77
106,REP Representative in State Legislature District 40,1,Robert M Sitarski,333,"Texas Charter Township, Precinct 6",393
106,REP Representative in State Legislature District 40,2,Write-in,333,"Texas Charter Township, Precinct 6",2
106,REP Representative in State Legislature District 40,0,Over Votes,333,"Texas Charter Township, Precinct 6",0
106,REP Representative in State Legislature District 40,0,Under Votes,333,"Texas Charter Township, Precinct 6",55
107,REP Representative in State Legislature District 41,1,Nicole C Sabel,69,"Kalamazoo Charter Township, Precinct 1",31
107,REP Representative in State Legislature District 41,2,Write-in,69,"Kalamazoo Charter Township, Precinct 1",1
107,REP Representative in State Legislature District 41,0,Over Votes,69,"Kalamazoo Charter Township, Precinct 1",0
107,REP Representative in State Legislature District 41,0,Under Votes,69,"Kalamazoo Charter Township, Precinct 1",6
107,REP Representative in State Legislature District 41,1,Nicole C Sabel,75,"Kalamazoo Charter Township, Precinct 2",88
107,REP Representative in State Legislature District 41,2,Write-in,75,"Kalamazoo Charter Township, Precinct 2",0
107,REP Representative in State Legislature District 41,0,Over Votes,75,"Kalamazoo Charter Township, Precinct 2",0
107,REP Representative in State Legislature District 41,0,Under Votes,75,"Kalamazoo Charter Township, Precinct 2",12
107,REP Representative in State Legislature District 41,1,Nicole C Sabel,78,"Kalamazoo Charter Township, Precinct 3",251
107,REP Representative in State Legislature District 41,2,Write-in,78,"Kalamazoo Charter Township, Precinct 3",3
107,REP Representative in State Legislature District 41,0,Over Votes,78,"Kalamazoo Charter Township, Precinct 3",0
107,REP Representative in State Legislature District 41,0,Under Votes,78,"Kalamazoo Charter Township, Precinct 3",35
107,REP Representative in State Legislature District 41,1,Nicole C Sabel,81,"Kalamazoo Charter Township, Precinct 4",145
107,REP Representative in State Legislature District 41,2,Write-in,81,"Kalamazoo Charter Township, Precinct 4",1
107,REP Representative in State Legislature District 41,0,Over Votes,81,"Kalamazoo Charter Township, Precinct 4",0
107,REP Representative in State Legislature District 41,0,Under Votes,81,"Kalamazoo Charter Township, Precinct 4",25
107,REP Representative in State Legislature District 41,1,Nicole C Sabel,84,"Kalamazoo Charter Township, Precinct 5",96
107,REP Representative in State Legislature District 41,2,Write-in,84,"Kalamazoo Charter Township, Precinct 5",2
107,REP Representative in State Legislature District 41,0,Over Votes,84,"Kalamazoo Charter Township, Precinct 5",0
107,REP Representative in State Legislature District 41,0,Under Votes,84,"Kalamazoo Charter Township, Precinct 5",8
107,REP Representative in State Legislature District 41,1,Nicole C Sabel,87,"Kalamazoo Charter Township, Precinct 6",115
107,REP Representative in State Legislature District 41,2,Write-in,87,"Kalamazoo Charter Township, Precinct 6",2
107,REP Representative in State Legislature District 41,0,Over Votes,87,"Kalamazoo Charter Township, Precinct 6",0
107,REP Representative in State Legislature District 41,0,Under Votes,87,"Kalamazoo Charter Township, Precinct 6",17
107,REP Representative in State Legislature District 41,1,Nicole C Sabel,133,"Kalamazoo City, Precinct 2",18
107,REP Representative in State Legislature District 41,2,Write-in,133,"Kalamazoo City, Precinct 2",0
107,REP Representative in State Legislature District 41,0,Over Votes,133,"Kalamazoo City, Precinct 2",0
107,REP Representative in State Legislature District 41,0,Under Votes,133,"Kalamazoo City, Precinct 2",0
107,REP Representative in State Legislature District 41,1,Nicole C Sabel,162,"Kalamazoo City, Precinct 3",61
107,REP Representative in State Legislature District 41,2,Write-in,162,"Kalamazoo City, Precinct 3",0
107,REP Representative in State Legislature District 41,0,Over Votes,162,"Kalamazoo City, Precinct 3",0
107,REP Representative in State Legislature District 41,0,Under Votes,162,"Kalamazoo City, Precinct 3",7
107,REP Representative in State Legislature District 41,1,Nicole C Sabel,165,"Kalamazoo City, Precinct 4",73
107,REP Representative in State Legislature District 41,2,Write-in,165,"Kalamazoo City, Precinct 4",0
107,REP Representative in State Legislature District 41,0,Over Votes,165,"Kalamazoo City, Precinct 4",0
107,REP Representative in State Legislature District 41,0,Under Votes,165,"Kalamazoo City, Precinct 4",15
107,REP Representative in State Legislature District 41,1,Nicole C Sabel,168,"Kalamazoo City, Precinct 5",75
107,REP Representative in State Legislature District 41,2,Write-in,168,"Kalamazoo City, Precinct 5",1
107,REP Representative in State Legislature District 41,0,Over Votes,168,"Kalamazoo City, Precinct 5",0
107,REP Representative in State Legislature District 41,0,Under Votes,168,"Kalamazoo City, Precinct 5",7
107,REP Representative in State Legislature District 41,1,Nicole C Sabel,171,"Kalamazoo City, Precinct 6",117
107,REP Representative in State Legislature District 41,2,Write-in,171,"Kalamazoo City, Precinct 6",0
107,REP Representative in State Legislature District 41,0,Over Votes,171,"Kalamazoo City, Precinct 6",0
107,REP Representative in State Legislature District 41,0,Under Votes,171,"Kalamazoo City, Precinct 6",13
107,REP Representative in State Legislature District 41,1,Nicole C Sabel,174,"Kalamazoo City, Precinct 7",33
107,REP Representative in State Legislature District 41,2,Write-in,174,"Kalamazoo City, Precinct 7",2
107,REP Representative in State Legislature District 41,0,Over Votes,174,"Kalamazoo City, Precinct 7",0
107,REP Representative in State Legislature District 41,0,Under Votes,174,"Kalamazoo City, Precinct 7",3
107,REP Representative in State Legislature District 41,1,Nicole C Sabel,177,"Kalamazoo City, Precinct 8",26
107,REP Representative in State Legislature District 41,2,Write-in,177,"Kalamazoo City, Precinct 8",0
107,REP Representative in State Legislature District 41,0,Over Votes,177,"Kalamazoo City, Precinct 8",0
107,REP Representative in State Legislature District 41,0,Under Votes,177,"Kalamazoo City, Precinct 8",5
107,REP Representative in State Legislature District 41,1,Nicole C Sabel,180,"Kalamazoo City, Precinct 9",94
107,REP Representative in State Legislature District 41,2,Write-in,180,"Kalamazoo City, Precinct 9",1
107,REP Representative in State Legislature District 41,0,Over Votes,180,"Kalamazoo City, Precinct 9",0
107,REP Representative in State Legislature District 41,0,Under Votes,180,"Kalamazoo City, Precinct 9",16
107,REP Representative in State Legislature District 41,1,Nicole C Sabel,102,"Kalamazoo City, Precinct 10",127
107,REP Representative in State Legislature District 41,2,Write-in,102,"Kalamazoo City, Precinct 10",2
107,REP Representative in State Legislature District 41,0,Over Votes,102,"Kalamazoo City, Precinct 10",0
107,REP Representative in State Legislature District 41,0,Under Votes,102,"Kalamazoo City, Precinct 10",20
107,REP Representative in State Legislature District 41,1,Nicole C Sabel,105,"Kalamazoo City, Precinct 11",24
107,REP Representative in State Legislature District 41,2,Write-in,105,"Kalamazoo City, Precinct 11",0
107,REP Representative in State Legislature District 41,0,Over Votes,105,"Kalamazoo City, Precinct 11",0
107,REP Representative in State Legislature District 41,0,Under Votes,105,"Kalamazoo City, Precinct 11",0
107,REP Representative in State Legislature District 41,1,Nicole C Sabel,108,"Kalamazoo City, Precinct 12",114
107,REP Representative in State Legislature District 41,2,Write-in,108,"Kalamazoo City, Precinct 12",0
107,REP Representative in State Legislature District 41,0,Over Votes,108,"Kalamazoo City, Precinct 12",0
107,REP Representative in State Legislature District 41,0,Under Votes,108,"Kalamazoo City, Precinct 12",11
107,REP Representative in State Legislature District 41,1,Nicole C Sabel,111,"Kalamazoo City, Precinct 13",67
107,REP Representative in State Legislature District 41,2,Write-in,111,"Kalamazoo City, Precinct 13",0
107,REP Representative in State Legislature District 41,0,Over Votes,111,"Kalamazoo City, Precinct 13",0
107,REP Representative in State Legislature District 41,0,Under Votes,111,"Kalamazoo City, Precinct 13",5
107,REP Representative in State Legislature District 41,1,Nicole C Sabel,114,"Kalamazoo City, Precinct 14",143
107,REP Representative in State Legislature District 41,2,Write-in,114,"Kalamazoo City, Precinct 14",1
107,REP Representative in State Legislature District 41,0,Over Votes,114,"Kalamazoo City, Precinct 14",0
107,REP Representative in State Legislature District 41,0,Under Votes,114,"Kalamazoo City, Precinct 14",25
107,REP Representative in State Legislature District 41,1,Nicole C Sabel,117,"Kalamazoo City, Precinct 15",39
107,REP Representative in State Legislature District 41,2,Write-in,117,"Kalamazoo City, Precinct 15",2
107,REP Representative in State Legislature District 41,0,Over Votes,117,"Kalamazoo City, Precinct 15",0
107,REP Representative in State Legislature District 41,0,Under Votes,117,"Kalamazoo City, Precinct 15",4
107,REP Representative in State Legislature District 41,1,Nicole C Sabel,120,"Kalamazoo City, Precinct 16",89
107,REP Representative in State Legislature District 41,2,Write-in,120,"Kalamazoo City, Precinct 16",1
107,REP Representative in State Legislature District 41,0,Over Votes,120,"Kalamazoo City, Precinct 16",0
107,REP Representative in State Legislature District 41,0,Under Votes,120,"Kalamazoo City, Precinct 16",11
107,REP Representative in State Legislature District 41,1,Nicole C Sabel,123,"Kalamazoo City, Precinct 17",86
107,REP Representative in State Legislature District 41,2,Write-in,123,"Kalamazoo City, Precinct 17",1
107,REP Representative in State Legislature District 41,0,Over Votes,123,"Kalamazoo City, Precinct 17",0
107,REP Representative in State Legislature District 41,0,Under Votes,123,"Kalamazoo City, Precinct 17",12
107,REP Representative in State Legislature District 41,1,Nicole C Sabel,127,"Kalamazoo City, Precinct 18",81
107,REP Representative in State Legislature District 41,2,Write-in,127,"Kalamazoo City, Precinct 18",3
107,REP Representative in State Legislature District 41,0,Over Votes,127,"Kalamazoo City, Precinct 18",0
107,REP Representative in State Legislature District 41,0,Under Votes,127,"Kalamazoo City, Precinct 18",8
107,REP Representative in State Legislature District 41,1,Nicole C Sabel,130,"Kalamazoo City, Precinct 19",66
107,REP Representative in State Legislature District 41,2,Write-in,130,"Kalamazoo City, Precinct 19",2
107,REP Representative in State Legislature District 41,0,Over Votes,130,"Kalamazoo City, Precinct 19",0
107,REP Representative in State Legislature District 41,0,Under Votes,130,"Kalamazoo City, Precinct 19",12
107,REP Representative in State Legislature District 41,1,Nicole C Sabel,260,"Portage City, Precinct 2",57
107,REP Representative in State Legislature District 41,2,Write-in,260,"Portage City, Precinct 2",1
107,REP Representative in State Legislature District 41,0,Over Votes,260,"Portage City, Precinct 2",0
107,REP Representative in State Legislature District 41,0,Under Votes,260,"Portage City, Precinct 2",9
108,REP Representative in State Legislature District 42,1,Matt Hall,11,"Alamo Township, Precinct 1",235
108,REP Representative in State Legislature District 42,2,Write-in,11,"Alamo Township, Precinct 1",1
108,REP Representative in State Legislature District 42,0,Over Votes,11,"Alamo Township, Precinct 1",0
108,REP Representative in State Legislature District 42,0,Under Votes,11,"Alamo Township, Precinct 1",22
108,REP Representative in State Legislature District 42,1,Matt Hall,14,"Alamo Township, Precinct 2",380
108,REP Representative in State Legislature District 42,2,Write-in,14,"Alamo Township, Precinct 2",0
108,REP Representative in State Legislature District 42,0,Over Votes,14,"Alamo Township, Precinct 2",1
108,REP Representative in State Legislature District 42,0,Under Votes,14,"Alamo Township, Precinct 2",36
108,REP Representative in State Legislature District 42,1,Matt Hall,17,"Brady Charter Township, Precinct 1",274
108,REP Representative in State Legislature District 42,2,Write-in,17,"Brady Charter Township, Precinct 1",1
108,REP Representative in State Legislature District 42,0,Over Votes,17,"Brady Charter Township, Precinct 1",0
108,REP Representative in State Legislature District 42,0,Under Votes,17,"Brady Charter Township, Precinct 1",20
108,REP Representative in State Legislature District 42,1,Matt Hall,20,"Brady Charter Township, Precinct 2",308
108,REP Representative in State Legislature District 42,2,Write-in,20,"Brady Charter Township, Precinct 2",2
108,REP Representative in State Legislature District 42,0,Over Votes,20,"Brady Charter Township, Precinct 2",0
108,REP Representative in State Legislature District 42,0,Under Votes,20,"Brady Charter Township, Precinct 2",16
108,REP Representative in State Legislature District 42,1,Matt Hall,29,"Comstock Charter Township, Precinct 1",273
108,REP Representative in State Legislature District 42,2,Write-in,29,"Comstock Charter Township, Precinct 1",0
108,REP Representative in State Legislature District 42,0,Over Votes,29,"Comstock Charter Township, Precinct 1",0
108,REP Representative in State Legislature District 42,0,Under Votes,29,"Comstock Charter Township, Precinct 1",28
108,REP Representative in State Legislature District 42,1,Matt Hall,32,"Comstock Charter Township, Precinct 2",190
108,REP Representative in State Legislature District 42,2,Write-in,32,"Comstock Charter Township, Precinct 2",2
108,REP Representative in State Legislature District 42,0,Over Votes,32,"Comstock Charter Township, Precinct 2",0
108,REP Representative in State Legislature District 42,0,Under Votes,32,"Comstock Charter Township, Precinct 2",15
108,REP Representative in State Legislature District 42,1,Matt Hall,35,"Comstock Charter Township, Precinct 3",199
108,REP Representative in State Legislature District 42,2,Write-in,35,"Comstock Charter Township, Precinct 3",2
108,REP Representative in State Legislature District 42,0,Over Votes,35,"Comstock Charter Township, Precinct 3",0
108,REP Representative in State Legislature District 42,0,Under Votes,35,"Comstock Charter Township, Precinct 3",7
108,REP Representative in State Legislature District 42,1,Matt Hall,38,"Comstock Charter Township, Precinct 4",218
108,REP Representative in State Legislature District 42,2,Write-in,38,"Comstock Charter Township, Precinct 4",0
108,REP Representative in State Legislature District 42,0,Over Votes,38,"Comstock Charter Township, Precinct 4",0
108,REP Representative in State Legislature District 42,0,Under Votes,38,"Comstock Charter Township, Precinct 4",31
108,REP Representative in State Legislature District 42,1,Matt Hall,41,"Comstock Charter Township, Precinct 5",264
108,REP Representative in State Legislature District 42,2,Write-in,41,"Comstock Charter Township, Precinct 5",1
108,REP Representative in State Legislature District 42,0,Over Votes,41,"Comstock Charter Township, Precinct 5",0
108,REP Representative in State Legislature District 42,0,Under Votes,41,"Comstock Charter Township, Precinct 5",19
108,REP Representative in State Legislature District 42,1,Matt Hall,44,"Comstock Charter Township, Precinct 6",197
108,REP Representative in State Legislature District 42,2,Write-in,44,"Comstock Charter Township, Precinct 6",2
108,REP Representative in State Legislature District 42,0,Over Votes,44,"Comstock Charter Township, Precinct 6",0
108,REP Representative in State Legislature District 42,0,Under Votes,44,"Comstock Charter Township, Precinct 6",19
108,REP Representative in State Legislature District 42,1,Matt Hall,50,"Cooper Charter Township, Precinct 1",186
108,REP Representative in State Legislature District 42,2,Write-in,50,"Cooper Charter Township, Precinct 1",0
108,REP Representative in State Legislature District 42,0,Over Votes,50,"Cooper Charter Township, Precinct 1",0
108,REP Representative in State Legislature District 42,0,Under Votes,50,"Cooper Charter Township, Precinct 1",15
108,REP Representative in State Legislature District 42,1,Matt Hall,54,"Cooper Charter Township, Precinct 2",193
108,REP Representative in State Legislature District 42,2,Write-in,54,"Cooper Charter Township, Precinct 2",3
108,REP Representative in State Legislature District 42,0,Over Votes,54,"Cooper Charter Township, Precinct 2",0
108,REP Representative in State Legislature District 42,0,Under Votes,54,"Cooper Charter Township, Precinct 2",21
108,REP Representative in State Legislature District 42,1,Matt Hall,58,"Cooper Charter Township, Precinct 3",330
108,REP Representative in State Legislature District 42,2,Write-in,58,"Cooper Charter Township, Precinct 3",3
108,REP Representative in State Legislature District 42,0,Over Votes,58,"Cooper Charter Township, Precinct 3",0
108,REP Representative in State Legislature District 42,0,Under Votes,58,"Cooper Charter Township, Precinct 3",25
108,REP Representative in State Legislature District 42,1,Matt Hall,62,"Cooper Charter Township, Precinct 4",466
108,REP Representative in State Legislature District 42,2,Write-in,62,"Cooper Charter Township, Precinct 4",1
108,REP Representative in State Legislature District 42,0,Over Votes,62,"Cooper Charter Township, Precinct 4",0
108,REP Representative in State Legislature District 42,0,Under Votes,62,"Cooper Charter Township, Precinct 4",44
108,REP Representative in State Legislature District 42,1,Matt Hall,66,"Galesburg City, Precinct 1",93
108,REP Representative in State Legislature District 42,2,Write-in,66,"Galesburg City, Precinct 1",0
108,REP Representative in State Legislature District 42,0,Over Votes,66,"Galesburg City, Precinct 1",0
108,REP Representative in State Legislature District 42,0,Under Votes,66,"Galesburg City, Precinct 1",0
108,REP Representative in State Legislature District 42,1,Matt Hall,75,"Kalamazoo Charter Township, Precinct 2",209
108,REP Representative in State Legislature District 42,2,Write-in,75,"Kalamazoo Charter Township, Precinct 2",3
108,REP Representative in State Legislature District 42,0,Over Votes,75,"Kalamazoo Charter Township, Precinct 2",0
108,REP Representative in State Legislature District 42,0,Under Votes,75,"Kalamazoo Charter Township, Precinct 2",17
108,REP Representative in State Legislature District 42,1,Matt Hall,183,"Oshtemo Charter Township, Precinct 1",239
108,REP Representative in State Legislature District 42,2,Write-in,183,"Oshtemo Charter Township, Precinct 1",2
108,REP Representative in State Legislature District 42,0,Over Votes,183,"Oshtemo Charter Township, Precinct 1",0
108,REP Representative in State Legislature District 42,0,Under Votes,183,"Oshtemo Charter Township, Precinct 1",13
108,REP Representative in State Legislature District 42,1,Matt Hall,213,"Parchment City, Precinct 1",120
108,REP Representative in State Legislature District 42,2,Write-in,213,"Parchment City, Precinct 1",0
108,REP Representative in State Legislature District 42,0,Over Votes,213,"Parchment City, Precinct 1",0
108,REP Representative in State Legislature District 42,0,Under Votes,213,"Parchment City, Precinct 1",11
108,REP Representative in State Legislature District 42,1,Matt Hall,216,"Charter Township of Pavilion, Precinct 1",300
108,REP Representative in State Legislature District 42,2,Write-in,216,"Charter Township of Pavilion, Precinct 1",1
108,REP Representative in State Legislature District 42,0,Over Votes,216,"Charter Township of Pavilion, Precinct 1",0
108,REP Representative in State Legislature District 42,0,Under Votes,216,"Charter Township of Pavilion, Precinct 1",23
108,REP Representative in State Legislature District 42,1,Matt Hall,219,"Charter Township of Pavilion, Precinct 2",191
108,REP Representative in State Legislature District 42,2,Write-in,219,"Charter Township of Pavilion, Precinct 2",0
108,REP Representative in State Legislature District 42,0,Over Votes,219,"Charter Township of Pavilion, Precinct 2",0
108,REP Representative in State Legislature District 42,0,Under Votes,219,"Charter Township of Pavilion, Precinct 2",17
108,REP Representative in State Legislature District 42,1,Matt Hall,222,"Charter Township of Pavilion, Precinct 3",141
108,REP Representative in State Legislature District 42,2,Write-in,222,"Charter Township of Pavilion, Precinct 3",1
108,REP Representative in State Legislature District 42,0,Over Votes,222,"Charter Township of Pavilion, Precinct 3",0
108,REP Representative in State Legislature District 42,0,Under Votes,222,"Charter Township of Pavilion, Precinct 3",13
108,REP Representative in State Legislature District 42,1,Matt Hall,286,"Prairie Ronde Township, Precinct 1",336
108,REP Representative in State Legislature District 42,2,Write-in,286,"Prairie Ronde Township, Precinct 1",0
108,REP Representative in State Legislature District 42,0,Over Votes,286,"Prairie Ronde Township, Precinct 1",0
108,REP Representative in State Legislature District 42,0,Under Votes,286,"Prairie Ronde Township, Precinct 1",26
108,REP Representative in State Legislature District 42,1,Matt Hall,290,"Richland Township, Precinct 1",437
108,REP Representative in State Legislature District 42,2,Write-in,290,"Richland Township, Precinct 1",0
108,REP Representative in State Legislature District 42,0,Over Votes,290,"Richland Township, Precinct 1",0
108,REP Representative in State Legislature District 42,0,Under Votes,290,"Richland Township, Precinct 1",30
108,REP Representative in State Legislature District 42,1,Matt Hall,293,"Richland Township, Precinct 2",558
108,REP Representative in State Legislature District 42,2,Write-in,293,"Richland Township, Precinct 2",2
108,REP Representative in State Legislature District 42,0,Over Votes,293,"Richland Township, Precinct 2",0
108,REP Representative in State Legislature District 42,0,Under Votes,293,"Richland Township, Precinct 2",44
108,REP Representative in State Legislature District 42,1,Matt Hall,299,"Ross Township, Precinct 1",289
108,REP Representative in State Legislature District 42,2,Write-in,299,"Ross Township, Precinct 1",1
108,REP Representative in State Legislature District 42,0,Over Votes,299,"Ross Township, Precinct 1",0
108,REP Representative in State Legislature District 42,0,Under Votes,299,"Ross Township, Precinct 1",32
108,REP Representative in State Legislature District 42,1,Matt Hall,302,"Ross Township, Precinct 2",424
108,REP Representative in State Legislature District 42,2,Write-in,302,"Ross Township, Precinct 2",4
108,REP Representative in State Legislature District 42,0,Over Votes,302,"Ross Township, Precinct 2",0
108,REP Representative in State Legislature District 42,0,Under Votes,302,"Ross Township, Precinct 2",31
108,REP Representative in State Legislature District 42,1,Matt Hall,305,"Schoolcraft Township, Precinct 1",237
108,REP Representative in State Legislature District 42,2,Write-in,305,"Schoolcraft Township, Precinct 1",0
108,REP Representative in State Legislature District 42,0,Over Votes,305,"Schoolcraft Township, Precinct 1",0
108,REP Representative in State Legislature District 42,0,Under Votes,305,"Schoolcraft Township, Precinct 1",14
108,REP Representative in State Legislature District 42,1,Matt Hall,308,"Schoolcraft Township, Precinct 2",117
108,REP Representative in State Legislature District 42,2,Write-in,308,"Schoolcraft Township, Precinct 2",0
108,REP Representative in State Legislature District 42,0,Over Votes,308,"Schoolcraft Township, Precinct 2",0
108,REP Representative in State Legislature District 42,0,Under Votes,308,"Schoolcraft Township, Precinct 2",6
108,REP Representative in State Legislature District 42,1,Matt Hall,311,"Schoolcraft Township, Precinct 3",303
108,REP Representative in State Legislature District 42,2,Write-in,311,"Schoolcraft Township, Precinct 3",3
108,REP Representative in State Legislature District 42,0,Over Votes,311,"Schoolcraft Township, Precinct 3",0
108,REP Representative in State Legislature District 42,0,Under Votes,311,"Schoolcraft Township, Precinct 3",24
108,REP Representative in State Legislature District 42,1,Matt Hall,314,"Schoolcraft Township, Precinct 4",182
108,REP Representative in State Legislature District 42,2,Write-in,314,"Schoolcraft Township, Precinct 4",0
108,REP Representative in State Legislature District 42,0,Over Votes,314,"Schoolcraft Township, Precinct 4",0
108,REP Representative in State Legislature District 42,0,Under Votes,314,"Schoolcraft Township, Precinct 4",17
109,REP Representative in State Legislature District 45,1,Sarah Lightner,23,"Charleston Township, Precinct 1",266
109,REP Representative in State Legislature District 45,2,Write-in,23,"Charleston Township, Precinct 1",2
109,REP Representative in State Legislature District 45,0,Over Votes,23,"Charleston Township, Precinct 1",1
109,REP Representative in State Legislature District 45,0,Under Votes,23,"Charleston Township, Precinct 1",27
109,REP Representative in State Legislature District 45,1,Sarah Lightner,26,"Climax Township, Precinct 1",333
109,REP Representative in State Legislature District 45,2,Write-in,26,"Climax Township, Precinct 1",1
109,REP Representative in State Legislature District 45,0,Over Votes,26,"Climax Township, Precinct 1",0
109,REP Representative in State Legislature District 45,0,Under Votes,26,"Climax Township, Precinct 1",27
109,REP Representative in State Legislature District 45,1,Sarah Lightner,336,"Wakeshma Township, Precinct 1",155
109,REP Representative in State Legislature District 45,2,Write-in,336,"Wakeshma Township, Precinct 1",0
109,REP Representative in State Legislature District 45,0,Over Votes,336,"Wakeshma Township, Precinct 1",0
109,REP Representative in State Legislature District 45,0,Under Votes,336,"Wakeshma Township, Precinct 1",21
110,REP Treasurer Kalamazoo Charter Township,1,Write-in,69,"Kalamazoo Charter Township, Precinct 1",12
110,REP Treasurer Kalamazoo Charter Township,0,Over Votes,69,"Kalamazoo Charter Township, Precinct 1",0
110,REP Treasurer Kalamazoo Charter Township,0,Under Votes,69,"Kalamazoo Charter Township, Precinct 1",26
110,REP Treasurer Kalamazoo Charter Township,1,Write-in,75,"Kalamazoo Charter Township, Precinct 2",67
110,REP Treasurer Kalamazoo Charter Township,0,Over Votes,75,"Kalamazoo Charter Township, Precinct 2",0
110,REP Treasurer Kalamazoo Charter Township,0,Under Votes,75,"Kalamazoo Charter Township, Precinct 2",262
110,REP Treasurer Kalamazoo Charter Township,1,Write-in,78,"Kalamazoo Charter Township, Precinct 3",45
110,REP Treasurer Kalamazoo Charter Township,0,Over Votes,78,"Kalamazoo Charter Township, Precinct 3",0
110,REP Treasurer Kalamazoo Charter Township,0,Under Votes,78,"Kalamazoo Charter Township, Precinct 3",244
110,REP Treasurer Kalamazoo Charter Township,1,Write-in,81,"Kalamazoo Charter Township, Precinct 4",30
110,REP Treasurer Kalamazoo Charter Township,0,Over Votes,81,"Kalamazoo Charter Township, Precinct 4",0
110,REP Treasurer Kalamazoo Charter Township,0,Under Votes,81,"Kalamazoo Charter Township, Precinct 4",141
110,REP Treasurer Kalamazoo Charter Township,1,Write-in,84,"Kalamazoo Charter Township, Precinct 5",19
110,REP Treasurer Kalamazoo Charter Township,0,Over Votes,84,"Kalamazoo Charter Township, Precinct 5",0
110,REP Treasurer Kalamazoo Charter Township,0,Under Votes,84,"Kalamazoo Charter Township, Precinct 5",87
110,REP Treasurer Kalamazoo Charter Township,1,Write-in,87,"Kalamazoo Charter Township, Precinct 6",25
110,REP Treasurer Kalamazoo Charter Township,0,Over Votes,87,"Kalamazoo Charter Township, Precinct 6",0
110,REP Treasurer Kalamazoo Charter Township,0,Under Votes,87,"Kalamazoo Charter Township, Precinct 6",109
111,REP Trustee Kalamazoo Charter Township,1,Write-in,69,"Kalamazoo Charter Township, Precinct 1",12
111,REP Trustee Kalamazoo Charter Township,0,Over Votes,69,"Kalamazoo Charter Township, Precinct 1",0
111,REP Trustee Kalamazoo Charter Township,0,Under Votes,69,"Kalamazoo Charter Township, Precinct 1",26
111,REP Trustee Kalamazoo Charter Township,1,Write-in,75,"Kalamazoo Charter Township, Precinct 2",61
111,REP Trustee Kalamazoo Charter Township,0,Over Votes,75,"Kalamazoo Charter Township, Precinct 2",0
111,REP Trustee Kalamazoo Charter Township,0,Under Votes,75,"Kalamazoo Charter Township, Precinct 2",268
111,REP Trustee Kalamazoo Charter Township,1,Write-in,78,"Kalamazoo Charter Township, Precinct 3",36
111,REP Trustee Kalamazoo Charter Township,0,Over Votes,78,"Kalamazoo Charter Township, Precinct 3",0
111,REP Trustee Kalamazoo Charter Township,0,Under Votes,78,"Kalamazoo Charter Township, Precinct 3",253
111,REP Trustee Kalamazoo Charter Township,1,Write-in,81,"Kalamazoo Charter Township, Precinct 4",29
111,REP Trustee Kalamazoo Charter Township,0,Over Votes,81,"Kalamazoo Charter Township, Precinct 4",0
111,REP Trustee Kalamazoo Charter Township,0,Under Votes,81,"Kalamazoo Charter Township, Precinct 4",142
111,REP Trustee Kalamazoo Charter Township,1,Write-in,84,"Kalamazoo Charter Township, Precinct 5",19
111,REP Trustee Kalamazoo Charter Township,0,Over Votes,84,"Kalamazoo Charter Township, Precinct 5",0
111,REP Trustee Kalamazoo Charter Township,0,Under Votes,84,"Kalamazoo Charter Township, Precinct 5",87
111,REP Trustee Kalamazoo Charter Township,1,Write-in,87,"Kalamazoo Charter Township, Precinct 6",21
111,REP Trustee Kalamazoo Charter Township,0,Over Votes,87,"Kalamazoo Charter Township, Precinct 6",0
111,REP Trustee Kalamazoo Charter Township,0,Under Votes,87,"Kalamazoo Charter Township, Precinct 6",113
112,REP Clerk Richland Township,1,Tami Penny,290,"Richland Township, Precinct 1",401
112,REP Clerk Richland Township,2,Write-in,290,"Richland Township, Precinct 1",0
112,REP Clerk Richland Township,0,Over Votes,290,"Richland Township, Precinct 1",0
112,REP Clerk Richland Township,0,Under Votes,290,"Richland Township, Precinct 1",66
112,REP Clerk Richland Township,1,Tami Penny,293,"Richland Township, Precinct 2",533
112,REP Clerk Richland Township,2,Write-in,293,"Richland Township, Precinct 2",3
112,REP Clerk Richland Township,0,Over Votes,293,"Richland Township, Precinct 2",1
112,REP Clerk Richland Township,0,Under Votes,293,"Richland Township, Precinct 2",67
113,REP Treasurer Richland Township,1,Jason Ramer,290,"Richland Township, Precinct 1",399
113,REP Treasurer Richland Township,2,Write-in,290,"Richland Township, Precinct 1",0
113,REP Treasurer Richland Township,0,Over Votes,290,"Richland Township, Precinct 1",0
113,REP Treasurer Richland Township,0,Under Votes,290,"Richland Township, Precinct 1",68
113,REP Treasurer Richland Township,1,Jason Ramer,293,"Richland Township, Precinct 2",524
113,REP Treasurer Richland Township,2,Write-in,293,"Richland Township, Precinct 2",3
113,REP Treasurer Richland Township,0,Over Votes,293,"Richland Township, Precinct 2",1
113,REP Treasurer Richland Township,0,Under Votes,293,"Richland Township, Precinct 2",76
114,"REP Delegate to County Convention Alamo Township, Precinct 1",1,Dennis L Brewer,11,"Alamo Township, Precinct 1",218
114,"REP Delegate to County Convention Alamo Township, Precinct 1",2,Write-in,11,"Alamo Township, Precinct 1",0
114,"REP Delegate to County Convention Alamo Township, Precinct 1",0,Over Votes,11,"Alamo Township, Precinct 1",0
114,"REP Delegate to County Convention Alamo Township, Precinct 1",0,Under Votes,11,"Alamo Township, Precinct 1",556
115,"REP Delegate to County Convention Alamo Township, Precinct 2",1,Julie A Hopkins,14,"Alamo Township, Precinct 2",355
115,"REP Delegate to County Convention Alamo Township, Precinct 2",2,Write-in,14,"Alamo Township, Precinct 2",1
115,"REP Delegate to County Convention Alamo Township, Precinct 2",0,Over Votes,14,"Alamo Township, Precinct 2",0
115,"REP Delegate to County Convention Alamo Township, Precinct 2",0,Under Votes,14,"Alamo Township, Precinct 2",1312
116,"REP Delegate to County Convention Brady Charter Township, Precinct 1",1,Write-in,17,"Brady Charter Township, Precinct 1",4
116,"REP Delegate to County Convention Brady Charter Township, Precinct 1",0,Over Votes,17,"Brady Charter Township, Precinct 1",0
116,"REP Delegate to County Convention Brady Charter Township, Precinct 1",0,Under Votes,17,"Brady Charter Township, Precinct 1",1176
117,"REP Delegate to County Convention Brady Charter Township, Precinct 2",1,Write-in,20,"Brady Charter Township, Precinct 2",18
117,"REP Delegate to County Convention Brady Charter Township, Precinct 2",0,Over Votes,20,"Brady Charter Township, Precinct 2",0
117,"REP Delegate to County Convention Brady Charter Township, Precinct 2",0,Under Votes,20,"Brady Charter Township, Precinct 2",1286
118,"REP Delegate to County Convention Charleston Township, Precinct 1",1,Write-in,23,"Charleston Township, Precinct 1",13
118,"REP Delegate to County Convention Charleston Township, Precinct 1",0,Over Votes,23,"Charleston Township, Precinct 1",0
118,"REP Delegate to County Convention Charleston Township, Precinct 1",0,Under Votes,23,"Charleston Township, Precinct 1",875
119,"REP Delegate to County Convention Climax Township, Precinct 1",1,Steven L Walman,26,"Climax Township, Precinct 1",323
119,"REP Delegate to County Convention Climax Township, Precinct 1",2,Write-in,26,"Climax Township, Precinct 1",2
119,"REP Delegate to County Convention Climax Township, Precinct 1",0,Over Votes,26,"Climax Township, Precinct 1",0
119,"REP Delegate to County Convention Climax Township, Precinct 1",0,Under Votes,26,"Climax Township, Precinct 1",1119
120,"REP Delegate to County Convention Comstock Charter Township, Precinct 1",1,Aaron Pelletier,29,"Comstock Charter Township, Precinct 1",194
120,"REP Delegate to County Convention Comstock Charter Township, Precinct 1",2,Michelle Pelletier,29,"Comstock Charter Township, Precinct 1",187
120,"REP Delegate to County Convention Comstock Charter Township, Precinct 1",3,John Smits,29,"Comstock Charter Township, Precinct 1",200
120,"REP Delegate to County Convention Comstock Charter Township, Precinct 1",4,Write-in,29,"Comstock Charter Township, Precinct 1",3
120,"REP Delegate to County Convention Comstock Charter Township, Precinct 1",0,Over Votes,29,"Comstock Charter Township, Precinct 1",3
120,"REP Delegate to County Convention Comstock Charter Township, Precinct 1",0,Under Votes,29,"Comstock Charter Township, Precinct 1",316
121,"REP Delegate to County Convention Comstock Charter Township, Precinct 2",1,Write-in,32,"Comstock Charter Township, Precinct 2",6
121,"REP Delegate to County Convention Comstock Charter Township, Precinct 2",0,Over Votes,32,"Comstock Charter Township, Precinct 2",0
121,"REP Delegate to County Convention Comstock Charter Township, Precinct 2",0,Under Votes,32,"Comstock Charter Township, Precinct 2",615
122,"REP Delegate to County Convention Comstock Charter Township, Precinct 3",1,Write-in,35,"Comstock Charter Township, Precinct 3",10
122,"REP Delegate to County Convention Comstock Charter Township, Precinct 3",0,Over Votes,35,"Comstock Charter Township, Precinct 3",0
122,"REP Delegate to County Convention Comstock Charter Township, Precinct 3",0,Under Votes,35,"Comstock Charter Township, Precinct 3",614
123,"REP Delegate to County Convention Comstock Charter Township, Precinct 4",1,Laura Bowersox,38,"Comstock Charter Township, Precinct 4",172
123,"REP Delegate to County Convention Comstock Charter Township, Precinct 4",2,Donna J Calvaruso,38,"Comstock Charter Township, Precinct 4",152
123,"REP Delegate to County Convention Comstock Charter Township, Precinct 4",3,Joe Calvaruso,38,"Comstock Charter Township, Precinct 4",151
123,"REP Delegate to County Convention Comstock Charter Township, Precinct 4",4,Write-in,38,"Comstock Charter Township, Precinct 4",4
123,"REP Delegate to County Convention Comstock Charter Township, Precinct 4",0,Over Votes,38,"Comstock Charter Township, Precinct 4",0
123,"REP Delegate to County Convention Comstock Charter Township, Precinct 4",0,Under Votes,38,"Comstock Charter Township, Precinct 4",268
124,"REP Delegate to County Convention Comstock Charter Township, Precinct 5",1,Write-in,41,"Comstock Charter Township, Precinct 5",8
124,"REP Delegate to County Convention Comstock Charter Township, Precinct 5",0,Over Votes,41,"Comstock Charter Township, Precinct 5",0
124,"REP Delegate to County Convention Comstock Charter Township, Precinct 5",0,Under Votes,41,"Comstock Charter Township, Precinct 5",1412
125,"REP Delegate to County Convention Comstock Charter Township, Precinct 6",1,Kimberly M Frentheway,44,"Comstock Charter Township, Precinct 6",182
125,"REP Delegate to County Convention Comstock Charter Township, Precinct 6",2,Write-in,44,"Comstock Charter Township, Precinct 6",2
125,"REP Delegate to County Convention Comstock Charter Township, Precinct 6",0,Over Votes,44,"Comstock Charter Township, Precinct 6",0
125,"REP Delegate to County Convention Comstock Charter Township, Precinct 6",0,Under Votes,44,"Comstock Charter Township, Precinct 6",252
126,"REP Delegate to County Convention Cooper Charter Township, Precinct 1",1,Barbara G Bechtel,50,"Cooper Charter Township, Precinct 1",89
126,"REP Delegate to County Convention Cooper Charter Township, Precinct 1",2,Biruta Puike Wilson,50,"Cooper Charter Township, Precinct 1",40
126,"REP Delegate to County Convention Cooper Charter Township, Precinct 1",3,Vincent E Wilson,50,"Cooper Charter Township, Precinct 1",106
126,"REP Delegate to County Convention Cooper Charter Township, Precinct 1",4,Write-in,50,"Cooper Charter Township, Precinct 1",4
126,"REP Delegate to County Convention Cooper Charter Township, Precinct 1",0,Over Votes,50,"Cooper Charter Township, Precinct 1",0
126,"REP Delegate to County Convention Cooper Charter Township, Precinct 1",0,Under Votes,50,"Cooper Charter Township, Precinct 1",163
127,"REP Delegate to County Convention Cooper Charter Township, Precinct 2",1,Steven E Burnham,54,"Cooper Charter Township, Precinct 2",160
127,"REP Delegate to County Convention Cooper Charter Township, Precinct 2",2,Alexis E Starr,54,"Cooper Charter Township, Precinct 2",122
127,"REP Delegate to County Convention Cooper Charter Township, Precinct 2",3,Write-in,54,"Cooper Charter Township, Precinct 2",3
127,"REP Delegate to County Convention Cooper Charter Township, Precinct 2",0,Over Votes,54,"Cooper Charter Township, Precinct 2",0
127,"REP Delegate to County Convention Cooper Charter Township, Precinct 2",0,Under Votes,54,"Cooper Charter Township, Precinct 2",366
128,"REP Delegate to County Convention Cooper Charter Township, Precinct 3",1,Write-in,58,"Cooper Charter Township, Precinct 3",17
128,"REP Delegate to County Convention Cooper Charter Township, Precinct 3",0,Over Votes,58,"Cooper Charter Township, Precinct 3",0
128,"REP Delegate to County Convention Cooper Charter Township, Precinct 3",0,Under Votes,58,"Cooper Charter Township, Precinct 3",1773
129,"REP Delegate to County Convention Cooper Charter Township, Precinct 4",1,Robert L Hosack,62,"Cooper Charter Township, Precinct 4",366
129,"REP Delegate to County Convention Cooper Charter Township, Precinct 4",2,Paul Richards,62,"Cooper Charter Township, Precinct 4",341
129,"REP Delegate to County Convention Cooper Charter Township, Precinct 4",3,Write-in,62,"Cooper Charter Township, Precinct 4",2
129,"REP Delegate to County Convention Cooper Charter Township, Precinct 4",0,Over Votes,62,"Cooper Charter Township, Precinct 4",0
129,"REP Delegate to County Convention Cooper Charter Township, Precinct 4",0,Under Votes,62,"Cooper Charter Township, Precinct 4",1846
130,"REP Delegate to County Convention Galesburg City, Precinct 1",1,Write-in,66,"Galesburg City, Precinct 1",1
130,"REP Delegate to County Convention Galesburg City, Precinct 1",0,Over Votes,66,"Galesburg City, Precinct 1",0
130,"REP Delegate to County Convention Galesburg City, Precinct 1",0,Under Votes,66,"Galesburg City, Precinct 1",5
131,"REP Delegate to County Convention Kalamazoo City, Precinct 2",1,Write-in,133,"Kalamazoo City, Precinct 2",0
131,"REP Delegate to County Convention Kalamazoo City, Precinct 2",0,Over Votes,133,"Kalamazoo City, Precinct 2",0
131,"REP Delegate to County Convention Kalamazoo City, Precinct 2",0,Under Votes,133,"Kalamazoo City, Precinct 2",36
132,"REP Delegate to County Convention Kalamazoo City, Precinct 3",1,Write-in,162,"Kalamazoo City, Precinct 3",4
132,"REP Delegate to County Convention Kalamazoo City, Precinct 3",0,Over Votes,162,"Kalamazoo City, Precinct 3",0
132,"REP Delegate to County Convention Kalamazoo City, Precinct 3",0,Under Votes,162,"Kalamazoo City, Precinct 3",132
133,"REP Delegate to County Convention Kalamazoo City, Precinct 4",1,Anthony Dugal,165,"Kalamazoo City, Precinct 4",61
133,"REP Delegate to County Convention Kalamazoo City, Precinct 4",2,James W Melluish,165,"Kalamazoo City, Precinct 4",61
133,"REP Delegate to County Convention Kalamazoo City, Precinct 4",3,Write-in,165,"Kalamazoo City, Precinct 4",0
133,"REP Delegate to County Convention Kalamazoo City, Precinct 4",0,Over Votes,165,"Kalamazoo City, Precinct 4",0
133,"REP Delegate to County Convention Kalamazoo City, Precinct 4",0,Under Votes,165,"Kalamazoo City, Precinct 4",54
134,"REP Delegate to County Convention Kalamazoo City, Precinct 5",1,Write-in,168,"Kalamazoo City, Precinct 5",3
134,"REP Delegate to County Convention Kalamazoo City, Precinct 5",0,Over Votes,168,"Kalamazoo City, Precinct 5",0
134,"REP Delegate to County Convention Kalamazoo City, Precinct 5",0,Under Votes,168,"Kalamazoo City, Precinct 5",163
135,"REP Delegate to County Convention Kalamazoo City, Precinct 6",1,Write-in,171,"Kalamazoo City, Precinct 6",5
135,"REP Delegate to County Convention Kalamazoo City, Precinct 6",0,Over Votes,171,"Kalamazoo City, Precinct 6",0
135,"REP Delegate to County Convention Kalamazoo City, Precinct 6",0,Under Votes,171,"Kalamazoo City, Precinct 6",255
136,"REP Delegate to County Convention Kalamazoo City, Precinct 7",1,Joseph A Olivares,174,"Kalamazoo City, Precinct 7",34
136,"REP Delegate to County Convention Kalamazoo City, Precinct 7",2,Write-in,174,"Kalamazoo City, Precinct 7",1
136,"REP Delegate to County Convention Kalamazoo City, Precinct 7",0,Over Votes,174,"Kalamazoo City, Precinct 7",0
136,"REP Delegate to County Convention Kalamazoo City, Precinct 7",0,Under Votes,174,"Kalamazoo City, Precinct 7",41
137,"REP Delegate to County Convention Kalamazoo City, Precinct 8",1,Write-in,177,"Kalamazoo City, Precinct 8",3
137,"REP Delegate to County Convention Kalamazoo City, Precinct 8",0,Over Votes,177,"Kalamazoo City, Precinct 8",0
137,"REP Delegate to County Convention Kalamazoo City, Precinct 8",0,Under Votes,177,"Kalamazoo City, Precinct 8",59
138,"REP Delegate to County Convention Kalamazoo City, Precinct 9",1,Write-in,180,"Kalamazoo City, Precinct 9",6
138,"REP Delegate to County Convention Kalamazoo City, Precinct 9",0,Over Votes,180,"Kalamazoo City, Precinct 9",0
138,"REP Delegate to County Convention Kalamazoo City, Precinct 9",0,Under Votes,180,"Kalamazoo City, Precinct 9",216
139,"REP Delegate to County Convention Kalamazoo City, Precinct 10",1,Write-in,102,"Kalamazoo City, Precinct 10",6
139,"REP Delegate to County Convention Kalamazoo City, Precinct 10",0,Over Votes,102,"Kalamazoo City, Precinct 10",0
139,"REP Delegate to County Convention Kalamazoo City, Precinct 10",0,Under Votes,102,"Kalamazoo City, Precinct 10",292
140,"REP Delegate to County Convention Kalamazoo City, Precinct 11",1,Write-in,105,"Kalamazoo City, Precinct 11",3
140,"REP Delegate to County Convention Kalamazoo City, Precinct 11",0,Over Votes,105,"Kalamazoo City, Precinct 11",0
140,"REP Delegate to County Convention Kalamazoo City, Precinct 11",0,Under Votes,105,"Kalamazoo City, Precinct 11",21
141,"REP Delegate to County Convention Kalamazoo City, Precinct 12",1,Mary Denison,108,"Kalamazoo City, Precinct 12",81
141,"REP Delegate to County Convention Kalamazoo City, Precinct 12",2,Michael A Perrin,108,"Kalamazoo City, Precinct 12",99
141,"REP Delegate to County Convention Kalamazoo City, Precinct 12",3,Write-in,108,"Kalamazoo City, Precinct 12",0
141,"REP Delegate to County Convention Kalamazoo City, Precinct 12",0,Over Votes,108,"Kalamazoo City, Precinct 12",0
141,"REP Delegate to County Convention Kalamazoo City, Precinct 12",0,Under Votes,108,"Kalamazoo City, Precinct 12",70
142,"REP Delegate to County Convention Kalamazoo City, Precinct 13",1,Megan Buwalda,111,"Kalamazoo City, Precinct 13",23
142,"REP Delegate to County Convention Kalamazoo City, Precinct 13",2,Terry Haines,111,"Kalamazoo City, Precinct 13",26
142,"REP Delegate to County Convention Kalamazoo City, Precinct 13",3,Carrie D Sluiter,111,"Kalamazoo City, Precinct 13",17
142,"REP Delegate to County Convention Kalamazoo City, Precinct 13",4,Shaun Young,111,"Kalamazoo City, Precinct 13",34
142,"REP Delegate to County Convention Kalamazoo City, Precinct 13",5,Write-in,111,"Kalamazoo City, Precinct 13",0
142,"REP Delegate to County Convention Kalamazoo City, Precinct 13",0,Over Votes,111,"Kalamazoo City, Precinct 13",0
142,"REP Delegate to County Convention Kalamazoo City, Precinct 13",0,Under Votes,111,"Kalamazoo City, Precinct 13",44
143,"REP Delegate to County Convention Kalamazoo City, Precinct 14",1,James Mitchell,114,"Kalamazoo City, Precinct 14",108
143,"REP Delegate to County Convention Kalamazoo City, Precinct 14",2,Corey Shumaker,114,"Kalamazoo City, Precinct 14",112
143,"REP Delegate to County Convention Kalamazoo City, Precinct 14",3,Christine M Wilkins,114,"Kalamazoo City, Precinct 14",109
143,"REP Delegate to County Convention Kalamazoo City, Precinct 14",4,Write-in,114,"Kalamazoo City, Precinct 14",3
143,"REP Delegate to County Convention Kalamazoo City, Precinct 14",0,Over Votes,114,"Kalamazoo City, Precinct 14",0
143,"REP Delegate to County Convention Kalamazoo City, Precinct 14",0,Under Votes,114,"Kalamazoo City, Precinct 14",175
144,"REP Delegate to County Convention Kalamazoo City, Precinct 15",1,Benjamin J White,117,"Kalamazoo City, Precinct 15",39
144,"REP Delegate to County Convention Kalamazoo City, Precinct 15",2,Write-in,117,"Kalamazoo City, Precinct 15",5
144,"REP Delegate to County Convention Kalamazoo City, Precinct 15",0,Over Votes,117,"Kalamazoo City, Precinct 15",0
144,"REP Delegate to County Convention Kalamazoo City, Precinct 15",0,Under Votes,117,"Kalamazoo City, Precinct 15",46
145,"REP Delegate to County Convention Kalamazoo City, Precinct 16",1,Nicole C Sabel,120,"Kalamazoo City, Precinct 16",86
145,"REP Delegate to County Convention Kalamazoo City, Precinct 16",2,Write-in,120,"Kalamazoo City, Precinct 16",1
145,"REP Delegate to County Convention Kalamazoo City, Precinct 16",0,Over Votes,120,"Kalamazoo City, Precinct 16",0
145,"REP Delegate to County Convention Kalamazoo City, Precinct 16",0,Under Votes,120,"Kalamazoo City, Precinct 16",115
146,"REP Delegate to County Convention Kalamazoo City, Precinct 17",1,Write-in,123,"Kalamazoo City, Precinct 17",6
146,"REP Delegate to County Convention Kalamazoo City, Precinct 17",0,Over Votes,123,"Kalamazoo City, Precinct 17",0
146,"REP Delegate to County Convention Kalamazoo City, Precinct 17",0,Under Votes,123,"Kalamazoo City, Precinct 17",192
147,"REP Delegate to County Convention Kalamazoo City, Precinct 18",1,William C Fox,127,"Kalamazoo City, Precinct 18",82
147,"REP Delegate to County Convention Kalamazoo City, Precinct 18",2,Write-in,127,"Kalamazoo City, Precinct 18",1
147,"REP Delegate to County Convention Kalamazoo City, Precinct 18",0,Over Votes,127,"Kalamazoo City, Precinct 18",0
147,"REP Delegate to County Convention Kalamazoo City, Precinct 18",0,Under Votes,127,"Kalamazoo City, Precinct 18",9
148,"REP Delegate to County Convention Kalamazoo City, Precinct 19",1,Michael T Kakabeeke,130,"Kalamazoo City, Precinct 19",51
148,"REP Delegate to County Convention Kalamazoo City, Precinct 19",2,Daniel A Koshelnyk,130,"Kalamazoo City, Precinct 19",45
148,"REP Delegate to County Convention Kalamazoo City, Precinct 19",3,Write-in,130,"Kalamazoo City, Precinct 19",1
148,"REP Delegate to County Convention Kalamazoo City, Precinct 19",0,Over Votes,130,"Kalamazoo City, Precinct 19",0
148,"REP Delegate to County Convention Kalamazoo City, Precinct 19",0,Under Votes,130,"Kalamazoo City, Precinct 19",63
149,"REP Delegate to County Convention Kalamazoo City, Precinct 20",1,Donna Zelner,136,"Kalamazoo City, Precinct 20",98
149,"REP Delegate to County Convention Kalamazoo City, Precinct 20",2,Write-in,136,"Kalamazoo City, Precinct 20",2
149,"REP Delegate to County Convention Kalamazoo City, Precinct 20",0,Over Votes,136,"Kalamazoo City, Precinct 20",0
149,"REP Delegate to County Convention Kalamazoo City, Precinct 20",0,Under Votes,136,"Kalamazoo City, Precinct 20",16
150,"REP Delegate to County Convention Kalamazoo City, Precinct 21",1,Write-in,139,"Kalamazoo City, Precinct 21",7
150,"REP Delegate to County Convention Kalamazoo City, Precinct 21",0,Over Votes,139,"Kalamazoo City, Precinct 21",0
150,"REP Delegate to County Convention Kalamazoo City, Precinct 21",0,Under Votes,139,"Kalamazoo City, Precinct 21",281
151,"REP Delegate to County Convention Kalamazoo Charter Township, Precinct 1",1,Write-in,69,"Kalamazoo Charter Township, Precinct 1",11
151,"REP Delegate to County Convention Kalamazoo Charter Township, Precinct 1",0,Over Votes,69,"Kalamazoo Charter Township, Precinct 1",0
151,"REP Delegate to County Convention Kalamazoo Charter Township, Precinct 1",0,Under Votes,69,"Kalamazoo Charter Township, Precinct 1",27
152,"REP Delegate to County Convention Kalamazoo Charter Township, Precinct 2",1,Carol A Ackerman,75,"Kalamazoo Charter Township, Precinct 2",161
152,"REP Delegate to County Convention Kalamazoo Charter Township, Precinct 2",2,Gary Edward Mitchell,75,"Kalamazoo Charter Township, Precinct 2",172
152,"REP Delegate to County Convention Kalamazoo Charter Township, Precinct 2",3,Sabrina Pritchett-Evans,75,"Kalamazoo Charter Township, Precinct 2",127
152,"REP Delegate to County Convention Kalamazoo Charter Township, Precinct 2",4,Amy S Wilson,75,"Kalamazoo Charter Township, Precinct 2",151
152,"REP Delegate to County Convention Kalamazoo Charter Township, Precinct 2",5,Daniel G Wilson,75,"Kalamazoo Charter Township, Precinct 2",157
152,"REP Delegate to County Convention Kalamazoo Charter Township, Precinct 2",6,Write-in,75,"Kalamazoo Charter Township, Precinct 2",4
152,"REP Delegate to County Convention Kalamazoo Charter Township, Precinct 2",0,Over Votes,75,"Kalamazoo Charter Township, Precinct 2",0
152,"REP Delegate to County Convention Kalamazoo Charter Township, Precinct 2",0,Under Votes,75,"Kalamazoo Charter Township, Precinct 2",544
153,"REP Delegate to County Convention Kalamazoo Charter Township, Precinct 3",1,Jeren Green,78,"Kalamazoo Charter Township, Precinct 3",158
153,"REP Delegate to County Convention Kalamazoo Charter Township, Precinct 3",2,Andrew P Smith,78,"Kalamazoo Charter Township, Precinct 3",206
153,"REP Delegate to County Convention Kalamazoo Charter Township, Precinct 3",3,Write-in,78,"Kalamazoo Charter Township, Precinct 3",4
153,"REP Delegate to County Convention Kalamazoo Charter Township, Precinct 3",0,Over Votes,78,"Kalamazoo Charter Township, Precinct 3",0
153,"REP Delegate to County Convention Kalamazoo Charter Township, Precinct 3",0,Under Votes,78,"Kalamazoo Charter Township, Precinct 3",788
154,"REP Delegate to County Convention Kalamazoo Charter Township, Precinct 4",1,C James Mallinson,81,"Kalamazoo Charter Township, Precinct 4",134
154,"REP Delegate to County Convention Kalamazoo Charter Township, Precinct 4",2,Write-in,81,"Kalamazoo Charter Township, Precinct 4",3
154,"REP Delegate to County Convention Kalamazoo Charter Township, Precinct 4",0,Over Votes,81,"Kalamazoo Charter Township, Precinct 4",0
154,"REP Delegate to County Convention Kalamazoo Charter Township, Precinct 4",0,Under Votes,81,"Kalamazoo Charter Township, Precinct 4",376
155,"REP Delegate to County Convention Kalamazoo Charter Township, Precinct 5",1,Toni Kennedy,84,"Kalamazoo Charter Township, Precinct 5",90
155,"REP Delegate to County Convention Kalamazoo Charter Township, Precinct 5",2,Write-in,84,"Kalamazoo Charter Township, Precinct 5",2
155,"REP Delegate to County Convention Kalamazoo Charter Township, Precinct 5",0,Over Votes,84,"Kalamazoo Charter Township, Precinct 5",0
155,"REP Delegate to County Convention Kalamazoo Charter Township, Precinct 5",0,Under Votes,84,"Kalamazoo Charter Township, Precinct 5",120
156,"REP Delegate to County Convention Kalamazoo Charter Township, Precinct 6",1,Write-in,87,"Kalamazoo Charter Township, Precinct 6",29
156,"REP Delegate to County Convention Kalamazoo Charter Township, Precinct 6",0,Over Votes,87,"Kalamazoo Charter Township, Precinct 6",0
156,"REP Delegate to County Convention Kalamazoo Charter Township, Precinct 6",0,Under Votes,87,"Kalamazoo Charter Township, Precinct 6",373
157,"REP Delegate to County Convention Oshtemo Charter Township, Precinct 1",1,Gene Clem,183,"Oshtemo Charter Township, Precinct 1",63
157,"REP Delegate to County Convention Oshtemo Charter Township, Precinct 1",2,Brian G Long,183,"Oshtemo Charter Township, Precinct 1",116
157,"REP Delegate to County Convention Oshtemo Charter Township, Precinct 1",3,Dan Lundgren,183,"Oshtemo Charter Township, Precinct 1",108
157,"REP Delegate to County Convention Oshtemo Charter Township, Precinct 1",4,Kylo S Scheffers,183,"Oshtemo Charter Township, Precinct 1",74
157,"REP Delegate to County Convention Oshtemo Charter Township, Precinct 1",5,Write-in,183,"Oshtemo Charter Township, Precinct 1",2
157,"REP Delegate to County Convention Oshtemo Charter Township, Precinct 1",0,Over Votes,183,"Oshtemo Charter Township, Precinct 1",0
157,"REP Delegate to County Convention Oshtemo Charter Township, Precinct 1",0,Under Votes,183,"Oshtemo Charter Township, Precinct 1",145
158,"REP Delegate to County Convention Oshtemo Charter Township, Precinct 2",1,David W Black,189,"Oshtemo Charter Township, Precinct 2",258
158,"REP Delegate to County Convention Oshtemo Charter Township, Precinct 2",2,Write-in,189,"Oshtemo Charter Township, Precinct 2",8
158,"REP Delegate to County Convention Oshtemo Charter Township, Precinct 2",0,Over Votes,189,"Oshtemo Charter Township, Precinct 2",0
158,"REP Delegate to County Convention Oshtemo Charter Township, Precinct 2",0,Under Votes,189,"Oshtemo Charter Township, Precinct 2",631
159,"REP Delegate to County Convention Oshtemo Charter Township, Precinct 3",1,Jack S Bellware,192,"Oshtemo Charter Township, Precinct 3",168
159,"REP Delegate to County Convention Oshtemo Charter Township, Precinct 3",2,Write-in,192,"Oshtemo Charter Township, Precinct 3",1
159,"REP Delegate to County Convention Oshtemo Charter Township, Precinct 3",0,Over Votes,192,"Oshtemo Charter Township, Precinct 3",0
159,"REP Delegate to County Convention Oshtemo Charter Township, Precinct 3",0,Under Votes,192,"Oshtemo Charter Township, Precinct 3",191
160,"REP Delegate to County Convention Oshtemo Charter Township, Precinct 4",1,Robert L Froman,195,"Oshtemo Charter Township, Precinct 4",138
160,"REP Delegate to County Convention Oshtemo Charter Township, Precinct 4",2,Steven Kuivenhoven,195,"Oshtemo Charter Township, Precinct 4",129
160,"REP Delegate to County Convention Oshtemo Charter Township, Precinct 4",3,Write-in,195,"Oshtemo Charter Township, Precinct 4",1
160,"REP Delegate to County Convention Oshtemo Charter Township, Precinct 4",0,Over Votes,195,"Oshtemo Charter Township, Precinct 4",0
160,"REP Delegate to County Convention Oshtemo Charter Township, Precinct 4",0,Under Votes,195,"Oshtemo Charter Township, Precinct 4",104
161,"REP Delegate to County Convention Oshtemo Charter Township, Precinct 5",1,Joanne M Weber,198,"Oshtemo Charter Township, Precinct 5",199
161,"REP Delegate to County Convention Oshtemo Charter Township, Precinct 5",2,Write-in,198,"Oshtemo Charter Township, Precinct 5",2
161,"REP Delegate to County Convention Oshtemo Charter Township, Precinct 5",0,Over Votes,198,"Oshtemo Charter Township, Precinct 5",0
161,"REP Delegate to County Convention Oshtemo Charter Township, Precinct 5",0,Under Votes,198,"Oshtemo Charter Township, Precinct 5",707
162,"REP Delegate to County Convention Oshtemo Charter Township, Precinct 6",1,Write-in,201,"Oshtemo Charter Township, Precinct 6",3
162,"REP Delegate to County Convention Oshtemo Charter Township, Precinct 6",0,Over Votes,201,"Oshtemo Charter Township, Precinct 6",0
162,"REP Delegate to County Convention Oshtemo Charter Township, Precinct 6",0,Under Votes,201,"Oshtemo Charter Township, Precinct 6",281
163,"REP Delegate to County Convention Oshtemo Charter Township, Precinct 7",1,Robert M Sitarski,204,"Oshtemo Charter Township, Precinct 7",160
163,"REP Delegate to County Convention Oshtemo Charter Township, Precinct 7",2,Write-in,204,"Oshtemo Charter Township, Precinct 7",0
163,"REP Delegate to County Convention Oshtemo Charter Township, Precinct 7",0,Over Votes,204,"Oshtemo Charter Township, Precinct 7",0
163,"REP Delegate to County Convention Oshtemo Charter Township, Precinct 7",0,Under Votes,204,"Oshtemo Charter Township, Precinct 7",196
164,"REP Delegate to County Convention Oshtemo Charter Township, Precinct 8",1,Royce J Biddle,207,"Oshtemo Charter Township, Precinct 8",78
164,"REP Delegate to County Convention Oshtemo Charter Township, Precinct 8",2,Write-in,207,"Oshtemo Charter Township, Precinct 8",1
164,"REP Delegate to County Convention Oshtemo Charter Township, Precinct 8",0,Over Votes,207,"Oshtemo Charter Township, Precinct 8",0
164,"REP Delegate to County Convention Oshtemo Charter Township, Precinct 8",0,Under Votes,207,"Oshtemo Charter Township, Precinct 8",107
165,"REP Delegate to County Convention Oshtemo Charter Township, Precinct 9",1,Write-in,210,"Oshtemo Charter Township, Precinct 9",5
165,"REP Delegate to County Convention Oshtemo Charter Township, Precinct 9",0,Over Votes,210,"Oshtemo Charter Township, Precinct 9",0
165,"REP Delegate to County Convention Oshtemo Charter Township, Precinct 9",0,Under Votes,210,"Oshtemo Charter Township, Precinct 9",403
166,"REP Delegate to County Convention Parchment City, Precinct 1",1,Write-in,213,"Parchment City, Precinct 1",6
166,"REP Delegate to County Convention Parchment City, Precinct 1",0,Over Votes,213,"Parchment City, Precinct 1",0
166,"REP Delegate to County Convention Parchment City, Precinct 1",0,Under Votes,213,"Parchment City, Precinct 1",256
167,"REP Delegate to County Convention Charter Township of Pavilion, Precinct 1",1,Write-in,216,"Charter Township of Pavilion, Precinct 1",0
167,"REP Delegate to County Convention Charter Township of Pavilion, Precinct 1",0,Over Votes,216,"Charter Township of Pavilion, Precinct 1",0
167,"REP Delegate to County Convention Charter Township of Pavilion, Precinct 1",0,Under Votes,216,"Charter Township of Pavilion, Precinct 1",1296
168,"REP Delegate to County Convention Charter Township of Pavilion, Precinct 2",1,Martha A Schumacher,219,"Charter Township of Pavilion, Precinct 2",181
168,"REP Delegate to County Convention Charter Township of Pavilion, Precinct 2",2,Write-in,219,"Charter Township of Pavilion, Precinct 2",3
168,"REP Delegate to County Convention Charter Township of Pavilion, Precinct 2",0,Over Votes,219,"Charter Township of Pavilion, Precinct 2",0
168,"REP Delegate to County Convention Charter Township of Pavilion, Precinct 2",0,Under Votes,219,"Charter Township of Pavilion, Precinct 2",440
169,"REP Delegate to County Convention Charter Township of Pavilion, Precinct 3",1,Ashlee Nicole Miller,222,"Charter Township of Pavilion, Precinct 3",132
169,"REP Delegate to County Convention Charter Township of Pavilion, Precinct 3",2,Write-in,222,"Charter Township of Pavilion, Precinct 3",1
169,"REP Delegate to County Convention Charter Township of Pavilion, Precinct 3",0,Over Votes,222,"Charter Township of Pavilion, Precinct 3",0
169,"REP Delegate to County Convention Charter Township of Pavilion, Precinct 3",0,Under Votes,222,"Charter Township of Pavilion, Precinct 3",332
170,"REP Delegate to County Convention Portage City, Precinct 1",1,Nancy McMillan,226,"Portage City, Precinct 1",155
170,"REP Delegate to County Convention Portage City, Precinct 1",2,Roger I McMillan,226,"Portage City, Precinct 1",165
170,"REP Delegate to County Convention Portage City, Precinct 1",3,Rhonda Siler,226,"Portage City, Precinct 1",140
170,"REP Delegate to County Convention Portage City, Precinct 1",4,Write-in,226,"Portage City, Precinct 1",4
170,"REP Delegate to County Convention Portage City, Precinct 1",0,Over Votes,226,"Portage City, Precinct 1",0
170,"REP Delegate to County Convention Portage City, Precinct 1",0,Under Votes,226,"Portage City, Precinct 1",452
171,"REP Delegate to County Convention Portage City, Precinct 2",1,Write-in,260,"Portage City, Precinct 2",2
171,"REP Delegate to County Convention Portage City, Precinct 2",0,Over Votes,260,"Portage City, Precinct 2",0
171,"REP Delegate to County Convention Portage City, Precinct 2",0,Under Votes,260,"Portage City, Precinct 2",132
172,"REP Delegate to County Convention Portage City, Precinct 3",1,M Wesley Martin,264,"Portage City, Precinct 3",454
172,"REP Delegate to County Convention Portage City, Precinct 3",2,Write-in,264,"Portage City, Precinct 3",2
172,"REP Delegate to County Convention Portage City, Precinct 3",0,Over Votes,264,"Portage City, Precinct 3",0
172,"REP Delegate to County Convention Portage City, Precinct 3",0,Under Votes,264,"Portage City, Precinct 3",2150
173,"REP Delegate to County Convention Portage City, Precinct 4",1,Kimberly C Brayton,267,"Portage City, Precinct 4",349
173,"REP Delegate to County Convention Portage City, Precinct 4",2,Hazel K Brophy,267,"Portage City, Precinct 4",318
173,"REP Delegate to County Convention Portage City, Precinct 4",3,Mark Anthony Martin,267,"Portage City, Precinct 4",373
173,"REP Delegate to County Convention Portage City, Precinct 4",4,Nancy Norris,267,"Portage City, Precinct 4",329
173,"REP Delegate to County Convention Portage City, Precinct 4",5,Write-in,267,"Portage City, Precinct 4",3
173,"REP Delegate to County Convention Portage City, Precinct 4",0,Over Votes,267,"Portage City, Precinct 4",0
173,"REP Delegate to County Convention Portage City, Precinct 4",0,Under Votes,267,"Portage City, Precinct 4",1313
174,"REP Delegate to County Convention Portage City, Precinct 5",1,Tapas Acharjee,271,"Portage City, Precinct 5",310
174,"REP Delegate to County Convention Portage City, Precinct 5",2,Emily Crawford,271,"Portage City, Precinct 5",391
174,"REP Delegate to County Convention Portage City, Precinct 5",3,Lee R Hutt,271,"Portage City, Precinct 5",340
174,"REP Delegate to County Convention Portage City, Precinct 5",4,Kimberly Larson,271,"Portage City, Precinct 5",373
174,"REP Delegate to County Convention Portage City, Precinct 5",5,Write-in,271,"Portage City, Precinct 5",3
174,"REP Delegate to County Convention Portage City, Precinct 5",0,Over Votes,271,"Portage City, Precinct 5",0
174,"REP Delegate to County Convention Portage City, Precinct 5",0,Under Votes,271,"Portage City, Precinct 5",1433
175,"REP Delegate to County Convention Portage City, Precinct 6",1,Taukir Gill,274,"Portage City, Precinct 6",190
175,"REP Delegate to County Convention Portage City, Precinct 6",2,Write-in,274,"Portage City, Precinct 6",1
175,"REP Delegate to County Convention Portage City, Precinct 6",0,Over Votes,274,"Portage City, Precinct 6",0
175,"REP Delegate to County Convention Portage City, Precinct 6",0,Under Votes,274,"Portage City, Precinct 6",757
176,"REP Delegate to County Convention Portage City, Precinct 7",1,Brian Lenardson,277,"Portage City, Precinct 7",215
176,"REP Delegate to County Convention Portage City, Precinct 7",2,Carrie C Prendergast,277,"Portage City, Precinct 7",210
176,"REP Delegate to County Convention Portage City, Precinct 7",3,Jerry Warnemuende,277,"Portage City, Precinct 7",205
176,"REP Delegate to County Convention Portage City, Precinct 7",4,Write-in,277,"Portage City, Precinct 7",2
176,"REP Delegate to County Convention Portage City, Precinct 7",0,Over Votes,277,"Portage City, Precinct 7",0
176,"REP Delegate to County Convention Portage City, Precinct 7",0,Under Votes,277,"Portage City, Precinct 7",584
177,"REP Delegate to County Convention Portage City, Precinct 8",1,James T Asher,280,"Portage City, Precinct 8",279
177,"REP Delegate to County Convention Portage City, Precinct 8",2,Stanley P Carra,280,"Portage City, Precinct 8",280
177,"REP Delegate to County Convention Portage City, Precinct 8",3,Veronica K Carra,280,"Portage City, Precinct 8",280
177,"REP Delegate to County Convention Portage City, Precinct 8",4,Jason Mikkelborg,280,"Portage City, Precinct 8",290
177,"REP Delegate to County Convention Portage City, Precinct 8",5,Write-in,280,"Portage City, Precinct 8",4
177,"REP Delegate to County Convention Portage City, Precinct 8",0,Over Votes,280,"Portage City, Precinct 8",0
177,"REP Delegate to County Convention Portage City, Precinct 8",0,Under Votes,280,"Portage City, Precinct 8",862
178,"REP Delegate to County Convention Portage City, Precinct 9",1,David Stevens,283,"Portage City, Precinct 9",146
178,"REP Delegate to County Convention Portage City, Precinct 9",2,Tracy J Stevens,283,"Portage City, Precinct 9",136
178,"REP Delegate to County Convention Portage City, Precinct 9",3,Write-in,283,"Portage City, Precinct 9",1
178,"REP Delegate to County Convention Portage City, Precinct 9",0,Over Votes,283,"Portage City, Precinct 9",0
178,"REP Delegate to County Convention Portage City, Precinct 9",0,Under Votes,283,"Portage City, Precinct 9",287
179,"REP Delegate to County Convention Portage City, Precinct 10",1,Charley Coss,229,"Portage City, Precinct 10",352
179,"REP Delegate to County Convention Portage City, Precinct 10",2,Matthew Cramer,229,"Portage City, Precinct 10",355
179,"REP Delegate to County Convention Portage City, Precinct 10",3,Ray Ehrig,229,"Portage City, Precinct 10",330
179,"REP Delegate to County Convention Portage City, Precinct 10",4,Cheryl M Secor,229,"Portage City, Precinct 10",334
179,"REP Delegate to County Convention Portage City, Precinct 10",5,Write-in,229,"Portage City, Precinct 10",3
179,"REP Delegate to County Convention Portage City, Precinct 10",0,Over Votes,229,"Portage City, Precinct 10",0
179,"REP Delegate to County Convention Portage City, Precinct 10",0,Under Votes,229,"Portage City, Precinct 10",1166
180,"REP Delegate to County Convention Portage City, Precinct 11",1,Joon H Park,233,"Portage City, Precinct 11",166
180,"REP Delegate to County Convention Portage City, Precinct 11",2,Michael Park,233,"Portage City, Precinct 11",186
180,"REP Delegate to County Convention Portage City, Precinct 11",3,Write-in,233,"Portage City, Precinct 11",0
180,"REP Delegate to County Convention Portage City, Precinct 11",0,Over Votes,233,"Portage City, Precinct 11",0
180,"REP Delegate to County Convention Portage City, Precinct 11",0,Under Votes,233,"Portage City, Precinct 11",360
181,"REP Delegate to County Convention Portage City, Precinct 12",1,Brian Kincaid,236,"Portage City, Precinct 12",120
181,"REP Delegate to County Convention Portage City, Precinct 12",2,Mark D Vogel,236,"Portage City, Precinct 12",113
181,"REP Delegate to County Convention Portage City, Precinct 12",3,Write-in,236,"Portage City, Precinct 12",6
181,"REP Delegate to County Convention Portage City, Precinct 12",0,Over Votes,236,"Portage City, Precinct 12",0
181,"REP Delegate to County Convention Portage City, Precinct 12",0,Under Votes,236,"Portage City, Precinct 12",256
182,"REP Delegate to County Convention Portage City, Precinct 13",1,David Harris,239,"Portage City, Precinct 13",197
182,"REP Delegate to County Convention Portage City, Precinct 13",2,Kim Harris,239,"Portage City, Precinct 13",159
182,"REP Delegate to County Convention Portage City, Precinct 13",3,Faith Maddock,239,"Portage City, Precinct 13",186
182,"REP Delegate to County Convention Portage City, Precinct 13",4,Gunther Maddock,239,"Portage City, Precinct 13",167
182,"REP Delegate to County Convention Portage City, Precinct 13",5,Karen Williams,239,"Portage City, Precinct 13",124
182,"REP Delegate to County Convention Portage City, Precinct 13",6,Write-in,239,"Portage City, Precinct 13",4
182,"REP Delegate to County Convention Portage City, Precinct 13",0,Over Votes,239,"Portage City, Precinct 13",0
182,"REP Delegate to County Convention Portage City, Precinct 13",0,Under Votes,239,"Portage City, Precinct 13",523
183,"REP Delegate to County Convention Prairie Ronde Township, Precinct 1",1,Michael R Hnatiuk,286,"Prairie Ronde Township, Precinct 1",241
183,"REP Delegate to County Convention Prairie Ronde Township, Precinct 1",2,Dayne Webb,286,"Prairie Ronde Township, Precinct 1",275
183,"REP Delegate to County Convention Prairie Ronde Township, Precinct 1",3,Write-in,286,"Prairie Ronde Township, Precinct 1",5
183,"REP Delegate to County Convention Prairie Ronde Township, Precinct 1",0,Over Votes,286,"Prairie Ronde Township, Precinct 1",0
183,"REP Delegate to County Convention Prairie Ronde Township, Precinct 1",0,Under Votes,286,"Prairie Ronde Township, Precinct 1",927
184,"REP Delegate to County Convention Richland Township, Precinct 1",1,Matt Hall,290,"Richland Township, Precinct 1",394
184,"REP Delegate to County Convention Richland Township, Precinct 1",2,Megan Hall,290,"Richland Township, Precinct 1",283
184,"REP Delegate to County Convention Richland Township, Precinct 1",3,Crystal M Hauser,290,"Richland Township, Precinct 1",268
184,"REP Delegate to County Convention Richland Township, Precinct 1",4,Matthew X Hauser,290,"Richland Township, Precinct 1",276
184,"REP Delegate to County Convention Richland Township, Precinct 1",5,Write-in,290,"Richland Township, Precinct 1",3
184,"REP Delegate to County Convention Richland Township, Precinct 1",0,Over Votes,290,"Richland Township, Precinct 1",0
184,"REP Delegate to County Convention Richland Township, Precinct 1",0,Under Votes,290,"Richland Township, Precinct 1",1111
185,"REP Delegate to County Convention Richland Township, Precinct 2",1,Kelly R Cox,293,"Richland Township, Precinct 2",393
185,"REP Delegate to County Convention Richland Township, Precinct 2",2,Richard Hiemstra,293,"Richland Township, Precinct 2",415
185,"REP Delegate to County Convention Richland Township, Precinct 2",3,Write-in,293,"Richland Township, Precinct 2",4
185,"REP Delegate to County Convention Richland Township, Precinct 2",0,Over Votes,293,"Richland Township, Precinct 2",0
185,"REP Delegate to County Convention Richland Township, Precinct 2",0,Under Votes,293,"Richland Township, Precinct 2",2812
186,"REP Delegate to County Convention Ross Township, Precinct 1",1,Christina M Hutchings,299,"Ross Township, Precinct 1",201
186,"REP Delegate to County Convention Ross Township, Precinct 1",2,Mary A Stage,299,"Ross Township, Precinct 1",179
186,"REP Delegate to County Convention Ross Township, Precinct 1",3,Laura Williams,299,"Ross Township, Precinct 1",188
186,"REP Delegate to County Convention Ross Township, Precinct 1",4,Write-in,299,"Ross Township, Precinct 1",2
186,"REP Delegate to County Convention Ross Township, Precinct 1",StaceyRyder-8-Republican,Stacey Ryder,299,"Ross Township, Precinct 1",20
186,"REP Delegate to County Convention Ross Township, Precinct 1",0,Over Votes,299,"Ross Township, Precinct 1",0
186,"REP Delegate to County Convention Ross Township, Precinct 1",0,Under Votes,299,"Ross Township, Precinct 1",698
187,"REP Delegate to County Convention Ross Township, Precinct 2",1,Write-in,302,"Ross Township, Precinct 2",18
187,"REP Delegate to County Convention Ross Township, Precinct 2",0,Over Votes,302,"Ross Township, Precinct 2",0
187,"REP Delegate to County Convention Ross Township, Precinct 2",0,Under Votes,302,"Ross Township, Precinct 2",1818
188,"REP Delegate to County Convention Schoolcraft Township, Precinct 1",1,Write-in,305,"Schoolcraft Township, Precinct 1",12
188,"REP Delegate to County Convention Schoolcraft Township, Precinct 1",0,Over Votes,305,"Schoolcraft Township, Precinct 1",0
188,"REP Delegate to County Convention Schoolcraft Township, Precinct 1",0,Under Votes,305,"Schoolcraft Township, Precinct 1",741
189,"REP Delegate to County Convention Schoolcraft Township, Precinct 2",1,Write-in,308,"Schoolcraft Township, Precinct 2",7
189,"REP Delegate to County Convention Schoolcraft Township, Precinct 2",0,Over Votes,308,"Schoolcraft Township, Precinct 2",0
189,"REP Delegate to County Convention Schoolcraft Township, Precinct 2",0,Under Votes,308,"Schoolcraft Township, Precinct 2",239
190,"REP Delegate to County Convention Schoolcraft Township, Precinct 3",1,Alicia A Richmond,311,"Schoolcraft Township, Precinct 3",233
190,"REP Delegate to County Convention Schoolcraft Township, Precinct 3",2,Calvin A Richmond Jr,311,"Schoolcraft Township, Precinct 3",228
190,"REP Delegate to County Convention Schoolcraft Township, Precinct 3",3,Write-in,311,"Schoolcraft Township, Precinct 3",5
190,"REP Delegate to County Convention Schoolcraft Township, Precinct 3",AlyviaBailey-8-,Alyvia Bailey,311,"Schoolcraft Township, Precinct 3",2
190,"REP Delegate to County Convention Schoolcraft Township, Precinct 3",0,Over Votes,311,"Schoolcraft Township, Precinct 3",0
190,"REP Delegate to County Convention Schoolcraft Township, Precinct 3",0,Under Votes,311,"Schoolcraft Township, Precinct 3",1182
191,"REP Delegate to County Convention Schoolcraft Township, Precinct 4",1,Write-in,314,"Schoolcraft Township, Precinct 4",5
191,"REP Delegate to County Convention Schoolcraft Township, Precinct 4",0,Over Votes,314,"Schoolcraft Township, Precinct 4",0
191,"REP Delegate to County Convention Schoolcraft Township, Precinct 4",0,Under Votes,314,"Schoolcraft Township, Precinct 4",592
192,"REP Delegate to County Convention Texas Charter Township, Precinct 1",1,Laura E DePerno,317,"Texas Charter Township, Precinct 1",209
192,"REP Delegate to County Convention Texas Charter Township, Precinct 1",2,Matthew S DePerno,317,"Texas Charter Township, Precinct 1",224
192,"REP Delegate to County Convention Texas Charter Township, Precinct 1",3,Theresa M Devries,317,"Texas Charter Township, Precinct 1",229
192,"REP Delegate to County Convention Texas Charter Township, Precinct 1",4,Sarah Yetter,317,"Texas Charter Township, Precinct 1",214
192,"REP Delegate to County Convention Texas Charter Township, Precinct 1",5,Write-in,317,"Texas Charter Township, Precinct 1",1
192,"REP Delegate to County Convention Texas Charter Township, Precinct 1",0,Over Votes,317,"Texas Charter Township, Precinct 1",0
192,"REP Delegate to County Convention Texas Charter Township, Precinct 1",0,Under Votes,317,"Texas Charter Township, Precinct 1",511
193,"REP Delegate to County Convention Texas Charter Township, Precinct 2",1,Write-in,320,"Texas Charter Township, Precinct 2",4
193,"REP Delegate to County Convention Texas Charter Township, Precinct 2",0,Over Votes,320,"Texas Charter Township, Precinct 2",0
193,"REP Delegate to County Convention Texas Charter Township, Precinct 2",0,Under Votes,320,"Texas Charter Township, Precinct 2",1248
194,"REP Delegate to County Convention Texas Charter Township, Precinct 3",1,Krista R Asher,323,"Texas Charter Township, Precinct 3",132
194,"REP Delegate to County Convention Texas Charter Township, Precinct 3",2,Mark A Wagner,323,"Texas Charter Township, Precinct 3",143
194,"REP Delegate to County Convention Texas Charter Township, Precinct 3",3,Write-in,323,"Texas Charter Township, Precinct 3",0
194,"REP Delegate to County Convention Texas Charter Township, Precinct 3",0,Over Votes,323,"Texas Charter Township, Precinct 3",0
194,"REP Delegate to County Convention Texas Charter Township, Precinct 3",0,Under Votes,323,"Texas Charter Township, Precinct 3",325
195,"REP Delegate to County Convention Texas Charter Township, Precinct 4",1,Brian R Kaufman,326,"Texas Charter Township, Precinct 4",220
195,"REP Delegate to County Convention Texas Charter Township, Precinct 4",2,Kevin W Mazer,326,"Texas Charter Township, Precinct 4",216
195,"REP Delegate to County Convention Texas Charter Township, Precinct 4",3,Wendy K Mazer,326,"Texas Charter Township, Precinct 4",224
195,"REP Delegate to County Convention Texas Charter Township, Precinct 4",4,Sherman E Potter II,326,"Texas Charter Township, Precinct 4",205
195,"REP Delegate to County Convention Texas Charter Township, Precinct 4",5,Write-in,326,"Texas Charter Township, Precinct 4",0
195,"REP Delegate to County Convention Texas Charter Township, Precinct 4",0,Over Votes,326,"Texas Charter Township, Precinct 4",0
195,"REP Delegate to County Convention Texas Charter Township, Precinct 4",0,Under Votes,326,"Texas Charter Township, Precinct 4",359
196,"REP Delegate to County Convention Texas Charter Township, Precinct 5",1,Timothy B Brown,329,"Texas Charter Township, Precinct 5",244
196,"REP Delegate to County Convention Texas Charter Township, Precinct 5",2,Fred J Krymis,329,"Texas Charter Township, Precinct 5",165
196,"REP Delegate to County Convention Texas Charter Township, Precinct 5",3,Lloyd Peterson,329,"Texas Charter Township, Precinct 5",212
196,"REP Delegate to County Convention Texas Charter Township, Precinct 5",4,Brian D Sackett,329,"Texas Charter Township, Precinct 5",221
196,"REP Delegate to County Convention Texas Charter Township, Precinct 5",5,Kelly Sackett,329,"Texas Charter Township, Precinct 5",228
196,"REP Delegate to County Convention Texas Charter Township, Precinct 5",6,Write-in,329,"Texas Charter Township, Precinct 5",5
196,"REP Delegate to County Convention Texas Charter Township, Precinct 5",0,Over Votes,329,"Texas Charter Township, Precinct 5",4
196,"REP Delegate to County Convention Texas Charter Township, Precinct 5",0,Under Votes,329,"Texas Charter Township, Precinct 5",585
197,"REP Delegate to County Convention Texas Charter Township, Precinct 6",1,Write-in,333,"Texas Charter Township, Precinct 6",12
197,"REP Delegate to County Convention Texas Charter Township, Precinct 6",ScottMichalak-6-Republican,Scott Michalak,333,"Texas Charter Township, Precinct 6",1
197,"REP Delegate to County Convention Texas Charter Township, Precinct 6",0,Over Votes,333,"Texas Charter Township, Precinct 6",0
197,"REP Delegate to County Convention Texas Charter Township, Precinct 6",0,Under Votes,333,"Texas Charter Township, Precinct 6",2237
198,"REP Delegate to County Convention Wakeshma Township, Precinct 1",1,Write-in,336,"Wakeshma Township, Precinct 1",3
198,"REP Delegate to County Convention Wakeshma Township, Precinct 1",0,Over Votes,336,"Wakeshma Township, Precinct 1",0
198,"REP Delegate to County Convention Wakeshma Township, Precinct 1",0,Under Votes,336,"Wakeshma Township, Precinct 1",349
199,Childcare \ Early Learning Millage - Ballot Proposal,1,Yes,11,"Alamo Township, Precinct 1",173
199,Childcare \ Early Learning Millage - Ballot Proposal,2,No,11,"Alamo Township, Precinct 1",307
199,Childcare \ Early Learning Millage - Ballot Proposal,0,Over Votes,11,"Alamo Township, Precinct 1",0
199,Childcare \ Early Learning Millage - Ballot Proposal,0,Under Votes,11,"Alamo Township, Precinct 1",12
199,Childcare \ Early Learning Millage - Ballot Proposal,1,Yes,14,"Alamo Township, Precinct 2",285
199,Childcare \ Early Learning Millage - Ballot Proposal,2,No,14,"Alamo Township, Precinct 2",486
199,Childcare \ Early Learning Millage - Ballot Proposal,0,Over Votes,14,"Alamo Township, Precinct 2",0
199,Childcare \ Early Learning Millage - Ballot Proposal,0,Under Votes,14,"Alamo Township, Precinct 2",43
199,Childcare \ Early Learning Millage - Ballot Proposal,1,Yes,17,"Brady Charter Township, Precinct 1",289
199,Childcare \ Early Learning Millage - Ballot Proposal,2,No,17,"Brady Charter Township, Precinct 1",304
199,Childcare \ Early Learning Millage - Ballot Proposal,0,Over Votes,17,"Brady Charter Township, Precinct 1",0
199,Childcare \ Early Learning Millage - Ballot Proposal,0,Under Votes,17,"Brady Charter Township, Precinct 1",24
199,Childcare \ Early Learning Millage - Ballot Proposal,1,Yes,20,"Brady Charter Township, Precinct 2",200
199,Childcare \ Early Learning Millage - Ballot Proposal,2,No,20,"Brady Charter Township, Precinct 2",311
199,Childcare \ Early Learning Millage - Ballot Proposal,0,Over Votes,20,"Brady Charter Township, Precinct 2",0
199,Childcare \ Early Learning Millage - Ballot Proposal,0,Under Votes,20,"Brady Charter Township, Precinct 2",41
199,Childcare \ Early Learning Millage - Ballot Proposal,1,Yes,23,"Charleston Township, Precinct 1",187
199,Childcare \ Early Learning Millage - Ballot Proposal,2,No,23,"Charleston Township, Precinct 1",350
199,Childcare \ Early Learning Millage - Ballot Proposal,0,Over Votes,23,"Charleston Township, Precinct 1",0
199,Childcare \ Early Learning Millage - Ballot Proposal,0,Under Votes,23,"Charleston Township, Precinct 1",31
199,Childcare \ Early Learning Millage - Ballot Proposal,1,Yes,26,"Climax Township, Precinct 1",235
199,Childcare \ Early Learning Millage - Ballot Proposal,2,No,26,"Climax Township, Precinct 1",392
199,Childcare \ Early Learning Millage - Ballot Proposal,0,Over Votes,26,"Climax Township, Precinct 1",0
199,Childcare \ Early Learning Millage - Ballot Proposal,0,Under Votes,26,"Climax Township, Precinct 1",22
199,Childcare \ Early Learning Millage - Ballot Proposal,1,Yes,29,"Comstock Charter Township, Precinct 1",291
199,Childcare \ Early Learning Millage - Ballot Proposal,2,No,29,"Comstock Charter Township, Precinct 1",368
199,Childcare \ Early Learning Millage - Ballot Proposal,0,Over Votes,29,"Comstock Charter Township, Precinct 1",0
199,Childcare \ Early Learning Millage - Ballot Proposal,0,Under Votes,29,"Comstock Charter Township, Precinct 1",50
199,Childcare \ Early Learning Millage - Ballot Proposal,1,Yes,32,"Comstock Charter Township, Precinct 2",323
199,Childcare \ Early Learning Millage - Ballot Proposal,2,No,32,"Comstock Charter Township, Precinct 2",276
199,Childcare \ Early Learning Millage - Ballot Proposal,0,Over Votes,32,"Comstock Charter Township, Precinct 2",1
199,Childcare \ Early Learning Millage - Ballot Proposal,0,Under Votes,32,"Comstock Charter Township, Precinct 2",29
199,Childcare \ Early Learning Millage - Ballot Proposal,1,Yes,35,"Comstock Charter Township, Precinct 3",218
199,Childcare \ Early Learning Millage - Ballot Proposal,2,No,35,"Comstock Charter Township, Precinct 3",284
199,Childcare \ Early Learning Millage - Ballot Proposal,0,Over Votes,35,"Comstock Charter Township, Precinct 3",0
199,Childcare \ Early Learning Millage - Ballot Proposal,0,Under Votes,35,"Comstock Charter Township, Precinct 3",19
199,Childcare \ Early Learning Millage - Ballot Proposal,1,Yes,38,"Comstock Charter Township, Precinct 4",302
199,Childcare \ Early Learning Millage - Ballot Proposal,2,No,38,"Comstock Charter Township, Precinct 4",276
199,Childcare \ Early Learning Millage - Ballot Proposal,0,Over Votes,38,"Comstock Charter Township, Precinct 4",0
199,Childcare \ Early Learning Millage - Ballot Proposal,0,Under Votes,38,"Comstock Charter Township, Precinct 4",33
199,Childcare \ Early Learning Millage - Ballot Proposal,1,Yes,41,"Comstock Charter Township, Precinct 5",581
199,Childcare \ Early Learning Millage - Ballot Proposal,2,No,41,"Comstock Charter Township, Precinct 5",397
199,Childcare \ Early Learning Millage - Ballot Proposal,0,Over Votes,41,"Comstock Charter Township, Precinct 5",0
199,Childcare \ Early Learning Millage - Ballot Proposal,0,Under Votes,41,"Comstock Charter Township, Precinct 5",58
199,Childcare \ Early Learning Millage - Ballot Proposal,1,Yes,44,"Comstock Charter Township, Precinct 6",279
199,Childcare \ Early Learning Millage - Ballot Proposal,2,No,44,"Comstock Charter Township, Precinct 6",271
199,Childcare \ Early Learning Millage - Ballot Proposal,0,Over Votes,44,"Comstock Charter Township, Precinct 6",0
199,Childcare \ Early Learning Millage - Ballot Proposal,0,Under Votes,44,"Comstock Charter Township, Precinct 6",22
199,Childcare \ Early Learning Millage - Ballot Proposal,1,Yes,50,"Cooper Charter Township, Precinct 1",212
199,Childcare \ Early Learning Millage - Ballot Proposal,2,No,50,"Cooper Charter Township, Precinct 1",226
199,Childcare \ Early Learning Millage - Ballot Proposal,0,Over Votes,50,"Cooper Charter Township, Precinct 1",0
199,Childcare \ Early Learning Millage - Ballot Proposal,0,Under Votes,50,"Cooper Charter Township, Precinct 1",17
199,Childcare \ Early Learning Millage - Ballot Proposal,1,Yes,54,"Cooper Charter Township, Precinct 2",235
199,Childcare \ Early Learning Millage - Ballot Proposal,2,No,54,"Cooper Charter Township, Precinct 2",264
199,Childcare \ Early Learning Millage - Ballot Proposal,0,Over Votes,54,"Cooper Charter Township, Precinct 2",0
199,Childcare \ Early Learning Millage - Ballot Proposal,0,Under Votes,54,"Cooper Charter Township, Precinct 2",23
199,Childcare \ Early Learning Millage - Ballot Proposal,1,Yes,58,"Cooper Charter Township, Precinct 3",586
199,Childcare \ Early Learning Millage - Ballot Proposal,2,No,58,"Cooper Charter Township, Precinct 3",416
199,Childcare \ Early Learning Millage - Ballot Proposal,0,Over Votes,58,"Cooper Charter Township, Precinct 3",1
199,Childcare \ Early Learning Millage - Ballot Proposal,0,Under Votes,58,"Cooper Charter Township, Precinct 3",74
199,Childcare \ Early Learning Millage - Ballot Proposal,1,Yes,62,"Cooper Charter Township, Precinct 4",453
199,Childcare \ Early Learning Millage - Ballot Proposal,2,No,62,"Cooper Charter Township, Precinct 4",533
199,Childcare \ Early Learning Millage - Ballot Proposal,0,Over Votes,62,"Cooper Charter Township, Precinct 4",0
199,Childcare \ Early Learning Millage - Ballot Proposal,0,Under Votes,62,"Cooper Charter Township, Precinct 4",36
199,Childcare \ Early Learning Millage - Ballot Proposal,1,Yes,66,"Galesburg City, Precinct 1",168
199,Childcare \ Early Learning Millage - Ballot Proposal,2,No,66,"Galesburg City, Precinct 1",122
199,Childcare \ Early Learning Millage - Ballot Proposal,0,Over Votes,66,"Galesburg City, Precinct 1",0
199,Childcare \ Early Learning Millage - Ballot Proposal,0,Under Votes,66,"Galesburg City, Precinct 1",0
199,Childcare \ Early Learning Millage - Ballot Proposal,1,Yes,69,"Kalamazoo Charter Township, Precinct 1",59
199,Childcare \ Early Learning Millage - Ballot Proposal,2,No,69,"Kalamazoo Charter Township, Precinct 1",43
199,Childcare \ Early Learning Millage - Ballot Proposal,0,Over Votes,69,"Kalamazoo Charter Township, Precinct 1",0
199,Childcare \ Early Learning Millage - Ballot Proposal,0,Under Votes,69,"Kalamazoo Charter Township, Precinct 1",10
199,Childcare \ Early Learning Millage - Ballot Proposal,1,Yes,75,"Kalamazoo Charter Township, Precinct 2",836
199,Childcare \ Early Learning Millage - Ballot Proposal,2,No,75,"Kalamazoo Charter Township, Precinct 2",434
199,Childcare \ Early Learning Millage - Ballot Proposal,0,Over Votes,75,"Kalamazoo Charter Township, Precinct 2",2
199,Childcare \ Early Learning Millage - Ballot Proposal,0,Under Votes,75,"Kalamazoo Charter Township, Precinct 2",52
199,Childcare \ Early Learning Millage - Ballot Proposal,1,Yes,78,"Kalamazoo Charter Township, Precinct 3",1093
199,Childcare \ Early Learning Millage - Ballot Proposal,2,No,78,"Kalamazoo Charter Township, Precinct 3",411
199,Childcare \ Early Learning Millage - Ballot Proposal,0,Over Votes,78,"Kalamazoo Charter Township, Precinct 3",0
199,Childcare \ Early Learning Millage - Ballot Proposal,0,Under Votes,78,"Kalamazoo Charter Township, Precinct 3",81
199,Childcare \ Early Learning Millage - Ballot Proposal,1,Yes,81,"Kalamazoo Charter Township, Precinct 4",991
199,Childcare \ Early Learning Millage - Ballot Proposal,2,No,81,"Kalamazoo Charter Township, Precinct 4",311
199,Childcare \ Early Learning Millage - Ballot Proposal,0,Over Votes,81,"Kalamazoo Charter Township, Precinct 4",0
199,Childcare \ Early Learning Millage - Ballot Proposal,0,Under Votes,81,"Kalamazoo Charter Township, Precinct 4",56
199,Childcare \ Early Learning Millage - Ballot Proposal,1,Yes,84,"Kalamazoo Charter Township, Precinct 5",343
199,Childcare \ Early Learning Millage - Ballot Proposal,2,No,84,"Kalamazoo Charter Township, Precinct 5",168
199,Childcare \ Early Learning Millage - Ballot Proposal,0,Over Votes,84,"Kalamazoo Charter Township, Precinct 5",0
199,Childcare \ Early Learning Millage - Ballot Proposal,0,Under Votes,84,"Kalamazoo Charter Township, Precinct 5",26
199,Childcare \ Early Learning Millage - Ballot Proposal,1,Yes,87,"Kalamazoo Charter Township, Precinct 6",501
199,Childcare \ Early Learning Millage - Ballot Proposal,2,No,87,"Kalamazoo Charter Township, Precinct 6",252
199,Childcare \ Early Learning Millage - Ballot Proposal,0,Over Votes,87,"Kalamazoo Charter Township, Precinct 6",1
199,Childcare \ Early Learning Millage - Ballot Proposal,0,Under Votes,87,"Kalamazoo Charter Township, Precinct 6",41
199,Childcare \ Early Learning Millage - Ballot Proposal,1,Yes,133,"Kalamazoo City, Precinct 2",340
199,Childcare \ Early Learning Millage - Ballot Proposal,2,No,133,"Kalamazoo City, Precinct 2",32
199,Childcare \ Early Learning Millage - Ballot Proposal,0,Over Votes,133,"Kalamazoo City, Precinct 2",0
199,Childcare \ Early Learning Millage - Ballot Proposal,0,Under Votes,133,"Kalamazoo City, Precinct 2",31
199,Childcare \ Early Learning Millage - Ballot Proposal,1,Yes,162,"Kalamazoo City, Precinct 3",974
199,Childcare \ Early Learning Millage - Ballot Proposal,2,No,162,"Kalamazoo City, Precinct 3",110
199,Childcare \ Early Learning Millage - Ballot Proposal,0,Over Votes,162,"Kalamazoo City, Precinct 3",0
199,Childcare \ Early Learning Millage - Ballot Proposal,0,Under Votes,162,"Kalamazoo City, Precinct 3",72
199,Childcare \ Early Learning Millage - Ballot Proposal,1,Yes,165,"Kalamazoo City, Precinct 4",645
199,Childcare \ Early Learning Millage - Ballot Proposal,2,No,165,"Kalamazoo City, Precinct 4",139
199,Childcare \ Early Learning Millage - Ballot Proposal,0,Over Votes,165,"Kalamazoo City, Precinct 4",0
199,Childcare \ Early Learning Millage - Ballot Proposal,0,Under Votes,165,"Kalamazoo City, Precinct 4",42
199,Childcare \ Early Learning Millage - Ballot Proposal,1,Yes,168,"Kalamazoo City, Precinct 5",682
199,Childcare \ Early Learning Millage - Ballot Proposal,2,No,168,"Kalamazoo City, Precinct 5",152
199,Childcare \ Early Learning Millage - Ballot Proposal,0,Over Votes,168,"Kalamazoo City, Precinct 5",0
199,Childcare \ Early Learning Millage - Ballot Proposal,0,Under Votes,168,"Kalamazoo City, Precinct 5",58
199,Childcare \ Early Learning Millage - Ballot Proposal,1,Yes,171,"Kalamazoo City, Precinct 6",549
199,Childcare \ Early Learning Millage - Ballot Proposal,2,No,171,"Kalamazoo City, Precinct 6",158
199,Childcare \ Early Learning Millage - Ballot Proposal,0,Over Votes,171,"Kalamazoo City, Precinct 6",1
199,Childcare \ Early Learning Millage - Ballot Proposal,0,Under Votes,171,"Kalamazoo City, Precinct 6",47
199,Childcare \ Early Learning Millage - Ballot Proposal,1,Yes,174,"Kalamazoo City, Precinct 7",638
199,Childcare \ Early Learning Millage - Ballot Proposal,2,No,174,"Kalamazoo City, Precinct 7",123
199,Childcare \ Early Learning Millage - Ballot Proposal,0,Over Votes,174,"Kalamazoo City, Precinct 7",0
199,Childcare \ Early Learning Millage - Ballot Proposal,0,Under Votes,174,"Kalamazoo City, Precinct 7",45
199,Childcare \ Early Learning Millage - Ballot Proposal,1,Yes,177,"Kalamazoo City, Precinct 8",489
199,Childcare \ Early Learning Millage - Ballot Proposal,2,No,177,"Kalamazoo City, Precinct 8",87
199,Childcare \ Early Learning Millage - Ballot Proposal,0,Over Votes,177,"Kalamazoo City, Precinct 8",1
199,Childcare \ Early Learning Millage - Ballot Proposal,0,Under Votes,177,"Kalamazoo City, Precinct 8",32
199,Childcare \ Early Learning Millage - Ballot Proposal,1,Yes,180,"Kalamazoo City, Precinct 9",1024
199,Childcare \ Early Learning Millage - Ballot Proposal,2,No,180,"Kalamazoo City, Precinct 9",211
199,Childcare \ Early Learning Millage - Ballot Proposal,0,Over Votes,180,"Kalamazoo City, Precinct 9",0
199,Childcare \ Early Learning Millage - Ballot Proposal,0,Under Votes,180,"Kalamazoo City, Precinct 9",51
199,Childcare \ Early Learning Millage - Ballot Proposal,1,Yes,102,"Kalamazoo City, Precinct 10",444
199,Childcare \ Early Learning Millage - Ballot Proposal,2,No,102,"Kalamazoo City, Precinct 10",208
199,Childcare \ Early Learning Millage - Ballot Proposal,0,Over Votes,102,"Kalamazoo City, Precinct 10",0
199,Childcare \ Early Learning Millage - Ballot Proposal,0,Under Votes,102,"Kalamazoo City, Precinct 10",42
199,Childcare \ Early Learning Millage - Ballot Proposal,1,Yes,105,"Kalamazoo City, Precinct 11",229
199,Childcare \ Early Learning Millage - Ballot Proposal,2,No,105,"Kalamazoo City, Precinct 11",65
199,Childcare \ Early Learning Millage - Ballot Proposal,0,Over Votes,105,"Kalamazoo City, Precinct 11",0
199,Childcare \ Early Learning Millage - Ballot Proposal,0,Under Votes,105,"Kalamazoo City, Precinct 11",20
199,Childcare \ Early Learning Millage - Ballot Proposal,1,Yes,108,"Kalamazoo City, Precinct 12",661
199,Childcare \ Early Learning Millage - Ballot Proposal,2,No,108,"Kalamazoo City, Precinct 12",182
199,Childcare \ Early Learning Millage - Ballot Proposal,0,Over Votes,108,"Kalamazoo City, Precinct 12",0
199,Childcare \ Early Learning Millage - Ballot Proposal,0,Under Votes,108,"Kalamazoo City, Precinct 12",51
199,Childcare \ Early Learning Millage - Ballot Proposal,1,Yes,111,"Kalamazoo City, Precinct 13",368
199,Childcare \ Early Learning Millage - Ballot Proposal,2,No,111,"Kalamazoo City, Precinct 13",109
199,Childcare \ Early Learning Millage - Ballot Proposal,0,Over Votes,111,"Kalamazoo City, Precinct 13",0
199,Childcare \ Early Learning Millage - Ballot Proposal,0,Under Votes,111,"Kalamazoo City, Precinct 13",30
199,Childcare \ Early Learning Millage - Ballot Proposal,1,Yes,114,"Kalamazoo City, Precinct 14",1190
199,Childcare \ Early Learning Millage - Ballot Proposal,2,No,114,"Kalamazoo City, Precinct 14",261
199,Childcare \ Early Learning Millage - Ballot Proposal,0,Over Votes,114,"Kalamazoo City, Precinct 14",0
199,Childcare \ Early Learning Millage - Ballot Proposal,0,Under Votes,114,"Kalamazoo City, Precinct 14",55
199,Childcare \ Early Learning Millage - Ballot Proposal,1,Yes,117,"Kalamazoo City, Precinct 15",355
199,Childcare \ Early Learning Millage - Ballot Proposal,2,No,117,"Kalamazoo City, Precinct 15",104
199,Childcare \ Early Learning Millage - Ballot Proposal,0,Over Votes,117,"Kalamazoo City, Precinct 15",0
199,Childcare \ Early Learning Millage - Ballot Proposal,0,Under Votes,117,"Kalamazoo City, Precinct 15",29
199,Childcare \ Early Learning Millage - Ballot Proposal,1,Yes,120,"Kalamazoo City, Precinct 16",575
199,Childcare \ Early Learning Millage - Ballot Proposal,2,No,120,"Kalamazoo City, Precinct 16",173
199,Childcare \ Early Learning Millage - Ballot Proposal,0,Over Votes,120,"Kalamazoo City, Precinct 16",0
199,Childcare \ Early Learning Millage - Ballot Proposal,0,Under Votes,120,"Kalamazoo City, Precinct 16",27
199,Childcare \ Early Learning Millage - Ballot Proposal,1,Yes,123,"Kalamazoo City, Precinct 17",437
199,Childcare \ Early Learning Millage - Ballot Proposal,2,No,123,"Kalamazoo City, Precinct 17",135
199,Childcare \ Early Learning Millage - Ballot Proposal,0,Over Votes,123,"Kalamazoo City, Precinct 17",0
199,Childcare \ Early Learning Millage - Ballot Proposal,0,Under Votes,123,"Kalamazoo City, Precinct 17",25
199,Childcare \ Early Learning Millage - Ballot Proposal,1,Yes,127,"Kalamazoo City, Precinct 18",402
199,Childcare \ Early Learning Millage - Ballot Proposal,2,No,127,"Kalamazoo City, Precinct 18",167
199,Childcare \ Early Learning Millage - Ballot Proposal,0,Over Votes,127,"Kalamazoo City, Precinct 18",0
199,Childcare \ Early Learning Millage - Ballot Proposal,0,Under Votes,127,"Kalamazoo City, Precinct 18",30
199,Childcare \ Early Learning Millage - Ballot Proposal,1,Yes,130,"Kalamazoo City, Precinct 19",382
199,Childcare \ Early Learning Millage - Ballot Proposal,2,No,130,"Kalamazoo City, Precinct 19",115
199,Childcare \ Early Learning Millage - Ballot Proposal,0,Over Votes,130,"Kalamazoo City, Precinct 19",0
199,Childcare \ Early Learning Millage - Ballot Proposal,0,Under Votes,130,"Kalamazoo City, Precinct 19",28
199,Childcare \ Early Learning Millage - Ballot Proposal,1,Yes,136,"Kalamazoo City, Precinct 20",518
199,Childcare \ Early Learning Millage - Ballot Proposal,2,No,136,"Kalamazoo City, Precinct 20",176
199,Childcare \ Early Learning Millage - Ballot Proposal,0,Over Votes,136,"Kalamazoo City, Precinct 20",0
199,Childcare \ Early Learning Millage - Ballot Proposal,0,Under Votes,136,"Kalamazoo City, Precinct 20",31
199,Childcare \ Early Learning Millage - Ballot Proposal,1,Yes,139,"Kalamazoo City, Precinct 21",625
199,Childcare \ Early Learning Millage - Ballot Proposal,2,No,139,"Kalamazoo City, Precinct 21",208
199,Childcare \ Early Learning Millage - Ballot Proposal,0,Over Votes,139,"Kalamazoo City, Precinct 21",1
199,Childcare \ Early Learning Millage - Ballot Proposal,0,Under Votes,139,"Kalamazoo City, Precinct 21",56
199,Childcare \ Early Learning Millage - Ballot Proposal,1,Yes,183,"Oshtemo Charter Township, Precinct 1",292
199,Childcare \ Early Learning Millage - Ballot Proposal,2,No,183,"Oshtemo Charter Township, Precinct 1",284
199,Childcare \ Early Learning Millage - Ballot Proposal,0,Over Votes,183,"Oshtemo Charter Township, Precinct 1",0
199,Childcare \ Early Learning Millage - Ballot Proposal,0,Under Votes,183,"Oshtemo Charter Township, Precinct 1",32
199,Childcare \ Early Learning Millage - Ballot Proposal,1,Yes,189,"Oshtemo Charter Township, Precinct 2",517
199,Childcare \ Early Learning Millage - Ballot Proposal,2,No,189,"Oshtemo Charter Township, Precinct 2",356
199,Childcare \ Early Learning Millage - Ballot Proposal,0,Over Votes,189,"Oshtemo Charter Township, Precinct 2",0
199,Childcare \ Early Learning Millage - Ballot Proposal,0,Under Votes,189,"Oshtemo Charter Township, Precinct 2",36
199,Childcare \ Early Learning Millage - Ballot Proposal,1,Yes,192,"Oshtemo Charter Township, Precinct 3",507
199,Childcare \ Early Learning Millage - Ballot Proposal,2,No,192,"Oshtemo Charter Township, Precinct 3",239
199,Childcare \ Early Learning Millage - Ballot Proposal,0,Over Votes,192,"Oshtemo Charter Township, Precinct 3",0
199,Childcare \ Early Learning Millage - Ballot Proposal,0,Under Votes,192,"Oshtemo Charter Township, Precinct 3",50
199,Childcare \ Early Learning Millage - Ballot Proposal,1,Yes,195,"Oshtemo Charter Township, Precinct 4",456
199,Childcare \ Early Learning Millage - Ballot Proposal,2,No,195,"Oshtemo Charter Township, Precinct 4",229
199,Childcare \ Early Learning Millage - Ballot Proposal,0,Over Votes,195,"Oshtemo Charter Township, Precinct 4",0
199,Childcare \ Early Learning Millage - Ballot Proposal,0,Under Votes,195,"Oshtemo Charter Township, Precinct 4",50
199,Childcare \ Early Learning Millage - Ballot Proposal,1,Yes,198,"Oshtemo Charter Township, Precinct 5",697
199,Childcare \ Early Learning Millage - Ballot Proposal,2,No,198,"Oshtemo Charter Township, Precinct 5",257
199,Childcare \ Early Learning Millage - Ballot Proposal,0,Over Votes,198,"Oshtemo Charter Township, Precinct 5",1
199,Childcare \ Early Learning Millage - Ballot Proposal,0,Under Votes,198,"Oshtemo Charter Township, Precinct 5",69
199,Childcare \ Early Learning Millage - Ballot Proposal,1,Yes,201,"Oshtemo Charter Township, Precinct 6",224
199,Childcare \ Early Learning Millage - Ballot Proposal,2,No,201,"Oshtemo Charter Township, Precinct 6",187
199,Childcare \ Early Learning Millage - Ballot Proposal,0,Over Votes,201,"Oshtemo Charter Township, Precinct 6",0
199,Childcare \ Early Learning Millage - Ballot Proposal,0,Under Votes,201,"Oshtemo Charter Township, Precinct 6",16
199,Childcare \ Early Learning Millage - Ballot Proposal,1,Yes,204,"Oshtemo Charter Township, Precinct 7",421
199,Childcare \ Early Learning Millage - Ballot Proposal,2,No,204,"Oshtemo Charter Township, Precinct 7",177
199,Childcare \ Early Learning Millage - Ballot Proposal,0,Over Votes,204,"Oshtemo Charter Township, Precinct 7",0
199,Childcare \ Early Learning Millage - Ballot Proposal,0,Under Votes,204,"Oshtemo Charter Township, Precinct 7",41
199,Childcare \ Early Learning Millage - Ballot Proposal,1,Yes,207,"Oshtemo Charter Township, Precinct 8",223
199,Childcare \ Early Learning Millage - Ballot Proposal,2,No,207,"Oshtemo Charter Township, Precinct 8",95
199,Childcare \ Early Learning Millage - Ballot Proposal,0,Over Votes,207,"Oshtemo Charter Township, Precinct 8",0
199,Childcare \ Early Learning Millage - Ballot Proposal,0,Under Votes,207,"Oshtemo Charter Township, Precinct 8",15
199,Childcare \ Early Learning Millage - Ballot Proposal,1,Yes,210,"Oshtemo Charter Township, Precinct 9",505
199,Childcare \ Early Learning Millage - Ballot Proposal,2,No,210,"Oshtemo Charter Township, Precinct 9",265
199,Childcare \ Early Learning Millage - Ballot Proposal,0,Over Votes,210,"Oshtemo Charter Township, Precinct 9",1
199,Childcare \ Early Learning Millage - Ballot Proposal,0,Under Votes,210,"Oshtemo Charter Township, Precinct 9",54
199,Childcare \ Early Learning Millage - Ballot Proposal,1,Yes,213,"Parchment City, Precinct 1",270
199,Childcare \ Early Learning Millage - Ballot Proposal,2,No,213,"Parchment City, Precinct 1",184
199,Childcare \ Early Learning Millage - Ballot Proposal,0,Over Votes,213,"Parchment City, Precinct 1",0
199,Childcare \ Early Learning Millage - Ballot Proposal,0,Under Votes,213,"Parchment City, Precinct 1",14
199,Childcare \ Early Learning Millage - Ballot Proposal,1,Yes,216,"Charter Township of Pavilion, Precinct 1",341
199,Childcare \ Early Learning Millage - Ballot Proposal,2,No,216,"Charter Township of Pavilion, Precinct 1",368
199,Childcare \ Early Learning Millage - Ballot Proposal,0,Over Votes,216,"Charter Township of Pavilion, Precinct 1",0
199,Childcare \ Early Learning Millage - Ballot Proposal,0,Under Votes,216,"Charter Township of Pavilion, Precinct 1",36
199,Childcare \ Early Learning Millage - Ballot Proposal,1,Yes,219,"Charter Township of Pavilion, Precinct 2",120
199,Childcare \ Early Learning Millage - Ballot Proposal,2,No,219,"Charter Township of Pavilion, Precinct 2",244
199,Childcare \ Early Learning Millage - Ballot Proposal,0,Over Votes,219,"Charter Township of Pavilion, Precinct 2",0
199,Childcare \ Early Learning Millage - Ballot Proposal,0,Under Votes,219,"Charter Township of Pavilion, Precinct 2",17
199,Childcare \ Early Learning Millage - Ballot Proposal,1,Yes,222,"Charter Township of Pavilion, Precinct 3",211
199,Childcare \ Early Learning Millage - Ballot Proposal,2,No,222,"Charter Township of Pavilion, Precinct 3",186
199,Childcare \ Early Learning Millage - Ballot Proposal,0,Over Votes,222,"Charter Township of Pavilion, Precinct 3",0
199,Childcare \ Early Learning Millage - Ballot Proposal,0,Under Votes,222,"Charter Township of Pavilion, Precinct 3",18
199,Childcare \ Early Learning Millage - Ballot Proposal,1,Yes,226,"Portage City, Precinct 1",585
199,Childcare \ Early Learning Millage - Ballot Proposal,2,No,226,"Portage City, Precinct 1",282
199,Childcare \ Early Learning Millage - Ballot Proposal,0,Over Votes,226,"Portage City, Precinct 1",0
199,Childcare \ Early Learning Millage - Ballot Proposal,0,Under Votes,226,"Portage City, Precinct 1",53
199,Childcare \ Early Learning Millage - Ballot Proposal,1,Yes,260,"Portage City, Precinct 2",225
199,Childcare \ Early Learning Millage - Ballot Proposal,2,No,260,"Portage City, Precinct 2",78
199,Childcare \ Early Learning Millage - Ballot Proposal,0,Over Votes,260,"Portage City, Precinct 2",1
199,Childcare \ Early Learning Millage - Ballot Proposal,0,Under Votes,260,"Portage City, Precinct 2",16
199,Childcare \ Early Learning Millage - Ballot Proposal,1,Yes,264,"Portage City, Precinct 3",949
199,Childcare \ Early Learning Millage - Ballot Proposal,2,No,264,"Portage City, Precinct 3",549
199,Childcare \ Early Learning Millage - Ballot Proposal,0,Over Votes,264,"Portage City, Precinct 3",0
199,Childcare \ Early Learning Millage - Ballot Proposal,0,Under Votes,264,"Portage City, Precinct 3",80
199,Childcare \ Early Learning Millage - Ballot Proposal,1,Yes,267,"Portage City, Precinct 4",749
199,Childcare \ Early Learning Millage - Ballot Proposal,2,No,267,"Portage City, Precinct 4",655
199,Childcare \ Early Learning Millage - Ballot Proposal,0,Over Votes,267,"Portage City, Precinct 4",0
199,Childcare \ Early Learning Millage - Ballot Proposal,0,Under Votes,267,"Portage City, Precinct 4",103
199,Childcare \ Early Learning Millage - Ballot Proposal,1,Yes,271,"Portage City, Precinct 5",1028
199,Childcare \ Early Learning Millage - Ballot Proposal,2,No,271,"Portage City, Precinct 5",713
199,Childcare \ Early Learning Millage - Ballot Proposal,0,Over Votes,271,"Portage City, Precinct 5",0
199,Childcare \ Early Learning Millage - Ballot Proposal,0,Under Votes,271,"Portage City, Precinct 5",83
199,Childcare \ Early Learning Millage - Ballot Proposal,1,Yes,274,"Portage City, Precinct 6",616
199,Childcare \ Early Learning Millage - Ballot Proposal,2,No,274,"Portage City, Precinct 6",296
199,Childcare \ Early Learning Millage - Ballot Proposal,0,Over Votes,274,"Portage City, Precinct 6",0
199,Childcare \ Early Learning Millage - Ballot Proposal,0,Under Votes,274,"Portage City, Precinct 6",51
199,Childcare \ Early Learning Millage - Ballot Proposal,1,Yes,277,"Portage City, Precinct 7",654
199,Childcare \ Early Learning Millage - Ballot Proposal,2,No,277,"Portage City, Precinct 7",346
199,Childcare \ Early Learning Millage - Ballot Proposal,0,Over Votes,277,"Portage City, Precinct 7",0
199,Childcare \ Early Learning Millage - Ballot Proposal,0,Under Votes,277,"Portage City, Precinct 7",54
199,Childcare \ Early Learning Millage - Ballot Proposal,1,Yes,280,"Portage City, Precinct 8",927
199,Childcare \ Early Learning Millage - Ballot Proposal,2,No,280,"Portage City, Precinct 8",477
199,Childcare \ Early Learning Millage - Ballot Proposal,0,Over Votes,280,"Portage City, Precinct 8",0
199,Childcare \ Early Learning Millage - Ballot Proposal,0,Under Votes,280,"Portage City, Precinct 8",49
199,Childcare \ Early Learning Millage - Ballot Proposal,1,Yes,283,"Portage City, Precinct 9",504
199,Childcare \ Early Learning Millage - Ballot Proposal,2,No,283,"Portage City, Precinct 9",222
199,Childcare \ Early Learning Millage - Ballot Proposal,0,Over Votes,283,"Portage City, Precinct 9",0
199,Childcare \ Early Learning Millage - Ballot Proposal,0,Under Votes,283,"Portage City, Precinct 9",60
199,Childcare \ Early Learning Millage - Ballot Proposal,1,Yes,229,"Portage City, Precinct 10",774
199,Childcare \ Early Learning Millage - Ballot Proposal,2,No,229,"Portage City, Precinct 10",532
199,Childcare \ Early Learning Millage - Ballot Proposal,0,Over Votes,229,"Portage City, Precinct 10",1
199,Childcare \ Early Learning Millage - Ballot Proposal,0,Under Votes,229,"Portage City, Precinct 10",88
199,Childcare \ Early Learning Millage - Ballot Proposal,1,Yes,233,"Portage City, Precinct 11",546
199,Childcare \ Early Learning Millage - Ballot Proposal,2,No,233,"Portage City, Precinct 11",296
199,Childcare \ Early Learning Millage - Ballot Proposal,0,Over Votes,233,"Portage City, Precinct 11",0
199,Childcare \ Early Learning Millage - Ballot Proposal,0,Under Votes,233,"Portage City, Precinct 11",54
199,Childcare \ Early Learning Millage - Ballot Proposal,1,Yes,236,"Portage City, Precinct 12",409
199,Childcare \ Early Learning Millage - Ballot Proposal,2,No,236,"Portage City, Precinct 12",219
199,Childcare \ Early Learning Millage - Ballot Proposal,0,Over Votes,236,"Portage City, Precinct 12",0
199,Childcare \ Early Learning Millage - Ballot Proposal,0,Under Votes,236,"Portage City, Precinct 12",27
199,Childcare \ Early Learning Millage - Ballot Proposal,1,Yes,239,"Portage City, Precinct 13",797
199,Childcare \ Early Learning Millage - Ballot Proposal,2,No,239,"Portage City, Precinct 13",405
199,Childcare \ Early Learning Millage - Ballot Proposal,0,Over Votes,239,"Portage City, Precinct 13",0
199,Childcare \ Early Learning Millage - Ballot Proposal,0,Under Votes,239,"Portage City, Precinct 13",88
199,Childcare \ Early Learning Millage - Ballot Proposal,1,Yes,286,"Prairie Ronde Township, Precinct 1",310
199,Childcare \ Early Learning Millage - Ballot Proposal,2,No,286,"Prairie Ronde Township, Precinct 1",375
199,Childcare \ Early Learning Millage - Ballot Proposal,0,Over Votes,286,"Prairie Ronde Township, Precinct 1",1
199,Childcare \ Early Learning Millage - Ballot Proposal,0,Under Votes,286,"Prairie Ronde Township, Precinct 1",45
199,Childcare \ Early Learning Millage - Ballot Proposal,1,Yes,290,"Richland Township, Precinct 1",608
199,Childcare \ Early Learning Millage - Ballot Proposal,2,No,290,"Richland Township, Precinct 1",473
199,Childcare \ Early Learning Millage - Ballot Proposal,0,Over Votes,290,"Richland Township, Precinct 1",0
199,Childcare \ Early Learning Millage - Ballot Proposal,0,Under Votes,290,"Richland Township, Precinct 1",67
199,Childcare \ Early Learning Millage - Ballot Proposal,1,Yes,293,"Richland Township, Precinct 2",724
199,Childcare \ Early Learning Millage - Ballot Proposal,2,No,293,"Richland Township, Precinct 2",637
199,Childcare \ Early Learning Millage - Ballot Proposal,0,Over Votes,293,"Richland Township, Precinct 2",2
199,Childcare \ Early Learning Millage - Ballot Proposal,0,Under Votes,293,"Richland Township, Precinct 2",106
199,Childcare \ Early Learning Millage - Ballot Proposal,1,Yes,299,"Ross Township, Precinct 1",332
199,Childcare \ Early Learning Millage - Ballot Proposal,2,No,299,"Ross Township, Precinct 1",381
199,Childcare \ Early Learning Millage - Ballot Proposal,0,Over Votes,299,"Ross Township, Precinct 1",0
199,Childcare \ Early Learning Millage - Ballot Proposal,0,Under Votes,299,"Ross Township, Precinct 1",22
199,Childcare \ Early Learning Millage - Ballot Proposal,1,Yes,302,"Ross Township, Precinct 2",439
199,Childcare \ Early Learning Millage - Ballot Proposal,2,No,302,"Ross Township, Precinct 2",462
199,Childcare \ Early Learning Millage - Ballot Proposal,0,Over Votes,302,"Ross Township, Precinct 2",1
199,Childcare \ Early Learning Millage - Ballot Proposal,0,Under Votes,302,"Ross Township, Precinct 2",48
199,Childcare \ Early Learning Millage - Ballot Proposal,1,Yes,305,"Schoolcraft Township, Precinct 1",283
199,Childcare \ Early Learning Millage - Ballot Proposal,2,No,305,"Schoolcraft Township, Precinct 1",267
199,Childcare \ Early Learning Millage - Ballot Proposal,0,Over Votes,305,"Schoolcraft Township, Precinct 1",0
199,Childcare \ Early Learning Millage - Ballot Proposal,0,Under Votes,305,"Schoolcraft Township, Precinct 1",32
199,Childcare \ Early Learning Millage - Ballot Proposal,1,Yes,308,"Schoolcraft Township, Precinct 2",182
199,Childcare \ Early Learning Millage - Ballot Proposal,2,No,308,"Schoolcraft Township, Precinct 2",129
199,Childcare \ Early Learning Millage - Ballot Proposal,0,Over Votes,308,"Schoolcraft Township, Precinct 2",0
199,Childcare \ Early Learning Millage - Ballot Proposal,0,Under Votes,308,"Schoolcraft Township, Precinct 2",11
199,Childcare \ Early Learning Millage - Ballot Proposal,1,Yes,311,"Schoolcraft Township, Precinct 3",535
199,Childcare \ Early Learning Millage - Ballot Proposal,2,No,311,"Schoolcraft Township, Precinct 3",380
199,Childcare \ Early Learning Millage - Ballot Proposal,0,Over Votes,311,"Schoolcraft Township, Precinct 3",0
199,Childcare \ Early Learning Millage - Ballot Proposal,0,Under Votes,311,"Schoolcraft Township, Precinct 3",48
199,Childcare \ Early Learning Millage - Ballot Proposal,1,Yes,314,"Schoolcraft Township, Precinct 4",227
199,Childcare \ Early Learning Millage - Ballot Proposal,2,No,314,"Schoolcraft Township, Precinct 4",222
199,Childcare \ Early Learning Millage - Ballot Proposal,0,Over Votes,314,"Schoolcraft Township, Precinct 4",0
199,Childcare \ Early Learning Millage - Ballot Proposal,0,Under Votes,314,"Schoolcraft Township, Precinct 4",21
199,Childcare \ Early Learning Millage - Ballot Proposal,1,Yes,317,"Texas Charter Township, Precinct 1",395
199,Childcare \ Early Learning Millage - Ballot Proposal,2,No,317,"Texas Charter Township, Precinct 1",377
199,Childcare \ Early Learning Millage - Ballot Proposal,0,Over Votes,317,"Texas Charter Township, Precinct 1",0
199,Childcare \ Early Learning Millage - Ballot Proposal,0,Under Votes,317,"Texas Charter Township, Precinct 1",41
199,Childcare \ Early Learning Millage - Ballot Proposal,1,Yes,320,"Texas Charter Township, Precinct 2",408
199,Childcare \ Early Learning Millage - Ballot Proposal,2,No,320,"Texas Charter Township, Precinct 2",344
199,Childcare \ Early Learning Millage - Ballot Proposal,0,Over Votes,320,"Texas Charter Township, Precinct 2",0
199,Childcare \ Early Learning Millage - Ballot Proposal,0,Under Votes,320,"Texas Charter Township, Precinct 2",34
199,Childcare \ Early Learning Millage - Ballot Proposal,1,Yes,323,"Texas Charter Township, Precinct 3",494
199,Childcare \ Early Learning Millage - Ballot Proposal,2,No,323,"Texas Charter Township, Precinct 3",239
199,Childcare \ Early Learning Millage - Ballot Proposal,0,Over Votes,323,"Texas Charter Township, Precinct 3",0
199,Childcare \ Early Learning Millage - Ballot Proposal,0,Under Votes,323,"Texas Charter Township, Precinct 3",24
199,Childcare \ Early Learning Millage - Ballot Proposal,1,Yes,326,"Texas Charter Township, Precinct 4",618
199,Childcare \ Early Learning Millage - Ballot Proposal,2,No,326,"Texas Charter Township, Precinct 4",440
199,Childcare \ Early Learning Millage - Ballot Proposal,0,Over Votes,326,"Texas Charter Township, Precinct 4",0
199,Childcare \ Early Learning Millage - Ballot Proposal,0,Under Votes,326,"Texas Charter Township, Precinct 4",41
199,Childcare \ Early Learning Millage - Ballot Proposal,1,Yes,329,"Texas Charter Township, Precinct 5",708
199,Childcare \ Early Learning Millage - Ballot Proposal,2,No,329,"Texas Charter Township, Precinct 5",519
199,Childcare \ Early Learning Millage - Ballot Proposal,0,Over Votes,329,"Texas Charter Township, Precinct 5",0
199,Childcare \ Early Learning Millage - Ballot Proposal,0,Under Votes,329,"Texas Charter Township, Precinct 5",65
199,Childcare \ Early Learning Millage - Ballot Proposal,1,Yes,333,"Texas Charter Township, Precinct 6",545
199,Childcare \ Early Learning Millage - Ballot Proposal,2,No,333,"Texas Charter Township, Precinct 6",551
199,Childcare \ Early Learning Millage - Ballot Proposal,0,Over Votes,333,"Texas Charter Township, Precinct 6",0
199,Childcare \ Early Learning Millage - Ballot Proposal,0,Under Votes,333,"Texas Charter Township, Precinct 6",54
199,Childcare \ Early Learning Millage - Ballot Proposal,1,Yes,336,"Wakeshma Township, Precinct 1",97
199,Childcare \ Early Learning Millage - Ballot Proposal,2,No,336,"Wakeshma Township, Precinct 1",173
199,Childcare \ Early Learning Millage - Ballot Proposal,0,Over Votes,336,"Wakeshma Township, Precinct 1",0
199,Childcare \ Early Learning Millage - Ballot Proposal,0,Under Votes,336,"Wakeshma Township, Precinct 1",9
200,Millage Request for 2026 Kalamazoo County Transportation Authority,1,Yes,11,"Alamo Township, Precinct 1",183
200,Millage Request for 2026 Kalamazoo County Transportation Authority,2,No,11,"Alamo Township, Precinct 1",296
200,Millage Request for 2026 Kalamazoo County Transportation Authority,0,Over Votes,11,"Alamo Township, Precinct 1",0
200,Millage Request for 2026 Kalamazoo County Transportation Authority,0,Under Votes,11,"Alamo Township, Precinct 1",13
200,Millage Request for 2026 Kalamazoo County Transportation Authority,1,Yes,14,"Alamo Township, Precinct 2",353
200,Millage Request for 2026 Kalamazoo County Transportation Authority,2,No,14,"Alamo Township, Precinct 2",426
200,Millage Request for 2026 Kalamazoo County Transportation Authority,0,Over Votes,14,"Alamo Township, Precinct 2",0
200,Millage Request for 2026 Kalamazoo County Transportation Authority,0,Under Votes,14,"Alamo Township, Precinct 2",35
200,Millage Request for 2026 Kalamazoo County Transportation Authority,1,Yes,17,"Brady Charter Township, Precinct 1",298
200,Millage Request for 2026 Kalamazoo County Transportation Authority,2,No,17,"Brady Charter Township, Precinct 1",293
200,Millage Request for 2026 Kalamazoo County Transportation Authority,0,Over Votes,17,"Brady Charter Township, Precinct 1",0
200,Millage Request for 2026 Kalamazoo County Transportation Authority,0,Under Votes,17,"Brady Charter Township, Precinct 1",26
200,Millage Request for 2026 Kalamazoo County Transportation Authority,1,Yes,20,"Brady Charter Township, Precinct 2",221
200,Millage Request for 2026 Kalamazoo County Transportation Authority,2,No,20,"Brady Charter Township, Precinct 2",286
200,Millage Request for 2026 Kalamazoo County Transportation Authority,0,Over Votes,20,"Brady Charter Township, Precinct 2",0
200,Millage Request for 2026 Kalamazoo County Transportation Authority,0,Under Votes,20,"Brady Charter Township, Precinct 2",45
200,Millage Request for 2026 Kalamazoo County Transportation Authority,1,Yes,23,"Charleston Township, Precinct 1",194
200,Millage Request for 2026 Kalamazoo County Transportation Authority,2,No,23,"Charleston Township, Precinct 1",344
200,Millage Request for 2026 Kalamazoo County Transportation Authority,0,Over Votes,23,"Charleston Township, Precinct 1",0
200,Millage Request for 2026 Kalamazoo County Transportation Authority,0,Under Votes,23,"Charleston Township, Precinct 1",30
200,Millage Request for 2026 Kalamazoo County Transportation Authority,1,Yes,26,"Climax Township, Precinct 1",245
200,Millage Request for 2026 Kalamazoo County Transportation Authority,2,No,26,"Climax Township, Precinct 1",385
200,Millage Request for 2026 Kalamazoo County Transportation Authority,0,Over Votes,26,"Climax Township, Precinct 1",0
200,Millage Request for 2026 Kalamazoo County Transportation Authority,0,Under Votes,26,"Climax Township, Precinct 1",19
200,Millage Request for 2026 Kalamazoo County Transportation Authority,1,Yes,29,"Comstock Charter Township, Precinct 1",313
200,Millage Request for 2026 Kalamazoo County Transportation Authority,2,No,29,"Comstock Charter Township, Precinct 1",346
200,Millage Request for 2026 Kalamazoo County Transportation Authority,0,Over Votes,29,"Comstock Charter Township, Precinct 1",1
200,Millage Request for 2026 Kalamazoo County Transportation Authority,0,Under Votes,29,"Comstock Charter Township, Precinct 1",49
200,Millage Request for 2026 Kalamazoo County Transportation Authority,1,Yes,32,"Comstock Charter Township, Precinct 2",328
200,Millage Request for 2026 Kalamazoo County Transportation Authority,2,No,32,"Comstock Charter Township, Precinct 2",271
200,Millage Request for 2026 Kalamazoo County Transportation Authority,0,Over Votes,32,"Comstock Charter Township, Precinct 2",0
200,Millage Request for 2026 Kalamazoo County Transportation Authority,0,Under Votes,32,"Comstock Charter Township, Precinct 2",30
200,Millage Request for 2026 Kalamazoo County Transportation Authority,1,Yes,35,"Comstock Charter Township, Precinct 3",234
200,Millage Request for 2026 Kalamazoo County Transportation Authority,2,No,35,"Comstock Charter Township, Precinct 3",269
200,Millage Request for 2026 Kalamazoo County Transportation Authority,0,Over Votes,35,"Comstock Charter Township, Precinct 3",0
200,Millage Request for 2026 Kalamazoo County Transportation Authority,0,Under Votes,35,"Comstock Charter Township, Precinct 3",18
200,Millage Request for 2026 Kalamazoo County Transportation Authority,1,Yes,38,"Comstock Charter Township, Precinct 4",318
200,Millage Request for 2026 Kalamazoo County Transportation Authority,2,No,38,"Comstock Charter Township, Precinct 4",264
200,Millage Request for 2026 Kalamazoo County Transportation Authority,0,Over Votes,38,"Comstock Charter Township, Precinct 4",0
200,Millage Request for 2026 Kalamazoo County Transportation Authority,0,Under Votes,38,"Comstock Charter Township, Precinct 4",29
200,Millage Request for 2026 Kalamazoo County Transportation Authority,1,Yes,41,"Comstock Charter Township, Precinct 5",603
200,Millage Request for 2026 Kalamazoo County Transportation Authority,2,No,41,"Comstock Charter Township, Precinct 5",376
200,Millage Request for 2026 Kalamazoo County Transportation Authority,0,Over Votes,41,"Comstock Charter Township, Precinct 5",0
200,Millage Request for 2026 Kalamazoo County Transportation Authority,0,Under Votes,41,"Comstock Charter Township, Precinct 5",57
200,Millage Request for 2026 Kalamazoo County Transportation Authority,1,Yes,44,"Comstock Charter Township, Precinct 6",302
200,Millage Request for 2026 Kalamazoo County Transportation Authority,2,No,44,"Comstock Charter Township, Precinct 6",248
200,Millage Request for 2026 Kalamazoo County Transportation Authority,0,Over Votes,44,"Comstock Charter Township, Precinct 6",0
200,Millage Request for 2026 Kalamazoo County Transportation Authority,0,Under Votes,44,"Comstock Charter Township, Precinct 6",22
200,Millage Request for 2026 Kalamazoo County Transportation Authority,1,Yes,50,"Cooper Charter Township, Precinct 1",200
200,Millage Request for 2026 Kalamazoo County Transportation Authority,2,No,50,"Cooper Charter Township, Precinct 1",238
200,Millage Request for 2026 Kalamazoo County Transportation Authority,0,Over Votes,50,"Cooper Charter Township, Precinct 1",0
200,Millage Request for 2026 Kalamazoo County Transportation Authority,0,Under Votes,50,"Cooper Charter Township, Precinct 1",17
200,Millage Request for 2026 Kalamazoo County Transportation Authority,1,Yes,54,"Cooper Charter Township, Precinct 2",257
200,Millage Request for 2026 Kalamazoo County Transportation Authority,2,No,54,"Cooper Charter Township, Precinct 2",245
200,Millage Request for 2026 Kalamazoo County Transportation Authority,0,Over Votes,54,"Cooper Charter Township, Precinct 2",0
200,Millage Request for 2026 Kalamazoo County Transportation Authority,0,Under Votes,54,"Cooper Charter Township, Precinct 2",20
200,Millage Request for 2026 Kalamazoo County Transportation Authority,1,Yes,58,"Cooper Charter Township, Precinct 3",598
200,Millage Request for 2026 Kalamazoo County Transportation Authority,2,No,58,"Cooper Charter Township, Precinct 3",412
200,Millage Request for 2026 Kalamazoo County Transportation Authority,0,Over Votes,58,"Cooper Charter Township, Precinct 3",0
200,Millage Request for 2026 Kalamazoo County Transportation Authority,0,Under Votes,58,"Cooper Charter Township, Precinct 3",67
200,Millage Request for 2026 Kalamazoo County Transportation Authority,1,Yes,62,"Cooper Charter Township, Precinct 4",477
200,Millage Request for 2026 Kalamazoo County Transportation Authority,2,No,62,"Cooper Charter Township, Precinct 4",510
200,Millage Request for 2026 Kalamazoo County Transportation Authority,0,Over Votes,62,"Cooper Charter Township, Precinct 4",0
200,Millage Request for 2026 Kalamazoo County Transportation Authority,0,Under Votes,62,"Cooper Charter Township, Precinct 4",35
200,Millage Request for 2026 Kalamazoo County Transportation Authority,1,Yes,66,"Galesburg City, Precinct 1",182
200,Millage Request for 2026 Kalamazoo County Transportation Authority,2,No,66,"Galesburg City, Precinct 1",106
200,Millage Request for 2026 Kalamazoo County Transportation Authority,0,Over Votes,66,"Galesburg City, Precinct 1",0
200,Millage Request for 2026 Kalamazoo County Transportation Authority,0,Under Votes,66,"Galesburg City, Precinct 1",0
200,Millage Request for 2026 Kalamazoo County Transportation Authority,1,Yes,69,"Kalamazoo Charter Township, Precinct 1",56
200,Millage Request for 2026 Kalamazoo County Transportation Authority,2,No,69,"Kalamazoo Charter Township, Precinct 1",44
200,Millage Request for 2026 Kalamazoo County Transportation Authority,0,Over Votes,69,"Kalamazoo Charter Township, Precinct 1",0
200,Millage Request for 2026 Kalamazoo County Transportation Authority,0,Under Votes,69,"Kalamazoo Charter Township, Precinct 1",12
200,Millage Request for 2026 Kalamazoo County Transportation Authority,1,Yes,75,"Kalamazoo Charter Township, Precinct 2",851
200,Millage Request for 2026 Kalamazoo County Transportation Authority,2,No,75,"Kalamazoo Charter Township, Precinct 2",419
200,Millage Request for 2026 Kalamazoo County Transportation Authority,0,Over Votes,75,"Kalamazoo Charter Township, Precinct 2",1
200,Millage Request for 2026 Kalamazoo County Transportation Authority,0,Under Votes,75,"Kalamazoo Charter Township, Precinct 2",53
200,Millage Request for 2026 Kalamazoo County Transportation Authority,1,Yes,78,"Kalamazoo Charter Township, Precinct 3",1160
200,Millage Request for 2026 Kalamazoo County Transportation Authority,2,No,78,"Kalamazoo Charter Township, Precinct 3",348
200,Millage Request for 2026 Kalamazoo County Transportation Authority,0,Over Votes,78,"Kalamazoo Charter Township, Precinct 3",0
200,Millage Request for 2026 Kalamazoo County Transportation Authority,0,Under Votes,78,"Kalamazoo Charter Township, Precinct 3",77
200,Millage Request for 2026 Kalamazoo County Transportation Authority,1,Yes,81,"Kalamazoo Charter Township, Precinct 4",1007
200,Millage Request for 2026 Kalamazoo County Transportation Authority,2,No,81,"Kalamazoo Charter Township, Precinct 4",286
200,Millage Request for 2026 Kalamazoo County Transportation Authority,0,Over Votes,81,"Kalamazoo Charter Township, Precinct 4",1
200,Millage Request for 2026 Kalamazoo County Transportation Authority,0,Under Votes,81,"Kalamazoo Charter Township, Precinct 4",64
200,Millage Request for 2026 Kalamazoo County Transportation Authority,1,Yes,84,"Kalamazoo Charter Township, Precinct 5",344
200,Millage Request for 2026 Kalamazoo County Transportation Authority,2,No,84,"Kalamazoo Charter Township, Precinct 5",169
200,Millage Request for 2026 Kalamazoo County Transportation Authority,0,Over Votes,84,"Kalamazoo Charter Township, Precinct 5",0
200,Millage Request for 2026 Kalamazoo County Transportation Authority,0,Under Votes,84,"Kalamazoo Charter Township, Precinct 5",24
200,Millage Request for 2026 Kalamazoo County Transportation Authority,1,Yes,87,"Kalamazoo Charter Township, Precinct 6",499
200,Millage Request for 2026 Kalamazoo County Transportation Authority,2,No,87,"Kalamazoo Charter Township, Precinct 6",255
200,Millage Request for 2026 Kalamazoo County Transportation Authority,0,Over Votes,87,"Kalamazoo Charter Township, Precinct 6",0
200,Millage Request for 2026 Kalamazoo County Transportation Authority,0,Under Votes,87,"Kalamazoo Charter Township, Precinct 6",41
200,Millage Request for 2026 Kalamazoo County Transportation Authority,1,Yes,133,"Kalamazoo City, Precinct 2",323
200,Millage Request for 2026 Kalamazoo County Transportation Authority,2,No,133,"Kalamazoo City, Precinct 2",52
200,Millage Request for 2026 Kalamazoo County Transportation Authority,0,Over Votes,133,"Kalamazoo City, Precinct 2",0
200,Millage Request for 2026 Kalamazoo County Transportation Authority,0,Under Votes,133,"Kalamazoo City, Precinct 2",28
200,Millage Request for 2026 Kalamazoo County Transportation Authority,1,Yes,162,"Kalamazoo City, Precinct 3",995
200,Millage Request for 2026 Kalamazoo County Transportation Authority,2,No,162,"Kalamazoo City, Precinct 3",101
200,Millage Request for 2026 Kalamazoo County Transportation Authority,0,Over Votes,162,"Kalamazoo City, Precinct 3",0
200,Millage Request for 2026 Kalamazoo County Transportation Authority,0,Under Votes,162,"Kalamazoo City, Precinct 3",60
200,Millage Request for 2026 Kalamazoo County Transportation Authority,1,Yes,165,"Kalamazoo City, Precinct 4",664
200,Millage Request for 2026 Kalamazoo County Transportation Authority,2,No,165,"Kalamazoo City, Precinct 4",118
200,Millage Request for 2026 Kalamazoo County Transportation Authority,0,Over Votes,165,"Kalamazoo City, Precinct 4",0
200,Millage Request for 2026 Kalamazoo County Transportation Authority,0,Under Votes,165,"Kalamazoo City, Precinct 4",44
200,Millage Request for 2026 Kalamazoo County Transportation Authority,1,Yes,168,"Kalamazoo City, Precinct 5",682
200,Millage Request for 2026 Kalamazoo County Transportation Authority,2,No,168,"Kalamazoo City, Precinct 5",150
200,Millage Request for 2026 Kalamazoo County Transportation Authority,0,Over Votes,168,"Kalamazoo City, Precinct 5",0
200,Millage Request for 2026 Kalamazoo County Transportation Authority,0,Under Votes,168,"Kalamazoo City, Precinct 5",60
200,Millage Request for 2026 Kalamazoo County Transportation Authority,1,Yes,171,"Kalamazoo City, Precinct 6",574
200,Millage Request for 2026 Kalamazoo County Transportation Authority,2,No,171,"Kalamazoo City, Precinct 6",130
200,Millage Request for 2026 Kalamazoo County Transportation Authority,0,Over Votes,171,"Kalamazoo City, Precinct 6",0
200,Millage Request for 2026 Kalamazoo County Transportation Authority,0,Under Votes,171,"Kalamazoo City, Precinct 6",51
200,Millage Request for 2026 Kalamazoo County Transportation Authority,1,Yes,174,"Kalamazoo City, Precinct 7",645
200,Millage Request for 2026 Kalamazoo County Transportation Authority,2,No,174,"Kalamazoo City, Precinct 7",123
200,Millage Request for 2026 Kalamazoo County Transportation Authority,0,Over Votes,174,"Kalamazoo City, Precinct 7",0
200,Millage Request for 2026 Kalamazoo County Transportation Authority,0,Under Votes,174,"Kalamazoo City, Precinct 7",38
200,Millage Request for 2026 Kalamazoo County Transportation Authority,1,Yes,177,"Kalamazoo City, Precinct 8",493
200,Millage Request for 2026 Kalamazoo County Transportation Authority,2,No,177,"Kalamazoo City, Precinct 8",87
200,Millage Request for 2026 Kalamazoo County Transportation Authority,0,Over Votes,177,"Kalamazoo City, Precinct 8",0
200,Millage Request for 2026 Kalamazoo County Transportation Authority,0,Under Votes,177,"Kalamazoo City, Precinct 8",29
200,Millage Request for 2026 Kalamazoo County Transportation Authority,1,Yes,180,"Kalamazoo City, Precinct 9",1057
200,Millage Request for 2026 Kalamazoo County Transportation Authority,2,No,180,"Kalamazoo City, Precinct 9",177
200,Millage Request for 2026 Kalamazoo County Transportation Authority,0,Over Votes,180,"Kalamazoo City, Precinct 9",0
200,Millage Request for 2026 Kalamazoo County Transportation Authority,0,Under Votes,180,"Kalamazoo City, Precinct 9",52
200,Millage Request for 2026 Kalamazoo County Transportation Authority,1,Yes,102,"Kalamazoo City, Precinct 10",470
200,Millage Request for 2026 Kalamazoo County Transportation Authority,2,No,102,"Kalamazoo City, Precinct 10",183
200,Millage Request for 2026 Kalamazoo County Transportation Authority,0,Over Votes,102,"Kalamazoo City, Precinct 10",0
200,Millage Request for 2026 Kalamazoo County Transportation Authority,0,Under Votes,102,"Kalamazoo City, Precinct 10",41
200,Millage Request for 2026 Kalamazoo County Transportation Authority,1,Yes,105,"Kalamazoo City, Precinct 11",221
200,Millage Request for 2026 Kalamazoo County Transportation Authority,2,No,105,"Kalamazoo City, Precinct 11",74
200,Millage Request for 2026 Kalamazoo County Transportation Authority,0,Over Votes,105,"Kalamazoo City, Precinct 11",0
200,Millage Request for 2026 Kalamazoo County Transportation Authority,0,Under Votes,105,"Kalamazoo City, Precinct 11",19
200,Millage Request for 2026 Kalamazoo County Transportation Authority,1,Yes,108,"Kalamazoo City, Precinct 12",665
200,Millage Request for 2026 Kalamazoo County Transportation Authority,2,No,108,"Kalamazoo City, Precinct 12",178
200,Millage Request for 2026 Kalamazoo County Transportation Authority,0,Over Votes,108,"Kalamazoo City, Precinct 12",0
200,Millage Request for 2026 Kalamazoo County Transportation Authority,0,Under Votes,108,"Kalamazoo City, Precinct 12",51
200,Millage Request for 2026 Kalamazoo County Transportation Authority,1,Yes,111,"Kalamazoo City, Precinct 13",370
200,Millage Request for 2026 Kalamazoo County Transportation Authority,2,No,111,"Kalamazoo City, Precinct 13",104
200,Millage Request for 2026 Kalamazoo County Transportation Authority,0,Over Votes,111,"Kalamazoo City, Precinct 13",1
200,Millage Request for 2026 Kalamazoo County Transportation Authority,0,Under Votes,111,"Kalamazoo City, Precinct 13",32
200,Millage Request for 2026 Kalamazoo County Transportation Authority,1,Yes,114,"Kalamazoo City, Precinct 14",1217
200,Millage Request for 2026 Kalamazoo County Transportation Authority,2,No,114,"Kalamazoo City, Precinct 14",237
200,Millage Request for 2026 Kalamazoo County Transportation Authority,0,Over Votes,114,"Kalamazoo City, Precinct 14",0
200,Millage Request for 2026 Kalamazoo County Transportation Authority,0,Under Votes,114,"Kalamazoo City, Precinct 14",52
200,Millage Request for 2026 Kalamazoo County Transportation Authority,1,Yes,117,"Kalamazoo City, Precinct 15",346
200,Millage Request for 2026 Kalamazoo County Transportation Authority,2,No,117,"Kalamazoo City, Precinct 15",108
200,Millage Request for 2026 Kalamazoo County Transportation Authority,0,Over Votes,117,"Kalamazoo City, Precinct 15",0
200,Millage Request for 2026 Kalamazoo County Transportation Authority,0,Under Votes,117,"Kalamazoo City, Precinct 15",34
200,Millage Request for 2026 Kalamazoo County Transportation Authority,1,Yes,120,"Kalamazoo City, Precinct 16",573
200,Millage Request for 2026 Kalamazoo County Transportation Authority,2,No,120,"Kalamazoo City, Precinct 16",173
200,Millage Request for 2026 Kalamazoo County Transportation Authority,0,Over Votes,120,"Kalamazoo City, Precinct 16",1
200,Millage Request for 2026 Kalamazoo County Transportation Authority,0,Under Votes,120,"Kalamazoo City, Precinct 16",28
200,Millage Request for 2026 Kalamazoo County Transportation Authority,1,Yes,123,"Kalamazoo City, Precinct 17",441
200,Millage Request for 2026 Kalamazoo County Transportation Authority,2,No,123,"Kalamazoo City, Precinct 17",130
200,Millage Request for 2026 Kalamazoo County Transportation Authority,0,Over Votes,123,"Kalamazoo City, Precinct 17",0
200,Millage Request for 2026 Kalamazoo County Transportation Authority,0,Under Votes,123,"Kalamazoo City, Precinct 17",26
200,Millage Request for 2026 Kalamazoo County Transportation Authority,1,Yes,127,"Kalamazoo City, Precinct 18",417
200,Millage Request for 2026 Kalamazoo County Transportation Authority,2,No,127,"Kalamazoo City, Precinct 18",150
200,Millage Request for 2026 Kalamazoo County Transportation Authority,0,Over Votes,127,"Kalamazoo City, Precinct 18",0
200,Millage Request for 2026 Kalamazoo County Transportation Authority,0,Under Votes,127,"Kalamazoo City, Precinct 18",32
200,Millage Request for 2026 Kalamazoo County Transportation Authority,1,Yes,130,"Kalamazoo City, Precinct 19",395
200,Millage Request for 2026 Kalamazoo County Transportation Authority,2,No,130,"Kalamazoo City, Precinct 19",110
200,Millage Request for 2026 Kalamazoo County Transportation Authority,0,Over Votes,130,"Kalamazoo City, Precinct 19",0
200,Millage Request for 2026 Kalamazoo County Transportation Authority,0,Under Votes,130,"Kalamazoo City, Precinct 19",20
200,Millage Request for 2026 Kalamazoo County Transportation Authority,1,Yes,136,"Kalamazoo City, Precinct 20",547
200,Millage Request for 2026 Kalamazoo County Transportation Authority,2,No,136,"Kalamazoo City, Precinct 20",149
200,Millage Request for 2026 Kalamazoo County Transportation Authority,0,Over Votes,136,"Kalamazoo City, Precinct 20",0
200,Millage Request for 2026 Kalamazoo County Transportation Authority,0,Under Votes,136,"Kalamazoo City, Precinct 20",29
200,Millage Request for 2026 Kalamazoo County Transportation Authority,1,Yes,139,"Kalamazoo City, Precinct 21",675
200,Millage Request for 2026 Kalamazoo County Transportation Authority,2,No,139,"Kalamazoo City, Precinct 21",162
200,Millage Request for 2026 Kalamazoo County Transportation Authority,0,Over Votes,139,"Kalamazoo City, Precinct 21",0
200,Millage Request for 2026 Kalamazoo County Transportation Authority,0,Under Votes,139,"Kalamazoo City, Precinct 21",53
200,Millage Request for 2026 Kalamazoo County Transportation Authority,1,Yes,183,"Oshtemo Charter Township, Precinct 1",321
200,Millage Request for 2026 Kalamazoo County Transportation Authority,2,No,183,"Oshtemo Charter Township, Precinct 1",258
200,Millage Request for 2026 Kalamazoo County Transportation Authority,0,Over Votes,183,"Oshtemo Charter Township, Precinct 1",0
200,Millage Request for 2026 Kalamazoo County Transportation Authority,0,Under Votes,183,"Oshtemo Charter Township, Precinct 1",29
200,Millage Request for 2026 Kalamazoo County Transportation Authority,1,Yes,189,"Oshtemo Charter Township, Precinct 2",533
200,Millage Request for 2026 Kalamazoo County Transportation Authority,2,No,189,"Oshtemo Charter Township, Precinct 2",339
200,Millage Request for 2026 Kalamazoo County Transportation Authority,0,Over Votes,189,"Oshtemo Charter Township, Precinct 2",1
200,Millage Request for 2026 Kalamazoo County Transportation Authority,0,Under Votes,189,"Oshtemo Charter Township, Precinct 2",36
200,Millage Request for 2026 Kalamazoo County Transportation Authority,1,Yes,192,"Oshtemo Charter Township, Precinct 3",525
200,Millage Request for 2026 Kalamazoo County Transportation Authority,2,No,192,"Oshtemo Charter Township, Precinct 3",222
200,Millage Request for 2026 Kalamazoo County Transportation Authority,0,Over Votes,192,"Oshtemo Charter Township, Precinct 3",0
200,Millage Request for 2026 Kalamazoo County Transportation Authority,0,Under Votes,192,"Oshtemo Charter Township, Precinct 3",49
200,Millage Request for 2026 Kalamazoo County Transportation Authority,1,Yes,195,"Oshtemo Charter Township, Precinct 4",500
200,Millage Request for 2026 Kalamazoo County Transportation Authority,2,No,195,"Oshtemo Charter Township, Precinct 4",186
200,Millage Request for 2026 Kalamazoo County Transportation Authority,0,Over Votes,195,"Oshtemo Charter Township, Precinct 4",0
200,Millage Request for 2026 Kalamazoo County Transportation Authority,0,Under Votes,195,"Oshtemo Charter Township, Precinct 4",49
200,Millage Request for 2026 Kalamazoo County Transportation Authority,1,Yes,198,"Oshtemo Charter Township, Precinct 5",731
200,Millage Request for 2026 Kalamazoo County Transportation Authority,2,No,198,"Oshtemo Charter Township, Precinct 5",230
200,Millage Request for 2026 Kalamazoo County Transportation Authority,0,Over Votes,198,"Oshtemo Charter Township, Precinct 5",1
200,Millage Request for 2026 Kalamazoo County Transportation Authority,0,Under Votes,198,"Oshtemo Charter Township, Precinct 5",63
200,Millage Request for 2026 Kalamazoo County Transportation Authority,1,Yes,201,"Oshtemo Charter Township, Precinct 6",227
200,Millage Request for 2026 Kalamazoo County Transportation Authority,2,No,201,"Oshtemo Charter Township, Precinct 6",184
200,Millage Request for 2026 Kalamazoo County Transportation Authority,0,Over Votes,201,"Oshtemo Charter Township, Precinct 6",0
200,Millage Request for 2026 Kalamazoo County Transportation Authority,0,Under Votes,201,"Oshtemo Charter Township, Precinct 6",16
200,Millage Request for 2026 Kalamazoo County Transportation Authority,1,Yes,204,"Oshtemo Charter Township, Precinct 7",446
200,Millage Request for 2026 Kalamazoo County Transportation Authority,2,No,204,"Oshtemo Charter Township, Precinct 7",155
200,Millage Request for 2026 Kalamazoo County Transportation Authority,0,Over Votes,204,"Oshtemo Charter Township, Precinct 7",0
200,Millage Request for 2026 Kalamazoo County Transportation Authority,0,Under Votes,204,"Oshtemo Charter Township, Precinct 7",38
200,Millage Request for 2026 Kalamazoo County Transportation Authority,1,Yes,207,"Oshtemo Charter Township, Precinct 8",226
200,Millage Request for 2026 Kalamazoo County Transportation Authority,2,No,207,"Oshtemo Charter Township, Precinct 8",93
200,Millage Request for 2026 Kalamazoo County Transportation Authority,0,Over Votes,207,"Oshtemo Charter Township, Precinct 8",0
200,Millage Request for 2026 Kalamazoo County Transportation Authority,0,Under Votes,207,"Oshtemo Charter Township, Precinct 8",14
200,Millage Request for 2026 Kalamazoo County Transportation Authority,1,Yes,210,"Oshtemo Charter Township, Precinct 9",540
200,Millage Request for 2026 Kalamazoo County Transportation Authority,2,No,210,"Oshtemo Charter Township, Precinct 9",237
200,Millage Request for 2026 Kalamazoo County Transportation Authority,0,Over Votes,210,"Oshtemo Charter Township, Precinct 9",0
200,Millage Request for 2026 Kalamazoo County Transportation Authority,0,Under Votes,210,"Oshtemo Charter Township, Precinct 9",48
200,Millage Request for 2026 Kalamazoo County Transportation Authority,1,Yes,213,"Parchment City, Precinct 1",293
200,Millage Request for 2026 Kalamazoo County Transportation Authority,2,No,213,"Parchment City, Precinct 1",162
200,Millage Request for 2026 Kalamazoo County Transportation Authority,0,Over Votes,213,"Parchment City, Precinct 1",0
200,Millage Request for 2026 Kalamazoo County Transportation Authority,0,Under Votes,213,"Parchment City, Precinct 1",13
200,Millage Request for 2026 Kalamazoo County Transportation Authority,1,Yes,216,"Charter Township of Pavilion, Precinct 1",379
200,Millage Request for 2026 Kalamazoo County Transportation Authority,2,No,216,"Charter Township of Pavilion, Precinct 1",333
200,Millage Request for 2026 Kalamazoo County Transportation Authority,0,Over Votes,216,"Charter Township of Pavilion, Precinct 1",0
200,Millage Request for 2026 Kalamazoo County Transportation Authority,0,Under Votes,216,"Charter Township of Pavilion, Precinct 1",33
200,Millage Request for 2026 Kalamazoo County Transportation Authority,1,Yes,219,"Charter Township of Pavilion, Precinct 2",151
200,Millage Request for 2026 Kalamazoo County Transportation Authority,2,No,219,"Charter Township of Pavilion, Precinct 2",215
200,Millage Request for 2026 Kalamazoo County Transportation Authority,0,Over Votes,219,"Charter Township of Pavilion, Precinct 2",0
200,Millage Request for 2026 Kalamazoo County Transportation Authority,0,Under Votes,219,"Charter Township of Pavilion, Precinct 2",15
200,Millage Request for 2026 Kalamazoo County Transportation Authority,1,Yes,222,"Charter Township of Pavilion, Precinct 3",224
200,Millage Request for 2026 Kalamazoo County Transportation Authority,2,No,222,"Charter Township of Pavilion, Precinct 3",176
200,Millage Request for 2026 Kalamazoo County Transportation Authority,0,Over Votes,222,"Charter Township of Pavilion, Precinct 3",0
200,Millage Request for 2026 Kalamazoo County Transportation Authority,0,Under Votes,222,"Charter Township of Pavilion, Precinct 3",15
200,Millage Request for 2026 Kalamazoo County Transportation Authority,1,Yes,226,"Portage City, Precinct 1",610
200,Millage Request for 2026 Kalamazoo County Transportation Authority,2,No,226,"Portage City, Precinct 1",257
200,Millage Request for 2026 Kalamazoo County Transportation Authority,0,Over Votes,226,"Portage City, Precinct 1",0
200,Millage Request for 2026 Kalamazoo County Transportation Authority,0,Under Votes,226,"Portage City, Precinct 1",53
200,Millage Request for 2026 Kalamazoo County Transportation Authority,1,Yes,260,"Portage City, Precinct 2",223
200,Millage Request for 2026 Kalamazoo County Transportation Authority,2,No,260,"Portage City, Precinct 2",82
200,Millage Request for 2026 Kalamazoo County Transportation Authority,0,Over Votes,260,"Portage City, Precinct 2",0
200,Millage Request for 2026 Kalamazoo County Transportation Authority,0,Under Votes,260,"Portage City, Precinct 2",15
200,Millage Request for 2026 Kalamazoo County Transportation Authority,1,Yes,264,"Portage City, Precinct 3",976
200,Millage Request for 2026 Kalamazoo County Transportation Authority,2,No,264,"Portage City, Precinct 3",525
200,Millage Request for 2026 Kalamazoo County Transportation Authority,0,Over Votes,264,"Portage City, Precinct 3",0
200,Millage Request for 2026 Kalamazoo County Transportation Authority,0,Under Votes,264,"Portage City, Precinct 3",77
200,Millage Request for 2026 Kalamazoo County Transportation Authority,1,Yes,267,"Portage City, Precinct 4",763
200,Millage Request for 2026 Kalamazoo County Transportation Authority,2,No,267,"Portage City, Precinct 4",643
200,Millage Request for 2026 Kalamazoo County Transportation Authority,0,Over Votes,267,"Portage City, Precinct 4",0
200,Millage Request for 2026 Kalamazoo County Transportation Authority,0,Under Votes,267,"Portage City, Precinct 4",101
200,Millage Request for 2026 Kalamazoo County Transportation Authority,1,Yes,271,"Portage City, Precinct 5",1120
200,Millage Request for 2026 Kalamazoo County Transportation Authority,2,No,271,"Portage City, Precinct 5",618
200,Millage Request for 2026 Kalamazoo County Transportation Authority,0,Over Votes,271,"Portage City, Precinct 5",0
200,Millage Request for 2026 Kalamazoo County Transportation Authority,0,Under Votes,271,"Portage City, Precinct 5",86
200,Millage Request for 2026 Kalamazoo County Transportation Authority,1,Yes,274,"Portage City, Precinct 6",621
200,Millage Request for 2026 Kalamazoo County Transportation Authority,2,No,274,"Portage City, Precinct 6",292
200,Millage Request for 2026 Kalamazoo County Transportation Authority,0,Over Votes,274,"Portage City, Precinct 6",0
200,Millage Request for 2026 Kalamazoo County Transportation Authority,0,Under Votes,274,"Portage City, Precinct 6",50
200,Millage Request for 2026 Kalamazoo County Transportation Authority,1,Yes,277,"Portage City, Precinct 7",660
200,Millage Request for 2026 Kalamazoo County Transportation Authority,2,No,277,"Portage City, Precinct 7",333
200,Millage Request for 2026 Kalamazoo County Transportation Authority,0,Over Votes,277,"Portage City, Precinct 7",0
200,Millage Request for 2026 Kalamazoo County Transportation Authority,0,Under Votes,277,"Portage City, Precinct 7",61
200,Millage Request for 2026 Kalamazoo County Transportation Authority,1,Yes,280,"Portage City, Precinct 8",975
200,Millage Request for 2026 Kalamazoo County Transportation Authority,2,No,280,"Portage City, Precinct 8",423
200,Millage Request for 2026 Kalamazoo County Transportation Authority,0,Over Votes,280,"Portage City, Precinct 8",0
200,Millage Request for 2026 Kalamazoo County Transportation Authority,0,Under Votes,280,"Portage City, Precinct 8",55
200,Millage Request for 2026 Kalamazoo County Transportation Authority,1,Yes,283,"Portage City, Precinct 9",515
200,Millage Request for 2026 Kalamazoo County Transportation Authority,2,No,283,"Portage City, Precinct 9",216
200,Millage Request for 2026 Kalamazoo County Transportation Authority,0,Over Votes,283,"Portage City, Precinct 9",0
200,Millage Request for 2026 Kalamazoo County Transportation Authority,0,Under Votes,283,"Portage City, Precinct 9",55
200,Millage Request for 2026 Kalamazoo County Transportation Authority,1,Yes,229,"Portage City, Precinct 10",822
200,Millage Request for 2026 Kalamazoo County Transportation Authority,2,No,229,"Portage City, Precinct 10",485
200,Millage Request for 2026 Kalamazoo County Transportation Authority,0,Over Votes,229,"Portage City, Precinct 10",1
200,Millage Request for 2026 Kalamazoo County Transportation Authority,0,Under Votes,229,"Portage City, Precinct 10",87
200,Millage Request for 2026 Kalamazoo County Transportation Authority,1,Yes,233,"Portage City, Precinct 11",563
200,Millage Request for 2026 Kalamazoo County Transportation Authority,2,No,233,"Portage City, Precinct 11",278
200,Millage Request for 2026 Kalamazoo County Transportation Authority,0,Over Votes,233,"Portage City, Precinct 11",0
200,Millage Request for 2026 Kalamazoo County Transportation Authority,0,Under Votes,233,"Portage City, Precinct 11",55
200,Millage Request for 2026 Kalamazoo County Transportation Authority,1,Yes,236,"Portage City, Precinct 12",433
200,Millage Request for 2026 Kalamazoo County Transportation Authority,2,No,236,"Portage City, Precinct 12",199
200,Millage Request for 2026 Kalamazoo County Transportation Authority,0,Over Votes,236,"Portage City, Precinct 12",0
200,Millage Request for 2026 Kalamazoo County Transportation Authority,0,Under Votes,236,"Portage City, Precinct 12",23
200,Millage Request for 2026 Kalamazoo County Transportation Authority,1,Yes,239,"Portage City, Precinct 13",796
200,Millage Request for 2026 Kalamazoo County Transportation Authority,2,No,239,"Portage City, Precinct 13",405
200,Millage Request for 2026 Kalamazoo County Transportation Authority,0,Over Votes,239,"Portage City, Precinct 13",0
200,Millage Request for 2026 Kalamazoo County Transportation Authority,0,Under Votes,239,"Portage City, Precinct 13",89
200,Millage Request for 2026 Kalamazoo County Transportation Authority,1,Yes,286,"Prairie Ronde Township, Precinct 1",315
200,Millage Request for 2026 Kalamazoo County Transportation Authority,2,No,286,"Prairie Ronde Township, Precinct 1",366
200,Millage Request for 2026 Kalamazoo County Transportation Authority,0,Over Votes,286,"Prairie Ronde Township, Precinct 1",0
200,Millage Request for 2026 Kalamazoo County Transportation Authority,0,Under Votes,286,"Prairie Ronde Township, Precinct 1",50
200,Millage Request for 2026 Kalamazoo County Transportation Authority,1,Yes,290,"Richland Township, Precinct 1",607
200,Millage Request for 2026 Kalamazoo County Transportation Authority,2,No,290,"Richland Township, Precinct 1",476
200,Millage Request for 2026 Kalamazoo County Transportation Authority,0,Over Votes,290,"Richland Township, Precinct 1",0
200,Millage Request for 2026 Kalamazoo County Transportation Authority,0,Under Votes,290,"Richland Township, Precinct 1",65
200,Millage Request for 2026 Kalamazoo County Transportation Authority,1,Yes,293,"Richland Township, Precinct 2",759
200,Millage Request for 2026 Kalamazoo County Transportation Authority,2,No,293,"Richland Township, Precinct 2",610
200,Millage Request for 2026 Kalamazoo County Transportation Authority,0,Over Votes,293,"Richland Township, Precinct 2",0
200,Millage Request for 2026 Kalamazoo County Transportation Authority,0,Under Votes,293,"Richland Township, Precinct 2",100
200,Millage Request for 2026 Kalamazoo County Transportation Authority,1,Yes,299,"Ross Township, Precinct 1",329
200,Millage Request for 2026 Kalamazoo County Transportation Authority,2,No,299,"Ross Township, Precinct 1",381
200,Millage Request for 2026 Kalamazoo County Transportation Authority,0,Over Votes,299,"Ross Township, Precinct 1",0
200,Millage Request for 2026 Kalamazoo County Transportation Authority,0,Under Votes,299,"Ross Township, Precinct 1",25
200,Millage Request for 2026 Kalamazoo County Transportation Authority,1,Yes,302,"Ross Township, Precinct 2",453
200,Millage Request for 2026 Kalamazoo County Transportation Authority,2,No,302,"Ross Township, Precinct 2",449
200,Millage Request for 2026 Kalamazoo County Transportation Authority,0,Over Votes,302,"Ross Township, Precinct 2",0
200,Millage Request for 2026 Kalamazoo County Transportation Authority,0,Under Votes,302,"Ross Township, Precinct 2",48
200,Millage Request for 2026 Kalamazoo County Transportation Authority,1,Yes,305,"Schoolcraft Township, Precinct 1",296
200,Millage Request for 2026 Kalamazoo County Transportation Authority,2,No,305,"Schoolcraft Township, Precinct 1",256
200,Millage Request for 2026 Kalamazoo County Transportation Authority,0,Over Votes,305,"Schoolcraft Township, Precinct 1",0
200,Millage Request for 2026 Kalamazoo County Transportation Authority,0,Under Votes,305,"Schoolcraft Township, Precinct 1",30
200,Millage Request for 2026 Kalamazoo County Transportation Authority,1,Yes,308,"Schoolcraft Township, Precinct 2",198
200,Millage Request for 2026 Kalamazoo County Transportation Authority,2,No,308,"Schoolcraft Township, Precinct 2",113
200,Millage Request for 2026 Kalamazoo County Transportation Authority,0,Over Votes,308,"Schoolcraft Township, Precinct 2",0
200,Millage Request for 2026 Kalamazoo County Transportation Authority,0,Under Votes,308,"Schoolcraft Township, Precinct 2",11
200,Millage Request for 2026 Kalamazoo County Transportation Authority,1,Yes,311,"Schoolcraft Township, Precinct 3",581
200,Millage Request for 2026 Kalamazoo County Transportation Authority,2,No,311,"Schoolcraft Township, Precinct 3",336
200,Millage Request for 2026 Kalamazoo County Transportation Authority,0,Over Votes,311,"Schoolcraft Township, Precinct 3",0
200,Millage Request for 2026 Kalamazoo County Transportation Authority,0,Under Votes,311,"Schoolcraft Township, Precinct 3",46
200,Millage Request for 2026 Kalamazoo County Transportation Authority,1,Yes,314,"Schoolcraft Township, Precinct 4",241
200,Millage Request for 2026 Kalamazoo County Transportation Authority,2,No,314,"Schoolcraft Township, Precinct 4",210
200,Millage Request for 2026 Kalamazoo County Transportation Authority,0,Over Votes,314,"Schoolcraft Township, Precinct 4",0
200,Millage Request for 2026 Kalamazoo County Transportation Authority,0,Under Votes,314,"Schoolcraft Township, Precinct 4",19
200,Millage Request for 2026 Kalamazoo County Transportation Authority,1,Yes,317,"Texas Charter Township, Precinct 1",402
200,Millage Request for 2026 Kalamazoo County Transportation Authority,2,No,317,"Texas Charter Township, Precinct 1",373
200,Millage Request for 2026 Kalamazoo County Transportation Authority,0,Over Votes,317,"Texas Charter Township, Precinct 1",0
200,Millage Request for 2026 Kalamazoo County Transportation Authority,0,Under Votes,317,"Texas Charter Township, Precinct 1",38
200,Millage Request for 2026 Kalamazoo County Transportation Authority,1,Yes,320,"Texas Charter Township, Precinct 2",421
200,Millage Request for 2026 Kalamazoo County Transportation Authority,2,No,320,"Texas Charter Township, Precinct 2",330
200,Millage Request for 2026 Kalamazoo County Transportation Authority,0,Over Votes,320,"Texas Charter Township, Precinct 2",0
200,Millage Request for 2026 Kalamazoo County Transportation Authority,0,Under Votes,320,"Texas Charter Township, Precinct 2",35
200,Millage Request for 2026 Kalamazoo County Transportation Authority,1,Yes,323,"Texas Charter Township, Precinct 3",528
200,Millage Request for 2026 Kalamazoo County Transportation Authority,2,No,323,"Texas Charter Township, Precinct 3",207
200,Millage Request for 2026 Kalamazoo County Transportation Authority,0,Over Votes,323,"Texas Charter Township, Precinct 3",0
200,Millage Request for 2026 Kalamazoo County Transportation Authority,0,Under Votes,323,"Texas Charter Township, Precinct 3",22
200,Millage Request for 2026 Kalamazoo County Transportation Authority,1,Yes,326,"Texas Charter Township, Precinct 4",651
200,Millage Request for 2026 Kalamazoo County Transportation Authority,2,No,326,"Texas Charter Township, Precinct 4",407
200,Millage Request for 2026 Kalamazoo County Transportation Authority,0,Over Votes,326,"Texas Charter Township, Precinct 4",0
200,Millage Request for 2026 Kalamazoo County Transportation Authority,0,Under Votes,326,"Texas Charter Township, Precinct 4",41
200,Millage Request for 2026 Kalamazoo County Transportation Authority,1,Yes,329,"Texas Charter Township, Precinct 5",728
200,Millage Request for 2026 Kalamazoo County Transportation Authority,2,No,329,"Texas Charter Township, Precinct 5",504
200,Millage Request for 2026 Kalamazoo County Transportation Authority,0,Over Votes,329,"Texas Charter Township, Precinct 5",0
200,Millage Request for 2026 Kalamazoo County Transportation Authority,0,Under Votes,329,"Texas Charter Township, Precinct 5",60
200,Millage Request for 2026 Kalamazoo County Transportation Authority,1,Yes,333,"Texas Charter Township, Precinct 6",599
200,Millage Request for 2026 Kalamazoo County Transportation Authority,2,No,333,"Texas Charter Township, Precinct 6",496
200,Millage Request for 2026 Kalamazoo County Transportation Authority,0,Over Votes,333,"Texas Charter Township, Precinct 6",0
200,Millage Request for 2026 Kalamazoo County Transportation Authority,0,Under Votes,333,"Texas Charter Township, Precinct 6",55
200,Millage Request for 2026 Kalamazoo County Transportation Authority,1,Yes,336,"Wakeshma Township, Precinct 1",91
200,Millage Request for 2026 Kalamazoo County Transportation Authority,2,No,336,"Wakeshma Township, Precinct 1",179
200,Millage Request for 2026 Kalamazoo County Transportation Authority,0,Over Votes,336,"Wakeshma Township, Precinct 1",0
200,Millage Request for 2026 Kalamazoo County Transportation Authority,0,Under Votes,336,"Wakeshma Township, Precinct 1",9
201,Fire Department Millage Proposal Texas Charter Township,1,Yes,317,"Texas Charter Township, Precinct 1",417
201,Fire Department Millage Proposal Texas Charter Township,2,No,317,"Texas Charter Township, Precinct 1",364
201,Fire Department Millage Proposal Texas Charter Township,0,Over Votes,317,"Texas Charter Township, Precinct 1",0
201,Fire Department Millage Proposal Texas Charter Township,0,Under Votes,317,"Texas Charter Township, Precinct 1",32
201,Fire Department Millage Proposal Texas Charter Township,1,Yes,320,"Texas Charter Township, Precinct 2",443
201,Fire Department Millage Proposal Texas Charter Township,2,No,320,"Texas Charter Township, Precinct 2",313
201,Fire Department Millage Proposal Texas Charter Township,0,Over Votes,320,"Texas Charter Township, Precinct 2",0
201,Fire Department Millage Proposal Texas Charter Township,0,Under Votes,320,"Texas Charter Township, Precinct 2",30
201,Fire Department Millage Proposal Texas Charter Township,1,Yes,323,"Texas Charter Township, Precinct 3",487
201,Fire Department Millage Proposal Texas Charter Township,2,No,323,"Texas Charter Township, Precinct 3",232
201,Fire Department Millage Proposal Texas Charter Township,0,Over Votes,323,"Texas Charter Township, Precinct 3",0
201,Fire Department Millage Proposal Texas Charter Township,0,Under Votes,323,"Texas Charter Township, Precinct 3",38
201,Fire Department Millage Proposal Texas Charter Township,1,Yes,326,"Texas Charter Township, Precinct 4",646
201,Fire Department Millage Proposal Texas Charter Township,2,No,326,"Texas Charter Township, Precinct 4",384
201,Fire Department Millage Proposal Texas Charter Township,0,Over Votes,326,"Texas Charter Township, Precinct 4",0
201,Fire Department Millage Proposal Texas Charter Township,0,Under Votes,326,"Texas Charter Township, Precinct 4",69
201,Fire Department Millage Proposal Texas Charter Township,1,Yes,329,"Texas Charter Township, Precinct 5",756
201,Fire Department Millage Proposal Texas Charter Township,2,No,329,"Texas Charter Township, Precinct 5",458
201,Fire Department Millage Proposal Texas Charter Township,0,Over Votes,329,"Texas Charter Township, Precinct 5",0
201,Fire Department Millage Proposal Texas Charter Township,0,Under Votes,329,"Texas Charter Township, Precinct 5",78
201,Fire Department Millage Proposal Texas Charter Township,1,Yes,333,"Texas Charter Township, Precinct 6",578
201,Fire Department Millage Proposal Texas Charter Township,2,No,333,"Texas Charter Township, Precinct 6",510
201,Fire Department Millage Proposal Texas Charter Township,0,Over Votes,333,"Texas Charter Township, Precinct 6",0
201,Fire Department Millage Proposal Texas Charter Township,0,Under Votes,333,"Texas Charter Township, Precinct 6",62
202,Operating Millage Proposal Athens Area Schools,1,Yes,336,"Wakeshma Township, Precinct 1",26
202,Operating Millage Proposal Athens Area Schools,2,No,336,"Wakeshma Township, Precinct 1",22
202,Operating Millage Proposal Athens Area Schools,0,Over Votes,336,"Wakeshma Township, Precinct 1",0
202,Operating Millage Proposal Athens Area Schools,0,Under Votes,336,"Wakeshma Township, Precinct 1",5
203,Operating Millage Proposal Lawton Community Schools,1,Yes,286,"Prairie Ronde Township, Precinct 1",6
203,Operating Millage Proposal Lawton Community Schools,2,No,286,"Prairie Ronde Township, Precinct 1",5
203,Operating Millage Proposal Lawton Community Schools,0,Over Votes,286,"Prairie Ronde Township, Precinct 1",0
203,Operating Millage Proposal Lawton Community Schools,0,Under Votes,286,"Prairie Ronde Township, Precinct 1",2
204,Operating Millage Renewal Proposal Plainwell Community Schools,1,Yes,14,"Alamo Township, Precinct 2",61
204,Operating Millage Renewal Proposal Plainwell Community Schools,2,No,14,"Alamo Township, Precinct 2",103
204,Operating Millage Renewal Proposal Plainwell Community Schools,0,Over Votes,14,"Alamo Township, Precinct 2",0
204,Operating Millage Renewal Proposal Plainwell Community Schools,0,Under Votes,14,"Alamo Township, Precinct 2",8
204,Operating Millage Renewal Proposal Plainwell Community Schools,1,Yes,50,"Cooper Charter Township, Precinct 1",211
204,Operating Millage Renewal Proposal Plainwell Community Schools,2,No,50,"Cooper Charter Township, Precinct 1",197
204,Operating Millage Renewal Proposal Plainwell Community Schools,0,Over Votes,50,"Cooper Charter Township, Precinct 1",0
204,Operating Millage Renewal Proposal Plainwell Community Schools,0,Under Votes,50,"Cooper Charter Township, Precinct 1",10
204,Operating Millage Renewal Proposal Plainwell Community Schools,1,Yes,54,"Cooper Charter Township, Precinct 2",88
204,Operating Millage Renewal Proposal Plainwell Community Schools,2,No,54,"Cooper Charter Township, Precinct 2",77
204,Operating Millage Renewal Proposal Plainwell Community Schools,0,Over Votes,54,"Cooper Charter Township, Precinct 2",0
204,Operating Millage Renewal Proposal Plainwell Community Schools,0,Under Votes,54,"Cooper Charter Township, Precinct 2",3
204,Operating Millage Renewal Proposal Plainwell Community Schools,1,Yes,62,"Cooper Charter Township, Precinct 4",429
204,Operating Millage Renewal Proposal Plainwell Community Schools,2,No,62,"Cooper Charter Township, Precinct 4",398
204,Operating Millage Renewal Proposal Plainwell Community Schools,0,Over Votes,62,"Cooper Charter Township, Precinct 4",0
204,Operating Millage Renewal Proposal Plainwell Community Schools,0,Under Votes,62,"Cooper Charter Township, Precinct 4",26
205,Library Millage Proposal Otsego District Public Library,1,Yes,11,"Alamo Township, Precinct 1",208
205,Library Millage Proposal Otsego District Public Library,2,No,11,"Alamo Township, Precinct 1",263
205,Library Millage Proposal Otsego District Public Library,0,Over Votes,11,"Alamo Township, Precinct 1",0
205,Library Millage Proposal Otsego District Public Library,0,Under Votes,11,"Alamo Township, Precinct 1",21
205,Library Millage Proposal Otsego District Public Library,1,Yes,14,"Alamo Township, Precinct 2",351
205,Library Millage Proposal Otsego District Public Library,2,No,14,"Alamo Township, Precinct 2",424
205,Library Millage Proposal Otsego District Public Library,0,Over Votes,14,"Alamo Township, Precinct 2",0
205,Library Millage Proposal Otsego District Public Library,0,Under Votes,14,"Alamo Township, Precinct 2",39
