Contest,Ballot Item ID,Precinct,Candidate/Choice,Party,Total Votes,Election Day,AV Counting Boards,Early Voting
"Delegate to County Convention for Lee Township, Precinct 2 (DEM)",01000000-5ca2-fec1-bd5a-08dedc55e1d8,"Lee Township, Precinct 2",Write-in,Democrat,15,13,0,2
"Delegate to County Convention for City of Midland, Ward 5, Precinct 9 (REP)",01000000-5ca2-fec1-d25a-08dedc55e1d8,"City of Midland, Ward 5, Precinct 9",Diane M. Bristol,Republican,166,78,86,2
"Delegate to County Convention for City of Midland, Ward 5, Precinct 9 (REP)",01000000-5ca2-fec1-d25a-08dedc55e1d8,"City of Midland, Ward 5, Precinct 9",Luke Derheim,Republican,154,76,76,2
"Delegate to County Convention for City of Midland, Ward 5, Precinct 9 (REP)",01000000-5ca2-fec1-d25a-08dedc55e1d8,"City of Midland, Ward 5, Precinct 9",Annette Glenn,Republican,247,134,109,4
"Delegate to County Convention for City of Midland, Ward 5, Precinct 9 (REP)",01000000-5ca2-fec1-d25a-08dedc55e1d8,"City of Midland, Ward 5, Precinct 9",Bill Lauderbach,Republican,194,95,97,2
"Delegate to County Convention for City of Midland, Ward 5, Precinct 9 (REP)",01000000-5ca2-fec1-d25a-08dedc55e1d8,"City of Midland, Ward 5, Precinct 9",John Charles Levy,Republican,169,84,83,2
"Delegate to County Convention for City of Midland, Ward 5, Precinct 9 (REP)",01000000-5ca2-fec1-d25a-08dedc55e1d8,"City of Midland, Ward 5, Precinct 9",Chris Moultrup,Republican,159,78,79,2
"Delegate to County Convention for City of Midland, Ward 5, Precinct 9 (REP)",01000000-5ca2-fec1-d25a-08dedc55e1d8,"City of Midland, Ward 5, Precinct 9",Write-in,Republican,0,0,0,0
"Delegate to County Convention for City of Midland, Ward 5, Precinct 10 (DEM)",01000000-5ca2-fec1-b781-08dedc55e1d8,"City of Midland, Ward 5, Precinct 10",Kathleen Curell,Democrat,589,191,369,29
"Delegate to County Convention for City of Midland, Ward 5, Precinct 10 (DEM)",01000000-5ca2-fec1-b781-08dedc55e1d8,"City of Midland, Ward 5, Precinct 10",S. Michael Curell,Democrat,498,157,316,25
"Delegate to County Convention for City of Midland, Ward 5, Precinct 10 (DEM)",01000000-5ca2-fec1-b781-08dedc55e1d8,"City of Midland, Ward 5, Precinct 10",Jacob Sinclair,Democrat,552,178,341,33
"Delegate to County Convention for City of Midland, Ward 5, Precinct 10 (DEM)",01000000-5ca2-fec1-b781-08dedc55e1d8,"City of Midland, Ward 5, Precinct 10",Write-in,Democrat,7,3,0,4
"Delegate to County Convention for Homer Township, Precinct 1 (DEM)",01000000-5ca2-fec1-b928-08dedc55e1d8,"Homer Township, Precinct 1",Write-in,Democrat,13,12,0,1
Representative in Congress 8th District (DEM),01000000-5ca2-fec1-a847-08dedc55e1d8,"City of Midland, Ward 1, Precinct 1",Kristen McDonald Rivet,Democrat,565,191,353,21
Representative in Congress 8th District (DEM),01000000-5ca2-fec1-a847-08dedc55e1d8,"City of Midland, Ward 1, Precinct 1",Write-in,Democrat,3,3,0,0
Representative in Congress 8th District (DEM),01000000-5ca2-fec1-a847-08dedc55e1d8,"City of Midland, Ward 1, Precinct 2",Kristen McDonald Rivet,Democrat,431,145,255,31
Representative in Congress 8th District (DEM),01000000-5ca2-fec1-a847-08dedc55e1d8,"City of Midland, Ward 1, Precinct 2",Write-in,Democrat,1,1,0,0
Representative in Congress 8th District (DEM),01000000-5ca2-fec1-a847-08dedc55e1d8,"City of Midland, Ward 2, Precinct 3",Kristen McDonald Rivet,Democrat,516,147,341,28
Representative in Congress 8th District (DEM),01000000-5ca2-fec1-a847-08dedc55e1d8,"City of Midland, Ward 2, Precinct 3",Write-in,Democrat,5,4,0,1
Representative in Congress 8th District (DEM),01000000-5ca2-fec1-a847-08dedc55e1d8,"City of Midland, Ward 2, Precinct 4",Kristen McDonald Rivet,Democrat,770,243,481,46
Representative in Congress 8th District (DEM),01000000-5ca2-fec1-a847-08dedc55e1d8,"City of Midland, Ward 2, Precinct 4",Write-in,Democrat,4,4,0,0
Representative in Congress 8th District (DEM),01000000-5ca2-fec1-a847-08dedc55e1d8,"City of Midland, Ward 3, Precinct 5",Kristen McDonald Rivet,Democrat,599,195,367,37
Representative in Congress 8th District (DEM),01000000-5ca2-fec1-a847-08dedc55e1d8,"City of Midland, Ward 3, Precinct 5",Write-in,Democrat,2,2,0,0
Representative in Congress 8th District (DEM),01000000-5ca2-fec1-a847-08dedc55e1d8,"City of Midland, Ward 3, Precinct 6",Kristen McDonald Rivet,Democrat,736,216,503,17
Representative in Congress 8th District (DEM),01000000-5ca2-fec1-a847-08dedc55e1d8,"City of Midland, Ward 3, Precinct 6",Write-in,Democrat,2,2,0,0
Representative in Congress 8th District (DEM),01000000-5ca2-fec1-a847-08dedc55e1d8,"City of Midland, Ward 4, Precinct 7",Kristen McDonald Rivet,Democrat,753,218,502,33
Representative in Congress 8th District (DEM),01000000-5ca2-fec1-a847-08dedc55e1d8,"City of Midland, Ward 4, Precinct 7",Write-in,Democrat,2,2,0,0
Representative in Congress 8th District (DEM),01000000-5ca2-fec1-a847-08dedc55e1d8,"City of Midland, Ward 4, Precinct 8",Kristen McDonald Rivet,Democrat,762,225,508,29
Representative in Congress 8th District (DEM),01000000-5ca2-fec1-a847-08dedc55e1d8,"City of Midland, Ward 4, Precinct 8",Write-in,Democrat,3,2,0,1
Representative in Congress 8th District (DEM),01000000-5ca2-fec1-a847-08dedc55e1d8,"City of Midland, Ward 5, Precinct 9",Kristen McDonald Rivet,Democrat,769,251,493,25
Representative in Congress 8th District (DEM),01000000-5ca2-fec1-a847-08dedc55e1d8,"City of Midland, Ward 5, Precinct 9",Write-in,Democrat,2,2,0,0
Representative in Congress 8th District (DEM),01000000-5ca2-fec1-a847-08dedc55e1d8,"City of Midland, Ward 5, Precinct 10",Kristen McDonald Rivet,Democrat,790,265,489,36
Representative in Congress 8th District (DEM),01000000-5ca2-fec1-a847-08dedc55e1d8,"City of Midland, Ward 5, Precinct 10",Write-in,Democrat,6,5,0,1
Representative in Congress 8th District (DEM),01000000-5ca2-fec1-a847-08dedc55e1d8,"Homer Township, Precinct 1",Kristen McDonald Rivet,Democrat,187,183,0,4
Representative in Congress 8th District (DEM),01000000-5ca2-fec1-a847-08dedc55e1d8,"Homer Township, Precinct 1",Write-in,Democrat,0,0,0,0
Representative in Congress 8th District (DEM),01000000-5ca2-fec1-a847-08dedc55e1d8,"Homer Township, Precinct 2",Kristen McDonald Rivet,Democrat,131,128,0,3
Representative in Congress 8th District (DEM),01000000-5ca2-fec1-a847-08dedc55e1d8,"Homer Township, Precinct 2",Write-in,Democrat,0,0,0,0
Representative in Congress 8th District (DEM),01000000-5ca2-fec1-a847-08dedc55e1d8,"Homer Township, Precinct 3",Kristen McDonald Rivet,Democrat,213,203,0,10
Representative in Congress 8th District (DEM),01000000-5ca2-fec1-a847-08dedc55e1d8,"Homer Township, Precinct 3",Write-in,Democrat,1,0,0,1
Representative in Congress 8th District (DEM),01000000-5ca2-fec1-a847-08dedc55e1d8,"Hope Township, Precinct 1",Kristen McDonald Rivet,Democrat,126,126,0,0
Representative in Congress 8th District (DEM),01000000-5ca2-fec1-a847-08dedc55e1d8,"Hope Township, Precinct 1",Write-in,Democrat,1,1,0,0
Representative in Congress 8th District (DEM),01000000-5ca2-fec1-a847-08dedc55e1d8,"Ingersoll Township, Precinct 1",Kristen McDonald Rivet,Democrat,162,159,0,3
Representative in Congress 8th District (DEM),01000000-5ca2-fec1-a847-08dedc55e1d8,"Ingersoll Township, Precinct 1",Write-in,Democrat,5,5,0,0
Representative in Congress 8th District (DEM),01000000-5ca2-fec1-a847-08dedc55e1d8,"Ingersoll Township, Precinct 2",Kristen McDonald Rivet,Democrat,112,109,0,3
Representative in Congress 8th District (DEM),01000000-5ca2-fec1-a847-08dedc55e1d8,"Ingersoll Township, Precinct 2",Write-in,Democrat,0,0,0,0
Representative in Congress 8th District (DEM),01000000-5ca2-fec1-a847-08dedc55e1d8,"Jerome Township, Precinct 1",Kristen McDonald Rivet,Democrat,285,58,219,8
Representative in Congress 8th District (DEM),01000000-5ca2-fec1-a847-08dedc55e1d8,"Jerome Township, Precinct 1",Write-in,Democrat,3,3,0,0
Representative in Congress 8th District (DEM),01000000-5ca2-fec1-a847-08dedc55e1d8,"Jerome Township, Precinct 2",Kristen McDonald Rivet,Democrat,223,55,158,10
Representative in Congress 8th District (DEM),01000000-5ca2-fec1-a847-08dedc55e1d8,"Jerome Township, Precinct 2",Write-in,Democrat,1,1,0,0
Representative in Congress 8th District (DEM),01000000-5ca2-fec1-a847-08dedc55e1d8,"Larkin Township, Precinct 1",Kristen McDonald Rivet,Democrat,253,85,158,10
Representative in Congress 8th District (DEM),01000000-5ca2-fec1-a847-08dedc55e1d8,"Larkin Township, Precinct 1",Write-in,Democrat,4,3,1,0
Representative in Congress 8th District (DEM),01000000-5ca2-fec1-a847-08dedc55e1d8,"Larkin Township, Precinct 2",Kristen McDonald Rivet,Democrat,374,138,216,20
Representative in Congress 8th District (DEM),01000000-5ca2-fec1-a847-08dedc55e1d8,"Larkin Township, Precinct 2",Write-in,Democrat,2,1,1,0
Representative in Congress 8th District (DEM),01000000-5ca2-fec1-a847-08dedc55e1d8,"Lee Township, Precinct 1",Kristen McDonald Rivet,Democrat,162,154,0,8
Representative in Congress 8th District (DEM),01000000-5ca2-fec1-a847-08dedc55e1d8,"Lee Township, Precinct 1",Write-in,Democrat,1,1,0,0
Representative in Congress 8th District (DEM),01000000-5ca2-fec1-a847-08dedc55e1d8,"Lee Township, Precinct 2",Kristen McDonald Rivet,Democrat,151,149,0,2
Representative in Congress 8th District (DEM),01000000-5ca2-fec1-a847-08dedc55e1d8,"Lee Township, Precinct 2",Write-in,Democrat,2,2,0,0
Representative in Congress 8th District (DEM),01000000-5ca2-fec1-a847-08dedc55e1d8,"Lincoln Township, Precinct 1",Kristen McDonald Rivet,Democrat,310,293,0,17
Representative in Congress 8th District (DEM),01000000-5ca2-fec1-a847-08dedc55e1d8,"Lincoln Township, Precinct 1",Write-in,Democrat,5,5,0,0
Representative in Congress 8th District (DEM),01000000-5ca2-fec1-a847-08dedc55e1d8,"Midland Township, Precinct 1",Kristen McDonald Rivet,Democrat,236,231,0,5
Representative in Congress 8th District (DEM),01000000-5ca2-fec1-a847-08dedc55e1d8,"Midland Township, Precinct 1",Write-in,Democrat,1,1,0,0
Representative in Congress 8th District (DEM),01000000-5ca2-fec1-a847-08dedc55e1d8,"Mills Township, Precinct 1",Kristen McDonald Rivet,Democrat,182,172,0,10
Representative in Congress 8th District (DEM),01000000-5ca2-fec1-a847-08dedc55e1d8,"Mills Township, Precinct 1",Write-in,Democrat,0,0,0,0
Representative in Congress 8th District (DEM),01000000-5ca2-fec1-a847-08dedc55e1d8,"Mt. Haley Township, Precinct 1",Kristen McDonald Rivet,Democrat,199,182,0,17
Representative in Congress 8th District (DEM),01000000-5ca2-fec1-a847-08dedc55e1d8,"Mt. Haley Township, Precinct 1",Write-in,Democrat,1,1,0,0
Representative in Congress 8th District (DEM),01000000-5ca2-fec1-a847-08dedc55e1d8,"Porter Township, Precinct 1",Kristen McDonald Rivet,Democrat,112,110,0,2
Representative in Congress 8th District (DEM),01000000-5ca2-fec1-a847-08dedc55e1d8,"Porter Township, Precinct 1",Write-in,Democrat,0,0,0,0
"Delegate to County Convention for Midland Township, Precinct 1 (REP)",01000000-5ca2-fec1-e15c-08dedc55e1d8,"Midland Township, Precinct 1",Ken Mault,Republican,213,207,0,6
"Delegate to County Convention for Midland Township, Precinct 1 (REP)",01000000-5ca2-fec1-e15c-08dedc55e1d8,"Midland Township, Precinct 1",Write-in,Republican,1,1,0,0
"Delegate to County Convention for Warren Township, Precinct 1 (REP)",01000000-5ca2-fec1-e3ab-08dedc55e1d8,"Warren Township, Precinct 1",Jenny Anway,Republican,181,180,0,1
"Delegate to County Convention for Warren Township, Precinct 1 (REP)",01000000-5ca2-fec1-e3ab-08dedc55e1d8,"Warren Township, Precinct 1",Stanley Anway,Republican,182,182,0,0
"Delegate to County Convention for Warren Township, Precinct 1 (REP)",01000000-5ca2-fec1-e3ab-08dedc55e1d8,"Warren Township, Precinct 1",Write-in,Republican,3,3,0,0
Governor (REP),01000000-5ca2-fec1-bfbd-08dedc55e1d8,"City of Coleman, Precinct 1",Mike Cox,Republican,19,16,0,3
Governor (REP),01000000-5ca2-fec1-bfbd-08dedc55e1d8,"City of Coleman, Precinct 1",John James,Republican,62,59,0,3
Governor (REP),01000000-5ca2-fec1-bfbd-08dedc55e1d8,"City of Coleman, Precinct 1",Perry Johnson,Republican,34,32,0,2
Governor (REP),01000000-5ca2-fec1-bfbd-08dedc55e1d8,"City of Coleman, Precinct 1",Aric Nesbitt,Republican,1,1,0,0
Governor (REP),01000000-5ca2-fec1-bfbd-08dedc55e1d8,"City of Coleman, Precinct 1",Write-in,Republican,0,0,0,0
Governor (REP),01000000-5ca2-fec1-bfbd-08dedc55e1d8,"City of Midland, Ward 1, Precinct 1",Mike Cox,Republican,38,18,20,0
Governor (REP),01000000-5ca2-fec1-bfbd-08dedc55e1d8,"City of Midland, Ward 1, Precinct 1",John James,Republican,177,94,66,17
Governor (REP),01000000-5ca2-fec1-bfbd-08dedc55e1d8,"City of Midland, Ward 1, Precinct 1",Perry Johnson,Republican,99,44,53,2
Governor (REP),01000000-5ca2-fec1-bfbd-08dedc55e1d8,"City of Midland, Ward 1, Precinct 1",Aric Nesbitt,Republican,4,0,4,0
Governor (REP),01000000-5ca2-fec1-bfbd-08dedc55e1d8,"City of Midland, Ward 1, Precinct 1",Write-in,Republican,0,0,0,0
Governor (REP),01000000-5ca2-fec1-bfbd-08dedc55e1d8,"City of Midland, Ward 1, Precinct 2",Mike Cox,Republican,31,14,16,1
Governor (REP),01000000-5ca2-fec1-bfbd-08dedc55e1d8,"City of Midland, Ward 1, Precinct 2",John James,Republican,134,74,58,2
Governor (REP),01000000-5ca2-fec1-bfbd-08dedc55e1d8,"City of Midland, Ward 1, Precinct 2",Perry Johnson,Republican,87,45,41,1
Governor (REP),01000000-5ca2-fec1-bfbd-08dedc55e1d8,"City of Midland, Ward 1, Precinct 2",Aric Nesbitt,Republican,3,2,1,0
Governor (REP),01000000-5ca2-fec1-bfbd-08dedc55e1d8,"City of Midland, Ward 1, Precinct 2",Write-in,Republican,0,0,0,0
Governor (REP),01000000-5ca2-fec1-bfbd-08dedc55e1d8,"City of Midland, Ward 2, Precinct 3",Mike Cox,Republican,51,12,38,1
Governor (REP),01000000-5ca2-fec1-bfbd-08dedc55e1d8,"City of Midland, Ward 2, Precinct 3",John James,Republican,161,73,78,10
Governor (REP),01000000-5ca2-fec1-bfbd-08dedc55e1d8,"City of Midland, Ward 2, Precinct 3",Perry Johnson,Republican,98,41,51,6
Governor (REP),01000000-5ca2-fec1-bfbd-08dedc55e1d8,"City of Midland, Ward 2, Precinct 3",Aric Nesbitt,Republican,4,0,3,1
Governor (REP),01000000-5ca2-fec1-bfbd-08dedc55e1d8,"City of Midland, Ward 2, Precinct 3",Write-in,Republican,0,0,0,0
Governor (REP),01000000-5ca2-fec1-bfbd-08dedc55e1d8,"City of Midland, Ward 2, Precinct 4",Mike Cox,Republican,69,24,44,1
Governor (REP),01000000-5ca2-fec1-bfbd-08dedc55e1d8,"City of Midland, Ward 2, Precinct 4",John James,Republican,209,103,97,9
Governor (REP),01000000-5ca2-fec1-bfbd-08dedc55e1d8,"City of Midland, Ward 2, Precinct 4",Perry Johnson,Republican,92,49,36,7
Governor (REP),01000000-5ca2-fec1-bfbd-08dedc55e1d8,"City of Midland, Ward 2, Precinct 4",Aric Nesbitt,Republican,6,2,3,1
Governor (REP),01000000-5ca2-fec1-bfbd-08dedc55e1d8,"City of Midland, Ward 2, Precinct 4",Write-in,Republican,0,0,0,0
Governor (REP),01000000-5ca2-fec1-bfbd-08dedc55e1d8,"City of Midland, Ward 3, Precinct 5",Mike Cox,Republican,50,14,33,3
Governor (REP),01000000-5ca2-fec1-bfbd-08dedc55e1d8,"City of Midland, Ward 3, Precinct 5",John James,Republican,250,137,107,6
Governor (REP),01000000-5ca2-fec1-bfbd-08dedc55e1d8,"City of Midland, Ward 3, Precinct 5",Perry Johnson,Republican,104,53,50,1
Governor (REP),01000000-5ca2-fec1-bfbd-08dedc55e1d8,"City of Midland, Ward 3, Precinct 5",Aric Nesbitt,Republican,12,7,3,2
Governor (REP),01000000-5ca2-fec1-bfbd-08dedc55e1d8,"City of Midland, Ward 3, Precinct 5",Write-in,Republican,0,0,0,0
Governor (REP),01000000-5ca2-fec1-bfbd-08dedc55e1d8,"City of Midland, Ward 3, Precinct 6",Mike Cox,Republican,69,20,47,2
Governor (REP),01000000-5ca2-fec1-bfbd-08dedc55e1d8,"City of Midland, Ward 3, Precinct 6",John James,Republican,308,148,133,27
Governor (REP),01000000-5ca2-fec1-bfbd-08dedc55e1d8,"City of Midland, Ward 3, Precinct 6",Perry Johnson,Republican,110,48,59,3
Governor (REP),01000000-5ca2-fec1-bfbd-08dedc55e1d8,"City of Midland, Ward 3, Precinct 6",Aric Nesbitt,Republican,5,2,3,0
Governor (REP),01000000-5ca2-fec1-bfbd-08dedc55e1d8,"City of Midland, Ward 3, Precinct 6",Write-in,Republican,0,0,0,0
Governor (REP),01000000-5ca2-fec1-bfbd-08dedc55e1d8,"City of Midland, Ward 4, Precinct 7",Mike Cox,Republican,60,10,48,2
Governor (REP),01000000-5ca2-fec1-bfbd-08dedc55e1d8,"City of Midland, Ward 4, Precinct 7",John James,Republican,268,119,142,7
Governor (REP),01000000-5ca2-fec1-bfbd-08dedc55e1d8,"City of Midland, Ward 4, Precinct 7",Perry Johnson,Republican,123,54,67,2
Governor (REP),01000000-5ca2-fec1-bfbd-08dedc55e1d8,"City of Midland, Ward 4, Precinct 7",Aric Nesbitt,Republican,10,3,7,0
Governor (REP),01000000-5ca2-fec1-bfbd-08dedc55e1d8,"City of Midland, Ward 4, Precinct 7",Write-in,Republican,1,1,0,0
Governor (REP),01000000-5ca2-fec1-bfbd-08dedc55e1d8,"City of Midland, Ward 4, Precinct 8",Mike Cox,Republican,58,12,45,1
Governor (REP),01000000-5ca2-fec1-bfbd-08dedc55e1d8,"City of Midland, Ward 4, Precinct 8",John James,Republican,284,142,127,15
Governor (REP),01000000-5ca2-fec1-bfbd-08dedc55e1d8,"City of Midland, Ward 4, Precinct 8",Perry Johnson,Republican,85,40,41,4
Governor (REP),01000000-5ca2-fec1-bfbd-08dedc55e1d8,"City of Midland, Ward 4, Precinct 8",Aric Nesbitt,Republican,2,0,2,0
Governor (REP),01000000-5ca2-fec1-bfbd-08dedc55e1d8,"City of Midland, Ward 4, Precinct 8",Write-in,Republican,0,0,0,0
Governor (REP),01000000-5ca2-fec1-bfbd-08dedc55e1d8,"City of Midland, Ward 5, Precinct 9",Mike Cox,Republican,42,16,25,1
Governor (REP),01000000-5ca2-fec1-bfbd-08dedc55e1d8,"City of Midland, Ward 5, Precinct 9",John James,Republican,204,126,75,3
Governor (REP),01000000-5ca2-fec1-bfbd-08dedc55e1d8,"City of Midland, Ward 5, Precinct 9",Perry Johnson,Republican,111,54,56,1
Governor (REP),01000000-5ca2-fec1-bfbd-08dedc55e1d8,"City of Midland, Ward 5, Precinct 9",Aric Nesbitt,Republican,4,2,2,0
Governor (REP),01000000-5ca2-fec1-bfbd-08dedc55e1d8,"City of Midland, Ward 5, Precinct 9",Write-in,Republican,0,0,0,0
Governor (REP),01000000-5ca2-fec1-bfbd-08dedc55e1d8,"City of Midland, Ward 5, Precinct 10",Mike Cox,Republican,59,21,38,0
Governor (REP),01000000-5ca2-fec1-bfbd-08dedc55e1d8,"City of Midland, Ward 5, Precinct 10",John James,Republican,274,146,114,14
Governor (REP),01000000-5ca2-fec1-bfbd-08dedc55e1d8,"City of Midland, Ward 5, Precinct 10",Perry Johnson,Republican,119,47,65,7
Governor (REP),01000000-5ca2-fec1-bfbd-08dedc55e1d8,"City of Midland, Ward 5, Precinct 10",Aric Nesbitt,Republican,5,2,3,0
Governor (REP),01000000-5ca2-fec1-bfbd-08dedc55e1d8,"City of Midland, Ward 5, Precinct 10",Write-in,Republican,0,0,0,0
Governor (REP),01000000-5ca2-fec1-bfbd-08dedc55e1d8,"Edenville Township, Precinct 1",Mike Cox,Republican,48,47,0,1
Governor (REP),01000000-5ca2-fec1-bfbd-08dedc55e1d8,"Edenville Township, Precinct 1",John James,Republican,192,191,0,1
Governor (REP),01000000-5ca2-fec1-bfbd-08dedc55e1d8,"Edenville Township, Precinct 1",Perry Johnson,Republican,129,129,0,0
Governor (REP),01000000-5ca2-fec1-bfbd-08dedc55e1d8,"Edenville Township, Precinct 1",Aric Nesbitt,Republican,7,7,0,0
Governor (REP),01000000-5ca2-fec1-bfbd-08dedc55e1d8,"Edenville Township, Precinct 1",Write-in,Republican,2,2,0,0
Governor (REP),01000000-5ca2-fec1-bfbd-08dedc55e1d8,"Geneva Township, Precinct 1",Mike Cox,Republican,28,27,0,1
Governor (REP),01000000-5ca2-fec1-bfbd-08dedc55e1d8,"Geneva Township, Precinct 1",John James,Republican,74,74,0,0
Governor (REP),01000000-5ca2-fec1-bfbd-08dedc55e1d8,"Geneva Township, Precinct 1",Perry Johnson,Republican,57,56,0,1
Governor (REP),01000000-5ca2-fec1-bfbd-08dedc55e1d8,"Geneva Township, Precinct 1",Aric Nesbitt,Republican,2,2,0,0
Governor (REP),01000000-5ca2-fec1-bfbd-08dedc55e1d8,"Geneva Township, Precinct 1",Write-in,Republican,0,0,0,0
Governor (REP),01000000-5ca2-fec1-bfbd-08dedc55e1d8,"Greendale Township, Precinct 1",Mike Cox,Republican,25,25,0,0
Governor (REP),01000000-5ca2-fec1-bfbd-08dedc55e1d8,"Greendale Township, Precinct 1",John James,Republican,115,107,0,8
Governor (REP),01000000-5ca2-fec1-bfbd-08dedc55e1d8,"Greendale Township, Precinct 1",Perry Johnson,Republican,80,79,0,1
Governor (REP),01000000-5ca2-fec1-bfbd-08dedc55e1d8,"Greendale Township, Precinct 1",Aric Nesbitt,Republican,5,5,0,0
Governor (REP),01000000-5ca2-fec1-bfbd-08dedc55e1d8,"Greendale Township, Precinct 1",Write-in,Republican,1,1,0,0
Governor (REP),01000000-5ca2-fec1-bfbd-08dedc55e1d8,"Homer Township, Precinct 1",Mike Cox,Republican,20,20,0,0
Governor (REP),01000000-5ca2-fec1-bfbd-08dedc55e1d8,"Homer Township, Precinct 1",John James,Republican,71,71,0,0
Governor (REP),01000000-5ca2-fec1-bfbd-08dedc55e1d8,"Homer Township, Precinct 1",Perry Johnson,Republican,40,40,0,0
Governor (REP),01000000-5ca2-fec1-bfbd-08dedc55e1d8,"Homer Township, Precinct 1",Aric Nesbitt,Republican,0,0,0,0
Governor (REP),01000000-5ca2-fec1-bfbd-08dedc55e1d8,"Homer Township, Precinct 1",Write-in,Republican,1,1,0,0
Governor (REP),01000000-5ca2-fec1-bfbd-08dedc55e1d8,"Homer Township, Precinct 2",Mike Cox,Republican,15,15,0,0
Governor (REP),01000000-5ca2-fec1-bfbd-08dedc55e1d8,"Homer Township, Precinct 2",John James,Republican,84,82,0,2
Governor (REP),01000000-5ca2-fec1-bfbd-08dedc55e1d8,"Homer Township, Precinct 2",Perry Johnson,Republican,63,63,0,0
Governor (REP),01000000-5ca2-fec1-bfbd-08dedc55e1d8,"Homer Township, Precinct 2",Aric Nesbitt,Republican,6,6,0,0
Governor (REP),01000000-5ca2-fec1-bfbd-08dedc55e1d8,"Homer Township, Precinct 2",Write-in,Republican,0,0,0,0
Governor (REP),01000000-5ca2-fec1-bfbd-08dedc55e1d8,"Homer Township, Precinct 3",Mike Cox,Republican,27,27,0,0
Governor (REP),01000000-5ca2-fec1-bfbd-08dedc55e1d8,"Homer Township, Precinct 3",John James,Republican,107,102,0,5
Governor (REP),01000000-5ca2-fec1-bfbd-08dedc55e1d8,"Homer Township, Precinct 3",Perry Johnson,Republican,51,50,0,1
Governor (REP),01000000-5ca2-fec1-bfbd-08dedc55e1d8,"Homer Township, Precinct 3",Aric Nesbitt,Republican,5,5,0,0
Governor (REP),01000000-5ca2-fec1-bfbd-08dedc55e1d8,"Homer Township, Precinct 3",Write-in,Republican,0,0,0,0
Governor (REP),01000000-5ca2-fec1-bfbd-08dedc55e1d8,"Hope Township, Precinct 1",Mike Cox,Republican,21,21,0,0
Governor (REP),01000000-5ca2-fec1-bfbd-08dedc55e1d8,"Hope Township, Precinct 1",John James,Republican,133,128,0,5
Governor (REP),01000000-5ca2-fec1-bfbd-08dedc55e1d8,"Hope Township, Precinct 1",Perry Johnson,Republican,79,75,0,4
Governor (REP),01000000-5ca2-fec1-bfbd-08dedc55e1d8,"Hope Township, Precinct 1",Aric Nesbitt,Republican,6,6,0,0
Governor (REP),01000000-5ca2-fec1-bfbd-08dedc55e1d8,"Hope Township, Precinct 1",Write-in,Republican,0,0,0,0
Governor (REP),01000000-5ca2-fec1-bfbd-08dedc55e1d8,"Ingersoll Township, Precinct 1",Mike Cox,Republican,21,19,0,2
Governor (REP),01000000-5ca2-fec1-bfbd-08dedc55e1d8,"Ingersoll Township, Precinct 1",John James,Republican,117,114,0,3
Governor (REP),01000000-5ca2-fec1-bfbd-08dedc55e1d8,"Ingersoll Township, Precinct 1",Perry Johnson,Republican,69,69,0,0
Governor (REP),01000000-5ca2-fec1-bfbd-08dedc55e1d8,"Ingersoll Township, Precinct 1",Aric Nesbitt,Republican,4,4,0,0
Governor (REP),01000000-5ca2-fec1-bfbd-08dedc55e1d8,"Ingersoll Township, Precinct 1",Write-in,Republican,1,1,0,0
Governor (REP),01000000-5ca2-fec1-bfbd-08dedc55e1d8,"Ingersoll Township, Precinct 2",Mike Cox,Republican,15,15,0,0
Governor (REP),01000000-5ca2-fec1-bfbd-08dedc55e1d8,"Ingersoll Township, Precinct 2",John James,Republican,54,53,0,1
Governor (REP),01000000-5ca2-fec1-bfbd-08dedc55e1d8,"Ingersoll Township, Precinct 2",Perry Johnson,Republican,71,71,0,0
Governor (REP),01000000-5ca2-fec1-bfbd-08dedc55e1d8,"Ingersoll Township, Precinct 2",Aric Nesbitt,Republican,5,5,0,0
Governor (REP),01000000-5ca2-fec1-bfbd-08dedc55e1d8,"Ingersoll Township, Precinct 2",Write-in,Republican,0,0,0,0
Governor (REP),01000000-5ca2-fec1-bfbd-08dedc55e1d8,"Jasper Township, Precinct 1",Mike Cox,Republican,13,13,0,0
Governor (REP),01000000-5ca2-fec1-bfbd-08dedc55e1d8,"Jasper Township, Precinct 1",John James,Republican,70,70,0,0
Governor (REP),01000000-5ca2-fec1-bfbd-08dedc55e1d8,"Jasper Township, Precinct 1",Perry Johnson,Republican,46,46,0,0
Governor (REP),01000000-5ca2-fec1-bfbd-08dedc55e1d8,"Jasper Township, Precinct 1",Aric Nesbitt,Republican,3,3,0,0
Governor (REP),01000000-5ca2-fec1-bfbd-08dedc55e1d8,"Jasper Township, Precinct 1",Write-in,Republican,0,0,0,0
Governor (REP),01000000-5ca2-fec1-bfbd-08dedc55e1d8,"Jerome Township, Precinct 1",Mike Cox,Republican,39,10,28,1
Governor (REP),01000000-5ca2-fec1-bfbd-08dedc55e1d8,"Jerome Township, Precinct 1",John James,Republican,161,79,78,4
Governor (REP),01000000-5ca2-fec1-bfbd-08dedc55e1d8,"Jerome Township, Precinct 1",Perry Johnson,Republican,103,38,62,3
Governor (REP),01000000-5ca2-fec1-bfbd-08dedc55e1d8,"Jerome Township, Precinct 1",Aric Nesbitt,Republican,3,1,2,0
Governor (REP),01000000-5ca2-fec1-bfbd-08dedc55e1d8,"Jerome Township, Precinct 1",Write-in,Republican,0,0,0,0
Governor (REP),01000000-5ca2-fec1-bfbd-08dedc55e1d8,"Jerome Township, Precinct 2",Mike Cox,Republican,36,11,22,3
Governor (REP),01000000-5ca2-fec1-bfbd-08dedc55e1d8,"Jerome Township, Precinct 2",John James,Republican,138,82,52,4
Governor (REP),01000000-5ca2-fec1-bfbd-08dedc55e1d8,"Jerome Township, Precinct 2",Perry Johnson,Republican,138,69,67,2
Governor (REP),01000000-5ca2-fec1-bfbd-08dedc55e1d8,"Jerome Township, Precinct 2",Aric Nesbitt,Republican,6,1,5,0
Governor (REP),01000000-5ca2-fec1-bfbd-08dedc55e1d8,"Jerome Township, Precinct 2",Write-in,Republican,0,0,0,0
Governor (REP),01000000-5ca2-fec1-bfbd-08dedc55e1d8,"Larkin Township, Precinct 1",Mike Cox,Republican,60,30,30,0
Governor (REP),01000000-5ca2-fec1-bfbd-08dedc55e1d8,"Larkin Township, Precinct 1",John James,Republican,259,145,103,11
Governor (REP),01000000-5ca2-fec1-bfbd-08dedc55e1d8,"Larkin Township, Precinct 1",Perry Johnson,Republican,119,72,43,4
Governor (REP),01000000-5ca2-fec1-bfbd-08dedc55e1d8,"Larkin Township, Precinct 1",Aric Nesbitt,Republican,11,5,6,0
Governor (REP),01000000-5ca2-fec1-bfbd-08dedc55e1d8,"Larkin Township, Precinct 1",Write-in,Republican,0,0,0,0
Governor (REP),01000000-5ca2-fec1-bfbd-08dedc55e1d8,"Larkin Township, Precinct 2",Mike Cox,Republican,84,47,37,0
Governor (REP),01000000-5ca2-fec1-bfbd-08dedc55e1d8,"Larkin Township, Precinct 2",John James,Republican,335,198,120,17
Governor (REP),01000000-5ca2-fec1-bfbd-08dedc55e1d8,"Larkin Township, Precinct 2",Perry Johnson,Republican,129,70,56,3
Governor (REP),01000000-5ca2-fec1-bfbd-08dedc55e1d8,"Larkin Township, Precinct 2",Aric Nesbitt,Republican,11,5,6,0
Governor (REP),01000000-5ca2-fec1-bfbd-08dedc55e1d8,"Larkin Township, Precinct 2",Write-in,Republican,0,0,0,0
Governor (REP),01000000-5ca2-fec1-bfbd-08dedc55e1d8,"Lee Township, Precinct 1",Mike Cox,Republican,17,17,0,0
Governor (REP),01000000-5ca2-fec1-bfbd-08dedc55e1d8,"Lee Township, Precinct 1",John James,Republican,103,102,0,1
Governor (REP),01000000-5ca2-fec1-bfbd-08dedc55e1d8,"Lee Township, Precinct 1",Perry Johnson,Republican,79,79,0,0
Governor (REP),01000000-5ca2-fec1-bfbd-08dedc55e1d8,"Lee Township, Precinct 1",Aric Nesbitt,Republican,2,2,0,0
Governor (REP),01000000-5ca2-fec1-bfbd-08dedc55e1d8,"Lee Township, Precinct 1",Write-in,Republican,0,0,0,0
Governor (REP),01000000-5ca2-fec1-bfbd-08dedc55e1d8,"Lee Township, Precinct 2",Mike Cox,Republican,25,23,0,2
Governor (REP),01000000-5ca2-fec1-bfbd-08dedc55e1d8,"Lee Township, Precinct 2",John James,Republican,73,71,0,2
Governor (REP),01000000-5ca2-fec1-bfbd-08dedc55e1d8,"Lee Township, Precinct 2",Perry Johnson,Republican,104,100,0,4
Governor (REP),01000000-5ca2-fec1-bfbd-08dedc55e1d8,"Lee Township, Precinct 2",Aric Nesbitt,Republican,1,1,0,0
Governor (REP),01000000-5ca2-fec1-bfbd-08dedc55e1d8,"Lee Township, Precinct 2",Write-in,Republican,0,0,0,0
Governor (REP),01000000-5ca2-fec1-bfbd-08dedc55e1d8,"Lincoln Township, Precinct 1",Mike Cox,Republican,51,50,0,1
Governor (REP),01000000-5ca2-fec1-bfbd-08dedc55e1d8,"Lincoln Township, Precinct 1",John James,Republican,197,192,0,5
Governor (REP),01000000-5ca2-fec1-bfbd-08dedc55e1d8,"Lincoln Township, Precinct 1",Perry Johnson,Republican,129,128,0,1
Governor (REP),01000000-5ca2-fec1-bfbd-08dedc55e1d8,"Lincoln Township, Precinct 1",Aric Nesbitt,Republican,9,9,0,0
Governor (REP),01000000-5ca2-fec1-bfbd-08dedc55e1d8,"Lincoln Township, Precinct 1",Write-in,Republican,0,0,0,0
Governor (REP),01000000-5ca2-fec1-bfbd-08dedc55e1d8,"Midland Township, Precinct 1",Mike Cox,Republican,53,52,0,1
Governor (REP),01000000-5ca2-fec1-bfbd-08dedc55e1d8,"Midland Township, Precinct 1",John James,Republican,148,142,0,6
Governor (REP),01000000-5ca2-fec1-bfbd-08dedc55e1d8,"Midland Township, Precinct 1",Perry Johnson,Republican,79,78,0,1
Governor (REP),01000000-5ca2-fec1-bfbd-08dedc55e1d8,"Midland Township, Precinct 1",Aric Nesbitt,Republican,3,3,0,0
Governor (REP),01000000-5ca2-fec1-bfbd-08dedc55e1d8,"Midland Township, Precinct 1",Write-in,Republican,0,0,0,0
Governor (REP),01000000-5ca2-fec1-bfbd-08dedc55e1d8,"Mills Township, Precinct 1",Mike Cox,Republican,19,19,0,0
Governor (REP),01000000-5ca2-fec1-bfbd-08dedc55e1d8,"Mills Township, Precinct 1",John James,Republican,138,136,0,2
Governor (REP),01000000-5ca2-fec1-bfbd-08dedc55e1d8,"Mills Township, Precinct 1",Perry Johnson,Republican,101,100,0,1
Governor (REP),01000000-5ca2-fec1-bfbd-08dedc55e1d8,"Mills Township, Precinct 1",Aric Nesbitt,Republican,1,1,0,0
Governor (REP),01000000-5ca2-fec1-bfbd-08dedc55e1d8,"Mills Township, Precinct 1",Write-in,Republican,0,0,0,0
Governor (REP),01000000-5ca2-fec1-bfbd-08dedc55e1d8,"Mt. Haley Township, Precinct 1",Mike Cox,Republican,20,19,0,1
Governor (REP),01000000-5ca2-fec1-bfbd-08dedc55e1d8,"Mt. Haley Township, Precinct 1",John James,Republican,103,101,0,2
Governor (REP),01000000-5ca2-fec1-bfbd-08dedc55e1d8,"Mt. Haley Township, Precinct 1",Perry Johnson,Republican,84,83,0,1
Governor (REP),01000000-5ca2-fec1-bfbd-08dedc55e1d8,"Mt. Haley Township, Precinct 1",Aric Nesbitt,Republican,1,1,0,0
Governor (REP),01000000-5ca2-fec1-bfbd-08dedc55e1d8,"Mt. Haley Township, Precinct 1",Write-in,Republican,0,0,0,0
Governor (REP),01000000-5ca2-fec1-bfbd-08dedc55e1d8,"Porter Township, Precinct 1",Mike Cox,Republican,11,11,0,0
Governor (REP),01000000-5ca2-fec1-bfbd-08dedc55e1d8,"Porter Township, Precinct 1",John James,Republican,62,62,0,0
Governor (REP),01000000-5ca2-fec1-bfbd-08dedc55e1d8,"Porter Township, Precinct 1",Perry Johnson,Republican,69,67,0,2
Governor (REP),01000000-5ca2-fec1-bfbd-08dedc55e1d8,"Porter Township, Precinct 1",Aric Nesbitt,Republican,2,2,0,0
Governor (REP),01000000-5ca2-fec1-bfbd-08dedc55e1d8,"Porter Township, Precinct 1",Write-in,Republican,0,0,0,0
Governor (REP),01000000-5ca2-fec1-bfbd-08dedc55e1d8,"Warren Township, Precinct 1",Mike Cox,Republican,43,43,0,0
Governor (REP),01000000-5ca2-fec1-bfbd-08dedc55e1d8,"Warren Township, Precinct 1",John James,Republican,127,126,0,1
Governor (REP),01000000-5ca2-fec1-bfbd-08dedc55e1d8,"Warren Township, Precinct 1",Perry Johnson,Republican,99,99,0,0
Governor (REP),01000000-5ca2-fec1-bfbd-08dedc55e1d8,"Warren Township, Precinct 1",Aric Nesbitt,Republican,5,5,0,0
Governor (REP),01000000-5ca2-fec1-bfbd-08dedc55e1d8,"Warren Township, Precinct 1",Write-in,Republican,0,0,0,0
Geneva Township Proposal No. 1 Fire Millage Renewal and Increase,01000000-5ca2-fec1-e6f4-08dedc55e1d8,"Geneva Township, Precinct 1",Yes,,186,184,0,2
Geneva Township Proposal No. 1 Fire Millage Renewal and Increase,01000000-5ca2-fec1-e6f4-08dedc55e1d8,"Geneva Township, Precinct 1",No,,94,94,0,0
"Delegate to County Convention for City of Midland, Ward 4, Precinct 7 (DEM)",01000000-5ca2-fec1-b5a5-08dedc55e1d8,"City of Midland, Ward 4, Precinct 7",Bill Kent,Democrat,365,86,262,17
"Delegate to County Convention for City of Midland, Ward 4, Precinct 7 (DEM)",01000000-5ca2-fec1-b5a5-08dedc55e1d8,"City of Midland, Ward 4, Precinct 7",Ron Parmele,Democrat,372,86,272,14
"Delegate to County Convention for City of Midland, Ward 4, Precinct 7 (DEM)",01000000-5ca2-fec1-b5a5-08dedc55e1d8,"City of Midland, Ward 4, Precinct 7",Sarah Schulz,Democrat,653,184,443,26
"Delegate to County Convention for City of Midland, Ward 4, Precinct 7 (DEM)",01000000-5ca2-fec1-b5a5-08dedc55e1d8,"City of Midland, Ward 4, Precinct 7",Write-in,Democrat,0,0,0,0
"Delegate to County Convention for City of Midland, Ward 1, Precinct 1 (DEM)",01000000-5ca2-fec1-ae49-08dedc55e1d8,"City of Midland, Ward 1, Precinct 1",Danielle Fergin,Democrat,518,174,322,22
"Delegate to County Convention for City of Midland, Ward 1, Precinct 1 (DEM)",01000000-5ca2-fec1-ae49-08dedc55e1d8,"City of Midland, Ward 1, Precinct 1",Write-in,Democrat,1,1,0,0
"Delegate to County Convention for City of Midland, Ward 5, Precinct 9 (DEM)",01000000-5ca2-fec1-b6ef-08dedc55e1d8,"City of Midland, Ward 5, Precinct 9",Linda M. Barth,Democrat,573,184,367,22
"Delegate to County Convention for City of Midland, Ward 5, Precinct 9 (DEM)",01000000-5ca2-fec1-b6ef-08dedc55e1d8,"City of Midland, Ward 5, Precinct 9",Darryl A. Sczepanski,Democrat,408,121,273,14
"Delegate to County Convention for City of Midland, Ward 5, Precinct 9 (DEM)",01000000-5ca2-fec1-b6ef-08dedc55e1d8,"City of Midland, Ward 5, Precinct 9",Write-in,Democrat,0,0,0,0
Midland County Spongy Moth Suppression Renewal and Increase Proposal,01000000-5ca2-fec1-e4ac-08dedc55e1d8,"City of Coleman, Precinct 1",Yes,,137,132,0,5
Midland County Spongy Moth Suppression Renewal and Increase Proposal,01000000-5ca2-fec1-e4ac-08dedc55e1d8,"City of Coleman, Precinct 1",No,,76,69,0,7
Midland County Spongy Moth Suppression Renewal and Increase Proposal,01000000-5ca2-fec1-e4ac-08dedc55e1d8,"City of Midland, Ward 1, Precinct 1",Yes,,591,220,345,26
Midland County Spongy Moth Suppression Renewal and Increase Proposal,01000000-5ca2-fec1-e4ac-08dedc55e1d8,"City of Midland, Ward 1, Precinct 1",No,,313,138,159,16
Midland County Spongy Moth Suppression Renewal and Increase Proposal,01000000-5ca2-fec1-e4ac-08dedc55e1d8,"City of Midland, Ward 1, Precinct 2",Yes,,467,153,282,32
Midland County Spongy Moth Suppression Renewal and Increase Proposal,01000000-5ca2-fec1-e4ac-08dedc55e1d8,"City of Midland, Ward 1, Precinct 2",No,,213,107,100,6
Midland County Spongy Moth Suppression Renewal and Increase Proposal,01000000-5ca2-fec1-e4ac-08dedc55e1d8,"City of Midland, Ward 2, Precinct 3",Yes,,602,173,402,27
Midland County Spongy Moth Suppression Renewal and Increase Proposal,01000000-5ca2-fec1-e4ac-08dedc55e1d8,"City of Midland, Ward 2, Precinct 3",No,,235,94,125,16
Midland County Spongy Moth Suppression Renewal and Increase Proposal,01000000-5ca2-fec1-e4ac-08dedc55e1d8,"City of Midland, Ward 2, Precinct 4",Yes,,859,274,533,52
Midland County Spongy Moth Suppression Renewal and Increase Proposal,01000000-5ca2-fec1-e4ac-08dedc55e1d8,"City of Midland, Ward 2, Precinct 4",No,,304,147,148,9
Midland County Spongy Moth Suppression Renewal and Increase Proposal,01000000-5ca2-fec1-e4ac-08dedc55e1d8,"City of Midland, Ward 3, Precinct 5",Yes,,754,254,455,45
Midland County Spongy Moth Suppression Renewal and Increase Proposal,01000000-5ca2-fec1-e4ac-08dedc55e1d8,"City of Midland, Ward 3, Precinct 5",No,,280,144,133,3
Midland County Spongy Moth Suppression Renewal and Increase Proposal,01000000-5ca2-fec1-e4ac-08dedc55e1d8,"City of Midland, Ward 3, Precinct 6",Yes,,936,289,614,33
Midland County Spongy Moth Suppression Renewal and Increase Proposal,01000000-5ca2-fec1-e4ac-08dedc55e1d8,"City of Midland, Ward 3, Precinct 6",No,,337,163,158,16
Midland County Spongy Moth Suppression Renewal and Increase Proposal,01000000-5ca2-fec1-e4ac-08dedc55e1d8,"City of Midland, Ward 4, Precinct 7",Yes,,920,279,606,35
Midland County Spongy Moth Suppression Renewal and Increase Proposal,01000000-5ca2-fec1-e4ac-08dedc55e1d8,"City of Midland, Ward 4, Precinct 7",No,,325,137,182,6
Midland County Spongy Moth Suppression Renewal and Increase Proposal,01000000-5ca2-fec1-e4ac-08dedc55e1d8,"City of Midland, Ward 4, Precinct 8",Yes,,873,266,568,39
Midland County Spongy Moth Suppression Renewal and Increase Proposal,01000000-5ca2-fec1-e4ac-08dedc55e1d8,"City of Midland, Ward 4, Precinct 8",No,,351,157,175,19
Midland County Spongy Moth Suppression Renewal and Increase Proposal,01000000-5ca2-fec1-e4ac-08dedc55e1d8,"City of Midland, Ward 5, Precinct 9",Yes,,828,285,515,28
Midland County Spongy Moth Suppression Renewal and Increase Proposal,01000000-5ca2-fec1-e4ac-08dedc55e1d8,"City of Midland, Ward 5, Precinct 9",No,,298,146,148,4
Midland County Spongy Moth Suppression Renewal and Increase Proposal,01000000-5ca2-fec1-e4ac-08dedc55e1d8,"City of Midland, Ward 5, Precinct 10",Yes,,921,318,556,47
Midland County Spongy Moth Suppression Renewal and Increase Proposal,01000000-5ca2-fec1-e4ac-08dedc55e1d8,"City of Midland, Ward 5, Precinct 10",No,,347,160,175,12
Midland County Spongy Moth Suppression Renewal and Increase Proposal,01000000-5ca2-fec1-e4ac-08dedc55e1d8,"Edenville Township, Precinct 1",Yes,,378,369,0,9
Midland County Spongy Moth Suppression Renewal and Increase Proposal,01000000-5ca2-fec1-e4ac-08dedc55e1d8,"Edenville Township, Precinct 1",No,,287,286,0,1
Midland County Spongy Moth Suppression Renewal and Increase Proposal,01000000-5ca2-fec1-e4ac-08dedc55e1d8,"Geneva Township, Precinct 1",Yes,,174,172,0,2
Midland County Spongy Moth Suppression Renewal and Increase Proposal,01000000-5ca2-fec1-e4ac-08dedc55e1d8,"Geneva Township, Precinct 1",No,,115,115,0,0
Midland County Spongy Moth Suppression Renewal and Increase Proposal,01000000-5ca2-fec1-e4ac-08dedc55e1d8,"Greendale Township, Precinct 1",Yes,,202,195,0,7
Midland County Spongy Moth Suppression Renewal and Increase Proposal,01000000-5ca2-fec1-e4ac-08dedc55e1d8,"Greendale Township, Precinct 1",No,,151,148,0,3
Midland County Spongy Moth Suppression Renewal and Increase Proposal,01000000-5ca2-fec1-e4ac-08dedc55e1d8,"Homer Township, Precinct 1",Yes,,223,221,0,2
Midland County Spongy Moth Suppression Renewal and Increase Proposal,01000000-5ca2-fec1-e4ac-08dedc55e1d8,"Homer Township, Precinct 1",No,,91,89,0,2
Midland County Spongy Moth Suppression Renewal and Increase Proposal,01000000-5ca2-fec1-e4ac-08dedc55e1d8,"Homer Township, Precinct 2",Yes,,177,174,0,3
Midland County Spongy Moth Suppression Renewal and Increase Proposal,01000000-5ca2-fec1-e4ac-08dedc55e1d8,"Homer Township, Precinct 2",No,,123,121,0,2
Midland County Spongy Moth Suppression Renewal and Increase Proposal,01000000-5ca2-fec1-e4ac-08dedc55e1d8,"Homer Township, Precinct 3",Yes,,291,274,0,17
Midland County Spongy Moth Suppression Renewal and Increase Proposal,01000000-5ca2-fec1-e4ac-08dedc55e1d8,"Homer Township, Precinct 3",No,,117,117,0,0
Midland County Spongy Moth Suppression Renewal and Increase Proposal,01000000-5ca2-fec1-e4ac-08dedc55e1d8,"Hope Township, Precinct 1",Yes,,210,203,0,7
Midland County Spongy Moth Suppression Renewal and Increase Proposal,01000000-5ca2-fec1-e4ac-08dedc55e1d8,"Hope Township, Precinct 1",No,,169,168,0,1
Midland County Spongy Moth Suppression Renewal and Increase Proposal,01000000-5ca2-fec1-e4ac-08dedc55e1d8,"Ingersoll Township, Precinct 1",Yes,,241,236,0,5
Midland County Spongy Moth Suppression Renewal and Increase Proposal,01000000-5ca2-fec1-e4ac-08dedc55e1d8,"Ingersoll Township, Precinct 1",No,,140,137,0,3
Midland County Spongy Moth Suppression Renewal and Increase Proposal,01000000-5ca2-fec1-e4ac-08dedc55e1d8,"Ingersoll Township, Precinct 2",Yes,,155,155,0,0
Midland County Spongy Moth Suppression Renewal and Increase Proposal,01000000-5ca2-fec1-e4ac-08dedc55e1d8,"Ingersoll Township, Precinct 2",No,,115,111,0,4
Midland County Spongy Moth Suppression Renewal and Increase Proposal,01000000-5ca2-fec1-e4ac-08dedc55e1d8,"Jasper Township, Precinct 1",Yes,,142,142,0,0
Midland County Spongy Moth Suppression Renewal and Increase Proposal,01000000-5ca2-fec1-e4ac-08dedc55e1d8,"Jasper Township, Precinct 1",No,,84,84,0,0
Midland County Spongy Moth Suppression Renewal and Increase Proposal,01000000-5ca2-fec1-e4ac-08dedc55e1d8,"Jerome Township, Precinct 1",Yes,,423,125,286,12
Midland County Spongy Moth Suppression Renewal and Increase Proposal,01000000-5ca2-fec1-e4ac-08dedc55e1d8,"Jerome Township, Precinct 1",No,,212,75,133,4
Midland County Spongy Moth Suppression Renewal and Increase Proposal,01000000-5ca2-fec1-e4ac-08dedc55e1d8,"Jerome Township, Precinct 2",Yes,,382,125,243,14
Midland County Spongy Moth Suppression Renewal and Increase Proposal,01000000-5ca2-fec1-e4ac-08dedc55e1d8,"Jerome Township, Precinct 2",No,,194,95,96,3
Midland County Spongy Moth Suppression Renewal and Increase Proposal,01000000-5ca2-fec1-e4ac-08dedc55e1d8,"Larkin Township, Precinct 1",Yes,,468,179,268,21
Midland County Spongy Moth Suppression Renewal and Increase Proposal,01000000-5ca2-fec1-e4ac-08dedc55e1d8,"Larkin Township, Precinct 1",No,,268,155,111,2
Midland County Spongy Moth Suppression Renewal and Increase Proposal,01000000-5ca2-fec1-e4ac-08dedc55e1d8,"Larkin Township, Precinct 2",Yes,,656,268,358,30
Midland County Spongy Moth Suppression Renewal and Increase Proposal,01000000-5ca2-fec1-e4ac-08dedc55e1d8,"Larkin Township, Precinct 2",No,,313,172,130,11
Midland County Spongy Moth Suppression Renewal and Increase Proposal,01000000-5ca2-fec1-e4ac-08dedc55e1d8,"Lee Township, Precinct 1",Yes,,240,232,0,8
Midland County Spongy Moth Suppression Renewal and Increase Proposal,01000000-5ca2-fec1-e4ac-08dedc55e1d8,"Lee Township, Precinct 1",No,,153,152,0,1
Midland County Spongy Moth Suppression Renewal and Increase Proposal,01000000-5ca2-fec1-e4ac-08dedc55e1d8,"Lee Township, Precinct 2",Yes,,225,216,0,9
Midland County Spongy Moth Suppression Renewal and Increase Proposal,01000000-5ca2-fec1-e4ac-08dedc55e1d8,"Lee Township, Precinct 2",No,,149,147,0,2
Midland County Spongy Moth Suppression Renewal and Increase Proposal,01000000-5ca2-fec1-e4ac-08dedc55e1d8,"Lincoln Township, Precinct 1",Yes,,450,431,0,19
Midland County Spongy Moth Suppression Renewal and Increase Proposal,01000000-5ca2-fec1-e4ac-08dedc55e1d8,"Lincoln Township, Precinct 1",No,,274,269,0,5
Midland County Spongy Moth Suppression Renewal and Increase Proposal,01000000-5ca2-fec1-e4ac-08dedc55e1d8,"Midland Township, Precinct 1",Yes,,325,314,0,11
Midland County Spongy Moth Suppression Renewal and Increase Proposal,01000000-5ca2-fec1-e4ac-08dedc55e1d8,"Midland Township, Precinct 1",No,,192,190,0,2
Midland County Spongy Moth Suppression Renewal and Increase Proposal,01000000-5ca2-fec1-e4ac-08dedc55e1d8,"Mills Township, Precinct 1",Yes,,268,257,0,11
Midland County Spongy Moth Suppression Renewal and Increase Proposal,01000000-5ca2-fec1-e4ac-08dedc55e1d8,"Mills Township, Precinct 1",No,,196,193,0,3
Midland County Spongy Moth Suppression Renewal and Increase Proposal,01000000-5ca2-fec1-e4ac-08dedc55e1d8,"Mt. Haley Township, Precinct 1",Yes,,247,231,0,16
Midland County Spongy Moth Suppression Renewal and Increase Proposal,01000000-5ca2-fec1-e4ac-08dedc55e1d8,"Mt. Haley Township, Precinct 1",No,,159,154,0,5
Midland County Spongy Moth Suppression Renewal and Increase Proposal,01000000-5ca2-fec1-e4ac-08dedc55e1d8,"Porter Township, Precinct 1",Yes,,150,147,0,3
Midland County Spongy Moth Suppression Renewal and Increase Proposal,01000000-5ca2-fec1-e4ac-08dedc55e1d8,"Porter Township, Precinct 1",No,,106,105,0,1
Midland County Spongy Moth Suppression Renewal and Increase Proposal,01000000-5ca2-fec1-e4ac-08dedc55e1d8,"Warren Township, Precinct 1",Yes,,241,238,0,3
Midland County Spongy Moth Suppression Renewal and Increase Proposal,01000000-5ca2-fec1-e4ac-08dedc55e1d8,"Warren Township, Precinct 1",No,,204,203,0,1
Township Trustee Partial Term Ending 11/20/2028 for Midland Township (DEM),01000000-5ca2-fec1-ada1-08dedc55e1d8,"Midland Township, Precinct 1",Write-in,Democrat,31,31,0,0
"Delegate to County Convention for Larkin Township, Precinct 1 (REP)",01000000-5ca2-fec1-de85-08dedc55e1d8,"Larkin Township, Precinct 1",Belinda Blasy,Republican,244,117,122,5
"Delegate to County Convention for Larkin Township, Precinct 1 (REP)",01000000-5ca2-fec1-de85-08dedc55e1d8,"Larkin Township, Precinct 1",Brad Blasy,Republican,273,143,125,5
"Delegate to County Convention for Larkin Township, Precinct 1 (REP)",01000000-5ca2-fec1-de85-08dedc55e1d8,"Larkin Township, Precinct 1",Jon Lynch,Republican,256,131,118,7
"Delegate to County Convention for Larkin Township, Precinct 1 (REP)",01000000-5ca2-fec1-de85-08dedc55e1d8,"Larkin Township, Precinct 1",Tina Lynch,Republican,230,113,112,5
"Delegate to County Convention for Larkin Township, Precinct 1 (REP)",01000000-5ca2-fec1-de85-08dedc55e1d8,"Larkin Township, Precinct 1",Write-in,Republican,9,0,7,2
"Delegate to County Convention for Jasper Township, Precinct 1 (DEM)",01000000-5ca2-fec1-bb3f-08dedc55e1d8,"Jasper Township, Precinct 1",Write-in,Democrat,21,21,0,0
"Delegate to County Convention for Porter Township, Precinct 1 (DEM)",01000000-5ca2-fec1-bf23-08dedc55e1d8,"Porter Township, Precinct 1",Write-in,Democrat,15,15,0,0
"Delegate to County Convention for Greendale Township, Precinct 1 (REP)",01000000-5ca2-fec1-d695-08dedc55e1d8,"Greendale Township, Precinct 1",Write-in,Republican,46,45,0,1
State Senator 34th District (REP),01000000-5ca2-fec1-c230-08dedc55e1d8,"City of Coleman, Precinct 1",Roger Hauck,Republican,100,92,0,8
State Senator 34th District (REP),01000000-5ca2-fec1-c230-08dedc55e1d8,"City of Coleman, Precinct 1",Rhonda L. Lange,Republican,12,12,0,0
State Senator 34th District (REP),01000000-5ca2-fec1-c230-08dedc55e1d8,"City of Coleman, Precinct 1",Write-in,Republican,2,2,0,0
State Senator 34th District (REP),01000000-5ca2-fec1-c230-08dedc55e1d8,"Edenville Township, Precinct 1",Roger Hauck,Republican,322,320,0,2
State Senator 34th District (REP),01000000-5ca2-fec1-c230-08dedc55e1d8,"Edenville Township, Precinct 1",Rhonda L. Lange,Republican,38,38,0,0
State Senator 34th District (REP),01000000-5ca2-fec1-c230-08dedc55e1d8,"Edenville Township, Precinct 1",Write-in,Republican,1,1,0,0
State Senator 34th District (REP),01000000-5ca2-fec1-c230-08dedc55e1d8,"Geneva Township, Precinct 1",Roger Hauck,Republican,136,135,0,1
State Senator 34th District (REP),01000000-5ca2-fec1-c230-08dedc55e1d8,"Geneva Township, Precinct 1",Rhonda L. Lange,Republican,19,18,0,1
State Senator 34th District (REP),01000000-5ca2-fec1-c230-08dedc55e1d8,"Geneva Township, Precinct 1",Write-in,Republican,1,1,0,0
State Senator 34th District (REP),01000000-5ca2-fec1-c230-08dedc55e1d8,"Greendale Township, Precinct 1",Roger Hauck,Republican,189,180,0,9
State Senator 34th District (REP),01000000-5ca2-fec1-c230-08dedc55e1d8,"Greendale Township, Precinct 1",Rhonda L. Lange,Republican,32,32,0,0
State Senator 34th District (REP),01000000-5ca2-fec1-c230-08dedc55e1d8,"Greendale Township, Precinct 1",Write-in,Republican,0,0,0,0
State Senator 34th District (REP),01000000-5ca2-fec1-c230-08dedc55e1d8,"Hope Township, Precinct 1",Roger Hauck,Republican,206,197,0,9
State Senator 34th District (REP),01000000-5ca2-fec1-c230-08dedc55e1d8,"Hope Township, Precinct 1",Rhonda L. Lange,Republican,26,26,0,0
State Senator 34th District (REP),01000000-5ca2-fec1-c230-08dedc55e1d8,"Hope Township, Precinct 1",Write-in,Republican,0,0,0,0
State Senator 34th District (REP),01000000-5ca2-fec1-c230-08dedc55e1d8,"Jasper Township, Precinct 1",Roger Hauck,Republican,118,118,0,0
State Senator 34th District (REP),01000000-5ca2-fec1-c230-08dedc55e1d8,"Jasper Township, Precinct 1",Rhonda L. Lange,Republican,13,13,0,0
State Senator 34th District (REP),01000000-5ca2-fec1-c230-08dedc55e1d8,"Jasper Township, Precinct 1",Write-in,Republican,0,0,0,0
State Senator 34th District (REP),01000000-5ca2-fec1-c230-08dedc55e1d8,"Jerome Township, Precinct 1",Roger Hauck,Republican,239,108,123,8
State Senator 34th District (REP),01000000-5ca2-fec1-c230-08dedc55e1d8,"Jerome Township, Precinct 1",Rhonda L. Lange,Republican,43,15,28,0
State Senator 34th District (REP),01000000-5ca2-fec1-c230-08dedc55e1d8,"Jerome Township, Precinct 1",Write-in,Republican,0,0,0,0
State Senator 34th District (REP),01000000-5ca2-fec1-c230-08dedc55e1d8,"Jerome Township, Precinct 2",Roger Hauck,Republican,263,143,112,8
State Senator 34th District (REP),01000000-5ca2-fec1-c230-08dedc55e1d8,"Jerome Township, Precinct 2",Rhonda L. Lange,Republican,43,18,24,1
State Senator 34th District (REP),01000000-5ca2-fec1-c230-08dedc55e1d8,"Jerome Township, Precinct 2",Write-in,Republican,1,1,0,0
State Senator 34th District (REP),01000000-5ca2-fec1-c230-08dedc55e1d8,"Lee Township, Precinct 1",Roger Hauck,Republican,169,168,0,1
State Senator 34th District (REP),01000000-5ca2-fec1-c230-08dedc55e1d8,"Lee Township, Precinct 1",Rhonda L. Lange,Republican,32,32,0,0
State Senator 34th District (REP),01000000-5ca2-fec1-c230-08dedc55e1d8,"Lee Township, Precinct 1",Write-in,Republican,0,0,0,0
State Senator 34th District (REP),01000000-5ca2-fec1-c230-08dedc55e1d8,"Lee Township, Precinct 2",Roger Hauck,Republican,175,167,0,8
State Senator 34th District (REP),01000000-5ca2-fec1-c230-08dedc55e1d8,"Lee Township, Precinct 2",Rhonda L. Lange,Republican,19,19,0,0
State Senator 34th District (REP),01000000-5ca2-fec1-c230-08dedc55e1d8,"Lee Township, Precinct 2",Write-in,Republican,0,0,0,0
State Senator 34th District (REP),01000000-5ca2-fec1-c230-08dedc55e1d8,"Mills Township, Precinct 1",Roger Hauck,Republican,232,229,0,3
State Senator 34th District (REP),01000000-5ca2-fec1-c230-08dedc55e1d8,"Mills Township, Precinct 1",Rhonda L. Lange,Republican,21,21,0,0
State Senator 34th District (REP),01000000-5ca2-fec1-c230-08dedc55e1d8,"Mills Township, Precinct 1",Write-in,Republican,0,0,0,0
State Senator 34th District (REP),01000000-5ca2-fec1-c230-08dedc55e1d8,"Porter Township, Precinct 1",Roger Hauck,Republican,125,124,0,1
State Senator 34th District (REP),01000000-5ca2-fec1-c230-08dedc55e1d8,"Porter Township, Precinct 1",Rhonda L. Lange,Republican,14,13,0,1
State Senator 34th District (REP),01000000-5ca2-fec1-c230-08dedc55e1d8,"Porter Township, Precinct 1",Write-in,Republican,1,1,0,0
State Senator 34th District (REP),01000000-5ca2-fec1-c230-08dedc55e1d8,"Warren Township, Precinct 1",Roger Hauck,Republican,248,247,0,1
State Senator 34th District (REP),01000000-5ca2-fec1-c230-08dedc55e1d8,"Warren Township, Precinct 1",Rhonda L. Lange,Republican,17,17,0,0
State Senator 34th District (REP),01000000-5ca2-fec1-c230-08dedc55e1d8,"Warren Township, Precinct 1",Write-in,Republican,2,2,0,0
"Delegate to County Convention for City of Midland, Ward 2, Precinct 3 (REP)",01000000-5ca2-fec1-cb5c-08dedc55e1d8,"City of Midland, Ward 2, Precinct 3",Harrison Gunden,Republican,147,57,82,8
"Delegate to County Convention for City of Midland, Ward 2, Precinct 3 (REP)",01000000-5ca2-fec1-cb5c-08dedc55e1d8,"City of Midland, Ward 2, Precinct 3",Rachel Gunden,Republican,150,60,82,8
"Delegate to County Convention for City of Midland, Ward 2, Precinct 3 (REP)",01000000-5ca2-fec1-cb5c-08dedc55e1d8,"City of Midland, Ward 2, Precinct 3",Kimberly A. Lewis,Republican,147,56,83,8
"Delegate to County Convention for City of Midland, Ward 2, Precinct 3 (REP)",01000000-5ca2-fec1-cb5c-08dedc55e1d8,"City of Midland, Ward 2, Precinct 3",Bill G. Schuette,Republican,254,101,137,16
"Delegate to County Convention for City of Midland, Ward 2, Precinct 3 (REP)",01000000-5ca2-fec1-cb5c-08dedc55e1d8,"City of Midland, Ward 2, Precinct 3",Bridgit Sova,Republican,156,60,87,9
"Delegate to County Convention for City of Midland, Ward 2, Precinct 3 (REP)",01000000-5ca2-fec1-cb5c-08dedc55e1d8,"City of Midland, Ward 2, Precinct 3",Joe Sova,Republican,172,61,101,10
"Delegate to County Convention for City of Midland, Ward 2, Precinct 3 (REP)",01000000-5ca2-fec1-cb5c-08dedc55e1d8,"City of Midland, Ward 2, Precinct 3",Write-in,Republican,4,3,0,1
State Senator 35th District (DEM),01000000-5ca2-fec1-a943-08dedc55e1d8,"City of Midland, Ward 1, Precinct 1",Chedrick Greene,Democrat,553,193,336,24
State Senator 35th District (DEM),01000000-5ca2-fec1-a943-08dedc55e1d8,"City of Midland, Ward 1, Precinct 1",Write-in,Democrat,1,1,0,0
State Senator 35th District (DEM),01000000-5ca2-fec1-a943-08dedc55e1d8,"City of Midland, Ward 1, Precinct 2",Chedrick Greene,Democrat,436,152,252,32
State Senator 35th District (DEM),01000000-5ca2-fec1-a943-08dedc55e1d8,"City of Midland, Ward 1, Precinct 2",Write-in,Democrat,2,1,0,1
State Senator 35th District (DEM),01000000-5ca2-fec1-a943-08dedc55e1d8,"City of Midland, Ward 2, Precinct 3",Chedrick Greene,Democrat,520,148,341,31
State Senator 35th District (DEM),01000000-5ca2-fec1-a943-08dedc55e1d8,"City of Midland, Ward 2, Precinct 3",Write-in,Democrat,2,2,0,0
State Senator 35th District (DEM),01000000-5ca2-fec1-a943-08dedc55e1d8,"City of Midland, Ward 2, Precinct 4",Chedrick Greene,Democrat,765,245,474,46
State Senator 35th District (DEM),01000000-5ca2-fec1-a943-08dedc55e1d8,"City of Midland, Ward 2, Precinct 4",Write-in,Democrat,4,4,0,0
State Senator 35th District (DEM),01000000-5ca2-fec1-a943-08dedc55e1d8,"City of Midland, Ward 3, Precinct 5",Chedrick Greene,Democrat,587,194,357,36
State Senator 35th District (DEM),01000000-5ca2-fec1-a943-08dedc55e1d8,"City of Midland, Ward 3, Precinct 5",Write-in,Democrat,0,0,0,0
State Senator 35th District (DEM),01000000-5ca2-fec1-a943-08dedc55e1d8,"City of Midland, Ward 3, Precinct 6",Chedrick Greene,Democrat,741,222,499,20
State Senator 35th District (DEM),01000000-5ca2-fec1-a943-08dedc55e1d8,"City of Midland, Ward 3, Precinct 6",Write-in,Democrat,3,2,1,0
State Senator 35th District (DEM),01000000-5ca2-fec1-a943-08dedc55e1d8,"City of Midland, Ward 4, Precinct 7",Chedrick Greene,Democrat,757,222,502,33
State Senator 35th District (DEM),01000000-5ca2-fec1-a943-08dedc55e1d8,"City of Midland, Ward 4, Precinct 7",Write-in,Democrat,1,1,0,0
State Senator 35th District (DEM),01000000-5ca2-fec1-a943-08dedc55e1d8,"City of Midland, Ward 4, Precinct 8",Chedrick Greene,Democrat,752,227,494,31
State Senator 35th District (DEM),01000000-5ca2-fec1-a943-08dedc55e1d8,"City of Midland, Ward 4, Precinct 8",Write-in,Democrat,2,2,0,0
State Senator 35th District (DEM),01000000-5ca2-fec1-a943-08dedc55e1d8,"City of Midland, Ward 5, Precinct 9",Chedrick Greene,Democrat,766,254,486,26
State Senator 35th District (DEM),01000000-5ca2-fec1-a943-08dedc55e1d8,"City of Midland, Ward 5, Precinct 9",Write-in,Democrat,0,0,0,0
State Senator 35th District (DEM),01000000-5ca2-fec1-a943-08dedc55e1d8,"City of Midland, Ward 5, Precinct 10",Chedrick Greene,Democrat,802,274,490,38
State Senator 35th District (DEM),01000000-5ca2-fec1-a943-08dedc55e1d8,"City of Midland, Ward 5, Precinct 10",Write-in,Democrat,2,1,0,1
State Senator 35th District (DEM),01000000-5ca2-fec1-a943-08dedc55e1d8,"Homer Township, Precinct 1",Chedrick Greene,Democrat,179,175,0,4
State Senator 35th District (DEM),01000000-5ca2-fec1-a943-08dedc55e1d8,"Homer Township, Precinct 1",Write-in,Democrat,0,0,0,0
State Senator 35th District (DEM),01000000-5ca2-fec1-a943-08dedc55e1d8,"Homer Township, Precinct 2",Chedrick Greene,Democrat,131,128,0,3
State Senator 35th District (DEM),01000000-5ca2-fec1-a943-08dedc55e1d8,"Homer Township, Precinct 2",Write-in,Democrat,0,0,0,0
State Senator 35th District (DEM),01000000-5ca2-fec1-a943-08dedc55e1d8,"Homer Township, Precinct 3",Chedrick Greene,Democrat,214,204,0,10
State Senator 35th District (DEM),01000000-5ca2-fec1-a943-08dedc55e1d8,"Homer Township, Precinct 3",Write-in,Democrat,1,0,0,1
State Senator 35th District (DEM),01000000-5ca2-fec1-a943-08dedc55e1d8,"Ingersoll Township, Precinct 1",Chedrick Greene,Democrat,156,153,0,3
State Senator 35th District (DEM),01000000-5ca2-fec1-a943-08dedc55e1d8,"Ingersoll Township, Precinct 1",Write-in,Democrat,5,5,0,0
State Senator 35th District (DEM),01000000-5ca2-fec1-a943-08dedc55e1d8,"Ingersoll Township, Precinct 2",Chedrick Greene,Democrat,112,109,0,3
State Senator 35th District (DEM),01000000-5ca2-fec1-a943-08dedc55e1d8,"Ingersoll Township, Precinct 2",Write-in,Democrat,0,0,0,0
State Senator 35th District (DEM),01000000-5ca2-fec1-a943-08dedc55e1d8,"Larkin Township, Precinct 1",Chedrick Greene,Democrat,255,87,158,10
State Senator 35th District (DEM),01000000-5ca2-fec1-a943-08dedc55e1d8,"Larkin Township, Precinct 1",Write-in,Democrat,2,1,1,0
State Senator 35th District (DEM),01000000-5ca2-fec1-a943-08dedc55e1d8,"Larkin Township, Precinct 2",Chedrick Greene,Democrat,367,133,214,20
State Senator 35th District (DEM),01000000-5ca2-fec1-a943-08dedc55e1d8,"Larkin Township, Precinct 2",Write-in,Democrat,1,0,1,0
State Senator 35th District (DEM),01000000-5ca2-fec1-a943-08dedc55e1d8,"Lincoln Township, Precinct 1",Chedrick Greene,Democrat,306,291,0,15
State Senator 35th District (DEM),01000000-5ca2-fec1-a943-08dedc55e1d8,"Lincoln Township, Precinct 1",Write-in,Democrat,3,3,0,0
State Senator 35th District (DEM),01000000-5ca2-fec1-a943-08dedc55e1d8,"Midland Township, Precinct 1",Chedrick Greene,Democrat,233,229,0,4
State Senator 35th District (DEM),01000000-5ca2-fec1-a943-08dedc55e1d8,"Midland Township, Precinct 1",Write-in,Democrat,1,0,0,1
State Senator 35th District (DEM),01000000-5ca2-fec1-a943-08dedc55e1d8,"Mt. Haley Township, Precinct 1",Chedrick Greene,Democrat,190,173,0,17
State Senator 35th District (DEM),01000000-5ca2-fec1-a943-08dedc55e1d8,"Mt. Haley Township, Precinct 1",Write-in,Democrat,1,1,0,0
"Delegate to County Convention for Warren Township, Precinct 1 (DEM)",01000000-5ca2-fec1-bf70-08dedc55e1d8,"Warren Township, Precinct 1",Write-in,Democrat,13,13,0,0
Township Clerk Partial Term Ending 11/20/2028 for Edenville Township (REP),01000000-5ca2-fec1-c4b7-08dedc55e1d8,"Edenville Township, Precinct 1",Write-in,Republican,68,67,0,1
County Road Commissioner for Bay County (DEM),01000000-5ca2-fec1-aa49-08dedc55e1d8,"City of Midland, Ward 1, Precinct 2",Bill Jordan,Democrat,9,4,5,0
County Road Commissioner for Bay County (DEM),01000000-5ca2-fec1-aa49-08dedc55e1d8,"City of Midland, Ward 1, Precinct 2",Write-in,Democrat,0,0,0,0
"Delegate to County Convention for Jerome Township, Precinct 1 (REP)",01000000-5ca2-fec1-dafc-08dedc55e1d8,"Jerome Township, Precinct 1",Amanda Oster,Republican,158,65,86,7
"Delegate to County Convention for Jerome Township, Precinct 1 (REP)",01000000-5ca2-fec1-dafc-08dedc55e1d8,"Jerome Township, Precinct 1",Dave Stewart,Republican,192,74,110,8
"Delegate to County Convention for Jerome Township, Precinct 1 (REP)",01000000-5ca2-fec1-dafc-08dedc55e1d8,"Jerome Township, Precinct 1",Write-in,Republican,2,1,1,0
"Delegate to County Convention for Jerome Township, Precinct 1 (DEM)",01000000-5ca2-fec1-bb8a-08dedc55e1d8,"Jerome Township, Precinct 1",Kristen Mizell,Democrat,259,52,199,8
"Delegate to County Convention for Jerome Township, Precinct 1 (DEM)",01000000-5ca2-fec1-bb8a-08dedc55e1d8,"Jerome Township, Precinct 1",Write-in,Democrat,1,1,0,0
"Delegate to County Convention for Hope Township, Precinct 1 (REP)",01000000-5ca2-fec1-d90e-08dedc55e1d8,"Hope Township, Precinct 1",Marinell Schafer,Republican,206,198,0,8
"Delegate to County Convention for Hope Township, Precinct 1 (REP)",01000000-5ca2-fec1-d90e-08dedc55e1d8,"Hope Township, Precinct 1",Write-in,Republican,3,3,0,0
"Delegate to County Convention for Ingersoll Township, Precinct 2 (REP)",01000000-5ca2-fec1-da61-08dedc55e1d8,"Ingersoll Township, Precinct 2",Write-in,Republican,21,21,0,0
"Delegate to County Convention for Lee Township, Precinct 1 (REP)",01000000-5ca2-fec1-e06c-08dedc55e1d8,"Lee Township, Precinct 1",Write-in,Republican,23,23,0,0
Midland County Services to Older Citizens Millage Renewal Proposal,01000000-5ca2-fec1-e524-08dedc55e1d8,"City of Coleman, Precinct 1",Yes,,168,162,0,6
Midland County Services to Older Citizens Millage Renewal Proposal,01000000-5ca2-fec1-e524-08dedc55e1d8,"City of Coleman, Precinct 1",No,,45,39,0,6
Midland County Services to Older Citizens Millage Renewal Proposal,01000000-5ca2-fec1-e524-08dedc55e1d8,"City of Midland, Ward 1, Precinct 1",Yes,,683,244,405,34
Midland County Services to Older Citizens Millage Renewal Proposal,01000000-5ca2-fec1-e524-08dedc55e1d8,"City of Midland, Ward 1, Precinct 1",No,,218,113,98,7
Midland County Services to Older Citizens Millage Renewal Proposal,01000000-5ca2-fec1-e524-08dedc55e1d8,"City of Midland, Ward 1, Precinct 2",Yes,,541,185,324,32
Midland County Services to Older Citizens Millage Renewal Proposal,01000000-5ca2-fec1-e524-08dedc55e1d8,"City of Midland, Ward 1, Precinct 2",No,,145,77,63,5
Midland County Services to Older Citizens Millage Renewal Proposal,01000000-5ca2-fec1-e524-08dedc55e1d8,"City of Midland, Ward 2, Precinct 3",Yes,,658,196,433,29
Midland County Services to Older Citizens Millage Renewal Proposal,01000000-5ca2-fec1-e524-08dedc55e1d8,"City of Midland, Ward 2, Precinct 3",No,,179,70,95,14
Midland County Services to Older Citizens Millage Renewal Proposal,01000000-5ca2-fec1-e524-08dedc55e1d8,"City of Midland, Ward 2, Precinct 4",Yes,,938,307,575,56
Midland County Services to Older Citizens Millage Renewal Proposal,01000000-5ca2-fec1-e524-08dedc55e1d8,"City of Midland, Ward 2, Precinct 4",No,,228,113,109,6
Midland County Services to Older Citizens Millage Renewal Proposal,01000000-5ca2-fec1-e524-08dedc55e1d8,"City of Midland, Ward 3, Precinct 5",Yes,,786,274,470,42
Midland County Services to Older Citizens Millage Renewal Proposal,01000000-5ca2-fec1-e524-08dedc55e1d8,"City of Midland, Ward 3, Precinct 5",No,,243,121,116,6
Midland County Services to Older Citizens Millage Renewal Proposal,01000000-5ca2-fec1-e524-08dedc55e1d8,"City of Midland, Ward 3, Precinct 6",Yes,,1001,305,654,42
Midland County Services to Older Citizens Millage Renewal Proposal,01000000-5ca2-fec1-e524-08dedc55e1d8,"City of Midland, Ward 3, Precinct 6",No,,272,141,123,8
Midland County Services to Older Citizens Millage Renewal Proposal,01000000-5ca2-fec1-e524-08dedc55e1d8,"City of Midland, Ward 4, Precinct 7",Yes,,1024,308,682,34
Midland County Services to Older Citizens Millage Renewal Proposal,01000000-5ca2-fec1-e524-08dedc55e1d8,"City of Midland, Ward 4, Precinct 7",No,,227,109,110,8
Midland County Services to Older Citizens Millage Renewal Proposal,01000000-5ca2-fec1-e524-08dedc55e1d8,"City of Midland, Ward 4, Precinct 8",Yes,,964,305,609,50
Midland County Services to Older Citizens Millage Renewal Proposal,01000000-5ca2-fec1-e524-08dedc55e1d8,"City of Midland, Ward 4, Precinct 8",No,,262,121,133,8
Midland County Services to Older Citizens Millage Renewal Proposal,01000000-5ca2-fec1-e524-08dedc55e1d8,"City of Midland, Ward 5, Precinct 9",Yes,,926,317,580,29
Midland County Services to Older Citizens Millage Renewal Proposal,01000000-5ca2-fec1-e524-08dedc55e1d8,"City of Midland, Ward 5, Precinct 9",No,,200,114,83,3
Midland County Services to Older Citizens Millage Renewal Proposal,01000000-5ca2-fec1-e524-08dedc55e1d8,"City of Midland, Ward 5, Precinct 10",Yes,,1028,363,616,49
Midland County Services to Older Citizens Millage Renewal Proposal,01000000-5ca2-fec1-e524-08dedc55e1d8,"City of Midland, Ward 5, Precinct 10",No,,234,114,111,9
Midland County Services to Older Citizens Millage Renewal Proposal,01000000-5ca2-fec1-e524-08dedc55e1d8,"Edenville Township, Precinct 1",Yes,,465,459,0,6
Midland County Services to Older Citizens Millage Renewal Proposal,01000000-5ca2-fec1-e524-08dedc55e1d8,"Edenville Township, Precinct 1",No,,196,192,0,4
Midland County Services to Older Citizens Millage Renewal Proposal,01000000-5ca2-fec1-e524-08dedc55e1d8,"Geneva Township, Precinct 1",Yes,,210,208,0,2
Midland County Services to Older Citizens Millage Renewal Proposal,01000000-5ca2-fec1-e524-08dedc55e1d8,"Geneva Township, Precinct 1",No,,76,76,0,0
Midland County Services to Older Citizens Millage Renewal Proposal,01000000-5ca2-fec1-e524-08dedc55e1d8,"Greendale Township, Precinct 1",Yes,,226,220,0,6
Midland County Services to Older Citizens Millage Renewal Proposal,01000000-5ca2-fec1-e524-08dedc55e1d8,"Greendale Township, Precinct 1",No,,127,123,0,4
Midland County Services to Older Citizens Millage Renewal Proposal,01000000-5ca2-fec1-e524-08dedc55e1d8,"Homer Township, Precinct 1",Yes,,249,245,0,4
Midland County Services to Older Citizens Millage Renewal Proposal,01000000-5ca2-fec1-e524-08dedc55e1d8,"Homer Township, Precinct 1",No,,62,62,0,0
Midland County Services to Older Citizens Millage Renewal Proposal,01000000-5ca2-fec1-e524-08dedc55e1d8,"Homer Township, Precinct 2",Yes,,214,212,0,2
Midland County Services to Older Citizens Millage Renewal Proposal,01000000-5ca2-fec1-e524-08dedc55e1d8,"Homer Township, Precinct 2",No,,87,84,0,3
Midland County Services to Older Citizens Millage Renewal Proposal,01000000-5ca2-fec1-e524-08dedc55e1d8,"Homer Township, Precinct 3",Yes,,321,305,0,16
Midland County Services to Older Citizens Millage Renewal Proposal,01000000-5ca2-fec1-e524-08dedc55e1d8,"Homer Township, Precinct 3",No,,85,84,0,1
Midland County Services to Older Citizens Millage Renewal Proposal,01000000-5ca2-fec1-e524-08dedc55e1d8,"Hope Township, Precinct 1",Yes,,251,244,0,7
Midland County Services to Older Citizens Millage Renewal Proposal,01000000-5ca2-fec1-e524-08dedc55e1d8,"Hope Township, Precinct 1",No,,133,132,0,1
Midland County Services to Older Citizens Millage Renewal Proposal,01000000-5ca2-fec1-e524-08dedc55e1d8,"Ingersoll Township, Precinct 1",Yes,,274,269,0,5
Midland County Services to Older Citizens Millage Renewal Proposal,01000000-5ca2-fec1-e524-08dedc55e1d8,"Ingersoll Township, Precinct 1",No,,110,107,0,3
Midland County Services to Older Citizens Millage Renewal Proposal,01000000-5ca2-fec1-e524-08dedc55e1d8,"Ingersoll Township, Precinct 2",Yes,,186,183,0,3
Midland County Services to Older Citizens Millage Renewal Proposal,01000000-5ca2-fec1-e524-08dedc55e1d8,"Ingersoll Township, Precinct 2",No,,86,85,0,1
Midland County Services to Older Citizens Millage Renewal Proposal,01000000-5ca2-fec1-e524-08dedc55e1d8,"Jasper Township, Precinct 1",Yes,,157,157,0,0
Midland County Services to Older Citizens Millage Renewal Proposal,01000000-5ca2-fec1-e524-08dedc55e1d8,"Jasper Township, Precinct 1",No,,68,68,0,0
Midland County Services to Older Citizens Millage Renewal Proposal,01000000-5ca2-fec1-e524-08dedc55e1d8,"Jerome Township, Precinct 1",Yes,,484,144,328,12
Midland County Services to Older Citizens Millage Renewal Proposal,01000000-5ca2-fec1-e524-08dedc55e1d8,"Jerome Township, Precinct 1",No,,152,56,92,4
Midland County Services to Older Citizens Millage Renewal Proposal,01000000-5ca2-fec1-e524-08dedc55e1d8,"Jerome Township, Precinct 2",Yes,,411,137,258,16
Midland County Services to Older Citizens Millage Renewal Proposal,01000000-5ca2-fec1-e524-08dedc55e1d8,"Jerome Township, Precinct 2",No,,165,84,80,1
Midland County Services to Older Citizens Millage Renewal Proposal,01000000-5ca2-fec1-e524-08dedc55e1d8,"Larkin Township, Precinct 1",Yes,,523,219,285,19
Midland County Services to Older Citizens Millage Renewal Proposal,01000000-5ca2-fec1-e524-08dedc55e1d8,"Larkin Township, Precinct 1",No,,222,122,95,5
Midland County Services to Older Citizens Millage Renewal Proposal,01000000-5ca2-fec1-e524-08dedc55e1d8,"Larkin Township, Precinct 2",Yes,,717,303,384,30
Midland County Services to Older Citizens Millage Renewal Proposal,01000000-5ca2-fec1-e524-08dedc55e1d8,"Larkin Township, Precinct 2",No,,255,140,104,11
Midland County Services to Older Citizens Millage Renewal Proposal,01000000-5ca2-fec1-e524-08dedc55e1d8,"Lee Township, Precinct 1",Yes,,267,259,0,8
Midland County Services to Older Citizens Millage Renewal Proposal,01000000-5ca2-fec1-e524-08dedc55e1d8,"Lee Township, Precinct 1",No,,121,120,0,1
Midland County Services to Older Citizens Millage Renewal Proposal,01000000-5ca2-fec1-e524-08dedc55e1d8,"Lee Township, Precinct 2",Yes,,258,248,0,10
Midland County Services to Older Citizens Millage Renewal Proposal,01000000-5ca2-fec1-e524-08dedc55e1d8,"Lee Township, Precinct 2",No,,116,115,0,1
Midland County Services to Older Citizens Millage Renewal Proposal,01000000-5ca2-fec1-e524-08dedc55e1d8,"Lincoln Township, Precinct 1",Yes,,531,509,0,22
Midland County Services to Older Citizens Millage Renewal Proposal,01000000-5ca2-fec1-e524-08dedc55e1d8,"Lincoln Township, Precinct 1",No,,194,192,0,2
Midland County Services to Older Citizens Millage Renewal Proposal,01000000-5ca2-fec1-e524-08dedc55e1d8,"Midland Township, Precinct 1",Yes,,390,379,0,11
Midland County Services to Older Citizens Millage Renewal Proposal,01000000-5ca2-fec1-e524-08dedc55e1d8,"Midland Township, Precinct 1",No,,130,128,0,2
Midland County Services to Older Citizens Millage Renewal Proposal,01000000-5ca2-fec1-e524-08dedc55e1d8,"Mills Township, Precinct 1",Yes,,327,313,0,14
Midland County Services to Older Citizens Millage Renewal Proposal,01000000-5ca2-fec1-e524-08dedc55e1d8,"Mills Township, Precinct 1",No,,141,141,0,0
Midland County Services to Older Citizens Millage Renewal Proposal,01000000-5ca2-fec1-e524-08dedc55e1d8,"Mt. Haley Township, Precinct 1",Yes,,293,273,0,20
Midland County Services to Older Citizens Millage Renewal Proposal,01000000-5ca2-fec1-e524-08dedc55e1d8,"Mt. Haley Township, Precinct 1",No,,111,109,0,2
Midland County Services to Older Citizens Millage Renewal Proposal,01000000-5ca2-fec1-e524-08dedc55e1d8,"Porter Township, Precinct 1",Yes,,179,176,0,3
Midland County Services to Older Citizens Millage Renewal Proposal,01000000-5ca2-fec1-e524-08dedc55e1d8,"Porter Township, Precinct 1",No,,76,75,0,1
Midland County Services to Older Citizens Millage Renewal Proposal,01000000-5ca2-fec1-e524-08dedc55e1d8,"Warren Township, Precinct 1",Yes,,311,308,0,3
Midland County Services to Older Citizens Millage Renewal Proposal,01000000-5ca2-fec1-e524-08dedc55e1d8,"Warren Township, Precinct 1",No,,138,137,0,1
"Delegate to County Convention for City of Coleman, Precinct 1 (DEM)",01000000-5ca2-fec1-adef-08dedc55e1d8,"City of Coleman, Precinct 1",Write-in,Democrat,23,23,0,0
"Delegate to County Convention for City of Midland, Ward 1, Precinct 2 (Bay) (REP)",01000000-5ca2-fec1-cb10-08dedc55e1d8,"City of Midland, Ward 1, Precinct 2",Write-in,Republican,7,7,0,0
"Delegate to County Convention for Greendale Township, Precinct 1 (DEM)",01000000-5ca2-fec1-b8d6-08dedc55e1d8,"Greendale Township, Precinct 1",Write-in,Democrat,24,24,0,0
State Senator 35th District (REP),01000000-5ca2-fec1-c2c9-08dedc55e1d8,"City of Midland, Ward 1, Precinct 1",Jason Tunney,Republican,267,134,116,17
State Senator 35th District (REP),01000000-5ca2-fec1-c2c9-08dedc55e1d8,"City of Midland, Ward 1, Precinct 1",Chadwick Twillman,Republican,32,15,16,1
State Senator 35th District (REP),01000000-5ca2-fec1-c2c9-08dedc55e1d8,"City of Midland, Ward 1, Precinct 1",Write-in,Republican,0,0,0,0
State Senator 35th District (REP),01000000-5ca2-fec1-c2c9-08dedc55e1d8,"City of Midland, Ward 1, Precinct 2",Jason Tunney,Republican,214,107,104,3
State Senator 35th District (REP),01000000-5ca2-fec1-c2c9-08dedc55e1d8,"City of Midland, Ward 1, Precinct 2",Chadwick Twillman,Republican,37,24,12,1
State Senator 35th District (REP),01000000-5ca2-fec1-c2c9-08dedc55e1d8,"City of Midland, Ward 1, Precinct 2",Write-in,Republican,0,0,0,0
State Senator 35th District (REP),01000000-5ca2-fec1-c2c9-08dedc55e1d8,"City of Midland, Ward 2, Precinct 3",Jason Tunney,Republican,268,104,148,16
State Senator 35th District (REP),01000000-5ca2-fec1-c2c9-08dedc55e1d8,"City of Midland, Ward 2, Precinct 3",Chadwick Twillman,Republican,34,20,14,0
State Senator 35th District (REP),01000000-5ca2-fec1-c2c9-08dedc55e1d8,"City of Midland, Ward 2, Precinct 3",Write-in,Republican,1,0,0,1
State Senator 35th District (REP),01000000-5ca2-fec1-c2c9-08dedc55e1d8,"City of Midland, Ward 2, Precinct 4",Jason Tunney,Republican,307,143,150,14
State Senator 35th District (REP),01000000-5ca2-fec1-c2c9-08dedc55e1d8,"City of Midland, Ward 2, Precinct 4",Chadwick Twillman,Republican,57,25,28,4
State Senator 35th District (REP),01000000-5ca2-fec1-c2c9-08dedc55e1d8,"City of Midland, Ward 2, Precinct 4",Write-in,Republican,0,0,0,0
State Senator 35th District (REP),01000000-5ca2-fec1-c2c9-08dedc55e1d8,"City of Midland, Ward 3, Precinct 5",Jason Tunney,Republican,366,190,166,10
State Senator 35th District (REP),01000000-5ca2-fec1-c2c9-08dedc55e1d8,"City of Midland, Ward 3, Precinct 5",Chadwick Twillman,Republican,22,11,11,0
State Senator 35th District (REP),01000000-5ca2-fec1-c2c9-08dedc55e1d8,"City of Midland, Ward 3, Precinct 5",Write-in,Republican,0,0,0,0
State Senator 35th District (REP),01000000-5ca2-fec1-c2c9-08dedc55e1d8,"City of Midland, Ward 3, Precinct 6",Jason Tunney,Republican,420,191,202,27
State Senator 35th District (REP),01000000-5ca2-fec1-c2c9-08dedc55e1d8,"City of Midland, Ward 3, Precinct 6",Chadwick Twillman,Republican,41,15,23,3
State Senator 35th District (REP),01000000-5ca2-fec1-c2c9-08dedc55e1d8,"City of Midland, Ward 3, Precinct 6",Write-in,Republican,2,2,0,0
State Senator 35th District (REP),01000000-5ca2-fec1-c2c9-08dedc55e1d8,"City of Midland, Ward 4, Precinct 7",Jason Tunney,Republican,389,161,217,11
State Senator 35th District (REP),01000000-5ca2-fec1-c2c9-08dedc55e1d8,"City of Midland, Ward 4, Precinct 7",Chadwick Twillman,Republican,44,16,28,0
State Senator 35th District (REP),01000000-5ca2-fec1-c2c9-08dedc55e1d8,"City of Midland, Ward 4, Precinct 7",Write-in,Republican,2,2,0,0
State Senator 35th District (REP),01000000-5ca2-fec1-c2c9-08dedc55e1d8,"City of Midland, Ward 4, Precinct 8",Jason Tunney,Republican,364,164,184,16
State Senator 35th District (REP),01000000-5ca2-fec1-c2c9-08dedc55e1d8,"City of Midland, Ward 4, Precinct 8",Chadwick Twillman,Republican,46,24,20,2
State Senator 35th District (REP),01000000-5ca2-fec1-c2c9-08dedc55e1d8,"City of Midland, Ward 4, Precinct 8",Write-in,Republican,1,0,0,1
State Senator 35th District (REP),01000000-5ca2-fec1-c2c9-08dedc55e1d8,"City of Midland, Ward 5, Precinct 9",Jason Tunney,Republican,307,175,127,5
State Senator 35th District (REP),01000000-5ca2-fec1-c2c9-08dedc55e1d8,"City of Midland, Ward 5, Precinct 9",Chadwick Twillman,Republican,38,18,20,0
State Senator 35th District (REP),01000000-5ca2-fec1-c2c9-08dedc55e1d8,"City of Midland, Ward 5, Precinct 9",Write-in,Republican,0,0,0,0
State Senator 35th District (REP),01000000-5ca2-fec1-c2c9-08dedc55e1d8,"City of Midland, Ward 5, Precinct 10",Jason Tunney,Republican,386,183,185,18
State Senator 35th District (REP),01000000-5ca2-fec1-c2c9-08dedc55e1d8,"City of Midland, Ward 5, Precinct 10",Chadwick Twillman,Republican,48,27,18,3
State Senator 35th District (REP),01000000-5ca2-fec1-c2c9-08dedc55e1d8,"City of Midland, Ward 5, Precinct 10",Write-in,Republican,0,0,0,0
State Senator 35th District (REP),01000000-5ca2-fec1-c2c9-08dedc55e1d8,"Homer Township, Precinct 1",Jason Tunney,Republican,112,112,0,0
State Senator 35th District (REP),01000000-5ca2-fec1-c2c9-08dedc55e1d8,"Homer Township, Precinct 1",Chadwick Twillman,Republican,10,10,0,0
State Senator 35th District (REP),01000000-5ca2-fec1-c2c9-08dedc55e1d8,"Homer Township, Precinct 1",Write-in,Republican,0,0,0,0
State Senator 35th District (REP),01000000-5ca2-fec1-c2c9-08dedc55e1d8,"Homer Township, Precinct 2",Jason Tunney,Republican,136,134,0,2
State Senator 35th District (REP),01000000-5ca2-fec1-c2c9-08dedc55e1d8,"Homer Township, Precinct 2",Chadwick Twillman,Republican,25,25,0,0
State Senator 35th District (REP),01000000-5ca2-fec1-c2c9-08dedc55e1d8,"Homer Township, Precinct 2",Write-in,Republican,0,0,0,0
State Senator 35th District (REP),01000000-5ca2-fec1-c2c9-08dedc55e1d8,"Homer Township, Precinct 3",Jason Tunney,Republican,155,151,0,4
State Senator 35th District (REP),01000000-5ca2-fec1-c2c9-08dedc55e1d8,"Homer Township, Precinct 3",Chadwick Twillman,Republican,22,22,0,0
State Senator 35th District (REP),01000000-5ca2-fec1-c2c9-08dedc55e1d8,"Homer Township, Precinct 3",Write-in,Republican,3,3,0,0
State Senator 35th District (REP),01000000-5ca2-fec1-c2c9-08dedc55e1d8,"Ingersoll Township, Precinct 1",Jason Tunney,Republican,168,163,0,5
State Senator 35th District (REP),01000000-5ca2-fec1-c2c9-08dedc55e1d8,"Ingersoll Township, Precinct 1",Chadwick Twillman,Republican,30,30,0,0
State Senator 35th District (REP),01000000-5ca2-fec1-c2c9-08dedc55e1d8,"Ingersoll Township, Precinct 1",Write-in,Republican,1,1,0,0
State Senator 35th District (REP),01000000-5ca2-fec1-c2c9-08dedc55e1d8,"Ingersoll Township, Precinct 2",Jason Tunney,Republican,124,123,0,1
State Senator 35th District (REP),01000000-5ca2-fec1-c2c9-08dedc55e1d8,"Ingersoll Township, Precinct 2",Chadwick Twillman,Republican,15,15,0,0
State Senator 35th District (REP),01000000-5ca2-fec1-c2c9-08dedc55e1d8,"Ingersoll Township, Precinct 2",Write-in,Republican,1,1,0,0
State Senator 35th District (REP),01000000-5ca2-fec1-c2c9-08dedc55e1d8,"Larkin Township, Precinct 1",Jason Tunney,Republican,363,190,162,11
State Senator 35th District (REP),01000000-5ca2-fec1-c2c9-08dedc55e1d8,"Larkin Township, Precinct 1",Chadwick Twillman,Republican,50,37,11,2
State Senator 35th District (REP),01000000-5ca2-fec1-c2c9-08dedc55e1d8,"Larkin Township, Precinct 1",Write-in,Republican,0,0,0,0
State Senator 35th District (REP),01000000-5ca2-fec1-c2c9-08dedc55e1d8,"Larkin Township, Precinct 2",Jason Tunney,Republican,452,261,176,15
State Senator 35th District (REP),01000000-5ca2-fec1-c2c9-08dedc55e1d8,"Larkin Township, Precinct 2",Chadwick Twillman,Republican,63,39,22,2
State Senator 35th District (REP),01000000-5ca2-fec1-c2c9-08dedc55e1d8,"Larkin Township, Precinct 2",Write-in,Republican,0,0,0,0
State Senator 35th District (REP),01000000-5ca2-fec1-c2c9-08dedc55e1d8,"Lincoln Township, Precinct 1",Jason Tunney,Republican,309,304,0,5
State Senator 35th District (REP),01000000-5ca2-fec1-c2c9-08dedc55e1d8,"Lincoln Township, Precinct 1",Chadwick Twillman,Republican,45,43,0,2
State Senator 35th District (REP),01000000-5ca2-fec1-c2c9-08dedc55e1d8,"Lincoln Township, Precinct 1",Write-in,Republican,0,0,0,0
State Senator 35th District (REP),01000000-5ca2-fec1-c2c9-08dedc55e1d8,"Midland Township, Precinct 1",Jason Tunney,Republican,231,223,0,8
State Senator 35th District (REP),01000000-5ca2-fec1-c2c9-08dedc55e1d8,"Midland Township, Precinct 1",Chadwick Twillman,Republican,37,37,0,0
State Senator 35th District (REP),01000000-5ca2-fec1-c2c9-08dedc55e1d8,"Midland Township, Precinct 1",Write-in,Republican,0,0,0,0
State Senator 35th District (REP),01000000-5ca2-fec1-c2c9-08dedc55e1d8,"Mt. Haley Township, Precinct 1",Jason Tunney,Republican,183,179,0,4
State Senator 35th District (REP),01000000-5ca2-fec1-c2c9-08dedc55e1d8,"Mt. Haley Township, Precinct 1",Chadwick Twillman,Republican,18,18,0,0
State Senator 35th District (REP),01000000-5ca2-fec1-c2c9-08dedc55e1d8,"Mt. Haley Township, Precinct 1",Write-in,Republican,0,0,0,0
Township Clerk Partial Term Ending 11/20/2028 for Larkin Township (REP),01000000-5ca2-fec1-c57a-08dedc55e1d8,"Larkin Township, Precinct 1",Mary Draves,Republican,174,90,77,7
Township Clerk Partial Term Ending 11/20/2028 for Larkin Township (REP),01000000-5ca2-fec1-c57a-08dedc55e1d8,"Larkin Township, Precinct 1",Greydon Koellmann,Republican,285,166,110,9
Township Clerk Partial Term Ending 11/20/2028 for Larkin Township (REP),01000000-5ca2-fec1-c57a-08dedc55e1d8,"Larkin Township, Precinct 1",Write-in,Republican,1,0,1,0
Township Clerk Partial Term Ending 11/20/2028 for Larkin Township (REP),01000000-5ca2-fec1-c57a-08dedc55e1d8,"Larkin Township, Precinct 2",Mary Draves,Republican,216,111,95,10
Township Clerk Partial Term Ending 11/20/2028 for Larkin Township (REP),01000000-5ca2-fec1-c57a-08dedc55e1d8,"Larkin Township, Precinct 2",Greydon Koellmann,Republican,373,222,140,11
Township Clerk Partial Term Ending 11/20/2028 for Larkin Township (REP),01000000-5ca2-fec1-c57a-08dedc55e1d8,"Larkin Township, Precinct 2",Write-in,Republican,0,0,0,0
Governor (DEM),01000000-5ca2-fec1-8ff5-08dedc55e1d8,"City of Coleman, Precinct 1",Jocelyn Benson,Democrat,65,65,0,0
Governor (DEM),01000000-5ca2-fec1-8ff5-08dedc55e1d8,"City of Coleman, Precinct 1",Christopher Robert Swanson,Democrat,38,35,0,3
Governor (DEM),01000000-5ca2-fec1-8ff5-08dedc55e1d8,"City of Coleman, Precinct 1",Write-in,Democrat,0,0,0,0
Governor (DEM),01000000-5ca2-fec1-8ff5-08dedc55e1d8,"City of Midland, Ward 1, Precinct 1",Jocelyn Benson,Democrat,401,122,264,15
Governor (DEM),01000000-5ca2-fec1-8ff5-08dedc55e1d8,"City of Midland, Ward 1, Precinct 1",Christopher Robert Swanson,Democrat,198,86,103,9
Governor (DEM),01000000-5ca2-fec1-8ff5-08dedc55e1d8,"City of Midland, Ward 1, Precinct 1",Write-in,Democrat,1,1,0,0
Governor (DEM),01000000-5ca2-fec1-8ff5-08dedc55e1d8,"City of Midland, Ward 1, Precinct 2",Jocelyn Benson,Democrat,300,94,184,22
Governor (DEM),01000000-5ca2-fec1-8ff5-08dedc55e1d8,"City of Midland, Ward 1, Precinct 2",Christopher Robert Swanson,Democrat,153,56,84,13
Governor (DEM),01000000-5ca2-fec1-8ff5-08dedc55e1d8,"City of Midland, Ward 1, Precinct 2",Write-in,Democrat,1,1,0,0
Governor (DEM),01000000-5ca2-fec1-8ff5-08dedc55e1d8,"City of Midland, Ward 2, Precinct 3",Jocelyn Benson,Democrat,374,97,260,17
Governor (DEM),01000000-5ca2-fec1-8ff5-08dedc55e1d8,"City of Midland, Ward 2, Precinct 3",Christopher Robert Swanson,Democrat,168,61,94,13
Governor (DEM),01000000-5ca2-fec1-8ff5-08dedc55e1d8,"City of Midland, Ward 2, Precinct 3",Write-in,Democrat,1,1,0,0
Governor (DEM),01000000-5ca2-fec1-8ff5-08dedc55e1d8,"City of Midland, Ward 2, Precinct 4",Jocelyn Benson,Democrat,594,170,384,40
Governor (DEM),01000000-5ca2-fec1-8ff5-08dedc55e1d8,"City of Midland, Ward 2, Precinct 4",Christopher Robert Swanson,Democrat,211,85,120,6
Governor (DEM),01000000-5ca2-fec1-8ff5-08dedc55e1d8,"City of Midland, Ward 2, Precinct 4",Write-in,Democrat,1,1,0,0
Governor (DEM),01000000-5ca2-fec1-8ff5-08dedc55e1d8,"City of Midland, Ward 3, Precinct 5",Jocelyn Benson,Democrat,465,147,286,32
Governor (DEM),01000000-5ca2-fec1-8ff5-08dedc55e1d8,"City of Midland, Ward 3, Precinct 5",Christopher Robert Swanson,Democrat,163,58,97,8
Governor (DEM),01000000-5ca2-fec1-8ff5-08dedc55e1d8,"City of Midland, Ward 3, Precinct 5",Write-in,Democrat,1,1,0,0
Governor (DEM),01000000-5ca2-fec1-8ff5-08dedc55e1d8,"City of Midland, Ward 3, Precinct 6",Jocelyn Benson,Democrat,591,162,414,15
Governor (DEM),01000000-5ca2-fec1-8ff5-08dedc55e1d8,"City of Midland, Ward 3, Precinct 6",Christopher Robert Swanson,Democrat,186,75,106,5
Governor (DEM),01000000-5ca2-fec1-8ff5-08dedc55e1d8,"City of Midland, Ward 3, Precinct 6",Write-in,Democrat,1,1,0,0
Governor (DEM),01000000-5ca2-fec1-8ff5-08dedc55e1d8,"City of Midland, Ward 4, Precinct 7",Jocelyn Benson,Democrat,611,166,419,26
Governor (DEM),01000000-5ca2-fec1-8ff5-08dedc55e1d8,"City of Midland, Ward 4, Precinct 7",Christopher Robert Swanson,Democrat,178,67,102,9
Governor (DEM),01000000-5ca2-fec1-8ff5-08dedc55e1d8,"City of Midland, Ward 4, Precinct 7",Write-in,Democrat,3,3,0,0
Governor (DEM),01000000-5ca2-fec1-8ff5-08dedc55e1d8,"City of Midland, Ward 4, Precinct 8",Jocelyn Benson,Democrat,629,172,427,30
Governor (DEM),01000000-5ca2-fec1-8ff5-08dedc55e1d8,"City of Midland, Ward 4, Precinct 8",Christopher Robert Swanson,Democrat,174,72,96,6
Governor (DEM),01000000-5ca2-fec1-8ff5-08dedc55e1d8,"City of Midland, Ward 4, Precinct 8",Write-in,Democrat,1,1,0,0
Governor (DEM),01000000-5ca2-fec1-8ff5-08dedc55e1d8,"City of Midland, Ward 5, Precinct 9",Jocelyn Benson,Democrat,568,172,379,17
Governor (DEM),01000000-5ca2-fec1-8ff5-08dedc55e1d8,"City of Midland, Ward 5, Precinct 9",Christopher Robert Swanson,Democrat,230,88,134,8
Governor (DEM),01000000-5ca2-fec1-8ff5-08dedc55e1d8,"City of Midland, Ward 5, Precinct 9",Write-in,Democrat,2,1,0,1
Governor (DEM),01000000-5ca2-fec1-8ff5-08dedc55e1d8,"City of Midland, Ward 5, Precinct 10",Jocelyn Benson,Democrat,619,203,391,25
Governor (DEM),01000000-5ca2-fec1-8ff5-08dedc55e1d8,"City of Midland, Ward 5, Precinct 10",Christopher Robert Swanson,Democrat,217,83,118,16
Governor (DEM),01000000-5ca2-fec1-8ff5-08dedc55e1d8,"City of Midland, Ward 5, Precinct 10",Write-in,Democrat,0,0,0,0
Governor (DEM),01000000-5ca2-fec1-8ff5-08dedc55e1d8,"Edenville Township, Precinct 1",Jocelyn Benson,Democrat,161,159,0,2
Governor (DEM),01000000-5ca2-fec1-8ff5-08dedc55e1d8,"Edenville Township, Precinct 1",Christopher Robert Swanson,Democrat,98,92,0,6
Governor (DEM),01000000-5ca2-fec1-8ff5-08dedc55e1d8,"Edenville Township, Precinct 1",Write-in,Democrat,0,0,0,0
Governor (DEM),01000000-5ca2-fec1-8ff5-08dedc55e1d8,"Geneva Township, Precinct 1",Jocelyn Benson,Democrat,79,79,0,0
Governor (DEM),01000000-5ca2-fec1-8ff5-08dedc55e1d8,"Geneva Township, Precinct 1",Christopher Robert Swanson,Democrat,41,41,0,0
Governor (DEM),01000000-5ca2-fec1-8ff5-08dedc55e1d8,"Geneva Township, Precinct 1",Write-in,Democrat,1,1,0,0
Governor (DEM),01000000-5ca2-fec1-8ff5-08dedc55e1d8,"Greendale Township, Precinct 1",Jocelyn Benson,Democrat,79,78,0,1
Governor (DEM),01000000-5ca2-fec1-8ff5-08dedc55e1d8,"Greendale Township, Precinct 1",Christopher Robert Swanson,Democrat,49,49,0,0
Governor (DEM),01000000-5ca2-fec1-8ff5-08dedc55e1d8,"Greendale Township, Precinct 1",Write-in,Democrat,1,1,0,0
Governor (DEM),01000000-5ca2-fec1-8ff5-08dedc55e1d8,"Homer Township, Precinct 1",Jocelyn Benson,Democrat,139,135,0,4
Governor (DEM),01000000-5ca2-fec1-8ff5-08dedc55e1d8,"Homer Township, Precinct 1",Christopher Robert Swanson,Democrat,53,53,0,0
Governor (DEM),01000000-5ca2-fec1-8ff5-08dedc55e1d8,"Homer Township, Precinct 1",Write-in,Democrat,0,0,0,0
Governor (DEM),01000000-5ca2-fec1-8ff5-08dedc55e1d8,"Homer Township, Precinct 2",Jocelyn Benson,Democrat,71,68,0,3
Governor (DEM),01000000-5ca2-fec1-8ff5-08dedc55e1d8,"Homer Township, Precinct 2",Christopher Robert Swanson,Democrat,62,62,0,0
Governor (DEM),01000000-5ca2-fec1-8ff5-08dedc55e1d8,"Homer Township, Precinct 2",Write-in,Democrat,0,0,0,0
Governor (DEM),01000000-5ca2-fec1-8ff5-08dedc55e1d8,"Homer Township, Precinct 3",Jocelyn Benson,Democrat,143,136,0,7
Governor (DEM),01000000-5ca2-fec1-8ff5-08dedc55e1d8,"Homer Township, Precinct 3",Christopher Robert Swanson,Democrat,87,83,0,4
Governor (DEM),01000000-5ca2-fec1-8ff5-08dedc55e1d8,"Homer Township, Precinct 3",Write-in,Democrat,1,0,0,1
Governor (DEM),01000000-5ca2-fec1-8ff5-08dedc55e1d8,"Hope Township, Precinct 1",Jocelyn Benson,Democrat,83,83,0,0
Governor (DEM),01000000-5ca2-fec1-8ff5-08dedc55e1d8,"Hope Township, Precinct 1",Christopher Robert Swanson,Democrat,56,56,0,0
Governor (DEM),01000000-5ca2-fec1-8ff5-08dedc55e1d8,"Hope Township, Precinct 1",Write-in,Democrat,0,0,0,0
Governor (DEM),01000000-5ca2-fec1-8ff5-08dedc55e1d8,"Ingersoll Township, Precinct 1",Jocelyn Benson,Democrat,105,105,0,0
Governor (DEM),01000000-5ca2-fec1-8ff5-08dedc55e1d8,"Ingersoll Township, Precinct 1",Christopher Robert Swanson,Democrat,75,72,0,3
Governor (DEM),01000000-5ca2-fec1-8ff5-08dedc55e1d8,"Ingersoll Township, Precinct 1",Write-in,Democrat,0,0,0,0
Governor (DEM),01000000-5ca2-fec1-8ff5-08dedc55e1d8,"Ingersoll Township, Precinct 2",Jocelyn Benson,Democrat,57,56,0,1
Governor (DEM),01000000-5ca2-fec1-8ff5-08dedc55e1d8,"Ingersoll Township, Precinct 2",Christopher Robert Swanson,Democrat,63,61,0,2
Governor (DEM),01000000-5ca2-fec1-8ff5-08dedc55e1d8,"Ingersoll Township, Precinct 2",Write-in,Democrat,0,0,0,0
Governor (DEM),01000000-5ca2-fec1-8ff5-08dedc55e1d8,"Jasper Township, Precinct 1",Jocelyn Benson,Democrat,41,41,0,0
Governor (DEM),01000000-5ca2-fec1-8ff5-08dedc55e1d8,"Jasper Township, Precinct 1",Christopher Robert Swanson,Democrat,48,48,0,0
Governor (DEM),01000000-5ca2-fec1-8ff5-08dedc55e1d8,"Jasper Township, Precinct 1",Write-in,Democrat,0,0,0,0
Governor (DEM),01000000-5ca2-fec1-8ff5-08dedc55e1d8,"Jerome Township, Precinct 1",Jocelyn Benson,Democrat,199,42,152,5
Governor (DEM),01000000-5ca2-fec1-8ff5-08dedc55e1d8,"Jerome Township, Precinct 1",Christopher Robert Swanson,Democrat,108,27,78,3
Governor (DEM),01000000-5ca2-fec1-8ff5-08dedc55e1d8,"Jerome Township, Precinct 1",Write-in,Democrat,1,1,0,0
Governor (DEM),01000000-5ca2-fec1-8ff5-08dedc55e1d8,"Jerome Township, Precinct 2",Jocelyn Benson,Democrat,143,28,107,8
Governor (DEM),01000000-5ca2-fec1-8ff5-08dedc55e1d8,"Jerome Township, Precinct 2",Christopher Robert Swanson,Democrat,99,32,65,2
Governor (DEM),01000000-5ca2-fec1-8ff5-08dedc55e1d8,"Jerome Township, Precinct 2",Write-in,Democrat,0,0,0,0
Governor (DEM),01000000-5ca2-fec1-8ff5-08dedc55e1d8,"Larkin Township, Precinct 1",Jocelyn Benson,Democrat,196,64,124,8
Governor (DEM),01000000-5ca2-fec1-8ff5-08dedc55e1d8,"Larkin Township, Precinct 1",Christopher Robert Swanson,Democrat,80,31,47,2
Governor (DEM),01000000-5ca2-fec1-8ff5-08dedc55e1d8,"Larkin Township, Precinct 1",Write-in,Democrat,1,1,0,0
Governor (DEM),01000000-5ca2-fec1-8ff5-08dedc55e1d8,"Larkin Township, Precinct 2",Jocelyn Benson,Democrat,280,99,170,11
Governor (DEM),01000000-5ca2-fec1-8ff5-08dedc55e1d8,"Larkin Township, Precinct 2",Christopher Robert Swanson,Democrat,117,49,59,9
Governor (DEM),01000000-5ca2-fec1-8ff5-08dedc55e1d8,"Larkin Township, Precinct 2",Write-in,Democrat,0,0,0,0
Governor (DEM),01000000-5ca2-fec1-8ff5-08dedc55e1d8,"Lee Township, Precinct 1",Jocelyn Benson,Democrat,96,89,0,7
Governor (DEM),01000000-5ca2-fec1-8ff5-08dedc55e1d8,"Lee Township, Precinct 1",Christopher Robert Swanson,Democrat,84,83,0,1
Governor (DEM),01000000-5ca2-fec1-8ff5-08dedc55e1d8,"Lee Township, Precinct 1",Write-in,Democrat,1,1,0,0
Governor (DEM),01000000-5ca2-fec1-8ff5-08dedc55e1d8,"Lee Township, Precinct 2",Jocelyn Benson,Democrat,103,101,0,2
Governor (DEM),01000000-5ca2-fec1-8ff5-08dedc55e1d8,"Lee Township, Precinct 2",Christopher Robert Swanson,Democrat,62,61,0,1
Governor (DEM),01000000-5ca2-fec1-8ff5-08dedc55e1d8,"Lee Township, Precinct 2",Write-in,Democrat,0,0,0,0
Governor (DEM),01000000-5ca2-fec1-8ff5-08dedc55e1d8,"Lincoln Township, Precinct 1",Jocelyn Benson,Democrat,191,178,0,13
Governor (DEM),01000000-5ca2-fec1-8ff5-08dedc55e1d8,"Lincoln Township, Precinct 1",Christopher Robert Swanson,Democrat,145,141,0,4
Governor (DEM),01000000-5ca2-fec1-8ff5-08dedc55e1d8,"Lincoln Township, Precinct 1",Write-in,Democrat,2,2,0,0
Governor (DEM),01000000-5ca2-fec1-8ff5-08dedc55e1d8,"Midland Township, Precinct 1",Jocelyn Benson,Democrat,144,139,0,5
Governor (DEM),01000000-5ca2-fec1-8ff5-08dedc55e1d8,"Midland Township, Precinct 1",Christopher Robert Swanson,Democrat,112,111,0,1
Governor (DEM),01000000-5ca2-fec1-8ff5-08dedc55e1d8,"Midland Township, Precinct 1",Write-in,Democrat,0,0,0,0
Governor (DEM),01000000-5ca2-fec1-8ff5-08dedc55e1d8,"Mills Township, Precinct 1",Jocelyn Benson,Democrat,110,103,0,7
Governor (DEM),01000000-5ca2-fec1-8ff5-08dedc55e1d8,"Mills Township, Precinct 1",Christopher Robert Swanson,Democrat,94,90,0,4
Governor (DEM),01000000-5ca2-fec1-8ff5-08dedc55e1d8,"Mills Township, Precinct 1",Write-in,Democrat,0,0,0,0
Governor (DEM),01000000-5ca2-fec1-8ff5-08dedc55e1d8,"Mt. Haley Township, Precinct 1",Jocelyn Benson,Democrat,115,102,0,13
Governor (DEM),01000000-5ca2-fec1-8ff5-08dedc55e1d8,"Mt. Haley Township, Precinct 1",Christopher Robert Swanson,Democrat,95,90,0,5
Governor (DEM),01000000-5ca2-fec1-8ff5-08dedc55e1d8,"Mt. Haley Township, Precinct 1",Write-in,Democrat,0,0,0,0
Governor (DEM),01000000-5ca2-fec1-8ff5-08dedc55e1d8,"Porter Township, Precinct 1",Jocelyn Benson,Democrat,62,60,0,2
Governor (DEM),01000000-5ca2-fec1-8ff5-08dedc55e1d8,"Porter Township, Precinct 1",Christopher Robert Swanson,Democrat,54,54,0,0
Governor (DEM),01000000-5ca2-fec1-8ff5-08dedc55e1d8,"Porter Township, Precinct 1",Write-in,Democrat,0,0,0,0
Governor (DEM),01000000-5ca2-fec1-8ff5-08dedc55e1d8,"Warren Township, Precinct 1",Jocelyn Benson,Democrat,83,81,0,2
Governor (DEM),01000000-5ca2-fec1-8ff5-08dedc55e1d8,"Warren Township, Precinct 1",Christopher Robert Swanson,Democrat,79,76,0,3
Governor (DEM),01000000-5ca2-fec1-8ff5-08dedc55e1d8,"Warren Township, Precinct 1",Write-in,Democrat,0,0,0,0
"Delegate to County Convention for Midland Township, Precinct 1 (DEM)",01000000-5ca2-fec1-be15-08dedc55e1d8,"Midland Township, Precinct 1",Write-in,Democrat,25,25,0,0
"Delegate to County Convention for Homer Township, Precinct 1 (REP)",01000000-5ca2-fec1-d6e0-08dedc55e1d8,"Homer Township, Precinct 1",Gregory E. Crawford,Republican,86,86,0,0
"Delegate to County Convention for Homer Township, Precinct 1 (REP)",01000000-5ca2-fec1-d6e0-08dedc55e1d8,"Homer Township, Precinct 1",Jake Howard,Republican,77,77,0,0
"Delegate to County Convention for Homer Township, Precinct 1 (REP)",01000000-5ca2-fec1-d6e0-08dedc55e1d8,"Homer Township, Precinct 1",Write-in,Republican,0,0,0,0
"Delegate to County Convention for Geneva Township, Precinct 1 (REP)",01000000-5ca2-fec1-d60e-08dedc55e1d8,"Geneva Township, Precinct 1",Carolyn Whitmore,Republican,121,119,0,2
"Delegate to County Convention for Geneva Township, Precinct 1 (REP)",01000000-5ca2-fec1-d60e-08dedc55e1d8,"Geneva Township, Precinct 1",Write-in,Republican,1,1,0,0
Township Trustee Partial Term Ending 11/20/2028 for Midland Township (REP),01000000-5ca2-fec1-c866-08dedc55e1d8,"Midland Township, Precinct 1",Gabrielle Kline,Republican,234,228,0,6
Township Trustee Partial Term Ending 11/20/2028 for Midland Township (REP),01000000-5ca2-fec1-c866-08dedc55e1d8,"Midland Township, Precinct 1",Write-in,Republican,1,1,0,0
"Delegate to County Convention for Lincoln Township, Precinct 1 (REP)",01000000-5ca2-fec1-e10f-08dedc55e1d8,"Lincoln Township, Precinct 1",Write-in,Republican,14,14,0,0
Representative in Congress 8th District (REP),01000000-5ca2-fec1-c17e-08dedc55e1d8,"City of Midland, Ward 1, Precinct 1",Amir Hassan,Republican,94,56,32,6
Representative in Congress 8th District (REP),01000000-5ca2-fec1-c17e-08dedc55e1d8,"City of Midland, Ward 1, Precinct 1",Al Lemmo,Republican,46,20,21,5
Representative in Congress 8th District (REP),01000000-5ca2-fec1-c17e-08dedc55e1d8,"City of Midland, Ward 1, Precinct 1",Thomas J. Smith,Republican,141,60,74,7
Representative in Congress 8th District (REP),01000000-5ca2-fec1-c17e-08dedc55e1d8,"City of Midland, Ward 1, Precinct 1",Write-in,Republican,0,0,0,0
Representative in Congress 8th District (REP),01000000-5ca2-fec1-c17e-08dedc55e1d8,"City of Midland, Ward 1, Precinct 2",Amir Hassan,Republican,81,40,39,2
Representative in Congress 8th District (REP),01000000-5ca2-fec1-c17e-08dedc55e1d8,"City of Midland, Ward 1, Precinct 2",Al Lemmo,Republican,43,21,21,1
Representative in Congress 8th District (REP),01000000-5ca2-fec1-c17e-08dedc55e1d8,"City of Midland, Ward 1, Precinct 2",Thomas J. Smith,Republican,117,69,48,0
Representative in Congress 8th District (REP),01000000-5ca2-fec1-c17e-08dedc55e1d8,"City of Midland, Ward 1, Precinct 2",Write-in,Republican,1,1,0,0
Representative in Congress 8th District (REP),01000000-5ca2-fec1-c17e-08dedc55e1d8,"City of Midland, Ward 2, Precinct 3",Amir Hassan,Republican,108,51,51,6
Representative in Congress 8th District (REP),01000000-5ca2-fec1-c17e-08dedc55e1d8,"City of Midland, Ward 2, Precinct 3",Al Lemmo,Republican,52,19,27,6
Representative in Congress 8th District (REP),01000000-5ca2-fec1-c17e-08dedc55e1d8,"City of Midland, Ward 2, Precinct 3",Thomas J. Smith,Republican,135,53,77,5
Representative in Congress 8th District (REP),01000000-5ca2-fec1-c17e-08dedc55e1d8,"City of Midland, Ward 2, Precinct 3",Write-in,Republican,0,0,0,0
Representative in Congress 8th District (REP),01000000-5ca2-fec1-c17e-08dedc55e1d8,"City of Midland, Ward 2, Precinct 4",Amir Hassan,Republican,155,69,71,15
Representative in Congress 8th District (REP),01000000-5ca2-fec1-c17e-08dedc55e1d8,"City of Midland, Ward 2, Precinct 4",Al Lemmo,Republican,76,36,40,0
Representative in Congress 8th District (REP),01000000-5ca2-fec1-c17e-08dedc55e1d8,"City of Midland, Ward 2, Precinct 4",Thomas J. Smith,Republican,115,55,57,3
Representative in Congress 8th District (REP),01000000-5ca2-fec1-c17e-08dedc55e1d8,"City of Midland, Ward 2, Precinct 4",Write-in,Republican,0,0,0,0
Representative in Congress 8th District (REP),01000000-5ca2-fec1-c17e-08dedc55e1d8,"City of Midland, Ward 3, Precinct 5",Amir Hassan,Republican,161,81,76,4
Representative in Congress 8th District (REP),01000000-5ca2-fec1-c17e-08dedc55e1d8,"City of Midland, Ward 3, Precinct 5",Al Lemmo,Republican,82,40,39,3
Representative in Congress 8th District (REP),01000000-5ca2-fec1-c17e-08dedc55e1d8,"City of Midland, Ward 3, Precinct 5",Thomas J. Smith,Republican,135,70,62,3
Representative in Congress 8th District (REP),01000000-5ca2-fec1-c17e-08dedc55e1d8,"City of Midland, Ward 3, Precinct 5",Write-in,Republican,0,0,0,0
Representative in Congress 8th District (REP),01000000-5ca2-fec1-c17e-08dedc55e1d8,"City of Midland, Ward 3, Precinct 6",Amir Hassan,Republican,220,101,98,21
Representative in Congress 8th District (REP),01000000-5ca2-fec1-c17e-08dedc55e1d8,"City of Midland, Ward 3, Precinct 6",Al Lemmo,Republican,70,25,40,5
Representative in Congress 8th District (REP),01000000-5ca2-fec1-c17e-08dedc55e1d8,"City of Midland, Ward 3, Precinct 6",Thomas J. Smith,Republican,152,75,73,4
Representative in Congress 8th District (REP),01000000-5ca2-fec1-c17e-08dedc55e1d8,"City of Midland, Ward 3, Precinct 6",Write-in,Republican,0,0,0,0
Representative in Congress 8th District (REP),01000000-5ca2-fec1-c17e-08dedc55e1d8,"City of Midland, Ward 4, Precinct 7",Amir Hassan,Republican,197,76,114,7
Representative in Congress 8th District (REP),01000000-5ca2-fec1-c17e-08dedc55e1d8,"City of Midland, Ward 4, Precinct 7",Al Lemmo,Republican,90,43,46,1
Representative in Congress 8th District (REP),01000000-5ca2-fec1-c17e-08dedc55e1d8,"City of Midland, Ward 4, Precinct 7",Thomas J. Smith,Republican,129,54,74,1
Representative in Congress 8th District (REP),01000000-5ca2-fec1-c17e-08dedc55e1d8,"City of Midland, Ward 4, Precinct 7",Write-in,Republican,2,2,0,0
Representative in Congress 8th District (REP),01000000-5ca2-fec1-c17e-08dedc55e1d8,"City of Midland, Ward 4, Precinct 8",Amir Hassan,Republican,194,84,97,13
Representative in Congress 8th District (REP),01000000-5ca2-fec1-c17e-08dedc55e1d8,"City of Midland, Ward 4, Precinct 8",Al Lemmo,Republican,72,37,31,4
Representative in Congress 8th District (REP),01000000-5ca2-fec1-c17e-08dedc55e1d8,"City of Midland, Ward 4, Precinct 8",Thomas J. Smith,Republican,127,64,61,2
Representative in Congress 8th District (REP),01000000-5ca2-fec1-c17e-08dedc55e1d8,"City of Midland, Ward 4, Precinct 8",Write-in,Republican,0,0,0,0
Representative in Congress 8th District (REP),01000000-5ca2-fec1-c17e-08dedc55e1d8,"City of Midland, Ward 5, Precinct 9",Amir Hassan,Republican,114,73,40,1
Representative in Congress 8th District (REP),01000000-5ca2-fec1-c17e-08dedc55e1d8,"City of Midland, Ward 5, Precinct 9",Al Lemmo,Republican,55,35,20,0
Representative in Congress 8th District (REP),01000000-5ca2-fec1-c17e-08dedc55e1d8,"City of Midland, Ward 5, Precinct 9",Thomas J. Smith,Republican,166,81,81,4
Representative in Congress 8th District (REP),01000000-5ca2-fec1-c17e-08dedc55e1d8,"City of Midland, Ward 5, Precinct 9",Write-in,Republican,1,1,0,0
Representative in Congress 8th District (REP),01000000-5ca2-fec1-c17e-08dedc55e1d8,"City of Midland, Ward 5, Precinct 10",Amir Hassan,Republican,183,103,71,9
Representative in Congress 8th District (REP),01000000-5ca2-fec1-c17e-08dedc55e1d8,"City of Midland, Ward 5, Precinct 10",Al Lemmo,Republican,71,29,37,5
Representative in Congress 8th District (REP),01000000-5ca2-fec1-c17e-08dedc55e1d8,"City of Midland, Ward 5, Precinct 10",Thomas J. Smith,Republican,151,64,81,6
Representative in Congress 8th District (REP),01000000-5ca2-fec1-c17e-08dedc55e1d8,"City of Midland, Ward 5, Precinct 10",Write-in,Republican,0,0,0,0
Representative in Congress 8th District (REP),01000000-5ca2-fec1-c17e-08dedc55e1d8,"Homer Township, Precinct 1",Amir Hassan,Republican,46,46,0,0
Representative in Congress 8th District (REP),01000000-5ca2-fec1-c17e-08dedc55e1d8,"Homer Township, Precinct 1",Al Lemmo,Republican,26,26,0,0
Representative in Congress 8th District (REP),01000000-5ca2-fec1-c17e-08dedc55e1d8,"Homer Township, Precinct 1",Thomas J. Smith,Republican,47,47,0,0
Representative in Congress 8th District (REP),01000000-5ca2-fec1-c17e-08dedc55e1d8,"Homer Township, Precinct 1",Write-in,Republican,1,1,0,0
Representative in Congress 8th District (REP),01000000-5ca2-fec1-c17e-08dedc55e1d8,"Homer Township, Precinct 2",Amir Hassan,Republican,60,60,0,0
Representative in Congress 8th District (REP),01000000-5ca2-fec1-c17e-08dedc55e1d8,"Homer Township, Precinct 2",Al Lemmo,Republican,31,31,0,0
Representative in Congress 8th District (REP),01000000-5ca2-fec1-c17e-08dedc55e1d8,"Homer Township, Precinct 2",Thomas J. Smith,Republican,68,67,0,1
Representative in Congress 8th District (REP),01000000-5ca2-fec1-c17e-08dedc55e1d8,"Homer Township, Precinct 2",Write-in,Republican,0,0,0,0
Representative in Congress 8th District (REP),01000000-5ca2-fec1-c17e-08dedc55e1d8,"Homer Township, Precinct 3",Amir Hassan,Republican,72,71,0,1
Representative in Congress 8th District (REP),01000000-5ca2-fec1-c17e-08dedc55e1d8,"Homer Township, Precinct 3",Al Lemmo,Republican,27,25,0,2
Representative in Congress 8th District (REP),01000000-5ca2-fec1-c17e-08dedc55e1d8,"Homer Township, Precinct 3",Thomas J. Smith,Republican,75,74,0,1
Representative in Congress 8th District (REP),01000000-5ca2-fec1-c17e-08dedc55e1d8,"Homer Township, Precinct 3",Write-in,Republican,1,1,0,0
Representative in Congress 8th District (REP),01000000-5ca2-fec1-c17e-08dedc55e1d8,"Hope Township, Precinct 1",Amir Hassan,Republican,86,84,0,2
Representative in Congress 8th District (REP),01000000-5ca2-fec1-c17e-08dedc55e1d8,"Hope Township, Precinct 1",Al Lemmo,Republican,38,34,0,4
Representative in Congress 8th District (REP),01000000-5ca2-fec1-c17e-08dedc55e1d8,"Hope Township, Precinct 1",Thomas J. Smith,Republican,97,95,0,2
Representative in Congress 8th District (REP),01000000-5ca2-fec1-c17e-08dedc55e1d8,"Hope Township, Precinct 1",Write-in,Republican,1,1,0,0
Representative in Congress 8th District (REP),01000000-5ca2-fec1-c17e-08dedc55e1d8,"Ingersoll Township, Precinct 1",Amir Hassan,Republican,76,73,0,3
Representative in Congress 8th District (REP),01000000-5ca2-fec1-c17e-08dedc55e1d8,"Ingersoll Township, Precinct 1",Al Lemmo,Republican,20,20,0,0
Representative in Congress 8th District (REP),01000000-5ca2-fec1-c17e-08dedc55e1d8,"Ingersoll Township, Precinct 1",Thomas J. Smith,Republican,91,89,0,2
Representative in Congress 8th District (REP),01000000-5ca2-fec1-c17e-08dedc55e1d8,"Ingersoll Township, Precinct 1",Write-in,Republican,2,2,0,0
Representative in Congress 8th District (REP),01000000-5ca2-fec1-c17e-08dedc55e1d8,"Ingersoll Township, Precinct 2",Amir Hassan,Republican,47,46,0,1
Representative in Congress 8th District (REP),01000000-5ca2-fec1-c17e-08dedc55e1d8,"Ingersoll Township, Precinct 2",Al Lemmo,Republican,23,23,0,0
Representative in Congress 8th District (REP),01000000-5ca2-fec1-c17e-08dedc55e1d8,"Ingersoll Township, Precinct 2",Thomas J. Smith,Republican,67,67,0,0
Representative in Congress 8th District (REP),01000000-5ca2-fec1-c17e-08dedc55e1d8,"Ingersoll Township, Precinct 2",Write-in,Republican,0,0,0,0
Representative in Congress 8th District (REP),01000000-5ca2-fec1-c17e-08dedc55e1d8,"Jerome Township, Precinct 1",Amir Hassan,Republican,74,33,39,2
Representative in Congress 8th District (REP),01000000-5ca2-fec1-c17e-08dedc55e1d8,"Jerome Township, Precinct 1",Al Lemmo,Republican,61,23,35,3
Representative in Congress 8th District (REP),01000000-5ca2-fec1-c17e-08dedc55e1d8,"Jerome Township, Precinct 1",Thomas J. Smith,Republican,131,60,68,3
Representative in Congress 8th District (REP),01000000-5ca2-fec1-c17e-08dedc55e1d8,"Jerome Township, Precinct 1",Write-in,Republican,0,0,0,0
Representative in Congress 8th District (REP),01000000-5ca2-fec1-c17e-08dedc55e1d8,"Jerome Township, Precinct 2",Amir Hassan,Republican,100,54,42,4
Representative in Congress 8th District (REP),01000000-5ca2-fec1-c17e-08dedc55e1d8,"Jerome Township, Precinct 2",Al Lemmo,Republican,28,15,12,1
Representative in Congress 8th District (REP),01000000-5ca2-fec1-c17e-08dedc55e1d8,"Jerome Township, Precinct 2",Thomas J. Smith,Republican,161,85,72,4
Representative in Congress 8th District (REP),01000000-5ca2-fec1-c17e-08dedc55e1d8,"Jerome Township, Precinct 2",Write-in,Republican,1,1,0,0
Representative in Congress 8th District (REP),01000000-5ca2-fec1-c17e-08dedc55e1d8,"Larkin Township, Precinct 1",Amir Hassan,Republican,176,90,76,10
Representative in Congress 8th District (REP),01000000-5ca2-fec1-c17e-08dedc55e1d8,"Larkin Township, Precinct 1",Al Lemmo,Republican,75,40,33,2
Representative in Congress 8th District (REP),01000000-5ca2-fec1-c17e-08dedc55e1d8,"Larkin Township, Precinct 1",Thomas J. Smith,Republican,138,91,44,3
Representative in Congress 8th District (REP),01000000-5ca2-fec1-c17e-08dedc55e1d8,"Larkin Township, Precinct 1",Write-in,Republican,1,0,1,0
Representative in Congress 8th District (REP),01000000-5ca2-fec1-c17e-08dedc55e1d8,"Larkin Township, Precinct 2",Amir Hassan,Republican,207,120,77,10
Representative in Congress 8th District (REP),01000000-5ca2-fec1-c17e-08dedc55e1d8,"Larkin Township, Precinct 2",Al Lemmo,Republican,82,51,30,1
Representative in Congress 8th District (REP),01000000-5ca2-fec1-c17e-08dedc55e1d8,"Larkin Township, Precinct 2",Thomas J. Smith,Republican,175,105,63,7
Representative in Congress 8th District (REP),01000000-5ca2-fec1-c17e-08dedc55e1d8,"Larkin Township, Precinct 2",Write-in,Republican,2,2,0,0
Representative in Congress 8th District (REP),01000000-5ca2-fec1-c17e-08dedc55e1d8,"Lee Township, Precinct 1",Amir Hassan,Republican,61,60,0,1
Representative in Congress 8th District (REP),01000000-5ca2-fec1-c17e-08dedc55e1d8,"Lee Township, Precinct 1",Al Lemmo,Republican,29,29,0,0
Representative in Congress 8th District (REP),01000000-5ca2-fec1-c17e-08dedc55e1d8,"Lee Township, Precinct 1",Thomas J. Smith,Republican,106,106,0,0
Representative in Congress 8th District (REP),01000000-5ca2-fec1-c17e-08dedc55e1d8,"Lee Township, Precinct 1",Write-in,Republican,0,0,0,0
Representative in Congress 8th District (REP),01000000-5ca2-fec1-c17e-08dedc55e1d8,"Lee Township, Precinct 2",Amir Hassan,Republican,78,76,0,2
Representative in Congress 8th District (REP),01000000-5ca2-fec1-c17e-08dedc55e1d8,"Lee Township, Precinct 2",Al Lemmo,Republican,22,20,0,2
Representative in Congress 8th District (REP),01000000-5ca2-fec1-c17e-08dedc55e1d8,"Lee Township, Precinct 2",Thomas J. Smith,Republican,87,83,0,4
Representative in Congress 8th District (REP),01000000-5ca2-fec1-c17e-08dedc55e1d8,"Lee Township, Precinct 2",Write-in,Republican,0,0,0,0
Representative in Congress 8th District (REP),01000000-5ca2-fec1-c17e-08dedc55e1d8,"Lincoln Township, Precinct 1",Amir Hassan,Republican,133,129,0,4
Representative in Congress 8th District (REP),01000000-5ca2-fec1-c17e-08dedc55e1d8,"Lincoln Township, Precinct 1",Al Lemmo,Republican,69,68,0,1
Representative in Congress 8th District (REP),01000000-5ca2-fec1-c17e-08dedc55e1d8,"Lincoln Township, Precinct 1",Thomas J. Smith,Republican,141,139,0,2
Representative in Congress 8th District (REP),01000000-5ca2-fec1-c17e-08dedc55e1d8,"Lincoln Township, Precinct 1",Write-in,Republican,1,1,0,0
Representative in Congress 8th District (REP),01000000-5ca2-fec1-c17e-08dedc55e1d8,"Midland Township, Precinct 1",Amir Hassan,Republican,94,91,0,3
Representative in Congress 8th District (REP),01000000-5ca2-fec1-c17e-08dedc55e1d8,"Midland Township, Precinct 1",Al Lemmo,Republican,28,26,0,2
Representative in Congress 8th District (REP),01000000-5ca2-fec1-c17e-08dedc55e1d8,"Midland Township, Precinct 1",Thomas J. Smith,Republican,144,141,0,3
Representative in Congress 8th District (REP),01000000-5ca2-fec1-c17e-08dedc55e1d8,"Midland Township, Precinct 1",Write-in,Republican,1,1,0,0
Representative in Congress 8th District (REP),01000000-5ca2-fec1-c17e-08dedc55e1d8,"Mills Township, Precinct 1",Amir Hassan,Republican,102,99,0,3
Representative in Congress 8th District (REP),01000000-5ca2-fec1-c17e-08dedc55e1d8,"Mills Township, Precinct 1",Al Lemmo,Republican,30,30,0,0
Representative in Congress 8th District (REP),01000000-5ca2-fec1-c17e-08dedc55e1d8,"Mills Township, Precinct 1",Thomas J. Smith,Republican,100,100,0,0
Representative in Congress 8th District (REP),01000000-5ca2-fec1-c17e-08dedc55e1d8,"Mills Township, Precinct 1",Write-in,Republican,2,2,0,0
Representative in Congress 8th District (REP),01000000-5ca2-fec1-c17e-08dedc55e1d8,"Mt. Haley Township, Precinct 1",Amir Hassan,Republican,55,54,0,1
Representative in Congress 8th District (REP),01000000-5ca2-fec1-c17e-08dedc55e1d8,"Mt. Haley Township, Precinct 1",Al Lemmo,Republican,44,43,0,1
Representative in Congress 8th District (REP),01000000-5ca2-fec1-c17e-08dedc55e1d8,"Mt. Haley Township, Precinct 1",Thomas J. Smith,Republican,97,95,0,2
Representative in Congress 8th District (REP),01000000-5ca2-fec1-c17e-08dedc55e1d8,"Mt. Haley Township, Precinct 1",Write-in,Republican,1,1,0,0
Representative in Congress 8th District (REP),01000000-5ca2-fec1-c17e-08dedc55e1d8,"Porter Township, Precinct 1",Amir Hassan,Republican,32,31,0,1
Representative in Congress 8th District (REP),01000000-5ca2-fec1-c17e-08dedc55e1d8,"Porter Township, Precinct 1",Al Lemmo,Republican,16,16,0,0
Representative in Congress 8th District (REP),01000000-5ca2-fec1-c17e-08dedc55e1d8,"Porter Township, Precinct 1",Thomas J. Smith,Republican,81,80,0,1
Representative in Congress 8th District (REP),01000000-5ca2-fec1-c17e-08dedc55e1d8,"Porter Township, Precinct 1",Write-in,Republican,1,1,0,0
United States Senator (REP),01000000-5ca2-fec1-c09a-08dedc55e1d8,"City of Coleman, Precinct 1",Mike Rogers,Republican,113,106,0,7
United States Senator (REP),01000000-5ca2-fec1-c09a-08dedc55e1d8,"City of Coleman, Precinct 1",Write-in,Republican,0,0,0,0
United States Senator (REP),01000000-5ca2-fec1-c09a-08dedc55e1d8,"City of Midland, Ward 1, Precinct 1",Mike Rogers,Republican,298,147,132,19
United States Senator (REP),01000000-5ca2-fec1-c09a-08dedc55e1d8,"City of Midland, Ward 1, Precinct 1",Write-in,Republican,0,0,0,0
United States Senator (REP),01000000-5ca2-fec1-c09a-08dedc55e1d8,"City of Midland, Ward 1, Precinct 2",Mike Rogers,Republican,247,130,114,3
United States Senator (REP),01000000-5ca2-fec1-c09a-08dedc55e1d8,"City of Midland, Ward 1, Precinct 2",Write-in,Republican,1,1,0,0
United States Senator (REP),01000000-5ca2-fec1-c09a-08dedc55e1d8,"City of Midland, Ward 2, Precinct 3",Mike Rogers,Republican,301,119,167,15
United States Senator (REP),01000000-5ca2-fec1-c09a-08dedc55e1d8,"City of Midland, Ward 2, Precinct 3",Write-in,Republican,0,0,0,0
United States Senator (REP),01000000-5ca2-fec1-c09a-08dedc55e1d8,"City of Midland, Ward 2, Precinct 4",Mike Rogers,Republican,364,171,176,17
United States Senator (REP),01000000-5ca2-fec1-c09a-08dedc55e1d8,"City of Midland, Ward 2, Precinct 4",Write-in,Republican,2,2,0,0
United States Senator (REP),01000000-5ca2-fec1-c09a-08dedc55e1d8,"City of Midland, Ward 3, Precinct 5",Mike Rogers,Republican,402,202,188,12
United States Senator (REP),01000000-5ca2-fec1-c09a-08dedc55e1d8,"City of Midland, Ward 3, Precinct 5",Write-in,Republican,0,0,0,0
United States Senator (REP),01000000-5ca2-fec1-c09a-08dedc55e1d8,"City of Midland, Ward 3, Precinct 6",Mike Rogers,Republican,479,210,237,32
United States Senator (REP),01000000-5ca2-fec1-c09a-08dedc55e1d8,"City of Midland, Ward 3, Precinct 6",Write-in,Republican,0,0,0,0
United States Senator (REP),01000000-5ca2-fec1-c09a-08dedc55e1d8,"City of Midland, Ward 4, Precinct 7",Mike Rogers,Republican,438,179,248,11
United States Senator (REP),01000000-5ca2-fec1-c09a-08dedc55e1d8,"City of Midland, Ward 4, Precinct 7",Write-in,Republican,1,1,0,0
United States Senator (REP),01000000-5ca2-fec1-c09a-08dedc55e1d8,"City of Midland, Ward 4, Precinct 8",Mike Rogers,Republican,408,188,200,20
United States Senator (REP),01000000-5ca2-fec1-c09a-08dedc55e1d8,"City of Midland, Ward 4, Precinct 8",Write-in,Republican,0,0,0,0
United States Senator (REP),01000000-5ca2-fec1-c09a-08dedc55e1d8,"City of Midland, Ward 5, Precinct 9",Mike Rogers,Republican,344,189,150,5
United States Senator (REP),01000000-5ca2-fec1-c09a-08dedc55e1d8,"City of Midland, Ward 5, Precinct 9",Write-in,Republican,0,0,0,0
United States Senator (REP),01000000-5ca2-fec1-c09a-08dedc55e1d8,"City of Midland, Ward 5, Precinct 10",Mike Rogers,Republican,437,207,209,21
United States Senator (REP),01000000-5ca2-fec1-c09a-08dedc55e1d8,"City of Midland, Ward 5, Precinct 10",Write-in,Republican,0,0,0,0
United States Senator (REP),01000000-5ca2-fec1-c09a-08dedc55e1d8,"Edenville Township, Precinct 1",Mike Rogers,Republican,358,356,0,2
United States Senator (REP),01000000-5ca2-fec1-c09a-08dedc55e1d8,"Edenville Township, Precinct 1",Write-in,Republican,0,0,0,0
United States Senator (REP),01000000-5ca2-fec1-c09a-08dedc55e1d8,"Geneva Township, Precinct 1",Mike Rogers,Republican,153,151,0,2
United States Senator (REP),01000000-5ca2-fec1-c09a-08dedc55e1d8,"Geneva Township, Precinct 1",Write-in,Republican,1,1,0,0
United States Senator (REP),01000000-5ca2-fec1-c09a-08dedc55e1d8,"Greendale Township, Precinct 1",Mike Rogers,Republican,206,198,0,8
United States Senator (REP),01000000-5ca2-fec1-c09a-08dedc55e1d8,"Greendale Township, Precinct 1",Write-in,Republican,0,0,0,0
United States Senator (REP),01000000-5ca2-fec1-c09a-08dedc55e1d8,"Homer Township, Precinct 1",Mike Rogers,Republican,127,127,0,0
United States Senator (REP),01000000-5ca2-fec1-c09a-08dedc55e1d8,"Homer Township, Precinct 1",Write-in,Republican,0,0,0,0
United States Senator (REP),01000000-5ca2-fec1-c09a-08dedc55e1d8,"Homer Township, Precinct 2",Mike Rogers,Republican,160,158,0,2
United States Senator (REP),01000000-5ca2-fec1-c09a-08dedc55e1d8,"Homer Township, Precinct 2",Write-in,Republican,0,0,0,0
United States Senator (REP),01000000-5ca2-fec1-c09a-08dedc55e1d8,"Homer Township, Precinct 3",Mike Rogers,Republican,181,176,0,5
United States Senator (REP),01000000-5ca2-fec1-c09a-08dedc55e1d8,"Homer Township, Precinct 3",Write-in,Republican,2,2,0,0
United States Senator (REP),01000000-5ca2-fec1-c09a-08dedc55e1d8,"Hope Township, Precinct 1",Mike Rogers,Republican,228,220,0,8
United States Senator (REP),01000000-5ca2-fec1-c09a-08dedc55e1d8,"Hope Township, Precinct 1",Write-in,Republican,0,0,0,0
United States Senator (REP),01000000-5ca2-fec1-c09a-08dedc55e1d8,"Ingersoll Township, Precinct 1",Mike Rogers,Republican,202,197,0,5
United States Senator (REP),01000000-5ca2-fec1-c09a-08dedc55e1d8,"Ingersoll Township, Precinct 1",Write-in,Republican,1,1,0,0
United States Senator (REP),01000000-5ca2-fec1-c09a-08dedc55e1d8,"Ingersoll Township, Precinct 2",Mike Rogers,Republican,137,136,0,1
United States Senator (REP),01000000-5ca2-fec1-c09a-08dedc55e1d8,"Ingersoll Township, Precinct 2",Write-in,Republican,0,0,0,0
United States Senator (REP),01000000-5ca2-fec1-c09a-08dedc55e1d8,"Jasper Township, Precinct 1",Mike Rogers,Republican,127,127,0,0
United States Senator (REP),01000000-5ca2-fec1-c09a-08dedc55e1d8,"Jasper Township, Precinct 1",Write-in,Republican,0,0,0,0
United States Senator (REP),01000000-5ca2-fec1-c09a-08dedc55e1d8,"Jerome Township, Precinct 1",Mike Rogers,Republican,290,125,157,8
United States Senator (REP),01000000-5ca2-fec1-c09a-08dedc55e1d8,"Jerome Township, Precinct 1",Write-in,Republican,0,0,0,0
United States Senator (REP),01000000-5ca2-fec1-c09a-08dedc55e1d8,"Jerome Township, Precinct 2",Mike Rogers,Republican,308,157,142,9
United States Senator (REP),01000000-5ca2-fec1-c09a-08dedc55e1d8,"Jerome Township, Precinct 2",Write-in,Republican,3,3,0,0
United States Senator (REP),01000000-5ca2-fec1-c09a-08dedc55e1d8,"Larkin Township, Precinct 1",Mike Rogers,Republican,413,234,165,14
United States Senator (REP),01000000-5ca2-fec1-c09a-08dedc55e1d8,"Larkin Township, Precinct 1",Write-in,Republican,1,1,0,0
United States Senator (REP),01000000-5ca2-fec1-c09a-08dedc55e1d8,"Larkin Township, Precinct 2",Mike Rogers,Republican,515,306,191,18
United States Senator (REP),01000000-5ca2-fec1-c09a-08dedc55e1d8,"Larkin Township, Precinct 2",Write-in,Republican,5,2,2,1
United States Senator (REP),01000000-5ca2-fec1-c09a-08dedc55e1d8,"Lee Township, Precinct 1",Mike Rogers,Republican,198,197,0,1
United States Senator (REP),01000000-5ca2-fec1-c09a-08dedc55e1d8,"Lee Township, Precinct 1",Write-in,Republican,0,0,0,0
United States Senator (REP),01000000-5ca2-fec1-c09a-08dedc55e1d8,"Lee Township, Precinct 2",Mike Rogers,Republican,183,176,0,7
United States Senator (REP),01000000-5ca2-fec1-c09a-08dedc55e1d8,"Lee Township, Precinct 2",Write-in,Republican,0,0,0,0
United States Senator (REP),01000000-5ca2-fec1-c09a-08dedc55e1d8,"Lincoln Township, Precinct 1",Mike Rogers,Republican,361,354,0,7
United States Senator (REP),01000000-5ca2-fec1-c09a-08dedc55e1d8,"Lincoln Township, Precinct 1",Write-in,Republican,1,1,0,0
United States Senator (REP),01000000-5ca2-fec1-c09a-08dedc55e1d8,"Midland Township, Precinct 1",Mike Rogers,Republican,266,259,0,7
United States Senator (REP),01000000-5ca2-fec1-c09a-08dedc55e1d8,"Midland Township, Precinct 1",Write-in,Republican,0,0,0,0
United States Senator (REP),01000000-5ca2-fec1-c09a-08dedc55e1d8,"Mills Township, Precinct 1",Mike Rogers,Republican,244,241,0,3
United States Senator (REP),01000000-5ca2-fec1-c09a-08dedc55e1d8,"Mills Township, Precinct 1",Write-in,Republican,0,0,0,0
United States Senator (REP),01000000-5ca2-fec1-c09a-08dedc55e1d8,"Mt. Haley Township, Precinct 1",Mike Rogers,Republican,189,185,0,4
United States Senator (REP),01000000-5ca2-fec1-c09a-08dedc55e1d8,"Mt. Haley Township, Precinct 1",Write-in,Republican,3,3,0,0
United States Senator (REP),01000000-5ca2-fec1-c09a-08dedc55e1d8,"Porter Township, Precinct 1",Mike Rogers,Republican,139,136,0,3
United States Senator (REP),01000000-5ca2-fec1-c09a-08dedc55e1d8,"Porter Township, Precinct 1",Write-in,Republican,0,0,0,0
United States Senator (REP),01000000-5ca2-fec1-c09a-08dedc55e1d8,"Warren Township, Precinct 1",Mike Rogers,Republican,263,262,0,1
United States Senator (REP),01000000-5ca2-fec1-c09a-08dedc55e1d8,"Warren Township, Precinct 1",Write-in,Republican,1,1,0,0
"Delegate to County Convention for City of Midland, Ward 1, Precinct 2 (Midland) (DEM)",01000000-5ca2-fec1-aeb7-08dedc55e1d8,"City of Midland, Ward 1, Precinct 2",Write-in,Democrat,17,16,0,1
State Senator 34th District (DEM),01000000-5ca2-fec1-a8bd-08dedc55e1d8,"City of Coleman, Precinct 1",Tyler Landgraf,Democrat,84,82,0,2
State Senator 34th District (DEM),01000000-5ca2-fec1-a8bd-08dedc55e1d8,"City of Coleman, Precinct 1",Write-in,Democrat,0,0,0,0
State Senator 34th District (DEM),01000000-5ca2-fec1-a8bd-08dedc55e1d8,"Edenville Township, Precinct 1",Tyler Landgraf,Democrat,213,207,0,6
State Senator 34th District (DEM),01000000-5ca2-fec1-a8bd-08dedc55e1d8,"Edenville Township, Precinct 1",Write-in,Democrat,2,2,0,0
State Senator 34th District (DEM),01000000-5ca2-fec1-a8bd-08dedc55e1d8,"Geneva Township, Precinct 1",Tyler Landgraf,Democrat,92,92,0,0
State Senator 34th District (DEM),01000000-5ca2-fec1-a8bd-08dedc55e1d8,"Geneva Township, Precinct 1",Write-in,Democrat,1,1,0,0
State Senator 34th District (DEM),01000000-5ca2-fec1-a8bd-08dedc55e1d8,"Greendale Township, Precinct 1",Tyler Landgraf,Democrat,96,95,0,1
State Senator 34th District (DEM),01000000-5ca2-fec1-a8bd-08dedc55e1d8,"Greendale Township, Precinct 1",Write-in,Democrat,1,1,0,0
State Senator 34th District (DEM),01000000-5ca2-fec1-a8bd-08dedc55e1d8,"Hope Township, Precinct 1",Tyler Landgraf,Democrat,118,118,0,0
State Senator 34th District (DEM),01000000-5ca2-fec1-a8bd-08dedc55e1d8,"Hope Township, Precinct 1",Write-in,Democrat,0,0,0,0
State Senator 34th District (DEM),01000000-5ca2-fec1-a8bd-08dedc55e1d8,"Jasper Township, Precinct 1",Tyler Landgraf,Democrat,77,77,0,0
State Senator 34th District (DEM),01000000-5ca2-fec1-a8bd-08dedc55e1d8,"Jasper Township, Precinct 1",Write-in,Democrat,0,0,0,0
State Senator 34th District (DEM),01000000-5ca2-fec1-a8bd-08dedc55e1d8,"Jerome Township, Precinct 1",Tyler Landgraf,Democrat,261,55,198,8
State Senator 34th District (DEM),01000000-5ca2-fec1-a8bd-08dedc55e1d8,"Jerome Township, Precinct 1",Write-in,Democrat,3,3,0,0
State Senator 34th District (DEM),01000000-5ca2-fec1-a8bd-08dedc55e1d8,"Jerome Township, Precinct 2",Tyler Landgraf,Democrat,208,49,149,10
State Senator 34th District (DEM),01000000-5ca2-fec1-a8bd-08dedc55e1d8,"Jerome Township, Precinct 2",Write-in,Democrat,1,1,0,0
State Senator 34th District (DEM),01000000-5ca2-fec1-a8bd-08dedc55e1d8,"Lee Township, Precinct 1",Tyler Landgraf,Democrat,152,145,0,7
State Senator 34th District (DEM),01000000-5ca2-fec1-a8bd-08dedc55e1d8,"Lee Township, Precinct 1",Write-in,Democrat,2,2,0,0
State Senator 34th District (DEM),01000000-5ca2-fec1-a8bd-08dedc55e1d8,"Lee Township, Precinct 2",Tyler Landgraf,Democrat,133,132,0,1
State Senator 34th District (DEM),01000000-5ca2-fec1-a8bd-08dedc55e1d8,"Lee Township, Precinct 2",Write-in,Democrat,1,1,0,0
State Senator 34th District (DEM),01000000-5ca2-fec1-a8bd-08dedc55e1d8,"Mills Township, Precinct 1",Tyler Landgraf,Democrat,169,159,0,10
State Senator 34th District (DEM),01000000-5ca2-fec1-a8bd-08dedc55e1d8,"Mills Township, Precinct 1",Write-in,Democrat,1,1,0,0
State Senator 34th District (DEM),01000000-5ca2-fec1-a8bd-08dedc55e1d8,"Porter Township, Precinct 1",Tyler Landgraf,Democrat,101,99,0,2
State Senator 34th District (DEM),01000000-5ca2-fec1-a8bd-08dedc55e1d8,"Porter Township, Precinct 1",Write-in,Democrat,0,0,0,0
State Senator 34th District (DEM),01000000-5ca2-fec1-a8bd-08dedc55e1d8,"Warren Township, Precinct 1",Tyler Landgraf,Democrat,132,127,0,5
State Senator 34th District (DEM),01000000-5ca2-fec1-a8bd-08dedc55e1d8,"Warren Township, Precinct 1",Write-in,Democrat,2,2,0,0
"Delegate to County Convention for City of Midland, Ward 4, Precinct 7 (REP)",01000000-5ca2-fec1-d077-08dedc55e1d8,"City of Midland, Ward 4, Precinct 7",Bryan Crosby,Republican,297,121,168,8
"Delegate to County Convention for City of Midland, Ward 4, Precinct 7 (REP)",01000000-5ca2-fec1-d077-08dedc55e1d8,"City of Midland, Ward 4, Precinct 7",Cathy Lunsford,Republican,270,111,149,10
"Delegate to County Convention for City of Midland, Ward 4, Precinct 7 (REP)",01000000-5ca2-fec1-d077-08dedc55e1d8,"City of Midland, Ward 4, Precinct 7",Joe Lunsford,Republican,252,100,144,8
"Delegate to County Convention for City of Midland, Ward 4, Precinct 7 (REP)",01000000-5ca2-fec1-d077-08dedc55e1d8,"City of Midland, Ward 4, Precinct 7",Fred Queary,Republican,250,103,139,8
"Delegate to County Convention for City of Midland, Ward 4, Precinct 7 (REP)",01000000-5ca2-fec1-d077-08dedc55e1d8,"City of Midland, Ward 4, Precinct 7",Write-in,Republican,10,10,0,0
Midland County Road Millage Renewal and Increase Proposal,01000000-5ca2-fec1-e612-08dedc55e1d8,"City of Coleman, Precinct 1",Yes,,135,130,0,5
Midland County Road Millage Renewal and Increase Proposal,01000000-5ca2-fec1-e612-08dedc55e1d8,"City of Coleman, Precinct 1",No,,66,59,0,7
Midland County Road Millage Renewal and Increase Proposal,01000000-5ca2-fec1-e612-08dedc55e1d8,"City of Midland, Ward 1, Precinct 1",Yes,,592,224,335,33
Midland County Road Millage Renewal and Increase Proposal,01000000-5ca2-fec1-e612-08dedc55e1d8,"City of Midland, Ward 1, Precinct 1",No,,287,130,144,13
Midland County Road Millage Renewal and Increase Proposal,01000000-5ca2-fec1-e612-08dedc55e1d8,"City of Midland, Ward 1, Precinct 2",Yes,,466,160,275,31
Midland County Road Millage Renewal and Increase Proposal,01000000-5ca2-fec1-e612-08dedc55e1d8,"City of Midland, Ward 1, Precinct 2",No,,189,87,96,6
Midland County Road Millage Renewal and Increase Proposal,01000000-5ca2-fec1-e612-08dedc55e1d8,"City of Midland, Ward 2, Precinct 3",Yes,,570,161,381,28
Midland County Road Millage Renewal and Increase Proposal,01000000-5ca2-fec1-e612-08dedc55e1d8,"City of Midland, Ward 2, Precinct 3",No,,249,105,129,15
Midland County Road Millage Renewal and Increase Proposal,01000000-5ca2-fec1-e612-08dedc55e1d8,"City of Midland, Ward 2, Precinct 4",Yes,,846,269,527,50
Midland County Road Millage Renewal and Increase Proposal,01000000-5ca2-fec1-e612-08dedc55e1d8,"City of Midland, Ward 2, Precinct 4",No,,285,144,133,8
Midland County Road Millage Renewal and Increase Proposal,01000000-5ca2-fec1-e612-08dedc55e1d8,"City of Midland, Ward 3, Precinct 5",Yes,,715,246,430,39
Midland County Road Millage Renewal and Increase Proposal,01000000-5ca2-fec1-e612-08dedc55e1d8,"City of Midland, Ward 3, Precinct 5",No,,283,142,135,6
Midland County Road Millage Renewal and Increase Proposal,01000000-5ca2-fec1-e612-08dedc55e1d8,"City of Midland, Ward 3, Precinct 6",Yes,,886,249,599,38
Midland County Road Millage Renewal and Increase Proposal,01000000-5ca2-fec1-e612-08dedc55e1d8,"City of Midland, Ward 3, Precinct 6",No,,292,132,147,13
Midland County Road Millage Renewal and Increase Proposal,01000000-5ca2-fec1-e612-08dedc55e1d8,"City of Midland, Ward 4, Precinct 7",Yes,,951,280,636,35
Midland County Road Millage Renewal and Increase Proposal,01000000-5ca2-fec1-e612-08dedc55e1d8,"City of Midland, Ward 4, Precinct 7",No,,272,131,133,8
Midland County Road Millage Renewal and Increase Proposal,01000000-5ca2-fec1-e612-08dedc55e1d8,"City of Midland, Ward 4, Precinct 8",Yes,,904,278,583,43
Midland County Road Millage Renewal and Increase Proposal,01000000-5ca2-fec1-e612-08dedc55e1d8,"City of Midland, Ward 4, Precinct 8",No,,286,139,134,13
Midland County Road Millage Renewal and Increase Proposal,01000000-5ca2-fec1-e612-08dedc55e1d8,"City of Midland, Ward 5, Precinct 9",Yes,,807,281,498,28
Midland County Road Millage Renewal and Increase Proposal,01000000-5ca2-fec1-e612-08dedc55e1d8,"City of Midland, Ward 5, Precinct 9",No,,277,146,128,3
Midland County Road Millage Renewal and Increase Proposal,01000000-5ca2-fec1-e612-08dedc55e1d8,"City of Midland, Ward 5, Precinct 10",Yes,,924,323,554,47
Midland County Road Millage Renewal and Increase Proposal,01000000-5ca2-fec1-e612-08dedc55e1d8,"City of Midland, Ward 5, Precinct 10",No,,293,140,143,10
Midland County Road Millage Renewal and Increase Proposal,01000000-5ca2-fec1-e612-08dedc55e1d8,"Edenville Township, Precinct 1",Yes,,362,354,0,8
Midland County Road Millage Renewal and Increase Proposal,01000000-5ca2-fec1-e612-08dedc55e1d8,"Edenville Township, Precinct 1",No,,289,287,0,2
Midland County Road Millage Renewal and Increase Proposal,01000000-5ca2-fec1-e612-08dedc55e1d8,"Geneva Township, Precinct 1",Yes,,159,157,0,2
Midland County Road Millage Renewal and Increase Proposal,01000000-5ca2-fec1-e612-08dedc55e1d8,"Geneva Township, Precinct 1",No,,123,123,0,0
Midland County Road Millage Renewal and Increase Proposal,01000000-5ca2-fec1-e612-08dedc55e1d8,"Greendale Township, Precinct 1",Yes,,180,173,0,7
Midland County Road Millage Renewal and Increase Proposal,01000000-5ca2-fec1-e612-08dedc55e1d8,"Greendale Township, Precinct 1",No,,150,147,0,3
Midland County Road Millage Renewal and Increase Proposal,01000000-5ca2-fec1-e612-08dedc55e1d8,"Homer Township, Precinct 1",Yes,,188,186,0,2
Midland County Road Millage Renewal and Increase Proposal,01000000-5ca2-fec1-e612-08dedc55e1d8,"Homer Township, Precinct 1",No,,103,101,0,2
Midland County Road Millage Renewal and Increase Proposal,01000000-5ca2-fec1-e612-08dedc55e1d8,"Homer Township, Precinct 2",Yes,,170,169,0,1
Midland County Road Millage Renewal and Increase Proposal,01000000-5ca2-fec1-e612-08dedc55e1d8,"Homer Township, Precinct 2",No,,113,109,0,4
Midland County Road Millage Renewal and Increase Proposal,01000000-5ca2-fec1-e612-08dedc55e1d8,"Homer Township, Precinct 3",Yes,,257,242,0,15
Midland County Road Millage Renewal and Increase Proposal,01000000-5ca2-fec1-e612-08dedc55e1d8,"Homer Township, Precinct 3",No,,125,124,0,1
Midland County Road Millage Renewal and Increase Proposal,01000000-5ca2-fec1-e612-08dedc55e1d8,"Hope Township, Precinct 1",Yes,,204,196,0,8
Midland County Road Millage Renewal and Increase Proposal,01000000-5ca2-fec1-e612-08dedc55e1d8,"Hope Township, Precinct 1",No,,174,173,0,1
Midland County Road Millage Renewal and Increase Proposal,01000000-5ca2-fec1-e612-08dedc55e1d8,"Ingersoll Township, Precinct 1",Yes,,243,238,0,5
Midland County Road Millage Renewal and Increase Proposal,01000000-5ca2-fec1-e612-08dedc55e1d8,"Ingersoll Township, Precinct 1",No,,131,128,0,3
Midland County Road Millage Renewal and Increase Proposal,01000000-5ca2-fec1-e612-08dedc55e1d8,"Ingersoll Township, Precinct 2",Yes,,144,141,0,3
Midland County Road Millage Renewal and Increase Proposal,01000000-5ca2-fec1-e612-08dedc55e1d8,"Ingersoll Township, Precinct 2",No,,117,116,0,1
Midland County Road Millage Renewal and Increase Proposal,01000000-5ca2-fec1-e612-08dedc55e1d8,"Jasper Township, Precinct 1",Yes,,140,140,0,0
Midland County Road Millage Renewal and Increase Proposal,01000000-5ca2-fec1-e612-08dedc55e1d8,"Jasper Township, Precinct 1",No,,82,82,0,0
Midland County Road Millage Renewal and Increase Proposal,01000000-5ca2-fec1-e612-08dedc55e1d8,"Jerome Township, Precinct 1",Yes,,385,108,265,12
Midland County Road Millage Renewal and Increase Proposal,01000000-5ca2-fec1-e612-08dedc55e1d8,"Jerome Township, Precinct 1",No,,227,72,151,4
Midland County Road Millage Renewal and Increase Proposal,01000000-5ca2-fec1-e612-08dedc55e1d8,"Jerome Township, Precinct 2",Yes,,329,108,206,15
Midland County Road Millage Renewal and Increase Proposal,01000000-5ca2-fec1-e612-08dedc55e1d8,"Jerome Township, Precinct 2",No,,228,101,123,4
Midland County Road Millage Renewal and Increase Proposal,01000000-5ca2-fec1-e612-08dedc55e1d8,"Larkin Township, Precinct 1",Yes,,451,186,246,19
Midland County Road Millage Renewal and Increase Proposal,01000000-5ca2-fec1-e612-08dedc55e1d8,"Larkin Township, Precinct 1",No,,257,142,111,4
Midland County Road Millage Renewal and Increase Proposal,01000000-5ca2-fec1-e612-08dedc55e1d8,"Larkin Township, Precinct 2",Yes,,624,247,349,28
Midland County Road Millage Renewal and Increase Proposal,01000000-5ca2-fec1-e612-08dedc55e1d8,"Larkin Township, Precinct 2",No,,297,163,123,11
Midland County Road Millage Renewal and Increase Proposal,01000000-5ca2-fec1-e612-08dedc55e1d8,"Lee Township, Precinct 1",Yes,,206,199,0,7
Midland County Road Millage Renewal and Increase Proposal,01000000-5ca2-fec1-e612-08dedc55e1d8,"Lee Township, Precinct 1",No,,166,164,0,2
Midland County Road Millage Renewal and Increase Proposal,01000000-5ca2-fec1-e612-08dedc55e1d8,"Lee Township, Precinct 2",Yes,,186,178,0,8
Midland County Road Millage Renewal and Increase Proposal,01000000-5ca2-fec1-e612-08dedc55e1d8,"Lee Township, Precinct 2",No,,157,155,0,2
Midland County Road Millage Renewal and Increase Proposal,01000000-5ca2-fec1-e612-08dedc55e1d8,"Lincoln Township, Precinct 1",Yes,,417,401,0,16
Midland County Road Millage Renewal and Increase Proposal,01000000-5ca2-fec1-e612-08dedc55e1d8,"Lincoln Township, Precinct 1",No,,252,245,0,7
Midland County Road Millage Renewal and Increase Proposal,01000000-5ca2-fec1-e612-08dedc55e1d8,"Midland Township, Precinct 1",Yes,,318,313,0,5
Midland County Road Millage Renewal and Increase Proposal,01000000-5ca2-fec1-e612-08dedc55e1d8,"Midland Township, Precinct 1",No,,163,155,0,8
Midland County Road Millage Renewal and Increase Proposal,01000000-5ca2-fec1-e612-08dedc55e1d8,"Mills Township, Precinct 1",Yes,,269,258,0,11
Midland County Road Millage Renewal and Increase Proposal,01000000-5ca2-fec1-e612-08dedc55e1d8,"Mills Township, Precinct 1",No,,197,194,0,3
Midland County Road Millage Renewal and Increase Proposal,01000000-5ca2-fec1-e612-08dedc55e1d8,"Mt. Haley Township, Precinct 1",Yes,,234,222,0,12
Midland County Road Millage Renewal and Increase Proposal,01000000-5ca2-fec1-e612-08dedc55e1d8,"Mt. Haley Township, Precinct 1",No,,144,138,0,6
Midland County Road Millage Renewal and Increase Proposal,01000000-5ca2-fec1-e612-08dedc55e1d8,"Porter Township, Precinct 1",Yes,,139,134,0,5
Midland County Road Millage Renewal and Increase Proposal,01000000-5ca2-fec1-e612-08dedc55e1d8,"Porter Township, Precinct 1",No,,109,109,0,0
Midland County Road Millage Renewal and Increase Proposal,01000000-5ca2-fec1-e612-08dedc55e1d8,"Warren Township, Precinct 1",Yes,,238,236,0,2
Midland County Road Millage Renewal and Increase Proposal,01000000-5ca2-fec1-e612-08dedc55e1d8,"Warren Township, Precinct 1",No,,199,196,0,3
"Delegate to County Convention for City of Midland, Ward 1, Precinct 1 (REP)",01000000-5ca2-fec1-c92d-08dedc55e1d8,"City of Midland, Ward 1, Precinct 1",Brian D. Kluck,Republican,148,60,77,11
"Delegate to County Convention for City of Midland, Ward 1, Precinct 1 (REP)",01000000-5ca2-fec1-c92d-08dedc55e1d8,"City of Midland, Ward 1, Precinct 1",Craig Miller,Republican,160,67,80,13
"Delegate to County Convention for City of Midland, Ward 1, Precinct 1 (REP)",01000000-5ca2-fec1-c92d-08dedc55e1d8,"City of Midland, Ward 1, Precinct 1",Jeremy Rodgers,Republican,183,88,85,10
"Delegate to County Convention for City of Midland, Ward 1, Precinct 1 (REP)",01000000-5ca2-fec1-c92d-08dedc55e1d8,"City of Midland, Ward 1, Precinct 1",Write-in,Republican,5,5,0,0
"Delegate to County Convention for City of Coleman, Precinct 1 (REP)",01000000-5ca2-fec1-c8d5-08dedc55e1d8,"City of Coleman, Precinct 1",Write-in,Republican,29,29,0,0
"Delegate to County Convention for Lee Township, Precinct 2 (REP)",01000000-5ca2-fec1-e0c1-08dedc55e1d8,"Lee Township, Precinct 2",Write-in,Republican,18,18,0,0
"Abolishing the Annual Meeting of the Electors in Township of Jerome, Midland County, Michigan",01000000-5ca2-fec1-e689-08dedc55e1d8,"Jerome Township, Precinct 1",Yes,,254,62,188,4
"Abolishing the Annual Meeting of the Electors in Township of Jerome, Midland County, Michigan",01000000-5ca2-fec1-e689-08dedc55e1d8,"Jerome Township, Precinct 1",No,,331,112,208,11
"Abolishing the Annual Meeting of the Electors in Township of Jerome, Midland County, Michigan",01000000-5ca2-fec1-e689-08dedc55e1d8,"Jerome Township, Precinct 2",Yes,,186,60,117,9
"Abolishing the Annual Meeting of the Electors in Township of Jerome, Midland County, Michigan",01000000-5ca2-fec1-e689-08dedc55e1d8,"Jerome Township, Precinct 2",No,,346,143,194,9
Midland County Emergency Medical Services (EMS) Renewal and Increase Proposal,01000000-5ca2-fec1-e43b-08dedc55e1d8,"City of Coleman, Precinct 1",Yes,,170,164,0,6
Midland County Emergency Medical Services (EMS) Renewal and Increase Proposal,01000000-5ca2-fec1-e43b-08dedc55e1d8,"City of Coleman, Precinct 1",No,,45,39,0,6
Midland County Emergency Medical Services (EMS) Renewal and Increase Proposal,01000000-5ca2-fec1-e43b-08dedc55e1d8,"City of Midland, Ward 1, Precinct 1",Yes,,694,254,407,33
Midland County Emergency Medical Services (EMS) Renewal and Increase Proposal,01000000-5ca2-fec1-e43b-08dedc55e1d8,"City of Midland, Ward 1, Precinct 1",No,,211,104,98,9
Midland County Emergency Medical Services (EMS) Renewal and Increase Proposal,01000000-5ca2-fec1-e43b-08dedc55e1d8,"City of Midland, Ward 1, Precinct 2",Yes,,552,195,323,34
Midland County Emergency Medical Services (EMS) Renewal and Increase Proposal,01000000-5ca2-fec1-e43b-08dedc55e1d8,"City of Midland, Ward 1, Precinct 2",No,,139,71,64,4
Midland County Emergency Medical Services (EMS) Renewal and Increase Proposal,01000000-5ca2-fec1-e43b-08dedc55e1d8,"City of Midland, Ward 2, Precinct 3",Yes,,657,194,431,32
Midland County Emergency Medical Services (EMS) Renewal and Increase Proposal,01000000-5ca2-fec1-e43b-08dedc55e1d8,"City of Midland, Ward 2, Precinct 3",No,,181,75,94,12
Midland County Emergency Medical Services (EMS) Renewal and Increase Proposal,01000000-5ca2-fec1-e43b-08dedc55e1d8,"City of Midland, Ward 2, Precinct 4",Yes,,946,313,577,56
Midland County Emergency Medical Services (EMS) Renewal and Increase Proposal,01000000-5ca2-fec1-e43b-08dedc55e1d8,"City of Midland, Ward 2, Precinct 4",No,,221,110,105,6
Midland County Emergency Medical Services (EMS) Renewal and Increase Proposal,01000000-5ca2-fec1-e43b-08dedc55e1d8,"City of Midland, Ward 3, Precinct 5",Yes,,827,294,485,48
Midland County Emergency Medical Services (EMS) Renewal and Increase Proposal,01000000-5ca2-fec1-e43b-08dedc55e1d8,"City of Midland, Ward 3, Precinct 5",No,,206,104,101,1
Midland County Emergency Medical Services (EMS) Renewal and Increase Proposal,01000000-5ca2-fec1-e43b-08dedc55e1d8,"City of Midland, Ward 3, Precinct 6",Yes,,1026,331,655,40
Midland County Emergency Medical Services (EMS) Renewal and Increase Proposal,01000000-5ca2-fec1-e43b-08dedc55e1d8,"City of Midland, Ward 3, Precinct 6",No,,259,124,124,11
Midland County Emergency Medical Services (EMS) Renewal and Increase Proposal,01000000-5ca2-fec1-e43b-08dedc55e1d8,"City of Midland, Ward 4, Precinct 7",Yes,,1010,316,657,37
Midland County Emergency Medical Services (EMS) Renewal and Increase Proposal,01000000-5ca2-fec1-e43b-08dedc55e1d8,"City of Midland, Ward 4, Precinct 7",No,,245,105,134,6
Midland County Emergency Medical Services (EMS) Renewal and Increase Proposal,01000000-5ca2-fec1-e43b-08dedc55e1d8,"City of Midland, Ward 4, Precinct 8",Yes,,985,314,623,48
Midland County Emergency Medical Services (EMS) Renewal and Increase Proposal,01000000-5ca2-fec1-e43b-08dedc55e1d8,"City of Midland, Ward 4, Precinct 8",No,,241,112,119,10
Midland County Emergency Medical Services (EMS) Renewal and Increase Proposal,01000000-5ca2-fec1-e43b-08dedc55e1d8,"City of Midland, Ward 5, Precinct 9",Yes,,932,323,580,29
Midland County Emergency Medical Services (EMS) Renewal and Increase Proposal,01000000-5ca2-fec1-e43b-08dedc55e1d8,"City of Midland, Ward 5, Precinct 9",No,,203,115,85,3
Midland County Emergency Medical Services (EMS) Renewal and Increase Proposal,01000000-5ca2-fec1-e43b-08dedc55e1d8,"City of Midland, Ward 5, Precinct 10",Yes,,1018,365,605,48
Midland County Emergency Medical Services (EMS) Renewal and Increase Proposal,01000000-5ca2-fec1-e43b-08dedc55e1d8,"City of Midland, Ward 5, Precinct 10",No,,252,118,123,11
Midland County Emergency Medical Services (EMS) Renewal and Increase Proposal,01000000-5ca2-fec1-e43b-08dedc55e1d8,"Edenville Township, Precinct 1",Yes,,457,449,0,8
Midland County Emergency Medical Services (EMS) Renewal and Increase Proposal,01000000-5ca2-fec1-e43b-08dedc55e1d8,"Edenville Township, Precinct 1",No,,207,205,0,2
Midland County Emergency Medical Services (EMS) Renewal and Increase Proposal,01000000-5ca2-fec1-e43b-08dedc55e1d8,"Geneva Township, Precinct 1",Yes,,210,208,0,2
Midland County Emergency Medical Services (EMS) Renewal and Increase Proposal,01000000-5ca2-fec1-e43b-08dedc55e1d8,"Geneva Township, Precinct 1",No,,78,78,0,0
Midland County Emergency Medical Services (EMS) Renewal and Increase Proposal,01000000-5ca2-fec1-e43b-08dedc55e1d8,"Greendale Township, Precinct 1",Yes,,217,209,0,8
Midland County Emergency Medical Services (EMS) Renewal and Increase Proposal,01000000-5ca2-fec1-e43b-08dedc55e1d8,"Greendale Township, Precinct 1",No,,136,134,0,2
Midland County Emergency Medical Services (EMS) Renewal and Increase Proposal,01000000-5ca2-fec1-e43b-08dedc55e1d8,"Homer Township, Precinct 1",Yes,,236,232,0,4
Midland County Emergency Medical Services (EMS) Renewal and Increase Proposal,01000000-5ca2-fec1-e43b-08dedc55e1d8,"Homer Township, Precinct 1",No,,79,79,0,0
Midland County Emergency Medical Services (EMS) Renewal and Increase Proposal,01000000-5ca2-fec1-e43b-08dedc55e1d8,"Homer Township, Precinct 2",Yes,,214,213,0,1
Midland County Emergency Medical Services (EMS) Renewal and Increase Proposal,01000000-5ca2-fec1-e43b-08dedc55e1d8,"Homer Township, Precinct 2",No,,87,83,0,4
Midland County Emergency Medical Services (EMS) Renewal and Increase Proposal,01000000-5ca2-fec1-e43b-08dedc55e1d8,"Homer Township, Precinct 3",Yes,,314,297,0,17
Midland County Emergency Medical Services (EMS) Renewal and Increase Proposal,01000000-5ca2-fec1-e43b-08dedc55e1d8,"Homer Township, Precinct 3",No,,97,97,0,0
Midland County Emergency Medical Services (EMS) Renewal and Increase Proposal,01000000-5ca2-fec1-e43b-08dedc55e1d8,"Hope Township, Precinct 1",Yes,,252,244,0,8
Midland County Emergency Medical Services (EMS) Renewal and Increase Proposal,01000000-5ca2-fec1-e43b-08dedc55e1d8,"Hope Township, Precinct 1",No,,133,133,0,0
Midland County Emergency Medical Services (EMS) Renewal and Increase Proposal,01000000-5ca2-fec1-e43b-08dedc55e1d8,"Ingersoll Township, Precinct 1",Yes,,278,272,0,6
Midland County Emergency Medical Services (EMS) Renewal and Increase Proposal,01000000-5ca2-fec1-e43b-08dedc55e1d8,"Ingersoll Township, Precinct 1",No,,107,105,0,2
Midland County Emergency Medical Services (EMS) Renewal and Increase Proposal,01000000-5ca2-fec1-e43b-08dedc55e1d8,"Ingersoll Township, Precinct 2",Yes,,182,180,0,2
Midland County Emergency Medical Services (EMS) Renewal and Increase Proposal,01000000-5ca2-fec1-e43b-08dedc55e1d8,"Ingersoll Township, Precinct 2",No,,91,89,0,2
Midland County Emergency Medical Services (EMS) Renewal and Increase Proposal,01000000-5ca2-fec1-e43b-08dedc55e1d8,"Jasper Township, Precinct 1",Yes,,159,159,0,0
Midland County Emergency Medical Services (EMS) Renewal and Increase Proposal,01000000-5ca2-fec1-e43b-08dedc55e1d8,"Jasper Township, Precinct 1",No,,64,64,0,0
Midland County Emergency Medical Services (EMS) Renewal and Increase Proposal,01000000-5ca2-fec1-e43b-08dedc55e1d8,"Jerome Township, Precinct 1",Yes,,465,145,309,11
Midland County Emergency Medical Services (EMS) Renewal and Increase Proposal,01000000-5ca2-fec1-e43b-08dedc55e1d8,"Jerome Township, Precinct 1",No,,172,55,112,5
Midland County Emergency Medical Services (EMS) Renewal and Increase Proposal,01000000-5ca2-fec1-e43b-08dedc55e1d8,"Jerome Township, Precinct 2",Yes,,410,144,250,16
Midland County Emergency Medical Services (EMS) Renewal and Increase Proposal,01000000-5ca2-fec1-e43b-08dedc55e1d8,"Jerome Township, Precinct 2",No,,168,77,90,1
Midland County Emergency Medical Services (EMS) Renewal and Increase Proposal,01000000-5ca2-fec1-e43b-08dedc55e1d8,"Larkin Township, Precinct 1",Yes,,540,232,289,19
Midland County Emergency Medical Services (EMS) Renewal and Increase Proposal,01000000-5ca2-fec1-e43b-08dedc55e1d8,"Larkin Township, Precinct 1",No,,210,112,94,4
Midland County Emergency Medical Services (EMS) Renewal and Increase Proposal,01000000-5ca2-fec1-e43b-08dedc55e1d8,"Larkin Township, Precinct 2",Yes,,746,325,390,31
Midland County Emergency Medical Services (EMS) Renewal and Increase Proposal,01000000-5ca2-fec1-e43b-08dedc55e1d8,"Larkin Township, Precinct 2",No,,228,122,96,10
Midland County Emergency Medical Services (EMS) Renewal and Increase Proposal,01000000-5ca2-fec1-e43b-08dedc55e1d8,"Lee Township, Precinct 1",Yes,,243,235,0,8
Midland County Emergency Medical Services (EMS) Renewal and Increase Proposal,01000000-5ca2-fec1-e43b-08dedc55e1d8,"Lee Township, Precinct 1",No,,145,144,0,1
Midland County Emergency Medical Services (EMS) Renewal and Increase Proposal,01000000-5ca2-fec1-e43b-08dedc55e1d8,"Lee Township, Precinct 2",Yes,,237,227,0,10
Midland County Emergency Medical Services (EMS) Renewal and Increase Proposal,01000000-5ca2-fec1-e43b-08dedc55e1d8,"Lee Township, Precinct 2",No,,136,135,0,1
Midland County Emergency Medical Services (EMS) Renewal and Increase Proposal,01000000-5ca2-fec1-e43b-08dedc55e1d8,"Lincoln Township, Precinct 1",Yes,,527,506,0,21
Midland County Emergency Medical Services (EMS) Renewal and Increase Proposal,01000000-5ca2-fec1-e43b-08dedc55e1d8,"Lincoln Township, Precinct 1",No,,203,200,0,3
Midland County Emergency Medical Services (EMS) Renewal and Increase Proposal,01000000-5ca2-fec1-e43b-08dedc55e1d8,"Midland Township, Precinct 1",Yes,,382,371,0,11
Midland County Emergency Medical Services (EMS) Renewal and Increase Proposal,01000000-5ca2-fec1-e43b-08dedc55e1d8,"Midland Township, Precinct 1",No,,137,134,0,3
Midland County Emergency Medical Services (EMS) Renewal and Increase Proposal,01000000-5ca2-fec1-e43b-08dedc55e1d8,"Mills Township, Precinct 1",Yes,,325,313,0,12
Midland County Emergency Medical Services (EMS) Renewal and Increase Proposal,01000000-5ca2-fec1-e43b-08dedc55e1d8,"Mills Township, Precinct 1",No,,149,147,0,2
Midland County Emergency Medical Services (EMS) Renewal and Increase Proposal,01000000-5ca2-fec1-e43b-08dedc55e1d8,"Mt. Haley Township, Precinct 1",Yes,,284,265,0,19
Midland County Emergency Medical Services (EMS) Renewal and Increase Proposal,01000000-5ca2-fec1-e43b-08dedc55e1d8,"Mt. Haley Township, Precinct 1",No,,118,115,0,3
Midland County Emergency Medical Services (EMS) Renewal and Increase Proposal,01000000-5ca2-fec1-e43b-08dedc55e1d8,"Porter Township, Precinct 1",Yes,,168,164,0,4
Midland County Emergency Medical Services (EMS) Renewal and Increase Proposal,01000000-5ca2-fec1-e43b-08dedc55e1d8,"Porter Township, Precinct 1",No,,91,91,0,0
Midland County Emergency Medical Services (EMS) Renewal and Increase Proposal,01000000-5ca2-fec1-e43b-08dedc55e1d8,"Warren Township, Precinct 1",Yes,,304,301,0,3
Midland County Emergency Medical Services (EMS) Renewal and Increase Proposal,01000000-5ca2-fec1-e43b-08dedc55e1d8,"Warren Township, Precinct 1",No,,150,149,0,1
County Road Commissioner for Bay County (REP),01000000-5ca2-fec1-c3ce-08dedc55e1d8,"City of Midland, Ward 1, Precinct 2",Steven J. Gray,Republican,11,9,1,1
County Road Commissioner for Bay County (REP),01000000-5ca2-fec1-c3ce-08dedc55e1d8,"City of Midland, Ward 1, Precinct 2",Write-in,Republican,0,0,0,0
"Delegate to County Convention for Lee Township, Precinct 1 (DEM)",01000000-5ca2-fec1-bd04-08dedc55e1d8,"Lee Township, Precinct 1",Write-in,Democrat,22,22,0,0
"Delegate to County Convention for Jerome Township, Precinct 2 (DEM)",01000000-5ca2-fec1-bc00-08dedc55e1d8,"Jerome Township, Precinct 2",Write-in,Democrat,11,7,4,0
"Delegate to County Convention for Ingersoll Township, Precinct 2 (DEM)",01000000-5ca2-fec1-bad1-08dedc55e1d8,"Ingersoll Township, Precinct 2",Cathy Mitzel,Democrat,102,99,0,3
"Delegate to County Convention for Ingersoll Township, Precinct 2 (DEM)",01000000-5ca2-fec1-bad1-08dedc55e1d8,"Ingersoll Township, Precinct 2",Write-in,Democrat,0,0,0,0
"Delegate to County Convention for City of Midland, Ward 5, Precinct 10 (REP)",01000000-5ca2-fec1-d386-08dedc55e1d8,"City of Midland, Ward 5, Precinct 10",Matthew B. Ivan,Republican,276,128,133,15
"Delegate to County Convention for City of Midland, Ward 5, Precinct 10 (REP)",01000000-5ca2-fec1-d386-08dedc55e1d8,"City of Midland, Ward 5, Precinct 10",Rodney Kloha,Republican,268,125,127,16
"Delegate to County Convention for City of Midland, Ward 5, Precinct 10 (REP)",01000000-5ca2-fec1-d386-08dedc55e1d8,"City of Midland, Ward 5, Precinct 10",Vicki Kloha,Republican,261,122,122,17
"Delegate to County Convention for City of Midland, Ward 5, Precinct 10 (REP)",01000000-5ca2-fec1-d386-08dedc55e1d8,"City of Midland, Ward 5, Precinct 10",Aaron Majorana,Republican,239,109,115,15
"Delegate to County Convention for City of Midland, Ward 5, Precinct 10 (REP)",01000000-5ca2-fec1-d386-08dedc55e1d8,"City of Midland, Ward 5, Precinct 10",Jennifer Majorana,Republican,240,108,118,14
"Delegate to County Convention for City of Midland, Ward 5, Precinct 10 (REP)",01000000-5ca2-fec1-d386-08dedc55e1d8,"City of Midland, Ward 5, Precinct 10",Casey Mallek,Republican,248,116,117,15
"Delegate to County Convention for City of Midland, Ward 5, Precinct 10 (REP)",01000000-5ca2-fec1-d386-08dedc55e1d8,"City of Midland, Ward 5, Precinct 10",Jackie Medema,Republican,264,118,132,14
"Delegate to County Convention for City of Midland, Ward 5, Precinct 10 (REP)",01000000-5ca2-fec1-d386-08dedc55e1d8,"City of Midland, Ward 5, Precinct 10",Write-in,Republican,0,0,0,0
"Delegate to County Convention for City of Midland, Ward 3, Precinct 6 (DEM)",01000000-5ca2-fec1-b4f0-08dedc55e1d8,"City of Midland, Ward 3, Precinct 6",Laura Ault,Democrat,519,122,385,12
"Delegate to County Convention for City of Midland, Ward 3, Precinct 6 (DEM)",01000000-5ca2-fec1-b4f0-08dedc55e1d8,"City of Midland, Ward 3, Precinct 6",Christine Klykken,Democrat,494,112,368,14
"Delegate to County Convention for City of Midland, Ward 3, Precinct 6 (DEM)",01000000-5ca2-fec1-b4f0-08dedc55e1d8,"City of Midland, Ward 3, Precinct 6",Allison M. Wilcox,Democrat,544,127,401,16
"Delegate to County Convention for City of Midland, Ward 3, Precinct 6 (DEM)",01000000-5ca2-fec1-b4f0-08dedc55e1d8,"City of Midland, Ward 3, Precinct 6",Write-in,Democrat,4,4,0,0
"Delegate to County Convention for City of Midland, Ward 1, Precinct 2 (Bay) (DEM)",01000000-5ca2-fec1-af0e-08dedc55e1d8,"City of Midland, Ward 1, Precinct 2",Write-in,Democrat,0,0,0,0
"Delegate to County Convention for City of Midland, Ward 2, Precinct 4 (DEM)",01000000-5ca2-fec1-b3dd-08dedc55e1d8,"City of Midland, Ward 2, Precinct 4",Cindy Weir,Democrat,649,201,407,41
"Delegate to County Convention for City of Midland, Ward 2, Precinct 4 (DEM)",01000000-5ca2-fec1-b3dd-08dedc55e1d8,"City of Midland, Ward 2, Precinct 4",Joe Weir,Democrat,525,146,345,34
"Delegate to County Convention for City of Midland, Ward 2, Precinct 4 (DEM)",01000000-5ca2-fec1-b3dd-08dedc55e1d8,"City of Midland, Ward 2, Precinct 4",Write-in,Democrat,7,7,0,0
"Delegate to County Convention for Edenville Township, Precinct 1 (DEM)",01000000-5ca2-fec1-b83f-08dedc55e1d8,"Edenville Township, Precinct 1",Write-in,Democrat,27,25,0,2
"Delegate to County Convention for Larkin Township, Precinct 2 (DEM)",01000000-5ca2-fec1-bcb7-08dedc55e1d8,"Larkin Township, Precinct 2",Write-in,Democrat,22,18,4,0
"Delegate to County Convention for Homer Township, Precinct 3 (DEM)",01000000-5ca2-fec1-b9c0-08dedc55e1d8,"Homer Township, Precinct 3",AnnMarie Horseman,Democrat,180,171,0,9
"Delegate to County Convention for Homer Township, Precinct 3 (DEM)",01000000-5ca2-fec1-b9c0-08dedc55e1d8,"Homer Township, Precinct 3",Write-in,Democrat,1,0,0,1
"Delegate to County Convention for Jerome Township, Precinct 2 (REP)",01000000-5ca2-fec1-ddab-08dedc55e1d8,"Jerome Township, Precinct 2",Evan M. Burdick,Republican,112,58,53,1
"Delegate to County Convention for Jerome Township, Precinct 2 (REP)",01000000-5ca2-fec1-ddab-08dedc55e1d8,"Jerome Township, Precinct 2",Jason Cryderman,Republican,123,61,61,1
"Delegate to County Convention for Jerome Township, Precinct 2 (REP)",01000000-5ca2-fec1-ddab-08dedc55e1d8,"Jerome Township, Precinct 2",Scott Holzinger,Republican,227,123,95,9
"Delegate to County Convention for Jerome Township, Precinct 2 (REP)",01000000-5ca2-fec1-ddab-08dedc55e1d8,"Jerome Township, Precinct 2",Laura E. Norcutt,Republican,107,50,56,1
"Delegate to County Convention for Jerome Township, Precinct 2 (REP)",01000000-5ca2-fec1-ddab-08dedc55e1d8,"Jerome Township, Precinct 2",Write-in,Republican,1,1,0,0
"Delegate to County Convention for Hope Township, Precinct 1 (DEM)",01000000-5ca2-fec1-ba2d-08dedc55e1d8,"Hope Township, Precinct 1",Write-in,Democrat,4,4,0,0
"Delegate to County Convention for City of Midland, Ward 4, Precinct 8 (REP)",01000000-5ca2-fec1-d152-08dedc55e1d8,"City of Midland, Ward 4, Precinct 8",Austin Rapanos,Republican,263,122,128,13
"Delegate to County Convention for City of Midland, Ward 4, Precinct 8 (REP)",01000000-5ca2-fec1-d152-08dedc55e1d8,"City of Midland, Ward 4, Precinct 8",Carolee T. Rolf,Republican,216,90,115,11
"Delegate to County Convention for City of Midland, Ward 4, Precinct 8 (REP)",01000000-5ca2-fec1-d152-08dedc55e1d8,"City of Midland, Ward 4, Precinct 8",Fred Rolf,Republican,238,107,119,12
"Delegate to County Convention for City of Midland, Ward 4, Precinct 8 (REP)",01000000-5ca2-fec1-d152-08dedc55e1d8,"City of Midland, Ward 4, Precinct 8",Jennifer Sanchez,Republican,237,107,116,14
"Delegate to County Convention for City of Midland, Ward 4, Precinct 8 (REP)",01000000-5ca2-fec1-d152-08dedc55e1d8,"City of Midland, Ward 4, Precinct 8",Holly Wetzel,Republican,220,101,108,11
"Delegate to County Convention for City of Midland, Ward 4, Precinct 8 (REP)",01000000-5ca2-fec1-d152-08dedc55e1d8,"City of Midland, Ward 4, Precinct 8",Write-in,Republican,3,3,0,0
Township Treasurer Partial Term Ending 11/20/2028 for Midland Township (REP),01000000-5ca2-fec1-c7f6-08dedc55e1d8,"Midland Township, Precinct 1",Haley Wenzlick,Republican,239,232,0,7
Township Treasurer Partial Term Ending 11/20/2028 for Midland Township (REP),01000000-5ca2-fec1-c7f6-08dedc55e1d8,"Midland Township, Precinct 1",Write-in,Republican,2,2,0,0
"Delegate to County Convention for Mills Township, Precinct 1 (REP)",01000000-5ca2-fec1-e1c9-08dedc55e1d8,"Mills Township, Precinct 1",Myron Greene,Republican,185,182,0,3
"Delegate to County Convention for Mills Township, Precinct 1 (REP)",01000000-5ca2-fec1-e1c9-08dedc55e1d8,"Mills Township, Precinct 1",Tamara Myers-Greene,Republican,128,125,0,3
"Delegate to County Convention for Mills Township, Precinct 1 (REP)",01000000-5ca2-fec1-e1c9-08dedc55e1d8,"Mills Township, Precinct 1",Greg J. Schachtner,Republican,129,127,0,2
"Delegate to County Convention for Mills Township, Precinct 1 (REP)",01000000-5ca2-fec1-e1c9-08dedc55e1d8,"Mills Township, Precinct 1",Janet Schachtner,Republican,115,113,0,2
"Delegate to County Convention for Mills Township, Precinct 1 (REP)",01000000-5ca2-fec1-e1c9-08dedc55e1d8,"Mills Township, Precinct 1",Write-in,Republican,5,5,0,0
Representative in State Legislature 95th District (REP),01000000-5ca2-fec1-c35a-08dedc55e1d8,"City of Coleman, Precinct 1",Bill G. Schuette,Republican,110,103,0,7
Representative in State Legislature 95th District (REP),01000000-5ca2-fec1-c35a-08dedc55e1d8,"City of Coleman, Precinct 1",Write-in,Republican,1,1,0,0
Representative in State Legislature 95th District (REP),01000000-5ca2-fec1-c35a-08dedc55e1d8,"City of Midland, Ward 1, Precinct 1",Bill G. Schuette,Republican,296,142,135,19
Representative in State Legislature 95th District (REP),01000000-5ca2-fec1-c35a-08dedc55e1d8,"City of Midland, Ward 1, Precinct 1",Write-in,Republican,0,0,0,0
Representative in State Legislature 95th District (REP),01000000-5ca2-fec1-c35a-08dedc55e1d8,"City of Midland, Ward 1, Precinct 2",Bill G. Schuette,Republican,246,129,114,3
Representative in State Legislature 95th District (REP),01000000-5ca2-fec1-c35a-08dedc55e1d8,"City of Midland, Ward 1, Precinct 2",Write-in,Republican,1,1,0,0
Representative in State Legislature 95th District (REP),01000000-5ca2-fec1-c35a-08dedc55e1d8,"City of Midland, Ward 2, Precinct 3",Bill G. Schuette,Republican,298,117,166,15
Representative in State Legislature 95th District (REP),01000000-5ca2-fec1-c35a-08dedc55e1d8,"City of Midland, Ward 2, Precinct 3",Write-in,Republican,1,1,0,0
Representative in State Legislature 95th District (REP),01000000-5ca2-fec1-c35a-08dedc55e1d8,"City of Midland, Ward 2, Precinct 4",Bill G. Schuette,Republican,365,168,180,17
Representative in State Legislature 95th District (REP),01000000-5ca2-fec1-c35a-08dedc55e1d8,"City of Midland, Ward 2, Precinct 4",Write-in,Republican,2,2,0,0
Representative in State Legislature 95th District (REP),01000000-5ca2-fec1-c35a-08dedc55e1d8,"City of Midland, Ward 3, Precinct 5",Bill G. Schuette,Republican,403,204,187,12
Representative in State Legislature 95th District (REP),01000000-5ca2-fec1-c35a-08dedc55e1d8,"City of Midland, Ward 3, Precinct 5",Write-in,Republican,0,0,0,0
Representative in State Legislature 95th District (REP),01000000-5ca2-fec1-c35a-08dedc55e1d8,"City of Midland, Ward 3, Precinct 6",Bill G. Schuette,Republican,475,203,241,31
Representative in State Legislature 95th District (REP),01000000-5ca2-fec1-c35a-08dedc55e1d8,"City of Midland, Ward 3, Precinct 6",Write-in,Republican,0,0,0,0
Representative in State Legislature 95th District (REP),01000000-5ca2-fec1-c35a-08dedc55e1d8,"City of Midland, Ward 4, Precinct 7",Bill G. Schuette,Republican,435,178,246,11
Representative in State Legislature 95th District (REP),01000000-5ca2-fec1-c35a-08dedc55e1d8,"City of Midland, Ward 4, Precinct 7",Write-in,Republican,1,1,0,0
Representative in State Legislature 95th District (REP),01000000-5ca2-fec1-c35a-08dedc55e1d8,"City of Midland, Ward 4, Precinct 8",Bill G. Schuette,Republican,409,184,204,21
Representative in State Legislature 95th District (REP),01000000-5ca2-fec1-c35a-08dedc55e1d8,"City of Midland, Ward 4, Precinct 8",Write-in,Republican,0,0,0,0
Representative in State Legislature 95th District (REP),01000000-5ca2-fec1-c35a-08dedc55e1d8,"City of Midland, Ward 5, Precinct 9",Bill G. Schuette,Republican,340,185,151,4
Representative in State Legislature 95th District (REP),01000000-5ca2-fec1-c35a-08dedc55e1d8,"City of Midland, Ward 5, Precinct 9",Write-in,Republican,1,1,0,0
Representative in State Legislature 95th District (REP),01000000-5ca2-fec1-c35a-08dedc55e1d8,"City of Midland, Ward 5, Precinct 10",Bill G. Schuette,Republican,442,205,216,21
Representative in State Legislature 95th District (REP),01000000-5ca2-fec1-c35a-08dedc55e1d8,"City of Midland, Ward 5, Precinct 10",Write-in,Republican,0,0,0,0
Representative in State Legislature 95th District (REP),01000000-5ca2-fec1-c35a-08dedc55e1d8,"Edenville Township, Precinct 1",Bill G. Schuette,Republican,354,352,0,2
Representative in State Legislature 95th District (REP),01000000-5ca2-fec1-c35a-08dedc55e1d8,"Edenville Township, Precinct 1",Write-in,Republican,1,1,0,0
Representative in State Legislature 95th District (REP),01000000-5ca2-fec1-c35a-08dedc55e1d8,"Geneva Township, Precinct 1",Bill G. Schuette,Republican,152,150,0,2
Representative in State Legislature 95th District (REP),01000000-5ca2-fec1-c35a-08dedc55e1d8,"Geneva Township, Precinct 1",Write-in,Republican,1,1,0,0
Representative in State Legislature 95th District (REP),01000000-5ca2-fec1-c35a-08dedc55e1d8,"Greendale Township, Precinct 1",Bill G. Schuette,Republican,207,199,0,8
Representative in State Legislature 95th District (REP),01000000-5ca2-fec1-c35a-08dedc55e1d8,"Greendale Township, Precinct 1",Write-in,Republican,1,1,0,0
Representative in State Legislature 95th District (REP),01000000-5ca2-fec1-c35a-08dedc55e1d8,"Homer Township, Precinct 1",Bill G. Schuette,Republican,128,128,0,0
Representative in State Legislature 95th District (REP),01000000-5ca2-fec1-c35a-08dedc55e1d8,"Homer Township, Precinct 1",Write-in,Republican,0,0,0,0
Representative in State Legislature 95th District (REP),01000000-5ca2-fec1-c35a-08dedc55e1d8,"Homer Township, Precinct 2",Bill G. Schuette,Republican,154,152,0,2
Representative in State Legislature 95th District (REP),01000000-5ca2-fec1-c35a-08dedc55e1d8,"Homer Township, Precinct 2",Write-in,Republican,0,0,0,0
Representative in State Legislature 95th District (REP),01000000-5ca2-fec1-c35a-08dedc55e1d8,"Homer Township, Precinct 3",Bill G. Schuette,Republican,180,175,0,5
Representative in State Legislature 95th District (REP),01000000-5ca2-fec1-c35a-08dedc55e1d8,"Homer Township, Precinct 3",Write-in,Republican,2,2,0,0
Representative in State Legislature 95th District (REP),01000000-5ca2-fec1-c35a-08dedc55e1d8,"Hope Township, Precinct 1",Bill G. Schuette,Republican,223,215,0,8
Representative in State Legislature 95th District (REP),01000000-5ca2-fec1-c35a-08dedc55e1d8,"Hope Township, Precinct 1",Write-in,Republican,0,0,0,0
Representative in State Legislature 95th District (REP),01000000-5ca2-fec1-c35a-08dedc55e1d8,"Ingersoll Township, Precinct 1",Bill G. Schuette,Republican,201,196,0,5
Representative in State Legislature 95th District (REP),01000000-5ca2-fec1-c35a-08dedc55e1d8,"Ingersoll Township, Precinct 1",Write-in,Republican,1,1,0,0
Representative in State Legislature 95th District (REP),01000000-5ca2-fec1-c35a-08dedc55e1d8,"Ingersoll Township, Precinct 2",Bill G. Schuette,Republican,134,133,0,1
Representative in State Legislature 95th District (REP),01000000-5ca2-fec1-c35a-08dedc55e1d8,"Ingersoll Township, Precinct 2",Write-in,Republican,0,0,0,0
Representative in State Legislature 95th District (REP),01000000-5ca2-fec1-c35a-08dedc55e1d8,"Jasper Township, Precinct 1",Bill G. Schuette,Republican,126,126,0,0
Representative in State Legislature 95th District (REP),01000000-5ca2-fec1-c35a-08dedc55e1d8,"Jasper Township, Precinct 1",Write-in,Republican,0,0,0,0
Representative in State Legislature 95th District (REP),01000000-5ca2-fec1-c35a-08dedc55e1d8,"Jerome Township, Precinct 1",Bill G. Schuette,Republican,288,123,157,8
Representative in State Legislature 95th District (REP),01000000-5ca2-fec1-c35a-08dedc55e1d8,"Jerome Township, Precinct 1",Write-in,Republican,0,0,0,0
Representative in State Legislature 95th District (REP),01000000-5ca2-fec1-c35a-08dedc55e1d8,"Jerome Township, Precinct 2",Bill G. Schuette,Republican,306,156,141,9
Representative in State Legislature 95th District (REP),01000000-5ca2-fec1-c35a-08dedc55e1d8,"Jerome Township, Precinct 2",Write-in,Republican,2,2,0,0
Representative in State Legislature 95th District (REP),01000000-5ca2-fec1-c35a-08dedc55e1d8,"Larkin Township, Precinct 1",Bill G. Schuette,Republican,413,227,175,11
Representative in State Legislature 95th District (REP),01000000-5ca2-fec1-c35a-08dedc55e1d8,"Larkin Township, Precinct 1",Write-in,Republican,0,0,0,0
Representative in State Legislature 95th District (REP),01000000-5ca2-fec1-c35a-08dedc55e1d8,"Larkin Township, Precinct 2",Bill G. Schuette,Republican,513,305,190,18
Representative in State Legislature 95th District (REP),01000000-5ca2-fec1-c35a-08dedc55e1d8,"Larkin Township, Precinct 2",Write-in,Republican,7,2,4,1
Representative in State Legislature 95th District (REP),01000000-5ca2-fec1-c35a-08dedc55e1d8,"Lee Township, Precinct 1",Bill G. Schuette,Republican,194,193,0,1
Representative in State Legislature 95th District (REP),01000000-5ca2-fec1-c35a-08dedc55e1d8,"Lee Township, Precinct 1",Write-in,Republican,2,2,0,0
Representative in State Legislature 95th District (REP),01000000-5ca2-fec1-c35a-08dedc55e1d8,"Lee Township, Precinct 2",Bill G. Schuette,Republican,186,179,0,7
Representative in State Legislature 95th District (REP),01000000-5ca2-fec1-c35a-08dedc55e1d8,"Lee Township, Precinct 2",Write-in,Republican,1,1,0,0
Representative in State Legislature 95th District (REP),01000000-5ca2-fec1-c35a-08dedc55e1d8,"Lincoln Township, Precinct 1",Bill G. Schuette,Republican,362,355,0,7
Representative in State Legislature 95th District (REP),01000000-5ca2-fec1-c35a-08dedc55e1d8,"Lincoln Township, Precinct 1",Write-in,Republican,0,0,0,0
Representative in State Legislature 95th District (REP),01000000-5ca2-fec1-c35a-08dedc55e1d8,"Midland Township, Precinct 1",Bill G. Schuette,Republican,266,259,0,7
Representative in State Legislature 95th District (REP),01000000-5ca2-fec1-c35a-08dedc55e1d8,"Midland Township, Precinct 1",Write-in,Republican,0,0,0,0
Representative in State Legislature 95th District (REP),01000000-5ca2-fec1-c35a-08dedc55e1d8,"Mills Township, Precinct 1",Bill G. Schuette,Republican,241,238,0,3
Representative in State Legislature 95th District (REP),01000000-5ca2-fec1-c35a-08dedc55e1d8,"Mills Township, Precinct 1",Write-in,Republican,1,1,0,0
Representative in State Legislature 95th District (REP),01000000-5ca2-fec1-c35a-08dedc55e1d8,"Mt. Haley Township, Precinct 1",Bill G. Schuette,Republican,197,193,0,4
Representative in State Legislature 95th District (REP),01000000-5ca2-fec1-c35a-08dedc55e1d8,"Mt. Haley Township, Precinct 1",Write-in,Republican,2,2,0,0
Representative in State Legislature 95th District (REP),01000000-5ca2-fec1-c35a-08dedc55e1d8,"Porter Township, Precinct 1",Bill G. Schuette,Republican,137,134,0,3
Representative in State Legislature 95th District (REP),01000000-5ca2-fec1-c35a-08dedc55e1d8,"Porter Township, Precinct 1",Write-in,Republican,0,0,0,0
Representative in State Legislature 95th District (REP),01000000-5ca2-fec1-c35a-08dedc55e1d8,"Warren Township, Precinct 1",Bill G. Schuette,Republican,264,263,0,1
Representative in State Legislature 95th District (REP),01000000-5ca2-fec1-c35a-08dedc55e1d8,"Warren Township, Precinct 1",Write-in,Republican,1,1,0,0
"Delegate to County Convention for Porter Township, Precinct 1 (REP)",01000000-5ca2-fec1-e336-08dedc55e1d8,"Porter Township, Precinct 1",Tiffany Souders,Republican,117,115,0,2
"Delegate to County Convention for Porter Township, Precinct 1 (REP)",01000000-5ca2-fec1-e336-08dedc55e1d8,"Porter Township, Precinct 1",Write-in,Republican,2,2,0,0
"Delegate to County Convention for Ingersoll Township, Precinct 1 (DEM)",01000000-5ca2-fec1-ba83-08dedc55e1d8,"Ingersoll Township, Precinct 1",Write-in,Democrat,27,26,0,1
"Delegate to County Convention for Jasper Township, Precinct 1 (REP)",01000000-5ca2-fec1-daaf-08dedc55e1d8,"Jasper Township, Precinct 1",Write-in,Republican,12,12,0,0
"Delegate to County Convention for Lincoln Township, Precinct 1 (DEM)",01000000-5ca2-fec1-bda6-08dedc55e1d8,"Lincoln Township, Precinct 1",Douglas Hill,Democrat,268,253,0,15
"Delegate to County Convention for Lincoln Township, Precinct 1 (DEM)",01000000-5ca2-fec1-bda6-08dedc55e1d8,"Lincoln Township, Precinct 1",Write-in,Democrat,2,2,0,0
"Delegate to County Convention for Larkin Township, Precinct 1 (DEM)",01000000-5ca2-fec1-bc4b-08dedc55e1d8,"Larkin Township, Precinct 1",Jill Haver-Crissman,Democrat,207,72,125,10
"Delegate to County Convention for Larkin Township, Precinct 1 (DEM)",01000000-5ca2-fec1-bc4b-08dedc55e1d8,"Larkin Township, Precinct 1",Write-in,Democrat,2,1,1,0
Township Clerk Partial Term Ending 11/20/2028 for Larkin Township (DEM),01000000-5ca2-fec1-abda-08dedc55e1d8,"Larkin Township, Precinct 1",Write-in,Democrat,34,16,17,1
Township Clerk Partial Term Ending 11/20/2028 for Larkin Township (DEM),01000000-5ca2-fec1-abda-08dedc55e1d8,"Larkin Township, Precinct 2",Write-in,Democrat,41,22,16,3
Representative in Congress 2nd District (DEM),01000000-5ca2-fec1-a77c-08dedc55e1d8,"City of Coleman, Precinct 1",Ben Ambrose,Democrat,45,45,0,0
Representative in Congress 2nd District (DEM),01000000-5ca2-fec1-a77c-08dedc55e1d8,"City of Coleman, Precinct 1",Jamie Hill,Democrat,43,40,0,3
Representative in Congress 2nd District (DEM),01000000-5ca2-fec1-a77c-08dedc55e1d8,"City of Coleman, Precinct 1",Clyde Welford,Democrat,4,4,0,0
Representative in Congress 2nd District (DEM),01000000-5ca2-fec1-a77c-08dedc55e1d8,"City of Coleman, Precinct 1",Write-in,Democrat,0,0,0,0
Representative in Congress 2nd District (DEM),01000000-5ca2-fec1-a77c-08dedc55e1d8,"Edenville Township, Precinct 1",Ben Ambrose,Democrat,86,82,0,4
Representative in Congress 2nd District (DEM),01000000-5ca2-fec1-a77c-08dedc55e1d8,"Edenville Township, Precinct 1",Jamie Hill,Democrat,105,102,0,3
Representative in Congress 2nd District (DEM),01000000-5ca2-fec1-a77c-08dedc55e1d8,"Edenville Township, Precinct 1",Clyde Welford,Democrat,29,28,0,1
Representative in Congress 2nd District (DEM),01000000-5ca2-fec1-a77c-08dedc55e1d8,"Edenville Township, Precinct 1",Write-in,Democrat,1,1,0,0
Representative in Congress 2nd District (DEM),01000000-5ca2-fec1-a77c-08dedc55e1d8,"Geneva Township, Precinct 1",Ben Ambrose,Democrat,43,43,0,0
Representative in Congress 2nd District (DEM),01000000-5ca2-fec1-a77c-08dedc55e1d8,"Geneva Township, Precinct 1",Jamie Hill,Democrat,47,47,0,0
Representative in Congress 2nd District (DEM),01000000-5ca2-fec1-a77c-08dedc55e1d8,"Geneva Township, Precinct 1",Clyde Welford,Democrat,12,12,0,0
Representative in Congress 2nd District (DEM),01000000-5ca2-fec1-a77c-08dedc55e1d8,"Geneva Township, Precinct 1",Write-in,Democrat,1,1,0,0
Representative in Congress 2nd District (DEM),01000000-5ca2-fec1-a77c-08dedc55e1d8,"Greendale Township, Precinct 1",Ben Ambrose,Democrat,42,42,0,0
Representative in Congress 2nd District (DEM),01000000-5ca2-fec1-a77c-08dedc55e1d8,"Greendale Township, Precinct 1",Jamie Hill,Democrat,59,58,0,1
Representative in Congress 2nd District (DEM),01000000-5ca2-fec1-a77c-08dedc55e1d8,"Greendale Township, Precinct 1",Clyde Welford,Democrat,11,11,0,0
Representative in Congress 2nd District (DEM),01000000-5ca2-fec1-a77c-08dedc55e1d8,"Greendale Township, Precinct 1",Write-in,Democrat,0,0,0,0
Representative in Congress 2nd District (DEM),01000000-5ca2-fec1-a77c-08dedc55e1d8,"Jasper Township, Precinct 1",Ben Ambrose,Democrat,25,25,0,0
Representative in Congress 2nd District (DEM),01000000-5ca2-fec1-a77c-08dedc55e1d8,"Jasper Township, Precinct 1",Jamie Hill,Democrat,51,51,0,0
Representative in Congress 2nd District (DEM),01000000-5ca2-fec1-a77c-08dedc55e1d8,"Jasper Township, Precinct 1",Clyde Welford,Democrat,5,5,0,0
Representative in Congress 2nd District (DEM),01000000-5ca2-fec1-a77c-08dedc55e1d8,"Jasper Township, Precinct 1",Write-in,Democrat,0,0,0,0
Representative in Congress 2nd District (DEM),01000000-5ca2-fec1-a77c-08dedc55e1d8,"Warren Township, Precinct 1",Ben Ambrose,Democrat,59,57,0,2
Representative in Congress 2nd District (DEM),01000000-5ca2-fec1-a77c-08dedc55e1d8,"Warren Township, Precinct 1",Jamie Hill,Democrat,58,57,0,1
Representative in Congress 2nd District (DEM),01000000-5ca2-fec1-a77c-08dedc55e1d8,"Warren Township, Precinct 1",Clyde Welford,Democrat,24,23,0,1
Representative in Congress 2nd District (DEM),01000000-5ca2-fec1-a77c-08dedc55e1d8,"Warren Township, Precinct 1",Write-in,Democrat,2,2,0,0
Township Clerk Partial Term Ending 11/20/2028 for Geneva Township (DEM),01000000-5ca2-fec1-ab8a-08dedc55e1d8,"Geneva Township, Precinct 1",Write-in,Democrat,19,19,0,0
"Delegate to County Convention for Homer Township, Precinct 2 (DEM)",01000000-5ca2-fec1-b977-08dedc55e1d8,"Homer Township, Precinct 2",Write-in,Democrat,9,9,0,0
Midland County School Resource Officer Renewal and Increase Proposal,01000000-5ca2-fec1-e5a3-08dedc55e1d8,"City of Coleman, Precinct 1",Yes,,148,144,0,4
Midland County School Resource Officer Renewal and Increase Proposal,01000000-5ca2-fec1-e5a3-08dedc55e1d8,"City of Coleman, Precinct 1",No,,65,57,0,8
Midland County School Resource Officer Renewal and Increase Proposal,01000000-5ca2-fec1-e5a3-08dedc55e1d8,"City of Midland, Ward 1, Precinct 1",Yes,,583,221,334,28
Midland County School Resource Officer Renewal and Increase Proposal,01000000-5ca2-fec1-e5a3-08dedc55e1d8,"City of Midland, Ward 1, Precinct 1",No,,323,138,172,13
Midland County School Resource Officer Renewal and Increase Proposal,01000000-5ca2-fec1-e5a3-08dedc55e1d8,"City of Midland, Ward 1, Precinct 2",Yes,,461,168,267,26
Midland County School Resource Officer Renewal and Increase Proposal,01000000-5ca2-fec1-e5a3-08dedc55e1d8,"City of Midland, Ward 1, Precinct 2",No,,228,99,117,12
Midland County School Resource Officer Renewal and Increase Proposal,01000000-5ca2-fec1-e5a3-08dedc55e1d8,"City of Midland, Ward 2, Precinct 3",Yes,,526,150,354,22
Midland County School Resource Officer Renewal and Increase Proposal,01000000-5ca2-fec1-e5a3-08dedc55e1d8,"City of Midland, Ward 2, Precinct 3",No,,303,115,168,20
Midland County School Resource Officer Renewal and Increase Proposal,01000000-5ca2-fec1-e5a3-08dedc55e1d8,"City of Midland, Ward 2, Precinct 4",Yes,,829,274,500,55
Midland County School Resource Officer Renewal and Increase Proposal,01000000-5ca2-fec1-e5a3-08dedc55e1d8,"City of Midland, Ward 2, Precinct 4",No,,339,150,183,6
Midland County School Resource Officer Renewal and Increase Proposal,01000000-5ca2-fec1-e5a3-08dedc55e1d8,"City of Midland, Ward 3, Precinct 5",Yes,,685,245,404,36
Midland County School Resource Officer Renewal and Increase Proposal,01000000-5ca2-fec1-e5a3-08dedc55e1d8,"City of Midland, Ward 3, Precinct 5",No,,345,151,182,12
Midland County School Resource Officer Renewal and Increase Proposal,01000000-5ca2-fec1-e5a3-08dedc55e1d8,"City of Midland, Ward 3, Precinct 6",Yes,,875,280,555,40
Midland County School Resource Officer Renewal and Increase Proposal,01000000-5ca2-fec1-e5a3-08dedc55e1d8,"City of Midland, Ward 3, Precinct 6",No,,402,172,220,10
Midland County School Resource Officer Renewal and Increase Proposal,01000000-5ca2-fec1-e5a3-08dedc55e1d8,"City of Midland, Ward 4, Precinct 7",Yes,,880,279,573,28
Midland County School Resource Officer Renewal and Increase Proposal,01000000-5ca2-fec1-e5a3-08dedc55e1d8,"City of Midland, Ward 4, Precinct 7",No,,372,137,221,14
Midland County School Resource Officer Renewal and Increase Proposal,01000000-5ca2-fec1-e5a3-08dedc55e1d8,"City of Midland, Ward 4, Precinct 8",Yes,,870,286,548,36
Midland County School Resource Officer Renewal and Increase Proposal,01000000-5ca2-fec1-e5a3-08dedc55e1d8,"City of Midland, Ward 4, Precinct 8",No,,363,142,199,22
Midland County School Resource Officer Renewal and Increase Proposal,01000000-5ca2-fec1-e5a3-08dedc55e1d8,"City of Midland, Ward 5, Precinct 9",Yes,,804,287,488,29
Midland County School Resource Officer Renewal and Increase Proposal,01000000-5ca2-fec1-e5a3-08dedc55e1d8,"City of Midland, Ward 5, Precinct 9",No,,332,153,176,3
Midland County School Resource Officer Renewal and Increase Proposal,01000000-5ca2-fec1-e5a3-08dedc55e1d8,"City of Midland, Ward 5, Precinct 10",Yes,,908,338,522,48
Midland County School Resource Officer Renewal and Increase Proposal,01000000-5ca2-fec1-e5a3-08dedc55e1d8,"City of Midland, Ward 5, Precinct 10",No,,362,141,210,11
Midland County School Resource Officer Renewal and Increase Proposal,01000000-5ca2-fec1-e5a3-08dedc55e1d8,"Edenville Township, Precinct 1",Yes,,367,361,0,6
Midland County School Resource Officer Renewal and Increase Proposal,01000000-5ca2-fec1-e5a3-08dedc55e1d8,"Edenville Township, Precinct 1",No,,301,297,0,4
Midland County School Resource Officer Renewal and Increase Proposal,01000000-5ca2-fec1-e5a3-08dedc55e1d8,"Geneva Township, Precinct 1",Yes,,153,152,0,1
Midland County School Resource Officer Renewal and Increase Proposal,01000000-5ca2-fec1-e5a3-08dedc55e1d8,"Geneva Township, Precinct 1",No,,133,132,0,1
Midland County School Resource Officer Renewal and Increase Proposal,01000000-5ca2-fec1-e5a3-08dedc55e1d8,"Greendale Township, Precinct 1",Yes,,189,180,0,9
Midland County School Resource Officer Renewal and Increase Proposal,01000000-5ca2-fec1-e5a3-08dedc55e1d8,"Greendale Township, Precinct 1",No,,166,165,0,1
Midland County School Resource Officer Renewal and Increase Proposal,01000000-5ca2-fec1-e5a3-08dedc55e1d8,"Homer Township, Precinct 1",Yes,,206,205,0,1
Midland County School Resource Officer Renewal and Increase Proposal,01000000-5ca2-fec1-e5a3-08dedc55e1d8,"Homer Township, Precinct 1",No,,109,106,0,3
Midland County School Resource Officer Renewal and Increase Proposal,01000000-5ca2-fec1-e5a3-08dedc55e1d8,"Homer Township, Precinct 2",Yes,,186,184,0,2
Midland County School Resource Officer Renewal and Increase Proposal,01000000-5ca2-fec1-e5a3-08dedc55e1d8,"Homer Township, Precinct 2",No,,114,111,0,3
Midland County School Resource Officer Renewal and Increase Proposal,01000000-5ca2-fec1-e5a3-08dedc55e1d8,"Homer Township, Precinct 3",Yes,,257,241,0,16
Midland County School Resource Officer Renewal and Increase Proposal,01000000-5ca2-fec1-e5a3-08dedc55e1d8,"Homer Township, Precinct 3",No,,153,152,0,1
Midland County School Resource Officer Renewal and Increase Proposal,01000000-5ca2-fec1-e5a3-08dedc55e1d8,"Hope Township, Precinct 1",Yes,,210,202,0,8
Midland County School Resource Officer Renewal and Increase Proposal,01000000-5ca2-fec1-e5a3-08dedc55e1d8,"Hope Township, Precinct 1",No,,173,173,0,0
Midland County School Resource Officer Renewal and Increase Proposal,01000000-5ca2-fec1-e5a3-08dedc55e1d8,"Ingersoll Township, Precinct 1",Yes,,238,233,0,5
Midland County School Resource Officer Renewal and Increase Proposal,01000000-5ca2-fec1-e5a3-08dedc55e1d8,"Ingersoll Township, Precinct 1",No,,147,144,0,3
Midland County School Resource Officer Renewal and Increase Proposal,01000000-5ca2-fec1-e5a3-08dedc55e1d8,"Ingersoll Township, Precinct 2",Yes,,138,135,0,3
Midland County School Resource Officer Renewal and Increase Proposal,01000000-5ca2-fec1-e5a3-08dedc55e1d8,"Ingersoll Township, Precinct 2",No,,132,131,0,1
Midland County School Resource Officer Renewal and Increase Proposal,01000000-5ca2-fec1-e5a3-08dedc55e1d8,"Jasper Township, Precinct 1",Yes,,121,121,0,0
Midland County School Resource Officer Renewal and Increase Proposal,01000000-5ca2-fec1-e5a3-08dedc55e1d8,"Jasper Township, Precinct 1",No,,104,104,0,0
Midland County School Resource Officer Renewal and Increase Proposal,01000000-5ca2-fec1-e5a3-08dedc55e1d8,"Jerome Township, Precinct 1",Yes,,396,126,259,11
Midland County School Resource Officer Renewal and Increase Proposal,01000000-5ca2-fec1-e5a3-08dedc55e1d8,"Jerome Township, Precinct 1",No,,239,74,160,5
Midland County School Resource Officer Renewal and Increase Proposal,01000000-5ca2-fec1-e5a3-08dedc55e1d8,"Jerome Township, Precinct 2",Yes,,347,129,206,12
Midland County School Resource Officer Renewal and Increase Proposal,01000000-5ca2-fec1-e5a3-08dedc55e1d8,"Jerome Township, Precinct 2",No,,231,91,135,5
Midland County School Resource Officer Renewal and Increase Proposal,01000000-5ca2-fec1-e5a3-08dedc55e1d8,"Larkin Township, Precinct 1",Yes,,466,211,239,16
Midland County School Resource Officer Renewal and Increase Proposal,01000000-5ca2-fec1-e5a3-08dedc55e1d8,"Larkin Township, Precinct 1",No,,281,129,144,8
Midland County School Resource Officer Renewal and Increase Proposal,01000000-5ca2-fec1-e5a3-08dedc55e1d8,"Larkin Township, Precinct 2",Yes,,644,282,335,27
Midland County School Resource Officer Renewal and Increase Proposal,01000000-5ca2-fec1-e5a3-08dedc55e1d8,"Larkin Township, Precinct 2",No,,331,161,156,14
Midland County School Resource Officer Renewal and Increase Proposal,01000000-5ca2-fec1-e5a3-08dedc55e1d8,"Lee Township, Precinct 1",Yes,,215,208,0,7
Midland County School Resource Officer Renewal and Increase Proposal,01000000-5ca2-fec1-e5a3-08dedc55e1d8,"Lee Township, Precinct 1",No,,178,176,0,2
Midland County School Resource Officer Renewal and Increase Proposal,01000000-5ca2-fec1-e5a3-08dedc55e1d8,"Lee Township, Precinct 2",Yes,,187,179,0,8
Midland County School Resource Officer Renewal and Increase Proposal,01000000-5ca2-fec1-e5a3-08dedc55e1d8,"Lee Township, Precinct 2",No,,185,182,0,3
Midland County School Resource Officer Renewal and Increase Proposal,01000000-5ca2-fec1-e5a3-08dedc55e1d8,"Lincoln Township, Precinct 1",Yes,,442,427,0,15
Midland County School Resource Officer Renewal and Increase Proposal,01000000-5ca2-fec1-e5a3-08dedc55e1d8,"Lincoln Township, Precinct 1",No,,286,277,0,9
Midland County School Resource Officer Renewal and Increase Proposal,01000000-5ca2-fec1-e5a3-08dedc55e1d8,"Midland Township, Precinct 1",Yes,,374,364,0,10
Midland County School Resource Officer Renewal and Increase Proposal,01000000-5ca2-fec1-e5a3-08dedc55e1d8,"Midland Township, Precinct 1",No,,146,142,0,4
Midland County School Resource Officer Renewal and Increase Proposal,01000000-5ca2-fec1-e5a3-08dedc55e1d8,"Mills Township, Precinct 1",Yes,,256,245,0,11
Midland County School Resource Officer Renewal and Increase Proposal,01000000-5ca2-fec1-e5a3-08dedc55e1d8,"Mills Township, Precinct 1",No,,209,206,0,3
Midland County School Resource Officer Renewal and Increase Proposal,01000000-5ca2-fec1-e5a3-08dedc55e1d8,"Mt. Haley Township, Precinct 1",Yes,,248,234,0,14
Midland County School Resource Officer Renewal and Increase Proposal,01000000-5ca2-fec1-e5a3-08dedc55e1d8,"Mt. Haley Township, Precinct 1",No,,157,150,0,7
Midland County School Resource Officer Renewal and Increase Proposal,01000000-5ca2-fec1-e5a3-08dedc55e1d8,"Porter Township, Precinct 1",Yes,,120,118,0,2
Midland County School Resource Officer Renewal and Increase Proposal,01000000-5ca2-fec1-e5a3-08dedc55e1d8,"Porter Township, Precinct 1",No,,137,135,0,2
Midland County School Resource Officer Renewal and Increase Proposal,01000000-5ca2-fec1-e5a3-08dedc55e1d8,"Warren Township, Precinct 1",Yes,,255,252,0,3
Midland County School Resource Officer Renewal and Increase Proposal,01000000-5ca2-fec1-e5a3-08dedc55e1d8,"Warren Township, Precinct 1",No,,195,194,0,1
"Delegate to County Convention for Homer Township, Precinct 2 (REP)",01000000-5ca2-fec1-d77e-08dedc55e1d8,"Homer Township, Precinct 2",Caleb J. Hortop,Republican,102,102,0,0
"Delegate to County Convention for Homer Township, Precinct 2 (REP)",01000000-5ca2-fec1-d77e-08dedc55e1d8,"Homer Township, Precinct 2",Lindsay N. Hortop,Republican,88,87,0,1
"Delegate to County Convention for Homer Township, Precinct 2 (REP)",01000000-5ca2-fec1-d77e-08dedc55e1d8,"Homer Township, Precinct 2",Marilyn Klingbeil,Republican,100,100,0,0
"Delegate to County Convention for Homer Township, Precinct 2 (REP)",01000000-5ca2-fec1-d77e-08dedc55e1d8,"Homer Township, Precinct 2",Write-in,Republican,0,0,0,0
"Delegate to County Convention for Ingersoll Township, Precinct 1 (REP)",01000000-5ca2-fec1-d97f-08dedc55e1d8,"Ingersoll Township, Precinct 1",Bob Dvorak,Republican,125,121,0,4
"Delegate to County Convention for Ingersoll Township, Precinct 1 (REP)",01000000-5ca2-fec1-d97f-08dedc55e1d8,"Ingersoll Township, Precinct 1",Valerie A. Dvorak,Republican,115,111,0,4
"Delegate to County Convention for Ingersoll Township, Precinct 1 (REP)",01000000-5ca2-fec1-d97f-08dedc55e1d8,"Ingersoll Township, Precinct 1",Charles W. Tabb,Republican,127,124,0,3
"Delegate to County Convention for Ingersoll Township, Precinct 1 (REP)",01000000-5ca2-fec1-d97f-08dedc55e1d8,"Ingersoll Township, Precinct 1",MaryAnn Tabb,Republican,122,119,0,3
"Delegate to County Convention for Ingersoll Township, Precinct 1 (REP)",01000000-5ca2-fec1-d97f-08dedc55e1d8,"Ingersoll Township, Precinct 1",Write-in,Republican,8,8,0,0
"Delegate to County Convention for City of Midland, Ward 4, Precinct 8 (DEM)",01000000-5ca2-fec1-b65d-08dedc55e1d8,"City of Midland, Ward 4, Precinct 8",Juanita Rivera,Democrat,547,174,354,19
"Delegate to County Convention for City of Midland, Ward 4, Precinct 8 (DEM)",01000000-5ca2-fec1-b65d-08dedc55e1d8,"City of Midland, Ward 4, Precinct 8",Linda Siemsen,Democrat,480,132,333,15
"Delegate to County Convention for City of Midland, Ward 4, Precinct 8 (DEM)",01000000-5ca2-fec1-b65d-08dedc55e1d8,"City of Midland, Ward 4, Precinct 8",Write-in,Democrat,2,2,0,0
Township Clerk Partial Term Ending 11/20/2028 for Edenville Township (DEM),01000000-5ca2-fec1-ab0c-08dedc55e1d8,"Edenville Township, Precinct 1",Kimberlea Hauser,Democrat,216,210,0,6
Township Clerk Partial Term Ending 11/20/2028 for Edenville Township (DEM),01000000-5ca2-fec1-ab0c-08dedc55e1d8,"Edenville Township, Precinct 1",Write-in,Democrat,2,2,0,0
"Delegate to County Convention for City of Midland, Ward 2, Precinct 4 (REP)",01000000-5ca2-fec1-cc82-08dedc55e1d8,"City of Midland, Ward 2, Precinct 4",Elisa Andrick,Republican,188,84,91,13
"Delegate to County Convention for City of Midland, Ward 2, Precinct 4 (REP)",01000000-5ca2-fec1-cc82-08dedc55e1d8,"City of Midland, Ward 2, Precinct 4",Joan M. Herbert,Republican,188,85,90,13
"Delegate to County Convention for City of Midland, Ward 2, Precinct 4 (REP)",01000000-5ca2-fec1-cc82-08dedc55e1d8,"City of Midland, Ward 2, Precinct 4",Jake Maloney,Republican,218,101,104,13
"Delegate to County Convention for City of Midland, Ward 2, Precinct 4 (REP)",01000000-5ca2-fec1-cc82-08dedc55e1d8,"City of Midland, Ward 2, Precinct 4",Jamie M. Meister,Republican,183,80,90,13
"Delegate to County Convention for City of Midland, Ward 2, Precinct 4 (REP)",01000000-5ca2-fec1-cc82-08dedc55e1d8,"City of Midland, Ward 2, Precinct 4",Judith Ann Rapanos,Republican,236,101,120,15
"Delegate to County Convention for City of Midland, Ward 2, Precinct 4 (REP)",01000000-5ca2-fec1-cc82-08dedc55e1d8,"City of Midland, Ward 2, Precinct 4",Write-in,Republican,2,2,0,0
United States Senator (DEM),01000000-5ca2-fec1-a636-08dedc55e1d8,"City of Coleman, Precinct 1",Abdul El-Sayed,Democrat,56,53,0,3
United States Senator (DEM),01000000-5ca2-fec1-a636-08dedc55e1d8,"City of Coleman, Precinct 1",Mallory McMorrow,Democrat,4,4,0,0
United States Senator (DEM),01000000-5ca2-fec1-a636-08dedc55e1d8,"City of Coleman, Precinct 1",Haley Stevens,Democrat,44,43,0,1
United States Senator (DEM),01000000-5ca2-fec1-a636-08dedc55e1d8,"City of Coleman, Precinct 1",Write-in,Democrat,0,0,0,0
United States Senator (DEM),01000000-5ca2-fec1-a636-08dedc55e1d8,"City of Midland, Ward 1, Precinct 1",Abdul El-Sayed,Democrat,295,144,130,21
United States Senator (DEM),01000000-5ca2-fec1-a636-08dedc55e1d8,"City of Midland, Ward 1, Precinct 1",Mallory McMorrow,Democrat,37,7,30,0
United States Senator (DEM),01000000-5ca2-fec1-a636-08dedc55e1d8,"City of Midland, Ward 1, Precinct 1",Haley Stevens,Democrat,266,56,205,5
United States Senator (DEM),01000000-5ca2-fec1-a636-08dedc55e1d8,"City of Midland, Ward 1, Precinct 1",Write-in,Democrat,0,0,0,0
United States Senator (DEM),01000000-5ca2-fec1-a636-08dedc55e1d8,"City of Midland, Ward 1, Precinct 2",Abdul El-Sayed,Democrat,250,113,107,30
United States Senator (DEM),01000000-5ca2-fec1-a636-08dedc55e1d8,"City of Midland, Ward 1, Precinct 2",Mallory McMorrow,Democrat,22,4,18,0
United States Senator (DEM),01000000-5ca2-fec1-a636-08dedc55e1d8,"City of Midland, Ward 1, Precinct 2",Haley Stevens,Democrat,194,41,146,7
United States Senator (DEM),01000000-5ca2-fec1-a636-08dedc55e1d8,"City of Midland, Ward 1, Precinct 2",Write-in,Democrat,0,0,0,0
United States Senator (DEM),01000000-5ca2-fec1-a636-08dedc55e1d8,"City of Midland, Ward 2, Precinct 3",Abdul El-Sayed,Democrat,295,118,154,23
United States Senator (DEM),01000000-5ca2-fec1-a636-08dedc55e1d8,"City of Midland, Ward 2, Precinct 3",Mallory McMorrow,Democrat,39,5,33,1
United States Senator (DEM),01000000-5ca2-fec1-a636-08dedc55e1d8,"City of Midland, Ward 2, Precinct 3",Haley Stevens,Democrat,217,40,171,6
United States Senator (DEM),01000000-5ca2-fec1-a636-08dedc55e1d8,"City of Midland, Ward 2, Precinct 3",Write-in,Democrat,0,0,0,0
United States Senator (DEM),01000000-5ca2-fec1-a636-08dedc55e1d8,"City of Midland, Ward 2, Precinct 4",Abdul El-Sayed,Democrat,415,168,221,26
United States Senator (DEM),01000000-5ca2-fec1-a636-08dedc55e1d8,"City of Midland, Ward 2, Precinct 4",Mallory McMorrow,Democrat,28,4,24,0
United States Senator (DEM),01000000-5ca2-fec1-a636-08dedc55e1d8,"City of Midland, Ward 2, Precinct 4",Haley Stevens,Democrat,365,90,255,20
United States Senator (DEM),01000000-5ca2-fec1-a636-08dedc55e1d8,"City of Midland, Ward 2, Precinct 4",Write-in,Democrat,2,2,0,0
United States Senator (DEM),01000000-5ca2-fec1-a636-08dedc55e1d8,"City of Midland, Ward 3, Precinct 5",Abdul El-Sayed,Democrat,297,131,141,25
United States Senator (DEM),01000000-5ca2-fec1-a636-08dedc55e1d8,"City of Midland, Ward 3, Precinct 5",Mallory McMorrow,Democrat,14,1,13,0
United States Senator (DEM),01000000-5ca2-fec1-a636-08dedc55e1d8,"City of Midland, Ward 3, Precinct 5",Haley Stevens,Democrat,324,79,230,15
United States Senator (DEM),01000000-5ca2-fec1-a636-08dedc55e1d8,"City of Midland, Ward 3, Precinct 5",Write-in,Democrat,0,0,0,0
United States Senator (DEM),01000000-5ca2-fec1-a636-08dedc55e1d8,"City of Midland, Ward 3, Precinct 6",Abdul El-Sayed,Democrat,433,178,240,15
United States Senator (DEM),01000000-5ca2-fec1-a636-08dedc55e1d8,"City of Midland, Ward 3, Precinct 6",Mallory McMorrow,Democrat,38,5,32,1
United States Senator (DEM),01000000-5ca2-fec1-a636-08dedc55e1d8,"City of Midland, Ward 3, Precinct 6",Haley Stevens,Democrat,313,65,244,4
United States Senator (DEM),01000000-5ca2-fec1-a636-08dedc55e1d8,"City of Midland, Ward 3, Precinct 6",Write-in,Democrat,0,0,0,0
United States Senator (DEM),01000000-5ca2-fec1-a636-08dedc55e1d8,"City of Midland, Ward 4, Precinct 7",Abdul El-Sayed,Democrat,380,159,204,17
United States Senator (DEM),01000000-5ca2-fec1-a636-08dedc55e1d8,"City of Midland, Ward 4, Precinct 7",Mallory McMorrow,Democrat,32,9,22,1
United States Senator (DEM),01000000-5ca2-fec1-a636-08dedc55e1d8,"City of Midland, Ward 4, Precinct 7",Haley Stevens,Democrat,392,70,303,19
United States Senator (DEM),01000000-5ca2-fec1-a636-08dedc55e1d8,"City of Midland, Ward 4, Precinct 7",Write-in,Democrat,0,0,0,0
United States Senator (DEM),01000000-5ca2-fec1-a636-08dedc55e1d8,"City of Midland, Ward 4, Precinct 8",Abdul El-Sayed,Democrat,426,179,226,21
United States Senator (DEM),01000000-5ca2-fec1-a636-08dedc55e1d8,"City of Midland, Ward 4, Precinct 8",Mallory McMorrow,Democrat,28,5,23,0
United States Senator (DEM),01000000-5ca2-fec1-a636-08dedc55e1d8,"City of Midland, Ward 4, Precinct 8",Haley Stevens,Democrat,365,70,280,15
United States Senator (DEM),01000000-5ca2-fec1-a636-08dedc55e1d8,"City of Midland, Ward 4, Precinct 8",Write-in,Democrat,0,0,0,0
United States Senator (DEM),01000000-5ca2-fec1-a636-08dedc55e1d8,"City of Midland, Ward 5, Precinct 9",Abdul El-Sayed,Democrat,421,191,216,14
United States Senator (DEM),01000000-5ca2-fec1-a636-08dedc55e1d8,"City of Midland, Ward 5, Precinct 9",Mallory McMorrow,Democrat,38,8,29,1
United States Senator (DEM),01000000-5ca2-fec1-a636-08dedc55e1d8,"City of Midland, Ward 5, Precinct 9",Haley Stevens,Democrat,355,71,272,12
United States Senator (DEM),01000000-5ca2-fec1-a636-08dedc55e1d8,"City of Midland, Ward 5, Precinct 9",Write-in,Democrat,0,0,0,0
United States Senator (DEM),01000000-5ca2-fec1-a636-08dedc55e1d8,"City of Midland, Ward 5, Precinct 10",Abdul El-Sayed,Democrat,407,176,207,24
United States Senator (DEM),01000000-5ca2-fec1-a636-08dedc55e1d8,"City of Midland, Ward 5, Precinct 10",Mallory McMorrow,Democrat,46,5,38,3
United States Senator (DEM),01000000-5ca2-fec1-a636-08dedc55e1d8,"City of Midland, Ward 5, Precinct 10",Haley Stevens,Democrat,386,109,263,14
United States Senator (DEM),01000000-5ca2-fec1-a636-08dedc55e1d8,"City of Midland, Ward 5, Precinct 10",Write-in,Democrat,1,1,0,0
United States Senator (DEM),01000000-5ca2-fec1-a636-08dedc55e1d8,"Edenville Township, Precinct 1",Abdul El-Sayed,Democrat,86,80,0,6
United States Senator (DEM),01000000-5ca2-fec1-a636-08dedc55e1d8,"Edenville Township, Precinct 1",Mallory McMorrow,Democrat,12,12,0,0
United States Senator (DEM),01000000-5ca2-fec1-a636-08dedc55e1d8,"Edenville Township, Precinct 1",Haley Stevens,Democrat,169,167,0,2
United States Senator (DEM),01000000-5ca2-fec1-a636-08dedc55e1d8,"Edenville Township, Precinct 1",Write-in,Democrat,0,0,0,0
United States Senator (DEM),01000000-5ca2-fec1-a636-08dedc55e1d8,"Geneva Township, Precinct 1",Abdul El-Sayed,Democrat,47,47,0,0
United States Senator (DEM),01000000-5ca2-fec1-a636-08dedc55e1d8,"Geneva Township, Precinct 1",Mallory McMorrow,Democrat,8,8,0,0
United States Senator (DEM),01000000-5ca2-fec1-a636-08dedc55e1d8,"Geneva Township, Precinct 1",Haley Stevens,Democrat,66,66,0,0
United States Senator (DEM),01000000-5ca2-fec1-a636-08dedc55e1d8,"Geneva Township, Precinct 1",Write-in,Democrat,0,0,0,0
United States Senator (DEM),01000000-5ca2-fec1-a636-08dedc55e1d8,"Greendale Township, Precinct 1",Abdul El-Sayed,Democrat,67,67,0,0
United States Senator (DEM),01000000-5ca2-fec1-a636-08dedc55e1d8,"Greendale Township, Precinct 1",Mallory McMorrow,Democrat,2,2,0,0
United States Senator (DEM),01000000-5ca2-fec1-a636-08dedc55e1d8,"Greendale Township, Precinct 1",Haley Stevens,Democrat,60,59,0,1
United States Senator (DEM),01000000-5ca2-fec1-a636-08dedc55e1d8,"Greendale Township, Precinct 1",Write-in,Democrat,0,0,0,0
United States Senator (DEM),01000000-5ca2-fec1-a636-08dedc55e1d8,"Homer Township, Precinct 1",Abdul El-Sayed,Democrat,74,72,0,2
United States Senator (DEM),01000000-5ca2-fec1-a636-08dedc55e1d8,"Homer Township, Precinct 1",Mallory McMorrow,Democrat,7,7,0,0
United States Senator (DEM),01000000-5ca2-fec1-a636-08dedc55e1d8,"Homer Township, Precinct 1",Haley Stevens,Democrat,112,110,0,2
United States Senator (DEM),01000000-5ca2-fec1-a636-08dedc55e1d8,"Homer Township, Precinct 1",Write-in,Democrat,0,0,0,0
United States Senator (DEM),01000000-5ca2-fec1-a636-08dedc55e1d8,"Homer Township, Precinct 2",Abdul El-Sayed,Democrat,66,66,0,0
United States Senator (DEM),01000000-5ca2-fec1-a636-08dedc55e1d8,"Homer Township, Precinct 2",Mallory McMorrow,Democrat,4,3,0,1
United States Senator (DEM),01000000-5ca2-fec1-a636-08dedc55e1d8,"Homer Township, Precinct 2",Haley Stevens,Democrat,65,63,0,2
United States Senator (DEM),01000000-5ca2-fec1-a636-08dedc55e1d8,"Homer Township, Precinct 2",Write-in,Democrat,0,0,0,0
United States Senator (DEM),01000000-5ca2-fec1-a636-08dedc55e1d8,"Homer Township, Precinct 3",Abdul El-Sayed,Democrat,91,84,0,7
United States Senator (DEM),01000000-5ca2-fec1-a636-08dedc55e1d8,"Homer Township, Precinct 3",Mallory McMorrow,Democrat,11,11,0,0
United States Senator (DEM),01000000-5ca2-fec1-a636-08dedc55e1d8,"Homer Township, Precinct 3",Haley Stevens,Democrat,125,120,0,5
United States Senator (DEM),01000000-5ca2-fec1-a636-08dedc55e1d8,"Homer Township, Precinct 3",Write-in,Democrat,1,1,0,0
United States Senator (DEM),01000000-5ca2-fec1-a636-08dedc55e1d8,"Hope Township, Precinct 1",Abdul El-Sayed,Democrat,54,54,0,0
United States Senator (DEM),01000000-5ca2-fec1-a636-08dedc55e1d8,"Hope Township, Precinct 1",Mallory McMorrow,Democrat,3,3,0,0
United States Senator (DEM),01000000-5ca2-fec1-a636-08dedc55e1d8,"Hope Township, Precinct 1",Haley Stevens,Democrat,81,81,0,0
United States Senator (DEM),01000000-5ca2-fec1-a636-08dedc55e1d8,"Hope Township, Precinct 1",Write-in,Democrat,0,0,0,0
United States Senator (DEM),01000000-5ca2-fec1-a636-08dedc55e1d8,"Ingersoll Township, Precinct 1",Abdul El-Sayed,Democrat,66,66,0,0
United States Senator (DEM),01000000-5ca2-fec1-a636-08dedc55e1d8,"Ingersoll Township, Precinct 1",Mallory McMorrow,Democrat,12,12,0,0
United States Senator (DEM),01000000-5ca2-fec1-a636-08dedc55e1d8,"Ingersoll Township, Precinct 1",Haley Stevens,Democrat,104,101,0,3
United States Senator (DEM),01000000-5ca2-fec1-a636-08dedc55e1d8,"Ingersoll Township, Precinct 1",Write-in,Democrat,2,2,0,0
United States Senator (DEM),01000000-5ca2-fec1-a636-08dedc55e1d8,"Ingersoll Township, Precinct 2",Abdul El-Sayed,Democrat,49,48,0,1
United States Senator (DEM),01000000-5ca2-fec1-a636-08dedc55e1d8,"Ingersoll Township, Precinct 2",Mallory McMorrow,Democrat,8,8,0,0
United States Senator (DEM),01000000-5ca2-fec1-a636-08dedc55e1d8,"Ingersoll Township, Precinct 2",Haley Stevens,Democrat,66,64,0,2
United States Senator (DEM),01000000-5ca2-fec1-a636-08dedc55e1d8,"Ingersoll Township, Precinct 2",Write-in,Democrat,1,1,0,0
United States Senator (DEM),01000000-5ca2-fec1-a636-08dedc55e1d8,"Jasper Township, Precinct 1",Abdul El-Sayed,Democrat,23,23,0,0
United States Senator (DEM),01000000-5ca2-fec1-a636-08dedc55e1d8,"Jasper Township, Precinct 1",Mallory McMorrow,Democrat,3,3,0,0
United States Senator (DEM),01000000-5ca2-fec1-a636-08dedc55e1d8,"Jasper Township, Precinct 1",Haley Stevens,Democrat,63,63,0,0
United States Senator (DEM),01000000-5ca2-fec1-a636-08dedc55e1d8,"Jasper Township, Precinct 1",Write-in,Democrat,0,0,0,0
United States Senator (DEM),01000000-5ca2-fec1-a636-08dedc55e1d8,"Jerome Township, Precinct 1",Abdul El-Sayed,Democrat,133,47,79,7
United States Senator (DEM),01000000-5ca2-fec1-a636-08dedc55e1d8,"Jerome Township, Precinct 1",Mallory McMorrow,Democrat,18,4,14,0
United States Senator (DEM),01000000-5ca2-fec1-a636-08dedc55e1d8,"Jerome Township, Precinct 1",Haley Stevens,Democrat,163,23,139,1
United States Senator (DEM),01000000-5ca2-fec1-a636-08dedc55e1d8,"Jerome Township, Precinct 1",Write-in,Democrat,0,0,0,0
United States Senator (DEM),01000000-5ca2-fec1-a636-08dedc55e1d8,"Jerome Township, Precinct 2",Abdul El-Sayed,Democrat,79,33,41,5
United States Senator (DEM),01000000-5ca2-fec1-a636-08dedc55e1d8,"Jerome Township, Precinct 2",Mallory McMorrow,Democrat,17,3,14,0
United States Senator (DEM),01000000-5ca2-fec1-a636-08dedc55e1d8,"Jerome Township, Precinct 2",Haley Stevens,Democrat,149,28,116,5
United States Senator (DEM),01000000-5ca2-fec1-a636-08dedc55e1d8,"Jerome Township, Precinct 2",Write-in,Democrat,0,0,0,0
United States Senator (DEM),01000000-5ca2-fec1-a636-08dedc55e1d8,"Larkin Township, Precinct 1",Abdul El-Sayed,Democrat,140,57,81,2
United States Senator (DEM),01000000-5ca2-fec1-a636-08dedc55e1d8,"Larkin Township, Precinct 1",Mallory McMorrow,Democrat,9,2,7,0
United States Senator (DEM),01000000-5ca2-fec1-a636-08dedc55e1d8,"Larkin Township, Precinct 1",Haley Stevens,Democrat,127,40,79,8
United States Senator (DEM),01000000-5ca2-fec1-a636-08dedc55e1d8,"Larkin Township, Precinct 1",Write-in,Democrat,1,0,1,0
United States Senator (DEM),01000000-5ca2-fec1-a636-08dedc55e1d8,"Larkin Township, Precinct 2",Abdul El-Sayed,Democrat,192,87,89,16
United States Senator (DEM),01000000-5ca2-fec1-a636-08dedc55e1d8,"Larkin Township, Precinct 2",Mallory McMorrow,Democrat,15,2,13,0
United States Senator (DEM),01000000-5ca2-fec1-a636-08dedc55e1d8,"Larkin Township, Precinct 2",Haley Stevens,Democrat,190,65,120,5
United States Senator (DEM),01000000-5ca2-fec1-a636-08dedc55e1d8,"Larkin Township, Precinct 2",Write-in,Democrat,0,0,0,0
United States Senator (DEM),01000000-5ca2-fec1-a636-08dedc55e1d8,"Lee Township, Precinct 1",Abdul El-Sayed,Democrat,70,65,0,5
United States Senator (DEM),01000000-5ca2-fec1-a636-08dedc55e1d8,"Lee Township, Precinct 1",Mallory McMorrow,Democrat,5,5,0,0
United States Senator (DEM),01000000-5ca2-fec1-a636-08dedc55e1d8,"Lee Township, Precinct 1",Haley Stevens,Democrat,109,105,0,4
United States Senator (DEM),01000000-5ca2-fec1-a636-08dedc55e1d8,"Lee Township, Precinct 1",Write-in,Democrat,0,0,0,0
United States Senator (DEM),01000000-5ca2-fec1-a636-08dedc55e1d8,"Lee Township, Precinct 2",Abdul El-Sayed,Democrat,67,65,0,2
United States Senator (DEM),01000000-5ca2-fec1-a636-08dedc55e1d8,"Lee Township, Precinct 2",Mallory McMorrow,Democrat,8,8,0,0
United States Senator (DEM),01000000-5ca2-fec1-a636-08dedc55e1d8,"Lee Township, Precinct 2",Haley Stevens,Democrat,94,93,0,1
United States Senator (DEM),01000000-5ca2-fec1-a636-08dedc55e1d8,"Lee Township, Precinct 2",Write-in,Democrat,0,0,0,0
United States Senator (DEM),01000000-5ca2-fec1-a636-08dedc55e1d8,"Lincoln Township, Precinct 1",Abdul El-Sayed,Democrat,118,113,0,5
United States Senator (DEM),01000000-5ca2-fec1-a636-08dedc55e1d8,"Lincoln Township, Precinct 1",Mallory McMorrow,Democrat,20,20,0,0
United States Senator (DEM),01000000-5ca2-fec1-a636-08dedc55e1d8,"Lincoln Township, Precinct 1",Haley Stevens,Democrat,198,186,0,12
United States Senator (DEM),01000000-5ca2-fec1-a636-08dedc55e1d8,"Lincoln Township, Precinct 1",Write-in,Democrat,1,1,0,0
United States Senator (DEM),01000000-5ca2-fec1-a636-08dedc55e1d8,"Midland Township, Precinct 1",Abdul El-Sayed,Democrat,120,116,0,4
United States Senator (DEM),01000000-5ca2-fec1-a636-08dedc55e1d8,"Midland Township, Precinct 1",Mallory McMorrow,Democrat,16,16,0,0
United States Senator (DEM),01000000-5ca2-fec1-a636-08dedc55e1d8,"Midland Township, Precinct 1",Haley Stevens,Democrat,119,117,0,2
United States Senator (DEM),01000000-5ca2-fec1-a636-08dedc55e1d8,"Midland Township, Precinct 1",Write-in,Democrat,0,0,0,0
United States Senator (DEM),01000000-5ca2-fec1-a636-08dedc55e1d8,"Mills Township, Precinct 1",Abdul El-Sayed,Democrat,72,67,0,5
United States Senator (DEM),01000000-5ca2-fec1-a636-08dedc55e1d8,"Mills Township, Precinct 1",Mallory McMorrow,Democrat,8,8,0,0
United States Senator (DEM),01000000-5ca2-fec1-a636-08dedc55e1d8,"Mills Township, Precinct 1",Haley Stevens,Democrat,123,117,0,6
United States Senator (DEM),01000000-5ca2-fec1-a636-08dedc55e1d8,"Mills Township, Precinct 1",Write-in,Democrat,0,0,0,0
United States Senator (DEM),01000000-5ca2-fec1-a636-08dedc55e1d8,"Mt. Haley Township, Precinct 1",Abdul El-Sayed,Democrat,89,77,0,12
United States Senator (DEM),01000000-5ca2-fec1-a636-08dedc55e1d8,"Mt. Haley Township, Precinct 1",Mallory McMorrow,Democrat,20,20,0,0
United States Senator (DEM),01000000-5ca2-fec1-a636-08dedc55e1d8,"Mt. Haley Township, Precinct 1",Haley Stevens,Democrat,102,96,0,6
United States Senator (DEM),01000000-5ca2-fec1-a636-08dedc55e1d8,"Mt. Haley Township, Precinct 1",Write-in,Democrat,0,0,0,0
United States Senator (DEM),01000000-5ca2-fec1-a636-08dedc55e1d8,"Porter Township, Precinct 1",Abdul El-Sayed,Democrat,24,22,0,2
United States Senator (DEM),01000000-5ca2-fec1-a636-08dedc55e1d8,"Porter Township, Precinct 1",Mallory McMorrow,Democrat,12,12,0,0
United States Senator (DEM),01000000-5ca2-fec1-a636-08dedc55e1d8,"Porter Township, Precinct 1",Haley Stevens,Democrat,79,79,0,0
United States Senator (DEM),01000000-5ca2-fec1-a636-08dedc55e1d8,"Porter Township, Precinct 1",Write-in,Democrat,0,0,0,0
United States Senator (DEM),01000000-5ca2-fec1-a636-08dedc55e1d8,"Warren Township, Precinct 1",Abdul El-Sayed,Democrat,42,41,0,1
United States Senator (DEM),01000000-5ca2-fec1-a636-08dedc55e1d8,"Warren Township, Precinct 1",Mallory McMorrow,Democrat,2,2,0,0
United States Senator (DEM),01000000-5ca2-fec1-a636-08dedc55e1d8,"Warren Township, Precinct 1",Haley Stevens,Democrat,117,113,0,4
United States Senator (DEM),01000000-5ca2-fec1-a636-08dedc55e1d8,"Warren Township, Precinct 1",Write-in,Democrat,1,1,0,0
"Delegate to County Convention for Edenville Township, Precinct 1 (REP)",01000000-5ca2-fec1-d4ca-08dedc55e1d8,"Edenville Township, Precinct 1",Melissa J. Anderson,Republican,172,172,0,0
"Delegate to County Convention for Edenville Township, Precinct 1 (REP)",01000000-5ca2-fec1-d4ca-08dedc55e1d8,"Edenville Township, Precinct 1",Kimberly Gaskell,Republican,181,181,0,0
"Delegate to County Convention for Edenville Township, Precinct 1 (REP)",01000000-5ca2-fec1-d4ca-08dedc55e1d8,"Edenville Township, Precinct 1",Terrance A. Hall Jr.,Republican,189,188,0,1
"Delegate to County Convention for Edenville Township, Precinct 1 (REP)",01000000-5ca2-fec1-d4ca-08dedc55e1d8,"Edenville Township, Precinct 1",Jeanette M. Snyder,Republican,206,206,0,0
"Delegate to County Convention for Edenville Township, Precinct 1 (REP)",01000000-5ca2-fec1-d4ca-08dedc55e1d8,"Edenville Township, Precinct 1",Write-in,Republican,2,2,0,0
"Delegate to County Convention for Mt. Haley Township, Precinct 1 (REP)",01000000-5ca2-fec1-e2a6-08dedc55e1d8,"Mt. Haley Township, Precinct 1",John Blackson,Republican,156,153,0,3
"Delegate to County Convention for Mt. Haley Township, Precinct 1 (REP)",01000000-5ca2-fec1-e2a6-08dedc55e1d8,"Mt. Haley Township, Precinct 1",Marcia Blackson,Republican,127,126,0,1
"Delegate to County Convention for Mt. Haley Township, Precinct 1 (REP)",01000000-5ca2-fec1-e2a6-08dedc55e1d8,"Mt. Haley Township, Precinct 1",Write-in,Republican,0,0,0,0
"Delegate to County Convention for City of Midland, Ward 1, Precinct 2 (Midland) (REP)",01000000-5ca2-fec1-c9e3-08dedc55e1d8,"City of Midland, Ward 1, Precinct 2",Robin Chritz,Republican,124,53,69,2
"Delegate to County Convention for City of Midland, Ward 1, Precinct 2 (Midland) (REP)",01000000-5ca2-fec1-c9e3-08dedc55e1d8,"City of Midland, Ward 1, Precinct 2",Robert Davis,Republican,130,59,69,2
"Delegate to County Convention for City of Midland, Ward 1, Precinct 2 (Midland) (REP)",01000000-5ca2-fec1-c9e3-08dedc55e1d8,"City of Midland, Ward 1, Precinct 2",Jeff Hert,Republican,128,53,73,2
"Delegate to County Convention for City of Midland, Ward 1, Precinct 2 (Midland) (REP)",01000000-5ca2-fec1-c9e3-08dedc55e1d8,"City of Midland, Ward 1, Precinct 2",Kim Holzhauer,Republican,143,66,75,2
"Delegate to County Convention for City of Midland, Ward 1, Precinct 2 (Midland) (REP)",01000000-5ca2-fec1-c9e3-08dedc55e1d8,"City of Midland, Ward 1, Precinct 2",Dennis Quehl,Republican,125,52,71,2
"Delegate to County Convention for City of Midland, Ward 1, Precinct 2 (Midland) (REP)",01000000-5ca2-fec1-c9e3-08dedc55e1d8,"City of Midland, Ward 1, Precinct 2",Mary Quehl,Republican,117,47,68,2
"Delegate to County Convention for City of Midland, Ward 1, Precinct 2 (Midland) (REP)",01000000-5ca2-fec1-c9e3-08dedc55e1d8,"City of Midland, Ward 1, Precinct 2",Write-in,Republican,2,2,0,0
Township Treasurer Partial Term Ending 11/20/2028 for Midland Township (DEM),01000000-5ca2-fec1-ad40-08dedc55e1d8,"Midland Township, Precinct 1",Write-in,Democrat,30,30,0,0
"Delegate to County Convention for Mills Township, Precinct 1 (DEM)",01000000-5ca2-fec1-be61-08dedc55e1d8,"Mills Township, Precinct 1",Write-in,Democrat,27,26,0,1
"Delegate to County Convention for Mt. Haley Township, Precinct 1 (DEM)",01000000-5ca2-fec1-beb5-08dedc55e1d8,"Mt. Haley Township, Precinct 1",Connie H. Glave,Democrat,174,159,0,15
"Delegate to County Convention for Mt. Haley Township, Precinct 1 (DEM)",01000000-5ca2-fec1-beb5-08dedc55e1d8,"Mt. Haley Township, Precinct 1",Write-in,Democrat,2,2,0,0
"Delegate to County Convention for City of Midland, Ward 3, Precinct 6 (REP)",01000000-5ca2-fec1-cf05-08dedc55e1d8,"City of Midland, Ward 3, Precinct 6",Kari Atkinson,Republican,232,85,131,16
"Delegate to County Convention for City of Midland, Ward 3, Precinct 6 (REP)",01000000-5ca2-fec1-cf05-08dedc55e1d8,"City of Midland, Ward 3, Precinct 6",J. Dee Brooks,Republican,280,106,154,20
"Delegate to County Convention for City of Midland, Ward 3, Precinct 6 (REP)",01000000-5ca2-fec1-cf05-08dedc55e1d8,"City of Midland, Ward 3, Precinct 6",Todd M. Gambrell,Republican,267,101,147,19
"Delegate to County Convention for City of Midland, Ward 3, Precinct 6 (REP)",01000000-5ca2-fec1-cf05-08dedc55e1d8,"City of Midland, Ward 3, Precinct 6",Jon Lauderbach,Republican,279,108,156,15
"Delegate to County Convention for City of Midland, Ward 3, Precinct 6 (REP)",01000000-5ca2-fec1-cf05-08dedc55e1d8,"City of Midland, Ward 3, Precinct 6",Cathy Leikhim,Republican,225,82,126,17
"Delegate to County Convention for City of Midland, Ward 3, Precinct 6 (REP)",01000000-5ca2-fec1-cf05-08dedc55e1d8,"City of Midland, Ward 3, Precinct 6",Dennis G. Starner,Republican,219,79,122,18
"Delegate to County Convention for City of Midland, Ward 3, Precinct 6 (REP)",01000000-5ca2-fec1-cf05-08dedc55e1d8,"City of Midland, Ward 3, Precinct 6",Doreen F. Starner,Republican,213,74,121,18
"Delegate to County Convention for City of Midland, Ward 3, Precinct 6 (REP)",01000000-5ca2-fec1-cf05-08dedc55e1d8,"City of Midland, Ward 3, Precinct 6",Christian Velasquez,Republican,279,108,146,25
"Delegate to County Convention for City of Midland, Ward 3, Precinct 6 (REP)",01000000-5ca2-fec1-cf05-08dedc55e1d8,"City of Midland, Ward 3, Precinct 6",Write-in,Republican,2,2,0,0
Freeland Community School District Operating Millage Renewal Proposal,01000000-5ca2-fec1-e7d5-08dedc55e1d8,"Ingersoll Township, Precinct 2",Yes,,1,1,0,0
Freeland Community School District Operating Millage Renewal Proposal,01000000-5ca2-fec1-e7d5-08dedc55e1d8,"Ingersoll Township, Precinct 2",No,,0,0,0,0
"Delegate to County Convention for Homer Township, Precinct 3 (REP)",01000000-5ca2-fec1-d831-08dedc55e1d8,"Homer Township, Precinct 3",Mark C. Campbell,Republican,82,80,0,2
"Delegate to County Convention for Homer Township, Precinct 3 (REP)",01000000-5ca2-fec1-d831-08dedc55e1d8,"Homer Township, Precinct 3",John A. Pruiett,Republican,85,81,0,4
"Delegate to County Convention for Homer Township, Precinct 3 (REP)",01000000-5ca2-fec1-d831-08dedc55e1d8,"Homer Township, Precinct 3",Angela Wojda-Stamas,Republican,106,103,0,3
"Delegate to County Convention for Homer Township, Precinct 3 (REP)",01000000-5ca2-fec1-d831-08dedc55e1d8,"Homer Township, Precinct 3",Dawn M. Woods,Republican,92,90,0,2
"Delegate to County Convention for Homer Township, Precinct 3 (REP)",01000000-5ca2-fec1-d831-08dedc55e1d8,"Homer Township, Precinct 3",Write-in,Republican,9,9,0,0
"Delegate to County Convention for Larkin Township, Precinct 2 (REP)",01000000-5ca2-fec1-df74-08dedc55e1d8,"Larkin Township, Precinct 2",Mark C. Bone,Republican,329,196,119,14
"Delegate to County Convention for Larkin Township, Precinct 2 (REP)",01000000-5ca2-fec1-df74-08dedc55e1d8,"Larkin Township, Precinct 2",Garett E. Curtis,Republican,225,137,79,9
"Delegate to County Convention for Larkin Township, Precinct 2 (REP)",01000000-5ca2-fec1-df74-08dedc55e1d8,"Larkin Township, Precinct 2",Atea Duso-Curtis,Republican,198,116,73,9
"Delegate to County Convention for Larkin Township, Precinct 2 (REP)",01000000-5ca2-fec1-df74-08dedc55e1d8,"Larkin Township, Precinct 2",Linda Horbal,Republican,252,141,101,10
"Delegate to County Convention for Larkin Township, Precinct 2 (REP)",01000000-5ca2-fec1-df74-08dedc55e1d8,"Larkin Township, Precinct 2",Michael Love,Republican,259,152,95,12
"Delegate to County Convention for Larkin Township, Precinct 2 (REP)",01000000-5ca2-fec1-df74-08dedc55e1d8,"Larkin Township, Precinct 2",Write-in,Republican,8,5,3,0
Township Supervisor Partial Term Ending 11/20/2028 for Midland Township (REP),01000000-5ca2-fec1-c446-08dedc55e1d8,"Midland Township, Precinct 1",Mark Radosa,Republican,242,236,0,6
Township Supervisor Partial Term Ending 11/20/2028 for Midland Township (REP),01000000-5ca2-fec1-c446-08dedc55e1d8,"Midland Township, Precinct 1",Write-in,Republican,3,3,0,0
"Delegate to County Convention for City of Midland, Ward 3, Precinct 5 (REP)",01000000-5ca2-fec1-cd87-08dedc55e1d8,"City of Midland, Ward 3, Precinct 5",Julie Carey,Republican,211,91,112,8
"Delegate to County Convention for City of Midland, Ward 3, Precinct 5 (REP)",01000000-5ca2-fec1-cd87-08dedc55e1d8,"City of Midland, Ward 3, Precinct 5",Ron Daniel,Republican,187,75,105,7
"Delegate to County Convention for City of Midland, Ward 3, Precinct 5 (REP)",01000000-5ca2-fec1-cd87-08dedc55e1d8,"City of Midland, Ward 3, Precinct 5",Roy C. Green,Republican,195,79,110,6
"Delegate to County Convention for City of Midland, Ward 3, Precinct 5 (REP)",01000000-5ca2-fec1-cd87-08dedc55e1d8,"City of Midland, Ward 3, Precinct 5",John F. Lynn,Republican,201,85,110,6
"Delegate to County Convention for City of Midland, Ward 3, Precinct 5 (REP)",01000000-5ca2-fec1-cd87-08dedc55e1d8,"City of Midland, Ward 3, Precinct 5",Roxann E. Lynn,Republican,197,85,105,7
"Delegate to County Convention for City of Midland, Ward 3, Precinct 5 (REP)",01000000-5ca2-fec1-cd87-08dedc55e1d8,"City of Midland, Ward 3, Precinct 5",Ashton Maloney,Republican,186,75,105,6
"Delegate to County Convention for City of Midland, Ward 3, Precinct 5 (REP)",01000000-5ca2-fec1-cd87-08dedc55e1d8,"City of Midland, Ward 3, Precinct 5",Michael Maloney,Republican,186,75,105,6
"Delegate to County Convention for City of Midland, Ward 3, Precinct 5 (REP)",01000000-5ca2-fec1-cd87-08dedc55e1d8,"City of Midland, Ward 3, Precinct 5",Bill Schuette,Republican,347,173,164,10
"Delegate to County Convention for City of Midland, Ward 3, Precinct 5 (REP)",01000000-5ca2-fec1-cd87-08dedc55e1d8,"City of Midland, Ward 3, Precinct 5",Write-in,Republican,0,0,0,0
Representative in State Legislature 95th District (DEM),01000000-5ca2-fec1-a9b2-08dedc55e1d8,"City of Coleman, Precinct 1",AnnMarie Horseman,Democrat,64,63,0,1
Representative in State Legislature 95th District (DEM),01000000-5ca2-fec1-a9b2-08dedc55e1d8,"City of Coleman, Precinct 1",Gary VanBlaricum,Democrat,28,27,0,1
Representative in State Legislature 95th District (DEM),01000000-5ca2-fec1-a9b2-08dedc55e1d8,"City of Coleman, Precinct 1",Write-in,Democrat,0,0,0,0
Representative in State Legislature 95th District (DEM),01000000-5ca2-fec1-a9b2-08dedc55e1d8,"City of Midland, Ward 1, Precinct 1",AnnMarie Horseman,Democrat,427,139,274,14
Representative in State Legislature 95th District (DEM),01000000-5ca2-fec1-a9b2-08dedc55e1d8,"City of Midland, Ward 1, Precinct 1",Gary VanBlaricum,Democrat,109,43,60,6
Representative in State Legislature 95th District (DEM),01000000-5ca2-fec1-a9b2-08dedc55e1d8,"City of Midland, Ward 1, Precinct 1",Write-in,Democrat,1,1,0,0
Representative in State Legislature 95th District (DEM),01000000-5ca2-fec1-a9b2-08dedc55e1d8,"City of Midland, Ward 1, Precinct 2",AnnMarie Horseman,Democrat,353,113,211,29
Representative in State Legislature 95th District (DEM),01000000-5ca2-fec1-a9b2-08dedc55e1d8,"City of Midland, Ward 1, Precinct 2",Gary VanBlaricum,Democrat,71,30,38,3
Representative in State Legislature 95th District (DEM),01000000-5ca2-fec1-a9b2-08dedc55e1d8,"City of Midland, Ward 1, Precinct 2",Write-in,Democrat,2,2,0,0
Representative in State Legislature 95th District (DEM),01000000-5ca2-fec1-a9b2-08dedc55e1d8,"City of Midland, Ward 2, Precinct 3",AnnMarie Horseman,Democrat,410,122,263,25
Representative in State Legislature 95th District (DEM),01000000-5ca2-fec1-a9b2-08dedc55e1d8,"City of Midland, Ward 2, Precinct 3",Gary VanBlaricum,Democrat,96,23,69,4
Representative in State Legislature 95th District (DEM),01000000-5ca2-fec1-a9b2-08dedc55e1d8,"City of Midland, Ward 2, Precinct 3",Write-in,Democrat,1,1,0,0
Representative in State Legislature 95th District (DEM),01000000-5ca2-fec1-a9b2-08dedc55e1d8,"City of Midland, Ward 2, Precinct 4",AnnMarie Horseman,Democrat,633,200,395,38
Representative in State Legislature 95th District (DEM),01000000-5ca2-fec1-a9b2-08dedc55e1d8,"City of Midland, Ward 2, Precinct 4",Gary VanBlaricum,Democrat,95,24,67,4
Representative in State Legislature 95th District (DEM),01000000-5ca2-fec1-a9b2-08dedc55e1d8,"City of Midland, Ward 2, Precinct 4",Write-in,Democrat,3,3,0,0
Representative in State Legislature 95th District (DEM),01000000-5ca2-fec1-a9b2-08dedc55e1d8,"City of Midland, Ward 3, Precinct 5",AnnMarie Horseman,Democrat,426,136,264,26
Representative in State Legislature 95th District (DEM),01000000-5ca2-fec1-a9b2-08dedc55e1d8,"City of Midland, Ward 3, Precinct 5",Gary VanBlaricum,Democrat,139,45,87,7
Representative in State Legislature 95th District (DEM),01000000-5ca2-fec1-a9b2-08dedc55e1d8,"City of Midland, Ward 3, Precinct 5",Write-in,Democrat,2,1,0,1
Representative in State Legislature 95th District (DEM),01000000-5ca2-fec1-a9b2-08dedc55e1d8,"City of Midland, Ward 3, Precinct 6",AnnMarie Horseman,Democrat,600,176,409,15
Representative in State Legislature 95th District (DEM),01000000-5ca2-fec1-a9b2-08dedc55e1d8,"City of Midland, Ward 3, Precinct 6",Gary VanBlaricum,Democrat,94,24,67,3
Representative in State Legislature 95th District (DEM),01000000-5ca2-fec1-a9b2-08dedc55e1d8,"City of Midland, Ward 3, Precinct 6",Write-in,Democrat,2,2,0,0
Representative in State Legislature 95th District (DEM),01000000-5ca2-fec1-a9b2-08dedc55e1d8,"City of Midland, Ward 4, Precinct 7",AnnMarie Horseman,Democrat,549,162,366,21
Representative in State Legislature 95th District (DEM),01000000-5ca2-fec1-a9b2-08dedc55e1d8,"City of Midland, Ward 4, Precinct 7",Gary VanBlaricum,Democrat,147,42,99,6
Representative in State Legislature 95th District (DEM),01000000-5ca2-fec1-a9b2-08dedc55e1d8,"City of Midland, Ward 4, Precinct 7",Write-in,Democrat,1,1,0,0
Representative in State Legislature 95th District (DEM),01000000-5ca2-fec1-a9b2-08dedc55e1d8,"City of Midland, Ward 4, Precinct 8",AnnMarie Horseman,Democrat,603,175,399,29
Representative in State Legislature 95th District (DEM),01000000-5ca2-fec1-a9b2-08dedc55e1d8,"City of Midland, Ward 4, Precinct 8",Gary VanBlaricum,Democrat,103,34,63,6
Representative in State Legislature 95th District (DEM),01000000-5ca2-fec1-a9b2-08dedc55e1d8,"City of Midland, Ward 4, Precinct 8",Write-in,Democrat,3,3,0,0
Representative in State Legislature 95th District (DEM),01000000-5ca2-fec1-a9b2-08dedc55e1d8,"City of Midland, Ward 5, Precinct 9",AnnMarie Horseman,Democrat,580,177,383,20
Representative in State Legislature 95th District (DEM),01000000-5ca2-fec1-a9b2-08dedc55e1d8,"City of Midland, Ward 5, Precinct 9",Gary VanBlaricum,Democrat,135,52,79,4
Representative in State Legislature 95th District (DEM),01000000-5ca2-fec1-a9b2-08dedc55e1d8,"City of Midland, Ward 5, Precinct 9",Write-in,Democrat,0,0,0,0
Representative in State Legislature 95th District (DEM),01000000-5ca2-fec1-a9b2-08dedc55e1d8,"City of Midland, Ward 5, Precinct 10",AnnMarie Horseman,Democrat,602,203,374,25
Representative in State Legislature 95th District (DEM),01000000-5ca2-fec1-a9b2-08dedc55e1d8,"City of Midland, Ward 5, Precinct 10",Gary VanBlaricum,Democrat,151,48,90,13
Representative in State Legislature 95th District (DEM),01000000-5ca2-fec1-a9b2-08dedc55e1d8,"City of Midland, Ward 5, Precinct 10",Write-in,Democrat,6,6,0,0
Representative in State Legislature 95th District (DEM),01000000-5ca2-fec1-a9b2-08dedc55e1d8,"Edenville Township, Precinct 1",AnnMarie Horseman,Democrat,173,166,0,7
Representative in State Legislature 95th District (DEM),01000000-5ca2-fec1-a9b2-08dedc55e1d8,"Edenville Township, Precinct 1",Gary VanBlaricum,Democrat,59,58,0,1
Representative in State Legislature 95th District (DEM),01000000-5ca2-fec1-a9b2-08dedc55e1d8,"Edenville Township, Precinct 1",Write-in,Democrat,1,1,0,0
Representative in State Legislature 95th District (DEM),01000000-5ca2-fec1-a9b2-08dedc55e1d8,"Geneva Township, Precinct 1",AnnMarie Horseman,Democrat,83,83,0,0
Representative in State Legislature 95th District (DEM),01000000-5ca2-fec1-a9b2-08dedc55e1d8,"Geneva Township, Precinct 1",Gary VanBlaricum,Democrat,21,21,0,0
Representative in State Legislature 95th District (DEM),01000000-5ca2-fec1-a9b2-08dedc55e1d8,"Geneva Township, Precinct 1",Write-in,Democrat,2,2,0,0
Representative in State Legislature 95th District (DEM),01000000-5ca2-fec1-a9b2-08dedc55e1d8,"Greendale Township, Precinct 1",AnnMarie Horseman,Democrat,81,80,0,1
Representative in State Legislature 95th District (DEM),01000000-5ca2-fec1-a9b2-08dedc55e1d8,"Greendale Township, Precinct 1",Gary VanBlaricum,Democrat,31,31,0,0
Representative in State Legislature 95th District (DEM),01000000-5ca2-fec1-a9b2-08dedc55e1d8,"Greendale Township, Precinct 1",Write-in,Democrat,0,0,0,0
Representative in State Legislature 95th District (DEM),01000000-5ca2-fec1-a9b2-08dedc55e1d8,"Homer Township, Precinct 1",AnnMarie Horseman,Democrat,141,137,0,4
Representative in State Legislature 95th District (DEM),01000000-5ca2-fec1-a9b2-08dedc55e1d8,"Homer Township, Precinct 1",Gary VanBlaricum,Democrat,29,29,0,0
Representative in State Legislature 95th District (DEM),01000000-5ca2-fec1-a9b2-08dedc55e1d8,"Homer Township, Precinct 1",Write-in,Democrat,0,0,0,0
Representative in State Legislature 95th District (DEM),01000000-5ca2-fec1-a9b2-08dedc55e1d8,"Homer Township, Precinct 2",AnnMarie Horseman,Democrat,87,85,0,2
Representative in State Legislature 95th District (DEM),01000000-5ca2-fec1-a9b2-08dedc55e1d8,"Homer Township, Precinct 2",Gary VanBlaricum,Democrat,32,31,0,1
Representative in State Legislature 95th District (DEM),01000000-5ca2-fec1-a9b2-08dedc55e1d8,"Homer Township, Precinct 2",Write-in,Democrat,0,0,0,0
Representative in State Legislature 95th District (DEM),01000000-5ca2-fec1-a9b2-08dedc55e1d8,"Homer Township, Precinct 3",AnnMarie Horseman,Democrat,177,169,0,8
Representative in State Legislature 95th District (DEM),01000000-5ca2-fec1-a9b2-08dedc55e1d8,"Homer Township, Precinct 3",Gary VanBlaricum,Democrat,15,14,0,1
Representative in State Legislature 95th District (DEM),01000000-5ca2-fec1-a9b2-08dedc55e1d8,"Homer Township, Precinct 3",Write-in,Democrat,1,0,0,1
Representative in State Legislature 95th District (DEM),01000000-5ca2-fec1-a9b2-08dedc55e1d8,"Hope Township, Precinct 1",AnnMarie Horseman,Democrat,91,91,0,0
Representative in State Legislature 95th District (DEM),01000000-5ca2-fec1-a9b2-08dedc55e1d8,"Hope Township, Precinct 1",Gary VanBlaricum,Democrat,29,29,0,0
Representative in State Legislature 95th District (DEM),01000000-5ca2-fec1-a9b2-08dedc55e1d8,"Hope Township, Precinct 1",Write-in,Democrat,0,0,0,0
Representative in State Legislature 95th District (DEM),01000000-5ca2-fec1-a9b2-08dedc55e1d8,"Ingersoll Township, Precinct 1",AnnMarie Horseman,Democrat,117,114,0,3
Representative in State Legislature 95th District (DEM),01000000-5ca2-fec1-a9b2-08dedc55e1d8,"Ingersoll Township, Precinct 1",Gary VanBlaricum,Democrat,28,28,0,0
Representative in State Legislature 95th District (DEM),01000000-5ca2-fec1-a9b2-08dedc55e1d8,"Ingersoll Township, Precinct 1",Write-in,Democrat,3,3,0,0
Representative in State Legislature 95th District (DEM),01000000-5ca2-fec1-a9b2-08dedc55e1d8,"Ingersoll Township, Precinct 2",AnnMarie Horseman,Democrat,77,76,0,1
Representative in State Legislature 95th District (DEM),01000000-5ca2-fec1-a9b2-08dedc55e1d8,"Ingersoll Township, Precinct 2",Gary VanBlaricum,Democrat,34,32,0,2
Representative in State Legislature 95th District (DEM),01000000-5ca2-fec1-a9b2-08dedc55e1d8,"Ingersoll Township, Precinct 2",Write-in,Democrat,0,0,0,0
Representative in State Legislature 95th District (DEM),01000000-5ca2-fec1-a9b2-08dedc55e1d8,"Jasper Township, Precinct 1",AnnMarie Horseman,Democrat,67,67,0,0
Representative in State Legislature 95th District (DEM),01000000-5ca2-fec1-a9b2-08dedc55e1d8,"Jasper Township, Precinct 1",Gary VanBlaricum,Democrat,16,16,0,0
Representative in State Legislature 95th District (DEM),01000000-5ca2-fec1-a9b2-08dedc55e1d8,"Jasper Township, Precinct 1",Write-in,Democrat,0,0,0,0
Representative in State Legislature 95th District (DEM),01000000-5ca2-fec1-a9b2-08dedc55e1d8,"Jerome Township, Precinct 1",AnnMarie Horseman,Democrat,203,45,152,6
Representative in State Legislature 95th District (DEM),01000000-5ca2-fec1-a9b2-08dedc55e1d8,"Jerome Township, Precinct 1",Gary VanBlaricum,Democrat,65,13,50,2
Representative in State Legislature 95th District (DEM),01000000-5ca2-fec1-a9b2-08dedc55e1d8,"Jerome Township, Precinct 1",Write-in,Democrat,2,2,0,0
Representative in State Legislature 95th District (DEM),01000000-5ca2-fec1-a9b2-08dedc55e1d8,"Jerome Township, Precinct 2",AnnMarie Horseman,Democrat,169,38,126,5
Representative in State Legislature 95th District (DEM),01000000-5ca2-fec1-a9b2-08dedc55e1d8,"Jerome Township, Precinct 2",Gary VanBlaricum,Democrat,52,13,34,5
Representative in State Legislature 95th District (DEM),01000000-5ca2-fec1-a9b2-08dedc55e1d8,"Jerome Township, Precinct 2",Write-in,Democrat,2,2,0,0
Representative in State Legislature 95th District (DEM),01000000-5ca2-fec1-a9b2-08dedc55e1d8,"Larkin Township, Precinct 1",AnnMarie Horseman,Democrat,193,64,122,7
Representative in State Legislature 95th District (DEM),01000000-5ca2-fec1-a9b2-08dedc55e1d8,"Larkin Township, Precinct 1",Gary VanBlaricum,Democrat,47,16,28,3
Representative in State Legislature 95th District (DEM),01000000-5ca2-fec1-a9b2-08dedc55e1d8,"Larkin Township, Precinct 1",Write-in,Democrat,2,1,1,0
Representative in State Legislature 95th District (DEM),01000000-5ca2-fec1-a9b2-08dedc55e1d8,"Larkin Township, Precinct 2",AnnMarie Horseman,Democrat,280,104,162,14
Representative in State Legislature 95th District (DEM),01000000-5ca2-fec1-a9b2-08dedc55e1d8,"Larkin Township, Precinct 2",Gary VanBlaricum,Democrat,54,20,29,5
Representative in State Legislature 95th District (DEM),01000000-5ca2-fec1-a9b2-08dedc55e1d8,"Larkin Township, Precinct 2",Write-in,Democrat,1,1,0,0
Representative in State Legislature 95th District (DEM),01000000-5ca2-fec1-a9b2-08dedc55e1d8,"Lee Township, Precinct 1",AnnMarie Horseman,Democrat,127,119,0,8
Representative in State Legislature 95th District (DEM),01000000-5ca2-fec1-a9b2-08dedc55e1d8,"Lee Township, Precinct 1",Gary VanBlaricum,Democrat,40,40,0,0
Representative in State Legislature 95th District (DEM),01000000-5ca2-fec1-a9b2-08dedc55e1d8,"Lee Township, Precinct 1",Write-in,Democrat,1,1,0,0
Representative in State Legislature 95th District (DEM),01000000-5ca2-fec1-a9b2-08dedc55e1d8,"Lee Township, Precinct 2",AnnMarie Horseman,Democrat,109,106,0,3
Representative in State Legislature 95th District (DEM),01000000-5ca2-fec1-a9b2-08dedc55e1d8,"Lee Township, Precinct 2",Gary VanBlaricum,Democrat,40,40,0,0
Representative in State Legislature 95th District (DEM),01000000-5ca2-fec1-a9b2-08dedc55e1d8,"Lee Township, Precinct 2",Write-in,Democrat,1,1,0,0
Representative in State Legislature 95th District (DEM),01000000-5ca2-fec1-a9b2-08dedc55e1d8,"Lincoln Township, Precinct 1",AnnMarie Horseman,Democrat,221,207,0,14
Representative in State Legislature 95th District (DEM),01000000-5ca2-fec1-a9b2-08dedc55e1d8,"Lincoln Township, Precinct 1",Gary VanBlaricum,Democrat,69,68,0,1
Representative in State Legislature 95th District (DEM),01000000-5ca2-fec1-a9b2-08dedc55e1d8,"Lincoln Township, Precinct 1",Write-in,Democrat,5,5,0,0
Representative in State Legislature 95th District (DEM),01000000-5ca2-fec1-a9b2-08dedc55e1d8,"Midland Township, Precinct 1",AnnMarie Horseman,Democrat,170,167,0,3
Representative in State Legislature 95th District (DEM),01000000-5ca2-fec1-a9b2-08dedc55e1d8,"Midland Township, Precinct 1",Gary VanBlaricum,Democrat,46,46,0,0
Representative in State Legislature 95th District (DEM),01000000-5ca2-fec1-a9b2-08dedc55e1d8,"Midland Township, Precinct 1",Write-in,Democrat,2,2,0,0
Representative in State Legislature 95th District (DEM),01000000-5ca2-fec1-a9b2-08dedc55e1d8,"Mills Township, Precinct 1",AnnMarie Horseman,Democrat,125,118,0,7
Representative in State Legislature 95th District (DEM),01000000-5ca2-fec1-a9b2-08dedc55e1d8,"Mills Township, Precinct 1",Gary VanBlaricum,Democrat,52,49,0,3
Representative in State Legislature 95th District (DEM),01000000-5ca2-fec1-a9b2-08dedc55e1d8,"Mills Township, Precinct 1",Write-in,Democrat,0,0,0,0
Representative in State Legislature 95th District (DEM),01000000-5ca2-fec1-a9b2-08dedc55e1d8,"Mt. Haley Township, Precinct 1",AnnMarie Horseman,Democrat,156,142,0,14
Representative in State Legislature 95th District (DEM),01000000-5ca2-fec1-a9b2-08dedc55e1d8,"Mt. Haley Township, Precinct 1",Gary VanBlaricum,Democrat,38,35,0,3
Representative in State Legislature 95th District (DEM),01000000-5ca2-fec1-a9b2-08dedc55e1d8,"Mt. Haley Township, Precinct 1",Write-in,Democrat,2,2,0,0
Representative in State Legislature 95th District (DEM),01000000-5ca2-fec1-a9b2-08dedc55e1d8,"Porter Township, Precinct 1",AnnMarie Horseman,Democrat,74,72,0,2
Representative in State Legislature 95th District (DEM),01000000-5ca2-fec1-a9b2-08dedc55e1d8,"Porter Township, Precinct 1",Gary VanBlaricum,Democrat,28,28,0,0
Representative in State Legislature 95th District (DEM),01000000-5ca2-fec1-a9b2-08dedc55e1d8,"Porter Township, Precinct 1",Write-in,Democrat,0,0,0,0
Representative in State Legislature 95th District (DEM),01000000-5ca2-fec1-a9b2-08dedc55e1d8,"Warren Township, Precinct 1",AnnMarie Horseman,Democrat,102,99,0,3
Representative in State Legislature 95th District (DEM),01000000-5ca2-fec1-a9b2-08dedc55e1d8,"Warren Township, Precinct 1",Gary VanBlaricum,Democrat,43,41,0,2
Representative in State Legislature 95th District (DEM),01000000-5ca2-fec1-a9b2-08dedc55e1d8,"Warren Township, Precinct 1",Write-in,Democrat,2,2,0,0
Township Supervisor Partial Term Ending 11/20/2028 for Midland Township (DEM),01000000-5ca2-fec1-aab8-08dedc55e1d8,"Midland Township, Precinct 1",Write-in,Democrat,31,31,0,0
Representative in Congress 2nd District (REP),01000000-5ca2-fec1-c109-08dedc55e1d8,"City of Coleman, Precinct 1",John Moolenaar,Republican,111,103,0,8
Representative in Congress 2nd District (REP),01000000-5ca2-fec1-c109-08dedc55e1d8,"City of Coleman, Precinct 1",Write-in,Republican,0,0,0,0
Representative in Congress 2nd District (REP),01000000-5ca2-fec1-c109-08dedc55e1d8,"Edenville Township, Precinct 1",John Moolenaar,Republican,353,351,0,2
Representative in Congress 2nd District (REP),01000000-5ca2-fec1-c109-08dedc55e1d8,"Edenville Township, Precinct 1",Write-in,Republican,2,2,0,0
Representative in Congress 2nd District (REP),01000000-5ca2-fec1-c109-08dedc55e1d8,"Geneva Township, Precinct 1",John Moolenaar,Republican,149,148,0,1
Representative in Congress 2nd District (REP),01000000-5ca2-fec1-c109-08dedc55e1d8,"Geneva Township, Precinct 1",Write-in,Republican,0,0,0,0
Representative in Congress 2nd District (REP),01000000-5ca2-fec1-c109-08dedc55e1d8,"Greendale Township, Precinct 1",John Moolenaar,Republican,201,193,0,8
Representative in Congress 2nd District (REP),01000000-5ca2-fec1-c109-08dedc55e1d8,"Greendale Township, Precinct 1",Write-in,Republican,0,0,0,0
Representative in Congress 2nd District (REP),01000000-5ca2-fec1-c109-08dedc55e1d8,"Jasper Township, Precinct 1",John Moolenaar,Republican,123,123,0,0
Representative in Congress 2nd District (REP),01000000-5ca2-fec1-c109-08dedc55e1d8,"Jasper Township, Precinct 1",Write-in,Republican,0,0,0,0
Representative in Congress 2nd District (REP),01000000-5ca2-fec1-c109-08dedc55e1d8,"Warren Township, Precinct 1",John Moolenaar,Republican,261,260,0,1
Representative in Congress 2nd District (REP),01000000-5ca2-fec1-c109-08dedc55e1d8,"Warren Township, Precinct 1",Write-in,Republican,1,1,0,0
Township Clerk Partial Term Ending 11/20/2028 for Geneva Township (REP),01000000-5ca2-fec1-c508-08dedc55e1d8,"Geneva Township, Precinct 1",Kerry Berthume,Republican,148,146,0,2
Township Clerk Partial Term Ending 11/20/2028 for Geneva Township (REP),01000000-5ca2-fec1-c508-08dedc55e1d8,"Geneva Township, Precinct 1",Write-in,Republican,0,0,0,0
"Delegate to County Convention for City of Midland, Ward 3, Precinct 5 (DEM)",01000000-5ca2-fec1-b475-08dedc55e1d8,"City of Midland, Ward 3, Precinct 5",Jennifer Austin,Democrat,532,178,321,33
"Delegate to County Convention for City of Midland, Ward 3, Precinct 5 (DEM)",01000000-5ca2-fec1-b475-08dedc55e1d8,"City of Midland, Ward 3, Precinct 5",Write-in,Democrat,1,0,0,1
"Delegate to County Convention for City of Midland, Ward 2, Precinct 3 (DEM)",01000000-5ca2-fec1-af5d-08dedc55e1d8,"City of Midland, Ward 2, Precinct 3",Gerard P. Butler,Democrat,287,64,209,14
"Delegate to County Convention for City of Midland, Ward 2, Precinct 3 (DEM)",01000000-5ca2-fec1-af5d-08dedc55e1d8,"City of Midland, Ward 2, Precinct 3",Michael Heitman,Democrat,269,60,194,15
"Delegate to County Convention for City of Midland, Ward 2, Precinct 3 (DEM)",01000000-5ca2-fec1-af5d-08dedc55e1d8,"City of Midland, Ward 2, Precinct 3",Alaynah Smith,Democrat,387,113,254,20
"Delegate to County Convention for City of Midland, Ward 2, Precinct 3 (DEM)",01000000-5ca2-fec1-af5d-08dedc55e1d8,"City of Midland, Ward 2, Precinct 3",Write-in,Democrat,1,1,0,0
"Delegate to County Convention for Geneva Township, Precinct 1 (DEM)",01000000-5ca2-fec1-b88c-08dedc55e1d8,"Geneva Township, Precinct 1",Write-in,Democrat,18,18,0,0
Geneva Township Proposal No. 2 Road Millage Renewal,01000000-5ca2-fec1-e762-08dedc55e1d8,"Geneva Township, Precinct 1",Yes,,174,172,0,2
Geneva Township Proposal No. 2 Road Millage Renewal,01000000-5ca2-fec1-e762-08dedc55e1d8,"Geneva Township, Precinct 1",No,,106,106,0,0
