Contest,Ballot Item ID,Precinct,Candidate/Choice,Party,Total Votes,Election Day,AV Counting Boards,Early Voting
"Delegate to County Convention for Raisinville Township, Precinct 2 (DEM)",01000000-7906-3232-406e-08deebf6b063,"Raisinville Township, Precinct 2",Catharine Calder,Democrat,228,68,153,7
"Delegate to County Convention for Raisinville Township, Precinct 2 (DEM)",01000000-7906-3232-406e-08deebf6b063,"Raisinville Township, Precinct 2",Mark Alan Ely,Democrat,174,42,126,6
"Delegate to County Convention for Raisinville Township, Precinct 2 (DEM)",01000000-7906-3232-406e-08deebf6b063,"Raisinville Township, Precinct 2",Darcy Piedmonte,Democrat,196,49,142,5
"Delegate to County Convention for Raisinville Township, Precinct 2 (DEM)",01000000-7906-3232-406e-08deebf6b063,"Raisinville Township, Precinct 2",Write-in,Democrat,4,0,3,1
"Delegate to County Convention for Raisinville Township, Precinct 2 (DEM)",01000000-7906-3232-406e-08deebf6b063,"Raisinville Township, Precinct 2",Terri Ann Langton,Democrat,1,0,0,1
"Delegate to County Convention for Frenchtown Township, Precinct 8 (DEM)",01000000-7906-3232-3a08-08deebf6b063,"Frenchtown Township, Precinct 8",Mary Etta Kreklau,Democrat,141,56,83,2
"Delegate to County Convention for Frenchtown Township, Precinct 8 (DEM)",01000000-7906-3232-3a08-08deebf6b063,"Frenchtown Township, Precinct 8",Write-in,Democrat,3,0,3,0
"Delegate to County Convention for Bedford Township, Precinct 9 (DEM)",01000000-7906-3232-2f23-08deebf6b063,"Bedford Township, Precinct 9",Write-in,Democrat,11,4,7,0
"Delegate to County Convention for City of Monroe, Precinct 3S (DEM)",01000000-7906-3232-29d1-08deebf6b063,"City of Monroe, Precinct 3S",Jocelyn James,Democrat,88,51,36,1
"Delegate to County Convention for City of Monroe, Precinct 3S (DEM)",01000000-7906-3232-29d1-08deebf6b063,"City of Monroe, Precinct 3S",Write-in,Democrat,4,0,3,1
"Delegate to County Convention for Bedford Township, Precinct 2 (REP)",01000000-7906-3232-500d-08deebf6b063,"Bedford Township, Precinct 2",Write-in,Republican,0,0,0,0
"Delegate to County Convention for La Salle Township, Precinct 2 (REP)",01000000-7906-3232-6163-08deebf6b063,"La Salle Township, Precinct 2",James Bonney,Republican,177,66,102,9
"Delegate to County Convention for La Salle Township, Precinct 2 (REP)",01000000-7906-3232-6163-08deebf6b063,"La Salle Township, Precinct 2",Sandra Dimeff,Republican,176,60,107,9
"Delegate to County Convention for La Salle Township, Precinct 2 (REP)",01000000-7906-3232-6163-08deebf6b063,"La Salle Township, Precinct 2",Joseph Navarre,Republican,196,72,111,13
"Delegate to County Convention for La Salle Township, Precinct 2 (REP)",01000000-7906-3232-6163-08deebf6b063,"La Salle Township, Precinct 2",Annette Navarre-Perry,Republican,160,55,93,12
"Delegate to County Convention for La Salle Township, Precinct 2 (REP)",01000000-7906-3232-6163-08deebf6b063,"La Salle Township, Precinct 2",Alan Perry,Republican,155,57,90,8
"Delegate to County Convention for La Salle Township, Precinct 2 (REP)",01000000-7906-3232-6163-08deebf6b063,"La Salle Township, Precinct 2",Write-in,Republican,26,6,18,2
"Delegate to County Convention for La Salle Township, Precinct 2 (REP)",01000000-7906-3232-6163-08deebf6b063,"La Salle Township, Precinct 2",Heath Stephen Hunter,Republican,7,2,4,1
"Delegate to County Convention for La Salle Township, Precinct 2 (REP)",01000000-7906-3232-6163-08deebf6b063,"La Salle Township, Precinct 2",Jamie Leigh Hunter,Republican,7,2,4,1
"Delegate to County Convention for Whiteford Township, Precinct 1 (DEM)",01000000-7906-3232-41ba-08deebf6b063,"Whiteford Township, Precinct 1",Write-in,Democrat,21,0,21,0
"Delegate to County Convention for Ash Township, Precinct 2 (DEM)",01000000-7906-3232-26d2-08deebf6b063,"Ash Township, Precinct 2",Write-in,Democrat,83,9,69,5
"Delegate to County Convention for Bedford Township, Precinct 10 (DEM)",01000000-7906-3232-2f71-08deebf6b063,"Bedford Township, Precinct 10",Jacqueline Arvanitis,Democrat,105,32,69,4
"Delegate to County Convention for Bedford Township, Precinct 10 (DEM)",01000000-7906-3232-2f71-08deebf6b063,"Bedford Township, Precinct 10",Steven W. Marshall,Democrat,82,24,56,2
"Delegate to County Convention for Bedford Township, Precinct 10 (DEM)",01000000-7906-3232-2f71-08deebf6b063,"Bedford Township, Precinct 10",Write-in,Democrat,1,0,1,0
"Delegate to County Convention for Frenchtown Township, Precinct 1 (DEM)",01000000-7906-3232-3656-08deebf6b063,"Frenchtown Township, Precinct 1",Write-in,Democrat,10,0,10,0
"Delegate to County Convention for Milan Township, Precinct 1 (REP)",01000000-7906-3232-6305-08deebf6b063,"Milan Township, Precinct 1",Write-in,Republican,28,28,0,0
"Delegate to County Convention for Bedford Township, Precinct 11 (REP)",01000000-7906-3232-5414-08deebf6b063,"Bedford Township, Precinct 11",Write-in,Republican,12,12,0,0
"Delegate to County Convention for Bedford Township, Precinct 4 (DEM)",01000000-7906-3232-2d95-08deebf6b063,"Bedford Township, Precinct 4",Write-in,Democrat,40,16,23,1
United States Senator (DEM),01000000-7906-3232-204a-08deebf6b063,"City of Luna Pier, Precinct 1",Abdul El-Sayed,Democrat,71,71,0,0
United States Senator (DEM),01000000-7906-3232-204a-08deebf6b063,"City of Luna Pier, Precinct 1",Mallory McMorrow,Democrat,5,5,0,0
United States Senator (DEM),01000000-7906-3232-204a-08deebf6b063,"City of Luna Pier, Precinct 1",Haley Stevens,Democrat,73,71,0,2
United States Senator (DEM),01000000-7906-3232-204a-08deebf6b063,"City of Luna Pier, Precinct 1",Write-in,Democrat,0,0,0,0
United States Senator (DEM),01000000-7906-3232-204a-08deebf6b063,"City of Monroe, Precinct 1",Abdul El-Sayed,Democrat,149,62,75,12
United States Senator (DEM),01000000-7906-3232-204a-08deebf6b063,"City of Monroe, Precinct 1",Mallory McMorrow,Democrat,14,2,12,0
United States Senator (DEM),01000000-7906-3232-204a-08deebf6b063,"City of Monroe, Precinct 1",Haley Stevens,Democrat,172,38,127,7
United States Senator (DEM),01000000-7906-3232-204a-08deebf6b063,"City of Monroe, Precinct 1",Write-in,Democrat,0,0,0,0
United States Senator (DEM),01000000-7906-3232-204a-08deebf6b063,"City of Monroe, Precinct 2",Abdul El-Sayed,Democrat,157,72,65,20
United States Senator (DEM),01000000-7906-3232-204a-08deebf6b063,"City of Monroe, Precinct 2",Mallory McMorrow,Democrat,11,5,6,0
United States Senator (DEM),01000000-7906-3232-204a-08deebf6b063,"City of Monroe, Precinct 2",Haley Stevens,Democrat,109,27,76,6
United States Senator (DEM),01000000-7906-3232-204a-08deebf6b063,"City of Monroe, Precinct 2",Write-in,Democrat,0,0,0,0
United States Senator (DEM),01000000-7906-3232-204a-08deebf6b063,"City of Monroe, Precinct 3N",Abdul El-Sayed,Democrat,91,41,43,7
United States Senator (DEM),01000000-7906-3232-204a-08deebf6b063,"City of Monroe, Precinct 3N",Mallory McMorrow,Democrat,5,2,3,0
United States Senator (DEM),01000000-7906-3232-204a-08deebf6b063,"City of Monroe, Precinct 3N",Haley Stevens,Democrat,66,24,41,1
United States Senator (DEM),01000000-7906-3232-204a-08deebf6b063,"City of Monroe, Precinct 3N",Write-in,Democrat,1,0,1,0
United States Senator (DEM),01000000-7906-3232-204a-08deebf6b063,"City of Monroe, Precinct 3S",Abdul El-Sayed,Democrat,43,25,17,1
United States Senator (DEM),01000000-7906-3232-204a-08deebf6b063,"City of Monroe, Precinct 3S",Mallory McMorrow,Democrat,8,3,3,2
United States Senator (DEM),01000000-7906-3232-204a-08deebf6b063,"City of Monroe, Precinct 3S",Haley Stevens,Democrat,54,27,26,1
United States Senator (DEM),01000000-7906-3232-204a-08deebf6b063,"City of Monroe, Precinct 3S",Write-in,Democrat,0,0,0,0
United States Senator (DEM),01000000-7906-3232-204a-08deebf6b063,"City of Monroe, Precinct 4",Abdul El-Sayed,Democrat,231,131,84,16
United States Senator (DEM),01000000-7906-3232-204a-08deebf6b063,"City of Monroe, Precinct 4",Mallory McMorrow,Democrat,20,1,18,1
United States Senator (DEM),01000000-7906-3232-204a-08deebf6b063,"City of Monroe, Precinct 4",Haley Stevens,Democrat,217,37,172,8
United States Senator (DEM),01000000-7906-3232-204a-08deebf6b063,"City of Monroe, Precinct 4",Write-in,Democrat,0,0,0,0
United States Senator (DEM),01000000-7906-3232-204a-08deebf6b063,"City of Monroe, Precinct 5",Abdul El-Sayed,Democrat,229,90,132,7
United States Senator (DEM),01000000-7906-3232-204a-08deebf6b063,"City of Monroe, Precinct 5",Mallory McMorrow,Democrat,32,2,30,0
United States Senator (DEM),01000000-7906-3232-204a-08deebf6b063,"City of Monroe, Precinct 5",Haley Stevens,Democrat,246,41,188,17
United States Senator (DEM),01000000-7906-3232-204a-08deebf6b063,"City of Monroe, Precinct 5",Write-in,Democrat,0,0,0,0
United States Senator (DEM),01000000-7906-3232-204a-08deebf6b063,"City of Monroe, Precinct 6",Abdul El-Sayed,Democrat,156,87,63,6
United States Senator (DEM),01000000-7906-3232-204a-08deebf6b063,"City of Monroe, Precinct 6",Mallory McMorrow,Democrat,26,4,22,0
United States Senator (DEM),01000000-7906-3232-204a-08deebf6b063,"City of Monroe, Precinct 6",Haley Stevens,Democrat,166,46,111,9
United States Senator (DEM),01000000-7906-3232-204a-08deebf6b063,"City of Monroe, Precinct 6",Write-in,Democrat,0,0,0,0
United States Senator (DEM),01000000-7906-3232-204a-08deebf6b063,"City of Petersburg, Precinct 1",Abdul El-Sayed,Democrat,59,54,0,5
United States Senator (DEM),01000000-7906-3232-204a-08deebf6b063,"City of Petersburg, Precinct 1",Mallory McMorrow,Democrat,2,1,0,1
United States Senator (DEM),01000000-7906-3232-204a-08deebf6b063,"City of Petersburg, Precinct 1",Haley Stevens,Democrat,47,40,0,7
United States Senator (DEM),01000000-7906-3232-204a-08deebf6b063,"City of Petersburg, Precinct 1",Write-in,Democrat,0,0,0,0
United States Senator (DEM),01000000-7906-3232-204a-08deebf6b063,"Ash Township, Precinct 1",Abdul El-Sayed,Democrat,104,48,56,0
United States Senator (DEM),01000000-7906-3232-204a-08deebf6b063,"Ash Township, Precinct 1",Mallory McMorrow,Democrat,16,3,13,0
United States Senator (DEM),01000000-7906-3232-204a-08deebf6b063,"Ash Township, Precinct 1",Haley Stevens,Democrat,140,26,110,4
United States Senator (DEM),01000000-7906-3232-204a-08deebf6b063,"Ash Township, Precinct 1",Write-in,Democrat,0,0,0,0
United States Senator (DEM),01000000-7906-3232-204a-08deebf6b063,"Ash Township, Precinct 2",Abdul El-Sayed,Democrat,110,39,61,10
United States Senator (DEM),01000000-7906-3232-204a-08deebf6b063,"Ash Township, Precinct 2",Mallory McMorrow,Democrat,19,4,15,0
United States Senator (DEM),01000000-7906-3232-204a-08deebf6b063,"Ash Township, Precinct 2",Haley Stevens,Democrat,214,42,168,4
United States Senator (DEM),01000000-7906-3232-204a-08deebf6b063,"Ash Township, Precinct 2",Write-in,Democrat,0,0,0,0
United States Senator (DEM),01000000-7906-3232-204a-08deebf6b063,"Ash Township, Precinct 3",Abdul El-Sayed,Democrat,84,40,42,2
United States Senator (DEM),01000000-7906-3232-204a-08deebf6b063,"Ash Township, Precinct 3",Mallory McMorrow,Democrat,9,1,8,0
United States Senator (DEM),01000000-7906-3232-204a-08deebf6b063,"Ash Township, Precinct 3",Haley Stevens,Democrat,140,29,103,8
United States Senator (DEM),01000000-7906-3232-204a-08deebf6b063,"Ash Township, Precinct 3",Write-in,Democrat,1,1,0,0
United States Senator (DEM),01000000-7906-3232-204a-08deebf6b063,"Bedford Township, Precinct 1",Abdul El-Sayed,Democrat,34,14,20,0
United States Senator (DEM),01000000-7906-3232-204a-08deebf6b063,"Bedford Township, Precinct 1",Mallory McMorrow,Democrat,11,2,9,0
United States Senator (DEM),01000000-7906-3232-204a-08deebf6b063,"Bedford Township, Precinct 1",Haley Stevens,Democrat,53,13,40,0
United States Senator (DEM),01000000-7906-3232-204a-08deebf6b063,"Bedford Township, Precinct 1",Write-in,Democrat,0,0,0,0
United States Senator (DEM),01000000-7906-3232-204a-08deebf6b063,"Bedford Township, Precinct 2",Abdul El-Sayed,Democrat,100,49,46,5
United States Senator (DEM),01000000-7906-3232-204a-08deebf6b063,"Bedford Township, Precinct 2",Mallory McMorrow,Democrat,23,6,17,0
United States Senator (DEM),01000000-7906-3232-204a-08deebf6b063,"Bedford Township, Precinct 2",Haley Stevens,Democrat,130,45,82,3
United States Senator (DEM),01000000-7906-3232-204a-08deebf6b063,"Bedford Township, Precinct 2",Write-in,Democrat,0,0,0,0
United States Senator (DEM),01000000-7906-3232-204a-08deebf6b063,"Bedford Township, Precinct 3",Abdul El-Sayed,Democrat,97,51,42,4
United States Senator (DEM),01000000-7906-3232-204a-08deebf6b063,"Bedford Township, Precinct 3",Mallory McMorrow,Democrat,10,3,7,0
United States Senator (DEM),01000000-7906-3232-204a-08deebf6b063,"Bedford Township, Precinct 3",Haley Stevens,Democrat,97,29,66,2
United States Senator (DEM),01000000-7906-3232-204a-08deebf6b063,"Bedford Township, Precinct 3",Write-in,Democrat,0,0,0,0
United States Senator (DEM),01000000-7906-3232-204a-08deebf6b063,"Bedford Township, Precinct 4",Abdul El-Sayed,Democrat,153,67,74,12
United States Senator (DEM),01000000-7906-3232-204a-08deebf6b063,"Bedford Township, Precinct 4",Mallory McMorrow,Democrat,42,2,40,0
United States Senator (DEM),01000000-7906-3232-204a-08deebf6b063,"Bedford Township, Precinct 4",Haley Stevens,Democrat,121,38,82,1
United States Senator (DEM),01000000-7906-3232-204a-08deebf6b063,"Bedford Township, Precinct 4",Write-in,Democrat,1,0,1,0
United States Senator (DEM),01000000-7906-3232-204a-08deebf6b063,"Bedford Township, Precinct 5",Abdul El-Sayed,Democrat,107,58,38,11
United States Senator (DEM),01000000-7906-3232-204a-08deebf6b063,"Bedford Township, Precinct 5",Mallory McMorrow,Democrat,20,7,13,0
United States Senator (DEM),01000000-7906-3232-204a-08deebf6b063,"Bedford Township, Precinct 5",Haley Stevens,Democrat,136,38,91,7
United States Senator (DEM),01000000-7906-3232-204a-08deebf6b063,"Bedford Township, Precinct 5",Write-in,Democrat,0,0,0,0
United States Senator (DEM),01000000-7906-3232-204a-08deebf6b063,"Bedford Township, Precinct 6",Abdul El-Sayed,Democrat,151,80,67,4
United States Senator (DEM),01000000-7906-3232-204a-08deebf6b063,"Bedford Township, Precinct 6",Mallory McMorrow,Democrat,21,5,16,0
United States Senator (DEM),01000000-7906-3232-204a-08deebf6b063,"Bedford Township, Precinct 6",Haley Stevens,Democrat,199,66,132,1
United States Senator (DEM),01000000-7906-3232-204a-08deebf6b063,"Bedford Township, Precinct 6",Write-in,Democrat,0,0,0,0
United States Senator (DEM),01000000-7906-3232-204a-08deebf6b063,"Bedford Township, Precinct 7",Abdul El-Sayed,Democrat,114,42,66,6
United States Senator (DEM),01000000-7906-3232-204a-08deebf6b063,"Bedford Township, Precinct 7",Mallory McMorrow,Democrat,25,7,17,1
United States Senator (DEM),01000000-7906-3232-204a-08deebf6b063,"Bedford Township, Precinct 7",Haley Stevens,Democrat,144,35,100,9
United States Senator (DEM),01000000-7906-3232-204a-08deebf6b063,"Bedford Township, Precinct 7",Write-in,Democrat,0,0,0,0
United States Senator (DEM),01000000-7906-3232-204a-08deebf6b063,"Bedford Township, Precinct 8",Abdul El-Sayed,Democrat,112,56,47,9
United States Senator (DEM),01000000-7906-3232-204a-08deebf6b063,"Bedford Township, Precinct 8",Mallory McMorrow,Democrat,39,4,34,1
United States Senator (DEM),01000000-7906-3232-204a-08deebf6b063,"Bedford Township, Precinct 8",Haley Stevens,Democrat,144,43,100,1
United States Senator (DEM),01000000-7906-3232-204a-08deebf6b063,"Bedford Township, Precinct 8",Write-in,Democrat,0,0,0,0
United States Senator (DEM),01000000-7906-3232-204a-08deebf6b063,"Bedford Township, Precinct 9",Abdul El-Sayed,Democrat,68,32,30,6
United States Senator (DEM),01000000-7906-3232-204a-08deebf6b063,"Bedford Township, Precinct 9",Mallory McMorrow,Democrat,13,0,13,0
United States Senator (DEM),01000000-7906-3232-204a-08deebf6b063,"Bedford Township, Precinct 9",Haley Stevens,Democrat,114,34,80,0
United States Senator (DEM),01000000-7906-3232-204a-08deebf6b063,"Bedford Township, Precinct 9",Write-in,Democrat,0,0,0,0
United States Senator (DEM),01000000-7906-3232-204a-08deebf6b063,"Bedford Township, Precinct 10",Abdul El-Sayed,Democrat,69,27,41,1
United States Senator (DEM),01000000-7906-3232-204a-08deebf6b063,"Bedford Township, Precinct 10",Mallory McMorrow,Democrat,18,2,16,0
United States Senator (DEM),01000000-7906-3232-204a-08deebf6b063,"Bedford Township, Precinct 10",Haley Stevens,Democrat,75,28,44,3
United States Senator (DEM),01000000-7906-3232-204a-08deebf6b063,"Bedford Township, Precinct 10",Write-in,Democrat,0,0,0,0
United States Senator (DEM),01000000-7906-3232-204a-08deebf6b063,"Bedford Township, Precinct 11",Abdul El-Sayed,Democrat,121,53,62,6
United States Senator (DEM),01000000-7906-3232-204a-08deebf6b063,"Bedford Township, Precinct 11",Mallory McMorrow,Democrat,23,5,17,1
United States Senator (DEM),01000000-7906-3232-204a-08deebf6b063,"Bedford Township, Precinct 11",Haley Stevens,Democrat,113,33,78,2
United States Senator (DEM),01000000-7906-3232-204a-08deebf6b063,"Bedford Township, Precinct 11",Write-in,Democrat,1,0,1,0
United States Senator (DEM),01000000-7906-3232-204a-08deebf6b063,"Bedford Township, Precinct 12",Abdul El-Sayed,Democrat,127,59,63,5
United States Senator (DEM),01000000-7906-3232-204a-08deebf6b063,"Bedford Township, Precinct 12",Mallory McMorrow,Democrat,8,1,7,0
United States Senator (DEM),01000000-7906-3232-204a-08deebf6b063,"Bedford Township, Precinct 12",Haley Stevens,Democrat,142,31,106,5
United States Senator (DEM),01000000-7906-3232-204a-08deebf6b063,"Bedford Township, Precinct 12",Write-in,Democrat,0,0,0,0
United States Senator (DEM),01000000-7906-3232-204a-08deebf6b063,"Bedford Township, Precinct 13",Abdul El-Sayed,Democrat,114,55,58,1
United States Senator (DEM),01000000-7906-3232-204a-08deebf6b063,"Bedford Township, Precinct 13",Mallory McMorrow,Democrat,12,4,8,0
United States Senator (DEM),01000000-7906-3232-204a-08deebf6b063,"Bedford Township, Precinct 13",Haley Stevens,Democrat,113,36,77,0
United States Senator (DEM),01000000-7906-3232-204a-08deebf6b063,"Bedford Township, Precinct 13",Write-in,Democrat,0,0,0,0
United States Senator (DEM),01000000-7906-3232-204a-08deebf6b063,"Bedford Township, Precinct 14",Abdul El-Sayed,Democrat,93,47,40,6
United States Senator (DEM),01000000-7906-3232-204a-08deebf6b063,"Bedford Township, Precinct 14",Mallory McMorrow,Democrat,26,7,19,0
United States Senator (DEM),01000000-7906-3232-204a-08deebf6b063,"Bedford Township, Precinct 14",Haley Stevens,Democrat,84,21,62,1
United States Senator (DEM),01000000-7906-3232-204a-08deebf6b063,"Bedford Township, Precinct 14",Write-in,Democrat,0,0,0,0
United States Senator (DEM),01000000-7906-3232-204a-08deebf6b063,"Berlin Township, Precinct 1",Abdul El-Sayed,Democrat,100,51,47,2
United States Senator (DEM),01000000-7906-3232-204a-08deebf6b063,"Berlin Township, Precinct 1",Mallory McMorrow,Democrat,6,0,6,0
United States Senator (DEM),01000000-7906-3232-204a-08deebf6b063,"Berlin Township, Precinct 1",Haley Stevens,Democrat,124,41,79,4
United States Senator (DEM),01000000-7906-3232-204a-08deebf6b063,"Berlin Township, Precinct 1",Write-in,Democrat,1,0,1,0
United States Senator (DEM),01000000-7906-3232-204a-08deebf6b063,"Berlin Township, Precinct 2",Abdul El-Sayed,Democrat,108,49,52,7
United States Senator (DEM),01000000-7906-3232-204a-08deebf6b063,"Berlin Township, Precinct 2",Mallory McMorrow,Democrat,16,2,12,2
United States Senator (DEM),01000000-7906-3232-204a-08deebf6b063,"Berlin Township, Precinct 2",Haley Stevens,Democrat,170,31,127,12
United States Senator (DEM),01000000-7906-3232-204a-08deebf6b063,"Berlin Township, Precinct 2",Write-in,Democrat,1,1,0,0
United States Senator (DEM),01000000-7906-3232-204a-08deebf6b063,"Berlin Township, Precinct 3",Abdul El-Sayed,Democrat,88,46,38,4
United States Senator (DEM),01000000-7906-3232-204a-08deebf6b063,"Berlin Township, Precinct 3",Mallory McMorrow,Democrat,9,1,6,2
United States Senator (DEM),01000000-7906-3232-204a-08deebf6b063,"Berlin Township, Precinct 3",Haley Stevens,Democrat,123,40,80,3
United States Senator (DEM),01000000-7906-3232-204a-08deebf6b063,"Berlin Township, Precinct 3",Write-in,Democrat,0,0,0,0
United States Senator (DEM),01000000-7906-3232-204a-08deebf6b063,"Berlin Township, Precinct 4",Abdul El-Sayed,Democrat,142,60,67,15
United States Senator (DEM),01000000-7906-3232-204a-08deebf6b063,"Berlin Township, Precinct 4",Mallory McMorrow,Democrat,18,3,15,0
United States Senator (DEM),01000000-7906-3232-204a-08deebf6b063,"Berlin Township, Precinct 4",Haley Stevens,Democrat,146,50,93,3
United States Senator (DEM),01000000-7906-3232-204a-08deebf6b063,"Berlin Township, Precinct 4",Write-in,Democrat,1,1,0,0
United States Senator (DEM),01000000-7906-3232-204a-08deebf6b063,"Dundee Township, Precinct 1",Abdul El-Sayed,Democrat,110,106,0,4
United States Senator (DEM),01000000-7906-3232-204a-08deebf6b063,"Dundee Township, Precinct 1",Mallory McMorrow,Democrat,13,13,0,0
United States Senator (DEM),01000000-7906-3232-204a-08deebf6b063,"Dundee Township, Precinct 1",Haley Stevens,Democrat,92,92,0,0
United States Senator (DEM),01000000-7906-3232-204a-08deebf6b063,"Dundee Township, Precinct 1",Write-in,Democrat,0,0,0,0
United States Senator (DEM),01000000-7906-3232-204a-08deebf6b063,"Dundee Township, Precinct 2",Abdul El-Sayed,Democrat,175,165,0,10
United States Senator (DEM),01000000-7906-3232-204a-08deebf6b063,"Dundee Township, Precinct 2",Mallory McMorrow,Democrat,18,17,0,1
United States Senator (DEM),01000000-7906-3232-204a-08deebf6b063,"Dundee Township, Precinct 2",Haley Stevens,Democrat,123,116,0,7
United States Senator (DEM),01000000-7906-3232-204a-08deebf6b063,"Dundee Township, Precinct 2",Write-in,Democrat,2,2,0,0
United States Senator (DEM),01000000-7906-3232-204a-08deebf6b063,"Dundee Township, Precinct 3",Abdul El-Sayed,Democrat,183,172,0,11
United States Senator (DEM),01000000-7906-3232-204a-08deebf6b063,"Dundee Township, Precinct 3",Mallory McMorrow,Democrat,16,16,0,0
United States Senator (DEM),01000000-7906-3232-204a-08deebf6b063,"Dundee Township, Precinct 3",Haley Stevens,Democrat,157,151,0,6
United States Senator (DEM),01000000-7906-3232-204a-08deebf6b063,"Dundee Township, Precinct 3",Write-in,Democrat,0,0,0,0
United States Senator (DEM),01000000-7906-3232-204a-08deebf6b063,"Erie Township, Precinct 1",Abdul El-Sayed,Democrat,170,75,85,10
United States Senator (DEM),01000000-7906-3232-204a-08deebf6b063,"Erie Township, Precinct 1",Mallory McMorrow,Democrat,27,7,18,2
United States Senator (DEM),01000000-7906-3232-204a-08deebf6b063,"Erie Township, Precinct 1",Haley Stevens,Democrat,172,33,136,3
United States Senator (DEM),01000000-7906-3232-204a-08deebf6b063,"Erie Township, Precinct 1",Write-in,Democrat,0,0,0,0
United States Senator (DEM),01000000-7906-3232-204a-08deebf6b063,"Exeter Township, Precinct 1",Abdul El-Sayed,Democrat,62,60,0,2
United States Senator (DEM),01000000-7906-3232-204a-08deebf6b063,"Exeter Township, Precinct 1",Mallory McMorrow,Democrat,10,10,0,0
United States Senator (DEM),01000000-7906-3232-204a-08deebf6b063,"Exeter Township, Precinct 1",Haley Stevens,Democrat,114,112,0,2
United States Senator (DEM),01000000-7906-3232-204a-08deebf6b063,"Exeter Township, Precinct 1",Write-in,Democrat,0,0,0,0
United States Senator (DEM),01000000-7906-3232-204a-08deebf6b063,"Exeter Township, Precinct 2",Abdul El-Sayed,Democrat,86,76,0,10
United States Senator (DEM),01000000-7906-3232-204a-08deebf6b063,"Exeter Township, Precinct 2",Mallory McMorrow,Democrat,14,14,0,0
United States Senator (DEM),01000000-7906-3232-204a-08deebf6b063,"Exeter Township, Precinct 2",Haley Stevens,Democrat,167,162,0,5
United States Senator (DEM),01000000-7906-3232-204a-08deebf6b063,"Exeter Township, Precinct 2",Write-in,Democrat,0,0,0,0
United States Senator (DEM),01000000-7906-3232-204a-08deebf6b063,"Frenchtown Township, Precinct 1",Abdul El-Sayed,Democrat,54,23,26,5
United States Senator (DEM),01000000-7906-3232-204a-08deebf6b063,"Frenchtown Township, Precinct 1",Mallory McMorrow,Democrat,8,1,6,1
United States Senator (DEM),01000000-7906-3232-204a-08deebf6b063,"Frenchtown Township, Precinct 1",Haley Stevens,Democrat,65,13,50,2
United States Senator (DEM),01000000-7906-3232-204a-08deebf6b063,"Frenchtown Township, Precinct 1",Write-in,Democrat,0,0,0,0
United States Senator (DEM),01000000-7906-3232-204a-08deebf6b063,"Frenchtown Township, Precinct 2",Abdul El-Sayed,Democrat,72,28,41,3
United States Senator (DEM),01000000-7906-3232-204a-08deebf6b063,"Frenchtown Township, Precinct 2",Mallory McMorrow,Democrat,7,3,4,0
United States Senator (DEM),01000000-7906-3232-204a-08deebf6b063,"Frenchtown Township, Precinct 2",Haley Stevens,Democrat,82,25,57,0
United States Senator (DEM),01000000-7906-3232-204a-08deebf6b063,"Frenchtown Township, Precinct 2",Write-in,Democrat,2,1,1,0
United States Senator (DEM),01000000-7906-3232-204a-08deebf6b063,"Frenchtown Township, Precinct 3",Abdul El-Sayed,Democrat,73,20,49,4
United States Senator (DEM),01000000-7906-3232-204a-08deebf6b063,"Frenchtown Township, Precinct 3",Mallory McMorrow,Democrat,13,4,8,1
United States Senator (DEM),01000000-7906-3232-204a-08deebf6b063,"Frenchtown Township, Precinct 3",Haley Stevens,Democrat,105,25,76,4
United States Senator (DEM),01000000-7906-3232-204a-08deebf6b063,"Frenchtown Township, Precinct 3",Write-in,Democrat,0,0,0,0
United States Senator (DEM),01000000-7906-3232-204a-08deebf6b063,"Frenchtown Township, Precinct 4",Abdul El-Sayed,Democrat,116,39,65,12
United States Senator (DEM),01000000-7906-3232-204a-08deebf6b063,"Frenchtown Township, Precinct 4",Mallory McMorrow,Democrat,17,5,12,0
United States Senator (DEM),01000000-7906-3232-204a-08deebf6b063,"Frenchtown Township, Precinct 4",Haley Stevens,Democrat,162,26,131,5
United States Senator (DEM),01000000-7906-3232-204a-08deebf6b063,"Frenchtown Township, Precinct 4",Write-in,Democrat,0,0,0,0
United States Senator (DEM),01000000-7906-3232-204a-08deebf6b063,"Frenchtown Township, Precinct 5",Abdul El-Sayed,Democrat,77,38,30,9
United States Senator (DEM),01000000-7906-3232-204a-08deebf6b063,"Frenchtown Township, Precinct 5",Mallory McMorrow,Democrat,7,1,6,0
United States Senator (DEM),01000000-7906-3232-204a-08deebf6b063,"Frenchtown Township, Precinct 5",Haley Stevens,Democrat,102,27,75,0
United States Senator (DEM),01000000-7906-3232-204a-08deebf6b063,"Frenchtown Township, Precinct 5",Write-in,Democrat,0,0,0,0
United States Senator (DEM),01000000-7906-3232-204a-08deebf6b063,"Frenchtown Township, Precinct 6",Abdul El-Sayed,Democrat,93,46,43,4
United States Senator (DEM),01000000-7906-3232-204a-08deebf6b063,"Frenchtown Township, Precinct 6",Mallory McMorrow,Democrat,12,3,9,0
United States Senator (DEM),01000000-7906-3232-204a-08deebf6b063,"Frenchtown Township, Precinct 6",Haley Stevens,Democrat,152,29,119,4
United States Senator (DEM),01000000-7906-3232-204a-08deebf6b063,"Frenchtown Township, Precinct 6",Write-in,Democrat,1,0,1,0
United States Senator (DEM),01000000-7906-3232-204a-08deebf6b063,"Frenchtown Township, Precinct 7",Abdul El-Sayed,Democrat,134,47,75,12
United States Senator (DEM),01000000-7906-3232-204a-08deebf6b063,"Frenchtown Township, Precinct 7",Mallory McMorrow,Democrat,22,2,20,0
United States Senator (DEM),01000000-7906-3232-204a-08deebf6b063,"Frenchtown Township, Precinct 7",Haley Stevens,Democrat,205,44,152,9
United States Senator (DEM),01000000-7906-3232-204a-08deebf6b063,"Frenchtown Township, Precinct 7",Write-in,Democrat,0,0,0,0
United States Senator (DEM),01000000-7906-3232-204a-08deebf6b063,"Frenchtown Township, Precinct 8",Abdul El-Sayed,Democrat,87,44,40,3
United States Senator (DEM),01000000-7906-3232-204a-08deebf6b063,"Frenchtown Township, Precinct 8",Mallory McMorrow,Democrat,10,4,6,0
United States Senator (DEM),01000000-7906-3232-204a-08deebf6b063,"Frenchtown Township, Precinct 8",Haley Stevens,Democrat,104,38,64,2
United States Senator (DEM),01000000-7906-3232-204a-08deebf6b063,"Frenchtown Township, Precinct 8",Write-in,Democrat,0,0,0,0
United States Senator (DEM),01000000-7906-3232-204a-08deebf6b063,"Frenchtown Township, Precinct 9",Abdul El-Sayed,Democrat,124,66,52,6
United States Senator (DEM),01000000-7906-3232-204a-08deebf6b063,"Frenchtown Township, Precinct 9",Mallory McMorrow,Democrat,11,0,11,0
United States Senator (DEM),01000000-7906-3232-204a-08deebf6b063,"Frenchtown Township, Precinct 9",Haley Stevens,Democrat,110,25,85,0
United States Senator (DEM),01000000-7906-3232-204a-08deebf6b063,"Frenchtown Township, Precinct 9",Write-in,Democrat,0,0,0,0
United States Senator (DEM),01000000-7906-3232-204a-08deebf6b063,"Ida Township, Precinct 1",Abdul El-Sayed,Democrat,94,52,32,10
United States Senator (DEM),01000000-7906-3232-204a-08deebf6b063,"Ida Township, Precinct 1",Mallory McMorrow,Democrat,16,6,9,1
United States Senator (DEM),01000000-7906-3232-204a-08deebf6b063,"Ida Township, Precinct 1",Haley Stevens,Democrat,112,31,78,3
United States Senator (DEM),01000000-7906-3232-204a-08deebf6b063,"Ida Township, Precinct 1",Write-in,Democrat,0,0,0,0
United States Senator (DEM),01000000-7906-3232-204a-08deebf6b063,"Ida Township, Precinct 2",Abdul El-Sayed,Democrat,82,34,38,10
United States Senator (DEM),01000000-7906-3232-204a-08deebf6b063,"Ida Township, Precinct 2",Mallory McMorrow,Democrat,12,3,9,0
United States Senator (DEM),01000000-7906-3232-204a-08deebf6b063,"Ida Township, Precinct 2",Haley Stevens,Democrat,121,42,72,7
United States Senator (DEM),01000000-7906-3232-204a-08deebf6b063,"Ida Township, Precinct 2",Write-in,Democrat,1,0,1,0
United States Senator (DEM),01000000-7906-3232-204a-08deebf6b063,"La Salle Township, Precinct 1",Abdul El-Sayed,Democrat,80,42,31,7
United States Senator (DEM),01000000-7906-3232-204a-08deebf6b063,"La Salle Township, Precinct 1",Mallory McMorrow,Democrat,8,2,6,0
United States Senator (DEM),01000000-7906-3232-204a-08deebf6b063,"La Salle Township, Precinct 1",Haley Stevens,Democrat,127,35,85,7
United States Senator (DEM),01000000-7906-3232-204a-08deebf6b063,"La Salle Township, Precinct 1",Write-in,Democrat,0,0,0,0
United States Senator (DEM),01000000-7906-3232-204a-08deebf6b063,"La Salle Township, Precinct 2",Abdul El-Sayed,Democrat,102,43,55,4
United States Senator (DEM),01000000-7906-3232-204a-08deebf6b063,"La Salle Township, Precinct 2",Mallory McMorrow,Democrat,11,1,10,0
United States Senator (DEM),01000000-7906-3232-204a-08deebf6b063,"La Salle Township, Precinct 2",Haley Stevens,Democrat,169,42,124,3
United States Senator (DEM),01000000-7906-3232-204a-08deebf6b063,"La Salle Township, Precinct 2",Write-in,Democrat,0,0,0,0
United States Senator (DEM),01000000-7906-3232-204a-08deebf6b063,"London Township, Precinct 1",Abdul El-Sayed,Democrat,120,116,0,4
United States Senator (DEM),01000000-7906-3232-204a-08deebf6b063,"London Township, Precinct 1",Mallory McMorrow,Democrat,14,14,0,0
United States Senator (DEM),01000000-7906-3232-204a-08deebf6b063,"London Township, Precinct 1",Haley Stevens,Democrat,172,154,0,18
United States Senator (DEM),01000000-7906-3232-204a-08deebf6b063,"London Township, Precinct 1",Write-in,Democrat,0,0,0,0
United States Senator (DEM),01000000-7906-3232-204a-08deebf6b063,"Milan Township, Precinct 1",Abdul El-Sayed,Democrat,90,88,0,2
United States Senator (DEM),01000000-7906-3232-204a-08deebf6b063,"Milan Township, Precinct 1",Mallory McMorrow,Democrat,7,7,0,0
United States Senator (DEM),01000000-7906-3232-204a-08deebf6b063,"Milan Township, Precinct 1",Haley Stevens,Democrat,110,110,0,0
United States Senator (DEM),01000000-7906-3232-204a-08deebf6b063,"Milan Township, Precinct 1",Write-in,Democrat,0,0,0,0
United States Senator (DEM),01000000-7906-3232-204a-08deebf6b063,"Monroe Charter Township, Precinct 1",Abdul El-Sayed,Democrat,87,44,38,5
United States Senator (DEM),01000000-7906-3232-204a-08deebf6b063,"Monroe Charter Township, Precinct 1",Mallory McMorrow,Democrat,4,1,3,0
United States Senator (DEM),01000000-7906-3232-204a-08deebf6b063,"Monroe Charter Township, Precinct 1",Haley Stevens,Democrat,135,20,111,4
United States Senator (DEM),01000000-7906-3232-204a-08deebf6b063,"Monroe Charter Township, Precinct 1",Write-in,Democrat,0,0,0,0
United States Senator (DEM),01000000-7906-3232-204a-08deebf6b063,"Monroe Charter Township, Precinct 2",Abdul El-Sayed,Democrat,83,46,33,4
United States Senator (DEM),01000000-7906-3232-204a-08deebf6b063,"Monroe Charter Township, Precinct 2",Mallory McMorrow,Democrat,7,3,4,0
United States Senator (DEM),01000000-7906-3232-204a-08deebf6b063,"Monroe Charter Township, Precinct 2",Haley Stevens,Democrat,55,18,35,2
United States Senator (DEM),01000000-7906-3232-204a-08deebf6b063,"Monroe Charter Township, Precinct 2",Write-in,Democrat,0,0,0,0
United States Senator (DEM),01000000-7906-3232-204a-08deebf6b063,"Monroe Charter Township, Precinct 3",Abdul El-Sayed,Democrat,70,26,34,10
United States Senator (DEM),01000000-7906-3232-204a-08deebf6b063,"Monroe Charter Township, Precinct 3",Mallory McMorrow,Democrat,9,0,8,1
United States Senator (DEM),01000000-7906-3232-204a-08deebf6b063,"Monroe Charter Township, Precinct 3",Haley Stevens,Democrat,104,25,75,4
United States Senator (DEM),01000000-7906-3232-204a-08deebf6b063,"Monroe Charter Township, Precinct 3",Write-in,Democrat,0,0,0,0
United States Senator (DEM),01000000-7906-3232-204a-08deebf6b063,"Monroe Charter Township, Precinct 4",Abdul El-Sayed,Democrat,120,64,52,4
United States Senator (DEM),01000000-7906-3232-204a-08deebf6b063,"Monroe Charter Township, Precinct 4",Mallory McMorrow,Democrat,7,2,5,0
United States Senator (DEM),01000000-7906-3232-204a-08deebf6b063,"Monroe Charter Township, Precinct 4",Haley Stevens,Democrat,133,28,101,4
United States Senator (DEM),01000000-7906-3232-204a-08deebf6b063,"Monroe Charter Township, Precinct 4",Write-in,Democrat,0,0,0,0
United States Senator (DEM),01000000-7906-3232-204a-08deebf6b063,"Monroe Charter Township, Precinct 5",Abdul El-Sayed,Democrat,121,55,57,9
United States Senator (DEM),01000000-7906-3232-204a-08deebf6b063,"Monroe Charter Township, Precinct 5",Mallory McMorrow,Democrat,21,4,16,1
United States Senator (DEM),01000000-7906-3232-204a-08deebf6b063,"Monroe Charter Township, Precinct 5",Haley Stevens,Democrat,190,44,138,8
United States Senator (DEM),01000000-7906-3232-204a-08deebf6b063,"Monroe Charter Township, Precinct 5",Write-in,Democrat,0,0,0,0
United States Senator (DEM),01000000-7906-3232-204a-08deebf6b063,"Monroe Charter Township, Precinct 6",Abdul El-Sayed,Democrat,74,38,34,2
United States Senator (DEM),01000000-7906-3232-204a-08deebf6b063,"Monroe Charter Township, Precinct 6",Mallory McMorrow,Democrat,13,3,10,0
United States Senator (DEM),01000000-7906-3232-204a-08deebf6b063,"Monroe Charter Township, Precinct 6",Haley Stevens,Democrat,124,30,90,4
United States Senator (DEM),01000000-7906-3232-204a-08deebf6b063,"Monroe Charter Township, Precinct 6",Write-in,Democrat,0,0,0,0
United States Senator (DEM),01000000-7906-3232-204a-08deebf6b063,"Raisinville Township, Precinct 1",Abdul El-Sayed,Democrat,108,40,63,5
United States Senator (DEM),01000000-7906-3232-204a-08deebf6b063,"Raisinville Township, Precinct 1",Mallory McMorrow,Democrat,17,2,15,0
United States Senator (DEM),01000000-7906-3232-204a-08deebf6b063,"Raisinville Township, Precinct 1",Haley Stevens,Democrat,149,21,125,3
United States Senator (DEM),01000000-7906-3232-204a-08deebf6b063,"Raisinville Township, Precinct 1",Write-in,Democrat,0,0,0,0
United States Senator (DEM),01000000-7906-3232-204a-08deebf6b063,"Raisinville Township, Precinct 2",Abdul El-Sayed,Democrat,138,62,74,2
United States Senator (DEM),01000000-7906-3232-204a-08deebf6b063,"Raisinville Township, Precinct 2",Mallory McMorrow,Democrat,22,6,16,0
United States Senator (DEM),01000000-7906-3232-204a-08deebf6b063,"Raisinville Township, Precinct 2",Haley Stevens,Democrat,218,41,168,9
United States Senator (DEM),01000000-7906-3232-204a-08deebf6b063,"Raisinville Township, Precinct 2",Write-in,Democrat,0,0,0,0
United States Senator (DEM),01000000-7906-3232-204a-08deebf6b063,"Summerfield Township, Precinct 1",Abdul El-Sayed,Democrat,108,55,46,7
United States Senator (DEM),01000000-7906-3232-204a-08deebf6b063,"Summerfield Township, Precinct 1",Mallory McMorrow,Democrat,15,9,6,0
United States Senator (DEM),01000000-7906-3232-204a-08deebf6b063,"Summerfield Township, Precinct 1",Haley Stevens,Democrat,142,99,37,6
United States Senator (DEM),01000000-7906-3232-204a-08deebf6b063,"Summerfield Township, Precinct 1",Write-in,Democrat,0,0,0,0
United States Senator (DEM),01000000-7906-3232-204a-08deebf6b063,"Whiteford Township, Precinct 1",Abdul El-Sayed,Democrat,82,40,30,12
United States Senator (DEM),01000000-7906-3232-204a-08deebf6b063,"Whiteford Township, Precinct 1",Mallory McMorrow,Democrat,13,1,12,0
United States Senator (DEM),01000000-7906-3232-204a-08deebf6b063,"Whiteford Township, Precinct 1",Haley Stevens,Democrat,108,30,68,10
United States Senator (DEM),01000000-7906-3232-204a-08deebf6b063,"Whiteford Township, Precinct 1",Write-in,Democrat,0,0,0,0
United States Senator (DEM),01000000-7906-3232-204a-08deebf6b063,"Whiteford Township, Precinct 2",Abdul El-Sayed,Democrat,49,21,18,10
United States Senator (DEM),01000000-7906-3232-204a-08deebf6b063,"Whiteford Township, Precinct 2",Mallory McMorrow,Democrat,4,1,3,0
United States Senator (DEM),01000000-7906-3232-204a-08deebf6b063,"Whiteford Township, Precinct 2",Haley Stevens,Democrat,70,26,39,5
United States Senator (DEM),01000000-7906-3232-204a-08deebf6b063,"Whiteford Township, Precinct 2",Write-in,Democrat,0,0,0,0
United States Senator (DEM),01000000-7906-3232-204a-08deebf6b063,City of Milan (Out of County),Abdul El-Sayed,Democrat,233,219,0,14
United States Senator (DEM),01000000-7906-3232-204a-08deebf6b063,City of Milan (Out of County),Mallory McMorrow,Democrat,10,10,0,0
United States Senator (DEM),01000000-7906-3232-204a-08deebf6b063,City of Milan (Out of County),Haley Stevens,Democrat,135,132,0,3
United States Senator (DEM),01000000-7906-3232-204a-08deebf6b063,City of Milan (Out of County),Write-in,Democrat,0,0,0,0
"Delegate to County Convention for Ida Township, Precinct 2 (REP)",01000000-7906-3232-6052-08deebf6b063,"Ida Township, Precinct 2",Michael Orr,Republican,198,106,85,7
"Delegate to County Convention for Ida Township, Precinct 2 (REP)",01000000-7906-3232-6052-08deebf6b063,"Ida Township, Precinct 2",Amber Shindler,Republican,142,69,66,7
"Delegate to County Convention for Ida Township, Precinct 2 (REP)",01000000-7906-3232-6052-08deebf6b063,"Ida Township, Precinct 2",Write-in,Republican,0,0,0,0
"Delegate to County Convention for Ash Township, Precinct 1 (REP)",01000000-7906-3232-4997-08deebf6b063,"Ash Township, Precinct 1",Dawn A. Asper,Republican,228,69,149,10
"Delegate to County Convention for Ash Township, Precinct 1 (REP)",01000000-7906-3232-4997-08deebf6b063,"Ash Township, Precinct 1",Write-in,Republican,2,0,0,2
"Delegate to County Convention for Exeter Township, Precinct 1 (REP)",01000000-7906-3232-59f2-08deebf6b063,"Exeter Township, Precinct 1",Lorraine R. Fiedler,Republican,133,131,0,2
"Delegate to County Convention for Exeter Township, Precinct 1 (REP)",01000000-7906-3232-59f2-08deebf6b063,"Exeter Township, Precinct 1",Marilyn LaBudda,Republican,107,106,0,1
"Delegate to County Convention for Exeter Township, Precinct 1 (REP)",01000000-7906-3232-59f2-08deebf6b063,"Exeter Township, Precinct 1",Christine Laginess,Republican,165,162,0,3
"Delegate to County Convention for Exeter Township, Precinct 1 (REP)",01000000-7906-3232-59f2-08deebf6b063,"Exeter Township, Precinct 1",Write-in,Republican,4,4,0,0
City of Monroe Bus Service Proposal for Lake Erie Transportation Commission Renewal,01000000-7906-3232-69b5-08deebf6b063,"City of Monroe, Precinct 1",Yes,,398,122,253,23
City of Monroe Bus Service Proposal for Lake Erie Transportation Commission Renewal,01000000-7906-3232-69b5-08deebf6b063,"City of Monroe, Precinct 1",No,,119,38,77,4
City of Monroe Bus Service Proposal for Lake Erie Transportation Commission Renewal,01000000-7906-3232-69b5-08deebf6b063,"City of Monroe, Precinct 2",Yes,,304,111,169,24
City of Monroe Bus Service Proposal for Lake Erie Transportation Commission Renewal,01000000-7906-3232-69b5-08deebf6b063,"City of Monroe, Precinct 2",No,,94,41,47,6
City of Monroe Bus Service Proposal for Lake Erie Transportation Commission Renewal,01000000-7906-3232-69b5-08deebf6b063,"City of Monroe, Precinct 3N",Yes,,166,59,98,9
City of Monroe Bus Service Proposal for Lake Erie Transportation Commission Renewal,01000000-7906-3232-69b5-08deebf6b063,"City of Monroe, Precinct 3N",No,,53,25,26,2
City of Monroe Bus Service Proposal for Lake Erie Transportation Commission Renewal,01000000-7906-3232-69b5-08deebf6b063,"City of Monroe, Precinct 3S",Yes,,103,41,57,5
City of Monroe Bus Service Proposal for Lake Erie Transportation Commission Renewal,01000000-7906-3232-69b5-08deebf6b063,"City of Monroe, Precinct 3S",No,,31,17,13,1
City of Monroe Bus Service Proposal for Lake Erie Transportation Commission Renewal,01000000-7906-3232-69b5-08deebf6b063,"City of Monroe, Precinct 4",Yes,,528,177,323,28
City of Monroe Bus Service Proposal for Lake Erie Transportation Commission Renewal,01000000-7906-3232-69b5-08deebf6b063,"City of Monroe, Precinct 4",No,,151,59,86,6
City of Monroe Bus Service Proposal for Lake Erie Transportation Commission Renewal,01000000-7906-3232-69b5-08deebf6b063,"City of Monroe, Precinct 5",Yes,,557,139,395,23
City of Monroe Bus Service Proposal for Lake Erie Transportation Commission Renewal,01000000-7906-3232-69b5-08deebf6b063,"City of Monroe, Precinct 5",No,,196,79,104,13
City of Monroe Bus Service Proposal for Lake Erie Transportation Commission Renewal,01000000-7906-3232-69b5-08deebf6b063,"City of Monroe, Precinct 6",Yes,,410,148,239,23
City of Monroe Bus Service Proposal for Lake Erie Transportation Commission Renewal,01000000-7906-3232-69b5-08deebf6b063,"City of Monroe, Precinct 6",No,,165,74,87,4
Governor (REP),01000000-7906-3232-42ae-08deebf6b063,"City of Luna Pier, Precinct 1",Mike Cox,Republican,29,29,0,0
Governor (REP),01000000-7906-3232-42ae-08deebf6b063,"City of Luna Pier, Precinct 1",John James,Republican,50,49,0,1
Governor (REP),01000000-7906-3232-42ae-08deebf6b063,"City of Luna Pier, Precinct 1",Perry Johnson,Republican,41,40,0,1
Governor (REP),01000000-7906-3232-42ae-08deebf6b063,"City of Luna Pier, Precinct 1",Aric Nesbitt,Republican,0,0,0,0
Governor (REP),01000000-7906-3232-42ae-08deebf6b063,"City of Luna Pier, Precinct 1",Write-in,Republican,0,0,0,0
Governor (REP),01000000-7906-3232-42ae-08deebf6b063,"City of Monroe, Precinct 1",Mike Cox,Republican,25,6,18,1
Governor (REP),01000000-7906-3232-42ae-08deebf6b063,"City of Monroe, Precinct 1",John James,Republican,122,39,76,7
Governor (REP),01000000-7906-3232-42ae-08deebf6b063,"City of Monroe, Precinct 1",Perry Johnson,Republican,53,19,31,3
Governor (REP),01000000-7906-3232-42ae-08deebf6b063,"City of Monroe, Precinct 1",Aric Nesbitt,Republican,3,1,2,0
Governor (REP),01000000-7906-3232-42ae-08deebf6b063,"City of Monroe, Precinct 1",Write-in,Republican,0,0,0,0
Governor (REP),01000000-7906-3232-42ae-08deebf6b063,"City of Monroe, Precinct 2",Mike Cox,Republican,23,5,17,1
Governor (REP),01000000-7906-3232-42ae-08deebf6b063,"City of Monroe, Precinct 2",John James,Republican,69,44,19,6
Governor (REP),01000000-7906-3232-42ae-08deebf6b063,"City of Monroe, Precinct 2",Perry Johnson,Republican,53,29,23,1
Governor (REP),01000000-7906-3232-42ae-08deebf6b063,"City of Monroe, Precinct 2",Aric Nesbitt,Republican,0,0,0,0
Governor (REP),01000000-7906-3232-42ae-08deebf6b063,"City of Monroe, Precinct 2",Write-in,Republican,0,0,0,0
Governor (REP),01000000-7906-3232-42ae-08deebf6b063,"City of Monroe, Precinct 3N",Mike Cox,Republican,13,3,9,1
Governor (REP),01000000-7906-3232-42ae-08deebf6b063,"City of Monroe, Precinct 3N",John James,Republican,37,22,15,0
Governor (REP),01000000-7906-3232-42ae-08deebf6b063,"City of Monroe, Precinct 3N",Perry Johnson,Republican,28,18,7,3
Governor (REP),01000000-7906-3232-42ae-08deebf6b063,"City of Monroe, Precinct 3N",Aric Nesbitt,Republican,3,2,1,0
Governor (REP),01000000-7906-3232-42ae-08deebf6b063,"City of Monroe, Precinct 3N",Write-in,Republican,0,0,0,0
Governor (REP),01000000-7906-3232-42ae-08deebf6b063,"City of Monroe, Precinct 3S",Mike Cox,Republican,11,4,6,1
Governor (REP),01000000-7906-3232-42ae-08deebf6b063,"City of Monroe, Precinct 3S",John James,Republican,26,13,11,2
Governor (REP),01000000-7906-3232-42ae-08deebf6b063,"City of Monroe, Precinct 3S",Perry Johnson,Republican,17,5,12,0
Governor (REP),01000000-7906-3232-42ae-08deebf6b063,"City of Monroe, Precinct 3S",Aric Nesbitt,Republican,0,0,0,0
Governor (REP),01000000-7906-3232-42ae-08deebf6b063,"City of Monroe, Precinct 3S",Write-in,Republican,0,0,0,0
Governor (REP),01000000-7906-3232-42ae-08deebf6b063,"City of Monroe, Precinct 4",Mike Cox,Republican,33,5,26,2
Governor (REP),01000000-7906-3232-42ae-08deebf6b063,"City of Monroe, Precinct 4",John James,Republican,181,81,91,9
Governor (REP),01000000-7906-3232-42ae-08deebf6b063,"City of Monroe, Precinct 4",Perry Johnson,Republican,87,48,36,3
Governor (REP),01000000-7906-3232-42ae-08deebf6b063,"City of Monroe, Precinct 4",Aric Nesbitt,Republican,2,1,1,0
Governor (REP),01000000-7906-3232-42ae-08deebf6b063,"City of Monroe, Precinct 4",Write-in,Republican,0,0,0,0
Governor (REP),01000000-7906-3232-42ae-08deebf6b063,"City of Monroe, Precinct 5",Mike Cox,Republican,55,23,30,2
Governor (REP),01000000-7906-3232-42ae-08deebf6b063,"City of Monroe, Precinct 5",John James,Republican,161,71,79,11
Governor (REP),01000000-7906-3232-42ae-08deebf6b063,"City of Monroe, Precinct 5",Perry Johnson,Republican,100,39,57,4
Governor (REP),01000000-7906-3232-42ae-08deebf6b063,"City of Monroe, Precinct 5",Aric Nesbitt,Republican,1,0,1,0
Governor (REP),01000000-7906-3232-42ae-08deebf6b063,"City of Monroe, Precinct 5",Write-in,Republican,2,1,1,0
Governor (REP),01000000-7906-3232-42ae-08deebf6b063,"City of Monroe, Precinct 6",Mike Cox,Republican,38,9,28,1
Governor (REP),01000000-7906-3232-42ae-08deebf6b063,"City of Monroe, Precinct 6",John James,Republican,149,64,77,8
Governor (REP),01000000-7906-3232-42ae-08deebf6b063,"City of Monroe, Precinct 6",Perry Johnson,Republican,89,48,36,5
Governor (REP),01000000-7906-3232-42ae-08deebf6b063,"City of Monroe, Precinct 6",Aric Nesbitt,Republican,4,2,2,0
Governor (REP),01000000-7906-3232-42ae-08deebf6b063,"City of Monroe, Precinct 6",Write-in,Republican,1,0,1,0
Governor (REP),01000000-7906-3232-42ae-08deebf6b063,"City of Petersburg, Precinct 1",Mike Cox,Republican,18,15,0,3
Governor (REP),01000000-7906-3232-42ae-08deebf6b063,"City of Petersburg, Precinct 1",John James,Republican,46,39,0,7
Governor (REP),01000000-7906-3232-42ae-08deebf6b063,"City of Petersburg, Precinct 1",Perry Johnson,Republican,26,25,0,1
Governor (REP),01000000-7906-3232-42ae-08deebf6b063,"City of Petersburg, Precinct 1",Aric Nesbitt,Republican,1,1,0,0
Governor (REP),01000000-7906-3232-42ae-08deebf6b063,"City of Petersburg, Precinct 1",Write-in,Republican,0,0,0,0
Governor (REP),01000000-7906-3232-42ae-08deebf6b063,"Ash Township, Precinct 1",Mike Cox,Republican,46,8,38,0
Governor (REP),01000000-7906-3232-42ae-08deebf6b063,"Ash Township, Precinct 1",John James,Republican,136,61,72,3
Governor (REP),01000000-7906-3232-42ae-08deebf6b063,"Ash Township, Precinct 1",Perry Johnson,Republican,129,48,74,7
Governor (REP),01000000-7906-3232-42ae-08deebf6b063,"Ash Township, Precinct 1",Aric Nesbitt,Republican,3,0,3,0
Governor (REP),01000000-7906-3232-42ae-08deebf6b063,"Ash Township, Precinct 1",Write-in,Republican,0,0,0,0
Governor (REP),01000000-7906-3232-42ae-08deebf6b063,"Ash Township, Precinct 2",Mike Cox,Republican,64,10,53,1
Governor (REP),01000000-7906-3232-42ae-08deebf6b063,"Ash Township, Precinct 2",John James,Republican,193,80,99,14
Governor (REP),01000000-7906-3232-42ae-08deebf6b063,"Ash Township, Precinct 2",Perry Johnson,Republican,203,77,109,17
Governor (REP),01000000-7906-3232-42ae-08deebf6b063,"Ash Township, Precinct 2",Aric Nesbitt,Republican,6,2,4,0
Governor (REP),01000000-7906-3232-42ae-08deebf6b063,"Ash Township, Precinct 2",Write-in,Republican,0,0,0,0
Governor (REP),01000000-7906-3232-42ae-08deebf6b063,"Ash Township, Precinct 3",Mike Cox,Republican,43,6,34,3
Governor (REP),01000000-7906-3232-42ae-08deebf6b063,"Ash Township, Precinct 3",John James,Republican,145,50,89,6
Governor (REP),01000000-7906-3232-42ae-08deebf6b063,"Ash Township, Precinct 3",Perry Johnson,Republican,157,80,73,4
Governor (REP),01000000-7906-3232-42ae-08deebf6b063,"Ash Township, Precinct 3",Aric Nesbitt,Republican,3,0,3,0
Governor (REP),01000000-7906-3232-42ae-08deebf6b063,"Ash Township, Precinct 3",Write-in,Republican,0,0,0,0
Governor (REP),01000000-7906-3232-42ae-08deebf6b063,"Bedford Township, Precinct 1",Mike Cox,Republican,24,11,13,0
Governor (REP),01000000-7906-3232-42ae-08deebf6b063,"Bedford Township, Precinct 1",John James,Republican,61,29,30,2
Governor (REP),01000000-7906-3232-42ae-08deebf6b063,"Bedford Township, Precinct 1",Perry Johnson,Republican,36,23,13,0
Governor (REP),01000000-7906-3232-42ae-08deebf6b063,"Bedford Township, Precinct 1",Aric Nesbitt,Republican,0,0,0,0
Governor (REP),01000000-7906-3232-42ae-08deebf6b063,"Bedford Township, Precinct 1",Write-in,Republican,0,0,0,0
Governor (REP),01000000-7906-3232-42ae-08deebf6b063,"Bedford Township, Precinct 2",Mike Cox,Republican,30,11,18,1
Governor (REP),01000000-7906-3232-42ae-08deebf6b063,"Bedford Township, Precinct 2",John James,Republican,168,97,64,7
Governor (REP),01000000-7906-3232-42ae-08deebf6b063,"Bedford Township, Precinct 2",Perry Johnson,Republican,48,22,24,2
Governor (REP),01000000-7906-3232-42ae-08deebf6b063,"Bedford Township, Precinct 2",Aric Nesbitt,Republican,2,2,0,0
Governor (REP),01000000-7906-3232-42ae-08deebf6b063,"Bedford Township, Precinct 2",Write-in,Republican,0,0,0,0
Governor (REP),01000000-7906-3232-42ae-08deebf6b063,"Bedford Township, Precinct 3",Mike Cox,Republican,24,10,12,2
Governor (REP),01000000-7906-3232-42ae-08deebf6b063,"Bedford Township, Precinct 3",John James,Republican,100,68,30,2
Governor (REP),01000000-7906-3232-42ae-08deebf6b063,"Bedford Township, Precinct 3",Perry Johnson,Republican,95,49,38,8
Governor (REP),01000000-7906-3232-42ae-08deebf6b063,"Bedford Township, Precinct 3",Aric Nesbitt,Republican,2,1,1,0
Governor (REP),01000000-7906-3232-42ae-08deebf6b063,"Bedford Township, Precinct 3",Write-in,Republican,1,1,0,0
Governor (REP),01000000-7906-3232-42ae-08deebf6b063,"Bedford Township, Precinct 4",Mike Cox,Republican,36,11,24,1
Governor (REP),01000000-7906-3232-42ae-08deebf6b063,"Bedford Township, Precinct 4",John James,Republican,164,75,76,13
Governor (REP),01000000-7906-3232-42ae-08deebf6b063,"Bedford Township, Precinct 4",Perry Johnson,Republican,75,27,44,4
Governor (REP),01000000-7906-3232-42ae-08deebf6b063,"Bedford Township, Precinct 4",Aric Nesbitt,Republican,4,1,3,0
Governor (REP),01000000-7906-3232-42ae-08deebf6b063,"Bedford Township, Precinct 4",Write-in,Republican,1,0,1,0
Governor (REP),01000000-7906-3232-42ae-08deebf6b063,"Bedford Township, Precinct 5",Mike Cox,Republican,35,12,23,0
Governor (REP),01000000-7906-3232-42ae-08deebf6b063,"Bedford Township, Precinct 5",John James,Republican,104,52,47,5
Governor (REP),01000000-7906-3232-42ae-08deebf6b063,"Bedford Township, Precinct 5",Perry Johnson,Republican,54,20,31,3
Governor (REP),01000000-7906-3232-42ae-08deebf6b063,"Bedford Township, Precinct 5",Aric Nesbitt,Republican,2,2,0,0
Governor (REP),01000000-7906-3232-42ae-08deebf6b063,"Bedford Township, Precinct 5",Write-in,Republican,0,0,0,0
Governor (REP),01000000-7906-3232-42ae-08deebf6b063,"Bedford Township, Precinct 6",Mike Cox,Republican,37,9,24,4
Governor (REP),01000000-7906-3232-42ae-08deebf6b063,"Bedford Township, Precinct 6",John James,Republican,191,106,78,7
Governor (REP),01000000-7906-3232-42ae-08deebf6b063,"Bedford Township, Precinct 6",Perry Johnson,Republican,86,43,39,4
Governor (REP),01000000-7906-3232-42ae-08deebf6b063,"Bedford Township, Precinct 6",Aric Nesbitt,Republican,2,0,2,0
Governor (REP),01000000-7906-3232-42ae-08deebf6b063,"Bedford Township, Precinct 6",Write-in,Republican,0,0,0,0
Governor (REP),01000000-7906-3232-42ae-08deebf6b063,"Bedford Township, Precinct 7",Mike Cox,Republican,34,12,22,0
Governor (REP),01000000-7906-3232-42ae-08deebf6b063,"Bedford Township, Precinct 7",John James,Republican,155,85,63,7
Governor (REP),01000000-7906-3232-42ae-08deebf6b063,"Bedford Township, Precinct 7",Perry Johnson,Republican,56,21,34,1
Governor (REP),01000000-7906-3232-42ae-08deebf6b063,"Bedford Township, Precinct 7",Aric Nesbitt,Republican,6,2,4,0
Governor (REP),01000000-7906-3232-42ae-08deebf6b063,"Bedford Township, Precinct 7",Write-in,Republican,0,0,0,0
Governor (REP),01000000-7906-3232-42ae-08deebf6b063,"Bedford Township, Precinct 8",Mike Cox,Republican,46,16,30,0
Governor (REP),01000000-7906-3232-42ae-08deebf6b063,"Bedford Township, Precinct 8",John James,Republican,189,94,88,7
Governor (REP),01000000-7906-3232-42ae-08deebf6b063,"Bedford Township, Precinct 8",Perry Johnson,Republican,59,25,33,1
Governor (REP),01000000-7906-3232-42ae-08deebf6b063,"Bedford Township, Precinct 8",Aric Nesbitt,Republican,4,2,2,0
Governor (REP),01000000-7906-3232-42ae-08deebf6b063,"Bedford Township, Precinct 8",Write-in,Republican,1,0,1,0
Governor (REP),01000000-7906-3232-42ae-08deebf6b063,"Bedford Township, Precinct 9",Mike Cox,Republican,39,15,23,1
Governor (REP),01000000-7906-3232-42ae-08deebf6b063,"Bedford Township, Precinct 9",John James,Republican,96,60,33,3
Governor (REP),01000000-7906-3232-42ae-08deebf6b063,"Bedford Township, Precinct 9",Perry Johnson,Republican,44,19,24,1
Governor (REP),01000000-7906-3232-42ae-08deebf6b063,"Bedford Township, Precinct 9",Aric Nesbitt,Republican,4,0,4,0
Governor (REP),01000000-7906-3232-42ae-08deebf6b063,"Bedford Township, Precinct 9",Write-in,Republican,0,0,0,0
Governor (REP),01000000-7906-3232-42ae-08deebf6b063,"Bedford Township, Precinct 10",Mike Cox,Republican,15,8,6,1
Governor (REP),01000000-7906-3232-42ae-08deebf6b063,"Bedford Township, Precinct 10",John James,Republican,82,46,27,9
Governor (REP),01000000-7906-3232-42ae-08deebf6b063,"Bedford Township, Precinct 10",Perry Johnson,Republican,51,26,24,1
Governor (REP),01000000-7906-3232-42ae-08deebf6b063,"Bedford Township, Precinct 10",Aric Nesbitt,Republican,4,0,4,0
Governor (REP),01000000-7906-3232-42ae-08deebf6b063,"Bedford Township, Precinct 10",Write-in,Republican,0,0,0,0
Governor (REP),01000000-7906-3232-42ae-08deebf6b063,"Bedford Township, Precinct 11",Mike Cox,Republican,36,18,18,0
Governor (REP),01000000-7906-3232-42ae-08deebf6b063,"Bedford Township, Precinct 11",John James,Republican,175,75,90,10
Governor (REP),01000000-7906-3232-42ae-08deebf6b063,"Bedford Township, Precinct 11",Perry Johnson,Republican,74,41,32,1
Governor (REP),01000000-7906-3232-42ae-08deebf6b063,"Bedford Township, Precinct 11",Aric Nesbitt,Republican,3,1,2,0
Governor (REP),01000000-7906-3232-42ae-08deebf6b063,"Bedford Township, Precinct 11",Write-in,Republican,1,1,0,0
Governor (REP),01000000-7906-3232-42ae-08deebf6b063,"Bedford Township, Precinct 12",Mike Cox,Republican,32,14,17,1
Governor (REP),01000000-7906-3232-42ae-08deebf6b063,"Bedford Township, Precinct 12",John James,Republican,134,66,66,2
Governor (REP),01000000-7906-3232-42ae-08deebf6b063,"Bedford Township, Precinct 12",Perry Johnson,Republican,45,22,23,0
Governor (REP),01000000-7906-3232-42ae-08deebf6b063,"Bedford Township, Precinct 12",Aric Nesbitt,Republican,6,0,6,0
Governor (REP),01000000-7906-3232-42ae-08deebf6b063,"Bedford Township, Precinct 12",Write-in,Republican,0,0,0,0
Governor (REP),01000000-7906-3232-42ae-08deebf6b063,"Bedford Township, Precinct 13",Mike Cox,Republican,46,19,26,1
Governor (REP),01000000-7906-3232-42ae-08deebf6b063,"Bedford Township, Precinct 13",John James,Republican,130,69,49,12
Governor (REP),01000000-7906-3232-42ae-08deebf6b063,"Bedford Township, Precinct 13",Perry Johnson,Republican,56,29,26,1
Governor (REP),01000000-7906-3232-42ae-08deebf6b063,"Bedford Township, Precinct 13",Aric Nesbitt,Republican,3,1,2,0
Governor (REP),01000000-7906-3232-42ae-08deebf6b063,"Bedford Township, Precinct 13",Write-in,Republican,0,0,0,0
Governor (REP),01000000-7906-3232-42ae-08deebf6b063,"Bedford Township, Precinct 14",Mike Cox,Republican,21,6,15,0
Governor (REP),01000000-7906-3232-42ae-08deebf6b063,"Bedford Township, Precinct 14",John James,Republican,81,48,32,1
Governor (REP),01000000-7906-3232-42ae-08deebf6b063,"Bedford Township, Precinct 14",Perry Johnson,Republican,29,11,16,2
Governor (REP),01000000-7906-3232-42ae-08deebf6b063,"Bedford Township, Precinct 14",Aric Nesbitt,Republican,1,0,1,0
Governor (REP),01000000-7906-3232-42ae-08deebf6b063,"Bedford Township, Precinct 14",Write-in,Republican,0,0,0,0
Governor (REP),01000000-7906-3232-42ae-08deebf6b063,"Berlin Township, Precinct 1",Mike Cox,Republican,29,16,12,1
Governor (REP),01000000-7906-3232-42ae-08deebf6b063,"Berlin Township, Precinct 1",John James,Republican,81,51,25,5
Governor (REP),01000000-7906-3232-42ae-08deebf6b063,"Berlin Township, Precinct 1",Perry Johnson,Republican,119,59,47,13
Governor (REP),01000000-7906-3232-42ae-08deebf6b063,"Berlin Township, Precinct 1",Aric Nesbitt,Republican,0,0,0,0
Governor (REP),01000000-7906-3232-42ae-08deebf6b063,"Berlin Township, Precinct 1",Write-in,Republican,0,0,0,0
Governor (REP),01000000-7906-3232-42ae-08deebf6b063,"Berlin Township, Precinct 2",Mike Cox,Republican,49,13,35,1
Governor (REP),01000000-7906-3232-42ae-08deebf6b063,"Berlin Township, Precinct 2",John James,Republican,162,78,71,13
Governor (REP),01000000-7906-3232-42ae-08deebf6b063,"Berlin Township, Precinct 2",Perry Johnson,Republican,147,62,81,4
Governor (REP),01000000-7906-3232-42ae-08deebf6b063,"Berlin Township, Precinct 2",Aric Nesbitt,Republican,2,2,0,0
Governor (REP),01000000-7906-3232-42ae-08deebf6b063,"Berlin Township, Precinct 2",Write-in,Republican,0,0,0,0
Governor (REP),01000000-7906-3232-42ae-08deebf6b063,"Berlin Township, Precinct 3",Mike Cox,Republican,53,26,27,0
Governor (REP),01000000-7906-3232-42ae-08deebf6b063,"Berlin Township, Precinct 3",John James,Republican,114,61,39,14
Governor (REP),01000000-7906-3232-42ae-08deebf6b063,"Berlin Township, Precinct 3",Perry Johnson,Republican,89,53,35,1
Governor (REP),01000000-7906-3232-42ae-08deebf6b063,"Berlin Township, Precinct 3",Aric Nesbitt,Republican,7,1,6,0
Governor (REP),01000000-7906-3232-42ae-08deebf6b063,"Berlin Township, Precinct 3",Write-in,Republican,0,0,0,0
Governor (REP),01000000-7906-3232-42ae-08deebf6b063,"Berlin Township, Precinct 4",Mike Cox,Republican,49,18,30,1
Governor (REP),01000000-7906-3232-42ae-08deebf6b063,"Berlin Township, Precinct 4",John James,Republican,160,97,43,20
Governor (REP),01000000-7906-3232-42ae-08deebf6b063,"Berlin Township, Precinct 4",Perry Johnson,Republican,148,88,57,3
Governor (REP),01000000-7906-3232-42ae-08deebf6b063,"Berlin Township, Precinct 4",Aric Nesbitt,Republican,4,1,2,1
Governor (REP),01000000-7906-3232-42ae-08deebf6b063,"Berlin Township, Precinct 4",Write-in,Republican,1,0,1,0
Governor (REP),01000000-7906-3232-42ae-08deebf6b063,"Dundee Township, Precinct 1",Mike Cox,Republican,24,24,0,0
Governor (REP),01000000-7906-3232-42ae-08deebf6b063,"Dundee Township, Precinct 1",John James,Republican,57,57,0,0
Governor (REP),01000000-7906-3232-42ae-08deebf6b063,"Dundee Township, Precinct 1",Perry Johnson,Republican,65,62,0,3
Governor (REP),01000000-7906-3232-42ae-08deebf6b063,"Dundee Township, Precinct 1",Aric Nesbitt,Republican,1,1,0,0
Governor (REP),01000000-7906-3232-42ae-08deebf6b063,"Dundee Township, Precinct 1",Write-in,Republican,0,0,0,0
Governor (REP),01000000-7906-3232-42ae-08deebf6b063,"Dundee Township, Precinct 2",Mike Cox,Republican,42,42,0,0
Governor (REP),01000000-7906-3232-42ae-08deebf6b063,"Dundee Township, Precinct 2",John James,Republican,125,117,0,8
Governor (REP),01000000-7906-3232-42ae-08deebf6b063,"Dundee Township, Precinct 2",Perry Johnson,Republican,93,91,0,2
Governor (REP),01000000-7906-3232-42ae-08deebf6b063,"Dundee Township, Precinct 2",Aric Nesbitt,Republican,3,3,0,0
Governor (REP),01000000-7906-3232-42ae-08deebf6b063,"Dundee Township, Precinct 2",Write-in,Republican,0,0,0,0
Governor (REP),01000000-7906-3232-42ae-08deebf6b063,"Dundee Township, Precinct 3",Mike Cox,Republican,51,50,0,1
Governor (REP),01000000-7906-3232-42ae-08deebf6b063,"Dundee Township, Precinct 3",John James,Republican,148,143,0,5
Governor (REP),01000000-7906-3232-42ae-08deebf6b063,"Dundee Township, Precinct 3",Perry Johnson,Republican,137,132,0,5
Governor (REP),01000000-7906-3232-42ae-08deebf6b063,"Dundee Township, Precinct 3",Aric Nesbitt,Republican,4,4,0,0
Governor (REP),01000000-7906-3232-42ae-08deebf6b063,"Dundee Township, Precinct 3",Write-in,Republican,1,0,0,1
Governor (REP),01000000-7906-3232-42ae-08deebf6b063,"Erie Township, Precinct 1",Mike Cox,Republican,62,17,41,4
Governor (REP),01000000-7906-3232-42ae-08deebf6b063,"Erie Township, Precinct 1",John James,Republican,236,118,106,12
Governor (REP),01000000-7906-3232-42ae-08deebf6b063,"Erie Township, Precinct 1",Perry Johnson,Republican,179,86,86,7
Governor (REP),01000000-7906-3232-42ae-08deebf6b063,"Erie Township, Precinct 1",Aric Nesbitt,Republican,5,2,3,0
Governor (REP),01000000-7906-3232-42ae-08deebf6b063,"Erie Township, Precinct 1",Write-in,Republican,0,0,0,0
Governor (REP),01000000-7906-3232-42ae-08deebf6b063,"Exeter Township, Precinct 1",Mike Cox,Republican,29,29,0,0
Governor (REP),01000000-7906-3232-42ae-08deebf6b063,"Exeter Township, Precinct 1",John James,Republican,116,115,0,1
Governor (REP),01000000-7906-3232-42ae-08deebf6b063,"Exeter Township, Precinct 1",Perry Johnson,Republican,137,135,0,2
Governor (REP),01000000-7906-3232-42ae-08deebf6b063,"Exeter Township, Precinct 1",Aric Nesbitt,Republican,0,0,0,0
Governor (REP),01000000-7906-3232-42ae-08deebf6b063,"Exeter Township, Precinct 1",Write-in,Republican,2,2,0,0
Governor (REP),01000000-7906-3232-42ae-08deebf6b063,"Exeter Township, Precinct 2",Mike Cox,Republican,41,39,0,2
Governor (REP),01000000-7906-3232-42ae-08deebf6b063,"Exeter Township, Precinct 2",John James,Republican,114,110,0,4
Governor (REP),01000000-7906-3232-42ae-08deebf6b063,"Exeter Township, Precinct 2",Perry Johnson,Republican,112,109,0,3
Governor (REP),01000000-7906-3232-42ae-08deebf6b063,"Exeter Township, Precinct 2",Aric Nesbitt,Republican,5,5,0,0
Governor (REP),01000000-7906-3232-42ae-08deebf6b063,"Exeter Township, Precinct 2",Write-in,Republican,0,0,0,0
Governor (REP),01000000-7906-3232-42ae-08deebf6b063,"Frenchtown Township, Precinct 1",Mike Cox,Republican,28,4,23,1
Governor (REP),01000000-7906-3232-42ae-08deebf6b063,"Frenchtown Township, Precinct 1",John James,Republican,59,25,34,0
Governor (REP),01000000-7906-3232-42ae-08deebf6b063,"Frenchtown Township, Precinct 1",Perry Johnson,Republican,67,38,28,1
Governor (REP),01000000-7906-3232-42ae-08deebf6b063,"Frenchtown Township, Precinct 1",Aric Nesbitt,Republican,2,0,2,0
Governor (REP),01000000-7906-3232-42ae-08deebf6b063,"Frenchtown Township, Precinct 1",Write-in,Republican,0,0,0,0
Governor (REP),01000000-7906-3232-42ae-08deebf6b063,"Frenchtown Township, Precinct 2",Mike Cox,Republican,27,7,18,2
Governor (REP),01000000-7906-3232-42ae-08deebf6b063,"Frenchtown Township, Precinct 2",John James,Republican,87,53,34,0
Governor (REP),01000000-7906-3232-42ae-08deebf6b063,"Frenchtown Township, Precinct 2",Perry Johnson,Republican,78,40,34,4
Governor (REP),01000000-7906-3232-42ae-08deebf6b063,"Frenchtown Township, Precinct 2",Aric Nesbitt,Republican,1,0,1,0
Governor (REP),01000000-7906-3232-42ae-08deebf6b063,"Frenchtown Township, Precinct 2",Write-in,Republican,0,0,0,0
Governor (REP),01000000-7906-3232-42ae-08deebf6b063,"Frenchtown Township, Precinct 3",Mike Cox,Republican,48,23,22,3
Governor (REP),01000000-7906-3232-42ae-08deebf6b063,"Frenchtown Township, Precinct 3",John James,Republican,122,63,52,7
Governor (REP),01000000-7906-3232-42ae-08deebf6b063,"Frenchtown Township, Precinct 3",Perry Johnson,Republican,112,67,43,2
Governor (REP),01000000-7906-3232-42ae-08deebf6b063,"Frenchtown Township, Precinct 3",Aric Nesbitt,Republican,5,3,2,0
Governor (REP),01000000-7906-3232-42ae-08deebf6b063,"Frenchtown Township, Precinct 3",Write-in,Republican,3,1,2,0
Governor (REP),01000000-7906-3232-42ae-08deebf6b063,"Frenchtown Township, Precinct 4",Mike Cox,Republican,44,1,43,0
Governor (REP),01000000-7906-3232-42ae-08deebf6b063,"Frenchtown Township, Precinct 4",John James,Republican,145,41,95,9
Governor (REP),01000000-7906-3232-42ae-08deebf6b063,"Frenchtown Township, Precinct 4",Perry Johnson,Republican,90,28,58,4
Governor (REP),01000000-7906-3232-42ae-08deebf6b063,"Frenchtown Township, Precinct 4",Aric Nesbitt,Republican,3,1,2,0
Governor (REP),01000000-7906-3232-42ae-08deebf6b063,"Frenchtown Township, Precinct 4",Write-in,Republican,0,0,0,0
Governor (REP),01000000-7906-3232-42ae-08deebf6b063,"Frenchtown Township, Precinct 5",Mike Cox,Republican,21,5,16,0
Governor (REP),01000000-7906-3232-42ae-08deebf6b063,"Frenchtown Township, Precinct 5",John James,Republican,70,28,35,7
Governor (REP),01000000-7906-3232-42ae-08deebf6b063,"Frenchtown Township, Precinct 5",Perry Johnson,Republican,47,23,22,2
Governor (REP),01000000-7906-3232-42ae-08deebf6b063,"Frenchtown Township, Precinct 5",Aric Nesbitt,Republican,1,0,1,0
Governor (REP),01000000-7906-3232-42ae-08deebf6b063,"Frenchtown Township, Precinct 5",Write-in,Republican,0,0,0,0
Governor (REP),01000000-7906-3232-42ae-08deebf6b063,"Frenchtown Township, Precinct 6",Mike Cox,Republican,32,11,19,2
Governor (REP),01000000-7906-3232-42ae-08deebf6b063,"Frenchtown Township, Precinct 6",John James,Republican,149,83,55,11
Governor (REP),01000000-7906-3232-42ae-08deebf6b063,"Frenchtown Township, Precinct 6",Perry Johnson,Republican,123,63,52,8
Governor (REP),01000000-7906-3232-42ae-08deebf6b063,"Frenchtown Township, Precinct 6",Aric Nesbitt,Republican,1,0,1,0
Governor (REP),01000000-7906-3232-42ae-08deebf6b063,"Frenchtown Township, Precinct 6",Write-in,Republican,0,0,0,0
Governor (REP),01000000-7906-3232-42ae-08deebf6b063,"Frenchtown Township, Precinct 7",Mike Cox,Republican,55,11,42,2
Governor (REP),01000000-7906-3232-42ae-08deebf6b063,"Frenchtown Township, Precinct 7",John James,Republican,172,59,109,4
Governor (REP),01000000-7906-3232-42ae-08deebf6b063,"Frenchtown Township, Precinct 7",Perry Johnson,Republican,142,43,87,12
Governor (REP),01000000-7906-3232-42ae-08deebf6b063,"Frenchtown Township, Precinct 7",Aric Nesbitt,Republican,10,2,8,0
Governor (REP),01000000-7906-3232-42ae-08deebf6b063,"Frenchtown Township, Precinct 7",Write-in,Republican,3,2,1,0
Governor (REP),01000000-7906-3232-42ae-08deebf6b063,"Frenchtown Township, Precinct 8",Mike Cox,Republican,33,11,22,0
Governor (REP),01000000-7906-3232-42ae-08deebf6b063,"Frenchtown Township, Precinct 8",John James,Republican,99,49,48,2
Governor (REP),01000000-7906-3232-42ae-08deebf6b063,"Frenchtown Township, Precinct 8",Perry Johnson,Republican,96,56,35,5
Governor (REP),01000000-7906-3232-42ae-08deebf6b063,"Frenchtown Township, Precinct 8",Aric Nesbitt,Republican,1,0,1,0
Governor (REP),01000000-7906-3232-42ae-08deebf6b063,"Frenchtown Township, Precinct 8",Write-in,Republican,3,2,1,0
Governor (REP),01000000-7906-3232-42ae-08deebf6b063,"Frenchtown Township, Precinct 9",Mike Cox,Republican,31,8,22,1
Governor (REP),01000000-7906-3232-42ae-08deebf6b063,"Frenchtown Township, Precinct 9",John James,Republican,84,32,44,8
Governor (REP),01000000-7906-3232-42ae-08deebf6b063,"Frenchtown Township, Precinct 9",Perry Johnson,Republican,75,41,31,3
Governor (REP),01000000-7906-3232-42ae-08deebf6b063,"Frenchtown Township, Precinct 9",Aric Nesbitt,Republican,2,0,2,0
Governor (REP),01000000-7906-3232-42ae-08deebf6b063,"Frenchtown Township, Precinct 9",Write-in,Republican,0,0,0,0
Governor (REP),01000000-7906-3232-42ae-08deebf6b063,"Ida Township, Precinct 1",Mike Cox,Republican,29,12,16,1
Governor (REP),01000000-7906-3232-42ae-08deebf6b063,"Ida Township, Precinct 1",John James,Republican,183,100,74,9
Governor (REP),01000000-7906-3232-42ae-08deebf6b063,"Ida Township, Precinct 1",Perry Johnson,Republican,132,72,52,8
Governor (REP),01000000-7906-3232-42ae-08deebf6b063,"Ida Township, Precinct 1",Aric Nesbitt,Republican,3,0,2,1
Governor (REP),01000000-7906-3232-42ae-08deebf6b063,"Ida Township, Precinct 1",Write-in,Republican,0,0,0,0
Governor (REP),01000000-7906-3232-42ae-08deebf6b063,"Ida Township, Precinct 2",Mike Cox,Republican,35,11,23,1
Governor (REP),01000000-7906-3232-42ae-08deebf6b063,"Ida Township, Precinct 2",John James,Republican,130,72,56,2
Governor (REP),01000000-7906-3232-42ae-08deebf6b063,"Ida Township, Precinct 2",Perry Johnson,Republican,122,62,51,9
Governor (REP),01000000-7906-3232-42ae-08deebf6b063,"Ida Township, Precinct 2",Aric Nesbitt,Republican,2,0,2,0
Governor (REP),01000000-7906-3232-42ae-08deebf6b063,"Ida Township, Precinct 2",Write-in,Republican,0,0,0,0
Governor (REP),01000000-7906-3232-42ae-08deebf6b063,"La Salle Township, Precinct 1",Mike Cox,Republican,45,14,29,2
Governor (REP),01000000-7906-3232-42ae-08deebf6b063,"La Salle Township, Precinct 1",John James,Republican,140,79,50,11
Governor (REP),01000000-7906-3232-42ae-08deebf6b063,"La Salle Township, Precinct 1",Perry Johnson,Republican,103,57,42,4
Governor (REP),01000000-7906-3232-42ae-08deebf6b063,"La Salle Township, Precinct 1",Aric Nesbitt,Republican,4,2,2,0
Governor (REP),01000000-7906-3232-42ae-08deebf6b063,"La Salle Township, Precinct 1",Write-in,Republican,0,0,0,0
Governor (REP),01000000-7906-3232-42ae-08deebf6b063,"La Salle Township, Precinct 2",Mike Cox,Republican,56,15,39,2
Governor (REP),01000000-7906-3232-42ae-08deebf6b063,"La Salle Township, Precinct 2",John James,Republican,171,84,73,14
Governor (REP),01000000-7906-3232-42ae-08deebf6b063,"La Salle Township, Precinct 2",Perry Johnson,Republican,138,63,68,7
Governor (REP),01000000-7906-3232-42ae-08deebf6b063,"La Salle Township, Precinct 2",Aric Nesbitt,Republican,0,0,0,0
Governor (REP),01000000-7906-3232-42ae-08deebf6b063,"La Salle Township, Precinct 2",Write-in,Republican,1,0,1,0
Governor (REP),01000000-7906-3232-42ae-08deebf6b063,"London Township, Precinct 1",Mike Cox,Republican,39,37,0,2
Governor (REP),01000000-7906-3232-42ae-08deebf6b063,"London Township, Precinct 1",John James,Republican,154,142,0,12
Governor (REP),01000000-7906-3232-42ae-08deebf6b063,"London Township, Precinct 1",Perry Johnson,Republican,161,149,0,12
Governor (REP),01000000-7906-3232-42ae-08deebf6b063,"London Township, Precinct 1",Aric Nesbitt,Republican,4,4,0,0
Governor (REP),01000000-7906-3232-42ae-08deebf6b063,"London Township, Precinct 1",Write-in,Republican,1,1,0,0
Governor (REP),01000000-7906-3232-42ae-08deebf6b063,"Milan Township, Precinct 1",Mike Cox,Republican,22,21,0,1
Governor (REP),01000000-7906-3232-42ae-08deebf6b063,"Milan Township, Precinct 1",John James,Republican,90,89,0,1
Governor (REP),01000000-7906-3232-42ae-08deebf6b063,"Milan Township, Precinct 1",Perry Johnson,Republican,95,95,0,0
Governor (REP),01000000-7906-3232-42ae-08deebf6b063,"Milan Township, Precinct 1",Aric Nesbitt,Republican,2,2,0,0
Governor (REP),01000000-7906-3232-42ae-08deebf6b063,"Milan Township, Precinct 1",Write-in,Republican,1,1,0,0
Governor (REP),01000000-7906-3232-42ae-08deebf6b063,"Monroe Charter Township, Precinct 1",Mike Cox,Republican,24,5,18,1
Governor (REP),01000000-7906-3232-42ae-08deebf6b063,"Monroe Charter Township, Precinct 1",John James,Republican,90,48,39,3
Governor (REP),01000000-7906-3232-42ae-08deebf6b063,"Monroe Charter Township, Precinct 1",Perry Johnson,Republican,58,20,35,3
Governor (REP),01000000-7906-3232-42ae-08deebf6b063,"Monroe Charter Township, Precinct 1",Aric Nesbitt,Republican,1,0,1,0
Governor (REP),01000000-7906-3232-42ae-08deebf6b063,"Monroe Charter Township, Precinct 1",Write-in,Republican,1,0,1,0
Governor (REP),01000000-7906-3232-42ae-08deebf6b063,"Monroe Charter Township, Precinct 2",Mike Cox,Republican,22,4,16,2
Governor (REP),01000000-7906-3232-42ae-08deebf6b063,"Monroe Charter Township, Precinct 2",John James,Republican,45,18,24,3
Governor (REP),01000000-7906-3232-42ae-08deebf6b063,"Monroe Charter Township, Precinct 2",Perry Johnson,Republican,29,15,14,0
Governor (REP),01000000-7906-3232-42ae-08deebf6b063,"Monroe Charter Township, Precinct 2",Aric Nesbitt,Republican,0,0,0,0
Governor (REP),01000000-7906-3232-42ae-08deebf6b063,"Monroe Charter Township, Precinct 2",Write-in,Republican,1,0,1,0
Governor (REP),01000000-7906-3232-42ae-08deebf6b063,"Monroe Charter Township, Precinct 3",Mike Cox,Republican,25,9,16,0
Governor (REP),01000000-7906-3232-42ae-08deebf6b063,"Monroe Charter Township, Precinct 3",John James,Republican,88,53,31,4
Governor (REP),01000000-7906-3232-42ae-08deebf6b063,"Monroe Charter Township, Precinct 3",Perry Johnson,Republican,74,27,45,2
Governor (REP),01000000-7906-3232-42ae-08deebf6b063,"Monroe Charter Township, Precinct 3",Aric Nesbitt,Republican,2,0,2,0
Governor (REP),01000000-7906-3232-42ae-08deebf6b063,"Monroe Charter Township, Precinct 3",Write-in,Republican,0,0,0,0
Governor (REP),01000000-7906-3232-42ae-08deebf6b063,"Monroe Charter Township, Precinct 4",Mike Cox,Republican,25,7,18,0
Governor (REP),01000000-7906-3232-42ae-08deebf6b063,"Monroe Charter Township, Precinct 4",John James,Republican,109,43,59,7
Governor (REP),01000000-7906-3232-42ae-08deebf6b063,"Monroe Charter Township, Precinct 4",Perry Johnson,Republican,108,51,55,2
Governor (REP),01000000-7906-3232-42ae-08deebf6b063,"Monroe Charter Township, Precinct 4",Aric Nesbitt,Republican,2,0,2,0
Governor (REP),01000000-7906-3232-42ae-08deebf6b063,"Monroe Charter Township, Precinct 4",Write-in,Republican,0,0,0,0
Governor (REP),01000000-7906-3232-42ae-08deebf6b063,"Monroe Charter Township, Precinct 5",Mike Cox,Republican,72,22,49,1
Governor (REP),01000000-7906-3232-42ae-08deebf6b063,"Monroe Charter Township, Precinct 5",John James,Republican,183,75,97,11
Governor (REP),01000000-7906-3232-42ae-08deebf6b063,"Monroe Charter Township, Precinct 5",Perry Johnson,Republican,152,68,74,10
Governor (REP),01000000-7906-3232-42ae-08deebf6b063,"Monroe Charter Township, Precinct 5",Aric Nesbitt,Republican,8,1,5,2
Governor (REP),01000000-7906-3232-42ae-08deebf6b063,"Monroe Charter Township, Precinct 5",Write-in,Republican,0,0,0,0
Governor (REP),01000000-7906-3232-42ae-08deebf6b063,"Monroe Charter Township, Precinct 6",Mike Cox,Republican,53,8,45,0
Governor (REP),01000000-7906-3232-42ae-08deebf6b063,"Monroe Charter Township, Precinct 6",John James,Republican,142,48,86,8
Governor (REP),01000000-7906-3232-42ae-08deebf6b063,"Monroe Charter Township, Precinct 6",Perry Johnson,Republican,96,38,52,6
Governor (REP),01000000-7906-3232-42ae-08deebf6b063,"Monroe Charter Township, Precinct 6",Aric Nesbitt,Republican,1,0,1,0
Governor (REP),01000000-7906-3232-42ae-08deebf6b063,"Monroe Charter Township, Precinct 6",Write-in,Republican,0,0,0,0
Governor (REP),01000000-7906-3232-42ae-08deebf6b063,"Raisinville Township, Precinct 1",Mike Cox,Republican,46,8,38,0
Governor (REP),01000000-7906-3232-42ae-08deebf6b063,"Raisinville Township, Precinct 1",John James,Republican,249,92,142,15
Governor (REP),01000000-7906-3232-42ae-08deebf6b063,"Raisinville Township, Precinct 1",Perry Johnson,Republican,197,81,109,7
Governor (REP),01000000-7906-3232-42ae-08deebf6b063,"Raisinville Township, Precinct 1",Aric Nesbitt,Republican,3,1,2,0
Governor (REP),01000000-7906-3232-42ae-08deebf6b063,"Raisinville Township, Precinct 1",Write-in,Republican,1,1,0,0
Governor (REP),01000000-7906-3232-42ae-08deebf6b063,"Raisinville Township, Precinct 2",Mike Cox,Republican,56,12,43,1
Governor (REP),01000000-7906-3232-42ae-08deebf6b063,"Raisinville Township, Precinct 2",John James,Republican,214,84,118,12
Governor (REP),01000000-7906-3232-42ae-08deebf6b063,"Raisinville Township, Precinct 2",Perry Johnson,Republican,139,65,71,3
Governor (REP),01000000-7906-3232-42ae-08deebf6b063,"Raisinville Township, Precinct 2",Aric Nesbitt,Republican,5,0,5,0
Governor (REP),01000000-7906-3232-42ae-08deebf6b063,"Raisinville Township, Precinct 2",Write-in,Republican,0,0,0,0
Governor (REP),01000000-7906-3232-42ae-08deebf6b063,"Summerfield Township, Precinct 1",Mike Cox,Republican,42,22,20,0
Governor (REP),01000000-7906-3232-42ae-08deebf6b063,"Summerfield Township, Precinct 1",John James,Republican,221,93,118,10
Governor (REP),01000000-7906-3232-42ae-08deebf6b063,"Summerfield Township, Precinct 1",Perry Johnson,Republican,118,51,64,3
Governor (REP),01000000-7906-3232-42ae-08deebf6b063,"Summerfield Township, Precinct 1",Aric Nesbitt,Republican,14,12,2,0
Governor (REP),01000000-7906-3232-42ae-08deebf6b063,"Summerfield Township, Precinct 1",Write-in,Republican,1,1,0,0
Governor (REP),01000000-7906-3232-42ae-08deebf6b063,"Whiteford Township, Precinct 1",Mike Cox,Republican,32,10,17,5
Governor (REP),01000000-7906-3232-42ae-08deebf6b063,"Whiteford Township, Precinct 1",John James,Republican,153,83,56,14
Governor (REP),01000000-7906-3232-42ae-08deebf6b063,"Whiteford Township, Precinct 1",Perry Johnson,Republican,81,36,31,14
Governor (REP),01000000-7906-3232-42ae-08deebf6b063,"Whiteford Township, Precinct 1",Aric Nesbitt,Republican,4,1,3,0
Governor (REP),01000000-7906-3232-42ae-08deebf6b063,"Whiteford Township, Precinct 1",Write-in,Republican,0,0,0,0
Governor (REP),01000000-7906-3232-42ae-08deebf6b063,"Whiteford Township, Precinct 2",Mike Cox,Republican,11,4,6,1
Governor (REP),01000000-7906-3232-42ae-08deebf6b063,"Whiteford Township, Precinct 2",John James,Republican,179,102,62,15
Governor (REP),01000000-7906-3232-42ae-08deebf6b063,"Whiteford Township, Precinct 2",Perry Johnson,Republican,75,31,35,9
Governor (REP),01000000-7906-3232-42ae-08deebf6b063,"Whiteford Township, Precinct 2",Aric Nesbitt,Republican,6,4,2,0
Governor (REP),01000000-7906-3232-42ae-08deebf6b063,"Whiteford Township, Precinct 2",Write-in,Republican,0,0,0,0
Governor (REP),01000000-7906-3232-42ae-08deebf6b063,City of Milan (Out of County),Mike Cox,Republican,19,18,0,1
Governor (REP),01000000-7906-3232-42ae-08deebf6b063,City of Milan (Out of County),John James,Republican,66,65,0,1
Governor (REP),01000000-7906-3232-42ae-08deebf6b063,City of Milan (Out of County),Perry Johnson,Republican,72,67,0,5
Governor (REP),01000000-7906-3232-42ae-08deebf6b063,City of Milan (Out of County),Aric Nesbitt,Republican,4,4,0,0
Governor (REP),01000000-7906-3232-42ae-08deebf6b063,City of Milan (Out of County),Write-in,Republican,0,0,0,0
Representative in State Legislature 29th District (REP),01000000-7906-3232-4644-08deebf6b063,"City of Monroe, Precinct 6",James DeSana,Republican,258,114,130,14
Representative in State Legislature 29th District (REP),01000000-7906-3232-4644-08deebf6b063,"City of Monroe, Precinct 6",Write-in,Republican,2,0,2,0
Representative in State Legislature 29th District (REP),01000000-7906-3232-4644-08deebf6b063,"Ash Township, Precinct 1",James DeSana,Republican,292,104,178,10
Representative in State Legislature 29th District (REP),01000000-7906-3232-4644-08deebf6b063,"Ash Township, Precinct 1",Write-in,Republican,3,1,2,0
Representative in State Legislature 29th District (REP),01000000-7906-3232-4644-08deebf6b063,"Ash Township, Precinct 2",James DeSana,Republican,431,153,246,32
Representative in State Legislature 29th District (REP),01000000-7906-3232-4644-08deebf6b063,"Ash Township, Precinct 2",Write-in,Republican,0,0,0,0
Representative in State Legislature 29th District (REP),01000000-7906-3232-4644-08deebf6b063,"Ash Township, Precinct 3",James DeSana,Republican,326,131,183,12
Representative in State Legislature 29th District (REP),01000000-7906-3232-4644-08deebf6b063,"Ash Township, Precinct 3",Write-in,Republican,1,1,0,0
Representative in State Legislature 29th District (REP),01000000-7906-3232-4644-08deebf6b063,"Frenchtown Township, Precinct 1",James DeSana,Republican,141,63,77,1
Representative in State Legislature 29th District (REP),01000000-7906-3232-4644-08deebf6b063,"Frenchtown Township, Precinct 1",Write-in,Republican,0,0,0,0
Representative in State Legislature 29th District (REP),01000000-7906-3232-4644-08deebf6b063,"Frenchtown Township, Precinct 4",James DeSana,Republican,271,63,195,13
Representative in State Legislature 29th District (REP),01000000-7906-3232-4644-08deebf6b063,"Frenchtown Township, Precinct 4",Write-in,Republican,1,0,1,0
Representative in State Legislature 29th District (REP),01000000-7906-3232-4644-08deebf6b063,"Frenchtown Township, Precinct 7",James DeSana,Republican,350,108,225,17
Representative in State Legislature 29th District (REP),01000000-7906-3232-4644-08deebf6b063,"Frenchtown Township, Precinct 7",Write-in,Republican,3,1,2,0
Representative in State Legislature 29th District (REP),01000000-7906-3232-4644-08deebf6b063,"Frenchtown Township, Precinct 9",James DeSana,Republican,174,70,93,11
Representative in State Legislature 29th District (REP),01000000-7906-3232-4644-08deebf6b063,"Frenchtown Township, Precinct 9",Write-in,Republican,0,0,0,0
"Delegate to County Convention for Bedford Township, Precinct 3 (REP)",01000000-7906-3232-505c-08deebf6b063,"Bedford Township, Precinct 3",Clifford A. Montri,Republican,144,84,52,8
"Delegate to County Convention for Bedford Township, Precinct 3 (REP)",01000000-7906-3232-505c-08deebf6b063,"Bedford Township, Precinct 3",Diane L. Montri,Republican,132,74,49,9
"Delegate to County Convention for Bedford Township, Precinct 3 (REP)",01000000-7906-3232-505c-08deebf6b063,"Bedford Township, Precinct 3",Dan Roth,Republican,116,65,45,6
"Delegate to County Convention for Bedford Township, Precinct 3 (REP)",01000000-7906-3232-505c-08deebf6b063,"Bedford Township, Precinct 3",Corey Welch,Republican,128,70,53,5
"Delegate to County Convention for Bedford Township, Precinct 3 (REP)",01000000-7906-3232-505c-08deebf6b063,"Bedford Township, Precinct 3",Write-in,Republican,13,3,8,2
"Delegate to County Convention for Bedford Township, Precinct 3 (REP)",01000000-7906-3232-505c-08deebf6b063,"Bedford Township, Precinct 3",Robert D. Pettrey,Republican,4,2,2,0
"Delegate to County Convention for Whiteford Township, Precinct 1 (REP)",01000000-7906-3232-68c9-08deebf6b063,"Whiteford Township, Precinct 1",Write-in,Republican,41,14,18,9
"Delegate to County Convention for Monroe Township, Precinct 3 (REP)",01000000-7906-3232-641e-08deebf6b063,"Monroe Charter Township, Precinct 3",John M. Cullen,Republican,153,71,79,3
"Delegate to County Convention for Monroe Township, Precinct 3 (REP)",01000000-7906-3232-641e-08deebf6b063,"Monroe Charter Township, Precinct 3",Write-in,Republican,1,1,0,0
"Delegate to County Convention for Frenchtown Township, Precinct 1 (REP)",01000000-7906-3232-5afd-08deebf6b063,"Frenchtown Township, Precinct 1",Gary S. Banning,Republican,108,46,62,0
"Delegate to County Convention for Frenchtown Township, Precinct 1 (REP)",01000000-7906-3232-5afd-08deebf6b063,"Frenchtown Township, Precinct 1",Anne Zochowski,Republican,81,35,45,1
"Delegate to County Convention for Frenchtown Township, Precinct 1 (REP)",01000000-7906-3232-5afd-08deebf6b063,"Frenchtown Township, Precinct 1",Write-in,Republican,1,1,0,0
"Delegate to County Convention for La Salle Township, Precinct 1 (DEM)",01000000-7906-3232-3bab-08deebf6b063,"La Salle Township, Precinct 1",Write-in,Democrat,21,1,19,1
"Delegate to County Convention for City of Monroe, Precinct 2 (DEM)",01000000-7906-3232-2886-08deebf6b063,"City of Monroe, Precinct 2",Bonnie E. Boggs,Democrat,173,63,91,19
"Delegate to County Convention for City of Monroe, Precinct 2 (DEM)",01000000-7906-3232-2886-08deebf6b063,"City of Monroe, Precinct 2",Haley Herrera,Democrat,172,63,88,21
"Delegate to County Convention for City of Monroe, Precinct 2 (DEM)",01000000-7906-3232-2886-08deebf6b063,"City of Monroe, Precinct 2",Jerry McKart,Democrat,182,63,98,21
"Delegate to County Convention for City of Monroe, Precinct 2 (DEM)",01000000-7906-3232-2886-08deebf6b063,"City of Monroe, Precinct 2",Jerry Young,Democrat,154,56,80,18
"Delegate to County Convention for City of Monroe, Precinct 2 (DEM)",01000000-7906-3232-2886-08deebf6b063,"City of Monroe, Precinct 2",Write-in,Democrat,10,7,3,0
"Delegate to County Convention for Frenchtown Township, Precinct 3 (DEM)",01000000-7906-3232-3782-08deebf6b063,"Frenchtown Township, Precinct 3",Write-in,Democrat,33,4,29,0
Representative in Congress 5th District (REP),01000000-7906-3232-440c-08deebf6b063,"City of Luna Pier, Precinct 1",Tim Walberg,Republican,114,113,0,1
Representative in Congress 5th District (REP),01000000-7906-3232-440c-08deebf6b063,"City of Luna Pier, Precinct 1",Write-in,Republican,0,0,0,0
Representative in Congress 5th District (REP),01000000-7906-3232-440c-08deebf6b063,"City of Monroe, Precinct 1",Tim Walberg,Republican,190,62,119,9
Representative in Congress 5th District (REP),01000000-7906-3232-440c-08deebf6b063,"City of Monroe, Precinct 1",Write-in,Republican,0,0,0,0
Representative in Congress 5th District (REP),01000000-7906-3232-440c-08deebf6b063,"City of Monroe, Precinct 2",Tim Walberg,Republican,135,71,56,8
Representative in Congress 5th District (REP),01000000-7906-3232-440c-08deebf6b063,"City of Monroe, Precinct 2",Write-in,Republican,1,1,0,0
Representative in Congress 5th District (REP),01000000-7906-3232-440c-08deebf6b063,"City of Monroe, Precinct 3N",Tim Walberg,Republican,71,41,28,2
Representative in Congress 5th District (REP),01000000-7906-3232-440c-08deebf6b063,"City of Monroe, Precinct 3N",Write-in,Republican,0,0,0,0
Representative in Congress 5th District (REP),01000000-7906-3232-440c-08deebf6b063,"City of Monroe, Precinct 3S",Tim Walberg,Republican,52,22,27,3
Representative in Congress 5th District (REP),01000000-7906-3232-440c-08deebf6b063,"City of Monroe, Precinct 3S",Write-in,Republican,0,0,0,0
Representative in Congress 5th District (REP),01000000-7906-3232-440c-08deebf6b063,"City of Monroe, Precinct 4",Tim Walberg,Republican,278,125,139,14
Representative in Congress 5th District (REP),01000000-7906-3232-440c-08deebf6b063,"City of Monroe, Precinct 4",Write-in,Republican,1,0,1,0
Representative in Congress 5th District (REP),01000000-7906-3232-440c-08deebf6b063,"City of Monroe, Precinct 5",Tim Walberg,Republican,296,124,155,17
Representative in Congress 5th District (REP),01000000-7906-3232-440c-08deebf6b063,"City of Monroe, Precinct 5",Write-in,Republican,3,3,0,0
Representative in Congress 5th District (REP),01000000-7906-3232-440c-08deebf6b063,"City of Monroe, Precinct 6",Tim Walberg,Republican,264,116,135,13
Representative in Congress 5th District (REP),01000000-7906-3232-440c-08deebf6b063,"City of Monroe, Precinct 6",Write-in,Republican,0,0,0,0
Representative in Congress 5th District (REP),01000000-7906-3232-440c-08deebf6b063,"City of Petersburg, Precinct 1",Tim Walberg,Republican,90,79,0,11
Representative in Congress 5th District (REP),01000000-7906-3232-440c-08deebf6b063,"City of Petersburg, Precinct 1",Write-in,Republican,0,0,0,0
Representative in Congress 5th District (REP),01000000-7906-3232-440c-08deebf6b063,"Ash Township, Precinct 1",Tim Walberg,Republican,286,102,174,10
Representative in Congress 5th District (REP),01000000-7906-3232-440c-08deebf6b063,"Ash Township, Precinct 1",Write-in,Republican,4,1,3,0
Representative in Congress 5th District (REP),01000000-7906-3232-440c-08deebf6b063,"Ash Township, Precinct 2",Tim Walberg,Republican,436,153,251,32
Representative in Congress 5th District (REP),01000000-7906-3232-440c-08deebf6b063,"Ash Township, Precinct 2",Write-in,Republican,0,0,0,0
Representative in Congress 5th District (REP),01000000-7906-3232-440c-08deebf6b063,"Ash Township, Precinct 3",Tim Walberg,Republican,323,129,182,12
Representative in Congress 5th District (REP),01000000-7906-3232-440c-08deebf6b063,"Ash Township, Precinct 3",Write-in,Republican,1,1,0,0
Representative in Congress 5th District (REP),01000000-7906-3232-440c-08deebf6b063,"Bedford Township, Precinct 1",Tim Walberg,Republican,118,61,55,2
Representative in Congress 5th District (REP),01000000-7906-3232-440c-08deebf6b063,"Bedford Township, Precinct 1",Write-in,Republican,0,0,0,0
Representative in Congress 5th District (REP),01000000-7906-3232-440c-08deebf6b063,"Bedford Township, Precinct 2",Tim Walberg,Republican,241,128,104,9
Representative in Congress 5th District (REP),01000000-7906-3232-440c-08deebf6b063,"Bedford Township, Precinct 2",Write-in,Republican,0,0,0,0
Representative in Congress 5th District (REP),01000000-7906-3232-440c-08deebf6b063,"Bedford Township, Precinct 3",Tim Walberg,Republican,212,121,81,10
Representative in Congress 5th District (REP),01000000-7906-3232-440c-08deebf6b063,"Bedford Township, Precinct 3",Write-in,Republican,1,0,0,1
Representative in Congress 5th District (REP),01000000-7906-3232-440c-08deebf6b063,"Bedford Township, Precinct 4",Tim Walberg,Republican,270,109,143,18
Representative in Congress 5th District (REP),01000000-7906-3232-440c-08deebf6b063,"Bedford Township, Precinct 4",Write-in,Republican,1,0,1,0
Representative in Congress 5th District (REP),01000000-7906-3232-440c-08deebf6b063,"Bedford Township, Precinct 5",Tim Walberg,Republican,191,86,97,8
Representative in Congress 5th District (REP),01000000-7906-3232-440c-08deebf6b063,"Bedford Township, Precinct 5",Write-in,Republican,0,0,0,0
Representative in Congress 5th District (REP),01000000-7906-3232-440c-08deebf6b063,"Bedford Township, Precinct 6",Tim Walberg,Republican,291,148,130,13
Representative in Congress 5th District (REP),01000000-7906-3232-440c-08deebf6b063,"Bedford Township, Precinct 6",Write-in,Republican,1,1,0,0
Representative in Congress 5th District (REP),01000000-7906-3232-440c-08deebf6b063,"Bedford Township, Precinct 7",Tim Walberg,Republican,240,115,117,8
Representative in Congress 5th District (REP),01000000-7906-3232-440c-08deebf6b063,"Bedford Township, Precinct 7",Write-in,Republican,1,0,1,0
Representative in Congress 5th District (REP),01000000-7906-3232-440c-08deebf6b063,"Bedford Township, Precinct 8",Tim Walberg,Republican,289,131,151,7
Representative in Congress 5th District (REP),01000000-7906-3232-440c-08deebf6b063,"Bedford Township, Precinct 8",Write-in,Republican,0,0,0,0
Representative in Congress 5th District (REP),01000000-7906-3232-440c-08deebf6b063,"Bedford Township, Precinct 9",Tim Walberg,Republican,177,90,82,5
Representative in Congress 5th District (REP),01000000-7906-3232-440c-08deebf6b063,"Bedford Township, Precinct 9",Write-in,Republican,1,1,0,0
Representative in Congress 5th District (REP),01000000-7906-3232-440c-08deebf6b063,"Bedford Township, Precinct 10",Tim Walberg,Republican,144,76,58,10
Representative in Congress 5th District (REP),01000000-7906-3232-440c-08deebf6b063,"Bedford Township, Precinct 10",Write-in,Republican,0,0,0,0
Representative in Congress 5th District (REP),01000000-7906-3232-440c-08deebf6b063,"Bedford Township, Precinct 11",Tim Walberg,Republican,259,123,125,11
Representative in Congress 5th District (REP),01000000-7906-3232-440c-08deebf6b063,"Bedford Township, Precinct 11",Write-in,Republican,0,0,0,0
Representative in Congress 5th District (REP),01000000-7906-3232-440c-08deebf6b063,"Bedford Township, Precinct 12",Tim Walberg,Republican,214,98,112,4
Representative in Congress 5th District (REP),01000000-7906-3232-440c-08deebf6b063,"Bedford Township, Precinct 12",Write-in,Republican,0,0,0,0
Representative in Congress 5th District (REP),01000000-7906-3232-440c-08deebf6b063,"Bedford Township, Precinct 13",Tim Walberg,Republican,222,114,96,12
Representative in Congress 5th District (REP),01000000-7906-3232-440c-08deebf6b063,"Bedford Township, Precinct 13",Write-in,Republican,1,1,0,0
Representative in Congress 5th District (REP),01000000-7906-3232-440c-08deebf6b063,"Bedford Township, Precinct 14",Tim Walberg,Republican,130,63,64,3
Representative in Congress 5th District (REP),01000000-7906-3232-440c-08deebf6b063,"Bedford Township, Precinct 14",Write-in,Republican,1,0,1,0
Representative in Congress 5th District (REP),01000000-7906-3232-440c-08deebf6b063,"Berlin Township, Precinct 1",Tim Walberg,Republican,217,121,77,19
Representative in Congress 5th District (REP),01000000-7906-3232-440c-08deebf6b063,"Berlin Township, Precinct 1",Write-in,Republican,0,0,0,0
Representative in Congress 5th District (REP),01000000-7906-3232-440c-08deebf6b063,"Berlin Township, Precinct 2",Tim Walberg,Republican,337,148,173,16
Representative in Congress 5th District (REP),01000000-7906-3232-440c-08deebf6b063,"Berlin Township, Precinct 2",Write-in,Republican,0,0,0,0
Representative in Congress 5th District (REP),01000000-7906-3232-440c-08deebf6b063,"Berlin Township, Precinct 3",Tim Walberg,Republican,243,126,103,14
Representative in Congress 5th District (REP),01000000-7906-3232-440c-08deebf6b063,"Berlin Township, Precinct 3",Write-in,Republican,1,1,0,0
Representative in Congress 5th District (REP),01000000-7906-3232-440c-08deebf6b063,"Berlin Township, Precinct 4",Tim Walberg,Republican,342,191,128,23
Representative in Congress 5th District (REP),01000000-7906-3232-440c-08deebf6b063,"Berlin Township, Precinct 4",Write-in,Republican,1,1,0,0
Representative in Congress 5th District (REP),01000000-7906-3232-440c-08deebf6b063,"Dundee Township, Precinct 1",Tim Walberg,Republican,135,133,0,2
Representative in Congress 5th District (REP),01000000-7906-3232-440c-08deebf6b063,"Dundee Township, Precinct 1",Write-in,Republican,1,1,0,0
Representative in Congress 5th District (REP),01000000-7906-3232-440c-08deebf6b063,"Dundee Township, Precinct 2",Tim Walberg,Republican,242,232,0,10
Representative in Congress 5th District (REP),01000000-7906-3232-440c-08deebf6b063,"Dundee Township, Precinct 2",Write-in,Republican,0,0,0,0
Representative in Congress 5th District (REP),01000000-7906-3232-440c-08deebf6b063,"Dundee Township, Precinct 3",Tim Walberg,Republican,326,314,0,12
Representative in Congress 5th District (REP),01000000-7906-3232-440c-08deebf6b063,"Dundee Township, Precinct 3",Write-in,Republican,2,2,0,0
Representative in Congress 5th District (REP),01000000-7906-3232-440c-08deebf6b063,"Erie Township, Precinct 1",Tim Walberg,Republican,452,210,220,22
Representative in Congress 5th District (REP),01000000-7906-3232-440c-08deebf6b063,"Erie Township, Precinct 1",Write-in,Republican,0,0,0,0
Representative in Congress 5th District (REP),01000000-7906-3232-440c-08deebf6b063,"Exeter Township, Precinct 1",Tim Walberg,Republican,265,262,0,3
Representative in Congress 5th District (REP),01000000-7906-3232-440c-08deebf6b063,"Exeter Township, Precinct 1",Write-in,Republican,0,0,0,0
Representative in Congress 5th District (REP),01000000-7906-3232-440c-08deebf6b063,"Exeter Township, Precinct 2",Tim Walberg,Republican,266,257,0,9
Representative in Congress 5th District (REP),01000000-7906-3232-440c-08deebf6b063,"Exeter Township, Precinct 2",Write-in,Republican,0,0,0,0
Representative in Congress 5th District (REP),01000000-7906-3232-440c-08deebf6b063,"Frenchtown Township, Precinct 1",Tim Walberg,Republican,149,62,85,2
Representative in Congress 5th District (REP),01000000-7906-3232-440c-08deebf6b063,"Frenchtown Township, Precinct 1",Write-in,Republican,0,0,0,0
Representative in Congress 5th District (REP),01000000-7906-3232-440c-08deebf6b063,"Frenchtown Township, Precinct 2",Tim Walberg,Republican,179,93,80,6
Representative in Congress 5th District (REP),01000000-7906-3232-440c-08deebf6b063,"Frenchtown Township, Precinct 2",Write-in,Republican,0,0,0,0
Representative in Congress 5th District (REP),01000000-7906-3232-440c-08deebf6b063,"Frenchtown Township, Precinct 3",Tim Walberg,Republican,257,136,109,12
Representative in Congress 5th District (REP),01000000-7906-3232-440c-08deebf6b063,"Frenchtown Township, Precinct 3",Write-in,Republican,1,1,0,0
Representative in Congress 5th District (REP),01000000-7906-3232-440c-08deebf6b063,"Frenchtown Township, Precinct 4",Tim Walberg,Republican,273,67,193,13
Representative in Congress 5th District (REP),01000000-7906-3232-440c-08deebf6b063,"Frenchtown Township, Precinct 4",Write-in,Republican,1,0,1,0
Representative in Congress 5th District (REP),01000000-7906-3232-440c-08deebf6b063,"Frenchtown Township, Precinct 5",Tim Walberg,Republican,133,53,72,8
Representative in Congress 5th District (REP),01000000-7906-3232-440c-08deebf6b063,"Frenchtown Township, Precinct 5",Write-in,Republican,0,0,0,0
Representative in Congress 5th District (REP),01000000-7906-3232-440c-08deebf6b063,"Frenchtown Township, Precinct 6",Tim Walberg,Republican,284,148,118,18
Representative in Congress 5th District (REP),01000000-7906-3232-440c-08deebf6b063,"Frenchtown Township, Precinct 6",Write-in,Republican,1,0,0,1
Representative in Congress 5th District (REP),01000000-7906-3232-440c-08deebf6b063,"Frenchtown Township, Precinct 7",Tim Walberg,Republican,354,109,228,17
Representative in Congress 5th District (REP),01000000-7906-3232-440c-08deebf6b063,"Frenchtown Township, Precinct 7",Write-in,Republican,3,2,1,0
Representative in Congress 5th District (REP),01000000-7906-3232-440c-08deebf6b063,"Frenchtown Township, Precinct 8",Tim Walberg,Republican,221,113,101,7
Representative in Congress 5th District (REP),01000000-7906-3232-440c-08deebf6b063,"Frenchtown Township, Precinct 8",Write-in,Republican,1,0,1,0
Representative in Congress 5th District (REP),01000000-7906-3232-440c-08deebf6b063,"Frenchtown Township, Precinct 9",Tim Walberg,Republican,177,71,94,12
Representative in Congress 5th District (REP),01000000-7906-3232-440c-08deebf6b063,"Frenchtown Township, Precinct 9",Write-in,Republican,0,0,0,0
Representative in Congress 5th District (REP),01000000-7906-3232-440c-08deebf6b063,"Ida Township, Precinct 1",Tim Walberg,Republican,326,173,136,17
Representative in Congress 5th District (REP),01000000-7906-3232-440c-08deebf6b063,"Ida Township, Precinct 1",Write-in,Republican,0,0,0,0
Representative in Congress 5th District (REP),01000000-7906-3232-440c-08deebf6b063,"Ida Township, Precinct 2",Tim Walberg,Republican,275,137,127,11
Representative in Congress 5th District (REP),01000000-7906-3232-440c-08deebf6b063,"Ida Township, Precinct 2",Write-in,Republican,1,1,0,0
Representative in Congress 5th District (REP),01000000-7906-3232-440c-08deebf6b063,"La Salle Township, Precinct 1",Tim Walberg,Republican,272,145,111,16
Representative in Congress 5th District (REP),01000000-7906-3232-440c-08deebf6b063,"La Salle Township, Precinct 1",Write-in,Republican,1,1,0,0
Representative in Congress 5th District (REP),01000000-7906-3232-440c-08deebf6b063,"La Salle Township, Precinct 2",Tim Walberg,Republican,346,151,174,21
Representative in Congress 5th District (REP),01000000-7906-3232-440c-08deebf6b063,"La Salle Township, Precinct 2",Write-in,Republican,1,0,1,0
Representative in Congress 5th District (REP),01000000-7906-3232-440c-08deebf6b063,"London Township, Precinct 1",Tim Walberg,Republican,338,313,0,25
Representative in Congress 5th District (REP),01000000-7906-3232-440c-08deebf6b063,"London Township, Precinct 1",Write-in,Republican,1,1,0,0
Representative in Congress 5th District (REP),01000000-7906-3232-440c-08deebf6b063,"Milan Township, Precinct 1",Tim Walberg,Republican,193,192,0,1
Representative in Congress 5th District (REP),01000000-7906-3232-440c-08deebf6b063,"Milan Township, Precinct 1",Write-in,Republican,1,1,0,0
Representative in Congress 5th District (REP),01000000-7906-3232-440c-08deebf6b063,"Monroe Charter Township, Precinct 1",Tim Walberg,Republican,165,72,87,6
Representative in Congress 5th District (REP),01000000-7906-3232-440c-08deebf6b063,"Monroe Charter Township, Precinct 1",Write-in,Republican,1,0,1,0
Representative in Congress 5th District (REP),01000000-7906-3232-440c-08deebf6b063,"Monroe Charter Township, Precinct 2",Tim Walberg,Republican,85,35,45,5
Representative in Congress 5th District (REP),01000000-7906-3232-440c-08deebf6b063,"Monroe Charter Township, Precinct 2",Write-in,Republican,4,1,3,0
Representative in Congress 5th District (REP),01000000-7906-3232-440c-08deebf6b063,"Monroe Charter Township, Precinct 3",Tim Walberg,Republican,184,85,93,6
Representative in Congress 5th District (REP),01000000-7906-3232-440c-08deebf6b063,"Monroe Charter Township, Precinct 3",Write-in,Republican,1,1,0,0
Representative in Congress 5th District (REP),01000000-7906-3232-440c-08deebf6b063,"Monroe Charter Township, Precinct 4",Tim Walberg,Republican,222,97,116,9
Representative in Congress 5th District (REP),01000000-7906-3232-440c-08deebf6b063,"Monroe Charter Township, Precinct 4",Write-in,Republican,1,0,1,0
Representative in Congress 5th District (REP),01000000-7906-3232-440c-08deebf6b063,"Monroe Charter Township, Precinct 5",Tim Walberg,Republican,386,157,208,21
Representative in Congress 5th District (REP),01000000-7906-3232-440c-08deebf6b063,"Monroe Charter Township, Precinct 5",Write-in,Republican,0,0,0,0
Representative in Congress 5th District (REP),01000000-7906-3232-440c-08deebf6b063,"Monroe Charter Township, Precinct 6",Tim Walberg,Republican,277,89,178,10
Representative in Congress 5th District (REP),01000000-7906-3232-440c-08deebf6b063,"Monroe Charter Township, Precinct 6",Write-in,Republican,0,0,0,0
Representative in Congress 5th District (REP),01000000-7906-3232-440c-08deebf6b063,"Raisinville Township, Precinct 1",Tim Walberg,Republican,482,177,284,21
Representative in Congress 5th District (REP),01000000-7906-3232-440c-08deebf6b063,"Raisinville Township, Precinct 1",Write-in,Republican,2,1,1,0
Representative in Congress 5th District (REP),01000000-7906-3232-440c-08deebf6b063,"Raisinville Township, Precinct 2",Tim Walberg,Republican,401,153,232,16
Representative in Congress 5th District (REP),01000000-7906-3232-440c-08deebf6b063,"Raisinville Township, Precinct 2",Write-in,Republican,0,0,0,0
Representative in Congress 5th District (REP),01000000-7906-3232-440c-08deebf6b063,"Summerfield Township, Precinct 1",Tim Walberg,Republican,355,159,183,13
Representative in Congress 5th District (REP),01000000-7906-3232-440c-08deebf6b063,"Summerfield Township, Precinct 1",Write-in,Republican,2,1,1,0
Representative in Congress 5th District (REP),01000000-7906-3232-440c-08deebf6b063,"Whiteford Township, Precinct 1",Tim Walberg,Republican,258,122,104,32
Representative in Congress 5th District (REP),01000000-7906-3232-440c-08deebf6b063,"Whiteford Township, Precinct 1",Write-in,Republican,1,1,0,0
Representative in Congress 5th District (REP),01000000-7906-3232-440c-08deebf6b063,"Whiteford Township, Precinct 2",Tim Walberg,Republican,262,134,102,26
Representative in Congress 5th District (REP),01000000-7906-3232-440c-08deebf6b063,"Whiteford Township, Precinct 2",Write-in,Republican,2,0,2,0
"Delegate to County Convention for City of Milan, Precinct 1 (Out of County) (DEM)",01000000-7906-3232-425e-08deebf6b063,City of Milan (Out of County),Write-in,Democrat,22,22,0,0
"Delegate to County Convention for Bedford Township, Precinct 2 (DEM)",01000000-7906-3232-2c89-08deebf6b063,"Bedford Township, Precinct 2",Write-in,Democrat,35,21,14,0
"Delegate to County Convention for Frenchtown Township, Precinct 4 (DEM)",01000000-7906-3232-37cf-08deebf6b063,"Frenchtown Township, Precinct 4",Jennifer Devenish,Democrat,241,52,178,11
"Delegate to County Convention for Frenchtown Township, Precinct 4 (DEM)",01000000-7906-3232-37cf-08deebf6b063,"Frenchtown Township, Precinct 4",Write-in,Democrat,4,0,4,0
"Delegate to County Convention for Monroe Township, Precinct 1 (REP)",01000000-7906-3232-6353-08deebf6b063,"Monroe Charter Township, Precinct 1",Candice Ferrell,Republican,156,68,82,6
"Delegate to County Convention for Monroe Township, Precinct 1 (REP)",01000000-7906-3232-6353-08deebf6b063,"Monroe Charter Township, Precinct 1",Write-in,Republican,4,4,0,0
"Delegate to County Convention for Berlin Township, Precinct 2 (DEM)",01000000-7906-3232-31e9-08deebf6b063,"Berlin Township, Precinct 2",Write-in,Democrat,57,17,40,0
I. Jefferson Schools Operating Millage Renewal Proposal,01000000-7906-3232-6c15-08deebf6b063,"City of Monroe, Precinct 3N",Yes,,10,2,8,0
I. Jefferson Schools Operating Millage Renewal Proposal,01000000-7906-3232-6c15-08deebf6b063,"City of Monroe, Precinct 3N",No,,5,2,3,0
I. Jefferson Schools Operating Millage Renewal Proposal,01000000-7906-3232-6c15-08deebf6b063,"Berlin Township, Precinct 1",Yes,,16,9,7,0
I. Jefferson Schools Operating Millage Renewal Proposal,01000000-7906-3232-6c15-08deebf6b063,"Berlin Township, Precinct 1",No,,9,3,6,0
I. Jefferson Schools Operating Millage Renewal Proposal,01000000-7906-3232-6c15-08deebf6b063,"Berlin Township, Precinct 2",Yes,,0,0,0,0
I. Jefferson Schools Operating Millage Renewal Proposal,01000000-7906-3232-6c15-08deebf6b063,"Berlin Township, Precinct 2",No,,0,0,0,0
I. Jefferson Schools Operating Millage Renewal Proposal,01000000-7906-3232-6c15-08deebf6b063,"Berlin Township, Precinct 3",Yes,,227,105,108,14
I. Jefferson Schools Operating Millage Renewal Proposal,01000000-7906-3232-6c15-08deebf6b063,"Berlin Township, Precinct 3",No,,152,66,84,2
I. Jefferson Schools Operating Millage Renewal Proposal,01000000-7906-3232-6c15-08deebf6b063,"Berlin Township, Precinct 4",Yes,,272,120,130,22
I. Jefferson Schools Operating Millage Renewal Proposal,01000000-7906-3232-6c15-08deebf6b063,"Berlin Township, Precinct 4",No,,161,78,79,4
I. Jefferson Schools Operating Millage Renewal Proposal,01000000-7906-3232-6c15-08deebf6b063,"Frenchtown Township, Precinct 2",Yes,,207,89,111,7
I. Jefferson Schools Operating Millage Renewal Proposal,01000000-7906-3232-6c15-08deebf6b063,"Frenchtown Township, Precinct 2",No,,142,60,81,1
I. Jefferson Schools Operating Millage Renewal Proposal,01000000-7906-3232-6c15-08deebf6b063,"Frenchtown Township, Precinct 3",Yes,,328,126,188,14
I. Jefferson Schools Operating Millage Renewal Proposal,01000000-7906-3232-6c15-08deebf6b063,"Frenchtown Township, Precinct 3",No,,184,80,97,7
I. Jefferson Schools Operating Millage Renewal Proposal,01000000-7906-3232-6c15-08deebf6b063,"Frenchtown Township, Precinct 5",Yes,,25,10,14,1
I. Jefferson Schools Operating Millage Renewal Proposal,01000000-7906-3232-6c15-08deebf6b063,"Frenchtown Township, Precinct 5",No,,17,6,8,3
I. Jefferson Schools Operating Millage Renewal Proposal,01000000-7906-3232-6c15-08deebf6b063,"Frenchtown Township, Precinct 6",Yes,,350,132,201,17
I. Jefferson Schools Operating Millage Renewal Proposal,01000000-7906-3232-6c15-08deebf6b063,"Frenchtown Township, Precinct 6",No,,235,88,133,14
I. Jefferson Schools Operating Millage Renewal Proposal,01000000-7906-3232-6c15-08deebf6b063,"Frenchtown Township, Precinct 7",Yes,,170,57,105,8
I. Jefferson Schools Operating Millage Renewal Proposal,01000000-7906-3232-6c15-08deebf6b063,"Frenchtown Township, Precinct 7",No,,102,37,60,5
I. Jefferson Schools Operating Millage Renewal Proposal,01000000-7906-3232-6c15-08deebf6b063,"Frenchtown Township, Precinct 8",Yes,,265,120,137,8
I. Jefferson Schools Operating Millage Renewal Proposal,01000000-7906-3232-6c15-08deebf6b063,"Frenchtown Township, Precinct 8",No,,168,72,92,4
"Delegate to County Convention for Ash Township, Precinct 1 (DEM)",01000000-7906-3232-2680-08deebf6b063,"Ash Township, Precinct 1",Write-in,Democrat,50,3,42,5
"Delegate to County Convention for Bedford Township, Precinct 5 (REP)",01000000-7906-3232-51af-08deebf6b063,"Bedford Township, Precinct 5",Sandra Collins,Republican,167,76,85,6
"Delegate to County Convention for Bedford Township, Precinct 5 (REP)",01000000-7906-3232-51af-08deebf6b063,"Bedford Township, Precinct 5",Write-in,Republican,2,2,0,0
"Delegate to County Convention for City of Luna Pier, Precinct 1 (DEM)",01000000-7906-3232-2778-08deebf6b063,"City of Luna Pier, Precinct 1",Shawn Reid,Democrat,96,95,0,1
"Delegate to County Convention for City of Luna Pier, Precinct 1 (DEM)",01000000-7906-3232-2778-08deebf6b063,"City of Luna Pier, Precinct 1",Write-in,Democrat,5,5,0,0
"Delegate to County Convention for Bedford Township, Precinct 1 (DEM)",01000000-7906-3232-2c3b-08deebf6b063,"Bedford Township, Precinct 1",Write-in,Democrat,15,7,8,0
"Delegate to County Convention for Frenchtown Township, Precinct 5 (DEM)",01000000-7906-3232-3848-08deebf6b063,"Frenchtown Township, Precinct 5",Write-in,Democrat,31,14,12,5
"Delegate to County Convention for Bedford Township, Precinct 4 (REP)",01000000-7906-3232-513b-08deebf6b063,"Bedford Township, Precinct 4",George Topik,Republican,233,91,124,18
"Delegate to County Convention for Bedford Township, Precinct 4 (REP)",01000000-7906-3232-513b-08deebf6b063,"Bedford Township, Precinct 4",Write-in,Republican,2,0,2,0
"Delegate to County Convention for Frenchtown Township, Precinct 2 (DEM)",01000000-7906-3232-36a5-08deebf6b063,"Frenchtown Township, Precinct 2",Earl D. Abrams ,Democrat,97,27,67,3
"Delegate to County Convention for Frenchtown Township, Precinct 2 (DEM)",01000000-7906-3232-36a5-08deebf6b063,"Frenchtown Township, Precinct 2",Sarah Alcenius,Democrat,98,29,66,3
"Delegate to County Convention for Frenchtown Township, Precinct 2 (DEM)",01000000-7906-3232-36a5-08deebf6b063,"Frenchtown Township, Precinct 2",Shawna Farley,Democrat,105,31,71,3
"Delegate to County Convention for Frenchtown Township, Precinct 2 (DEM)",01000000-7906-3232-36a5-08deebf6b063,"Frenchtown Township, Precinct 2",Rachel Strimpel,Democrat,101,28,70,3
"Delegate to County Convention for Frenchtown Township, Precinct 2 (DEM)",01000000-7906-3232-36a5-08deebf6b063,"Frenchtown Township, Precinct 2",Write-in,Democrat,1,0,1,0
Bedford Township Fire Protection Renewal Proposal,01000000-7906-3232-6a3f-08deebf6b063,"Bedford Township, Precinct 1",Yes,,133,47,84,2
Bedford Township Fire Protection Renewal Proposal,01000000-7906-3232-6a3f-08deebf6b063,"Bedford Township, Precinct 1",No,,58,28,30,0
Bedford Township Fire Protection Renewal Proposal,01000000-7906-3232-6a3f-08deebf6b063,"Bedford Township, Precinct 2",Yes,,359,150,198,11
Bedford Township Fire Protection Renewal Proposal,01000000-7906-3232-6a3f-08deebf6b063,"Bedford Township, Precinct 2",No,,109,59,46,4
Bedford Township Fire Protection Renewal Proposal,01000000-7906-3232-6a3f-08deebf6b063,"Bedford Township, Precinct 3",Yes,,262,120,134,8
Bedford Township Fire Protection Renewal Proposal,01000000-7906-3232-6a3f-08deebf6b063,"Bedford Township, Precinct 3",No,,122,62,52,8
Bedford Township Fire Protection Renewal Proposal,01000000-7906-3232-6a3f-08deebf6b063,"Bedford Township, Precinct 4",Yes,,367,116,227,24
Bedford Township Fire Protection Renewal Proposal,01000000-7906-3232-6a3f-08deebf6b063,"Bedford Township, Precinct 4",No,,110,37,71,2
Bedford Township Fire Protection Renewal Proposal,01000000-7906-3232-6a3f-08deebf6b063,"Bedford Township, Precinct 5",Yes,,289,107,170,12
Bedford Township Fire Protection Renewal Proposal,01000000-7906-3232-6a3f-08deebf6b063,"Bedford Township, Precinct 5",No,,85,35,42,8
Bedford Township Fire Protection Renewal Proposal,01000000-7906-3232-6a3f-08deebf6b063,"Bedford Township, Precinct 6",Yes,,424,161,252,11
Bedford Township Fire Protection Renewal Proposal,01000000-7906-3232-6a3f-08deebf6b063,"Bedford Township, Precinct 6",No,,134,74,53,7
Bedford Township Fire Protection Renewal Proposal,01000000-7906-3232-6a3f-08deebf6b063,"Bedford Township, Precinct 7",Yes,,347,134,200,13
Bedford Township Fire Protection Renewal Proposal,01000000-7906-3232-6a3f-08deebf6b063,"Bedford Township, Precinct 7",No,,100,43,54,3
Bedford Township Fire Protection Renewal Proposal,01000000-7906-3232-6a3f-08deebf6b063,"Bedford Township, Precinct 8",Yes,,423,167,248,8
Bedford Township Fire Protection Renewal Proposal,01000000-7906-3232-6a3f-08deebf6b063,"Bedford Township, Precinct 8",No,,102,47,49,6
Bedford Township Fire Protection Renewal Proposal,01000000-7906-3232-6a3f-08deebf6b063,"Bedford Township, Precinct 9",Yes,,248,86,153,9
Bedford Township Fire Protection Renewal Proposal,01000000-7906-3232-6a3f-08deebf6b063,"Bedford Township, Precinct 9",No,,76,36,40,0
Bedford Township Fire Protection Renewal Proposal,01000000-7906-3232-6a3f-08deebf6b063,"Bedford Township, Precinct 10",Yes,,189,68,112,9
Bedford Township Fire Protection Renewal Proposal,01000000-7906-3232-6a3f-08deebf6b063,"Bedford Township, Precinct 10",No,,81,49,29,3
Bedford Township Fire Protection Renewal Proposal,01000000-7906-3232-6a3f-08deebf6b063,"Bedford Township, Precinct 11",Yes,,350,128,206,16
Bedford Township Fire Protection Renewal Proposal,01000000-7906-3232-6a3f-08deebf6b063,"Bedford Township, Precinct 11",No,,134,59,74,1
Bedford Township Fire Protection Renewal Proposal,01000000-7906-3232-6a3f-08deebf6b063,"Bedford Township, Precinct 12",Yes,,321,105,208,8
Bedford Township Fire Protection Renewal Proposal,01000000-7906-3232-6a3f-08deebf6b063,"Bedford Township, Precinct 12",No,,102,48,53,1
Bedford Township Fire Protection Renewal Proposal,01000000-7906-3232-6a3f-08deebf6b063,"Bedford Township, Precinct 13",Yes,,325,130,186,9
Bedford Township Fire Protection Renewal Proposal,01000000-7906-3232-6a3f-08deebf6b063,"Bedford Township, Precinct 13",No,,87,50,33,4
Bedford Township Fire Protection Renewal Proposal,01000000-7906-3232-6a3f-08deebf6b063,"Bedford Township, Precinct 14",Yes,,210,71,135,4
Bedford Township Fire Protection Renewal Proposal,01000000-7906-3232-6a3f-08deebf6b063,"Bedford Township, Precinct 14",No,,53,21,32,0
"Delegate to County Convention for Ida Township, Precinct 2 (DEM)",01000000-7906-3232-3b3c-08deebf6b063,"Ida Township, Precinct 2",Daniel Elmes,Democrat,167,63,94,10
"Delegate to County Convention for Ida Township, Precinct 2 (DEM)",01000000-7906-3232-3b3c-08deebf6b063,"Ida Township, Precinct 2",Write-in,Democrat,0,0,0,0
"Delegate to County Convention for Bedford Township, Precinct 9 (REP)",01000000-7906-3232-536e-08deebf6b063,"Bedford Township, Precinct 9",Write-in,Republican,10,5,5,0
"Delegate to County Convention for City of Milan, Precinct 1 (Out of County) (REP)",01000000-7906-3232-6966-08deebf6b063,City of Milan (Out of County),Write-in,Republican,7,7,0,0
"Delegate to County Convention for City of Monroe, Precinct 4 (REP)",01000000-7906-3232-4d31-08deebf6b063,"City of Monroe, Precinct 4",Michelle M. Germani,Republican,215,92,112,11
"Delegate to County Convention for City of Monroe, Precinct 4 (REP)",01000000-7906-3232-4d31-08deebf6b063,"City of Monroe, Precinct 4",Connie Tyrrell,Republican,141,63,70,8
"Delegate to County Convention for City of Monroe, Precinct 4 (REP)",01000000-7906-3232-4d31-08deebf6b063,"City of Monroe, Precinct 4",Write-in,Republican,9,0,8,1
"Delegate to County Convention for Berlin Township, Precinct 1 (DEM)",01000000-7906-3232-3199-08deebf6b063,"Berlin Township, Precinct 1",Write-in,Democrat,39,19,20,0
"Delegate to County Convention for Bedford Township, Precinct 14 (DEM)",01000000-7906-3232-3149-08deebf6b063,"Bedford Township, Precinct 14",Write-in,Democrat,14,8,5,1
"Delegate to County Convention for Bedford Township, Precinct 5 (DEM)",01000000-7906-3232-2de4-08deebf6b063,"Bedford Township, Precinct 5",Write-in,Democrat,47,19,26,2
Bedford Township Park Commissioner Partial Term Ending 11/20/2028 (DEM),01000000-7906-3232-262d-08deebf6b063,"Bedford Township, Precinct 1",Write-in,Democrat,16,9,7,0
Bedford Township Park Commissioner Partial Term Ending 11/20/2028 (DEM),01000000-7906-3232-262d-08deebf6b063,"Bedford Township, Precinct 2",Write-in,Democrat,35,17,18,0
Bedford Township Park Commissioner Partial Term Ending 11/20/2028 (DEM),01000000-7906-3232-262d-08deebf6b063,"Bedford Township, Precinct 3",Write-in,Democrat,27,18,8,1
Bedford Township Park Commissioner Partial Term Ending 11/20/2028 (DEM),01000000-7906-3232-262d-08deebf6b063,"Bedford Township, Precinct 4",Write-in,Democrat,30,15,14,1
Bedford Township Park Commissioner Partial Term Ending 11/20/2028 (DEM),01000000-7906-3232-262d-08deebf6b063,"Bedford Township, Precinct 5",Write-in,Democrat,52,24,23,5
Bedford Township Park Commissioner Partial Term Ending 11/20/2028 (DEM),01000000-7906-3232-262d-08deebf6b063,"Bedford Township, Precinct 6",Write-in,Democrat,34,13,19,2
Bedford Township Park Commissioner Partial Term Ending 11/20/2028 (DEM),01000000-7906-3232-262d-08deebf6b063,"Bedford Township, Precinct 7",Write-in,Democrat,28,15,10,3
Bedford Township Park Commissioner Partial Term Ending 11/20/2028 (DEM),01000000-7906-3232-262d-08deebf6b063,"Bedford Township, Precinct 8",Write-in,Democrat,27,15,10,2
Bedford Township Park Commissioner Partial Term Ending 11/20/2028 (DEM),01000000-7906-3232-262d-08deebf6b063,"Bedford Township, Precinct 9",Write-in,Democrat,18,10,8,0
Bedford Township Park Commissioner Partial Term Ending 11/20/2028 (DEM),01000000-7906-3232-262d-08deebf6b063,"Bedford Township, Precinct 10",Write-in,Democrat,25,16,9,0
Bedford Township Park Commissioner Partial Term Ending 11/20/2028 (DEM),01000000-7906-3232-262d-08deebf6b063,"Bedford Township, Precinct 11",Write-in,Democrat,28,10,16,2
Bedford Township Park Commissioner Partial Term Ending 11/20/2028 (DEM),01000000-7906-3232-262d-08deebf6b063,"Bedford Township, Precinct 12",Write-in,Democrat,46,26,18,2
Bedford Township Park Commissioner Partial Term Ending 11/20/2028 (DEM),01000000-7906-3232-262d-08deebf6b063,"Bedford Township, Precinct 13",Write-in,Democrat,38,21,17,0
Bedford Township Park Commissioner Partial Term Ending 11/20/2028 (DEM),01000000-7906-3232-262d-08deebf6b063,"Bedford Township, Precinct 14",Write-in,Democrat,28,14,13,1
"Delegate to County Convention for Bedford Township, Precinct 13 (DEM)",01000000-7906-3232-30c9-08deebf6b063,"Bedford Township, Precinct 13",Write-in,Democrat,35,19,16,0
Representative in State Legislature 29th District (DEM),01000000-7906-3232-2382-08deebf6b063,"City of Monroe, Precinct 6",Darian Counts,Democrat,170,67,91,12
Representative in State Legislature 29th District (DEM),01000000-7906-3232-2382-08deebf6b063,"City of Monroe, Precinct 6",Rich Li,Democrat,120,45,72,3
Representative in State Legislature 29th District (DEM),01000000-7906-3232-2382-08deebf6b063,"City of Monroe, Precinct 6",Write-in,Democrat,0,0,0,0
Representative in State Legislature 29th District (DEM),01000000-7906-3232-2382-08deebf6b063,"Ash Township, Precinct 1",Darian Counts,Democrat,106,24,81,1
Representative in State Legislature 29th District (DEM),01000000-7906-3232-2382-08deebf6b063,"Ash Township, Precinct 1",Rich Li,Democrat,102,28,72,2
Representative in State Legislature 29th District (DEM),01000000-7906-3232-2382-08deebf6b063,"Ash Township, Precinct 1",Write-in,Democrat,3,2,1,0
Representative in State Legislature 29th District (DEM),01000000-7906-3232-2382-08deebf6b063,"Ash Township, Precinct 2",Darian Counts,Democrat,164,45,111,8
Representative in State Legislature 29th District (DEM),01000000-7906-3232-2382-08deebf6b063,"Ash Township, Precinct 2",Rich Li,Democrat,106,21,82,3
Representative in State Legislature 29th District (DEM),01000000-7906-3232-2382-08deebf6b063,"Ash Township, Precinct 2",Write-in,Democrat,2,1,1,0
Representative in State Legislature 29th District (DEM),01000000-7906-3232-2382-08deebf6b063,"Ash Township, Precinct 3",Darian Counts,Democrat,90,22,63,5
Representative in State Legislature 29th District (DEM),01000000-7906-3232-2382-08deebf6b063,"Ash Township, Precinct 3",Rich Li,Democrat,92,30,59,3
Representative in State Legislature 29th District (DEM),01000000-7906-3232-2382-08deebf6b063,"Ash Township, Precinct 3",Write-in,Democrat,3,2,1,0
Representative in State Legislature 29th District (DEM),01000000-7906-3232-2382-08deebf6b063,"Frenchtown Township, Precinct 1",Darian Counts,Democrat,63,15,44,4
Representative in State Legislature 29th District (DEM),01000000-7906-3232-2382-08deebf6b063,"Frenchtown Township, Precinct 1",Rich Li,Democrat,43,12,28,3
Representative in State Legislature 29th District (DEM),01000000-7906-3232-2382-08deebf6b063,"Frenchtown Township, Precinct 1",Write-in,Democrat,1,0,0,1
Representative in State Legislature 29th District (DEM),01000000-7906-3232-2382-08deebf6b063,"Frenchtown Township, Precinct 4",Darian Counts,Democrat,109,30,72,7
Representative in State Legislature 29th District (DEM),01000000-7906-3232-2382-08deebf6b063,"Frenchtown Township, Precinct 4",Rich Li,Democrat,141,22,110,9
Representative in State Legislature 29th District (DEM),01000000-7906-3232-2382-08deebf6b063,"Frenchtown Township, Precinct 4",Write-in,Democrat,1,0,0,1
Representative in State Legislature 29th District (DEM),01000000-7906-3232-2382-08deebf6b063,"Frenchtown Township, Precinct 7",Darian Counts,Democrat,175,41,126,8
Representative in State Legislature 29th District (DEM),01000000-7906-3232-2382-08deebf6b063,"Frenchtown Township, Precinct 7",Rich Li,Democrat,123,32,79,12
Representative in State Legislature 29th District (DEM),01000000-7906-3232-2382-08deebf6b063,"Frenchtown Township, Precinct 7",Write-in,Democrat,1,0,1,0
Representative in State Legislature 29th District (DEM),01000000-7906-3232-2382-08deebf6b063,"Frenchtown Township, Precinct 9",Darian Counts,Democrat,91,39,51,1
Representative in State Legislature 29th District (DEM),01000000-7906-3232-2382-08deebf6b063,"Frenchtown Township, Precinct 9",Rich Li,Democrat,118,40,73,5
Representative in State Legislature 29th District (DEM),01000000-7906-3232-2382-08deebf6b063,"Frenchtown Township, Precinct 9",Write-in,Democrat,4,2,2,0
II. Jefferson Schools Bond Proposal,01000000-7906-3232-6c88-08deebf6b063,"City of Monroe, Precinct 3N",Yes,,6,1,5,0
II. Jefferson Schools Bond Proposal,01000000-7906-3232-6c88-08deebf6b063,"City of Monroe, Precinct 3N",No,,10,2,8,0
II. Jefferson Schools Bond Proposal,01000000-7906-3232-6c88-08deebf6b063,"Berlin Township, Precinct 1",Yes,,10,6,4,0
II. Jefferson Schools Bond Proposal,01000000-7906-3232-6c88-08deebf6b063,"Berlin Township, Precinct 1",No,,15,6,9,0
II. Jefferson Schools Bond Proposal,01000000-7906-3232-6c88-08deebf6b063,"Berlin Township, Precinct 2",Yes,,0,0,0,0
II. Jefferson Schools Bond Proposal,01000000-7906-3232-6c88-08deebf6b063,"Berlin Township, Precinct 2",No,,0,0,0,0
II. Jefferson Schools Bond Proposal,01000000-7906-3232-6c88-08deebf6b063,"Berlin Township, Precinct 3",Yes,,173,90,68,15
II. Jefferson Schools Bond Proposal,01000000-7906-3232-6c88-08deebf6b063,"Berlin Township, Precinct 3",No,,208,89,117,2
II. Jefferson Schools Bond Proposal,01000000-7906-3232-6c88-08deebf6b063,"Berlin Township, Precinct 4",Yes,,231,119,95,17
II. Jefferson Schools Bond Proposal,01000000-7906-3232-6c88-08deebf6b063,"Berlin Township, Precinct 4",No,,219,100,109,10
II. Jefferson Schools Bond Proposal,01000000-7906-3232-6c88-08deebf6b063,"Frenchtown Township, Precinct 2",Yes,,154,68,79,7
II. Jefferson Schools Bond Proposal,01000000-7906-3232-6c88-08deebf6b063,"Frenchtown Township, Precinct 2",No,,173,67,104,2
II. Jefferson Schools Bond Proposal,01000000-7906-3232-6c88-08deebf6b063,"Frenchtown Township, Precinct 3",Yes,,226,88,128,10
II. Jefferson Schools Bond Proposal,01000000-7906-3232-6c88-08deebf6b063,"Frenchtown Township, Precinct 3",No,,234,87,140,7
II. Jefferson Schools Bond Proposal,01000000-7906-3232-6c88-08deebf6b063,"Frenchtown Township, Precinct 5",Yes,,17,10,6,1
II. Jefferson Schools Bond Proposal,01000000-7906-3232-6c88-08deebf6b063,"Frenchtown Township, Precinct 5",No,,22,5,14,3
II. Jefferson Schools Bond Proposal,01000000-7906-3232-6c88-08deebf6b063,"Frenchtown Township, Precinct 6",Yes,,269,101,158,10
II. Jefferson Schools Bond Proposal,01000000-7906-3232-6c88-08deebf6b063,"Frenchtown Township, Precinct 6",No,,261,92,153,16
II. Jefferson Schools Bond Proposal,01000000-7906-3232-6c88-08deebf6b063,"Frenchtown Township, Precinct 7",Yes,,143,54,83,6
II. Jefferson Schools Bond Proposal,01000000-7906-3232-6c88-08deebf6b063,"Frenchtown Township, Precinct 7",No,,119,35,79,5
II. Jefferson Schools Bond Proposal,01000000-7906-3232-6c88-08deebf6b063,"Frenchtown Township, Precinct 8",Yes,,199,93,99,7
II. Jefferson Schools Bond Proposal,01000000-7906-3232-6c88-08deebf6b063,"Frenchtown Township, Precinct 8",No,,194,79,110,5
"Delegate to County Convention for Monroe Township, Precinct 4 (DEM)",01000000-7906-3232-3ea8-08deebf6b063,"Monroe Charter Township, Precinct 4",John Chesman,Democrat,224,82,136,6
"Delegate to County Convention for Monroe Township, Precinct 4 (DEM)",01000000-7906-3232-3ea8-08deebf6b063,"Monroe Charter Township, Precinct 4",Write-in,Democrat,4,1,3,0
Ida Township Supervisor Partial Term Ending 11/20/2028 (DEM),01000000-7906-3232-2562-08deebf6b063,"Ida Township, Precinct 1",Write-in,Democrat,32,18,10,4
Ida Township Supervisor Partial Term Ending 11/20/2028 (DEM),01000000-7906-3232-2562-08deebf6b063,"Ida Township, Precinct 2",Write-in,Democrat,24,9,12,3
"Delegate to County Convention for City of Petersburg, Precinct 1 (REP)",01000000-7906-3232-4f4c-08deebf6b063,"City of Petersburg, Precinct 1",Barbara Hottenstein,Republican,81,69,0,12
"Delegate to County Convention for City of Petersburg, Precinct 1 (REP)",01000000-7906-3232-4f4c-08deebf6b063,"City of Petersburg, Precinct 1",Write-in,Republican,2,2,0,0
State Senator 16th District (DEM),01000000-7906-3232-229f-08deebf6b063,"City of Luna Pier, Precinct 1",Deandre Barnes,Democrat,121,121,0,0
State Senator 16th District (DEM),01000000-7906-3232-229f-08deebf6b063,"City of Luna Pier, Precinct 1",Write-in,Democrat,2,2,0,0
State Senator 16th District (DEM),01000000-7906-3232-229f-08deebf6b063,"City of Monroe, Precinct 1",Deandre Barnes,Democrat,286,91,183,12
State Senator 16th District (DEM),01000000-7906-3232-229f-08deebf6b063,"City of Monroe, Precinct 1",Write-in,Democrat,0,0,0,0
State Senator 16th District (DEM),01000000-7906-3232-229f-08deebf6b063,"City of Monroe, Precinct 2",Deandre Barnes,Democrat,240,89,130,21
State Senator 16th District (DEM),01000000-7906-3232-229f-08deebf6b063,"City of Monroe, Precinct 2",Write-in,Democrat,2,1,1,0
State Senator 16th District (DEM),01000000-7906-3232-229f-08deebf6b063,"City of Monroe, Precinct 3N",Deandre Barnes,Democrat,141,59,76,6
State Senator 16th District (DEM),01000000-7906-3232-229f-08deebf6b063,"City of Monroe, Precinct 3N",Write-in,Democrat,2,1,1,0
State Senator 16th District (DEM),01000000-7906-3232-229f-08deebf6b063,"City of Monroe, Precinct 3S",Deandre Barnes,Democrat,88,52,34,2
State Senator 16th District (DEM),01000000-7906-3232-229f-08deebf6b063,"City of Monroe, Precinct 3S",Write-in,Democrat,0,0,0,0
State Senator 16th District (DEM),01000000-7906-3232-229f-08deebf6b063,"City of Monroe, Precinct 4",Deandre Barnes,Democrat,390,133,235,22
State Senator 16th District (DEM),01000000-7906-3232-229f-08deebf6b063,"City of Monroe, Precinct 4",Write-in,Democrat,4,3,1,0
State Senator 16th District (DEM),01000000-7906-3232-229f-08deebf6b063,"City of Monroe, Precinct 5",Deandre Barnes,Democrat,445,115,312,18
State Senator 16th District (DEM),01000000-7906-3232-229f-08deebf6b063,"City of Monroe, Precinct 5",Write-in,Democrat,1,1,0,0
State Senator 16th District (DEM),01000000-7906-3232-229f-08deebf6b063,"City of Monroe, Precinct 6",Deandre Barnes,Democrat,293,112,167,14
State Senator 16th District (DEM),01000000-7906-3232-229f-08deebf6b063,"City of Monroe, Precinct 6",Write-in,Democrat,0,0,0,0
State Senator 16th District (DEM),01000000-7906-3232-229f-08deebf6b063,"City of Petersburg, Precinct 1",Deandre Barnes,Democrat,91,81,0,10
State Senator 16th District (DEM),01000000-7906-3232-229f-08deebf6b063,"City of Petersburg, Precinct 1",Write-in,Democrat,2,2,0,0
State Senator 16th District (DEM),01000000-7906-3232-229f-08deebf6b063,"Ash Township, Precinct 1",Deandre Barnes,Democrat,210,56,151,3
State Senator 16th District (DEM),01000000-7906-3232-229f-08deebf6b063,"Ash Township, Precinct 1",Write-in,Democrat,1,1,0,0
State Senator 16th District (DEM),01000000-7906-3232-229f-08deebf6b063,"Ash Township, Precinct 2",Deandre Barnes,Democrat,272,64,199,9
State Senator 16th District (DEM),01000000-7906-3232-229f-08deebf6b063,"Ash Township, Precinct 2",Write-in,Democrat,1,0,1,0
State Senator 16th District (DEM),01000000-7906-3232-229f-08deebf6b063,"Ash Township, Precinct 3",Deandre Barnes,Democrat,187,54,126,7
State Senator 16th District (DEM),01000000-7906-3232-229f-08deebf6b063,"Ash Township, Precinct 3",Write-in,Democrat,2,1,1,0
State Senator 16th District (DEM),01000000-7906-3232-229f-08deebf6b063,"Bedford Township, Precinct 1",Deandre Barnes,Democrat,88,23,65,0
State Senator 16th District (DEM),01000000-7906-3232-229f-08deebf6b063,"Bedford Township, Precinct 1",Write-in,Democrat,0,0,0,0
State Senator 16th District (DEM),01000000-7906-3232-229f-08deebf6b063,"Bedford Township, Precinct 2",Deandre Barnes,Democrat,222,87,128,7
State Senator 16th District (DEM),01000000-7906-3232-229f-08deebf6b063,"Bedford Township, Precinct 2",Write-in,Democrat,0,0,0,0
State Senator 16th District (DEM),01000000-7906-3232-229f-08deebf6b063,"Bedford Township, Precinct 3",Deandre Barnes,Democrat,173,73,95,5
State Senator 16th District (DEM),01000000-7906-3232-229f-08deebf6b063,"Bedford Township, Precinct 3",Write-in,Democrat,1,1,0,0
State Senator 16th District (DEM),01000000-7906-3232-229f-08deebf6b063,"Bedford Township, Precinct 4",Deandre Barnes,Democrat,274,90,173,11
State Senator 16th District (DEM),01000000-7906-3232-229f-08deebf6b063,"Bedford Township, Precinct 4",Write-in,Democrat,2,2,0,0
State Senator 16th District (DEM),01000000-7906-3232-229f-08deebf6b063,"Bedford Township, Precinct 5",Deandre Barnes,Democrat,242,90,136,16
State Senator 16th District (DEM),01000000-7906-3232-229f-08deebf6b063,"Bedford Township, Precinct 5",Write-in,Democrat,0,0,0,0
State Senator 16th District (DEM),01000000-7906-3232-229f-08deebf6b063,"Bedford Township, Precinct 6",Deandre Barnes,Democrat,313,118,190,5
State Senator 16th District (DEM),01000000-7906-3232-229f-08deebf6b063,"Bedford Township, Precinct 6",Write-in,Democrat,1,1,0,0
State Senator 16th District (DEM),01000000-7906-3232-229f-08deebf6b063,"Bedford Township, Precinct 7",Deandre Barnes,Democrat,237,67,156,14
State Senator 16th District (DEM),01000000-7906-3232-229f-08deebf6b063,"Bedford Township, Precinct 7",Write-in,Democrat,0,0,0,0
State Senator 16th District (DEM),01000000-7906-3232-229f-08deebf6b063,"Bedford Township, Precinct 8",Deandre Barnes,Democrat,258,82,166,10
State Senator 16th District (DEM),01000000-7906-3232-229f-08deebf6b063,"Bedford Township, Precinct 8",Write-in,Democrat,0,0,0,0
State Senator 16th District (DEM),01000000-7906-3232-229f-08deebf6b063,"Bedford Township, Precinct 9",Deandre Barnes,Democrat,166,58,103,5
State Senator 16th District (DEM),01000000-7906-3232-229f-08deebf6b063,"Bedford Township, Precinct 9",Write-in,Democrat,1,1,0,0
State Senator 16th District (DEM),01000000-7906-3232-229f-08deebf6b063,"Bedford Township, Precinct 10",Deandre Barnes,Democrat,135,44,87,4
State Senator 16th District (DEM),01000000-7906-3232-229f-08deebf6b063,"Bedford Township, Precinct 10",Write-in,Democrat,3,1,2,0
State Senator 16th District (DEM),01000000-7906-3232-229f-08deebf6b063,"Bedford Township, Precinct 11",Deandre Barnes,Democrat,221,70,142,9
State Senator 16th District (DEM),01000000-7906-3232-229f-08deebf6b063,"Bedford Township, Precinct 11",Write-in,Democrat,1,0,1,0
State Senator 16th District (DEM),01000000-7906-3232-229f-08deebf6b063,"Bedford Township, Precinct 12",Deandre Barnes,Democrat,234,74,152,8
State Senator 16th District (DEM),01000000-7906-3232-229f-08deebf6b063,"Bedford Township, Precinct 12",Write-in,Democrat,1,0,1,0
State Senator 16th District (DEM),01000000-7906-3232-229f-08deebf6b063,"Bedford Township, Precinct 13",Deandre Barnes,Democrat,208,84,123,1
State Senator 16th District (DEM),01000000-7906-3232-229f-08deebf6b063,"Bedford Township, Precinct 13",Write-in,Democrat,0,0,0,0
State Senator 16th District (DEM),01000000-7906-3232-229f-08deebf6b063,"Bedford Township, Precinct 14",Deandre Barnes,Democrat,181,64,110,7
State Senator 16th District (DEM),01000000-7906-3232-229f-08deebf6b063,"Bedford Township, Precinct 14",Write-in,Democrat,1,1,0,0
State Senator 16th District (DEM),01000000-7906-3232-229f-08deebf6b063,"Berlin Township, Precinct 1",Deandre Barnes,Democrat,198,79,114,5
State Senator 16th District (DEM),01000000-7906-3232-229f-08deebf6b063,"Berlin Township, Precinct 1",Write-in,Democrat,2,0,1,1
State Senator 16th District (DEM),01000000-7906-3232-229f-08deebf6b063,"Berlin Township, Precinct 2",Deandre Barnes,Democrat,249,61,170,18
State Senator 16th District (DEM),01000000-7906-3232-229f-08deebf6b063,"Berlin Township, Precinct 2",Write-in,Democrat,2,0,1,1
State Senator 16th District (DEM),01000000-7906-3232-229f-08deebf6b063,"Berlin Township, Precinct 3",Deandre Barnes,Democrat,181,72,104,5
State Senator 16th District (DEM),01000000-7906-3232-229f-08deebf6b063,"Berlin Township, Precinct 3",Write-in,Democrat,0,0,0,0
State Senator 16th District (DEM),01000000-7906-3232-229f-08deebf6b063,"Berlin Township, Precinct 4",Deandre Barnes,Democrat,261,96,149,16
State Senator 16th District (DEM),01000000-7906-3232-229f-08deebf6b063,"Berlin Township, Precinct 4",Write-in,Democrat,3,2,1,0
State Senator 16th District (DEM),01000000-7906-3232-229f-08deebf6b063,"Dundee Township, Precinct 1",Deandre Barnes,Democrat,196,192,0,4
State Senator 16th District (DEM),01000000-7906-3232-229f-08deebf6b063,"Dundee Township, Precinct 1",Write-in,Democrat,0,0,0,0
State Senator 16th District (DEM),01000000-7906-3232-229f-08deebf6b063,"Dundee Township, Precinct 2",Deandre Barnes,Democrat,274,259,0,15
State Senator 16th District (DEM),01000000-7906-3232-229f-08deebf6b063,"Dundee Township, Precinct 2",Write-in,Democrat,3,3,0,0
State Senator 16th District (DEM),01000000-7906-3232-229f-08deebf6b063,"Dundee Township, Precinct 3",Deandre Barnes,Democrat,315,302,0,13
State Senator 16th District (DEM),01000000-7906-3232-229f-08deebf6b063,"Dundee Township, Precinct 3",Write-in,Democrat,2,2,0,0
State Senator 16th District (DEM),01000000-7906-3232-229f-08deebf6b063,"Erie Township, Precinct 1",Deandre Barnes,Democrat,332,96,222,14
State Senator 16th District (DEM),01000000-7906-3232-229f-08deebf6b063,"Erie Township, Precinct 1",Write-in,Democrat,2,1,1,0
State Senator 16th District (DEM),01000000-7906-3232-229f-08deebf6b063,"Exeter Township, Precinct 1",Deandre Barnes,Democrat,148,144,0,4
State Senator 16th District (DEM),01000000-7906-3232-229f-08deebf6b063,"Exeter Township, Precinct 1",Write-in,Democrat,1,1,0,0
State Senator 16th District (DEM),01000000-7906-3232-229f-08deebf6b063,"Exeter Township, Precinct 2",Deandre Barnes,Democrat,230,216,0,14
State Senator 16th District (DEM),01000000-7906-3232-229f-08deebf6b063,"Exeter Township, Precinct 2",Write-in,Democrat,1,1,0,0
State Senator 16th District (DEM),01000000-7906-3232-229f-08deebf6b063,"Frenchtown Township, Precinct 1",Deandre Barnes,Democrat,113,27,77,9
State Senator 16th District (DEM),01000000-7906-3232-229f-08deebf6b063,"Frenchtown Township, Precinct 1",Write-in,Democrat,0,0,0,0
State Senator 16th District (DEM),01000000-7906-3232-229f-08deebf6b063,"Frenchtown Township, Precinct 2",Deandre Barnes,Democrat,138,45,91,2
State Senator 16th District (DEM),01000000-7906-3232-229f-08deebf6b063,"Frenchtown Township, Precinct 2",Write-in,Democrat,1,1,0,0
State Senator 16th District (DEM),01000000-7906-3232-229f-08deebf6b063,"Frenchtown Township, Precinct 3",Deandre Barnes,Democrat,152,44,102,6
State Senator 16th District (DEM),01000000-7906-3232-229f-08deebf6b063,"Frenchtown Township, Precinct 3",Write-in,Democrat,0,0,0,0
State Senator 16th District (DEM),01000000-7906-3232-229f-08deebf6b063,"Frenchtown Township, Precinct 4",Deandre Barnes,Democrat,252,52,185,15
State Senator 16th District (DEM),01000000-7906-3232-229f-08deebf6b063,"Frenchtown Township, Precinct 4",Write-in,Democrat,2,0,1,1
State Senator 16th District (DEM),01000000-7906-3232-229f-08deebf6b063,"Frenchtown Township, Precinct 5",Deandre Barnes,Democrat,167,60,98,9
State Senator 16th District (DEM),01000000-7906-3232-229f-08deebf6b063,"Frenchtown Township, Precinct 5",Write-in,Democrat,2,0,2,0
State Senator 16th District (DEM),01000000-7906-3232-229f-08deebf6b063,"Frenchtown Township, Precinct 6",Deandre Barnes,Democrat,212,60,144,8
State Senator 16th District (DEM),01000000-7906-3232-229f-08deebf6b063,"Frenchtown Township, Precinct 6",Write-in,Democrat,2,0,2,0
State Senator 16th District (DEM),01000000-7906-3232-229f-08deebf6b063,"Frenchtown Township, Precinct 7",Deandre Barnes,Democrat,302,77,205,20
State Senator 16th District (DEM),01000000-7906-3232-229f-08deebf6b063,"Frenchtown Township, Precinct 7",Write-in,Democrat,1,0,1,0
State Senator 16th District (DEM),01000000-7906-3232-229f-08deebf6b063,"Frenchtown Township, Precinct 8",Deandre Barnes,Democrat,173,76,94,3
State Senator 16th District (DEM),01000000-7906-3232-229f-08deebf6b063,"Frenchtown Township, Precinct 8",Write-in,Democrat,1,0,1,0
State Senator 16th District (DEM),01000000-7906-3232-229f-08deebf6b063,"Frenchtown Township, Precinct 9",Deandre Barnes,Democrat,212,79,128,5
State Senator 16th District (DEM),01000000-7906-3232-229f-08deebf6b063,"Frenchtown Township, Precinct 9",Write-in,Democrat,3,1,2,0
State Senator 16th District (DEM),01000000-7906-3232-229f-08deebf6b063,"Ida Township, Precinct 1",Deandre Barnes,Democrat,190,74,102,14
State Senator 16th District (DEM),01000000-7906-3232-229f-08deebf6b063,"Ida Township, Precinct 1",Write-in,Democrat,0,0,0,0
State Senator 16th District (DEM),01000000-7906-3232-229f-08deebf6b063,"Ida Township, Precinct 2",Deandre Barnes,Democrat,188,66,107,15
State Senator 16th District (DEM),01000000-7906-3232-229f-08deebf6b063,"Ida Township, Precinct 2",Write-in,Democrat,1,0,1,0
State Senator 16th District (DEM),01000000-7906-3232-229f-08deebf6b063,"La Salle Township, Precinct 1",Deandre Barnes,Democrat,168,61,96,11
State Senator 16th District (DEM),01000000-7906-3232-229f-08deebf6b063,"La Salle Township, Precinct 1",Write-in,Democrat,0,0,0,0
State Senator 16th District (DEM),01000000-7906-3232-229f-08deebf6b063,"La Salle Township, Precinct 2",Deandre Barnes,Democrat,250,74,169,7
State Senator 16th District (DEM),01000000-7906-3232-229f-08deebf6b063,"La Salle Township, Precinct 2",Write-in,Democrat,0,0,0,0
State Senator 16th District (DEM),01000000-7906-3232-229f-08deebf6b063,"London Township, Precinct 1",Deandre Barnes,Democrat,271,255,0,16
State Senator 16th District (DEM),01000000-7906-3232-229f-08deebf6b063,"London Township, Precinct 1",Write-in,Democrat,0,0,0,0
State Senator 16th District (DEM),01000000-7906-3232-229f-08deebf6b063,"Milan Township, Precinct 1",Deandre Barnes,Democrat,172,172,0,0
State Senator 16th District (DEM),01000000-7906-3232-229f-08deebf6b063,"Milan Township, Precinct 1",Write-in,Democrat,0,0,0,0
State Senator 16th District (DEM),01000000-7906-3232-229f-08deebf6b063,"Monroe Charter Township, Precinct 1",Deandre Barnes,Democrat,206,57,140,9
State Senator 16th District (DEM),01000000-7906-3232-229f-08deebf6b063,"Monroe Charter Township, Precinct 1",Write-in,Democrat,2,1,1,0
State Senator 16th District (DEM),01000000-7906-3232-229f-08deebf6b063,"Monroe Charter Township, Precinct 2",Deandre Barnes,Democrat,126,55,66,5
State Senator 16th District (DEM),01000000-7906-3232-229f-08deebf6b063,"Monroe Charter Township, Precinct 2",Write-in,Democrat,1,1,0,0
State Senator 16th District (DEM),01000000-7906-3232-229f-08deebf6b063,"Monroe Charter Township, Precinct 3",Deandre Barnes,Democrat,143,36,96,11
State Senator 16th District (DEM),01000000-7906-3232-229f-08deebf6b063,"Monroe Charter Township, Precinct 3",Write-in,Democrat,3,2,0,1
State Senator 16th District (DEM),01000000-7906-3232-229f-08deebf6b063,"Monroe Charter Township, Precinct 4",Deandre Barnes,Democrat,237,86,144,7
State Senator 16th District (DEM),01000000-7906-3232-229f-08deebf6b063,"Monroe Charter Township, Precinct 4",Write-in,Democrat,0,0,0,0
State Senator 16th District (DEM),01000000-7906-3232-229f-08deebf6b063,"Monroe Charter Township, Precinct 5",Deandre Barnes,Democrat,278,81,181,16
State Senator 16th District (DEM),01000000-7906-3232-229f-08deebf6b063,"Monroe Charter Township, Precinct 5",Write-in,Democrat,1,1,0,0
State Senator 16th District (DEM),01000000-7906-3232-229f-08deebf6b063,"Monroe Charter Township, Precinct 6",Deandre Barnes,Democrat,178,65,108,5
State Senator 16th District (DEM),01000000-7906-3232-229f-08deebf6b063,"Monroe Charter Township, Precinct 6",Write-in,Democrat,0,0,0,0
State Senator 16th District (DEM),01000000-7906-3232-229f-08deebf6b063,"Raisinville Township, Precinct 1",Deandre Barnes,Democrat,237,56,175,6
State Senator 16th District (DEM),01000000-7906-3232-229f-08deebf6b063,"Raisinville Township, Precinct 1",Write-in,Democrat,1,1,0,0
State Senator 16th District (DEM),01000000-7906-3232-229f-08deebf6b063,"Raisinville Township, Precinct 2",Deandre Barnes,Democrat,327,86,231,10
State Senator 16th District (DEM),01000000-7906-3232-229f-08deebf6b063,"Raisinville Township, Precinct 2",Write-in,Democrat,0,0,0,0
State Senator 16th District (DEM),01000000-7906-3232-229f-08deebf6b063,"Summerfield Township, Precinct 1",Deandre Barnes,Democrat,229,148,71,10
State Senator 16th District (DEM),01000000-7906-3232-229f-08deebf6b063,"Summerfield Township, Precinct 1",Write-in,Democrat,0,0,0,0
State Senator 16th District (DEM),01000000-7906-3232-229f-08deebf6b063,"Whiteford Township, Precinct 1",Deandre Barnes,Democrat,174,55,100,19
State Senator 16th District (DEM),01000000-7906-3232-229f-08deebf6b063,"Whiteford Township, Precinct 1",Write-in,Democrat,2,2,0,0
State Senator 16th District (DEM),01000000-7906-3232-229f-08deebf6b063,"Whiteford Township, Precinct 2",Deandre Barnes,Democrat,107,39,54,14
State Senator 16th District (DEM),01000000-7906-3232-229f-08deebf6b063,"Whiteford Township, Precinct 2",Write-in,Democrat,1,1,0,0
Representative in Congress 5th District (DEM),01000000-7906-3232-2119-08deebf6b063,"City of Luna Pier, Precinct 1",Christian Vukasovich,Democrat,121,121,0,0
Representative in Congress 5th District (DEM),01000000-7906-3232-2119-08deebf6b063,"City of Luna Pier, Precinct 1",Write-in,Democrat,2,2,0,0
Representative in Congress 5th District (DEM),01000000-7906-3232-2119-08deebf6b063,"City of Monroe, Precinct 1",Christian Vukasovich,Democrat,284,88,183,13
Representative in Congress 5th District (DEM),01000000-7906-3232-2119-08deebf6b063,"City of Monroe, Precinct 1",Write-in,Democrat,0,0,0,0
Representative in Congress 5th District (DEM),01000000-7906-3232-2119-08deebf6b063,"City of Monroe, Precinct 2",Christian Vukasovich,Democrat,240,89,129,22
Representative in Congress 5th District (DEM),01000000-7906-3232-2119-08deebf6b063,"City of Monroe, Precinct 2",Write-in,Democrat,2,1,1,0
Representative in Congress 5th District (DEM),01000000-7906-3232-2119-08deebf6b063,"City of Monroe, Precinct 3N",Christian Vukasovich,Democrat,136,57,74,5
Representative in Congress 5th District (DEM),01000000-7906-3232-2119-08deebf6b063,"City of Monroe, Precinct 3N",Write-in,Democrat,4,2,1,1
Representative in Congress 5th District (DEM),01000000-7906-3232-2119-08deebf6b063,"City of Monroe, Precinct 3S",Christian Vukasovich,Democrat,87,50,34,3
Representative in Congress 5th District (DEM),01000000-7906-3232-2119-08deebf6b063,"City of Monroe, Precinct 3S",Write-in,Democrat,1,1,0,0
Representative in Congress 5th District (DEM),01000000-7906-3232-2119-08deebf6b063,"City of Monroe, Precinct 4",Christian Vukasovich,Democrat,386,131,234,21
Representative in Congress 5th District (DEM),01000000-7906-3232-2119-08deebf6b063,"City of Monroe, Precinct 4",Write-in,Democrat,4,4,0,0
Representative in Congress 5th District (DEM),01000000-7906-3232-2119-08deebf6b063,"City of Monroe, Precinct 5",Christian Vukasovich,Democrat,447,114,316,17
Representative in Congress 5th District (DEM),01000000-7906-3232-2119-08deebf6b063,"City of Monroe, Precinct 5",Write-in,Democrat,1,1,0,0
Representative in Congress 5th District (DEM),01000000-7906-3232-2119-08deebf6b063,"City of Monroe, Precinct 6",Christian Vukasovich,Democrat,292,111,167,14
Representative in Congress 5th District (DEM),01000000-7906-3232-2119-08deebf6b063,"City of Monroe, Precinct 6",Write-in,Democrat,0,0,0,0
Representative in Congress 5th District (DEM),01000000-7906-3232-2119-08deebf6b063,"City of Petersburg, Precinct 1",Christian Vukasovich,Democrat,91,81,0,10
Representative in Congress 5th District (DEM),01000000-7906-3232-2119-08deebf6b063,"City of Petersburg, Precinct 1",Write-in,Democrat,2,2,0,0
Representative in Congress 5th District (DEM),01000000-7906-3232-2119-08deebf6b063,"Ash Township, Precinct 1",Christian Vukasovich,Democrat,210,55,152,3
Representative in Congress 5th District (DEM),01000000-7906-3232-2119-08deebf6b063,"Ash Township, Precinct 1",Write-in,Democrat,0,0,0,0
Representative in Congress 5th District (DEM),01000000-7906-3232-2119-08deebf6b063,"Ash Township, Precinct 2",Christian Vukasovich,Democrat,271,66,195,10
Representative in Congress 5th District (DEM),01000000-7906-3232-2119-08deebf6b063,"Ash Township, Precinct 2",Write-in,Democrat,3,0,3,0
Representative in Congress 5th District (DEM),01000000-7906-3232-2119-08deebf6b063,"Ash Township, Precinct 3",Christian Vukasovich,Democrat,186,53,126,7
Representative in Congress 5th District (DEM),01000000-7906-3232-2119-08deebf6b063,"Ash Township, Precinct 3",Write-in,Democrat,2,1,1,0
Representative in Congress 5th District (DEM),01000000-7906-3232-2119-08deebf6b063,"Bedford Township, Precinct 1",Christian Vukasovich,Democrat,89,23,66,0
Representative in Congress 5th District (DEM),01000000-7906-3232-2119-08deebf6b063,"Bedford Township, Precinct 1",Write-in,Democrat,0,0,0,0
Representative in Congress 5th District (DEM),01000000-7906-3232-2119-08deebf6b063,"Bedford Township, Precinct 2",Christian Vukasovich,Democrat,218,86,125,7
Representative in Congress 5th District (DEM),01000000-7906-3232-2119-08deebf6b063,"Bedford Township, Precinct 2",Write-in,Democrat,0,0,0,0
Representative in Congress 5th District (DEM),01000000-7906-3232-2119-08deebf6b063,"Bedford Township, Precinct 3",Christian Vukasovich,Democrat,174,72,97,5
Representative in Congress 5th District (DEM),01000000-7906-3232-2119-08deebf6b063,"Bedford Township, Precinct 3",Write-in,Democrat,0,0,0,0
Representative in Congress 5th District (DEM),01000000-7906-3232-2119-08deebf6b063,"Bedford Township, Precinct 4",Christian Vukasovich,Democrat,279,93,174,12
Representative in Congress 5th District (DEM),01000000-7906-3232-2119-08deebf6b063,"Bedford Township, Precinct 4",Write-in,Democrat,2,2,0,0
Representative in Congress 5th District (DEM),01000000-7906-3232-2119-08deebf6b063,"Bedford Township, Precinct 5",Christian Vukasovich,Democrat,245,93,137,15
Representative in Congress 5th District (DEM),01000000-7906-3232-2119-08deebf6b063,"Bedford Township, Precinct 5",Write-in,Democrat,1,0,0,1
Representative in Congress 5th District (DEM),01000000-7906-3232-2119-08deebf6b063,"Bedford Township, Precinct 6",Christian Vukasovich,Democrat,319,123,191,5
Representative in Congress 5th District (DEM),01000000-7906-3232-2119-08deebf6b063,"Bedford Township, Precinct 6",Write-in,Democrat,2,2,0,0
Representative in Congress 5th District (DEM),01000000-7906-3232-2119-08deebf6b063,"Bedford Township, Precinct 7",Christian Vukasovich,Democrat,237,65,158,14
Representative in Congress 5th District (DEM),01000000-7906-3232-2119-08deebf6b063,"Bedford Township, Precinct 7",Write-in,Democrat,0,0,0,0
Representative in Congress 5th District (DEM),01000000-7906-3232-2119-08deebf6b063,"Bedford Township, Precinct 8",Christian Vukasovich,Democrat,260,82,168,10
Representative in Congress 5th District (DEM),01000000-7906-3232-2119-08deebf6b063,"Bedford Township, Precinct 8",Write-in,Democrat,0,0,0,0
Representative in Congress 5th District (DEM),01000000-7906-3232-2119-08deebf6b063,"Bedford Township, Precinct 9",Christian Vukasovich,Democrat,165,56,104,5
Representative in Congress 5th District (DEM),01000000-7906-3232-2119-08deebf6b063,"Bedford Township, Precinct 9",Write-in,Democrat,1,1,0,0
Representative in Congress 5th District (DEM),01000000-7906-3232-2119-08deebf6b063,"Bedford Township, Precinct 10",Christian Vukasovich,Democrat,138,46,88,4
Representative in Congress 5th District (DEM),01000000-7906-3232-2119-08deebf6b063,"Bedford Township, Precinct 10",Write-in,Democrat,3,1,2,0
Representative in Congress 5th District (DEM),01000000-7906-3232-2119-08deebf6b063,"Bedford Township, Precinct 11",Christian Vukasovich,Democrat,222,72,141,9
Representative in Congress 5th District (DEM),01000000-7906-3232-2119-08deebf6b063,"Bedford Township, Precinct 11",Write-in,Democrat,1,0,1,0
Representative in Congress 5th District (DEM),01000000-7906-3232-2119-08deebf6b063,"Bedford Township, Precinct 12",Christian Vukasovich,Democrat,237,74,155,8
Representative in Congress 5th District (DEM),01000000-7906-3232-2119-08deebf6b063,"Bedford Township, Precinct 12",Write-in,Democrat,2,0,2,0
Representative in Congress 5th District (DEM),01000000-7906-3232-2119-08deebf6b063,"Bedford Township, Precinct 13",Christian Vukasovich,Democrat,210,84,125,1
Representative in Congress 5th District (DEM),01000000-7906-3232-2119-08deebf6b063,"Bedford Township, Precinct 13",Write-in,Democrat,0,0,0,0
Representative in Congress 5th District (DEM),01000000-7906-3232-2119-08deebf6b063,"Bedford Township, Precinct 14",Christian Vukasovich,Democrat,183,64,112,7
Representative in Congress 5th District (DEM),01000000-7906-3232-2119-08deebf6b063,"Bedford Township, Precinct 14",Write-in,Democrat,1,1,0,0
Representative in Congress 5th District (DEM),01000000-7906-3232-2119-08deebf6b063,"Berlin Township, Precinct 1",Christian Vukasovich,Democrat,198,80,113,5
Representative in Congress 5th District (DEM),01000000-7906-3232-2119-08deebf6b063,"Berlin Township, Precinct 1",Write-in,Democrat,2,0,1,1
Representative in Congress 5th District (DEM),01000000-7906-3232-2119-08deebf6b063,"Berlin Township, Precinct 2",Christian Vukasovich,Democrat,250,62,169,19
Representative in Congress 5th District (DEM),01000000-7906-3232-2119-08deebf6b063,"Berlin Township, Precinct 2",Write-in,Democrat,3,0,2,1
Representative in Congress 5th District (DEM),01000000-7906-3232-2119-08deebf6b063,"Berlin Township, Precinct 3",Christian Vukasovich,Democrat,180,71,103,6
Representative in Congress 5th District (DEM),01000000-7906-3232-2119-08deebf6b063,"Berlin Township, Precinct 3",Write-in,Democrat,0,0,0,0
Representative in Congress 5th District (DEM),01000000-7906-3232-2119-08deebf6b063,"Berlin Township, Precinct 4",Christian Vukasovich,Democrat,262,98,148,16
Representative in Congress 5th District (DEM),01000000-7906-3232-2119-08deebf6b063,"Berlin Township, Precinct 4",Write-in,Democrat,2,1,1,0
Representative in Congress 5th District (DEM),01000000-7906-3232-2119-08deebf6b063,"Dundee Township, Precinct 1",Christian Vukasovich,Democrat,199,194,0,5
Representative in Congress 5th District (DEM),01000000-7906-3232-2119-08deebf6b063,"Dundee Township, Precinct 1",Write-in,Democrat,0,0,0,0
Representative in Congress 5th District (DEM),01000000-7906-3232-2119-08deebf6b063,"Dundee Township, Precinct 2",Christian Vukasovich,Democrat,274,259,0,15
Representative in Congress 5th District (DEM),01000000-7906-3232-2119-08deebf6b063,"Dundee Township, Precinct 2",Write-in,Democrat,3,3,0,0
Representative in Congress 5th District (DEM),01000000-7906-3232-2119-08deebf6b063,"Dundee Township, Precinct 3",Christian Vukasovich,Democrat,316,303,0,13
Representative in Congress 5th District (DEM),01000000-7906-3232-2119-08deebf6b063,"Dundee Township, Precinct 3",Write-in,Democrat,2,2,0,0
Representative in Congress 5th District (DEM),01000000-7906-3232-2119-08deebf6b063,"Erie Township, Precinct 1",Christian Vukasovich,Democrat,330,97,219,14
Representative in Congress 5th District (DEM),01000000-7906-3232-2119-08deebf6b063,"Erie Township, Precinct 1",Write-in,Democrat,2,1,1,0
Representative in Congress 5th District (DEM),01000000-7906-3232-2119-08deebf6b063,"Exeter Township, Precinct 1",Christian Vukasovich,Democrat,148,144,0,4
Representative in Congress 5th District (DEM),01000000-7906-3232-2119-08deebf6b063,"Exeter Township, Precinct 1",Write-in,Democrat,1,1,0,0
Representative in Congress 5th District (DEM),01000000-7906-3232-2119-08deebf6b063,"Exeter Township, Precinct 2",Christian Vukasovich,Democrat,228,215,0,13
Representative in Congress 5th District (DEM),01000000-7906-3232-2119-08deebf6b063,"Exeter Township, Precinct 2",Write-in,Democrat,3,3,0,0
Representative in Congress 5th District (DEM),01000000-7906-3232-2119-08deebf6b063,"Frenchtown Township, Precinct 1",Christian Vukasovich,Democrat,110,28,75,7
Representative in Congress 5th District (DEM),01000000-7906-3232-2119-08deebf6b063,"Frenchtown Township, Precinct 1",Write-in,Democrat,0,0,0,0
Representative in Congress 5th District (DEM),01000000-7906-3232-2119-08deebf6b063,"Frenchtown Township, Precinct 2",Christian Vukasovich,Democrat,138,45,90,3
Representative in Congress 5th District (DEM),01000000-7906-3232-2119-08deebf6b063,"Frenchtown Township, Precinct 2",Write-in,Democrat,2,1,1,0
Representative in Congress 5th District (DEM),01000000-7906-3232-2119-08deebf6b063,"Frenchtown Township, Precinct 3",Christian Vukasovich,Democrat,149,43,100,6
Representative in Congress 5th District (DEM),01000000-7906-3232-2119-08deebf6b063,"Frenchtown Township, Precinct 3",Write-in,Democrat,0,0,0,0
Representative in Congress 5th District (DEM),01000000-7906-3232-2119-08deebf6b063,"Frenchtown Township, Precinct 4",Christian Vukasovich,Democrat,250,50,185,15
Representative in Congress 5th District (DEM),01000000-7906-3232-2119-08deebf6b063,"Frenchtown Township, Precinct 4",Write-in,Democrat,2,0,1,1
Representative in Congress 5th District (DEM),01000000-7906-3232-2119-08deebf6b063,"Frenchtown Township, Precinct 5",Christian Vukasovich,Democrat,162,59,94,9
Representative in Congress 5th District (DEM),01000000-7906-3232-2119-08deebf6b063,"Frenchtown Township, Precinct 5",Write-in,Democrat,4,1,3,0
Representative in Congress 5th District (DEM),01000000-7906-3232-2119-08deebf6b063,"Frenchtown Township, Precinct 6",Christian Vukasovich,Democrat,213,60,147,6
Representative in Congress 5th District (DEM),01000000-7906-3232-2119-08deebf6b063,"Frenchtown Township, Precinct 6",Write-in,Democrat,3,0,2,1
Representative in Congress 5th District (DEM),01000000-7906-3232-2119-08deebf6b063,"Frenchtown Township, Precinct 7",Christian Vukasovich,Democrat,306,79,207,20
Representative in Congress 5th District (DEM),01000000-7906-3232-2119-08deebf6b063,"Frenchtown Township, Precinct 7",Write-in,Democrat,1,0,1,0
Representative in Congress 5th District (DEM),01000000-7906-3232-2119-08deebf6b063,"Frenchtown Township, Precinct 8",Christian Vukasovich,Democrat,171,74,94,3
Representative in Congress 5th District (DEM),01000000-7906-3232-2119-08deebf6b063,"Frenchtown Township, Precinct 8",Write-in,Democrat,1,0,1,0
Representative in Congress 5th District (DEM),01000000-7906-3232-2119-08deebf6b063,"Frenchtown Township, Precinct 9",Christian Vukasovich,Democrat,208,77,126,5
Representative in Congress 5th District (DEM),01000000-7906-3232-2119-08deebf6b063,"Frenchtown Township, Precinct 9",Write-in,Democrat,5,3,2,0
Representative in Congress 5th District (DEM),01000000-7906-3232-2119-08deebf6b063,"Ida Township, Precinct 1",Christian Vukasovich,Democrat,188,75,99,14
Representative in Congress 5th District (DEM),01000000-7906-3232-2119-08deebf6b063,"Ida Township, Precinct 1",Write-in,Democrat,0,0,0,0
Representative in Congress 5th District (DEM),01000000-7906-3232-2119-08deebf6b063,"Ida Township, Precinct 2",Christian Vukasovich,Democrat,192,68,109,15
Representative in Congress 5th District (DEM),01000000-7906-3232-2119-08deebf6b063,"Ida Township, Precinct 2",Write-in,Democrat,0,0,0,0
Representative in Congress 5th District (DEM),01000000-7906-3232-2119-08deebf6b063,"La Salle Township, Precinct 1",Christian Vukasovich,Democrat,175,62,100,13
Representative in Congress 5th District (DEM),01000000-7906-3232-2119-08deebf6b063,"La Salle Township, Precinct 1",Write-in,Democrat,0,0,0,0
Representative in Congress 5th District (DEM),01000000-7906-3232-2119-08deebf6b063,"La Salle Township, Precinct 2",Christian Vukasovich,Democrat,252,76,169,7
Representative in Congress 5th District (DEM),01000000-7906-3232-2119-08deebf6b063,"La Salle Township, Precinct 2",Write-in,Democrat,0,0,0,0
Representative in Congress 5th District (DEM),01000000-7906-3232-2119-08deebf6b063,"London Township, Precinct 1",Christian Vukasovich,Democrat,267,251,0,16
Representative in Congress 5th District (DEM),01000000-7906-3232-2119-08deebf6b063,"London Township, Precinct 1",Write-in,Democrat,4,4,0,0
Representative in Congress 5th District (DEM),01000000-7906-3232-2119-08deebf6b063,"Milan Township, Precinct 1",Christian Vukasovich,Democrat,173,173,0,0
Representative in Congress 5th District (DEM),01000000-7906-3232-2119-08deebf6b063,"Milan Township, Precinct 1",Write-in,Democrat,0,0,0,0
Representative in Congress 5th District (DEM),01000000-7906-3232-2119-08deebf6b063,"Monroe Charter Township, Precinct 1",Christian Vukasovich,Democrat,206,57,140,9
Representative in Congress 5th District (DEM),01000000-7906-3232-2119-08deebf6b063,"Monroe Charter Township, Precinct 1",Write-in,Democrat,2,1,1,0
Representative in Congress 5th District (DEM),01000000-7906-3232-2119-08deebf6b063,"Monroe Charter Township, Precinct 2",Christian Vukasovich,Democrat,127,55,66,6
Representative in Congress 5th District (DEM),01000000-7906-3232-2119-08deebf6b063,"Monroe Charter Township, Precinct 2",Write-in,Democrat,1,1,0,0
Representative in Congress 5th District (DEM),01000000-7906-3232-2119-08deebf6b063,"Monroe Charter Township, Precinct 3",Christian Vukasovich,Democrat,145,36,98,11
Representative in Congress 5th District (DEM),01000000-7906-3232-2119-08deebf6b063,"Monroe Charter Township, Precinct 3",Write-in,Democrat,3,2,0,1
Representative in Congress 5th District (DEM),01000000-7906-3232-2119-08deebf6b063,"Monroe Charter Township, Precinct 4",Christian Vukasovich,Democrat,230,83,140,7
Representative in Congress 5th District (DEM),01000000-7906-3232-2119-08deebf6b063,"Monroe Charter Township, Precinct 4",Write-in,Democrat,2,2,0,0
Representative in Congress 5th District (DEM),01000000-7906-3232-2119-08deebf6b063,"Monroe Charter Township, Precinct 5",Christian Vukasovich,Democrat,281,82,183,16
Representative in Congress 5th District (DEM),01000000-7906-3232-2119-08deebf6b063,"Monroe Charter Township, Precinct 5",Write-in,Democrat,3,1,2,0
Representative in Congress 5th District (DEM),01000000-7906-3232-2119-08deebf6b063,"Monroe Charter Township, Precinct 6",Christian Vukasovich,Democrat,178,63,110,5
Representative in Congress 5th District (DEM),01000000-7906-3232-2119-08deebf6b063,"Monroe Charter Township, Precinct 6",Write-in,Democrat,0,0,0,0
Representative in Congress 5th District (DEM),01000000-7906-3232-2119-08deebf6b063,"Raisinville Township, Precinct 1",Christian Vukasovich,Democrat,238,56,176,6
Representative in Congress 5th District (DEM),01000000-7906-3232-2119-08deebf6b063,"Raisinville Township, Precinct 1",Write-in,Democrat,2,1,1,0
Representative in Congress 5th District (DEM),01000000-7906-3232-2119-08deebf6b063,"Raisinville Township, Precinct 2",Christian Vukasovich,Democrat,328,87,231,10
Representative in Congress 5th District (DEM),01000000-7906-3232-2119-08deebf6b063,"Raisinville Township, Precinct 2",Write-in,Democrat,0,0,0,0
Representative in Congress 5th District (DEM),01000000-7906-3232-2119-08deebf6b063,"Summerfield Township, Precinct 1",Christian Vukasovich,Democrat,229,147,71,11
Representative in Congress 5th District (DEM),01000000-7906-3232-2119-08deebf6b063,"Summerfield Township, Precinct 1",Write-in,Democrat,1,0,1,0
Representative in Congress 5th District (DEM),01000000-7906-3232-2119-08deebf6b063,"Whiteford Township, Precinct 1",Christian Vukasovich,Democrat,175,55,100,20
Representative in Congress 5th District (DEM),01000000-7906-3232-2119-08deebf6b063,"Whiteford Township, Precinct 1",Write-in,Democrat,2,2,0,0
Representative in Congress 5th District (DEM),01000000-7906-3232-2119-08deebf6b063,"Whiteford Township, Precinct 2",Christian Vukasovich,Democrat,105,37,54,14
Representative in Congress 5th District (DEM),01000000-7906-3232-2119-08deebf6b063,"Whiteford Township, Precinct 2",Write-in,Democrat,1,1,0,0
"Delegate to County Convention for Dundee Township, Precinct 1 (DEM)",01000000-7906-3232-32fc-08deebf6b063,"Dundee Township, Precinct 1",Patricia Dempsey,Democrat,148,144,0,4
"Delegate to County Convention for Dundee Township, Precinct 1 (DEM)",01000000-7906-3232-32fc-08deebf6b063,"Dundee Township, Precinct 1",Linda A. Gram,Democrat,133,132,0,1
"Delegate to County Convention for Dundee Township, Precinct 1 (DEM)",01000000-7906-3232-32fc-08deebf6b063,"Dundee Township, Precinct 1",Write-in,Democrat,0,0,0,0
Representative in Congress 6th District (DEM),01000000-7906-3232-219c-08deebf6b063,City of Milan (Out of County),Debbie Dingell,Democrat,343,326,0,17
Representative in Congress 6th District (DEM),01000000-7906-3232-219c-08deebf6b063,City of Milan (Out of County),Write-in,Democrat,4,4,0,0
"Delegate to County Convention for City of Monroe, Precinct 1 (DEM)",01000000-7906-3232-27ea-08deebf6b063,"City of Monroe, Precinct 1",Thomas Mario Ciacelli,Democrat,176,46,122,8
"Delegate to County Convention for City of Monroe, Precinct 1 (DEM)",01000000-7906-3232-27ea-08deebf6b063,"City of Monroe, Precinct 1",Michael Hayter,Democrat,217,58,149,10
"Delegate to County Convention for City of Monroe, Precinct 1 (DEM)",01000000-7906-3232-27ea-08deebf6b063,"City of Monroe, Precinct 1",Write-in,Democrat,7,1,1,5
"Delegate to County Convention for Monroe Township, Precinct 2 (DEM)",01000000-7906-3232-3dc0-08deebf6b063,"Monroe Charter Township, Precinct 2",Write-in,Democrat,35,10,24,1
"Delegate to County Convention for Monroe Township, Precinct 5 (DEM)",01000000-7906-3232-3f17-08deebf6b063,"Monroe Charter Township, Precinct 5",Paula Jeanne Ochs,Democrat,211,40,157,14
"Delegate to County Convention for Monroe Township, Precinct 5 (DEM)",01000000-7906-3232-3f17-08deebf6b063,"Monroe Charter Township, Precinct 5",Rollin Carl Webb,Democrat,172,31,132,9
"Delegate to County Convention for Monroe Township, Precinct 5 (DEM)",01000000-7906-3232-3f17-08deebf6b063,"Monroe Charter Township, Precinct 5",Write-in,Democrat,8,0,8,0
"Delegate to County Convention for Bedford Township, Precinct 6 (REP)",01000000-7906-3232-5222-08deebf6b063,"Bedford Township, Precinct 6",Terrence G. Kolton,Republican,218,100,108,10
"Delegate to County Convention for Bedford Township, Precinct 6 (REP)",01000000-7906-3232-5222-08deebf6b063,"Bedford Township, Precinct 6",Vicki L. Kolton,Republican,190,79,99,12
"Delegate to County Convention for Bedford Township, Precinct 6 (REP)",01000000-7906-3232-5222-08deebf6b063,"Bedford Township, Precinct 6",Write-in,Republican,0,0,0,0
"Delegate to County Convention for Raisinville Township, Precinct 1 (DEM)",01000000-7906-3232-4020-08deebf6b063,"Raisinville Township, Precinct 1",Write-in,Democrat,26,1,25,0
"Delegate to County Convention for Bedford Township, Precinct 6 (DEM)",01000000-7906-3232-2e3a-08deebf6b063,"Bedford Township, Precinct 6",Write-in,Democrat,29,9,20,0
"Delegate to County Convention for Frenchtown Township, Precinct 7 (DEM)",01000000-7906-3232-392a-08deebf6b063,"Frenchtown Township, Precinct 7",Jeffery Albergo,Democrat,189,39,141,9
"Delegate to County Convention for Frenchtown Township, Precinct 7 (DEM)",01000000-7906-3232-392a-08deebf6b063,"Frenchtown Township, Precinct 7",Denise D. Brooks,Democrat,229,49,167,13
"Delegate to County Convention for Frenchtown Township, Precinct 7 (DEM)",01000000-7906-3232-392a-08deebf6b063,"Frenchtown Township, Precinct 7",Jamie Longenbarger,Democrat,186,39,139,8
"Delegate to County Convention for Frenchtown Township, Precinct 7 (DEM)",01000000-7906-3232-392a-08deebf6b063,"Frenchtown Township, Precinct 7",Traci Longenbarger,Democrat,193,41,142,10
"Delegate to County Convention for Frenchtown Township, Precinct 7 (DEM)",01000000-7906-3232-392a-08deebf6b063,"Frenchtown Township, Precinct 7",Write-in,Democrat,6,3,3,0
"Delegate to County Convention for Ash Township, Precinct 3 (REP)",01000000-7906-3232-4a9c-08deebf6b063,"Ash Township, Precinct 3",Jeffrey Barks,Republican,259,105,143,11
"Delegate to County Convention for Ash Township, Precinct 3 (REP)",01000000-7906-3232-4a9c-08deebf6b063,"Ash Township, Precinct 3",Write-in,Republican,3,3,0,0
Ida Township Supervisor Partial Term Ending 11/20/2028 (REP),01000000-7906-3232-485e-08deebf6b063,"Ida Township, Precinct 1",Mark A. Metz,Republican,295,158,124,13
Ida Township Supervisor Partial Term Ending 11/20/2028 (REP),01000000-7906-3232-485e-08deebf6b063,"Ida Township, Precinct 1",Write-in,Republican,0,0,0,0
Ida Township Supervisor Partial Term Ending 11/20/2028 (REP),01000000-7906-3232-485e-08deebf6b063,"Ida Township, Precinct 2",Mark A. Metz,Republican,247,124,114,9
Ida Township Supervisor Partial Term Ending 11/20/2028 (REP),01000000-7906-3232-485e-08deebf6b063,"Ida Township, Precinct 2",Write-in,Republican,2,1,0,1
"Delegate to County Convention for Monroe Township, Precinct 3 (DEM)",01000000-7906-3232-3e16-08deebf6b063,"Monroe Charter Township, Precinct 3",Lisa Anneberg,Democrat,118,25,87,6
"Delegate to County Convention for Monroe Township, Precinct 3 (DEM)",01000000-7906-3232-3e16-08deebf6b063,"Monroe Charter Township, Precinct 3",Joshua E. Mason,Democrat,92,22,64,6
"Delegate to County Convention for Monroe Township, Precinct 3 (DEM)",01000000-7906-3232-3e16-08deebf6b063,"Monroe Charter Township, Precinct 3",Write-in,Democrat,3,1,1,1
"Delegate to County Convention for Bedford Township, Precinct 3 (DEM)",01000000-7906-3232-2cde-08deebf6b063,"Bedford Township, Precinct 3",Pamela Hess,Democrat,128,51,74,3
"Delegate to County Convention for Bedford Township, Precinct 3 (DEM)",01000000-7906-3232-2cde-08deebf6b063,"Bedford Township, Precinct 3",Justin McCullough,Democrat,123,51,69,3
"Delegate to County Convention for Bedford Township, Precinct 3 (DEM)",01000000-7906-3232-2cde-08deebf6b063,"Bedford Township, Precinct 3",Cynthia Vincent,Democrat,112,44,66,2
"Delegate to County Convention for Bedford Township, Precinct 3 (DEM)",01000000-7906-3232-2cde-08deebf6b063,"Bedford Township, Precinct 3",Write-in,Democrat,1,1,0,0
"Delegate to County Convention for London Township, Precinct 1 (DEM)",01000000-7906-3232-3c68-08deebf6b063,"London Township, Precinct 1",Amber Haag,Democrat,230,211,0,19
"Delegate to County Convention for London Township, Precinct 1 (DEM)",01000000-7906-3232-3c68-08deebf6b063,"London Township, Precinct 1",Starlynne Haag,Democrat,192,179,0,13
"Delegate to County Convention for London Township, Precinct 1 (DEM)",01000000-7906-3232-3c68-08deebf6b063,"London Township, Precinct 1",Write-in,Democrat,3,3,0,0
Monroe Charter Township Fire Department Millage Proposal,01000000-7906-3232-6b26-08deebf6b063,"Monroe Charter Township, Precinct 1",Yes,,243,74,159,10
Monroe Charter Township Fire Department Millage Proposal,01000000-7906-3232-6b26-08deebf6b063,"Monroe Charter Township, Precinct 1",No,,98,35,58,5
Monroe Charter Township Fire Department Millage Proposal,01000000-7906-3232-6b26-08deebf6b063,"Monroe Charter Township, Precinct 2",Yes,,165,64,93,8
Monroe Charter Township Fire Department Millage Proposal,01000000-7906-3232-6b26-08deebf6b063,"Monroe Charter Township, Precinct 2",No,,64,22,39,3
Monroe Charter Township Fire Department Millage Proposal,01000000-7906-3232-6b26-08deebf6b063,"Monroe Charter Township, Precinct 3",Yes,,224,86,126,12
Monroe Charter Township Fire Department Millage Proposal,01000000-7906-3232-6b26-08deebf6b063,"Monroe Charter Township, Precinct 3",No,,114,47,61,6
Monroe Charter Township Fire Department Millage Proposal,01000000-7906-3232-6b26-08deebf6b063,"Monroe Charter Township, Precinct 4",Yes,,334,127,196,11
Monroe Charter Township Fire Department Millage Proposal,01000000-7906-3232-6b26-08deebf6b063,"Monroe Charter Township, Precinct 4",No,,119,52,63,4
Monroe Charter Township Fire Department Millage Proposal,01000000-7906-3232-6b26-08deebf6b063,"Monroe Charter Township, Precinct 5",Yes,,430,139,271,20
Monroe Charter Township Fire Department Millage Proposal,01000000-7906-3232-6b26-08deebf6b063,"Monroe Charter Township, Precinct 5",No,,231,84,130,17
Monroe Charter Township Fire Department Millage Proposal,01000000-7906-3232-6b26-08deebf6b063,"Monroe Charter Township, Precinct 6",Yes,,309,114,187,8
Monroe Charter Township Fire Department Millage Proposal,01000000-7906-3232-6b26-08deebf6b063,"Monroe Charter Township, Precinct 6",No,,155,42,101,12
"Delegate to County Convention for City of Monroe, Precinct 5 (REP)",01000000-7906-3232-4dd0-08deebf6b063,"City of Monroe, Precinct 5",Gary Jenkins,Republican,220,91,118,11
"Delegate to County Convention for City of Monroe, Precinct 5 (REP)",01000000-7906-3232-4dd0-08deebf6b063,"City of Monroe, Precinct 5",Carol Ratz,Republican,147,59,80,8
"Delegate to County Convention for City of Monroe, Precinct 5 (REP)",01000000-7906-3232-4dd0-08deebf6b063,"City of Monroe, Precinct 5",Write-in,Republican,13,8,4,1
"Delegate to County Convention for Bedford Township, Precinct 10 (REP)",01000000-7906-3232-53c4-08deebf6b063,"Bedford Township, Precinct 10",Write-in,Republican,2,2,0,0
"Delegate to County Convention for Dundee Township, Precinct 3 (DEM)",01000000-7906-3232-3449-08deebf6b063,"Dundee Township, Precinct 3",Dana Brown,Democrat,220,212,0,8
"Delegate to County Convention for Dundee Township, Precinct 3 (DEM)",01000000-7906-3232-3449-08deebf6b063,"Dundee Township, Precinct 3",Sara A. Burg,Democrat,211,202,0,9
"Delegate to County Convention for Dundee Township, Precinct 3 (DEM)",01000000-7906-3232-3449-08deebf6b063,"Dundee Township, Precinct 3",Brian Middleton,Democrat,199,192,0,7
"Delegate to County Convention for Dundee Township, Precinct 3 (DEM)",01000000-7906-3232-3449-08deebf6b063,"Dundee Township, Precinct 3",Barbara L. Ramsey,Democrat,206,197,0,9
"Delegate to County Convention for Dundee Township, Precinct 3 (DEM)",01000000-7906-3232-3449-08deebf6b063,"Dundee Township, Precinct 3",Bonnie Weber,Democrat,218,209,0,9
"Delegate to County Convention for Dundee Township, Precinct 3 (DEM)",01000000-7906-3232-3449-08deebf6b063,"Dundee Township, Precinct 3",Write-in,Democrat,7,7,0,0
"Delegate to County Convention for Berlin Township, Precinct 3 (DEM)",01000000-7906-3232-3237-08deebf6b063,"Berlin Township, Precinct 3",Write-in,Democrat,29,13,15,1
"Delegate to County Convention for Dundee Township, Precinct 3 (REP)",01000000-7906-3232-58bb-08deebf6b063,"Dundee Township, Precinct 3",Karen L. Lewis,Republican,159,156,0,3
"Delegate to County Convention for Dundee Township, Precinct 3 (REP)",01000000-7906-3232-58bb-08deebf6b063,"Dundee Township, Precinct 3",Roger D. Lewis,Republican,187,184,0,3
"Delegate to County Convention for Dundee Township, Precinct 3 (REP)",01000000-7906-3232-58bb-08deebf6b063,"Dundee Township, Precinct 3",Laura M. Perry,Republican,251,242,0,9
"Delegate to County Convention for Dundee Township, Precinct 3 (REP)",01000000-7906-3232-58bb-08deebf6b063,"Dundee Township, Precinct 3",Write-in,Republican,5,5,0,0
"Delegate to County Convention for Dundee Township, Precinct 3 (REP)",01000000-7906-3232-58bb-08deebf6b063,"Dundee Township, Precinct 3",Steven Hill,Republican,2,2,0,0
"Delegate to County Convention for Whiteford Township, Precinct 2 (DEM)",01000000-7906-3232-4208-08deebf6b063,"Whiteford Township, Precinct 2",Write-in,Democrat,18,5,12,1
"Delegate to County Convention for Frenchtown Township, Precinct 4 (REP)",01000000-7906-3232-5cd6-08deebf6b063,"Frenchtown Township, Precinct 4",Georgiana VanHusen,Republican,166,38,124,4
"Delegate to County Convention for Frenchtown Township, Precinct 4 (REP)",01000000-7906-3232-5cd6-08deebf6b063,"Frenchtown Township, Precinct 4","Henry G. Werner, Jr.",Republican,182,40,132,10
"Delegate to County Convention for Frenchtown Township, Precinct 4 (REP)",01000000-7906-3232-5cd6-08deebf6b063,"Frenchtown Township, Precinct 4",Write-in,Republican,3,0,3,0
"Delegate to County Convention for Ash Township, Precinct 3 (DEM)",01000000-7906-3232-2728-08deebf6b063,"Ash Township, Precinct 3",Write-in,Democrat,28,20,8,0
Representative in State Legislature 30th District (REP),01000000-7906-3232-46bc-08deebf6b063,"City of Luna Pier, Precinct 1",William Bruck,Republican,106,105,0,1
Representative in State Legislature 30th District (REP),01000000-7906-3232-46bc-08deebf6b063,"City of Luna Pier, Precinct 1",Write-in,Republican,0,0,0,0
Representative in State Legislature 30th District (REP),01000000-7906-3232-46bc-08deebf6b063,"City of Monroe, Precinct 1",William Bruck,Republican,191,61,119,11
Representative in State Legislature 30th District (REP),01000000-7906-3232-46bc-08deebf6b063,"City of Monroe, Precinct 1",Write-in,Republican,0,0,0,0
Representative in State Legislature 30th District (REP),01000000-7906-3232-46bc-08deebf6b063,"City of Monroe, Precinct 2",William Bruck,Republican,134,70,56,8
Representative in State Legislature 30th District (REP),01000000-7906-3232-46bc-08deebf6b063,"City of Monroe, Precinct 2",Write-in,Republican,0,0,0,0
Representative in State Legislature 30th District (REP),01000000-7906-3232-46bc-08deebf6b063,"City of Monroe, Precinct 3N",William Bruck,Republican,74,41,30,3
Representative in State Legislature 30th District (REP),01000000-7906-3232-46bc-08deebf6b063,"City of Monroe, Precinct 3N",Write-in,Republican,1,1,0,0
Representative in State Legislature 30th District (REP),01000000-7906-3232-46bc-08deebf6b063,"City of Monroe, Precinct 3S",William Bruck,Republican,51,21,27,3
Representative in State Legislature 30th District (REP),01000000-7906-3232-46bc-08deebf6b063,"City of Monroe, Precinct 3S",Write-in,Republican,1,1,0,0
Representative in State Legislature 30th District (REP),01000000-7906-3232-46bc-08deebf6b063,"City of Monroe, Precinct 4",William Bruck,Republican,278,126,137,15
Representative in State Legislature 30th District (REP),01000000-7906-3232-46bc-08deebf6b063,"City of Monroe, Precinct 4",Write-in,Republican,1,1,0,0
Representative in State Legislature 30th District (REP),01000000-7906-3232-46bc-08deebf6b063,"City of Monroe, Precinct 5",William Bruck,Republican,291,122,152,17
Representative in State Legislature 30th District (REP),01000000-7906-3232-46bc-08deebf6b063,"City of Monroe, Precinct 5",Write-in,Republican,2,2,0,0
Representative in State Legislature 30th District (REP),01000000-7906-3232-46bc-08deebf6b063,"City of Petersburg, Precinct 1",William Bruck,Republican,89,77,0,12
Representative in State Legislature 30th District (REP),01000000-7906-3232-46bc-08deebf6b063,"City of Petersburg, Precinct 1",Write-in,Republican,0,0,0,0
Representative in State Legislature 30th District (REP),01000000-7906-3232-46bc-08deebf6b063,"Bedford Township, Precinct 1",William Bruck,Republican,116,59,55,2
Representative in State Legislature 30th District (REP),01000000-7906-3232-46bc-08deebf6b063,"Bedford Township, Precinct 1",Write-in,Republican,1,1,0,0
Representative in State Legislature 30th District (REP),01000000-7906-3232-46bc-08deebf6b063,"Bedford Township, Precinct 2",William Bruck,Republican,240,127,104,9
Representative in State Legislature 30th District (REP),01000000-7906-3232-46bc-08deebf6b063,"Bedford Township, Precinct 2",Write-in,Republican,0,0,0,0
Representative in State Legislature 30th District (REP),01000000-7906-3232-46bc-08deebf6b063,"Bedford Township, Precinct 3",William Bruck,Republican,210,121,80,9
Representative in State Legislature 30th District (REP),01000000-7906-3232-46bc-08deebf6b063,"Bedford Township, Precinct 3",Write-in,Republican,1,0,0,1
Representative in State Legislature 30th District (REP),01000000-7906-3232-46bc-08deebf6b063,"Bedford Township, Precinct 4",William Bruck,Republican,265,106,141,18
Representative in State Legislature 30th District (REP),01000000-7906-3232-46bc-08deebf6b063,"Bedford Township, Precinct 4",Write-in,Republican,3,0,3,0
Representative in State Legislature 30th District (REP),01000000-7906-3232-46bc-08deebf6b063,"Bedford Township, Precinct 5",William Bruck,Republican,183,81,94,8
Representative in State Legislature 30th District (REP),01000000-7906-3232-46bc-08deebf6b063,"Bedford Township, Precinct 5",Write-in,Republican,1,0,1,0
Representative in State Legislature 30th District (REP),01000000-7906-3232-46bc-08deebf6b063,"Bedford Township, Precinct 6",William Bruck,Republican,281,139,129,13
Representative in State Legislature 30th District (REP),01000000-7906-3232-46bc-08deebf6b063,"Bedford Township, Precinct 6",Write-in,Republican,0,0,0,0
Representative in State Legislature 30th District (REP),01000000-7906-3232-46bc-08deebf6b063,"Bedford Township, Precinct 7",William Bruck,Republican,235,111,116,8
Representative in State Legislature 30th District (REP),01000000-7906-3232-46bc-08deebf6b063,"Bedford Township, Precinct 7",Write-in,Republican,0,0,0,0
Representative in State Legislature 30th District (REP),01000000-7906-3232-46bc-08deebf6b063,"Bedford Township, Precinct 8",William Bruck,Republican,281,128,146,7
Representative in State Legislature 30th District (REP),01000000-7906-3232-46bc-08deebf6b063,"Bedford Township, Precinct 8",Write-in,Republican,1,0,1,0
Representative in State Legislature 30th District (REP),01000000-7906-3232-46bc-08deebf6b063,"Bedford Township, Precinct 9",William Bruck,Republican,170,85,80,5
Representative in State Legislature 30th District (REP),01000000-7906-3232-46bc-08deebf6b063,"Bedford Township, Precinct 9",Write-in,Republican,1,1,0,0
Representative in State Legislature 30th District (REP),01000000-7906-3232-46bc-08deebf6b063,"Bedford Township, Precinct 10",William Bruck,Republican,144,79,55,10
Representative in State Legislature 30th District (REP),01000000-7906-3232-46bc-08deebf6b063,"Bedford Township, Precinct 10",Write-in,Republican,0,0,0,0
Representative in State Legislature 30th District (REP),01000000-7906-3232-46bc-08deebf6b063,"Bedford Township, Precinct 11",William Bruck,Republican,254,121,123,10
Representative in State Legislature 30th District (REP),01000000-7906-3232-46bc-08deebf6b063,"Bedford Township, Precinct 11",Write-in,Republican,1,0,1,0
Representative in State Legislature 30th District (REP),01000000-7906-3232-46bc-08deebf6b063,"Bedford Township, Precinct 12",William Bruck,Republican,211,98,109,4
Representative in State Legislature 30th District (REP),01000000-7906-3232-46bc-08deebf6b063,"Bedford Township, Precinct 12",Write-in,Republican,1,0,1,0
Representative in State Legislature 30th District (REP),01000000-7906-3232-46bc-08deebf6b063,"Bedford Township, Precinct 13",William Bruck,Republican,217,108,96,13
Representative in State Legislature 30th District (REP),01000000-7906-3232-46bc-08deebf6b063,"Bedford Township, Precinct 13",Write-in,Republican,1,1,0,0
Representative in State Legislature 30th District (REP),01000000-7906-3232-46bc-08deebf6b063,"Bedford Township, Precinct 14",William Bruck,Republican,128,62,63,3
Representative in State Legislature 30th District (REP),01000000-7906-3232-46bc-08deebf6b063,"Bedford Township, Precinct 14",Write-in,Republican,0,0,0,0
Representative in State Legislature 30th District (REP),01000000-7906-3232-46bc-08deebf6b063,"Erie Township, Precinct 1",William Bruck,Republican,447,207,218,22
Representative in State Legislature 30th District (REP),01000000-7906-3232-46bc-08deebf6b063,"Erie Township, Precinct 1",Write-in,Republican,1,1,0,0
Representative in State Legislature 30th District (REP),01000000-7906-3232-46bc-08deebf6b063,"Frenchtown Township, Precinct 6",William Bruck,Republican,278,145,114,19
Representative in State Legislature 30th District (REP),01000000-7906-3232-46bc-08deebf6b063,"Frenchtown Township, Precinct 6",Write-in,Republican,4,2,1,1
Representative in State Legislature 30th District (REP),01000000-7906-3232-46bc-08deebf6b063,"Frenchtown Township, Precinct 7",William Bruck,Republican,2,0,2,0
Representative in State Legislature 30th District (REP),01000000-7906-3232-46bc-08deebf6b063,"Frenchtown Township, Precinct 7",Write-in,Republican,0,0,0,0
Representative in State Legislature 30th District (REP),01000000-7906-3232-46bc-08deebf6b063,"Ida Township, Precinct 1",William Bruck,Republican,315,167,131,17
Representative in State Legislature 30th District (REP),01000000-7906-3232-46bc-08deebf6b063,"Ida Township, Precinct 1",Write-in,Republican,0,0,0,0
Representative in State Legislature 30th District (REP),01000000-7906-3232-46bc-08deebf6b063,"Ida Township, Precinct 2",William Bruck,Republican,277,137,129,11
Representative in State Legislature 30th District (REP),01000000-7906-3232-46bc-08deebf6b063,"Ida Township, Precinct 2",Write-in,Republican,0,0,0,0
Representative in State Legislature 30th District (REP),01000000-7906-3232-46bc-08deebf6b063,"La Salle Township, Precinct 1",William Bruck,Republican,265,140,110,15
Representative in State Legislature 30th District (REP),01000000-7906-3232-46bc-08deebf6b063,"La Salle Township, Precinct 1",Write-in,Republican,1,1,0,0
Representative in State Legislature 30th District (REP),01000000-7906-3232-46bc-08deebf6b063,"La Salle Township, Precinct 2",William Bruck,Republican,342,151,171,20
Representative in State Legislature 30th District (REP),01000000-7906-3232-46bc-08deebf6b063,"La Salle Township, Precinct 2",Write-in,Republican,1,1,0,0
Representative in State Legislature 30th District (REP),01000000-7906-3232-46bc-08deebf6b063,"Monroe Charter Township, Precinct 1",William Bruck,Republican,163,71,86,6
Representative in State Legislature 30th District (REP),01000000-7906-3232-46bc-08deebf6b063,"Monroe Charter Township, Precinct 1",Write-in,Republican,0,0,0,0
Representative in State Legislature 30th District (REP),01000000-7906-3232-46bc-08deebf6b063,"Monroe Charter Township, Precinct 2",William Bruck,Republican,88,35,48,5
Representative in State Legislature 30th District (REP),01000000-7906-3232-46bc-08deebf6b063,"Monroe Charter Township, Precinct 2",Write-in,Republican,0,0,0,0
Representative in State Legislature 30th District (REP),01000000-7906-3232-46bc-08deebf6b063,"Monroe Charter Township, Precinct 3",William Bruck,Republican,183,86,91,6
Representative in State Legislature 30th District (REP),01000000-7906-3232-46bc-08deebf6b063,"Monroe Charter Township, Precinct 3",Write-in,Republican,0,0,0,0
Representative in State Legislature 30th District (REP),01000000-7906-3232-46bc-08deebf6b063,"Monroe Charter Township, Precinct 4",William Bruck,Republican,223,96,118,9
Representative in State Legislature 30th District (REP),01000000-7906-3232-46bc-08deebf6b063,"Monroe Charter Township, Precinct 4",Write-in,Republican,1,1,0,0
Representative in State Legislature 30th District (REP),01000000-7906-3232-46bc-08deebf6b063,"Monroe Charter Township, Precinct 5",William Bruck,Republican,387,160,205,22
Representative in State Legislature 30th District (REP),01000000-7906-3232-46bc-08deebf6b063,"Monroe Charter Township, Precinct 5",Write-in,Republican,0,0,0,0
Representative in State Legislature 30th District (REP),01000000-7906-3232-46bc-08deebf6b063,"Monroe Charter Township, Precinct 6",William Bruck,Republican,271,89,172,10
Representative in State Legislature 30th District (REP),01000000-7906-3232-46bc-08deebf6b063,"Monroe Charter Township, Precinct 6",Write-in,Republican,1,1,0,0
Representative in State Legislature 30th District (REP),01000000-7906-3232-46bc-08deebf6b063,"Summerfield Township, Precinct 1",William Bruck,Republican,356,161,183,12
Representative in State Legislature 30th District (REP),01000000-7906-3232-46bc-08deebf6b063,"Summerfield Township, Precinct 1",Write-in,Republican,0,0,0,0
Representative in State Legislature 30th District (REP),01000000-7906-3232-46bc-08deebf6b063,"Whiteford Township, Precinct 1",William Bruck,Republican,248,113,103,32
Representative in State Legislature 30th District (REP),01000000-7906-3232-46bc-08deebf6b063,"Whiteford Township, Precinct 1",Write-in,Republican,3,3,0,0
Representative in State Legislature 30th District (REP),01000000-7906-3232-46bc-08deebf6b063,"Whiteford Township, Precinct 2",William Bruck,Republican,259,135,98,26
Representative in State Legislature 30th District (REP),01000000-7906-3232-46bc-08deebf6b063,"Whiteford Township, Precinct 2",Write-in,Republican,1,0,1,0
"Delegate to County Convention for Frenchtown Township, Precinct 3 (REP)",01000000-7906-3232-5c36-08deebf6b063,"Frenchtown Township, Precinct 3",Michael Bradford,Republican,179,86,85,8
"Delegate to County Convention for Frenchtown Township, Precinct 3 (REP)",01000000-7906-3232-5c36-08deebf6b063,"Frenchtown Township, Precinct 3",Rachel Bradford ,Republican,159,74,81,4
"Delegate to County Convention for Frenchtown Township, Precinct 3 (REP)",01000000-7906-3232-5c36-08deebf6b063,"Frenchtown Township, Precinct 3",Write-in,Republican,3,1,2,0
"Delegate to County Convention for Frenchtown Township, Precinct 2 (REP)",01000000-7906-3232-5b9d-08deebf6b063,"Frenchtown Township, Precinct 2",Bill B. Dozier,Republican,110,58,47,5
"Delegate to County Convention for Frenchtown Township, Precinct 2 (REP)",01000000-7906-3232-5b9d-08deebf6b063,"Frenchtown Township, Precinct 2",Brittany Webb,Republican,122,59,57,6
"Delegate to County Convention for Frenchtown Township, Precinct 2 (REP)",01000000-7906-3232-5b9d-08deebf6b063,"Frenchtown Township, Precinct 2",Write-in,Republican,2,2,0,0
"Delegate to County Convention for Frenchtown Township, Precinct 2 (REP)",01000000-7906-3232-5b9d-08deebf6b063,"Frenchtown Township, Precinct 2",Christopher Edward Collins,Republican,2,2,0,0
"Delegate to County Convention for Raisinville Township, Precinct 1 (REP)",01000000-7906-3232-6685-08deebf6b063,"Raisinville Township, Precinct 1",Dale E. Biniecki,Republican,368,144,208,16
"Delegate to County Convention for Raisinville Township, Precinct 1 (REP)",01000000-7906-3232-6685-08deebf6b063,"Raisinville Township, Precinct 1",Reda D. Biniecki,Republican,253,82,159,12
"Delegate to County Convention for Raisinville Township, Precinct 1 (REP)",01000000-7906-3232-6685-08deebf6b063,"Raisinville Township, Precinct 1",Matthew Petree,Republican,249,85,153,11
"Delegate to County Convention for Raisinville Township, Precinct 1 (REP)",01000000-7906-3232-6685-08deebf6b063,"Raisinville Township, Precinct 1",Write-in,Republican,5,3,2,0
"Delegate to County Convention for Raisinville Township, Precinct 1 (REP)",01000000-7906-3232-6685-08deebf6b063,"Raisinville Township, Precinct 1",Richard Steckmeyer,Republican,2,1,1,0
"Delegate to County Convention for City of Monroe, Precinct 1 (REP)",01000000-7906-3232-4b63-08deebf6b063,"City of Monroe, Precinct 1",James Geiermann,Republican,136,46,83,7
"Delegate to County Convention for City of Monroe, Precinct 1 (REP)",01000000-7906-3232-4b63-08deebf6b063,"City of Monroe, Precinct 1",Karen Sergison,Republican,97,25,66,6
"Delegate to County Convention for City of Monroe, Precinct 1 (REP)",01000000-7906-3232-4b63-08deebf6b063,"City of Monroe, Precinct 1",Write-in,Republican,1,1,0,0
"Delegate to County Convention for City of Monroe, Precinct 1 (REP)",01000000-7906-3232-4b63-08deebf6b063,"City of Monroe, Precinct 1",Kenny Dale Jackson,Republican,1,1,0,0
"Delegate to County Convention for Monroe Township, Precinct 2 (REP)",01000000-7906-3232-63c8-08deebf6b063,"Monroe Charter Township, Precinct 2",Write-in,Republican,11,3,8,0
"Delegate to County Convention for City of Monroe, Precinct 2 (REP)",01000000-7906-3232-4bfa-08deebf6b063,"City of Monroe, Precinct 2",Charles J. Barger,Republican,106,54,45,7
"Delegate to County Convention for City of Monroe, Precinct 2 (REP)",01000000-7906-3232-4bfa-08deebf6b063,"City of Monroe, Precinct 2",Linda S. Barger,Republican,88,44,39,5
"Delegate to County Convention for City of Monroe, Precinct 2 (REP)",01000000-7906-3232-4bfa-08deebf6b063,"City of Monroe, Precinct 2",Write-in,Republican,0,0,0,0
"Delegate to County Convention for Erie Township, Precinct 1 (REP)",01000000-7906-3232-5977-08deebf6b063,"Erie Township, Precinct 1",Richard Zubkoff,Republican,368,154,197,17
"Delegate to County Convention for Erie Township, Precinct 1 (REP)",01000000-7906-3232-5977-08deebf6b063,"Erie Township, Precinct 1",Write-in,Republican,4,2,2,0
"Delegate to County Convention for Monroe Township, Precinct 5 (REP)",01000000-7906-3232-654d-08deebf6b063,"Monroe Charter Township, Precinct 5",Mistie Murphy,Republican,186,61,117,8
"Delegate to County Convention for Monroe Township, Precinct 5 (REP)",01000000-7906-3232-654d-08deebf6b063,"Monroe Charter Township, Precinct 5",Darla Myers,Republican,175,60,104,11
"Delegate to County Convention for Monroe Township, Precinct 5 (REP)",01000000-7906-3232-654d-08deebf6b063,"Monroe Charter Township, Precinct 5",Patricia A. Nadeau,Republican,216,76,131,9
"Delegate to County Convention for Monroe Township, Precinct 5 (REP)",01000000-7906-3232-654d-08deebf6b063,"Monroe Charter Township, Precinct 5",Write-in,Republican,3,2,1,0
"Delegate to County Convention for Raisinville Township, Precinct 2 (REP)",01000000-7906-3232-674a-08deebf6b063,"Raisinville Township, Precinct 2",Joshua Owen Wolfenbarger,Republican,338,141,184,13
"Delegate to County Convention for Raisinville Township, Precinct 2 (REP)",01000000-7906-3232-674a-08deebf6b063,"Raisinville Township, Precinct 2",Write-in,Republican,6,1,5,0
"Delegate to County Convention for Dundee Township, Precinct 2 (DEM)",01000000-7906-3232-338e-08deebf6b063,"Dundee Township, Precinct 2",Deanna Bressler ,Democrat,207,198,0,9
"Delegate to County Convention for Dundee Township, Precinct 2 (DEM)",01000000-7906-3232-338e-08deebf6b063,"Dundee Township, Precinct 2",James McKenzie,Democrat,189,180,0,9
"Delegate to County Convention for Dundee Township, Precinct 2 (DEM)",01000000-7906-3232-338e-08deebf6b063,"Dundee Township, Precinct 2",Tara McKenzie,Democrat,198,189,0,9
"Delegate to County Convention for Dundee Township, Precinct 2 (DEM)",01000000-7906-3232-338e-08deebf6b063,"Dundee Township, Precinct 2",Write-in,Democrat,10,9,0,1
"Delegate to County Convention for Monroe Township, Precinct 6 (DEM)",01000000-7906-3232-3fb1-08deebf6b063,"Monroe Charter Township, Precinct 6",Nicholas Faryniarz,Democrat,167,63,100,4
"Delegate to County Convention for Monroe Township, Precinct 6 (DEM)",01000000-7906-3232-3fb1-08deebf6b063,"Monroe Charter Township, Precinct 6",Write-in,Democrat,0,0,0,0
"Delegate to County Convention for Frenchtown Township, Precinct 8 (REP)",01000000-7906-3232-5ea9-08deebf6b063,"Frenchtown Township, Precinct 8",Write-in,Republican,19,14,4,1
"Delegate to County Convention for Bedford Township, Precinct 11 (DEM)",01000000-7906-3232-300b-08deebf6b063,"Bedford Township, Precinct 11",Write-in,Democrat,24,8,15,1
"Delegate to County Convention for Erie Township, Precinct 1 (DEM)",01000000-7906-3232-3545-08deebf6b063,"Erie Township, Precinct 1",Sue A. Brooker,Democrat,282,63,206,13
"Delegate to County Convention for Erie Township, Precinct 1 (DEM)",01000000-7906-3232-3545-08deebf6b063,"Erie Township, Precinct 1",Write-in,Democrat,6,0,6,0
Representative in State Legislature 28th District (DEM),01000000-7906-3232-2314-08deebf6b063,"Berlin Township, Precinct 1",Sherry A. Berecz,Democrat,195,78,111,6
Representative in State Legislature 28th District (DEM),01000000-7906-3232-2314-08deebf6b063,"Berlin Township, Precinct 1",Write-in,Democrat,1,0,1,0
Representative in State Legislature 28th District (DEM),01000000-7906-3232-2314-08deebf6b063,"Berlin Township, Precinct 2",Sherry A. Berecz,Democrat,247,58,171,18
Representative in State Legislature 28th District (DEM),01000000-7906-3232-2314-08deebf6b063,"Berlin Township, Precinct 2",Write-in,Democrat,2,0,1,1
Representative in State Legislature 28th District (DEM),01000000-7906-3232-2314-08deebf6b063,"Berlin Township, Precinct 3",Sherry A. Berecz,Democrat,175,70,100,5
Representative in State Legislature 28th District (DEM),01000000-7906-3232-2314-08deebf6b063,"Berlin Township, Precinct 3",Write-in,Democrat,1,0,1,0
Representative in State Legislature 28th District (DEM),01000000-7906-3232-2314-08deebf6b063,"Berlin Township, Precinct 4",Sherry A. Berecz,Democrat,261,96,149,16
Representative in State Legislature 28th District (DEM),01000000-7906-3232-2314-08deebf6b063,"Berlin Township, Precinct 4",Write-in,Democrat,2,1,1,0
Representative in State Legislature 28th District (DEM),01000000-7906-3232-2314-08deebf6b063,"Frenchtown Township, Precinct 2",Sherry A. Berecz,Democrat,137,45,89,3
Representative in State Legislature 28th District (DEM),01000000-7906-3232-2314-08deebf6b063,"Frenchtown Township, Precinct 2",Write-in,Democrat,2,1,1,0
Representative in State Legislature 28th District (DEM),01000000-7906-3232-2314-08deebf6b063,"Frenchtown Township, Precinct 3",Sherry A. Berecz,Democrat,144,43,95,6
Representative in State Legislature 28th District (DEM),01000000-7906-3232-2314-08deebf6b063,"Frenchtown Township, Precinct 3",Write-in,Democrat,0,0,0,0
Representative in State Legislature 28th District (DEM),01000000-7906-3232-2314-08deebf6b063,"Frenchtown Township, Precinct 5",Sherry A. Berecz,Democrat,164,58,97,9
Representative in State Legislature 28th District (DEM),01000000-7906-3232-2314-08deebf6b063,"Frenchtown Township, Precinct 5",Write-in,Democrat,2,0,2,0
Representative in State Legislature 28th District (DEM),01000000-7906-3232-2314-08deebf6b063,"Frenchtown Township, Precinct 8",Sherry A. Berecz,Democrat,174,75,96,3
Representative in State Legislature 28th District (DEM),01000000-7906-3232-2314-08deebf6b063,"Frenchtown Township, Precinct 8",Write-in,Democrat,1,0,1,0
"Delegate to County Convention for Bedford Township, Precinct 12 (DEM)",01000000-7906-3232-3058-08deebf6b063,"Bedford Township, Precinct 12",Hannah V. Borst,Democrat,211,65,140,6
"Delegate to County Convention for Bedford Township, Precinct 12 (DEM)",01000000-7906-3232-3058-08deebf6b063,"Bedford Township, Precinct 12",Write-in,Democrat,1,0,1,0
"Delegate to County Convention for City of Monroe, Precinct 3S (REP)",01000000-7906-3232-4ce4-08deebf6b063,"City of Monroe, Precinct 3S",Write-in,Republican,10,10,0,0
"Delegate to County Convention for Bedford Township, Precinct 14 (REP)",01000000-7906-3232-5550-08deebf6b063,"Bedford Township, Precinct 14",Chelsea Flower,Republican,82,34,45,3
"Delegate to County Convention for Bedford Township, Precinct 14 (REP)",01000000-7906-3232-5550-08deebf6b063,"Bedford Township, Precinct 14",Marc Holland,Republican,80,29,48,3
"Delegate to County Convention for Bedford Township, Precinct 14 (REP)",01000000-7906-3232-5550-08deebf6b063,"Bedford Township, Precinct 14",Matthew Rempe,Republican,73,28,42,3
"Delegate to County Convention for Bedford Township, Precinct 14 (REP)",01000000-7906-3232-5550-08deebf6b063,"Bedford Township, Precinct 14",Douglas Stowell,Republican,85,37,45,3
"Delegate to County Convention for Bedford Township, Precinct 14 (REP)",01000000-7906-3232-5550-08deebf6b063,"Bedford Township, Precinct 14",Write-in,Republican,0,0,0,0
"Delegate to County Convention for Bedford Township, Precinct 8 (DEM)",01000000-7906-3232-2ed5-08deebf6b063,"Bedford Township, Precinct 8",Write-in,Democrat,21,3,16,2
"Delegate to County Convention for Monroe Township, Precinct 6 (REP)",01000000-7906-3232-6612-08deebf6b063,"Monroe Charter Township, Precinct 6",Joanne M. Yastik,Republican,240,80,151,9
"Delegate to County Convention for Monroe Township, Precinct 6 (REP)",01000000-7906-3232-6612-08deebf6b063,"Monroe Charter Township, Precinct 6",Write-in,Republican,6,1,5,0
United States Senator (REP),01000000-7906-3232-4386-08deebf6b063,"City of Luna Pier, Precinct 1",Mike Rogers,Republican,115,114,0,1
United States Senator (REP),01000000-7906-3232-4386-08deebf6b063,"City of Luna Pier, Precinct 1",Write-in,Republican,0,0,0,0
United States Senator (REP),01000000-7906-3232-4386-08deebf6b063,"City of Monroe, Precinct 1",Mike Rogers,Republican,191,64,116,11
United States Senator (REP),01000000-7906-3232-4386-08deebf6b063,"City of Monroe, Precinct 1",Write-in,Republican,0,0,0,0
United States Senator (REP),01000000-7906-3232-4386-08deebf6b063,"City of Monroe, Precinct 2",Mike Rogers,Republican,135,72,56,7
United States Senator (REP),01000000-7906-3232-4386-08deebf6b063,"City of Monroe, Precinct 2",Write-in,Republican,1,0,0,1
United States Senator (REP),01000000-7906-3232-4386-08deebf6b063,"City of Monroe, Precinct 3N",Mike Rogers,Republican,77,43,30,4
United States Senator (REP),01000000-7906-3232-4386-08deebf6b063,"City of Monroe, Precinct 3N",Write-in,Republican,0,0,0,0
United States Senator (REP),01000000-7906-3232-4386-08deebf6b063,"City of Monroe, Precinct 3S",Mike Rogers,Republican,51,22,26,3
United States Senator (REP),01000000-7906-3232-4386-08deebf6b063,"City of Monroe, Precinct 3S",Write-in,Republican,0,0,0,0
United States Senator (REP),01000000-7906-3232-4386-08deebf6b063,"City of Monroe, Precinct 4",Mike Rogers,Republican,286,129,143,14
United States Senator (REP),01000000-7906-3232-4386-08deebf6b063,"City of Monroe, Precinct 4",Write-in,Republican,1,1,0,0
United States Senator (REP),01000000-7906-3232-4386-08deebf6b063,"City of Monroe, Precinct 5",Mike Rogers,Republican,305,130,158,17
United States Senator (REP),01000000-7906-3232-4386-08deebf6b063,"City of Monroe, Precinct 5",Write-in,Republican,2,2,0,0
United States Senator (REP),01000000-7906-3232-4386-08deebf6b063,"City of Monroe, Precinct 6",Mike Rogers,Republican,272,118,140,14
United States Senator (REP),01000000-7906-3232-4386-08deebf6b063,"City of Monroe, Precinct 6",Write-in,Republican,0,0,0,0
United States Senator (REP),01000000-7906-3232-4386-08deebf6b063,"City of Petersburg, Precinct 1",Mike Rogers,Republican,90,79,0,11
United States Senator (REP),01000000-7906-3232-4386-08deebf6b063,"City of Petersburg, Precinct 1",Write-in,Republican,0,0,0,0
United States Senator (REP),01000000-7906-3232-4386-08deebf6b063,"Ash Township, Precinct 1",Mike Rogers,Republican,286,104,173,9
United States Senator (REP),01000000-7906-3232-4386-08deebf6b063,"Ash Township, Precinct 1",Write-in,Republican,3,1,2,0
United States Senator (REP),01000000-7906-3232-4386-08deebf6b063,"Ash Township, Precinct 2",Mike Rogers,Republican,447,162,253,32
United States Senator (REP),01000000-7906-3232-4386-08deebf6b063,"Ash Township, Precinct 2",Write-in,Republican,0,0,0,0
United States Senator (REP),01000000-7906-3232-4386-08deebf6b063,"Ash Township, Precinct 3",Mike Rogers,Republican,327,130,185,12
United States Senator (REP),01000000-7906-3232-4386-08deebf6b063,"Ash Township, Precinct 3",Write-in,Republican,0,0,0,0
United States Senator (REP),01000000-7906-3232-4386-08deebf6b063,"Bedford Township, Precinct 1",Mike Rogers,Republican,118,61,55,2
United States Senator (REP),01000000-7906-3232-4386-08deebf6b063,"Bedford Township, Precinct 1",Write-in,Republican,1,1,0,0
United States Senator (REP),01000000-7906-3232-4386-08deebf6b063,"Bedford Township, Precinct 2",Mike Rogers,Republican,241,130,102,9
United States Senator (REP),01000000-7906-3232-4386-08deebf6b063,"Bedford Township, Precinct 2",Write-in,Republican,2,0,2,0
United States Senator (REP),01000000-7906-3232-4386-08deebf6b063,"Bedford Township, Precinct 3",Mike Rogers,Republican,211,121,80,10
United States Senator (REP),01000000-7906-3232-4386-08deebf6b063,"Bedford Township, Precinct 3",Write-in,Republican,2,1,0,1
United States Senator (REP),01000000-7906-3232-4386-08deebf6b063,"Bedford Township, Precinct 4",Mike Rogers,Republican,269,108,143,18
United States Senator (REP),01000000-7906-3232-4386-08deebf6b063,"Bedford Township, Precinct 4",Write-in,Republican,1,0,1,0
United States Senator (REP),01000000-7906-3232-4386-08deebf6b063,"Bedford Township, Precinct 5",Mike Rogers,Republican,193,87,98,8
United States Senator (REP),01000000-7906-3232-4386-08deebf6b063,"Bedford Township, Precinct 5",Write-in,Republican,0,0,0,0
United States Senator (REP),01000000-7906-3232-4386-08deebf6b063,"Bedford Township, Precinct 6",Mike Rogers,Republican,290,149,128,13
United States Senator (REP),01000000-7906-3232-4386-08deebf6b063,"Bedford Township, Precinct 6",Write-in,Republican,0,0,0,0
United States Senator (REP),01000000-7906-3232-4386-08deebf6b063,"Bedford Township, Precinct 7",Mike Rogers,Republican,240,116,116,8
United States Senator (REP),01000000-7906-3232-4386-08deebf6b063,"Bedford Township, Precinct 7",Write-in,Republican,0,0,0,0
United States Senator (REP),01000000-7906-3232-4386-08deebf6b063,"Bedford Township, Precinct 8",Mike Rogers,Republican,291,132,151,8
United States Senator (REP),01000000-7906-3232-4386-08deebf6b063,"Bedford Township, Precinct 8",Write-in,Republican,0,0,0,0
United States Senator (REP),01000000-7906-3232-4386-08deebf6b063,"Bedford Township, Precinct 9",Mike Rogers,Republican,174,88,81,5
United States Senator (REP),01000000-7906-3232-4386-08deebf6b063,"Bedford Township, Precinct 9",Write-in,Republican,1,1,0,0
United States Senator (REP),01000000-7906-3232-4386-08deebf6b063,"Bedford Township, Precinct 10",Mike Rogers,Republican,146,78,58,10
United States Senator (REP),01000000-7906-3232-4386-08deebf6b063,"Bedford Township, Precinct 10",Write-in,Republican,0,0,0,0
United States Senator (REP),01000000-7906-3232-4386-08deebf6b063,"Bedford Township, Precinct 11",Mike Rogers,Republican,263,127,125,11
United States Senator (REP),01000000-7906-3232-4386-08deebf6b063,"Bedford Township, Precinct 11",Write-in,Republican,1,0,1,0
United States Senator (REP),01000000-7906-3232-4386-08deebf6b063,"Bedford Township, Precinct 12",Mike Rogers,Republican,211,99,108,4
United States Senator (REP),01000000-7906-3232-4386-08deebf6b063,"Bedford Township, Precinct 12",Write-in,Republican,0,0,0,0
United States Senator (REP),01000000-7906-3232-4386-08deebf6b063,"Bedford Township, Precinct 13",Mike Rogers,Republican,226,117,96,13
United States Senator (REP),01000000-7906-3232-4386-08deebf6b063,"Bedford Township, Precinct 13",Write-in,Republican,0,0,0,0
United States Senator (REP),01000000-7906-3232-4386-08deebf6b063,"Bedford Township, Precinct 14",Mike Rogers,Republican,129,62,64,3
United States Senator (REP),01000000-7906-3232-4386-08deebf6b063,"Bedford Township, Precinct 14",Write-in,Republican,0,0,0,0
United States Senator (REP),01000000-7906-3232-4386-08deebf6b063,"Berlin Township, Precinct 1",Mike Rogers,Republican,223,123,81,19
United States Senator (REP),01000000-7906-3232-4386-08deebf6b063,"Berlin Township, Precinct 1",Write-in,Republican,0,0,0,0
United States Senator (REP),01000000-7906-3232-4386-08deebf6b063,"Berlin Township, Precinct 2",Mike Rogers,Republican,345,151,179,15
United States Senator (REP),01000000-7906-3232-4386-08deebf6b063,"Berlin Township, Precinct 2",Write-in,Republican,0,0,0,0
United States Senator (REP),01000000-7906-3232-4386-08deebf6b063,"Berlin Township, Precinct 3",Mike Rogers,Republican,246,131,101,14
United States Senator (REP),01000000-7906-3232-4386-08deebf6b063,"Berlin Township, Precinct 3",Write-in,Republican,1,1,0,0
United States Senator (REP),01000000-7906-3232-4386-08deebf6b063,"Berlin Township, Precinct 4",Mike Rogers,Republican,346,199,125,22
United States Senator (REP),01000000-7906-3232-4386-08deebf6b063,"Berlin Township, Precinct 4",Write-in,Republican,0,0,0,0
United States Senator (REP),01000000-7906-3232-4386-08deebf6b063,"Dundee Township, Precinct 1",Mike Rogers,Republican,136,133,0,3
United States Senator (REP),01000000-7906-3232-4386-08deebf6b063,"Dundee Township, Precinct 1",Write-in,Republican,0,0,0,0
United States Senator (REP),01000000-7906-3232-4386-08deebf6b063,"Dundee Township, Precinct 2",Mike Rogers,Republican,245,235,0,10
United States Senator (REP),01000000-7906-3232-4386-08deebf6b063,"Dundee Township, Precinct 2",Write-in,Republican,0,0,0,0
United States Senator (REP),01000000-7906-3232-4386-08deebf6b063,"Dundee Township, Precinct 3",Mike Rogers,Republican,329,318,0,11
United States Senator (REP),01000000-7906-3232-4386-08deebf6b063,"Dundee Township, Precinct 3",Write-in,Republican,2,1,0,1
United States Senator (REP),01000000-7906-3232-4386-08deebf6b063,"Erie Township, Precinct 1",Mike Rogers,Republican,457,212,224,21
United States Senator (REP),01000000-7906-3232-4386-08deebf6b063,"Erie Township, Precinct 1",Write-in,Republican,2,1,0,1
United States Senator (REP),01000000-7906-3232-4386-08deebf6b063,"Exeter Township, Precinct 1",Mike Rogers,Republican,267,264,0,3
United States Senator (REP),01000000-7906-3232-4386-08deebf6b063,"Exeter Township, Precinct 1",Write-in,Republican,0,0,0,0
United States Senator (REP),01000000-7906-3232-4386-08deebf6b063,"Exeter Township, Precinct 2",Mike Rogers,Republican,270,261,0,9
United States Senator (REP),01000000-7906-3232-4386-08deebf6b063,"Exeter Township, Precinct 2",Write-in,Republican,1,1,0,0
United States Senator (REP),01000000-7906-3232-4386-08deebf6b063,"Frenchtown Township, Precinct 1",Mike Rogers,Republican,150,66,83,1
United States Senator (REP),01000000-7906-3232-4386-08deebf6b063,"Frenchtown Township, Precinct 1",Write-in,Republican,0,0,0,0
United States Senator (REP),01000000-7906-3232-4386-08deebf6b063,"Frenchtown Township, Precinct 2",Mike Rogers,Republican,184,96,82,6
United States Senator (REP),01000000-7906-3232-4386-08deebf6b063,"Frenchtown Township, Precinct 2",Write-in,Republican,0,0,0,0
United States Senator (REP),01000000-7906-3232-4386-08deebf6b063,"Frenchtown Township, Precinct 3",Mike Rogers,Republican,265,141,112,12
United States Senator (REP),01000000-7906-3232-4386-08deebf6b063,"Frenchtown Township, Precinct 3",Write-in,Republican,0,0,0,0
United States Senator (REP),01000000-7906-3232-4386-08deebf6b063,"Frenchtown Township, Precinct 4",Mike Rogers,Republican,271,68,191,12
United States Senator (REP),01000000-7906-3232-4386-08deebf6b063,"Frenchtown Township, Precinct 4",Write-in,Republican,1,0,1,0
United States Senator (REP),01000000-7906-3232-4386-08deebf6b063,"Frenchtown Township, Precinct 5",Mike Rogers,Republican,136,55,73,8
United States Senator (REP),01000000-7906-3232-4386-08deebf6b063,"Frenchtown Township, Precinct 5",Write-in,Republican,0,0,0,0
United States Senator (REP),01000000-7906-3232-4386-08deebf6b063,"Frenchtown Township, Precinct 6",Mike Rogers,Republican,290,152,118,20
United States Senator (REP),01000000-7906-3232-4386-08deebf6b063,"Frenchtown Township, Precinct 6",Write-in,Republican,1,0,1,0
United States Senator (REP),01000000-7906-3232-4386-08deebf6b063,"Frenchtown Township, Precinct 7",Mike Rogers,Republican,361,112,232,17
United States Senator (REP),01000000-7906-3232-4386-08deebf6b063,"Frenchtown Township, Precinct 7",Write-in,Republican,2,1,1,0
United States Senator (REP),01000000-7906-3232-4386-08deebf6b063,"Frenchtown Township, Precinct 8",Mike Rogers,Republican,224,112,105,7
United States Senator (REP),01000000-7906-3232-4386-08deebf6b063,"Frenchtown Township, Precinct 8",Write-in,Republican,1,0,1,0
United States Senator (REP),01000000-7906-3232-4386-08deebf6b063,"Frenchtown Township, Precinct 9",Mike Rogers,Republican,178,72,94,12
United States Senator (REP),01000000-7906-3232-4386-08deebf6b063,"Frenchtown Township, Precinct 9",Write-in,Republican,0,0,0,0
United States Senator (REP),01000000-7906-3232-4386-08deebf6b063,"Ida Township, Precinct 1",Mike Rogers,Republican,326,176,133,17
United States Senator (REP),01000000-7906-3232-4386-08deebf6b063,"Ida Township, Precinct 1",Write-in,Republican,0,0,0,0
United States Senator (REP),01000000-7906-3232-4386-08deebf6b063,"Ida Township, Precinct 2",Mike Rogers,Republican,277,140,126,11
United States Senator (REP),01000000-7906-3232-4386-08deebf6b063,"Ida Township, Precinct 2",Write-in,Republican,0,0,0,0
United States Senator (REP),01000000-7906-3232-4386-08deebf6b063,"La Salle Township, Precinct 1",Mike Rogers,Republican,276,148,113,15
United States Senator (REP),01000000-7906-3232-4386-08deebf6b063,"La Salle Township, Precinct 1",Write-in,Republican,0,0,0,0
United States Senator (REP),01000000-7906-3232-4386-08deebf6b063,"La Salle Township, Precinct 2",Mike Rogers,Republican,350,155,174,21
United States Senator (REP),01000000-7906-3232-4386-08deebf6b063,"La Salle Township, Precinct 2",Write-in,Republican,3,0,2,1
United States Senator (REP),01000000-7906-3232-4386-08deebf6b063,"London Township, Precinct 1",Mike Rogers,Republican,346,321,0,25
United States Senator (REP),01000000-7906-3232-4386-08deebf6b063,"London Township, Precinct 1",Write-in,Republican,2,2,0,0
United States Senator (REP),01000000-7906-3232-4386-08deebf6b063,"Milan Township, Precinct 1",Mike Rogers,Republican,197,196,0,1
United States Senator (REP),01000000-7906-3232-4386-08deebf6b063,"Milan Township, Precinct 1",Write-in,Republican,1,1,0,0
United States Senator (REP),01000000-7906-3232-4386-08deebf6b063,"Monroe Charter Township, Precinct 1",Mike Rogers,Republican,169,72,91,6
United States Senator (REP),01000000-7906-3232-4386-08deebf6b063,"Monroe Charter Township, Precinct 1",Write-in,Republican,0,0,0,0
United States Senator (REP),01000000-7906-3232-4386-08deebf6b063,"Monroe Charter Township, Precinct 2",Mike Rogers,Republican,90,36,49,5
United States Senator (REP),01000000-7906-3232-4386-08deebf6b063,"Monroe Charter Township, Precinct 2",Write-in,Republican,1,1,0,0
United States Senator (REP),01000000-7906-3232-4386-08deebf6b063,"Monroe Charter Township, Precinct 3",Mike Rogers,Republican,186,88,92,6
United States Senator (REP),01000000-7906-3232-4386-08deebf6b063,"Monroe Charter Township, Precinct 3",Write-in,Republican,0,0,0,0
United States Senator (REP),01000000-7906-3232-4386-08deebf6b063,"Monroe Charter Township, Precinct 4",Mike Rogers,Republican,229,99,121,9
United States Senator (REP),01000000-7906-3232-4386-08deebf6b063,"Monroe Charter Township, Precinct 4",Write-in,Republican,0,0,0,0
United States Senator (REP),01000000-7906-3232-4386-08deebf6b063,"Monroe Charter Township, Precinct 5",Mike Rogers,Republican,399,162,215,22
United States Senator (REP),01000000-7906-3232-4386-08deebf6b063,"Monroe Charter Township, Precinct 5",Write-in,Republican,0,0,0,0
United States Senator (REP),01000000-7906-3232-4386-08deebf6b063,"Monroe Charter Township, Precinct 6",Mike Rogers,Republican,280,91,179,10
United States Senator (REP),01000000-7906-3232-4386-08deebf6b063,"Monroe Charter Township, Precinct 6",Write-in,Republican,0,0,0,0
United States Senator (REP),01000000-7906-3232-4386-08deebf6b063,"Raisinville Township, Precinct 1",Mike Rogers,Republican,472,174,277,21
United States Senator (REP),01000000-7906-3232-4386-08deebf6b063,"Raisinville Township, Precinct 1",Write-in,Republican,0,0,0,0
United States Senator (REP),01000000-7906-3232-4386-08deebf6b063,"Raisinville Township, Precinct 2",Mike Rogers,Republican,392,152,225,15
United States Senator (REP),01000000-7906-3232-4386-08deebf6b063,"Raisinville Township, Precinct 2",Write-in,Republican,2,0,2,0
United States Senator (REP),01000000-7906-3232-4386-08deebf6b063,"Summerfield Township, Precinct 1",Mike Rogers,Republican,361,161,190,10
United States Senator (REP),01000000-7906-3232-4386-08deebf6b063,"Summerfield Township, Precinct 1",Write-in,Republican,1,1,0,0
United States Senator (REP),01000000-7906-3232-4386-08deebf6b063,"Whiteford Township, Precinct 1",Mike Rogers,Republican,251,117,102,32
United States Senator (REP),01000000-7906-3232-4386-08deebf6b063,"Whiteford Township, Precinct 1",Write-in,Republican,2,2,0,0
United States Senator (REP),01000000-7906-3232-4386-08deebf6b063,"Whiteford Township, Precinct 2",Mike Rogers,Republican,262,134,102,26
United States Senator (REP),01000000-7906-3232-4386-08deebf6b063,"Whiteford Township, Precinct 2",Write-in,Republican,2,0,2,0
United States Senator (REP),01000000-7906-3232-4386-08deebf6b063,City of Milan (Out of County),Mike Rogers,Republican,152,145,0,7
United States Senator (REP),01000000-7906-3232-4386-08deebf6b063,City of Milan (Out of County),Write-in,Republican,1,1,0,0
"Delegate to County Convention for City of Monroe, Precinct 3N (REP)",01000000-7906-3232-4c97-08deebf6b063,"City of Monroe, Precinct 3N",Write-in,Republican,18,7,11,0
Monroe County Drain Commissioner Partial Term Ending 12/31/2028 (REP),01000000-7906-3232-479c-08deebf6b063,"City of Luna Pier, Precinct 1","Greg Moore, Jr.",Republican,66,66,0,0
Monroe County Drain Commissioner Partial Term Ending 12/31/2028 (REP),01000000-7906-3232-479c-08deebf6b063,"City of Luna Pier, Precinct 1",Jenna Morse,Republican,26,24,0,2
Monroe County Drain Commissioner Partial Term Ending 12/31/2028 (REP),01000000-7906-3232-479c-08deebf6b063,"City of Luna Pier, Precinct 1",Kristy Svatek-Whitson,Republican,9,9,0,0
Monroe County Drain Commissioner Partial Term Ending 12/31/2028 (REP),01000000-7906-3232-479c-08deebf6b063,"City of Luna Pier, Precinct 1",Write-in,Republican,0,0,0,0
Monroe County Drain Commissioner Partial Term Ending 12/31/2028 (REP),01000000-7906-3232-479c-08deebf6b063,"City of Monroe, Precinct 1","Greg Moore, Jr.",Republican,78,30,46,2
Monroe County Drain Commissioner Partial Term Ending 12/31/2028 (REP),01000000-7906-3232-479c-08deebf6b063,"City of Monroe, Precinct 1",Jenna Morse,Republican,100,29,64,7
Monroe County Drain Commissioner Partial Term Ending 12/31/2028 (REP),01000000-7906-3232-479c-08deebf6b063,"City of Monroe, Precinct 1",Kristy Svatek-Whitson,Republican,14,3,9,2
Monroe County Drain Commissioner Partial Term Ending 12/31/2028 (REP),01000000-7906-3232-479c-08deebf6b063,"City of Monroe, Precinct 1",Write-in,Republican,0,0,0,0
Monroe County Drain Commissioner Partial Term Ending 12/31/2028 (REP),01000000-7906-3232-479c-08deebf6b063,"City of Monroe, Precinct 2","Greg Moore, Jr.",Republican,67,38,27,2
Monroe County Drain Commissioner Partial Term Ending 12/31/2028 (REP),01000000-7906-3232-479c-08deebf6b063,"City of Monroe, Precinct 2",Jenna Morse,Republican,52,26,21,5
Monroe County Drain Commissioner Partial Term Ending 12/31/2028 (REP),01000000-7906-3232-479c-08deebf6b063,"City of Monroe, Precinct 2",Kristy Svatek-Whitson,Republican,14,9,4,1
Monroe County Drain Commissioner Partial Term Ending 12/31/2028 (REP),01000000-7906-3232-479c-08deebf6b063,"City of Monroe, Precinct 2",Write-in,Republican,0,0,0,0
Monroe County Drain Commissioner Partial Term Ending 12/31/2028 (REP),01000000-7906-3232-479c-08deebf6b063,"City of Monroe, Precinct 3N","Greg Moore, Jr.",Republican,31,20,10,1
Monroe County Drain Commissioner Partial Term Ending 12/31/2028 (REP),01000000-7906-3232-479c-08deebf6b063,"City of Monroe, Precinct 3N",Jenna Morse,Republican,28,15,13,0
Monroe County Drain Commissioner Partial Term Ending 12/31/2028 (REP),01000000-7906-3232-479c-08deebf6b063,"City of Monroe, Precinct 3N",Kristy Svatek-Whitson,Republican,7,5,2,0
Monroe County Drain Commissioner Partial Term Ending 12/31/2028 (REP),01000000-7906-3232-479c-08deebf6b063,"City of Monroe, Precinct 3N",Write-in,Republican,2,0,2,0
Monroe County Drain Commissioner Partial Term Ending 12/31/2028 (REP),01000000-7906-3232-479c-08deebf6b063,"City of Monroe, Precinct 3S","Greg Moore, Jr.",Republican,23,10,11,2
Monroe County Drain Commissioner Partial Term Ending 12/31/2028 (REP),01000000-7906-3232-479c-08deebf6b063,"City of Monroe, Precinct 3S",Jenna Morse,Republican,20,9,11,0
Monroe County Drain Commissioner Partial Term Ending 12/31/2028 (REP),01000000-7906-3232-479c-08deebf6b063,"City of Monroe, Precinct 3S",Kristy Svatek-Whitson,Republican,9,3,5,1
Monroe County Drain Commissioner Partial Term Ending 12/31/2028 (REP),01000000-7906-3232-479c-08deebf6b063,"City of Monroe, Precinct 3S",Write-in,Republican,1,1,0,0
Monroe County Drain Commissioner Partial Term Ending 12/31/2028 (REP),01000000-7906-3232-479c-08deebf6b063,"City of Monroe, Precinct 4","Greg Moore, Jr.",Republican,135,68,58,9
Monroe County Drain Commissioner Partial Term Ending 12/31/2028 (REP),01000000-7906-3232-479c-08deebf6b063,"City of Monroe, Precinct 4",Jenna Morse,Republican,106,46,58,2
Monroe County Drain Commissioner Partial Term Ending 12/31/2028 (REP),01000000-7906-3232-479c-08deebf6b063,"City of Monroe, Precinct 4",Kristy Svatek-Whitson,Republican,32,9,21,2
Monroe County Drain Commissioner Partial Term Ending 12/31/2028 (REP),01000000-7906-3232-479c-08deebf6b063,"City of Monroe, Precinct 4",Write-in,Republican,0,0,0,0
Monroe County Drain Commissioner Partial Term Ending 12/31/2028 (REP),01000000-7906-3232-479c-08deebf6b063,"City of Monroe, Precinct 5","Greg Moore, Jr.",Republican,137,60,69,8
Monroe County Drain Commissioner Partial Term Ending 12/31/2028 (REP),01000000-7906-3232-479c-08deebf6b063,"City of Monroe, Precinct 5",Jenna Morse,Republican,131,53,71,7
Monroe County Drain Commissioner Partial Term Ending 12/31/2028 (REP),01000000-7906-3232-479c-08deebf6b063,"City of Monroe, Precinct 5",Kristy Svatek-Whitson,Republican,22,8,14,0
Monroe County Drain Commissioner Partial Term Ending 12/31/2028 (REP),01000000-7906-3232-479c-08deebf6b063,"City of Monroe, Precinct 5",Write-in,Republican,4,3,0,1
Monroe County Drain Commissioner Partial Term Ending 12/31/2028 (REP),01000000-7906-3232-479c-08deebf6b063,"City of Monroe, Precinct 6","Greg Moore, Jr.",Republican,83,42,39,2
Monroe County Drain Commissioner Partial Term Ending 12/31/2028 (REP),01000000-7906-3232-479c-08deebf6b063,"City of Monroe, Precinct 6",Jenna Morse,Republican,126,46,75,5
Monroe County Drain Commissioner Partial Term Ending 12/31/2028 (REP),01000000-7906-3232-479c-08deebf6b063,"City of Monroe, Precinct 6",Kristy Svatek-Whitson,Republican,33,19,12,2
Monroe County Drain Commissioner Partial Term Ending 12/31/2028 (REP),01000000-7906-3232-479c-08deebf6b063,"City of Monroe, Precinct 6",Write-in,Republican,1,0,1,0
Monroe County Drain Commissioner Partial Term Ending 12/31/2028 (REP),01000000-7906-3232-479c-08deebf6b063,"City of Petersburg, Precinct 1","Greg Moore, Jr.",Republican,28,26,0,2
Monroe County Drain Commissioner Partial Term Ending 12/31/2028 (REP),01000000-7906-3232-479c-08deebf6b063,"City of Petersburg, Precinct 1",Jenna Morse,Republican,34,29,0,5
Monroe County Drain Commissioner Partial Term Ending 12/31/2028 (REP),01000000-7906-3232-479c-08deebf6b063,"City of Petersburg, Precinct 1",Kristy Svatek-Whitson,Republican,21,17,0,4
Monroe County Drain Commissioner Partial Term Ending 12/31/2028 (REP),01000000-7906-3232-479c-08deebf6b063,"City of Petersburg, Precinct 1",Write-in,Republican,0,0,0,0
Monroe County Drain Commissioner Partial Term Ending 12/31/2028 (REP),01000000-7906-3232-479c-08deebf6b063,"Ash Township, Precinct 1","Greg Moore, Jr.",Republican,123,38,82,3
Monroe County Drain Commissioner Partial Term Ending 12/31/2028 (REP),01000000-7906-3232-479c-08deebf6b063,"Ash Township, Precinct 1",Jenna Morse,Republican,122,50,66,6
Monroe County Drain Commissioner Partial Term Ending 12/31/2028 (REP),01000000-7906-3232-479c-08deebf6b063,"Ash Township, Precinct 1",Kristy Svatek-Whitson,Republican,27,11,15,1
Monroe County Drain Commissioner Partial Term Ending 12/31/2028 (REP),01000000-7906-3232-479c-08deebf6b063,"Ash Township, Precinct 1",Write-in,Republican,0,0,0,0
Monroe County Drain Commissioner Partial Term Ending 12/31/2028 (REP),01000000-7906-3232-479c-08deebf6b063,"Ash Township, Precinct 2","Greg Moore, Jr.",Republican,162,61,91,10
Monroe County Drain Commissioner Partial Term Ending 12/31/2028 (REP),01000000-7906-3232-479c-08deebf6b063,"Ash Township, Precinct 2",Jenna Morse,Republican,188,68,105,15
Monroe County Drain Commissioner Partial Term Ending 12/31/2028 (REP),01000000-7906-3232-479c-08deebf6b063,"Ash Township, Precinct 2",Kristy Svatek-Whitson,Republican,52,23,24,5
Monroe County Drain Commissioner Partial Term Ending 12/31/2028 (REP),01000000-7906-3232-479c-08deebf6b063,"Ash Township, Precinct 2",Write-in,Republican,2,2,0,0
Monroe County Drain Commissioner Partial Term Ending 12/31/2028 (REP),01000000-7906-3232-479c-08deebf6b063,"Ash Township, Precinct 3","Greg Moore, Jr.",Republican,112,45,61,6
Monroe County Drain Commissioner Partial Term Ending 12/31/2028 (REP),01000000-7906-3232-479c-08deebf6b063,"Ash Township, Precinct 3",Jenna Morse,Republican,133,57,71,5
Monroe County Drain Commissioner Partial Term Ending 12/31/2028 (REP),01000000-7906-3232-479c-08deebf6b063,"Ash Township, Precinct 3",Kristy Svatek-Whitson,Republican,39,14,24,1
Monroe County Drain Commissioner Partial Term Ending 12/31/2028 (REP),01000000-7906-3232-479c-08deebf6b063,"Ash Township, Precinct 3",Write-in,Republican,1,1,0,0
Monroe County Drain Commissioner Partial Term Ending 12/31/2028 (REP),01000000-7906-3232-479c-08deebf6b063,"Bedford Township, Precinct 1","Greg Moore, Jr.",Republican,51,26,25,0
Monroe County Drain Commissioner Partial Term Ending 12/31/2028 (REP),01000000-7906-3232-479c-08deebf6b063,"Bedford Township, Precinct 1",Jenna Morse,Republican,37,18,17,2
Monroe County Drain Commissioner Partial Term Ending 12/31/2028 (REP),01000000-7906-3232-479c-08deebf6b063,"Bedford Township, Precinct 1",Kristy Svatek-Whitson,Republican,27,14,13,0
Monroe County Drain Commissioner Partial Term Ending 12/31/2028 (REP),01000000-7906-3232-479c-08deebf6b063,"Bedford Township, Precinct 1",Write-in,Republican,0,0,0,0
Monroe County Drain Commissioner Partial Term Ending 12/31/2028 (REP),01000000-7906-3232-479c-08deebf6b063,"Bedford Township, Precinct 2","Greg Moore, Jr.",Republican,82,42,36,4
Monroe County Drain Commissioner Partial Term Ending 12/31/2028 (REP),01000000-7906-3232-479c-08deebf6b063,"Bedford Township, Precinct 2",Jenna Morse,Republican,91,49,39,3
Monroe County Drain Commissioner Partial Term Ending 12/31/2028 (REP),01000000-7906-3232-479c-08deebf6b063,"Bedford Township, Precinct 2",Kristy Svatek-Whitson,Republican,53,31,20,2
Monroe County Drain Commissioner Partial Term Ending 12/31/2028 (REP),01000000-7906-3232-479c-08deebf6b063,"Bedford Township, Precinct 2",Write-in,Republican,2,2,0,0
Monroe County Drain Commissioner Partial Term Ending 12/31/2028 (REP),01000000-7906-3232-479c-08deebf6b063,"Bedford Township, Precinct 3","Greg Moore, Jr.",Republican,88,57,27,4
Monroe County Drain Commissioner Partial Term Ending 12/31/2028 (REP),01000000-7906-3232-479c-08deebf6b063,"Bedford Township, Precinct 3",Jenna Morse,Republican,75,41,28,6
Monroe County Drain Commissioner Partial Term Ending 12/31/2028 (REP),01000000-7906-3232-479c-08deebf6b063,"Bedford Township, Precinct 3",Kristy Svatek-Whitson,Republican,46,22,22,2
Monroe County Drain Commissioner Partial Term Ending 12/31/2028 (REP),01000000-7906-3232-479c-08deebf6b063,"Bedford Township, Precinct 3",Write-in,Republican,0,0,0,0
Monroe County Drain Commissioner Partial Term Ending 12/31/2028 (REP),01000000-7906-3232-479c-08deebf6b063,"Bedford Township, Precinct 4","Greg Moore, Jr.",Republican,75,30,43,2
Monroe County Drain Commissioner Partial Term Ending 12/31/2028 (REP),01000000-7906-3232-479c-08deebf6b063,"Bedford Township, Precinct 4",Jenna Morse,Republican,116,44,60,12
Monroe County Drain Commissioner Partial Term Ending 12/31/2028 (REP),01000000-7906-3232-479c-08deebf6b063,"Bedford Township, Precinct 4",Kristy Svatek-Whitson,Republican,82,33,46,3
Monroe County Drain Commissioner Partial Term Ending 12/31/2028 (REP),01000000-7906-3232-479c-08deebf6b063,"Bedford Township, Precinct 4",Write-in,Republican,0,0,0,0
Monroe County Drain Commissioner Partial Term Ending 12/31/2028 (REP),01000000-7906-3232-479c-08deebf6b063,"Bedford Township, Precinct 5","Greg Moore, Jr.",Republican,68,31,33,4
Monroe County Drain Commissioner Partial Term Ending 12/31/2028 (REP),01000000-7906-3232-479c-08deebf6b063,"Bedford Township, Precinct 5",Jenna Morse,Republican,89,43,43,3
Monroe County Drain Commissioner Partial Term Ending 12/31/2028 (REP),01000000-7906-3232-479c-08deebf6b063,"Bedford Township, Precinct 5",Kristy Svatek-Whitson,Republican,32,14,17,1
Monroe County Drain Commissioner Partial Term Ending 12/31/2028 (REP),01000000-7906-3232-479c-08deebf6b063,"Bedford Township, Precinct 5",Write-in,Republican,2,0,2,0
Monroe County Drain Commissioner Partial Term Ending 12/31/2028 (REP),01000000-7906-3232-479c-08deebf6b063,"Bedford Township, Precinct 6","Greg Moore, Jr.",Republican,96,52,40,4
Monroe County Drain Commissioner Partial Term Ending 12/31/2028 (REP),01000000-7906-3232-479c-08deebf6b063,"Bedford Township, Precinct 6",Jenna Morse,Republican,129,64,60,5
Monroe County Drain Commissioner Partial Term Ending 12/31/2028 (REP),01000000-7906-3232-479c-08deebf6b063,"Bedford Township, Precinct 6",Kristy Svatek-Whitson,Republican,76,35,38,3
Monroe County Drain Commissioner Partial Term Ending 12/31/2028 (REP),01000000-7906-3232-479c-08deebf6b063,"Bedford Township, Precinct 6",Write-in,Republican,0,0,0,0
Monroe County Drain Commissioner Partial Term Ending 12/31/2028 (REP),01000000-7906-3232-479c-08deebf6b063,"Bedford Township, Precinct 7","Greg Moore, Jr.",Republican,107,46,57,4
Monroe County Drain Commissioner Partial Term Ending 12/31/2028 (REP),01000000-7906-3232-479c-08deebf6b063,"Bedford Township, Precinct 7",Jenna Morse,Republican,87,43,42,2
Monroe County Drain Commissioner Partial Term Ending 12/31/2028 (REP),01000000-7906-3232-479c-08deebf6b063,"Bedford Township, Precinct 7",Kristy Svatek-Whitson,Republican,43,27,15,1
Monroe County Drain Commissioner Partial Term Ending 12/31/2028 (REP),01000000-7906-3232-479c-08deebf6b063,"Bedford Township, Precinct 7",Write-in,Republican,0,0,0,0
Monroe County Drain Commissioner Partial Term Ending 12/31/2028 (REP),01000000-7906-3232-479c-08deebf6b063,"Bedford Township, Precinct 8","Greg Moore, Jr.",Republican,83,39,43,1
Monroe County Drain Commissioner Partial Term Ending 12/31/2028 (REP),01000000-7906-3232-479c-08deebf6b063,"Bedford Township, Precinct 8",Jenna Morse,Republican,119,66,50,3
Monroe County Drain Commissioner Partial Term Ending 12/31/2028 (REP),01000000-7906-3232-479c-08deebf6b063,"Bedford Township, Precinct 8",Kristy Svatek-Whitson,Republican,63,20,39,4
Monroe County Drain Commissioner Partial Term Ending 12/31/2028 (REP),01000000-7906-3232-479c-08deebf6b063,"Bedford Township, Precinct 8",Write-in,Republican,4,1,3,0
Monroe County Drain Commissioner Partial Term Ending 12/31/2028 (REP),01000000-7906-3232-479c-08deebf6b063,"Bedford Township, Precinct 9","Greg Moore, Jr.",Republican,56,30,25,1
Monroe County Drain Commissioner Partial Term Ending 12/31/2028 (REP),01000000-7906-3232-479c-08deebf6b063,"Bedford Township, Precinct 9",Jenna Morse,Republican,71,34,34,3
Monroe County Drain Commissioner Partial Term Ending 12/31/2028 (REP),01000000-7906-3232-479c-08deebf6b063,"Bedford Township, Precinct 9",Kristy Svatek-Whitson,Republican,42,19,22,1
Monroe County Drain Commissioner Partial Term Ending 12/31/2028 (REP),01000000-7906-3232-479c-08deebf6b063,"Bedford Township, Precinct 9",Write-in,Republican,0,0,0,0
Monroe County Drain Commissioner Partial Term Ending 12/31/2028 (REP),01000000-7906-3232-479c-08deebf6b063,"Bedford Township, Precinct 10","Greg Moore, Jr.",Republican,52,25,24,3
Monroe County Drain Commissioner Partial Term Ending 12/31/2028 (REP),01000000-7906-3232-479c-08deebf6b063,"Bedford Township, Precinct 10",Jenna Morse,Republican,58,30,21,7
Monroe County Drain Commissioner Partial Term Ending 12/31/2028 (REP),01000000-7906-3232-479c-08deebf6b063,"Bedford Township, Precinct 10",Kristy Svatek-Whitson,Republican,30,18,11,1
Monroe County Drain Commissioner Partial Term Ending 12/31/2028 (REP),01000000-7906-3232-479c-08deebf6b063,"Bedford Township, Precinct 10",Write-in,Republican,0,0,0,0
Monroe County Drain Commissioner Partial Term Ending 12/31/2028 (REP),01000000-7906-3232-479c-08deebf6b063,"Bedford Township, Precinct 11","Greg Moore, Jr.",Republican,99,44,51,4
Monroe County Drain Commissioner Partial Term Ending 12/31/2028 (REP),01000000-7906-3232-479c-08deebf6b063,"Bedford Township, Precinct 11",Jenna Morse,Republican,119,55,61,3
Monroe County Drain Commissioner Partial Term Ending 12/31/2028 (REP),01000000-7906-3232-479c-08deebf6b063,"Bedford Township, Precinct 11",Kristy Svatek-Whitson,Republican,46,21,23,2
Monroe County Drain Commissioner Partial Term Ending 12/31/2028 (REP),01000000-7906-3232-479c-08deebf6b063,"Bedford Township, Precinct 11",Write-in,Republican,1,1,0,0
Monroe County Drain Commissioner Partial Term Ending 12/31/2028 (REP),01000000-7906-3232-479c-08deebf6b063,"Bedford Township, Precinct 12","Greg Moore, Jr.",Republican,88,44,43,1
Monroe County Drain Commissioner Partial Term Ending 12/31/2028 (REP),01000000-7906-3232-479c-08deebf6b063,"Bedford Township, Precinct 12",Jenna Morse,Republican,70,29,40,1
Monroe County Drain Commissioner Partial Term Ending 12/31/2028 (REP),01000000-7906-3232-479c-08deebf6b063,"Bedford Township, Precinct 12",Kristy Svatek-Whitson,Republican,47,24,22,1
Monroe County Drain Commissioner Partial Term Ending 12/31/2028 (REP),01000000-7906-3232-479c-08deebf6b063,"Bedford Township, Precinct 12",Write-in,Republican,0,0,0,0
Monroe County Drain Commissioner Partial Term Ending 12/31/2028 (REP),01000000-7906-3232-479c-08deebf6b063,"Bedford Township, Precinct 13","Greg Moore, Jr.",Republican,106,53,43,10
Monroe County Drain Commissioner Partial Term Ending 12/31/2028 (REP),01000000-7906-3232-479c-08deebf6b063,"Bedford Township, Precinct 13",Jenna Morse,Republican,94,49,41,4
Monroe County Drain Commissioner Partial Term Ending 12/31/2028 (REP),01000000-7906-3232-479c-08deebf6b063,"Bedford Township, Precinct 13",Kristy Svatek-Whitson,Republican,30,15,14,1
Monroe County Drain Commissioner Partial Term Ending 12/31/2028 (REP),01000000-7906-3232-479c-08deebf6b063,"Bedford Township, Precinct 13",Write-in,Republican,0,0,0,0
Monroe County Drain Commissioner Partial Term Ending 12/31/2028 (REP),01000000-7906-3232-479c-08deebf6b063,"Bedford Township, Precinct 14","Greg Moore, Jr.",Republican,45,20,24,1
Monroe County Drain Commissioner Partial Term Ending 12/31/2028 (REP),01000000-7906-3232-479c-08deebf6b063,"Bedford Township, Precinct 14",Jenna Morse,Republican,44,21,21,2
Monroe County Drain Commissioner Partial Term Ending 12/31/2028 (REP),01000000-7906-3232-479c-08deebf6b063,"Bedford Township, Precinct 14",Kristy Svatek-Whitson,Republican,26,11,15,0
Monroe County Drain Commissioner Partial Term Ending 12/31/2028 (REP),01000000-7906-3232-479c-08deebf6b063,"Bedford Township, Precinct 14",Write-in,Republican,1,1,0,0
Monroe County Drain Commissioner Partial Term Ending 12/31/2028 (REP),01000000-7906-3232-479c-08deebf6b063,"Berlin Township, Precinct 1","Greg Moore, Jr.",Republican,73,42,25,6
Monroe County Drain Commissioner Partial Term Ending 12/31/2028 (REP),01000000-7906-3232-479c-08deebf6b063,"Berlin Township, Precinct 1",Jenna Morse,Republican,66,40,19,7
Monroe County Drain Commissioner Partial Term Ending 12/31/2028 (REP),01000000-7906-3232-479c-08deebf6b063,"Berlin Township, Precinct 1",Kristy Svatek-Whitson,Republican,51,24,22,5
Monroe County Drain Commissioner Partial Term Ending 12/31/2028 (REP),01000000-7906-3232-479c-08deebf6b063,"Berlin Township, Precinct 1",Write-in,Republican,3,3,0,0
Monroe County Drain Commissioner Partial Term Ending 12/31/2028 (REP),01000000-7906-3232-479c-08deebf6b063,"Berlin Township, Precinct 2","Greg Moore, Jr.",Republican,169,77,81,11
Monroe County Drain Commissioner Partial Term Ending 12/31/2028 (REP),01000000-7906-3232-479c-08deebf6b063,"Berlin Township, Precinct 2",Jenna Morse,Republican,126,50,72,4
Monroe County Drain Commissioner Partial Term Ending 12/31/2028 (REP),01000000-7906-3232-479c-08deebf6b063,"Berlin Township, Precinct 2",Kristy Svatek-Whitson,Republican,21,10,11,0
Monroe County Drain Commissioner Partial Term Ending 12/31/2028 (REP),01000000-7906-3232-479c-08deebf6b063,"Berlin Township, Precinct 2",Write-in,Republican,3,3,0,0
Monroe County Drain Commissioner Partial Term Ending 12/31/2028 (REP),01000000-7906-3232-479c-08deebf6b063,"Berlin Township, Precinct 3","Greg Moore, Jr.",Republican,84,43,36,5
Monroe County Drain Commissioner Partial Term Ending 12/31/2028 (REP),01000000-7906-3232-479c-08deebf6b063,"Berlin Township, Precinct 3",Jenna Morse,Republican,95,51,39,5
Monroe County Drain Commissioner Partial Term Ending 12/31/2028 (REP),01000000-7906-3232-479c-08deebf6b063,"Berlin Township, Precinct 3",Kristy Svatek-Whitson,Republican,20,12,8,0
Monroe County Drain Commissioner Partial Term Ending 12/31/2028 (REP),01000000-7906-3232-479c-08deebf6b063,"Berlin Township, Precinct 3",Write-in,Republican,2,2,0,0
Monroe County Drain Commissioner Partial Term Ending 12/31/2028 (REP),01000000-7906-3232-479c-08deebf6b063,"Berlin Township, Precinct 4","Greg Moore, Jr.",Republican,123,65,48,10
Monroe County Drain Commissioner Partial Term Ending 12/31/2028 (REP),01000000-7906-3232-479c-08deebf6b063,"Berlin Township, Precinct 4",Jenna Morse,Republican,112,67,37,8
Monroe County Drain Commissioner Partial Term Ending 12/31/2028 (REP),01000000-7906-3232-479c-08deebf6b063,"Berlin Township, Precinct 4",Kristy Svatek-Whitson,Republican,61,41,18,2
Monroe County Drain Commissioner Partial Term Ending 12/31/2028 (REP),01000000-7906-3232-479c-08deebf6b063,"Berlin Township, Precinct 4",Write-in,Republican,3,3,0,0
Monroe County Drain Commissioner Partial Term Ending 12/31/2028 (REP),01000000-7906-3232-479c-08deebf6b063,"Dundee Township, Precinct 1","Greg Moore, Jr.",Republican,55,55,0,0
Monroe County Drain Commissioner Partial Term Ending 12/31/2028 (REP),01000000-7906-3232-479c-08deebf6b063,"Dundee Township, Precinct 1",Jenna Morse,Republican,63,61,0,2
Monroe County Drain Commissioner Partial Term Ending 12/31/2028 (REP),01000000-7906-3232-479c-08deebf6b063,"Dundee Township, Precinct 1",Kristy Svatek-Whitson,Republican,11,11,0,0
Monroe County Drain Commissioner Partial Term Ending 12/31/2028 (REP),01000000-7906-3232-479c-08deebf6b063,"Dundee Township, Precinct 1",Write-in,Republican,0,0,0,0
Monroe County Drain Commissioner Partial Term Ending 12/31/2028 (REP),01000000-7906-3232-479c-08deebf6b063,"Dundee Township, Precinct 2","Greg Moore, Jr.",Republican,77,74,0,3
Monroe County Drain Commissioner Partial Term Ending 12/31/2028 (REP),01000000-7906-3232-479c-08deebf6b063,"Dundee Township, Precinct 2",Jenna Morse,Republican,133,127,0,6
Monroe County Drain Commissioner Partial Term Ending 12/31/2028 (REP),01000000-7906-3232-479c-08deebf6b063,"Dundee Township, Precinct 2",Kristy Svatek-Whitson,Republican,23,22,0,1
Monroe County Drain Commissioner Partial Term Ending 12/31/2028 (REP),01000000-7906-3232-479c-08deebf6b063,"Dundee Township, Precinct 2",Write-in,Republican,1,1,0,0
Monroe County Drain Commissioner Partial Term Ending 12/31/2028 (REP),01000000-7906-3232-479c-08deebf6b063,"Dundee Township, Precinct 3","Greg Moore, Jr.",Republican,104,103,0,1
Monroe County Drain Commissioner Partial Term Ending 12/31/2028 (REP),01000000-7906-3232-479c-08deebf6b063,"Dundee Township, Precinct 3",Jenna Morse,Republican,153,147,0,6
Monroe County Drain Commissioner Partial Term Ending 12/31/2028 (REP),01000000-7906-3232-479c-08deebf6b063,"Dundee Township, Precinct 3",Kristy Svatek-Whitson,Republican,61,57,0,4
Monroe County Drain Commissioner Partial Term Ending 12/31/2028 (REP),01000000-7906-3232-479c-08deebf6b063,"Dundee Township, Precinct 3",Write-in,Republican,1,1,0,0
Monroe County Drain Commissioner Partial Term Ending 12/31/2028 (REP),01000000-7906-3232-479c-08deebf6b063,"Erie Township, Precinct 1","Greg Moore, Jr.",Republican,189,104,75,10
Monroe County Drain Commissioner Partial Term Ending 12/31/2028 (REP),01000000-7906-3232-479c-08deebf6b063,"Erie Township, Precinct 1",Jenna Morse,Republican,182,73,100,9
Monroe County Drain Commissioner Partial Term Ending 12/31/2028 (REP),01000000-7906-3232-479c-08deebf6b063,"Erie Township, Precinct 1",Kristy Svatek-Whitson,Republican,60,27,31,2
Monroe County Drain Commissioner Partial Term Ending 12/31/2028 (REP),01000000-7906-3232-479c-08deebf6b063,"Erie Township, Precinct 1",Write-in,Republican,4,1,3,0
Monroe County Drain Commissioner Partial Term Ending 12/31/2028 (REP),01000000-7906-3232-479c-08deebf6b063,"Exeter Township, Precinct 1","Greg Moore, Jr.",Republican,79,77,0,2
Monroe County Drain Commissioner Partial Term Ending 12/31/2028 (REP),01000000-7906-3232-479c-08deebf6b063,"Exeter Township, Precinct 1",Jenna Morse,Republican,155,154,0,1
Monroe County Drain Commissioner Partial Term Ending 12/31/2028 (REP),01000000-7906-3232-479c-08deebf6b063,"Exeter Township, Precinct 1",Kristy Svatek-Whitson,Republican,28,28,0,0
Monroe County Drain Commissioner Partial Term Ending 12/31/2028 (REP),01000000-7906-3232-479c-08deebf6b063,"Exeter Township, Precinct 1",Write-in,Republican,2,2,0,0
Monroe County Drain Commissioner Partial Term Ending 12/31/2028 (REP),01000000-7906-3232-479c-08deebf6b063,"Exeter Township, Precinct 2","Greg Moore, Jr.",Republican,96,91,0,5
Monroe County Drain Commissioner Partial Term Ending 12/31/2028 (REP),01000000-7906-3232-479c-08deebf6b063,"Exeter Township, Precinct 2",Jenna Morse,Republican,115,114,0,1
Monroe County Drain Commissioner Partial Term Ending 12/31/2028 (REP),01000000-7906-3232-479c-08deebf6b063,"Exeter Township, Precinct 2",Kristy Svatek-Whitson,Republican,35,34,0,1
Monroe County Drain Commissioner Partial Term Ending 12/31/2028 (REP),01000000-7906-3232-479c-08deebf6b063,"Exeter Township, Precinct 2",Write-in,Republican,4,4,0,0
Monroe County Drain Commissioner Partial Term Ending 12/31/2028 (REP),01000000-7906-3232-479c-08deebf6b063,"Frenchtown Township, Precinct 1","Greg Moore, Jr.",Republican,66,22,44,0
Monroe County Drain Commissioner Partial Term Ending 12/31/2028 (REP),01000000-7906-3232-479c-08deebf6b063,"Frenchtown Township, Precinct 1",Jenna Morse,Republican,60,29,30,1
Monroe County Drain Commissioner Partial Term Ending 12/31/2028 (REP),01000000-7906-3232-479c-08deebf6b063,"Frenchtown Township, Precinct 1",Kristy Svatek-Whitson,Republican,13,7,6,0
Monroe County Drain Commissioner Partial Term Ending 12/31/2028 (REP),01000000-7906-3232-479c-08deebf6b063,"Frenchtown Township, Precinct 1",Write-in,Republican,0,0,0,0
Monroe County Drain Commissioner Partial Term Ending 12/31/2028 (REP),01000000-7906-3232-479c-08deebf6b063,"Frenchtown Township, Precinct 2","Greg Moore, Jr.",Republican,72,34,35,3
Monroe County Drain Commissioner Partial Term Ending 12/31/2028 (REP),01000000-7906-3232-479c-08deebf6b063,"Frenchtown Township, Precinct 2",Jenna Morse,Republican,81,45,33,3
Monroe County Drain Commissioner Partial Term Ending 12/31/2028 (REP),01000000-7906-3232-479c-08deebf6b063,"Frenchtown Township, Precinct 2",Kristy Svatek-Whitson,Republican,17,11,6,0
Monroe County Drain Commissioner Partial Term Ending 12/31/2028 (REP),01000000-7906-3232-479c-08deebf6b063,"Frenchtown Township, Precinct 2",Write-in,Republican,0,0,0,0
Monroe County Drain Commissioner Partial Term Ending 12/31/2028 (REP),01000000-7906-3232-479c-08deebf6b063,"Frenchtown Township, Precinct 3","Greg Moore, Jr.",Republican,114,56,52,6
Monroe County Drain Commissioner Partial Term Ending 12/31/2028 (REP),01000000-7906-3232-479c-08deebf6b063,"Frenchtown Township, Precinct 3",Jenna Morse,Republican,74,36,37,1
Monroe County Drain Commissioner Partial Term Ending 12/31/2028 (REP),01000000-7906-3232-479c-08deebf6b063,"Frenchtown Township, Precinct 3",Kristy Svatek-Whitson,Republican,45,27,15,3
Monroe County Drain Commissioner Partial Term Ending 12/31/2028 (REP),01000000-7906-3232-479c-08deebf6b063,"Frenchtown Township, Precinct 3",Write-in,Republican,3,2,1,0
Monroe County Drain Commissioner Partial Term Ending 12/31/2028 (REP),01000000-7906-3232-479c-08deebf6b063,"Frenchtown Township, Precinct 4","Greg Moore, Jr.",Republican,112,29,78,5
Monroe County Drain Commissioner Partial Term Ending 12/31/2028 (REP),01000000-7906-3232-479c-08deebf6b063,"Frenchtown Township, Precinct 4",Jenna Morse,Republican,133,24,103,6
Monroe County Drain Commissioner Partial Term Ending 12/31/2028 (REP),01000000-7906-3232-479c-08deebf6b063,"Frenchtown Township, Precinct 4",Kristy Svatek-Whitson,Republican,20,8,11,1
Monroe County Drain Commissioner Partial Term Ending 12/31/2028 (REP),01000000-7906-3232-479c-08deebf6b063,"Frenchtown Township, Precinct 4",Write-in,Republican,1,0,1,0
Monroe County Drain Commissioner Partial Term Ending 12/31/2028 (REP),01000000-7906-3232-479c-08deebf6b063,"Frenchtown Township, Precinct 5","Greg Moore, Jr.",Republican,60,24,31,5
Monroe County Drain Commissioner Partial Term Ending 12/31/2028 (REP),01000000-7906-3232-479c-08deebf6b063,"Frenchtown Township, Precinct 5",Jenna Morse,Republican,56,24,31,1
Monroe County Drain Commissioner Partial Term Ending 12/31/2028 (REP),01000000-7906-3232-479c-08deebf6b063,"Frenchtown Township, Precinct 5",Kristy Svatek-Whitson,Republican,10,4,4,2
Monroe County Drain Commissioner Partial Term Ending 12/31/2028 (REP),01000000-7906-3232-479c-08deebf6b063,"Frenchtown Township, Precinct 5",Write-in,Republican,1,0,1,0
Monroe County Drain Commissioner Partial Term Ending 12/31/2028 (REP),01000000-7906-3232-479c-08deebf6b063,"Frenchtown Township, Precinct 6","Greg Moore, Jr.",Republican,146,70,73,3
Monroe County Drain Commissioner Partial Term Ending 12/31/2028 (REP),01000000-7906-3232-479c-08deebf6b063,"Frenchtown Township, Precinct 6",Jenna Morse,Republican,77,40,28,9
Monroe County Drain Commissioner Partial Term Ending 12/31/2028 (REP),01000000-7906-3232-479c-08deebf6b063,"Frenchtown Township, Precinct 6",Kristy Svatek-Whitson,Republican,41,23,12,6
Monroe County Drain Commissioner Partial Term Ending 12/31/2028 (REP),01000000-7906-3232-479c-08deebf6b063,"Frenchtown Township, Precinct 6",Write-in,Republican,4,3,0,1
Monroe County Drain Commissioner Partial Term Ending 12/31/2028 (REP),01000000-7906-3232-479c-08deebf6b063,"Frenchtown Township, Precinct 7","Greg Moore, Jr.",Republican,164,45,112,7
Monroe County Drain Commissioner Partial Term Ending 12/31/2028 (REP),01000000-7906-3232-479c-08deebf6b063,"Frenchtown Township, Precinct 7",Jenna Morse,Republican,134,45,84,5
Monroe County Drain Commissioner Partial Term Ending 12/31/2028 (REP),01000000-7906-3232-479c-08deebf6b063,"Frenchtown Township, Precinct 7",Kristy Svatek-Whitson,Republican,33,9,21,3
Monroe County Drain Commissioner Partial Term Ending 12/31/2028 (REP),01000000-7906-3232-479c-08deebf6b063,"Frenchtown Township, Precinct 7",Write-in,Republican,3,1,2,0
Monroe County Drain Commissioner Partial Term Ending 12/31/2028 (REP),01000000-7906-3232-479c-08deebf6b063,"Frenchtown Township, Precinct 8","Greg Moore, Jr.",Republican,84,37,44,3
Monroe County Drain Commissioner Partial Term Ending 12/31/2028 (REP),01000000-7906-3232-479c-08deebf6b063,"Frenchtown Township, Precinct 8",Jenna Morse,Republican,94,50,42,2
Monroe County Drain Commissioner Partial Term Ending 12/31/2028 (REP),01000000-7906-3232-479c-08deebf6b063,"Frenchtown Township, Precinct 8",Kristy Svatek-Whitson,Republican,26,13,13,0
Monroe County Drain Commissioner Partial Term Ending 12/31/2028 (REP),01000000-7906-3232-479c-08deebf6b063,"Frenchtown Township, Precinct 8",Write-in,Republican,5,4,1,0
Monroe County Drain Commissioner Partial Term Ending 12/31/2028 (REP),01000000-7906-3232-479c-08deebf6b063,"Frenchtown Township, Precinct 9","Greg Moore, Jr.",Republican,62,23,37,2
Monroe County Drain Commissioner Partial Term Ending 12/31/2028 (REP),01000000-7906-3232-479c-08deebf6b063,"Frenchtown Township, Precinct 9",Jenna Morse,Republican,87,36,43,8
Monroe County Drain Commissioner Partial Term Ending 12/31/2028 (REP),01000000-7906-3232-479c-08deebf6b063,"Frenchtown Township, Precinct 9",Kristy Svatek-Whitson,Republican,29,16,12,1
Monroe County Drain Commissioner Partial Term Ending 12/31/2028 (REP),01000000-7906-3232-479c-08deebf6b063,"Frenchtown Township, Precinct 9",Write-in,Republican,1,1,0,0
Monroe County Drain Commissioner Partial Term Ending 12/31/2028 (REP),01000000-7906-3232-479c-08deebf6b063,"Ida Township, Precinct 1","Greg Moore, Jr.",Republican,81,45,33,3
Monroe County Drain Commissioner Partial Term Ending 12/31/2028 (REP),01000000-7906-3232-479c-08deebf6b063,"Ida Township, Precinct 1",Jenna Morse,Republican,152,73,68,11
Monroe County Drain Commissioner Partial Term Ending 12/31/2028 (REP),01000000-7906-3232-479c-08deebf6b063,"Ida Township, Precinct 1",Kristy Svatek-Whitson,Republican,78,41,32,5
Monroe County Drain Commissioner Partial Term Ending 12/31/2028 (REP),01000000-7906-3232-479c-08deebf6b063,"Ida Township, Precinct 1",Write-in,Republican,4,3,1,0
Monroe County Drain Commissioner Partial Term Ending 12/31/2028 (REP),01000000-7906-3232-479c-08deebf6b063,"Ida Township, Precinct 2","Greg Moore, Jr.",Republican,53,32,21,0
Monroe County Drain Commissioner Partial Term Ending 12/31/2028 (REP),01000000-7906-3232-479c-08deebf6b063,"Ida Township, Precinct 2",Jenna Morse,Republican,147,68,72,7
Monroe County Drain Commissioner Partial Term Ending 12/31/2028 (REP),01000000-7906-3232-479c-08deebf6b063,"Ida Township, Precinct 2",Kristy Svatek-Whitson,Republican,59,27,27,5
Monroe County Drain Commissioner Partial Term Ending 12/31/2028 (REP),01000000-7906-3232-479c-08deebf6b063,"Ida Township, Precinct 2",Write-in,Republican,2,1,1,0
Monroe County Drain Commissioner Partial Term Ending 12/31/2028 (REP),01000000-7906-3232-479c-08deebf6b063,"La Salle Township, Precinct 1","Greg Moore, Jr.",Republican,111,60,45,6
Monroe County Drain Commissioner Partial Term Ending 12/31/2028 (REP),01000000-7906-3232-479c-08deebf6b063,"La Salle Township, Precinct 1",Jenna Morse,Republican,124,50,63,11
Monroe County Drain Commissioner Partial Term Ending 12/31/2028 (REP),01000000-7906-3232-479c-08deebf6b063,"La Salle Township, Precinct 1",Kristy Svatek-Whitson,Republican,32,20,10,2
Monroe County Drain Commissioner Partial Term Ending 12/31/2028 (REP),01000000-7906-3232-479c-08deebf6b063,"La Salle Township, Precinct 1",Write-in,Republican,2,2,0,0
Monroe County Drain Commissioner Partial Term Ending 12/31/2028 (REP),01000000-7906-3232-479c-08deebf6b063,"La Salle Township, Precinct 2","Greg Moore, Jr.",Republican,140,58,76,6
Monroe County Drain Commissioner Partial Term Ending 12/31/2028 (REP),01000000-7906-3232-479c-08deebf6b063,"La Salle Township, Precinct 2",Jenna Morse,Republican,144,62,64,18
Monroe County Drain Commissioner Partial Term Ending 12/31/2028 (REP),01000000-7906-3232-479c-08deebf6b063,"La Salle Township, Precinct 2",Kristy Svatek-Whitson,Republican,55,26,29,0
Monroe County Drain Commissioner Partial Term Ending 12/31/2028 (REP),01000000-7906-3232-479c-08deebf6b063,"La Salle Township, Precinct 2",Write-in,Republican,1,1,0,0
Monroe County Drain Commissioner Partial Term Ending 12/31/2028 (REP),01000000-7906-3232-479c-08deebf6b063,"London Township, Precinct 1","Greg Moore, Jr.",Republican,115,104,0,11
Monroe County Drain Commissioner Partial Term Ending 12/31/2028 (REP),01000000-7906-3232-479c-08deebf6b063,"London Township, Precinct 1",Jenna Morse,Republican,161,150,0,11
Monroe County Drain Commissioner Partial Term Ending 12/31/2028 (REP),01000000-7906-3232-479c-08deebf6b063,"London Township, Precinct 1",Kristy Svatek-Whitson,Republican,47,44,0,3
Monroe County Drain Commissioner Partial Term Ending 12/31/2028 (REP),01000000-7906-3232-479c-08deebf6b063,"London Township, Precinct 1",Write-in,Republican,4,4,0,0
Monroe County Drain Commissioner Partial Term Ending 12/31/2028 (REP),01000000-7906-3232-479c-08deebf6b063,"Milan Township, Precinct 1","Greg Moore, Jr.",Republican,86,86,0,0
Monroe County Drain Commissioner Partial Term Ending 12/31/2028 (REP),01000000-7906-3232-479c-08deebf6b063,"Milan Township, Precinct 1",Jenna Morse,Republican,66,64,0,2
Monroe County Drain Commissioner Partial Term Ending 12/31/2028 (REP),01000000-7906-3232-479c-08deebf6b063,"Milan Township, Precinct 1",Kristy Svatek-Whitson,Republican,24,24,0,0
Monroe County Drain Commissioner Partial Term Ending 12/31/2028 (REP),01000000-7906-3232-479c-08deebf6b063,"Milan Township, Precinct 1",Write-in,Republican,1,1,0,0
Monroe County Drain Commissioner Partial Term Ending 12/31/2028 (REP),01000000-7906-3232-479c-08deebf6b063,"Monroe Charter Township, Precinct 1","Greg Moore, Jr.",Republican,54,23,30,1
Monroe County Drain Commissioner Partial Term Ending 12/31/2028 (REP),01000000-7906-3232-479c-08deebf6b063,"Monroe Charter Township, Precinct 1",Jenna Morse,Republican,80,39,37,4
Monroe County Drain Commissioner Partial Term Ending 12/31/2028 (REP),01000000-7906-3232-479c-08deebf6b063,"Monroe Charter Township, Precinct 1",Kristy Svatek-Whitson,Republican,19,6,13,0
Monroe County Drain Commissioner Partial Term Ending 12/31/2028 (REP),01000000-7906-3232-479c-08deebf6b063,"Monroe Charter Township, Precinct 1",Write-in,Republican,0,0,0,0
Monroe County Drain Commissioner Partial Term Ending 12/31/2028 (REP),01000000-7906-3232-479c-08deebf6b063,"Monroe Charter Township, Precinct 2","Greg Moore, Jr.",Republican,36,14,21,1
Monroe County Drain Commissioner Partial Term Ending 12/31/2028 (REP),01000000-7906-3232-479c-08deebf6b063,"Monroe Charter Township, Precinct 2",Jenna Morse,Republican,36,11,23,2
Monroe County Drain Commissioner Partial Term Ending 12/31/2028 (REP),01000000-7906-3232-479c-08deebf6b063,"Monroe Charter Township, Precinct 2",Kristy Svatek-Whitson,Republican,17,7,9,1
Monroe County Drain Commissioner Partial Term Ending 12/31/2028 (REP),01000000-7906-3232-479c-08deebf6b063,"Monroe Charter Township, Precinct 2",Write-in,Republican,0,0,0,0
Monroe County Drain Commissioner Partial Term Ending 12/31/2028 (REP),01000000-7906-3232-479c-08deebf6b063,"Monroe Charter Township, Precinct 3","Greg Moore, Jr.",Republican,75,34,41,0
Monroe County Drain Commissioner Partial Term Ending 12/31/2028 (REP),01000000-7906-3232-479c-08deebf6b063,"Monroe Charter Township, Precinct 3",Jenna Morse,Republican,55,25,29,1
Monroe County Drain Commissioner Partial Term Ending 12/31/2028 (REP),01000000-7906-3232-479c-08deebf6b063,"Monroe Charter Township, Precinct 3",Kristy Svatek-Whitson,Republican,31,18,9,4
Monroe County Drain Commissioner Partial Term Ending 12/31/2028 (REP),01000000-7906-3232-479c-08deebf6b063,"Monroe Charter Township, Precinct 3",Write-in,Republican,2,1,1,0
Monroe County Drain Commissioner Partial Term Ending 12/31/2028 (REP),01000000-7906-3232-479c-08deebf6b063,"Monroe Charter Township, Precinct 4","Greg Moore, Jr.",Republican,77,35,42,0
Monroe County Drain Commissioner Partial Term Ending 12/31/2028 (REP),01000000-7906-3232-479c-08deebf6b063,"Monroe Charter Township, Precinct 4",Jenna Morse,Republican,114,38,71,5
Monroe County Drain Commissioner Partial Term Ending 12/31/2028 (REP),01000000-7906-3232-479c-08deebf6b063,"Monroe Charter Township, Precinct 4",Kristy Svatek-Whitson,Republican,31,17,11,3
Monroe County Drain Commissioner Partial Term Ending 12/31/2028 (REP),01000000-7906-3232-479c-08deebf6b063,"Monroe Charter Township, Precinct 4",Write-in,Republican,1,1,0,0
Monroe County Drain Commissioner Partial Term Ending 12/31/2028 (REP),01000000-7906-3232-479c-08deebf6b063,"Monroe Charter Township, Precinct 5","Greg Moore, Jr.",Republican,147,57,84,6
Monroe County Drain Commissioner Partial Term Ending 12/31/2028 (REP),01000000-7906-3232-479c-08deebf6b063,"Monroe Charter Township, Precinct 5",Jenna Morse,Republican,184,78,96,10
Monroe County Drain Commissioner Partial Term Ending 12/31/2028 (REP),01000000-7906-3232-479c-08deebf6b063,"Monroe Charter Township, Precinct 5",Kristy Svatek-Whitson,Republican,40,14,23,3
Monroe County Drain Commissioner Partial Term Ending 12/31/2028 (REP),01000000-7906-3232-479c-08deebf6b063,"Monroe Charter Township, Precinct 5",Write-in,Republican,1,0,1,0
Monroe County Drain Commissioner Partial Term Ending 12/31/2028 (REP),01000000-7906-3232-479c-08deebf6b063,"Monroe Charter Township, Precinct 6","Greg Moore, Jr.",Republican,86,27,56,3
Monroe County Drain Commissioner Partial Term Ending 12/31/2028 (REP),01000000-7906-3232-479c-08deebf6b063,"Monroe Charter Township, Precinct 6",Jenna Morse,Republican,129,53,70,6
Monroe County Drain Commissioner Partial Term Ending 12/31/2028 (REP),01000000-7906-3232-479c-08deebf6b063,"Monroe Charter Township, Precinct 6",Kristy Svatek-Whitson,Republican,39,9,29,1
Monroe County Drain Commissioner Partial Term Ending 12/31/2028 (REP),01000000-7906-3232-479c-08deebf6b063,"Monroe Charter Township, Precinct 6",Write-in,Republican,2,0,2,0
Monroe County Drain Commissioner Partial Term Ending 12/31/2028 (REP),01000000-7906-3232-479c-08deebf6b063,"Raisinville Township, Precinct 1","Greg Moore, Jr.",Republican,159,63,95,1
Monroe County Drain Commissioner Partial Term Ending 12/31/2028 (REP),01000000-7906-3232-479c-08deebf6b063,"Raisinville Township, Precinct 1",Jenna Morse,Republican,260,92,148,20
Monroe County Drain Commissioner Partial Term Ending 12/31/2028 (REP),01000000-7906-3232-479c-08deebf6b063,"Raisinville Township, Precinct 1",Kristy Svatek-Whitson,Republican,44,19,25,0
Monroe County Drain Commissioner Partial Term Ending 12/31/2028 (REP),01000000-7906-3232-479c-08deebf6b063,"Raisinville Township, Precinct 1",Write-in,Republican,0,0,0,0
Monroe County Drain Commissioner Partial Term Ending 12/31/2028 (REP),01000000-7906-3232-479c-08deebf6b063,"Raisinville Township, Precinct 2","Greg Moore, Jr.",Republican,97,33,61,3
Monroe County Drain Commissioner Partial Term Ending 12/31/2028 (REP),01000000-7906-3232-479c-08deebf6b063,"Raisinville Township, Precinct 2",Jenna Morse,Republican,242,92,139,11
Monroe County Drain Commissioner Partial Term Ending 12/31/2028 (REP),01000000-7906-3232-479c-08deebf6b063,"Raisinville Township, Precinct 2",Kristy Svatek-Whitson,Republican,46,19,27,0
Monroe County Drain Commissioner Partial Term Ending 12/31/2028 (REP),01000000-7906-3232-479c-08deebf6b063,"Raisinville Township, Precinct 2",Write-in,Republican,2,2,0,0
Monroe County Drain Commissioner Partial Term Ending 12/31/2028 (REP),01000000-7906-3232-479c-08deebf6b063,"Summerfield Township, Precinct 1","Greg Moore, Jr.",Republican,108,51,54,3
Monroe County Drain Commissioner Partial Term Ending 12/31/2028 (REP),01000000-7906-3232-479c-08deebf6b063,"Summerfield Township, Precinct 1",Jenna Morse,Republican,160,68,88,4
Monroe County Drain Commissioner Partial Term Ending 12/31/2028 (REP),01000000-7906-3232-479c-08deebf6b063,"Summerfield Township, Precinct 1",Kristy Svatek-Whitson,Republican,70,32,35,3
Monroe County Drain Commissioner Partial Term Ending 12/31/2028 (REP),01000000-7906-3232-479c-08deebf6b063,"Summerfield Township, Precinct 1",Write-in,Republican,1,0,1,0
Monroe County Drain Commissioner Partial Term Ending 12/31/2028 (REP),01000000-7906-3232-479c-08deebf6b063,"Whiteford Township, Precinct 1","Greg Moore, Jr.",Republican,91,47,36,8
Monroe County Drain Commissioner Partial Term Ending 12/31/2028 (REP),01000000-7906-3232-479c-08deebf6b063,"Whiteford Township, Precinct 1",Jenna Morse,Republican,112,46,47,19
Monroe County Drain Commissioner Partial Term Ending 12/31/2028 (REP),01000000-7906-3232-479c-08deebf6b063,"Whiteford Township, Precinct 1",Kristy Svatek-Whitson,Republican,34,14,17,3
Monroe County Drain Commissioner Partial Term Ending 12/31/2028 (REP),01000000-7906-3232-479c-08deebf6b063,"Whiteford Township, Precinct 1",Write-in,Republican,2,2,0,0
Monroe County Drain Commissioner Partial Term Ending 12/31/2028 (REP),01000000-7906-3232-479c-08deebf6b063,"Whiteford Township, Precinct 2","Greg Moore, Jr.",Republican,67,39,22,6
Monroe County Drain Commissioner Partial Term Ending 12/31/2028 (REP),01000000-7906-3232-479c-08deebf6b063,"Whiteford Township, Precinct 2",Jenna Morse,Republican,164,78,69,17
Monroe County Drain Commissioner Partial Term Ending 12/31/2028 (REP),01000000-7906-3232-479c-08deebf6b063,"Whiteford Township, Precinct 2",Kristy Svatek-Whitson,Republican,28,18,7,3
Monroe County Drain Commissioner Partial Term Ending 12/31/2028 (REP),01000000-7906-3232-479c-08deebf6b063,"Whiteford Township, Precinct 2",Write-in,Republican,0,0,0,0
Monroe County Drain Commissioner Partial Term Ending 12/31/2028 (REP),01000000-7906-3232-479c-08deebf6b063,City of Milan (Out of County),"Greg Moore, Jr.",Republican,94,92,0,2
Monroe County Drain Commissioner Partial Term Ending 12/31/2028 (REP),01000000-7906-3232-479c-08deebf6b063,City of Milan (Out of County),Jenna Morse,Republican,28,24,0,4
Monroe County Drain Commissioner Partial Term Ending 12/31/2028 (REP),01000000-7906-3232-479c-08deebf6b063,City of Milan (Out of County),Kristy Svatek-Whitson,Republican,14,14,0,0
Monroe County Drain Commissioner Partial Term Ending 12/31/2028 (REP),01000000-7906-3232-479c-08deebf6b063,City of Milan (Out of County),Write-in,Republican,0,0,0,0
"Delegate to County Convention for Berlin Township, Precinct 3 (REP)",01000000-7906-3232-572b-08deebf6b063,"Berlin Township, Precinct 3",Write-in,Republican,25,11,4,10
"Delegate to County Convention for City of Luna Pier, Precinct 1 (REP)",01000000-7906-3232-4b15-08deebf6b063,"City of Luna Pier, Precinct 1",Write-in,Republican,11,11,0,0
"Delegate to County Convention for City of Monroe, Precinct 6 (DEM)",01000000-7906-3232-2b7b-08deebf6b063,"City of Monroe, Precinct 6",Scott E. Behrens,Democrat,270,109,147,14
"Delegate to County Convention for City of Monroe, Precinct 6 (DEM)",01000000-7906-3232-2b7b-08deebf6b063,"City of Monroe, Precinct 6",Write-in,Democrat,3,0,3,0
Representative in State Legislature 28th District (REP),01000000-7906-3232-45d4-08deebf6b063,"Berlin Township, Precinct 1",Jamie Thompson,Republican,222,123,80,19
Representative in State Legislature 28th District (REP),01000000-7906-3232-45d4-08deebf6b063,"Berlin Township, Precinct 1",Write-in,Republican,1,0,1,0
Representative in State Legislature 28th District (REP),01000000-7906-3232-45d4-08deebf6b063,"Berlin Township, Precinct 2",Jamie Thompson,Republican,331,149,165,17
Representative in State Legislature 28th District (REP),01000000-7906-3232-45d4-08deebf6b063,"Berlin Township, Precinct 2",Write-in,Republican,2,1,1,0
Representative in State Legislature 28th District (REP),01000000-7906-3232-45d4-08deebf6b063,"Berlin Township, Precinct 3",Jamie Thompson,Republican,231,120,98,13
Representative in State Legislature 28th District (REP),01000000-7906-3232-45d4-08deebf6b063,"Berlin Township, Precinct 3",Write-in,Republican,1,1,0,0
Representative in State Legislature 28th District (REP),01000000-7906-3232-45d4-08deebf6b063,"Berlin Township, Precinct 4",Jamie Thompson,Republican,331,187,122,22
Representative in State Legislature 28th District (REP),01000000-7906-3232-45d4-08deebf6b063,"Berlin Township, Precinct 4",Write-in,Republican,1,1,0,0
Representative in State Legislature 28th District (REP),01000000-7906-3232-45d4-08deebf6b063,"Frenchtown Township, Precinct 2",Jamie Thompson,Republican,177,95,76,6
Representative in State Legislature 28th District (REP),01000000-7906-3232-45d4-08deebf6b063,"Frenchtown Township, Precinct 2",Write-in,Republican,0,0,0,0
Representative in State Legislature 28th District (REP),01000000-7906-3232-45d4-08deebf6b063,"Frenchtown Township, Precinct 3",Jamie Thompson,Republican,249,133,104,12
Representative in State Legislature 28th District (REP),01000000-7906-3232-45d4-08deebf6b063,"Frenchtown Township, Precinct 3",Write-in,Republican,0,0,0,0
Representative in State Legislature 28th District (REP),01000000-7906-3232-45d4-08deebf6b063,"Frenchtown Township, Precinct 5",Jamie Thompson,Republican,128,52,68,8
Representative in State Legislature 28th District (REP),01000000-7906-3232-45d4-08deebf6b063,"Frenchtown Township, Precinct 5",Write-in,Republican,1,0,1,0
Representative in State Legislature 28th District (REP),01000000-7906-3232-45d4-08deebf6b063,"Frenchtown Township, Precinct 8",Jamie Thompson,Republican,222,112,103,7
Representative in State Legislature 28th District (REP),01000000-7906-3232-45d4-08deebf6b063,"Frenchtown Township, Precinct 8",Write-in,Republican,1,0,1,0
"Delegate to County Convention for London Township, Precinct 1 (REP)",01000000-7906-3232-626d-08deebf6b063,"London Township, Precinct 1",CJ Vallade,Republican,236,215,0,21
"Delegate to County Convention for London Township, Precinct 1 (REP)",01000000-7906-3232-626d-08deebf6b063,"London Township, Precinct 1",Holli Vallade,Republican,207,192,0,15
"Delegate to County Convention for London Township, Precinct 1 (REP)",01000000-7906-3232-626d-08deebf6b063,"London Township, Precinct 1",Write-in,Republican,0,0,0,0
Representative in State Legislature 31st District (DEM),01000000-7906-3232-2497-08deebf6b063,"Dundee Township, Precinct 1",Shannon Dare Wayne,Democrat,196,191,0,5
Representative in State Legislature 31st District (DEM),01000000-7906-3232-2497-08deebf6b063,"Dundee Township, Precinct 1",Write-in,Democrat,1,1,0,0
Representative in State Legislature 31st District (DEM),01000000-7906-3232-2497-08deebf6b063,"Dundee Township, Precinct 2",Shannon Dare Wayne,Democrat,271,256,0,15
Representative in State Legislature 31st District (DEM),01000000-7906-3232-2497-08deebf6b063,"Dundee Township, Precinct 2",Write-in,Democrat,3,3,0,0
Representative in State Legislature 31st District (DEM),01000000-7906-3232-2497-08deebf6b063,"Dundee Township, Precinct 3",Shannon Dare Wayne,Democrat,311,298,0,13
Representative in State Legislature 31st District (DEM),01000000-7906-3232-2497-08deebf6b063,"Dundee Township, Precinct 3",Write-in,Democrat,2,2,0,0
Representative in State Legislature 31st District (DEM),01000000-7906-3232-2497-08deebf6b063,"Exeter Township, Precinct 1",Shannon Dare Wayne,Democrat,146,142,0,4
Representative in State Legislature 31st District (DEM),01000000-7906-3232-2497-08deebf6b063,"Exeter Township, Precinct 1",Write-in,Democrat,2,2,0,0
Representative in State Legislature 31st District (DEM),01000000-7906-3232-2497-08deebf6b063,"Exeter Township, Precinct 2",Shannon Dare Wayne,Democrat,226,214,0,12
Representative in State Legislature 31st District (DEM),01000000-7906-3232-2497-08deebf6b063,"Exeter Township, Precinct 2",Write-in,Democrat,3,2,0,1
Representative in State Legislature 31st District (DEM),01000000-7906-3232-2497-08deebf6b063,"London Township, Precinct 1",Shannon Dare Wayne,Democrat,268,252,0,16
Representative in State Legislature 31st District (DEM),01000000-7906-3232-2497-08deebf6b063,"London Township, Precinct 1",Write-in,Democrat,2,2,0,0
Representative in State Legislature 31st District (DEM),01000000-7906-3232-2497-08deebf6b063,"Milan Township, Precinct 1",Shannon Dare Wayne,Democrat,173,173,0,0
Representative in State Legislature 31st District (DEM),01000000-7906-3232-2497-08deebf6b063,"Milan Township, Precinct 1",Write-in,Democrat,0,0,0,0
Representative in State Legislature 31st District (DEM),01000000-7906-3232-2497-08deebf6b063,"Raisinville Township, Precinct 1",Shannon Dare Wayne,Democrat,238,57,175,6
Representative in State Legislature 31st District (DEM),01000000-7906-3232-2497-08deebf6b063,"Raisinville Township, Precinct 1",Write-in,Democrat,1,1,0,0
Representative in State Legislature 31st District (DEM),01000000-7906-3232-2497-08deebf6b063,"Raisinville Township, Precinct 2",Shannon Dare Wayne,Democrat,323,86,227,10
Representative in State Legislature 31st District (DEM),01000000-7906-3232-2497-08deebf6b063,"Raisinville Township, Precinct 2",Write-in,Democrat,1,0,1,0
Representative in State Legislature 31st District (DEM),01000000-7906-3232-2497-08deebf6b063,City of Milan (Out of County),Shannon Dare Wayne,Democrat,327,311,0,16
Representative in State Legislature 31st District (DEM),01000000-7906-3232-2497-08deebf6b063,City of Milan (Out of County),Write-in,Democrat,3,3,0,0
"Delegate to County Convention for Frenchtown Township, Precinct 9 (DEM)",01000000-7906-3232-3a78-08deebf6b063,"Frenchtown Township, Precinct 9",Jon Moore,Democrat,169,49,115,5
"Delegate to County Convention for Frenchtown Township, Precinct 9 (DEM)",01000000-7906-3232-3a78-08deebf6b063,"Frenchtown Township, Precinct 9",Write-in,Democrat,3,0,3,0
Representative in State Legislature 30th District (DEM),01000000-7906-3232-2421-08deebf6b063,"City of Luna Pier, Precinct 1",Omar G. Ferdin,Democrat,120,120,0,0
Representative in State Legislature 30th District (DEM),01000000-7906-3232-2421-08deebf6b063,"City of Luna Pier, Precinct 1",Write-in,Democrat,2,2,0,0
Representative in State Legislature 30th District (DEM),01000000-7906-3232-2421-08deebf6b063,"City of Monroe, Precinct 1",Omar G. Ferdin,Democrat,278,91,176,11
Representative in State Legislature 30th District (DEM),01000000-7906-3232-2421-08deebf6b063,"City of Monroe, Precinct 1",Write-in,Democrat,2,0,1,1
Representative in State Legislature 30th District (DEM),01000000-7906-3232-2421-08deebf6b063,"City of Monroe, Precinct 2",Omar G. Ferdin,Democrat,237,91,125,21
Representative in State Legislature 30th District (DEM),01000000-7906-3232-2421-08deebf6b063,"City of Monroe, Precinct 2",Write-in,Democrat,2,1,1,0
Representative in State Legislature 30th District (DEM),01000000-7906-3232-2421-08deebf6b063,"City of Monroe, Precinct 3N",Omar G. Ferdin,Democrat,137,55,76,6
Representative in State Legislature 30th District (DEM),01000000-7906-3232-2421-08deebf6b063,"City of Monroe, Precinct 3N",Write-in,Democrat,2,1,1,0
Representative in State Legislature 30th District (DEM),01000000-7906-3232-2421-08deebf6b063,"City of Monroe, Precinct 3S",Omar G. Ferdin,Democrat,90,52,35,3
Representative in State Legislature 30th District (DEM),01000000-7906-3232-2421-08deebf6b063,"City of Monroe, Precinct 3S",Write-in,Democrat,2,0,1,1
Representative in State Legislature 30th District (DEM),01000000-7906-3232-2421-08deebf6b063,"City of Monroe, Precinct 4",Omar G. Ferdin,Democrat,390,136,232,22
Representative in State Legislature 30th District (DEM),01000000-7906-3232-2421-08deebf6b063,"City of Monroe, Precinct 4",Write-in,Democrat,4,4,0,0
Representative in State Legislature 30th District (DEM),01000000-7906-3232-2421-08deebf6b063,"City of Monroe, Precinct 5",Omar G. Ferdin,Democrat,434,113,303,18
Representative in State Legislature 30th District (DEM),01000000-7906-3232-2421-08deebf6b063,"City of Monroe, Precinct 5",Write-in,Democrat,2,1,1,0
Representative in State Legislature 30th District (DEM),01000000-7906-3232-2421-08deebf6b063,"City of Petersburg, Precinct 1",Omar G. Ferdin,Democrat,90,81,0,9
Representative in State Legislature 30th District (DEM),01000000-7906-3232-2421-08deebf6b063,"City of Petersburg, Precinct 1",Write-in,Democrat,1,1,0,0
Representative in State Legislature 30th District (DEM),01000000-7906-3232-2421-08deebf6b063,"Bedford Township, Precinct 1",Omar G. Ferdin,Democrat,89,24,65,0
Representative in State Legislature 30th District (DEM),01000000-7906-3232-2421-08deebf6b063,"Bedford Township, Precinct 1",Write-in,Democrat,0,0,0,0
Representative in State Legislature 30th District (DEM),01000000-7906-3232-2421-08deebf6b063,"Bedford Township, Precinct 2",Omar G. Ferdin,Democrat,220,88,125,7
Representative in State Legislature 30th District (DEM),01000000-7906-3232-2421-08deebf6b063,"Bedford Township, Precinct 2",Write-in,Democrat,0,0,0,0
Representative in State Legislature 30th District (DEM),01000000-7906-3232-2421-08deebf6b063,"Bedford Township, Precinct 3",Omar G. Ferdin,Democrat,170,72,94,4
Representative in State Legislature 30th District (DEM),01000000-7906-3232-2421-08deebf6b063,"Bedford Township, Precinct 3",Write-in,Democrat,0,0,0,0
Representative in State Legislature 30th District (DEM),01000000-7906-3232-2421-08deebf6b063,"Bedford Township, Precinct 4",Omar G. Ferdin,Democrat,272,88,173,11
Representative in State Legislature 30th District (DEM),01000000-7906-3232-2421-08deebf6b063,"Bedford Township, Precinct 4",Write-in,Democrat,2,2,0,0
Representative in State Legislature 30th District (DEM),01000000-7906-3232-2421-08deebf6b063,"Bedford Township, Precinct 5",Omar G. Ferdin,Democrat,233,90,129,14
Representative in State Legislature 30th District (DEM),01000000-7906-3232-2421-08deebf6b063,"Bedford Township, Precinct 5",Write-in,Democrat,1,0,0,1
Representative in State Legislature 30th District (DEM),01000000-7906-3232-2421-08deebf6b063,"Bedford Township, Precinct 6",Omar G. Ferdin,Democrat,308,114,189,5
Representative in State Legislature 30th District (DEM),01000000-7906-3232-2421-08deebf6b063,"Bedford Township, Precinct 6",Write-in,Democrat,1,1,0,0
Representative in State Legislature 30th District (DEM),01000000-7906-3232-2421-08deebf6b063,"Bedford Township, Precinct 7",Omar G. Ferdin,Democrat,236,67,155,14
Representative in State Legislature 30th District (DEM),01000000-7906-3232-2421-08deebf6b063,"Bedford Township, Precinct 7",Write-in,Democrat,0,0,0,0
Representative in State Legislature 30th District (DEM),01000000-7906-3232-2421-08deebf6b063,"Bedford Township, Precinct 8",Omar G. Ferdin,Democrat,256,81,165,10
Representative in State Legislature 30th District (DEM),01000000-7906-3232-2421-08deebf6b063,"Bedford Township, Precinct 8",Write-in,Democrat,0,0,0,0
Representative in State Legislature 30th District (DEM),01000000-7906-3232-2421-08deebf6b063,"Bedford Township, Precinct 9",Omar G. Ferdin,Democrat,161,54,102,5
Representative in State Legislature 30th District (DEM),01000000-7906-3232-2421-08deebf6b063,"Bedford Township, Precinct 9",Write-in,Democrat,1,1,0,0
Representative in State Legislature 30th District (DEM),01000000-7906-3232-2421-08deebf6b063,"Bedford Township, Precinct 10",Omar G. Ferdin,Democrat,133,42,87,4
Representative in State Legislature 30th District (DEM),01000000-7906-3232-2421-08deebf6b063,"Bedford Township, Precinct 10",Write-in,Democrat,4,2,2,0
Representative in State Legislature 30th District (DEM),01000000-7906-3232-2421-08deebf6b063,"Bedford Township, Precinct 11",Omar G. Ferdin,Democrat,219,69,141,9
Representative in State Legislature 30th District (DEM),01000000-7906-3232-2421-08deebf6b063,"Bedford Township, Precinct 11",Write-in,Democrat,1,0,1,0
Representative in State Legislature 30th District (DEM),01000000-7906-3232-2421-08deebf6b063,"Bedford Township, Precinct 12",Omar G. Ferdin,Democrat,233,74,151,8
Representative in State Legislature 30th District (DEM),01000000-7906-3232-2421-08deebf6b063,"Bedford Township, Precinct 12",Write-in,Democrat,2,0,2,0
Representative in State Legislature 30th District (DEM),01000000-7906-3232-2421-08deebf6b063,"Bedford Township, Precinct 13",Omar G. Ferdin,Democrat,203,81,121,1
Representative in State Legislature 30th District (DEM),01000000-7906-3232-2421-08deebf6b063,"Bedford Township, Precinct 13",Write-in,Democrat,1,0,1,0
Representative in State Legislature 30th District (DEM),01000000-7906-3232-2421-08deebf6b063,"Bedford Township, Precinct 14",Omar G. Ferdin,Democrat,177,64,106,7
Representative in State Legislature 30th District (DEM),01000000-7906-3232-2421-08deebf6b063,"Bedford Township, Precinct 14",Write-in,Democrat,2,1,1,0
Representative in State Legislature 30th District (DEM),01000000-7906-3232-2421-08deebf6b063,"Erie Township, Precinct 1",Omar G. Ferdin,Democrat,323,95,214,14
Representative in State Legislature 30th District (DEM),01000000-7906-3232-2421-08deebf6b063,"Erie Township, Precinct 1",Write-in,Democrat,2,1,1,0
Representative in State Legislature 30th District (DEM),01000000-7906-3232-2421-08deebf6b063,"Frenchtown Township, Precinct 6",Omar G. Ferdin,Democrat,209,61,141,7
Representative in State Legislature 30th District (DEM),01000000-7906-3232-2421-08deebf6b063,"Frenchtown Township, Precinct 6",Write-in,Democrat,3,0,3,0
Representative in State Legislature 30th District (DEM),01000000-7906-3232-2421-08deebf6b063,"Frenchtown Township, Precinct 7",Omar G. Ferdin,Democrat,0,0,0,0
Representative in State Legislature 30th District (DEM),01000000-7906-3232-2421-08deebf6b063,"Frenchtown Township, Precinct 7",Write-in,Democrat,0,0,0,0
Representative in State Legislature 30th District (DEM),01000000-7906-3232-2421-08deebf6b063,"Ida Township, Precinct 1",Omar G. Ferdin,Democrat,180,72,94,14
Representative in State Legislature 30th District (DEM),01000000-7906-3232-2421-08deebf6b063,"Ida Township, Precinct 1",Write-in,Democrat,0,0,0,0
Representative in State Legislature 30th District (DEM),01000000-7906-3232-2421-08deebf6b063,"Ida Township, Precinct 2",Omar G. Ferdin,Democrat,181,64,102,15
Representative in State Legislature 30th District (DEM),01000000-7906-3232-2421-08deebf6b063,"Ida Township, Precinct 2",Write-in,Democrat,0,0,0,0
Representative in State Legislature 30th District (DEM),01000000-7906-3232-2421-08deebf6b063,"La Salle Township, Precinct 1",Omar G. Ferdin,Democrat,164,61,92,11
Representative in State Legislature 30th District (DEM),01000000-7906-3232-2421-08deebf6b063,"La Salle Township, Precinct 1",Write-in,Democrat,0,0,0,0
Representative in State Legislature 30th District (DEM),01000000-7906-3232-2421-08deebf6b063,"La Salle Township, Precinct 2",Omar G. Ferdin,Democrat,245,74,165,6
Representative in State Legislature 30th District (DEM),01000000-7906-3232-2421-08deebf6b063,"La Salle Township, Precinct 2",Write-in,Democrat,0,0,0,0
Representative in State Legislature 30th District (DEM),01000000-7906-3232-2421-08deebf6b063,"Monroe Charter Township, Precinct 1",Omar G. Ferdin,Democrat,198,57,133,8
Representative in State Legislature 30th District (DEM),01000000-7906-3232-2421-08deebf6b063,"Monroe Charter Township, Precinct 1",Write-in,Democrat,2,1,1,0
Representative in State Legislature 30th District (DEM),01000000-7906-3232-2421-08deebf6b063,"Monroe Charter Township, Precinct 2",Omar G. Ferdin,Democrat,122,54,63,5
Representative in State Legislature 30th District (DEM),01000000-7906-3232-2421-08deebf6b063,"Monroe Charter Township, Precinct 2",Write-in,Democrat,2,2,0,0
Representative in State Legislature 30th District (DEM),01000000-7906-3232-2421-08deebf6b063,"Monroe Charter Township, Precinct 3",Omar G. Ferdin,Democrat,139,34,95,10
Representative in State Legislature 30th District (DEM),01000000-7906-3232-2421-08deebf6b063,"Monroe Charter Township, Precinct 3",Write-in,Democrat,3,2,0,1
Representative in State Legislature 30th District (DEM),01000000-7906-3232-2421-08deebf6b063,"Monroe Charter Township, Precinct 4",Omar G. Ferdin,Democrat,233,87,139,7
Representative in State Legislature 30th District (DEM),01000000-7906-3232-2421-08deebf6b063,"Monroe Charter Township, Precinct 4",Write-in,Democrat,3,0,3,0
Representative in State Legislature 30th District (DEM),01000000-7906-3232-2421-08deebf6b063,"Monroe Charter Township, Precinct 5",Omar G. Ferdin,Democrat,271,81,175,15
Representative in State Legislature 30th District (DEM),01000000-7906-3232-2421-08deebf6b063,"Monroe Charter Township, Precinct 5",Write-in,Democrat,2,2,0,0
Representative in State Legislature 30th District (DEM),01000000-7906-3232-2421-08deebf6b063,"Monroe Charter Township, Precinct 6",Omar G. Ferdin,Democrat,176,64,107,5
Representative in State Legislature 30th District (DEM),01000000-7906-3232-2421-08deebf6b063,"Monroe Charter Township, Precinct 6",Write-in,Democrat,0,0,0,0
Representative in State Legislature 30th District (DEM),01000000-7906-3232-2421-08deebf6b063,"Summerfield Township, Precinct 1",Omar G. Ferdin,Democrat,225,145,69,11
Representative in State Legislature 30th District (DEM),01000000-7906-3232-2421-08deebf6b063,"Summerfield Township, Precinct 1",Write-in,Democrat,0,0,0,0
Representative in State Legislature 30th District (DEM),01000000-7906-3232-2421-08deebf6b063,"Whiteford Township, Precinct 1",Omar G. Ferdin,Democrat,168,53,97,18
Representative in State Legislature 30th District (DEM),01000000-7906-3232-2421-08deebf6b063,"Whiteford Township, Precinct 1",Write-in,Democrat,2,2,0,0
Representative in State Legislature 30th District (DEM),01000000-7906-3232-2421-08deebf6b063,"Whiteford Township, Precinct 2",Omar G. Ferdin,Democrat,103,38,51,14
Representative in State Legislature 30th District (DEM),01000000-7906-3232-2421-08deebf6b063,"Whiteford Township, Precinct 2",Write-in,Democrat,1,1,0,0
"Delegate to County Convention for City of Petersburg, Precinct 1 (DEM)",01000000-7906-3232-2bed-08deebf6b063,"City of Petersburg, Precinct 1",Write-in,Democrat,21,18,0,3
State Senator 15th District (REP),01000000-7906-3232-44ed-08deebf6b063,City of Milan (Out of County),Jason Rogers,Republican,138,132,0,6
State Senator 15th District (REP),01000000-7906-3232-44ed-08deebf6b063,City of Milan (Out of County),Write-in,Republican,0,0,0,0
Monroe County Drain Commissioner Partial Term Ending 12/31/2028 (DEM),01000000-7906-3232-250e-08deebf6b063,"City of Luna Pier, Precinct 1",Write-in,Democrat,34,34,0,0
Monroe County Drain Commissioner Partial Term Ending 12/31/2028 (DEM),01000000-7906-3232-250e-08deebf6b063,"City of Monroe, Precinct 1",Write-in,Democrat,61,23,36,2
Monroe County Drain Commissioner Partial Term Ending 12/31/2028 (DEM),01000000-7906-3232-250e-08deebf6b063,"City of Monroe, Precinct 2",Write-in,Democrat,57,27,27,3
Monroe County Drain Commissioner Partial Term Ending 12/31/2028 (DEM),01000000-7906-3232-250e-08deebf6b063,"City of Monroe, Precinct 3N",Write-in,Democrat,24,12,11,1
Monroe County Drain Commissioner Partial Term Ending 12/31/2028 (DEM),01000000-7906-3232-250e-08deebf6b063,"City of Monroe, Precinct 3S",Write-in,Democrat,25,18,6,1
Monroe County Drain Commissioner Partial Term Ending 12/31/2028 (DEM),01000000-7906-3232-250e-08deebf6b063,"City of Monroe, Precinct 4",Write-in,Democrat,81,30,46,5
Monroe County Drain Commissioner Partial Term Ending 12/31/2028 (DEM),01000000-7906-3232-250e-08deebf6b063,"City of Monroe, Precinct 5",Write-in,Democrat,87,29,56,2
Monroe County Drain Commissioner Partial Term Ending 12/31/2028 (DEM),01000000-7906-3232-250e-08deebf6b063,"City of Monroe, Precinct 6",Write-in,Democrat,60,27,32,1
Monroe County Drain Commissioner Partial Term Ending 12/31/2028 (DEM),01000000-7906-3232-250e-08deebf6b063,"City of Petersburg, Precinct 1",Write-in,Democrat,20,17,0,3
Monroe County Drain Commissioner Partial Term Ending 12/31/2028 (DEM),01000000-7906-3232-250e-08deebf6b063,"Ash Township, Precinct 1",Write-in,Democrat,45,13,31,1
Monroe County Drain Commissioner Partial Term Ending 12/31/2028 (DEM),01000000-7906-3232-250e-08deebf6b063,"Ash Township, Precinct 2",Write-in,Democrat,64,13,47,4
Monroe County Drain Commissioner Partial Term Ending 12/31/2028 (DEM),01000000-7906-3232-250e-08deebf6b063,"Ash Township, Precinct 3",Write-in,Democrat,32,15,16,1
Monroe County Drain Commissioner Partial Term Ending 12/31/2028 (DEM),01000000-7906-3232-250e-08deebf6b063,"Bedford Township, Precinct 1",Write-in,Democrat,20,8,12,0
Monroe County Drain Commissioner Partial Term Ending 12/31/2028 (DEM),01000000-7906-3232-250e-08deebf6b063,"Bedford Township, Precinct 2",Write-in,Democrat,38,15,22,1
Monroe County Drain Commissioner Partial Term Ending 12/31/2028 (DEM),01000000-7906-3232-250e-08deebf6b063,"Bedford Township, Precinct 3",Write-in,Democrat,34,22,11,1
Monroe County Drain Commissioner Partial Term Ending 12/31/2028 (DEM),01000000-7906-3232-250e-08deebf6b063,"Bedford Township, Precinct 4",Write-in,Democrat,55,29,22,4
Monroe County Drain Commissioner Partial Term Ending 12/31/2028 (DEM),01000000-7906-3232-250e-08deebf6b063,"Bedford Township, Precinct 5",Write-in,Democrat,61,27,27,7
Monroe County Drain Commissioner Partial Term Ending 12/31/2028 (DEM),01000000-7906-3232-250e-08deebf6b063,"Bedford Township, Precinct 6",Write-in,Democrat,54,24,29,1
Monroe County Drain Commissioner Partial Term Ending 12/31/2028 (DEM),01000000-7906-3232-250e-08deebf6b063,"Bedford Township, Precinct 7",Write-in,Democrat,47,24,19,4
Monroe County Drain Commissioner Partial Term Ending 12/31/2028 (DEM),01000000-7906-3232-250e-08deebf6b063,"Bedford Township, Precinct 8",Write-in,Democrat,31,16,13,2
Monroe County Drain Commissioner Partial Term Ending 12/31/2028 (DEM),01000000-7906-3232-250e-08deebf6b063,"Bedford Township, Precinct 9",Write-in,Democrat,23,9,11,3
Monroe County Drain Commissioner Partial Term Ending 12/31/2028 (DEM),01000000-7906-3232-250e-08deebf6b063,"Bedford Township, Precinct 10",Write-in,Democrat,31,19,12,0
Monroe County Drain Commissioner Partial Term Ending 12/31/2028 (DEM),01000000-7906-3232-250e-08deebf6b063,"Bedford Township, Precinct 11",Write-in,Democrat,41,17,21,3
Monroe County Drain Commissioner Partial Term Ending 12/31/2028 (DEM),01000000-7906-3232-250e-08deebf6b063,"Bedford Township, Precinct 12",Write-in,Democrat,48,26,21,1
Monroe County Drain Commissioner Partial Term Ending 12/31/2028 (DEM),01000000-7906-3232-250e-08deebf6b063,"Bedford Township, Precinct 13",Write-in,Democrat,37,21,16,0
Monroe County Drain Commissioner Partial Term Ending 12/31/2028 (DEM),01000000-7906-3232-250e-08deebf6b063,"Bedford Township, Precinct 14",Write-in,Democrat,32,12,19,1
Monroe County Drain Commissioner Partial Term Ending 12/31/2028 (DEM),01000000-7906-3232-250e-08deebf6b063,"Berlin Township, Precinct 1",Write-in,Democrat,48,26,21,1
Monroe County Drain Commissioner Partial Term Ending 12/31/2028 (DEM),01000000-7906-3232-250e-08deebf6b063,"Berlin Township, Precinct 2",Write-in,Democrat,60,17,39,4
Monroe County Drain Commissioner Partial Term Ending 12/31/2028 (DEM),01000000-7906-3232-250e-08deebf6b063,"Berlin Township, Precinct 3",Write-in,Democrat,27,17,9,1
Monroe County Drain Commissioner Partial Term Ending 12/31/2028 (DEM),01000000-7906-3232-250e-08deebf6b063,"Berlin Township, Precinct 4",Write-in,Democrat,50,24,23,3
Monroe County Drain Commissioner Partial Term Ending 12/31/2028 (DEM),01000000-7906-3232-250e-08deebf6b063,"Dundee Township, Precinct 1",Write-in,Democrat,28,27,0,1
Monroe County Drain Commissioner Partial Term Ending 12/31/2028 (DEM),01000000-7906-3232-250e-08deebf6b063,"Dundee Township, Precinct 2",Write-in,Democrat,54,50,0,4
Monroe County Drain Commissioner Partial Term Ending 12/31/2028 (DEM),01000000-7906-3232-250e-08deebf6b063,"Dundee Township, Precinct 3",Write-in,Democrat,54,52,0,2
Monroe County Drain Commissioner Partial Term Ending 12/31/2028 (DEM),01000000-7906-3232-250e-08deebf6b063,"Erie Township, Precinct 1",Write-in,Democrat,67,31,33,3
Monroe County Drain Commissioner Partial Term Ending 12/31/2028 (DEM),01000000-7906-3232-250e-08deebf6b063,"Exeter Township, Precinct 1",Write-in,Democrat,38,37,0,1
Monroe County Drain Commissioner Partial Term Ending 12/31/2028 (DEM),01000000-7906-3232-250e-08deebf6b063,"Exeter Township, Precinct 2",Write-in,Democrat,56,52,0,4
Monroe County Drain Commissioner Partial Term Ending 12/31/2028 (DEM),01000000-7906-3232-250e-08deebf6b063,"Frenchtown Township, Precinct 1",Write-in,Democrat,19,1,15,3
Monroe County Drain Commissioner Partial Term Ending 12/31/2028 (DEM),01000000-7906-3232-250e-08deebf6b063,"Frenchtown Township, Precinct 2",Write-in,Democrat,33,12,20,1
Monroe County Drain Commissioner Partial Term Ending 12/31/2028 (DEM),01000000-7906-3232-250e-08deebf6b063,"Frenchtown Township, Precinct 3",Write-in,Democrat,29,13,14,2
Monroe County Drain Commissioner Partial Term Ending 12/31/2028 (DEM),01000000-7906-3232-250e-08deebf6b063,"Frenchtown Township, Precinct 4",Write-in,Democrat,51,14,31,6
Monroe County Drain Commissioner Partial Term Ending 12/31/2028 (DEM),01000000-7906-3232-250e-08deebf6b063,"Frenchtown Township, Precinct 5",Write-in,Democrat,45,20,22,3
Monroe County Drain Commissioner Partial Term Ending 12/31/2028 (DEM),01000000-7906-3232-250e-08deebf6b063,"Frenchtown Township, Precinct 6",Write-in,Democrat,52,19,31,2
Monroe County Drain Commissioner Partial Term Ending 12/31/2028 (DEM),01000000-7906-3232-250e-08deebf6b063,"Frenchtown Township, Precinct 7",Write-in,Democrat,37,11,22,4
Monroe County Drain Commissioner Partial Term Ending 12/31/2028 (DEM),01000000-7906-3232-250e-08deebf6b063,"Frenchtown Township, Precinct 8",Write-in,Democrat,44,23,21,0
Monroe County Drain Commissioner Partial Term Ending 12/31/2028 (DEM),01000000-7906-3232-250e-08deebf6b063,"Frenchtown Township, Precinct 9",Write-in,Democrat,30,19,10,1
Monroe County Drain Commissioner Partial Term Ending 12/31/2028 (DEM),01000000-7906-3232-250e-08deebf6b063,"Ida Township, Precinct 1",Write-in,Democrat,38,20,13,5
Monroe County Drain Commissioner Partial Term Ending 12/31/2028 (DEM),01000000-7906-3232-250e-08deebf6b063,"Ida Township, Precinct 2",Write-in,Democrat,31,14,15,2
Monroe County Drain Commissioner Partial Term Ending 12/31/2028 (DEM),01000000-7906-3232-250e-08deebf6b063,"La Salle Township, Precinct 1",Write-in,Democrat,32,13,15,4
Monroe County Drain Commissioner Partial Term Ending 12/31/2028 (DEM),01000000-7906-3232-250e-08deebf6b063,"La Salle Township, Precinct 2",Write-in,Democrat,39,13,24,2
Monroe County Drain Commissioner Partial Term Ending 12/31/2028 (DEM),01000000-7906-3232-250e-08deebf6b063,"London Township, Precinct 1",Write-in,Democrat,77,72,0,5
Monroe County Drain Commissioner Partial Term Ending 12/31/2028 (DEM),01000000-7906-3232-250e-08deebf6b063,"Milan Township, Precinct 1",Write-in,Democrat,28,28,0,0
Monroe County Drain Commissioner Partial Term Ending 12/31/2028 (DEM),01000000-7906-3232-250e-08deebf6b063,"Monroe Charter Township, Precinct 1",Write-in,Democrat,56,14,37,5
Monroe County Drain Commissioner Partial Term Ending 12/31/2028 (DEM),01000000-7906-3232-250e-08deebf6b063,"Monroe Charter Township, Precinct 2",Write-in,Democrat,28,16,12,0
Monroe County Drain Commissioner Partial Term Ending 12/31/2028 (DEM),01000000-7906-3232-250e-08deebf6b063,"Monroe Charter Township, Precinct 3",Write-in,Democrat,39,10,25,4
Monroe County Drain Commissioner Partial Term Ending 12/31/2028 (DEM),01000000-7906-3232-250e-08deebf6b063,"Monroe Charter Township, Precinct 4",Write-in,Democrat,70,35,33,2
Monroe County Drain Commissioner Partial Term Ending 12/31/2028 (DEM),01000000-7906-3232-250e-08deebf6b063,"Monroe Charter Township, Precinct 5",Write-in,Democrat,50,19,30,1
Monroe County Drain Commissioner Partial Term Ending 12/31/2028 (DEM),01000000-7906-3232-250e-08deebf6b063,"Monroe Charter Township, Precinct 6",Write-in,Democrat,21,14,6,1
Monroe County Drain Commissioner Partial Term Ending 12/31/2028 (DEM),01000000-7906-3232-250e-08deebf6b063,"Raisinville Township, Precinct 1",Write-in,Democrat,35,12,23,0
Monroe County Drain Commissioner Partial Term Ending 12/31/2028 (DEM),01000000-7906-3232-250e-08deebf6b063,"Raisinville Township, Precinct 2",Write-in,Democrat,71,26,45,0
Monroe County Drain Commissioner Partial Term Ending 12/31/2028 (DEM),01000000-7906-3232-250e-08deebf6b063,"Summerfield Township, Precinct 1",Write-in,Democrat,47,18,25,4
Monroe County Drain Commissioner Partial Term Ending 12/31/2028 (DEM),01000000-7906-3232-250e-08deebf6b063,"Whiteford Township, Precinct 1",Write-in,Democrat,27,8,16,3
Monroe County Drain Commissioner Partial Term Ending 12/31/2028 (DEM),01000000-7906-3232-250e-08deebf6b063,"Whiteford Township, Precinct 2",Write-in,Democrat,21,11,8,2
Monroe County Drain Commissioner Partial Term Ending 12/31/2028 (DEM),01000000-7906-3232-250e-08deebf6b063,City of Milan (Out of County),Write-in,Democrat,19,18,0,1
"Delegate to County Convention for Bedford Township, Precinct 1 (REP)",01000000-7906-3232-4fbf-08deebf6b063,"Bedford Township, Precinct 1",Write-in,Republican,5,2,3,0
"Delegate to County Convention for Frenchtown Township, Precinct 6 (REP)",01000000-7906-3232-5dbd-08deebf6b063,"Frenchtown Township, Precinct 6",Write-in,Republican,20,18,2,0
"Delegate to County Convention for Frenchtown Township, Precinct 6 (REP)",01000000-7906-3232-5dbd-08deebf6b063,"Frenchtown Township, Precinct 6",Richard Allen Pierce II,Republican,1,1,0,0
"Delegate to County Convention for Ida Township, Precinct 1 (REP)",01000000-7906-3232-5f45-08deebf6b063,"Ida Township, Precinct 1",Sandra Bedee,Republican,150,73,70,7
"Delegate to County Convention for Ida Township, Precinct 1 (REP)",01000000-7906-3232-5f45-08deebf6b063,"Ida Township, Precinct 1",Eugene David Petricca,Republican,150,77,66,7
"Delegate to County Convention for Ida Township, Precinct 1 (REP)",01000000-7906-3232-5f45-08deebf6b063,"Ida Township, Precinct 1",James G. Vandercook III,Republican,170,88,73,9
"Delegate to County Convention for Ida Township, Precinct 1 (REP)",01000000-7906-3232-5f45-08deebf6b063,"Ida Township, Precinct 1",Carl Whitson,Republican,170,90,73,7
"Delegate to County Convention for Ida Township, Precinct 1 (REP)",01000000-7906-3232-5f45-08deebf6b063,"Ida Township, Precinct 1",Kristy Svatek-Whitson,Republican,182,99,75,8
"Delegate to County Convention for Ida Township, Precinct 1 (REP)",01000000-7906-3232-5f45-08deebf6b063,"Ida Township, Precinct 1",Write-in,Republican,1,0,1,0
"Delegate to County Convention for Berlin Township, Precinct 1 (REP)",01000000-7906-3232-5632-08deebf6b063,"Berlin Township, Precinct 1",Write-in,Republican,58,36,17,5
"Delegate to County Convention for Ash Township, Precinct 2 (REP)",01000000-7906-3232-4a08-08deebf6b063,"Ash Township, Precinct 2",Dennis Milosch,Republican,313,116,174,23
"Delegate to County Convention for Ash Township, Precinct 2 (REP)",01000000-7906-3232-4a08-08deebf6b063,"Ash Township, Precinct 2",Stephen Dale Reott,Republican,234,72,145,17
"Delegate to County Convention for Ash Township, Precinct 2 (REP)",01000000-7906-3232-4a08-08deebf6b063,"Ash Township, Precinct 2",Write-in,Republican,2,1,1,0
"Delegate to County Convention for Bedford Township, Precinct 7 (DEM)",01000000-7906-3232-2e87-08deebf6b063,"Bedford Township, Precinct 7",Write-in,Democrat,39,20,17,2
"Delegate to County Convention for Frenchtown Township, Precinct 5 (REP)",01000000-7906-3232-5d6e-08deebf6b063,"Frenchtown Township, Precinct 5",Write-in,Republican,41,17,23,1
"Delegate to County Convention for Milan Township, Precinct 1 (DEM)",01000000-7906-3232-3d02-08deebf6b063,"Milan Township, Precinct 1",Write-in,Democrat,15,15,0,0
Representative in State Legislature 31st District (REP),01000000-7906-3232-472d-08deebf6b063,"Dundee Township, Precinct 1",Laura M. Perry,Republican,130,128,0,2
Representative in State Legislature 31st District (REP),01000000-7906-3232-472d-08deebf6b063,"Dundee Township, Precinct 1",Write-in,Republican,0,0,0,0
Representative in State Legislature 31st District (REP),01000000-7906-3232-472d-08deebf6b063,"Dundee Township, Precinct 2",Laura M. Perry,Republican,234,224,0,10
Representative in State Legislature 31st District (REP),01000000-7906-3232-472d-08deebf6b063,"Dundee Township, Precinct 2",Write-in,Republican,0,0,0,0
Representative in State Legislature 31st District (REP),01000000-7906-3232-472d-08deebf6b063,"Dundee Township, Precinct 3",Laura M. Perry,Republican,315,304,0,11
Representative in State Legislature 31st District (REP),01000000-7906-3232-472d-08deebf6b063,"Dundee Township, Precinct 3",Write-in,Republican,1,1,0,0
Representative in State Legislature 31st District (REP),01000000-7906-3232-472d-08deebf6b063,"Exeter Township, Precinct 1",Laura M. Perry,Republican,257,254,0,3
Representative in State Legislature 31st District (REP),01000000-7906-3232-472d-08deebf6b063,"Exeter Township, Precinct 1",Write-in,Republican,2,2,0,0
Representative in State Legislature 31st District (REP),01000000-7906-3232-472d-08deebf6b063,"Exeter Township, Precinct 2",Laura M. Perry,Republican,265,256,0,9
Representative in State Legislature 31st District (REP),01000000-7906-3232-472d-08deebf6b063,"Exeter Township, Precinct 2",Write-in,Republican,1,1,0,0
Representative in State Legislature 31st District (REP),01000000-7906-3232-472d-08deebf6b063,"London Township, Precinct 1",Laura M. Perry,Republican,333,309,0,24
Representative in State Legislature 31st District (REP),01000000-7906-3232-472d-08deebf6b063,"London Township, Precinct 1",Write-in,Republican,3,3,0,0
Representative in State Legislature 31st District (REP),01000000-7906-3232-472d-08deebf6b063,"Milan Township, Precinct 1",Laura M. Perry,Republican,187,186,0,1
Representative in State Legislature 31st District (REP),01000000-7906-3232-472d-08deebf6b063,"Milan Township, Precinct 1",Write-in,Republican,0,0,0,0
Representative in State Legislature 31st District (REP),01000000-7906-3232-472d-08deebf6b063,"Raisinville Township, Precinct 1",Laura M. Perry,Republican,475,174,279,22
Representative in State Legislature 31st District (REP),01000000-7906-3232-472d-08deebf6b063,"Raisinville Township, Precinct 1",Write-in,Republican,1,1,0,0
Representative in State Legislature 31st District (REP),01000000-7906-3232-472d-08deebf6b063,"Raisinville Township, Precinct 2",Laura M. Perry,Republican,384,151,218,15
Representative in State Legislature 31st District (REP),01000000-7906-3232-472d-08deebf6b063,"Raisinville Township, Precinct 2",Write-in,Republican,1,0,1,0
Representative in State Legislature 31st District (REP),01000000-7906-3232-472d-08deebf6b063,City of Milan (Out of County),Laura M. Perry,Republican,138,132,0,6
Representative in State Legislature 31st District (REP),01000000-7906-3232-472d-08deebf6b063,City of Milan (Out of County),Write-in,Republican,0,0,0,0
London Township Clerk Partial Term Ending 11/20/2028 (DEM),01000000-7906-3232-25bb-08deebf6b063,"London Township, Precinct 1",Anita Straub,Democrat,269,248,0,21
London Township Clerk Partial Term Ending 11/20/2028 (DEM),01000000-7906-3232-25bb-08deebf6b063,"London Township, Precinct 1",Write-in,Democrat,4,4,0,0
"Delegate to County Convention for Bedford Township, Precinct 8 (REP)",01000000-7906-3232-531f-08deebf6b063,"Bedford Township, Precinct 8",Write-in,Republican,5,3,2,0
Representative in Congress 6th District (REP),01000000-7906-3232-447c-08deebf6b063,City of Milan (Out of County),Heather Smiley,Republican,140,134,0,6
Representative in Congress 6th District (REP),01000000-7906-3232-447c-08deebf6b063,City of Milan (Out of County),Write-in,Republican,0,0,0,0
"Delegate to County Convention for Frenchtown Township, Precinct 6 (DEM)",01000000-7906-3232-3897-08deebf6b063,"Frenchtown Township, Precinct 6",Rick Kull,Democrat,166,45,116,5
"Delegate to County Convention for Frenchtown Township, Precinct 6 (DEM)",01000000-7906-3232-3897-08deebf6b063,"Frenchtown Township, Precinct 6",Michael Mason,Democrat,125,32,88,5
"Delegate to County Convention for Frenchtown Township, Precinct 6 (DEM)",01000000-7906-3232-3897-08deebf6b063,"Frenchtown Township, Precinct 6",Write-in,Democrat,3,0,3,0
"Delegate to County Convention for Frenchtown Township, Precinct 9 (REP)",01000000-7906-3232-5ef7-08deebf6b063,"Frenchtown Township, Precinct 9",Write-in,Republican,4,1,3,0
"Delegate to County Convention for Monroe Township, Precinct 1 (DEM)",01000000-7906-3232-3d50-08deebf6b063,"Monroe Charter Township, Precinct 1",Katybeth Davis,Democrat,176,53,114,9
"Delegate to County Convention for Monroe Township, Precinct 1 (DEM)",01000000-7906-3232-3d50-08deebf6b063,"Monroe Charter Township, Precinct 1",Write-in,Democrat,8,1,7,0
"Delegate to County Convention for Berlin Township, Precinct 4 (REP)",01000000-7906-3232-577a-08deebf6b063,"Berlin Township, Precinct 4",Write-in,Republican,15,11,3,1
"Delegate to County Convention for Summerfield Township, Precinct 1 (DEM)",01000000-7906-3232-4128-08deebf6b063,"Summerfield Township, Precinct 1",John Kiely,Democrat,153,112,35,6
"Delegate to County Convention for Summerfield Township, Precinct 1 (DEM)",01000000-7906-3232-4128-08deebf6b063,"Summerfield Township, Precinct 1",Karin E. Koek,Democrat,168,123,40,5
"Delegate to County Convention for Summerfield Township, Precinct 1 (DEM)",01000000-7906-3232-4128-08deebf6b063,"Summerfield Township, Precinct 1",Write-in,Democrat,0,0,0,0
State Senator 15th District (DEM),01000000-7906-3232-220b-08deebf6b063,City of Milan (Out of County),Felicia Brabec,Democrat,252,240,0,12
State Senator 15th District (DEM),01000000-7906-3232-220b-08deebf6b063,City of Milan (Out of County),Michael White,Democrat,74,70,0,4
State Senator 15th District (DEM),01000000-7906-3232-220b-08deebf6b063,City of Milan (Out of County),Write-in,Democrat,2,2,0,0
"Delegate to County Convention for Dundee Township, Precinct 2 (REP)",01000000-7906-3232-581b-08deebf6b063,"Dundee Township, Precinct 2",Luke Hollis,Republican,192,183,0,9
"Delegate to County Convention for Dundee Township, Precinct 2 (REP)",01000000-7906-3232-581b-08deebf6b063,"Dundee Township, Precinct 2",Jodie Hollis,Republican,180,171,0,9
"Delegate to County Convention for Dundee Township, Precinct 2 (REP)",01000000-7906-3232-581b-08deebf6b063,"Dundee Township, Precinct 2",Write-in,Republican,2,2,0,0
"Delegate to County Convention for Frenchtown Township, Precinct 7 (REP)",01000000-7906-3232-5e11-08deebf6b063,"Frenchtown Township, Precinct 7",Jay Peters,Republican,264,72,181,11
"Delegate to County Convention for Frenchtown Township, Precinct 7 (REP)",01000000-7906-3232-5e11-08deebf6b063,"Frenchtown Township, Precinct 7",Jessica Peters,Republican,236,67,160,9
"Delegate to County Convention for Frenchtown Township, Precinct 7 (REP)",01000000-7906-3232-5e11-08deebf6b063,"Frenchtown Township, Precinct 7",Write-in,Republican,16,0,16,0
"Delegate to County Convention for City of Monroe, Precinct 5 (DEM)",01000000-7906-3232-2aff-08deebf6b063,"City of Monroe, Precinct 5",Gloria Rafko,Democrat,406,106,282,18
"Delegate to County Convention for City of Monroe, Precinct 5 (DEM)",01000000-7906-3232-2aff-08deebf6b063,"City of Monroe, Precinct 5",Write-in,Democrat,10,1,9,0
"Delegate to County Convention for City of Monroe, Precinct 5 (DEM)",01000000-7906-3232-2aff-08deebf6b063,"City of Monroe, Precinct 5",Barbara Gaye Stanbridge,Democrat,7,1,6,0
"Delegate to County Convention for Bedford Township, Precinct 7 (REP)",01000000-7906-3232-52cb-08deebf6b063,"Bedford Township, Precinct 7",Write-in,Republican,14,7,7,0
Bedford Township Park Commissioner Partial Term Ending 11/20/2028 (REP),01000000-7906-3232-491e-08deebf6b063,"Bedford Township, Precinct 1",Dawn Ansted,Republican,110,57,52,1
Bedford Township Park Commissioner Partial Term Ending 11/20/2028 (REP),01000000-7906-3232-491e-08deebf6b063,"Bedford Township, Precinct 1",Write-in,Republican,0,0,0,0
Bedford Township Park Commissioner Partial Term Ending 11/20/2028 (REP),01000000-7906-3232-491e-08deebf6b063,"Bedford Township, Precinct 2",Dawn Ansted,Republican,214,118,90,6
Bedford Township Park Commissioner Partial Term Ending 11/20/2028 (REP),01000000-7906-3232-491e-08deebf6b063,"Bedford Township, Precinct 2",Write-in,Republican,2,1,1,0
Bedford Township Park Commissioner Partial Term Ending 11/20/2028 (REP),01000000-7906-3232-491e-08deebf6b063,"Bedford Township, Precinct 3",Dawn Ansted,Republican,196,113,74,9
Bedford Township Park Commissioner Partial Term Ending 11/20/2028 (REP),01000000-7906-3232-491e-08deebf6b063,"Bedford Township, Precinct 3",Write-in,Republican,1,0,1,0
Bedford Township Park Commissioner Partial Term Ending 11/20/2028 (REP),01000000-7906-3232-491e-08deebf6b063,"Bedford Township, Precinct 4",Dawn Ansted,Republican,236,92,126,18
Bedford Township Park Commissioner Partial Term Ending 11/20/2028 (REP),01000000-7906-3232-491e-08deebf6b063,"Bedford Township, Precinct 4",Write-in,Republican,2,0,2,0
Bedford Township Park Commissioner Partial Term Ending 11/20/2028 (REP),01000000-7906-3232-491e-08deebf6b063,"Bedford Township, Precinct 5",Dawn Ansted,Republican,171,77,88,6
Bedford Township Park Commissioner Partial Term Ending 11/20/2028 (REP),01000000-7906-3232-491e-08deebf6b063,"Bedford Township, Precinct 5",Write-in,Republican,1,0,1,0
Bedford Township Park Commissioner Partial Term Ending 11/20/2028 (REP),01000000-7906-3232-491e-08deebf6b063,"Bedford Township, Precinct 6",Dawn Ansted,Republican,247,116,118,13
Bedford Township Park Commissioner Partial Term Ending 11/20/2028 (REP),01000000-7906-3232-491e-08deebf6b063,"Bedford Township, Precinct 6",Write-in,Republican,0,0,0,0
Bedford Township Park Commissioner Partial Term Ending 11/20/2028 (REP),01000000-7906-3232-491e-08deebf6b063,"Bedford Township, Precinct 7",Dawn Ansted,Republican,211,99,106,6
Bedford Township Park Commissioner Partial Term Ending 11/20/2028 (REP),01000000-7906-3232-491e-08deebf6b063,"Bedford Township, Precinct 7",Write-in,Republican,0,0,0,0
Bedford Township Park Commissioner Partial Term Ending 11/20/2028 (REP),01000000-7906-3232-491e-08deebf6b063,"Bedford Township, Precinct 8",Dawn Ansted,Republican,242,110,124,8
Bedford Township Park Commissioner Partial Term Ending 11/20/2028 (REP),01000000-7906-3232-491e-08deebf6b063,"Bedford Township, Precinct 8",Write-in,Republican,2,2,0,0
Bedford Township Park Commissioner Partial Term Ending 11/20/2028 (REP),01000000-7906-3232-491e-08deebf6b063,"Bedford Township, Precinct 9",Dawn Ansted,Republican,150,75,71,4
Bedford Township Park Commissioner Partial Term Ending 11/20/2028 (REP),01000000-7906-3232-491e-08deebf6b063,"Bedford Township, Precinct 9",Write-in,Republican,1,1,0,0
Bedford Township Park Commissioner Partial Term Ending 11/20/2028 (REP),01000000-7906-3232-491e-08deebf6b063,"Bedford Township, Precinct 10",Dawn Ansted,Republican,131,67,55,9
Bedford Township Park Commissioner Partial Term Ending 11/20/2028 (REP),01000000-7906-3232-491e-08deebf6b063,"Bedford Township, Precinct 10",Write-in,Republican,0,0,0,0
Bedford Township Park Commissioner Partial Term Ending 11/20/2028 (REP),01000000-7906-3232-491e-08deebf6b063,"Bedford Township, Precinct 11",Dawn Ansted,Republican,220,93,119,8
Bedford Township Park Commissioner Partial Term Ending 11/20/2028 (REP),01000000-7906-3232-491e-08deebf6b063,"Bedford Township, Precinct 11",Write-in,Republican,2,0,2,0
Bedford Township Park Commissioner Partial Term Ending 11/20/2028 (REP),01000000-7906-3232-491e-08deebf6b063,"Bedford Township, Precinct 12",Dawn Ansted,Republican,185,89,93,3
Bedford Township Park Commissioner Partial Term Ending 11/20/2028 (REP),01000000-7906-3232-491e-08deebf6b063,"Bedford Township, Precinct 12",Write-in,Republican,0,0,0,0
Bedford Township Park Commissioner Partial Term Ending 11/20/2028 (REP),01000000-7906-3232-491e-08deebf6b063,"Bedford Township, Precinct 13",Dawn Ansted,Republican,212,114,87,11
Bedford Township Park Commissioner Partial Term Ending 11/20/2028 (REP),01000000-7906-3232-491e-08deebf6b063,"Bedford Township, Precinct 13",Write-in,Republican,0,0,0,0
Bedford Township Park Commissioner Partial Term Ending 11/20/2028 (REP),01000000-7906-3232-491e-08deebf6b063,"Bedford Township, Precinct 14",Dawn Ansted,Republican,113,54,56,3
Bedford Township Park Commissioner Partial Term Ending 11/20/2028 (REP),01000000-7906-3232-491e-08deebf6b063,"Bedford Township, Precinct 14",Write-in,Republican,0,0,0,0
Governor (DEM),01000000-7906-3232-1599-08deebf6b063,"City of Luna Pier, Precinct 1",Jocelyn Benson,Democrat,128,126,0,2
Governor (DEM),01000000-7906-3232-1599-08deebf6b063,"City of Luna Pier, Precinct 1",Christopher Robert Swanson,Democrat,13,13,0,0
Governor (DEM),01000000-7906-3232-1599-08deebf6b063,"City of Luna Pier, Precinct 1",Write-in,Democrat,1,1,0,0
Governor (DEM),01000000-7906-3232-1599-08deebf6b063,"City of Luna Pier, Precinct 1",Justin Blackburn,Democrat,0,0,0,0
Governor (DEM),01000000-7906-3232-1599-08deebf6b063,"City of Monroe, Precinct 1",Jocelyn Benson,Democrat,290,76,197,17
Governor (DEM),01000000-7906-3232-1599-08deebf6b063,"City of Monroe, Precinct 1",Christopher Robert Swanson,Democrat,45,25,19,1
Governor (DEM),01000000-7906-3232-1599-08deebf6b063,"City of Monroe, Precinct 1",Write-in,Democrat,1,1,0,0
Governor (DEM),01000000-7906-3232-1599-08deebf6b063,"City of Monroe, Precinct 1",Justin Blackburn,Democrat,0,0,0,0
Governor (DEM),01000000-7906-3232-1599-08deebf6b063,"City of Monroe, Precinct 2",Jocelyn Benson,Democrat,232,84,128,20
Governor (DEM),01000000-7906-3232-1599-08deebf6b063,"City of Monroe, Precinct 2",Christopher Robert Swanson,Democrat,37,15,16,6
Governor (DEM),01000000-7906-3232-1599-08deebf6b063,"City of Monroe, Precinct 2",Write-in,Democrat,4,2,2,0
Governor (DEM),01000000-7906-3232-1599-08deebf6b063,"City of Monroe, Precinct 2",Justin Blackburn,Democrat,0,0,0,0
Governor (DEM),01000000-7906-3232-1599-08deebf6b063,"City of Monroe, Precinct 3N",Jocelyn Benson,Democrat,132,49,76,7
Governor (DEM),01000000-7906-3232-1599-08deebf6b063,"City of Monroe, Precinct 3N",Christopher Robert Swanson,Democrat,28,15,12,1
Governor (DEM),01000000-7906-3232-1599-08deebf6b063,"City of Monroe, Precinct 3N",Write-in,Democrat,2,2,0,0
Governor (DEM),01000000-7906-3232-1599-08deebf6b063,"City of Monroe, Precinct 3N",Justin Blackburn,Democrat,0,0,0,0
Governor (DEM),01000000-7906-3232-1599-08deebf6b063,"City of Monroe, Precinct 3S",Jocelyn Benson,Democrat,87,45,41,1
Governor (DEM),01000000-7906-3232-1599-08deebf6b063,"City of Monroe, Precinct 3S",Christopher Robert Swanson,Democrat,20,11,6,3
Governor (DEM),01000000-7906-3232-1599-08deebf6b063,"City of Monroe, Precinct 3S",Write-in,Democrat,0,0,0,0
Governor (DEM),01000000-7906-3232-1599-08deebf6b063,"City of Monroe, Precinct 3S",Justin Blackburn,Democrat,0,0,0,0
Governor (DEM),01000000-7906-3232-1599-08deebf6b063,"City of Monroe, Precinct 4",Jocelyn Benson,Democrat,388,121,249,18
Governor (DEM),01000000-7906-3232-1599-08deebf6b063,"City of Monroe, Precinct 4",Christopher Robert Swanson,Democrat,70,41,22,7
Governor (DEM),01000000-7906-3232-1599-08deebf6b063,"City of Monroe, Precinct 4",Write-in,Democrat,3,2,1,0
Governor (DEM),01000000-7906-3232-1599-08deebf6b063,"City of Monroe, Precinct 4",Justin Blackburn,Democrat,0,0,0,0
Governor (DEM),01000000-7906-3232-1599-08deebf6b063,"City of Monroe, Precinct 5",Jocelyn Benson,Democrat,445,107,318,20
Governor (DEM),01000000-7906-3232-1599-08deebf6b063,"City of Monroe, Precinct 5",Christopher Robert Swanson,Democrat,52,22,26,4
Governor (DEM),01000000-7906-3232-1599-08deebf6b063,"City of Monroe, Precinct 5",Write-in,Democrat,3,2,1,0
Governor (DEM),01000000-7906-3232-1599-08deebf6b063,"City of Monroe, Precinct 5",Justin Blackburn,Democrat,0,0,0,0
Governor (DEM),01000000-7906-3232-1599-08deebf6b063,"City of Monroe, Precinct 6",Jocelyn Benson,Democrat,277,104,159,14
Governor (DEM),01000000-7906-3232-1599-08deebf6b063,"City of Monroe, Precinct 6",Christopher Robert Swanson,Democrat,61,28,32,1
Governor (DEM),01000000-7906-3232-1599-08deebf6b063,"City of Monroe, Precinct 6",Write-in,Democrat,0,0,0,0
Governor (DEM),01000000-7906-3232-1599-08deebf6b063,"City of Monroe, Precinct 6",Justin Blackburn,Democrat,0,0,0,0
Governor (DEM),01000000-7906-3232-1599-08deebf6b063,"City of Petersburg, Precinct 1",Jocelyn Benson,Democrat,71,60,0,11
Governor (DEM),01000000-7906-3232-1599-08deebf6b063,"City of Petersburg, Precinct 1",Christopher Robert Swanson,Democrat,35,33,0,2
Governor (DEM),01000000-7906-3232-1599-08deebf6b063,"City of Petersburg, Precinct 1",Write-in,Democrat,2,2,0,0
Governor (DEM),01000000-7906-3232-1599-08deebf6b063,"City of Petersburg, Precinct 1",Justin Blackburn,Democrat,0,0,0,0
Governor (DEM),01000000-7906-3232-1599-08deebf6b063,"Ash Township, Precinct 1",Jocelyn Benson,Democrat,208,57,147,4
Governor (DEM),01000000-7906-3232-1599-08deebf6b063,"Ash Township, Precinct 1",Christopher Robert Swanson,Democrat,39,16,23,0
Governor (DEM),01000000-7906-3232-1599-08deebf6b063,"Ash Township, Precinct 1",Write-in,Democrat,0,0,0,0
Governor (DEM),01000000-7906-3232-1599-08deebf6b063,"Ash Township, Precinct 1",Justin Blackburn,Democrat,0,0,0,0
Governor (DEM),01000000-7906-3232-1599-08deebf6b063,"Ash Township, Precinct 2",Jocelyn Benson,Democrat,287,61,216,10
Governor (DEM),01000000-7906-3232-1599-08deebf6b063,"Ash Township, Precinct 2",Christopher Robert Swanson,Democrat,48,21,24,3
Governor (DEM),01000000-7906-3232-1599-08deebf6b063,"Ash Township, Precinct 2",Write-in,Democrat,2,1,1,0
Governor (DEM),01000000-7906-3232-1599-08deebf6b063,"Ash Township, Precinct 2",Justin Blackburn,Democrat,0,0,0,0
Governor (DEM),01000000-7906-3232-1599-08deebf6b063,"Ash Township, Precinct 3",Jocelyn Benson,Democrat,185,50,128,7
Governor (DEM),01000000-7906-3232-1599-08deebf6b063,"Ash Township, Precinct 3",Christopher Robert Swanson,Democrat,42,18,23,1
Governor (DEM),01000000-7906-3232-1599-08deebf6b063,"Ash Township, Precinct 3",Write-in,Democrat,2,0,1,1
Governor (DEM),01000000-7906-3232-1599-08deebf6b063,"Ash Township, Precinct 3",Justin Blackburn,Democrat,0,0,0,0
Governor (DEM),01000000-7906-3232-1599-08deebf6b063,"Bedford Township, Precinct 1",Jocelyn Benson,Democrat,79,19,60,0
Governor (DEM),01000000-7906-3232-1599-08deebf6b063,"Bedford Township, Precinct 1",Christopher Robert Swanson,Democrat,18,9,9,0
Governor (DEM),01000000-7906-3232-1599-08deebf6b063,"Bedford Township, Precinct 1",Write-in,Democrat,0,0,0,0
Governor (DEM),01000000-7906-3232-1599-08deebf6b063,"Bedford Township, Precinct 1",Justin Blackburn,Democrat,0,0,0,0
Governor (DEM),01000000-7906-3232-1599-08deebf6b063,"Bedford Township, Precinct 2",Jocelyn Benson,Democrat,209,70,132,7
Governor (DEM),01000000-7906-3232-1599-08deebf6b063,"Bedford Township, Precinct 2",Christopher Robert Swanson,Democrat,39,25,13,1
Governor (DEM),01000000-7906-3232-1599-08deebf6b063,"Bedford Township, Precinct 2",Write-in,Democrat,1,1,0,0
Governor (DEM),01000000-7906-3232-1599-08deebf6b063,"Bedford Township, Precinct 2",Justin Blackburn,Democrat,0,0,0,0
Governor (DEM),01000000-7906-3232-1599-08deebf6b063,"Bedford Township, Precinct 3",Jocelyn Benson,Democrat,167,58,103,6
Governor (DEM),01000000-7906-3232-1599-08deebf6b063,"Bedford Township, Precinct 3",Christopher Robert Swanson,Democrat,33,21,12,0
Governor (DEM),01000000-7906-3232-1599-08deebf6b063,"Bedford Township, Precinct 3",Write-in,Democrat,0,0,0,0
Governor (DEM),01000000-7906-3232-1599-08deebf6b063,"Bedford Township, Precinct 3",Justin Blackburn,Democrat,0,0,0,0
Governor (DEM),01000000-7906-3232-1599-08deebf6b063,"Bedford Township, Precinct 4",Jocelyn Benson,Democrat,259,84,162,13
Governor (DEM),01000000-7906-3232-1599-08deebf6b063,"Bedford Township, Precinct 4",Christopher Robert Swanson,Democrat,55,22,33,0
Governor (DEM),01000000-7906-3232-1599-08deebf6b063,"Bedford Township, Precinct 4",Write-in,Democrat,0,0,0,0
Governor (DEM),01000000-7906-3232-1599-08deebf6b063,"Bedford Township, Precinct 4",Justin Blackburn,Democrat,0,0,0,0
Governor (DEM),01000000-7906-3232-1599-08deebf6b063,"Bedford Township, Precinct 5",Jocelyn Benson,Democrat,222,85,127,10
Governor (DEM),01000000-7906-3232-1599-08deebf6b063,"Bedford Township, Precinct 5",Christopher Robert Swanson,Democrat,37,14,16,7
Governor (DEM),01000000-7906-3232-1599-08deebf6b063,"Bedford Township, Precinct 5",Write-in,Democrat,0,0,0,0
Governor (DEM),01000000-7906-3232-1599-08deebf6b063,"Bedford Township, Precinct 5",Justin Blackburn,Democrat,0,0,0,0
Governor (DEM),01000000-7906-3232-1599-08deebf6b063,"Bedford Township, Precinct 6",Jocelyn Benson,Democrat,298,114,182,2
Governor (DEM),01000000-7906-3232-1599-08deebf6b063,"Bedford Township, Precinct 6",Christopher Robert Swanson,Democrat,61,32,26,3
Governor (DEM),01000000-7906-3232-1599-08deebf6b063,"Bedford Township, Precinct 6",Write-in,Democrat,0,0,0,0
Governor (DEM),01000000-7906-3232-1599-08deebf6b063,"Bedford Township, Precinct 6",Justin Blackburn,Democrat,0,0,0,0
Governor (DEM),01000000-7906-3232-1599-08deebf6b063,"Bedford Township, Precinct 7",Jocelyn Benson,Democrat,238,69,157,12
Governor (DEM),01000000-7906-3232-1599-08deebf6b063,"Bedford Township, Precinct 7",Christopher Robert Swanson,Democrat,39,13,23,3
Governor (DEM),01000000-7906-3232-1599-08deebf6b063,"Bedford Township, Precinct 7",Write-in,Democrat,1,0,0,1
Governor (DEM),01000000-7906-3232-1599-08deebf6b063,"Bedford Township, Precinct 7",Justin Blackburn,Democrat,0,0,0,0
Governor (DEM),01000000-7906-3232-1599-08deebf6b063,"Bedford Township, Precinct 8",Jocelyn Benson,Democrat,249,79,161,9
Governor (DEM),01000000-7906-3232-1599-08deebf6b063,"Bedford Township, Precinct 8",Christopher Robert Swanson,Democrat,35,17,16,2
Governor (DEM),01000000-7906-3232-1599-08deebf6b063,"Bedford Township, Precinct 8",Write-in,Democrat,3,2,1,0
Governor (DEM),01000000-7906-3232-1599-08deebf6b063,"Bedford Township, Precinct 8",Justin Blackburn,Democrat,0,0,0,0
Governor (DEM),01000000-7906-3232-1599-08deebf6b063,"Bedford Township, Precinct 9",Jocelyn Benson,Democrat,170,53,112,5
Governor (DEM),01000000-7906-3232-1599-08deebf6b063,"Bedford Township, Precinct 9",Christopher Robert Swanson,Democrat,23,10,12,1
Governor (DEM),01000000-7906-3232-1599-08deebf6b063,"Bedford Township, Precinct 9",Write-in,Democrat,0,0,0,0
Governor (DEM),01000000-7906-3232-1599-08deebf6b063,"Bedford Township, Precinct 9",Justin Blackburn,Democrat,0,0,0,0
Governor (DEM),01000000-7906-3232-1599-08deebf6b063,"Bedford Township, Precinct 10",Jocelyn Benson,Democrat,136,46,86,4
Governor (DEM),01000000-7906-3232-1599-08deebf6b063,"Bedford Township, Precinct 10",Christopher Robert Swanson,Democrat,23,9,14,0
Governor (DEM),01000000-7906-3232-1599-08deebf6b063,"Bedford Township, Precinct 10",Write-in,Democrat,1,1,0,0
Governor (DEM),01000000-7906-3232-1599-08deebf6b063,"Bedford Township, Precinct 10",Justin Blackburn,Democrat,0,0,0,0
Governor (DEM),01000000-7906-3232-1599-08deebf6b063,"Bedford Township, Precinct 11",Jocelyn Benson,Democrat,197,60,129,8
Governor (DEM),01000000-7906-3232-1599-08deebf6b063,"Bedford Township, Precinct 11",Christopher Robert Swanson,Democrat,49,20,28,1
Governor (DEM),01000000-7906-3232-1599-08deebf6b063,"Bedford Township, Precinct 11",Write-in,Democrat,1,0,1,0
Governor (DEM),01000000-7906-3232-1599-08deebf6b063,"Bedford Township, Precinct 11",Justin Blackburn,Democrat,0,0,0,0
Governor (DEM),01000000-7906-3232-1599-08deebf6b063,"Bedford Township, Precinct 12",Jocelyn Benson,Democrat,229,67,156,6
Governor (DEM),01000000-7906-3232-1599-08deebf6b063,"Bedford Township, Precinct 12",Christopher Robert Swanson,Democrat,41,21,16,4
Governor (DEM),01000000-7906-3232-1599-08deebf6b063,"Bedford Township, Precinct 12",Write-in,Democrat,1,1,0,0
Governor (DEM),01000000-7906-3232-1599-08deebf6b063,"Bedford Township, Precinct 12",Justin Blackburn,Democrat,0,0,0,0
Governor (DEM),01000000-7906-3232-1599-08deebf6b063,"Bedford Township, Precinct 13",Jocelyn Benson,Democrat,208,78,129,1
Governor (DEM),01000000-7906-3232-1599-08deebf6b063,"Bedford Township, Precinct 13",Christopher Robert Swanson,Democrat,34,20,14,0
Governor (DEM),01000000-7906-3232-1599-08deebf6b063,"Bedford Township, Precinct 13",Write-in,Democrat,0,0,0,0
Governor (DEM),01000000-7906-3232-1599-08deebf6b063,"Bedford Township, Precinct 13",Justin Blackburn,Democrat,0,0,0,0
Governor (DEM),01000000-7906-3232-1599-08deebf6b063,"Bedford Township, Precinct 14",Jocelyn Benson,Democrat,167,58,104,5
Governor (DEM),01000000-7906-3232-1599-08deebf6b063,"Bedford Township, Precinct 14",Christopher Robert Swanson,Democrat,33,16,15,2
Governor (DEM),01000000-7906-3232-1599-08deebf6b063,"Bedford Township, Precinct 14",Write-in,Democrat,0,0,0,0
Governor (DEM),01000000-7906-3232-1599-08deebf6b063,"Bedford Township, Precinct 14",Justin Blackburn,Democrat,0,0,0,0
Governor (DEM),01000000-7906-3232-1599-08deebf6b063,"Berlin Township, Precinct 1",Jocelyn Benson,Democrat,186,64,117,5
Governor (DEM),01000000-7906-3232-1599-08deebf6b063,"Berlin Township, Precinct 1",Christopher Robert Swanson,Democrat,42,25,17,0
Governor (DEM),01000000-7906-3232-1599-08deebf6b063,"Berlin Township, Precinct 1",Write-in,Democrat,2,0,1,1
Governor (DEM),01000000-7906-3232-1599-08deebf6b063,"Berlin Township, Precinct 1",Justin Blackburn,Democrat,1,0,1,0
Governor (DEM),01000000-7906-3232-1599-08deebf6b063,"Berlin Township, Precinct 2",Jocelyn Benson,Democrat,244,62,167,15
Governor (DEM),01000000-7906-3232-1599-08deebf6b063,"Berlin Township, Precinct 2",Christopher Robert Swanson,Democrat,45,17,22,6
Governor (DEM),01000000-7906-3232-1599-08deebf6b063,"Berlin Township, Precinct 2",Write-in,Democrat,1,1,0,0
Governor (DEM),01000000-7906-3232-1599-08deebf6b063,"Berlin Township, Precinct 2",Justin Blackburn,Democrat,0,0,0,0
Governor (DEM),01000000-7906-3232-1599-08deebf6b063,"Berlin Township, Precinct 3",Jocelyn Benson,Democrat,191,65,117,9
Governor (DEM),01000000-7906-3232-1599-08deebf6b063,"Berlin Township, Precinct 3",Christopher Robert Swanson,Democrat,28,21,7,0
Governor (DEM),01000000-7906-3232-1599-08deebf6b063,"Berlin Township, Precinct 3",Write-in,Democrat,0,0,0,0
Governor (DEM),01000000-7906-3232-1599-08deebf6b063,"Berlin Township, Precinct 3",Justin Blackburn,Democrat,0,0,0,0
Governor (DEM),01000000-7906-3232-1599-08deebf6b063,"Berlin Township, Precinct 4",Jocelyn Benson,Democrat,228,69,146,13
Governor (DEM),01000000-7906-3232-1599-08deebf6b063,"Berlin Township, Precinct 4",Christopher Robert Swanson,Democrat,73,40,28,5
Governor (DEM),01000000-7906-3232-1599-08deebf6b063,"Berlin Township, Precinct 4",Write-in,Democrat,1,1,0,0
Governor (DEM),01000000-7906-3232-1599-08deebf6b063,"Berlin Township, Precinct 4",Justin Blackburn,Democrat,0,0,0,0
Governor (DEM),01000000-7906-3232-1599-08deebf6b063,"Dundee Township, Precinct 1",Jocelyn Benson,Democrat,170,166,0,4
Governor (DEM),01000000-7906-3232-1599-08deebf6b063,"Dundee Township, Precinct 1",Christopher Robert Swanson,Democrat,46,45,0,1
Governor (DEM),01000000-7906-3232-1599-08deebf6b063,"Dundee Township, Precinct 1",Write-in,Democrat,1,1,0,0
Governor (DEM),01000000-7906-3232-1599-08deebf6b063,"Dundee Township, Precinct 1",Justin Blackburn,Democrat,0,0,0,0
Governor (DEM),01000000-7906-3232-1599-08deebf6b063,"Dundee Township, Precinct 2",Jocelyn Benson,Democrat,250,240,0,10
Governor (DEM),01000000-7906-3232-1599-08deebf6b063,"Dundee Township, Precinct 2",Christopher Robert Swanson,Democrat,59,53,0,6
Governor (DEM),01000000-7906-3232-1599-08deebf6b063,"Dundee Township, Precinct 2",Write-in,Democrat,4,3,0,1
Governor (DEM),01000000-7906-3232-1599-08deebf6b063,"Dundee Township, Precinct 2",Justin Blackburn,Democrat,0,0,0,0
Governor (DEM),01000000-7906-3232-1599-08deebf6b063,"Dundee Township, Precinct 3",Jocelyn Benson,Democrat,277,267,0,10
Governor (DEM),01000000-7906-3232-1599-08deebf6b063,"Dundee Township, Precinct 3",Christopher Robert Swanson,Democrat,77,70,0,7
Governor (DEM),01000000-7906-3232-1599-08deebf6b063,"Dundee Township, Precinct 3",Write-in,Democrat,0,0,0,0
Governor (DEM),01000000-7906-3232-1599-08deebf6b063,"Dundee Township, Precinct 3",Justin Blackburn,Democrat,0,0,0,0
Governor (DEM),01000000-7906-3232-1599-08deebf6b063,"Erie Township, Precinct 1",Jocelyn Benson,Democrat,295,75,208,12
Governor (DEM),01000000-7906-3232-1599-08deebf6b063,"Erie Township, Precinct 1",Christopher Robert Swanson,Democrat,69,36,30,3
Governor (DEM),01000000-7906-3232-1599-08deebf6b063,"Erie Township, Precinct 1",Write-in,Democrat,0,0,0,0
Governor (DEM),01000000-7906-3232-1599-08deebf6b063,"Erie Township, Precinct 1",Justin Blackburn,Democrat,0,0,0,0
Governor (DEM),01000000-7906-3232-1599-08deebf6b063,"Exeter Township, Precinct 1",Jocelyn Benson,Democrat,162,158,0,4
Governor (DEM),01000000-7906-3232-1599-08deebf6b063,"Exeter Township, Precinct 1",Christopher Robert Swanson,Democrat,22,22,0,0
Governor (DEM),01000000-7906-3232-1599-08deebf6b063,"Exeter Township, Precinct 1",Write-in,Democrat,0,0,0,0
Governor (DEM),01000000-7906-3232-1599-08deebf6b063,"Exeter Township, Precinct 1",Justin Blackburn,Democrat,0,0,0,0
Governor (DEM),01000000-7906-3232-1599-08deebf6b063,"Exeter Township, Precinct 2",Jocelyn Benson,Democrat,218,209,0,9
Governor (DEM),01000000-7906-3232-1599-08deebf6b063,"Exeter Township, Precinct 2",Christopher Robert Swanson,Democrat,43,38,0,5
Governor (DEM),01000000-7906-3232-1599-08deebf6b063,"Exeter Township, Precinct 2",Write-in,Democrat,2,1,0,1
Governor (DEM),01000000-7906-3232-1599-08deebf6b063,"Exeter Township, Precinct 2",Justin Blackburn,Democrat,0,0,0,0
Governor (DEM),01000000-7906-3232-1599-08deebf6b063,"Frenchtown Township, Precinct 1",Jocelyn Benson,Democrat,110,25,78,7
Governor (DEM),01000000-7906-3232-1599-08deebf6b063,"Frenchtown Township, Precinct 1",Christopher Robert Swanson,Democrat,18,12,5,1
Governor (DEM),01000000-7906-3232-1599-08deebf6b063,"Frenchtown Township, Precinct 1",Write-in,Democrat,0,0,0,0
Governor (DEM),01000000-7906-3232-1599-08deebf6b063,"Frenchtown Township, Precinct 1",Justin Blackburn,Democrat,0,0,0,0
Governor (DEM),01000000-7906-3232-1599-08deebf6b063,"Frenchtown Township, Precinct 2",Jocelyn Benson,Democrat,135,46,87,2
Governor (DEM),01000000-7906-3232-1599-08deebf6b063,"Frenchtown Township, Precinct 2",Christopher Robert Swanson,Democrat,32,12,19,1
Governor (DEM),01000000-7906-3232-1599-08deebf6b063,"Frenchtown Township, Precinct 2",Write-in,Democrat,0,0,0,0
Governor (DEM),01000000-7906-3232-1599-08deebf6b063,"Frenchtown Township, Precinct 2",Justin Blackburn,Democrat,0,0,0,0
Governor (DEM),01000000-7906-3232-1599-08deebf6b063,"Frenchtown Township, Precinct 3",Jocelyn Benson,Democrat,159,35,116,8
Governor (DEM),01000000-7906-3232-1599-08deebf6b063,"Frenchtown Township, Precinct 3",Christopher Robert Swanson,Democrat,34,13,20,1
Governor (DEM),01000000-7906-3232-1599-08deebf6b063,"Frenchtown Township, Precinct 3",Write-in,Democrat,0,0,0,0
Governor (DEM),01000000-7906-3232-1599-08deebf6b063,"Frenchtown Township, Precinct 3",Justin Blackburn,Democrat,0,0,0,0
Governor (DEM),01000000-7906-3232-1599-08deebf6b063,"Frenchtown Township, Precinct 4",Jocelyn Benson,Democrat,258,51,194,13
Governor (DEM),01000000-7906-3232-1599-08deebf6b063,"Frenchtown Township, Precinct 4",Christopher Robert Swanson,Democrat,29,12,13,4
Governor (DEM),01000000-7906-3232-1599-08deebf6b063,"Frenchtown Township, Precinct 4",Write-in,Democrat,0,0,0,0
Governor (DEM),01000000-7906-3232-1599-08deebf6b063,"Frenchtown Township, Precinct 4",Justin Blackburn,Democrat,0,0,0,0
Governor (DEM),01000000-7906-3232-1599-08deebf6b063,"Frenchtown Township, Precinct 5",Jocelyn Benson,Democrat,143,41,95,7
Governor (DEM),01000000-7906-3232-1599-08deebf6b063,"Frenchtown Township, Precinct 5",Christopher Robert Swanson,Democrat,40,24,15,1
Governor (DEM),01000000-7906-3232-1599-08deebf6b063,"Frenchtown Township, Precinct 5",Write-in,Democrat,1,0,0,1
Governor (DEM),01000000-7906-3232-1599-08deebf6b063,"Frenchtown Township, Precinct 5",Justin Blackburn,Democrat,0,0,0,0
Governor (DEM),01000000-7906-3232-1599-08deebf6b063,"Frenchtown Township, Precinct 6",Jocelyn Benson,Democrat,213,58,150,5
Governor (DEM),01000000-7906-3232-1599-08deebf6b063,"Frenchtown Township, Precinct 6",Christopher Robert Swanson,Democrat,37,13,21,3
Governor (DEM),01000000-7906-3232-1599-08deebf6b063,"Frenchtown Township, Precinct 6",Write-in,Democrat,0,0,0,0
Governor (DEM),01000000-7906-3232-1599-08deebf6b063,"Frenchtown Township, Precinct 6",Justin Blackburn,Democrat,0,0,0,0
Governor (DEM),01000000-7906-3232-1599-08deebf6b063,"Frenchtown Township, Precinct 7",Jocelyn Benson,Democrat,312,77,222,13
Governor (DEM),01000000-7906-3232-1599-08deebf6b063,"Frenchtown Township, Precinct 7",Christopher Robert Swanson,Democrat,50,14,28,8
Governor (DEM),01000000-7906-3232-1599-08deebf6b063,"Frenchtown Township, Precinct 7",Write-in,Democrat,0,0,0,0
Governor (DEM),01000000-7906-3232-1599-08deebf6b063,"Frenchtown Township, Precinct 7",Justin Blackburn,Democrat,0,0,0,0
Governor (DEM),01000000-7906-3232-1599-08deebf6b063,"Frenchtown Township, Precinct 8",Jocelyn Benson,Democrat,163,63,96,4
Governor (DEM),01000000-7906-3232-1599-08deebf6b063,"Frenchtown Township, Precinct 8",Christopher Robert Swanson,Democrat,33,20,13,0
Governor (DEM),01000000-7906-3232-1599-08deebf6b063,"Frenchtown Township, Precinct 8",Write-in,Democrat,2,0,2,0
Governor (DEM),01000000-7906-3232-1599-08deebf6b063,"Frenchtown Township, Precinct 8",Justin Blackburn,Democrat,0,0,0,0
Governor (DEM),01000000-7906-3232-1599-08deebf6b063,"Frenchtown Township, Precinct 9",Jocelyn Benson,Democrat,198,59,134,5
Governor (DEM),01000000-7906-3232-1599-08deebf6b063,"Frenchtown Township, Precinct 9",Christopher Robert Swanson,Democrat,44,31,12,1
Governor (DEM),01000000-7906-3232-1599-08deebf6b063,"Frenchtown Township, Precinct 9",Write-in,Democrat,0,0,0,0
Governor (DEM),01000000-7906-3232-1599-08deebf6b063,"Frenchtown Township, Precinct 9",Justin Blackburn,Democrat,0,0,0,0
Governor (DEM),01000000-7906-3232-1599-08deebf6b063,"Ida Township, Precinct 1",Jocelyn Benson,Democrat,174,61,105,8
Governor (DEM),01000000-7906-3232-1599-08deebf6b063,"Ida Township, Precinct 1",Christopher Robert Swanson,Democrat,47,28,13,6
Governor (DEM),01000000-7906-3232-1599-08deebf6b063,"Ida Township, Precinct 1",Write-in,Democrat,1,0,1,0
Governor (DEM),01000000-7906-3232-1599-08deebf6b063,"Ida Township, Precinct 1",Justin Blackburn,Democrat,0,0,0,0
Governor (DEM),01000000-7906-3232-1599-08deebf6b063,"Ida Township, Precinct 2",Jocelyn Benson,Democrat,188,63,112,13
Governor (DEM),01000000-7906-3232-1599-08deebf6b063,"Ida Township, Precinct 2",Christopher Robert Swanson,Democrat,24,12,8,4
Governor (DEM),01000000-7906-3232-1599-08deebf6b063,"Ida Township, Precinct 2",Write-in,Democrat,0,0,0,0
Governor (DEM),01000000-7906-3232-1599-08deebf6b063,"Ida Township, Precinct 2",Justin Blackburn,Democrat,0,0,0,0
Governor (DEM),01000000-7906-3232-1599-08deebf6b063,"La Salle Township, Precinct 1",Jocelyn Benson,Democrat,180,66,103,11
Governor (DEM),01000000-7906-3232-1599-08deebf6b063,"La Salle Township, Precinct 1",Christopher Robert Swanson,Democrat,26,10,14,2
Governor (DEM),01000000-7906-3232-1599-08deebf6b063,"La Salle Township, Precinct 1",Write-in,Democrat,2,0,1,1
Governor (DEM),01000000-7906-3232-1599-08deebf6b063,"La Salle Township, Precinct 1",Justin Blackburn,Democrat,0,0,0,0
Governor (DEM),01000000-7906-3232-1599-08deebf6b063,"La Salle Township, Precinct 2",Jocelyn Benson,Democrat,242,73,162,7
Governor (DEM),01000000-7906-3232-1599-08deebf6b063,"La Salle Township, Precinct 2",Christopher Robert Swanson,Democrat,41,14,27,0
Governor (DEM),01000000-7906-3232-1599-08deebf6b063,"La Salle Township, Precinct 2",Write-in,Democrat,0,0,0,0
Governor (DEM),01000000-7906-3232-1599-08deebf6b063,"La Salle Township, Precinct 2",Justin Blackburn,Democrat,0,0,0,0
Governor (DEM),01000000-7906-3232-1599-08deebf6b063,"London Township, Precinct 1",Jocelyn Benson,Democrat,249,230,0,19
Governor (DEM),01000000-7906-3232-1599-08deebf6b063,"London Township, Precinct 1",Christopher Robert Swanson,Democrat,54,51,0,3
Governor (DEM),01000000-7906-3232-1599-08deebf6b063,"London Township, Precinct 1",Write-in,Democrat,2,2,0,0
Governor (DEM),01000000-7906-3232-1599-08deebf6b063,"London Township, Precinct 1",Justin Blackburn,Democrat,0,0,0,0
Governor (DEM),01000000-7906-3232-1599-08deebf6b063,"Milan Township, Precinct 1",Jocelyn Benson,Democrat,162,161,0,1
Governor (DEM),01000000-7906-3232-1599-08deebf6b063,"Milan Township, Precinct 1",Christopher Robert Swanson,Democrat,38,38,0,0
Governor (DEM),01000000-7906-3232-1599-08deebf6b063,"Milan Township, Precinct 1",Write-in,Democrat,0,0,0,0
Governor (DEM),01000000-7906-3232-1599-08deebf6b063,"Milan Township, Precinct 1",Justin Blackburn,Democrat,0,0,0,0
Governor (DEM),01000000-7906-3232-1599-08deebf6b063,"Monroe Charter Township, Precinct 1",Jocelyn Benson,Democrat,188,47,133,8
Governor (DEM),01000000-7906-3232-1599-08deebf6b063,"Monroe Charter Township, Precinct 1",Christopher Robert Swanson,Democrat,36,16,19,1
Governor (DEM),01000000-7906-3232-1599-08deebf6b063,"Monroe Charter Township, Precinct 1",Write-in,Democrat,0,0,0,0
Governor (DEM),01000000-7906-3232-1599-08deebf6b063,"Monroe Charter Township, Precinct 1",Justin Blackburn,Democrat,0,0,0,0
Governor (DEM),01000000-7906-3232-1599-08deebf6b063,"Monroe Charter Township, Precinct 2",Jocelyn Benson,Democrat,120,52,63,5
Governor (DEM),01000000-7906-3232-1599-08deebf6b063,"Monroe Charter Township, Precinct 2",Christopher Robert Swanson,Democrat,24,14,9,1
Governor (DEM),01000000-7906-3232-1599-08deebf6b063,"Monroe Charter Township, Precinct 2",Write-in,Democrat,0,0,0,0
Governor (DEM),01000000-7906-3232-1599-08deebf6b063,"Monroe Charter Township, Precinct 2",Justin Blackburn,Democrat,0,0,0,0
Governor (DEM),01000000-7906-3232-1599-08deebf6b063,"Monroe Charter Township, Precinct 3",Jocelyn Benson,Democrat,151,40,101,10
Governor (DEM),01000000-7906-3232-1599-08deebf6b063,"Monroe Charter Township, Precinct 3",Christopher Robert Swanson,Democrat,23,8,12,3
Governor (DEM),01000000-7906-3232-1599-08deebf6b063,"Monroe Charter Township, Precinct 3",Write-in,Democrat,2,1,0,1
Governor (DEM),01000000-7906-3232-1599-08deebf6b063,"Monroe Charter Township, Precinct 3",Justin Blackburn,Democrat,0,0,0,0
Governor (DEM),01000000-7906-3232-1599-08deebf6b063,"Monroe Charter Township, Precinct 4",Jocelyn Benson,Democrat,221,73,142,6
Governor (DEM),01000000-7906-3232-1599-08deebf6b063,"Monroe Charter Township, Precinct 4",Christopher Robert Swanson,Democrat,35,18,16,1
Governor (DEM),01000000-7906-3232-1599-08deebf6b063,"Monroe Charter Township, Precinct 4",Write-in,Democrat,1,1,0,0
Governor (DEM),01000000-7906-3232-1599-08deebf6b063,"Monroe Charter Township, Precinct 4",Justin Blackburn,Democrat,0,0,0,0
Governor (DEM),01000000-7906-3232-1599-08deebf6b063,"Monroe Charter Township, Precinct 5",Jocelyn Benson,Democrat,282,78,190,14
Governor (DEM),01000000-7906-3232-1599-08deebf6b063,"Monroe Charter Township, Precinct 5",Christopher Robert Swanson,Democrat,46,23,19,4
Governor (DEM),01000000-7906-3232-1599-08deebf6b063,"Monroe Charter Township, Precinct 5",Write-in,Democrat,1,0,1,0
Governor (DEM),01000000-7906-3232-1599-08deebf6b063,"Monroe Charter Township, Precinct 5",Justin Blackburn,Democrat,0,0,0,0
Governor (DEM),01000000-7906-3232-1599-08deebf6b063,"Monroe Charter Township, Precinct 6",Jocelyn Benson,Democrat,180,57,119,4
Governor (DEM),01000000-7906-3232-1599-08deebf6b063,"Monroe Charter Township, Precinct 6",Christopher Robert Swanson,Democrat,27,13,12,2
Governor (DEM),01000000-7906-3232-1599-08deebf6b063,"Monroe Charter Township, Precinct 6",Write-in,Democrat,0,0,0,0
Governor (DEM),01000000-7906-3232-1599-08deebf6b063,"Monroe Charter Township, Precinct 6",Justin Blackburn,Democrat,0,0,0,0
Governor (DEM),01000000-7906-3232-1599-08deebf6b063,"Raisinville Township, Precinct 1",Jocelyn Benson,Democrat,228,44,179,5
Governor (DEM),01000000-7906-3232-1599-08deebf6b063,"Raisinville Township, Precinct 1",Christopher Robert Swanson,Democrat,43,18,24,1
Governor (DEM),01000000-7906-3232-1599-08deebf6b063,"Raisinville Township, Precinct 1",Write-in,Democrat,0,0,0,0
Governor (DEM),01000000-7906-3232-1599-08deebf6b063,"Raisinville Township, Precinct 1",Justin Blackburn,Democrat,0,0,0,0
Governor (DEM),01000000-7906-3232-1599-08deebf6b063,"Raisinville Township, Precinct 2",Jocelyn Benson,Democrat,335,91,235,9
Governor (DEM),01000000-7906-3232-1599-08deebf6b063,"Raisinville Township, Precinct 2",Christopher Robert Swanson,Democrat,42,16,24,2
Governor (DEM),01000000-7906-3232-1599-08deebf6b063,"Raisinville Township, Precinct 2",Write-in,Democrat,0,0,0,0
Governor (DEM),01000000-7906-3232-1599-08deebf6b063,"Raisinville Township, Precinct 2",Justin Blackburn,Democrat,0,0,0,0
Governor (DEM),01000000-7906-3232-1599-08deebf6b063,"Summerfield Township, Precinct 1",Jocelyn Benson,Democrat,217,144,63,10
Governor (DEM),01000000-7906-3232-1599-08deebf6b063,"Summerfield Township, Precinct 1",Christopher Robert Swanson,Democrat,44,18,23,3
Governor (DEM),01000000-7906-3232-1599-08deebf6b063,"Summerfield Township, Precinct 1",Write-in,Democrat,0,0,0,0
Governor (DEM),01000000-7906-3232-1599-08deebf6b063,"Summerfield Township, Precinct 1",Justin Blackburn,Democrat,0,0,0,0
Governor (DEM),01000000-7906-3232-1599-08deebf6b063,"Whiteford Township, Precinct 1",Jocelyn Benson,Democrat,177,60,102,15
Governor (DEM),01000000-7906-3232-1599-08deebf6b063,"Whiteford Township, Precinct 1",Christopher Robert Swanson,Democrat,23,9,8,6
Governor (DEM),01000000-7906-3232-1599-08deebf6b063,"Whiteford Township, Precinct 1",Write-in,Democrat,1,1,0,0
Governor (DEM),01000000-7906-3232-1599-08deebf6b063,"Whiteford Township, Precinct 1",Justin Blackburn,Democrat,0,0,0,0
Governor (DEM),01000000-7906-3232-1599-08deebf6b063,"Whiteford Township, Precinct 2",Jocelyn Benson,Democrat,106,37,55,14
Governor (DEM),01000000-7906-3232-1599-08deebf6b063,"Whiteford Township, Precinct 2",Christopher Robert Swanson,Democrat,15,7,7,1
Governor (DEM),01000000-7906-3232-1599-08deebf6b063,"Whiteford Township, Precinct 2",Write-in,Democrat,0,0,0,0
Governor (DEM),01000000-7906-3232-1599-08deebf6b063,"Whiteford Township, Precinct 2",Justin Blackburn,Democrat,0,0,0,0
Governor (DEM),01000000-7906-3232-1599-08deebf6b063,City of Milan (Out of County),Jocelyn Benson,Democrat,300,288,0,12
Governor (DEM),01000000-7906-3232-1599-08deebf6b063,City of Milan (Out of County),Christopher Robert Swanson,Democrat,67,62,0,5
Governor (DEM),01000000-7906-3232-1599-08deebf6b063,City of Milan (Out of County),Write-in,Democrat,1,1,0,0
Governor (DEM),01000000-7906-3232-1599-08deebf6b063,City of Milan (Out of County),Justin Blackburn,Democrat,0,0,0,0
"Delegate to County Convention for City of Monroe, Precinct 4 (DEM)",01000000-7906-3232-2a4a-08deebf6b063,"City of Monroe, Precinct 4",Jack Katz,Democrat,261,79,172,10
"Delegate to County Convention for City of Monroe, Precinct 4 (DEM)",01000000-7906-3232-2a4a-08deebf6b063,"City of Monroe, Precinct 4",Carolyn Peterson,Democrat,303,92,196,15
"Delegate to County Convention for City of Monroe, Precinct 4 (DEM)",01000000-7906-3232-2a4a-08deebf6b063,"City of Monroe, Precinct 4",Tanya Timiney,Democrat,261,83,169,9
"Delegate to County Convention for City of Monroe, Precinct 4 (DEM)",01000000-7906-3232-2a4a-08deebf6b063,"City of Monroe, Precinct 4",Write-in,Democrat,9,2,7,0
State Senator 16th District (REP),01000000-7906-3232-4564-08deebf6b063,"City of Luna Pier, Precinct 1","Joseph Bellino, Jr.",Republican,109,108,0,1
State Senator 16th District (REP),01000000-7906-3232-4564-08deebf6b063,"City of Luna Pier, Precinct 1",Write-in,Republican,0,0,0,0
State Senator 16th District (REP),01000000-7906-3232-4564-08deebf6b063,"City of Monroe, Precinct 1","Joseph Bellino, Jr.",Republican,195,63,121,11
State Senator 16th District (REP),01000000-7906-3232-4564-08deebf6b063,"City of Monroe, Precinct 1",Write-in,Republican,0,0,0,0
State Senator 16th District (REP),01000000-7906-3232-4564-08deebf6b063,"City of Monroe, Precinct 2","Joseph Bellino, Jr.",Republican,136,71,57,8
State Senator 16th District (REP),01000000-7906-3232-4564-08deebf6b063,"City of Monroe, Precinct 2",Write-in,Republican,1,1,0,0
State Senator 16th District (REP),01000000-7906-3232-4564-08deebf6b063,"City of Monroe, Precinct 3N","Joseph Bellino, Jr.",Republican,76,42,30,4
State Senator 16th District (REP),01000000-7906-3232-4564-08deebf6b063,"City of Monroe, Precinct 3N",Write-in,Republican,1,1,0,0
State Senator 16th District (REP),01000000-7906-3232-4564-08deebf6b063,"City of Monroe, Precinct 3S","Joseph Bellino, Jr.",Republican,52,22,27,3
State Senator 16th District (REP),01000000-7906-3232-4564-08deebf6b063,"City of Monroe, Precinct 3S",Write-in,Republican,1,1,0,0
State Senator 16th District (REP),01000000-7906-3232-4564-08deebf6b063,"City of Monroe, Precinct 4","Joseph Bellino, Jr.",Republican,283,129,140,14
State Senator 16th District (REP),01000000-7906-3232-4564-08deebf6b063,"City of Monroe, Precinct 4",Write-in,Republican,0,0,0,0
State Senator 16th District (REP),01000000-7906-3232-4564-08deebf6b063,"City of Monroe, Precinct 5","Joseph Bellino, Jr.",Republican,300,123,160,17
State Senator 16th District (REP),01000000-7906-3232-4564-08deebf6b063,"City of Monroe, Precinct 5",Write-in,Republican,4,4,0,0
State Senator 16th District (REP),01000000-7906-3232-4564-08deebf6b063,"City of Monroe, Precinct 6","Joseph Bellino, Jr.",Republican,263,113,137,13
State Senator 16th District (REP),01000000-7906-3232-4564-08deebf6b063,"City of Monroe, Precinct 6",Write-in,Republican,2,1,1,0
State Senator 16th District (REP),01000000-7906-3232-4564-08deebf6b063,"City of Petersburg, Precinct 1","Joseph Bellino, Jr.",Republican,91,79,0,12
State Senator 16th District (REP),01000000-7906-3232-4564-08deebf6b063,"City of Petersburg, Precinct 1",Write-in,Republican,0,0,0,0
State Senator 16th District (REP),01000000-7906-3232-4564-08deebf6b063,"Ash Township, Precinct 1","Joseph Bellino, Jr.",Republican,289,102,177,10
State Senator 16th District (REP),01000000-7906-3232-4564-08deebf6b063,"Ash Township, Precinct 1",Write-in,Republican,4,2,2,0
State Senator 16th District (REP),01000000-7906-3232-4564-08deebf6b063,"Ash Township, Precinct 2","Joseph Bellino, Jr.",Republican,437,155,251,31
State Senator 16th District (REP),01000000-7906-3232-4564-08deebf6b063,"Ash Township, Precinct 2",Write-in,Republican,2,1,1,0
State Senator 16th District (REP),01000000-7906-3232-4564-08deebf6b063,"Ash Township, Precinct 3","Joseph Bellino, Jr.",Republican,326,129,185,12
State Senator 16th District (REP),01000000-7906-3232-4564-08deebf6b063,"Ash Township, Precinct 3",Write-in,Republican,1,1,0,0
State Senator 16th District (REP),01000000-7906-3232-4564-08deebf6b063,"Bedford Township, Precinct 1","Joseph Bellino, Jr.",Republican,118,60,56,2
State Senator 16th District (REP),01000000-7906-3232-4564-08deebf6b063,"Bedford Township, Precinct 1",Write-in,Republican,0,0,0,0
State Senator 16th District (REP),01000000-7906-3232-4564-08deebf6b063,"Bedford Township, Precinct 2","Joseph Bellino, Jr.",Republican,236,125,102,9
State Senator 16th District (REP),01000000-7906-3232-4564-08deebf6b063,"Bedford Township, Precinct 2",Write-in,Republican,0,0,0,0
State Senator 16th District (REP),01000000-7906-3232-4564-08deebf6b063,"Bedford Township, Precinct 3","Joseph Bellino, Jr.",Republican,207,120,77,10
State Senator 16th District (REP),01000000-7906-3232-4564-08deebf6b063,"Bedford Township, Precinct 3",Write-in,Republican,2,2,0,0
State Senator 16th District (REP),01000000-7906-3232-4564-08deebf6b063,"Bedford Township, Precinct 4","Joseph Bellino, Jr.",Republican,268,110,140,18
State Senator 16th District (REP),01000000-7906-3232-4564-08deebf6b063,"Bedford Township, Precinct 4",Write-in,Republican,1,0,1,0
State Senator 16th District (REP),01000000-7906-3232-4564-08deebf6b063,"Bedford Township, Precinct 5","Joseph Bellino, Jr.",Republican,188,86,94,8
State Senator 16th District (REP),01000000-7906-3232-4564-08deebf6b063,"Bedford Township, Precinct 5",Write-in,Republican,0,0,0,0
State Senator 16th District (REP),01000000-7906-3232-4564-08deebf6b063,"Bedford Township, Precinct 6","Joseph Bellino, Jr.",Republican,282,142,128,12
State Senator 16th District (REP),01000000-7906-3232-4564-08deebf6b063,"Bedford Township, Precinct 6",Write-in,Republican,0,0,0,0
State Senator 16th District (REP),01000000-7906-3232-4564-08deebf6b063,"Bedford Township, Precinct 7","Joseph Bellino, Jr.",Republican,234,115,111,8
State Senator 16th District (REP),01000000-7906-3232-4564-08deebf6b063,"Bedford Township, Precinct 7",Write-in,Republican,1,0,1,0
State Senator 16th District (REP),01000000-7906-3232-4564-08deebf6b063,"Bedford Township, Precinct 8","Joseph Bellino, Jr.",Republican,281,128,146,7
State Senator 16th District (REP),01000000-7906-3232-4564-08deebf6b063,"Bedford Township, Precinct 8",Write-in,Republican,1,0,1,0
State Senator 16th District (REP),01000000-7906-3232-4564-08deebf6b063,"Bedford Township, Precinct 9","Joseph Bellino, Jr.",Republican,173,86,82,5
State Senator 16th District (REP),01000000-7906-3232-4564-08deebf6b063,"Bedford Township, Precinct 9",Write-in,Republican,1,1,0,0
State Senator 16th District (REP),01000000-7906-3232-4564-08deebf6b063,"Bedford Township, Precinct 10","Joseph Bellino, Jr.",Republican,141,74,57,10
State Senator 16th District (REP),01000000-7906-3232-4564-08deebf6b063,"Bedford Township, Precinct 10",Write-in,Republican,0,0,0,0
State Senator 16th District (REP),01000000-7906-3232-4564-08deebf6b063,"Bedford Township, Precinct 11","Joseph Bellino, Jr.",Republican,250,120,120,10
State Senator 16th District (REP),01000000-7906-3232-4564-08deebf6b063,"Bedford Township, Precinct 11",Write-in,Republican,0,0,0,0
State Senator 16th District (REP),01000000-7906-3232-4564-08deebf6b063,"Bedford Township, Precinct 12","Joseph Bellino, Jr.",Republican,208,96,108,4
State Senator 16th District (REP),01000000-7906-3232-4564-08deebf6b063,"Bedford Township, Precinct 12",Write-in,Republican,1,0,1,0
State Senator 16th District (REP),01000000-7906-3232-4564-08deebf6b063,"Bedford Township, Precinct 13","Joseph Bellino, Jr.",Republican,221,111,97,13
State Senator 16th District (REP),01000000-7906-3232-4564-08deebf6b063,"Bedford Township, Precinct 13",Write-in,Republican,0,0,0,0
State Senator 16th District (REP),01000000-7906-3232-4564-08deebf6b063,"Bedford Township, Precinct 14","Joseph Bellino, Jr.",Republican,128,61,64,3
State Senator 16th District (REP),01000000-7906-3232-4564-08deebf6b063,"Bedford Township, Precinct 14",Write-in,Republican,0,0,0,0
State Senator 16th District (REP),01000000-7906-3232-4564-08deebf6b063,"Berlin Township, Precinct 1","Joseph Bellino, Jr.",Republican,222,122,81,19
State Senator 16th District (REP),01000000-7906-3232-4564-08deebf6b063,"Berlin Township, Precinct 1",Write-in,Republican,0,0,0,0
State Senator 16th District (REP),01000000-7906-3232-4564-08deebf6b063,"Berlin Township, Precinct 2","Joseph Bellino, Jr.",Republican,335,147,172,16
State Senator 16th District (REP),01000000-7906-3232-4564-08deebf6b063,"Berlin Township, Precinct 2",Write-in,Republican,2,1,0,1
State Senator 16th District (REP),01000000-7906-3232-4564-08deebf6b063,"Berlin Township, Precinct 3","Joseph Bellino, Jr.",Republican,239,124,101,14
State Senator 16th District (REP),01000000-7906-3232-4564-08deebf6b063,"Berlin Township, Precinct 3",Write-in,Republican,1,1,0,0
State Senator 16th District (REP),01000000-7906-3232-4564-08deebf6b063,"Berlin Township, Precinct 4","Joseph Bellino, Jr.",Republican,345,195,127,23
State Senator 16th District (REP),01000000-7906-3232-4564-08deebf6b063,"Berlin Township, Precinct 4",Write-in,Republican,1,0,1,0
State Senator 16th District (REP),01000000-7906-3232-4564-08deebf6b063,"Dundee Township, Precinct 1","Joseph Bellino, Jr.",Republican,134,132,0,2
State Senator 16th District (REP),01000000-7906-3232-4564-08deebf6b063,"Dundee Township, Precinct 1",Write-in,Republican,0,0,0,0
State Senator 16th District (REP),01000000-7906-3232-4564-08deebf6b063,"Dundee Township, Precinct 2","Joseph Bellino, Jr.",Republican,240,230,0,10
State Senator 16th District (REP),01000000-7906-3232-4564-08deebf6b063,"Dundee Township, Precinct 2",Write-in,Republican,0,0,0,0
State Senator 16th District (REP),01000000-7906-3232-4564-08deebf6b063,"Dundee Township, Precinct 3","Joseph Bellino, Jr.",Republican,327,315,0,12
State Senator 16th District (REP),01000000-7906-3232-4564-08deebf6b063,"Dundee Township, Precinct 3",Write-in,Republican,1,1,0,0
State Senator 16th District (REP),01000000-7906-3232-4564-08deebf6b063,"Erie Township, Precinct 1","Joseph Bellino, Jr.",Republican,452,210,220,22
State Senator 16th District (REP),01000000-7906-3232-4564-08deebf6b063,"Erie Township, Precinct 1",Write-in,Republican,1,1,0,0
State Senator 16th District (REP),01000000-7906-3232-4564-08deebf6b063,"Exeter Township, Precinct 1","Joseph Bellino, Jr.",Republican,266,263,0,3
State Senator 16th District (REP),01000000-7906-3232-4564-08deebf6b063,"Exeter Township, Precinct 1",Write-in,Republican,1,1,0,0
State Senator 16th District (REP),01000000-7906-3232-4564-08deebf6b063,"Exeter Township, Precinct 2","Joseph Bellino, Jr.",Republican,268,259,0,9
State Senator 16th District (REP),01000000-7906-3232-4564-08deebf6b063,"Exeter Township, Precinct 2",Write-in,Republican,0,0,0,0
State Senator 16th District (REP),01000000-7906-3232-4564-08deebf6b063,"Frenchtown Township, Precinct 1","Joseph Bellino, Jr.",Republican,150,64,85,1
State Senator 16th District (REP),01000000-7906-3232-4564-08deebf6b063,"Frenchtown Township, Precinct 1",Write-in,Republican,0,0,0,0
State Senator 16th District (REP),01000000-7906-3232-4564-08deebf6b063,"Frenchtown Township, Precinct 2","Joseph Bellino, Jr.",Republican,182,94,82,6
State Senator 16th District (REP),01000000-7906-3232-4564-08deebf6b063,"Frenchtown Township, Precinct 2",Write-in,Republican,1,1,0,0
State Senator 16th District (REP),01000000-7906-3232-4564-08deebf6b063,"Frenchtown Township, Precinct 3","Joseph Bellino, Jr.",Republican,261,143,106,12
State Senator 16th District (REP),01000000-7906-3232-4564-08deebf6b063,"Frenchtown Township, Precinct 3",Write-in,Republican,1,0,1,0
State Senator 16th District (REP),01000000-7906-3232-4564-08deebf6b063,"Frenchtown Township, Precinct 4","Joseph Bellino, Jr.",Republican,277,68,196,13
State Senator 16th District (REP),01000000-7906-3232-4564-08deebf6b063,"Frenchtown Township, Precinct 4",Write-in,Republican,3,0,3,0
State Senator 16th District (REP),01000000-7906-3232-4564-08deebf6b063,"Frenchtown Township, Precinct 5","Joseph Bellino, Jr.",Republican,131,52,71,8
State Senator 16th District (REP),01000000-7906-3232-4564-08deebf6b063,"Frenchtown Township, Precinct 5",Write-in,Republican,0,0,0,0
State Senator 16th District (REP),01000000-7906-3232-4564-08deebf6b063,"Frenchtown Township, Precinct 6","Joseph Bellino, Jr.",Republican,287,147,121,19
State Senator 16th District (REP),01000000-7906-3232-4564-08deebf6b063,"Frenchtown Township, Precinct 6",Write-in,Republican,2,1,0,1
State Senator 16th District (REP),01000000-7906-3232-4564-08deebf6b063,"Frenchtown Township, Precinct 7","Joseph Bellino, Jr.",Republican,365,111,237,17
State Senator 16th District (REP),01000000-7906-3232-4564-08deebf6b063,"Frenchtown Township, Precinct 7",Write-in,Republican,1,0,1,0
State Senator 16th District (REP),01000000-7906-3232-4564-08deebf6b063,"Frenchtown Township, Precinct 8","Joseph Bellino, Jr.",Republican,224,113,104,7
State Senator 16th District (REP),01000000-7906-3232-4564-08deebf6b063,"Frenchtown Township, Precinct 8",Write-in,Republican,2,0,2,0
State Senator 16th District (REP),01000000-7906-3232-4564-08deebf6b063,"Frenchtown Township, Precinct 9","Joseph Bellino, Jr.",Republican,180,72,96,12
State Senator 16th District (REP),01000000-7906-3232-4564-08deebf6b063,"Frenchtown Township, Precinct 9",Write-in,Republican,0,0,0,0
State Senator 16th District (REP),01000000-7906-3232-4564-08deebf6b063,"Ida Township, Precinct 1","Joseph Bellino, Jr.",Republican,314,167,130,17
State Senator 16th District (REP),01000000-7906-3232-4564-08deebf6b063,"Ida Township, Precinct 1",Write-in,Republican,0,0,0,0
State Senator 16th District (REP),01000000-7906-3232-4564-08deebf6b063,"Ida Township, Precinct 2","Joseph Bellino, Jr.",Republican,274,135,128,11
State Senator 16th District (REP),01000000-7906-3232-4564-08deebf6b063,"Ida Township, Precinct 2",Write-in,Republican,0,0,0,0
State Senator 16th District (REP),01000000-7906-3232-4564-08deebf6b063,"La Salle Township, Precinct 1","Joseph Bellino, Jr.",Republican,273,145,113,15
State Senator 16th District (REP),01000000-7906-3232-4564-08deebf6b063,"La Salle Township, Precinct 1",Write-in,Republican,0,0,0,0
State Senator 16th District (REP),01000000-7906-3232-4564-08deebf6b063,"La Salle Township, Precinct 2","Joseph Bellino, Jr.",Republican,351,153,177,21
State Senator 16th District (REP),01000000-7906-3232-4564-08deebf6b063,"La Salle Township, Precinct 2",Write-in,Republican,0,0,0,0
State Senator 16th District (REP),01000000-7906-3232-4564-08deebf6b063,"London Township, Precinct 1","Joseph Bellino, Jr.",Republican,335,309,0,26
State Senator 16th District (REP),01000000-7906-3232-4564-08deebf6b063,"London Township, Precinct 1",Write-in,Republican,2,2,0,0
State Senator 16th District (REP),01000000-7906-3232-4564-08deebf6b063,"Milan Township, Precinct 1","Joseph Bellino, Jr.",Republican,191,190,0,1
State Senator 16th District (REP),01000000-7906-3232-4564-08deebf6b063,"Milan Township, Precinct 1",Write-in,Republican,0,0,0,0
State Senator 16th District (REP),01000000-7906-3232-4564-08deebf6b063,"Monroe Charter Township, Precinct 1","Joseph Bellino, Jr.",Republican,167,72,89,6
State Senator 16th District (REP),01000000-7906-3232-4564-08deebf6b063,"Monroe Charter Township, Precinct 1",Write-in,Republican,1,0,1,0
State Senator 16th District (REP),01000000-7906-3232-4564-08deebf6b063,"Monroe Charter Township, Precinct 2","Joseph Bellino, Jr.",Republican,87,34,48,5
State Senator 16th District (REP),01000000-7906-3232-4564-08deebf6b063,"Monroe Charter Township, Precinct 2",Write-in,Republican,1,0,1,0
State Senator 16th District (REP),01000000-7906-3232-4564-08deebf6b063,"Monroe Charter Township, Precinct 3","Joseph Bellino, Jr.",Republican,183,86,91,6
State Senator 16th District (REP),01000000-7906-3232-4564-08deebf6b063,"Monroe Charter Township, Precinct 3",Write-in,Republican,1,0,1,0
State Senator 16th District (REP),01000000-7906-3232-4564-08deebf6b063,"Monroe Charter Township, Precinct 4","Joseph Bellino, Jr.",Republican,227,99,119,9
State Senator 16th District (REP),01000000-7906-3232-4564-08deebf6b063,"Monroe Charter Township, Precinct 4",Write-in,Republican,0,0,0,0
State Senator 16th District (REP),01000000-7906-3232-4564-08deebf6b063,"Monroe Charter Township, Precinct 5","Joseph Bellino, Jr.",Republican,397,160,214,23
State Senator 16th District (REP),01000000-7906-3232-4564-08deebf6b063,"Monroe Charter Township, Precinct 5",Write-in,Republican,0,0,0,0
State Senator 16th District (REP),01000000-7906-3232-4564-08deebf6b063,"Monroe Charter Township, Precinct 6","Joseph Bellino, Jr.",Republican,278,90,178,10
State Senator 16th District (REP),01000000-7906-3232-4564-08deebf6b063,"Monroe Charter Township, Precinct 6",Write-in,Republican,0,0,0,0
State Senator 16th District (REP),01000000-7906-3232-4564-08deebf6b063,"Raisinville Township, Precinct 1","Joseph Bellino, Jr.",Republican,486,176,290,20
State Senator 16th District (REP),01000000-7906-3232-4564-08deebf6b063,"Raisinville Township, Precinct 1",Write-in,Republican,1,1,0,0
State Senator 16th District (REP),01000000-7906-3232-4564-08deebf6b063,"Raisinville Township, Precinct 2","Joseph Bellino, Jr.",Republican,392,150,227,15
State Senator 16th District (REP),01000000-7906-3232-4564-08deebf6b063,"Raisinville Township, Precinct 2",Write-in,Republican,1,0,1,0
State Senator 16th District (REP),01000000-7906-3232-4564-08deebf6b063,"Summerfield Township, Precinct 1","Joseph Bellino, Jr.",Republican,362,163,186,13
State Senator 16th District (REP),01000000-7906-3232-4564-08deebf6b063,"Summerfield Township, Precinct 1",Write-in,Republican,0,0,0,0
State Senator 16th District (REP),01000000-7906-3232-4564-08deebf6b063,"Whiteford Township, Precinct 1","Joseph Bellino, Jr.",Republican,245,110,103,32
State Senator 16th District (REP),01000000-7906-3232-4564-08deebf6b063,"Whiteford Township, Precinct 1",Write-in,Republican,3,2,1,0
State Senator 16th District (REP),01000000-7906-3232-4564-08deebf6b063,"Whiteford Township, Precinct 2","Joseph Bellino, Jr.",Republican,258,134,99,25
State Senator 16th District (REP),01000000-7906-3232-4564-08deebf6b063,"Whiteford Township, Precinct 2",Write-in,Republican,1,0,1,0
"Delegate to County Convention for Monroe Township, Precinct 4 (REP)",01000000-7906-3232-6492-08deebf6b063,"Monroe Charter Township, Precinct 4",Nancy Chambers,Republican,130,53,73,4
"Delegate to County Convention for Monroe Township, Precinct 4 (REP)",01000000-7906-3232-6492-08deebf6b063,"Monroe Charter Township, Precinct 4",Susan Keshen,Republican,126,48,72,6
"Delegate to County Convention for Monroe Township, Precinct 4 (REP)",01000000-7906-3232-6492-08deebf6b063,"Monroe Charter Township, Precinct 4",Stacey Terrasi,Republican,149,60,82,7
"Delegate to County Convention for Monroe Township, Precinct 4 (REP)",01000000-7906-3232-6492-08deebf6b063,"Monroe Charter Township, Precinct 4",Write-in,Republican,4,3,1,0
London Township Clerk Partial Term Ending 11/20/2028 (REP),01000000-7906-3232-48d0-08deebf6b063,"London Township, Precinct 1",Write-in,Republican,71,66,0,5
"Delegate to County Convention for Exeter Township, Precinct 2 (DEM)",01000000-7906-3232-3609-08deebf6b063,"Exeter Township, Precinct 2",Write-in,Democrat,39,39,0,0
"Delegate to County Convention for Ida Township, Precinct 1 (DEM)",01000000-7906-3232-3ae8-08deebf6b063,"Ida Township, Precinct 1",Write-in,Democrat,42,21,13,8
"Delegate to County Convention for Summerfield Township, Precinct 1 (REP)",01000000-7906-3232-67bc-08deebf6b063,"Summerfield Township, Precinct 1",Christopher Pobursky,Republican,212,110,98,4
"Delegate to County Convention for Summerfield Township, Precinct 1 (REP)",01000000-7906-3232-67bc-08deebf6b063,"Summerfield Township, Precinct 1",Deborah J. Stevens,Republican,200,108,87,5
"Delegate to County Convention for Summerfield Township, Precinct 1 (REP)",01000000-7906-3232-67bc-08deebf6b063,"Summerfield Township, Precinct 1",Douglas R. Stevens ,Republican,204,105,96,3
"Delegate to County Convention for Summerfield Township, Precinct 1 (REP)",01000000-7906-3232-67bc-08deebf6b063,"Summerfield Township, Precinct 1",Robert Weber,Republican,191,101,87,3
"Delegate to County Convention for Summerfield Township, Precinct 1 (REP)",01000000-7906-3232-67bc-08deebf6b063,"Summerfield Township, Precinct 1",Stacey Weber ,Republican,187,101,83,3
"Delegate to County Convention for Summerfield Township, Precinct 1 (REP)",01000000-7906-3232-67bc-08deebf6b063,"Summerfield Township, Precinct 1",Write-in,Republican,1,0,1,0
"Delegate to County Convention for La Salle Township, Precinct 2 (DEM)",01000000-7906-3232-3bf9-08deebf6b063,"La Salle Township, Precinct 2",Paula Diehl,Democrat,217,58,153,6
"Delegate to County Convention for La Salle Township, Precinct 2 (DEM)",01000000-7906-3232-3bf9-08deebf6b063,"La Salle Township, Precinct 2",Write-in,Democrat,0,0,0,0
"Delegate to County Convention for Exeter Township, Precinct 1 (DEM)",01000000-7906-3232-35bb-08deebf6b063,"Exeter Township, Precinct 1",Write-in,Democrat,35,35,0,0
"Delegate to County Convention for Bedford Township, Precinct 13 (REP)",01000000-7906-3232-54d5-08deebf6b063,"Bedford Township, Precinct 13",Amy Bissell,Republican,207,109,87,11
"Delegate to County Convention for Bedford Township, Precinct 13 (REP)",01000000-7906-3232-54d5-08deebf6b063,"Bedford Township, Precinct 13",Write-in,Republican,1,1,0,0
"Delegate to County Convention for Dundee Township, Precinct 1 (REP)",01000000-7906-3232-57cb-08deebf6b063,"Dundee Township, Precinct 1",Write-in,Republican,14,14,0,0
"Delegate to County Convention for Berlin Township, Precinct 2 (REP)",01000000-7906-3232-5683-08deebf6b063,"Berlin Township, Precinct 2",Ronald Grose,Republican,289,136,139,14
"Delegate to County Convention for Berlin Township, Precinct 2 (REP)",01000000-7906-3232-5683-08deebf6b063,"Berlin Township, Precinct 2",Write-in,Republican,0,0,0,0
"Delegate to County Convention for Whiteford Township, Precinct 2 (REP)",01000000-7906-3232-6917-08deebf6b063,"Whiteford Township, Precinct 2",Write-in,Republican,31,15,16,0
"Delegate to County Convention for Berlin Township, Precinct 4 (DEM)",01000000-7906-3232-328c-08deebf6b063,"Berlin Township, Precinct 4",Keith Rossi,Democrat,232,92,125,15
"Delegate to County Convention for Berlin Township, Precinct 4 (DEM)",01000000-7906-3232-328c-08deebf6b063,"Berlin Township, Precinct 4",Write-in,Democrat,5,2,3,0
"Delegate to County Convention for City of Monroe, Precinct 3N (DEM)",01000000-7906-3232-295f-08deebf6b063,"City of Monroe, Precinct 3N",Candace Curcio,Democrat,122,53,64,5
"Delegate to County Convention for City of Monroe, Precinct 3N (DEM)",01000000-7906-3232-295f-08deebf6b063,"City of Monroe, Precinct 3N",Write-in,Democrat,5,2,3,0
Frenchtown Township Bus Service Proposal for Lake Erie Transportation Commission Renewal,01000000-7906-3232-6ab3-08deebf6b063,"Frenchtown Township, Precinct 1",Yes,,149,51,89,9
Frenchtown Township Bus Service Proposal for Lake Erie Transportation Commission Renewal,01000000-7906-3232-6ab3-08deebf6b063,"Frenchtown Township, Precinct 1",No,,105,38,66,1
Frenchtown Township Bus Service Proposal for Lake Erie Transportation Commission Renewal,01000000-7906-3232-6ab3-08deebf6b063,"Frenchtown Township, Precinct 2",Yes,,220,85,128,7
Frenchtown Township Bus Service Proposal for Lake Erie Transportation Commission Renewal,01000000-7906-3232-6ab3-08deebf6b063,"Frenchtown Township, Precinct 2",No,,120,57,62,1
Frenchtown Township Bus Service Proposal for Lake Erie Transportation Commission Renewal,01000000-7906-3232-6ab3-08deebf6b063,"Frenchtown Township, Precinct 3",Yes,,319,108,195,16
Frenchtown Township Bus Service Proposal for Lake Erie Transportation Commission Renewal,01000000-7906-3232-6ab3-08deebf6b063,"Frenchtown Township, Precinct 3",No,,184,91,88,5
Frenchtown Township Bus Service Proposal for Lake Erie Transportation Commission Renewal,01000000-7906-3232-6ab3-08deebf6b063,"Frenchtown Township, Precinct 4",Yes,,341,81,241,19
Frenchtown Township Bus Service Proposal for Lake Erie Transportation Commission Renewal,01000000-7906-3232-6ab3-08deebf6b063,"Frenchtown Township, Precinct 4",No,,193,43,145,5
Frenchtown Township Bus Service Proposal for Lake Erie Transportation Commission Renewal,01000000-7906-3232-6ab3-08deebf6b063,"Frenchtown Township, Precinct 5",Yes,,191,64,118,9
Frenchtown Township Bus Service Proposal for Lake Erie Transportation Commission Renewal,01000000-7906-3232-6ab3-08deebf6b063,"Frenchtown Township, Precinct 5",No,,104,33,62,9
Frenchtown Township Bus Service Proposal for Lake Erie Transportation Commission Renewal,01000000-7906-3232-6ab3-08deebf6b063,"Frenchtown Township, Precinct 6",Yes,,377,121,233,23
Frenchtown Township Bus Service Proposal for Lake Erie Transportation Commission Renewal,01000000-7906-3232-6ab3-08deebf6b063,"Frenchtown Township, Precinct 6",No,,201,93,100,8
Frenchtown Township Bus Service Proposal for Lake Erie Transportation Commission Renewal,01000000-7906-3232-6ab3-08deebf6b063,"Frenchtown Township, Precinct 7",Yes,,467,111,330,26
Frenchtown Township Bus Service Proposal for Lake Erie Transportation Commission Renewal,01000000-7906-3232-6ab3-08deebf6b063,"Frenchtown Township, Precinct 7",No,,211,62,139,10
Frenchtown Township Bus Service Proposal for Lake Erie Transportation Commission Renewal,01000000-7906-3232-6ab3-08deebf6b063,"Frenchtown Township, Precinct 8",Yes,,277,125,144,8
Frenchtown Township Bus Service Proposal for Lake Erie Transportation Commission Renewal,01000000-7906-3232-6ab3-08deebf6b063,"Frenchtown Township, Precinct 8",No,,157,68,85,4
Frenchtown Township Bus Service Proposal for Lake Erie Transportation Commission Renewal,01000000-7906-3232-6ab3-08deebf6b063,"Frenchtown Township, Precinct 9",Yes,,244,74,161,9
Frenchtown Township Bus Service Proposal for Lake Erie Transportation Commission Renewal,01000000-7906-3232-6ab3-08deebf6b063,"Frenchtown Township, Precinct 9",No,,130,60,65,5
Britton Deerfield Schools Sinking Fund Millage Proposal,01000000-7906-3232-6ba2-08deebf6b063,"Dundee Township, Precinct 1",Yes,,2,2,0,0
Britton Deerfield Schools Sinking Fund Millage Proposal,01000000-7906-3232-6ba2-08deebf6b063,"Dundee Township, Precinct 1",No,,6,6,0,0
Britton Deerfield Schools Sinking Fund Millage Proposal,01000000-7906-3232-6ba2-08deebf6b063,"Dundee Township, Precinct 2",Yes,,0,0,0,0
Britton Deerfield Schools Sinking Fund Millage Proposal,01000000-7906-3232-6ba2-08deebf6b063,"Dundee Township, Precinct 2",No,,6,6,0,0
Britton Deerfield Schools Sinking Fund Millage Proposal,01000000-7906-3232-6ba2-08deebf6b063,"Milan Township, Precinct 1",Yes,,0,0,0,0
Britton Deerfield Schools Sinking Fund Millage Proposal,01000000-7906-3232-6ba2-08deebf6b063,"Milan Township, Precinct 1",No,,0,0,0,0
Britton Deerfield Schools Sinking Fund Millage Proposal,01000000-7906-3232-6ba2-08deebf6b063,"Summerfield Township, Precinct 1",Yes,,22,9,13,0
Britton Deerfield Schools Sinking Fund Millage Proposal,01000000-7906-3232-6ba2-08deebf6b063,"Summerfield Township, Precinct 1",No,,24,14,8,2
"Delegate to County Convention for Bedford Township, Precinct 12 (REP)",01000000-7906-3232-5462-08deebf6b063,"Bedford Township, Precinct 12",Mary Kay Thayer ,Republican,186,88,95,3
"Delegate to County Convention for Bedford Township, Precinct 12 (REP)",01000000-7906-3232-5462-08deebf6b063,"Bedford Township, Precinct 12",Write-in,Republican,0,0,0,0
"Delegate to County Convention for City of Monroe, Precinct 6 (REP)",01000000-7906-3232-4e68-08deebf6b063,"City of Monroe, Precinct 6",Yvonne Gnaedinger,Republican,138,54,78,6
"Delegate to County Convention for City of Monroe, Precinct 6 (REP)",01000000-7906-3232-4e68-08deebf6b063,"City of Monroe, Precinct 6",Donna Lee Heck,Republican,140,51,83,6
"Delegate to County Convention for City of Monroe, Precinct 6 (REP)",01000000-7906-3232-4e68-08deebf6b063,"City of Monroe, Precinct 6",Thomas Heck,Republican,167,72,88,7
"Delegate to County Convention for City of Monroe, Precinct 6 (REP)",01000000-7906-3232-4e68-08deebf6b063,"City of Monroe, Precinct 6",Annette Patterson,Republican,136,57,74,5
"Delegate to County Convention for City of Monroe, Precinct 6 (REP)",01000000-7906-3232-4e68-08deebf6b063,"City of Monroe, Precinct 6",Write-in,Republican,10,2,8,0
"Delegate to County Convention for City of Monroe, Precinct 6 (REP)",01000000-7906-3232-4e68-08deebf6b063,"City of Monroe, Precinct 6",Denise Lynne Roberts,Republican,6,2,4,0
"Delegate to County Convention for La Salle Township, Precinct 1 (REP)",01000000-7906-3232-60f0-08deebf6b063,"La Salle Township, Precinct 1",Joshua Taylor,Republican,202,102,91,9
"Delegate to County Convention for La Salle Township, Precinct 1 (REP)",01000000-7906-3232-60f0-08deebf6b063,"La Salle Township, Precinct 1",Write-in,Republican,5,1,4,0
"Delegate to County Convention for Exeter Township, Precinct 2 (REP)",01000000-7906-3232-5aaf-08deebf6b063,"Exeter Township, Precinct 2",Write-in,Republican,24,23,0,1
