Contest,Candidate,Party,Precinct,Votes
United States Senator (DEM),Hill Harper,DEM,"City of Coleman, Precinct 1",13
United States Senator (DEM),Elissa Slotkin,DEM,"City of Coleman, Precinct 1",52
United States Senator (DEM),Write-in,DEM,"City of Coleman, Precinct 1",0
United States Senator (DEM),Hill Harper,DEM,"City of Midland, Precinct 1",49
United States Senator (DEM),Elissa Slotkin,DEM,"City of Midland, Precinct 1",303
United States Senator (DEM),Write-in,DEM,"City of Midland, Precinct 1",0
United States Senator (DEM),Hill Harper,DEM,"City of Midland, Precinct 2A",32
United States Senator (DEM),Elissa Slotkin,DEM,"City of Midland, Precinct 2A",209
United States Senator (DEM),Write-in,DEM,"City of Midland, Precinct 2A",0
United States Senator (DEM),Hill Harper,DEM,"City of Midland, Precinct 2B",1
United States Senator (DEM),Elissa Slotkin,DEM,"City of Midland, Precinct 2B",6
United States Senator (DEM),Write-in,DEM,"City of Midland, Precinct 2B",0
United States Senator (DEM),Hill Harper,DEM,"City of Midland, Precinct 3",43
United States Senator (DEM),Elissa Slotkin,DEM,"City of Midland, Precinct 3",288
United States Senator (DEM),Write-in,DEM,"City of Midland, Precinct 3",0
United States Senator (DEM),Hill Harper,DEM,"City of Midland, Precinct 4",51
United States Senator (DEM),Elissa Slotkin,DEM,"City of Midland, Precinct 4",475
United States Senator (DEM),Write-in,DEM,"City of Midland, Precinct 4",0
United States Senator (DEM),Hill Harper,DEM,"City of Midland, Precinct 5",60
United States Senator (DEM),Elissa Slotkin,DEM,"City of Midland, Precinct 5",311
United States Senator (DEM),Write-in,DEM,"City of Midland, Precinct 5",1
United States Senator (DEM),Hill Harper,DEM,"City of Midland, Precinct 6",67
United States Senator (DEM),Elissa Slotkin,DEM,"City of Midland, Precinct 6",412
United States Senator (DEM),Write-in,DEM,"City of Midland, Precinct 6",0
United States Senator (DEM),Hill Harper,DEM,"City of Midland, Precinct 7",70
United States Senator (DEM),Elissa Slotkin,DEM,"City of Midland, Precinct 7",449
United States Senator (DEM),Write-in,DEM,"City of Midland, Precinct 7",1
United States Senator (DEM),Hill Harper,DEM,"City of Midland, Precinct 8",54
United States Senator (DEM),Elissa Slotkin,DEM,"City of Midland, Precinct 8",430
United States Senator (DEM),Write-in,DEM,"City of Midland, Precinct 8",0
United States Senator (DEM),Hill Harper,DEM,"City of Midland, Precinct 9",70
United States Senator (DEM),Elissa Slotkin,DEM,"City of Midland, Precinct 9",419
United States Senator (DEM),Write-in,DEM,"City of Midland, Precinct 9",0
United States Senator (DEM),Hill Harper,DEM,"City of Midland, Precinct 10",48
United States Senator (DEM),Elissa Slotkin,DEM,"City of Midland, Precinct 10",457
United States Senator (DEM),Write-in,DEM,"City of Midland, Precinct 10",1
United States Senator (DEM),Hill Harper,DEM,"Edenville Township, Precinct 1",22
United States Senator (DEM),Elissa Slotkin,DEM,"Edenville Township, Precinct 1",97
United States Senator (DEM),Write-in,DEM,"Edenville Township, Precinct 1",0
United States Senator (DEM),Hill Harper,DEM,"Geneva Township, Precinct 1",10
United States Senator (DEM),Elissa Slotkin,DEM,"Geneva Township, Precinct 1",61
United States Senator (DEM),Write-in,DEM,"Geneva Township, Precinct 1",0
United States Senator (DEM),Hill Harper,DEM,"Greendale Township, Precinct 1",14
United States Senator (DEM),Elissa Slotkin,DEM,"Greendale Township, Precinct 1",49
United States Senator (DEM),Write-in,DEM,"Greendale Township, Precinct 1",0
United States Senator (DEM),Hill Harper,DEM,"Homer Township, Precinct 1",16
United States Senator (DEM),Elissa Slotkin,DEM,"Homer Township, Precinct 1",99
United States Senator (DEM),Write-in,DEM,"Homer Township, Precinct 1",0
United States Senator (DEM),Hill Harper,DEM,"Homer Township, Precinct 2",11
United States Senator (DEM),Elissa Slotkin,DEM,"Homer Township, Precinct 2",68
United States Senator (DEM),Write-in,DEM,"Homer Township, Precinct 2",0
United States Senator (DEM),Hill Harper,DEM,"Homer Township, Precinct 3",12
United States Senator (DEM),Elissa Slotkin,DEM,"Homer Township, Precinct 3",118
United States Senator (DEM),Write-in,DEM,"Homer Township, Precinct 3",0
United States Senator (DEM),Hill Harper,DEM,"Hope Township, Precinct 1",16
United States Senator (DEM),Elissa Slotkin,DEM,"Hope Township, Precinct 1",66
United States Senator (DEM),Write-in,DEM,"Hope Township, Precinct 1",0
United States Senator (DEM),Hill Harper,DEM,"Ingersoll Township, Precinct 1",8
United States Senator (DEM),Elissa Slotkin,DEM,"Ingersoll Township, Precinct 1",94
United States Senator (DEM),Write-in,DEM,"Ingersoll Township, Precinct 1",0
United States Senator (DEM),Hill Harper,DEM,"Ingersoll Township, Precinct 2",12
United States Senator (DEM),Elissa Slotkin,DEM,"Ingersoll Township, Precinct 2",80
United States Senator (DEM),Write-in,DEM,"Ingersoll Township, Precinct 2",0
United States Senator (DEM),Hill Harper,DEM,"Jasper Township, Precinct 1",8
United States Senator (DEM),Elissa Slotkin,DEM,"Jasper Township, Precinct 1",46
United States Senator (DEM),Write-in,DEM,"Jasper Township, Precinct 1",0
United States Senator (DEM),Hill Harper,DEM,"Jerome Township, Precinct 1",35
United States Senator (DEM),Elissa Slotkin,DEM,"Jerome Township, Precinct 1",156
United States Senator (DEM),Write-in,DEM,"Jerome Township, Precinct 1",1
United States Senator (DEM),Hill Harper,DEM,"Jerome Township, Precinct 2",16
United States Senator (DEM),Elissa Slotkin,DEM,"Jerome Township, Precinct 2",133
United States Senator (DEM),Write-in,DEM,"Jerome Township, Precinct 2",1
United States Senator (DEM),Hill Harper,DEM,"Larkin Township, Precinct 1",14
United States Senator (DEM),Elissa Slotkin,DEM,"Larkin Township, Precinct 1",140
United States Senator (DEM),Write-in,DEM,"Larkin Township, Precinct 1",1
United States Senator (DEM),Hill Harper,DEM,"Larkin Township, Precinct 2",18
United States Senator (DEM),Elissa Slotkin,DEM,"Larkin Township, Precinct 2",116
United States Senator (DEM),Write-in,DEM,"Larkin Township, Precinct 2",0
United States Senator (DEM),Hill Harper,DEM,"Larkin Township, Precinct 3",21
United States Senator (DEM),Elissa Slotkin,DEM,"Larkin Township, Precinct 3",114
United States Senator (DEM),Write-in,DEM,"Larkin Township, Precinct 3",0
United States Senator (DEM),Hill Harper,DEM,"Lee Township, Precinct 1",16
United States Senator (DEM),Elissa Slotkin,DEM,"Lee Township, Precinct 1",76
United States Senator (DEM),Write-in,DEM,"Lee Township, Precinct 1",0
United States Senator (DEM),Hill Harper,DEM,"Lee Township, Precinct 2",20
United States Senator (DEM),Elissa Slotkin,DEM,"Lee Township, Precinct 2",75
United States Senator (DEM),Write-in,DEM,"Lee Township, Precinct 2",0
United States Senator (DEM),Hill Harper,DEM,"Lincoln Township, Precinct 1",15
United States Senator (DEM),Elissa Slotkin,DEM,"Lincoln Township, Precinct 1",179
United States Senator (DEM),Write-in,DEM,"Lincoln Township, Precinct 1",0
United States Senator (DEM),Hill Harper,DEM,"Midland Township, Precinct 1",29
United States Senator (DEM),Elissa Slotkin,DEM,"Midland Township, Precinct 1",145
United States Senator (DEM),Write-in,DEM,"Midland Township, Precinct 1",0
United States Senator (DEM),Hill Harper,DEM,"Mills Township, Precinct 1",12
United States Senator (DEM),Elissa Slotkin,DEM,"Mills Township, Precinct 1",86
United States Senator (DEM),Write-in,DEM,"Mills Township, Precinct 1",0
United States Senator (DEM),Hill Harper,DEM,"Mt. Haley Township, Precinct 1",12
United States Senator (DEM),Elissa Slotkin,DEM,"Mt. Haley Township, Precinct 1",91
United States Senator (DEM),Write-in,DEM,"Mt. Haley Township, Precinct 1",0
United States Senator (DEM),Hill Harper,DEM,"Porter Township, Precinct 1",6
United States Senator (DEM),Elissa Slotkin,DEM,"Porter Township, Precinct 1",62
United States Senator (DEM),Write-in,DEM,"Porter Township, Precinct 1",0
United States Senator (DEM),Hill Harper,DEM,"Warren Township, Precinct 1",19
United States Senator (DEM),Elissa Slotkin,DEM,"Warren Township, Precinct 1",94
United States Senator (DEM),Write-in,DEM,"Warren Township, Precinct 1",0
Representative in Congress 2nd District (DEM),Michael Lynch,DEM,"City of Coleman, Precinct 1",59
Representative in Congress 2nd District (DEM),Write-in,DEM,"City of Coleman, Precinct 1",0
Representative in Congress 2nd District (DEM),Michael Lynch,DEM,"Edenville Township, Precinct 1",111
Representative in Congress 2nd District (DEM),Write-in,DEM,"Edenville Township, Precinct 1",0
Representative in Congress 2nd District (DEM),Michael Lynch,DEM,"Geneva Township, Precinct 1",68
Representative in Congress 2nd District (DEM),Write-in,DEM,"Geneva Township, Precinct 1",0
Representative in Congress 2nd District (DEM),Michael Lynch,DEM,"Greendale Township, Precinct 1",60
Representative in Congress 2nd District (DEM),Write-in,DEM,"Greendale Township, Precinct 1",0
Representative in Congress 2nd District (DEM),Michael Lynch,DEM,"Jasper Township, Precinct 1",52
Representative in Congress 2nd District (DEM),Write-in,DEM,"Jasper Township, Precinct 1",0
Representative in Congress 2nd District (DEM),Michael Lynch,DEM,"Warren Township, Precinct 1",104
Representative in Congress 2nd District (DEM),Write-in,DEM,"Warren Township, Precinct 1",0
Representative in Congress 8th District (DEM),Matt Collier,DEM,"City of Midland, Precinct 1",41
Representative in Congress 8th District (DEM),Kristen McDonald Rivet,DEM,"City of Midland, Precinct 1",289
Representative in Congress 8th District (DEM),Pamela Pugh,DEM,"City of Midland, Precinct 1",27
Representative in Congress 8th District (DEM),Write-in,DEM,"City of Midland, Precinct 1",0
Representative in Congress 8th District (DEM),Matt Collier,DEM,"City of Midland, Precinct 2A",28
Representative in Congress 8th District (DEM),Kristen McDonald Rivet,DEM,"City of Midland, Precinct 2A",195
Representative in Congress 8th District (DEM),Pamela Pugh,DEM,"City of Midland, Precinct 2A",17
Representative in Congress 8th District (DEM),Write-in,DEM,"City of Midland, Precinct 2A",0
Representative in Congress 8th District (DEM),Matt Collier,DEM,"City of Midland, Precinct 2B",0
Representative in Congress 8th District (DEM),Kristen McDonald Rivet,DEM,"City of Midland, Precinct 2B",5
Representative in Congress 8th District (DEM),Pamela Pugh,DEM,"City of Midland, Precinct 2B",2
Representative in Congress 8th District (DEM),Write-in,DEM,"City of Midland, Precinct 2B",0
Representative in Congress 8th District (DEM),Matt Collier,DEM,"City of Midland, Precinct 3",34
Representative in Congress 8th District (DEM),Kristen McDonald Rivet,DEM,"City of Midland, Precinct 3",285
Representative in Congress 8th District (DEM),Pamela Pugh,DEM,"City of Midland, Precinct 3",22
Representative in Congress 8th District (DEM),Write-in,DEM,"City of Midland, Precinct 3",0
Representative in Congress 8th District (DEM),Matt Collier,DEM,"City of Midland, Precinct 4",14
Representative in Congress 8th District (DEM),Kristen McDonald Rivet,DEM,"City of Midland, Precinct 4",497
Representative in Congress 8th District (DEM),Pamela Pugh,DEM,"City of Midland, Precinct 4",35
Representative in Congress 8th District (DEM),Write-in,DEM,"City of Midland, Precinct 4",0
Representative in Congress 8th District (DEM),Matt Collier,DEM,"City of Midland, Precinct 5",27
Representative in Congress 8th District (DEM),Kristen McDonald Rivet,DEM,"City of Midland, Precinct 5",311
Representative in Congress 8th District (DEM),Pamela Pugh,DEM,"City of Midland, Precinct 5",35
Representative in Congress 8th District (DEM),Write-in,DEM,"City of Midland, Precinct 5",0
Representative in Congress 8th District (DEM),Matt Collier,DEM,"City of Midland, Precinct 6",48
Representative in Congress 8th District (DEM),Kristen McDonald Rivet,DEM,"City of Midland, Precinct 6",398
Representative in Congress 8th District (DEM),Pamela Pugh,DEM,"City of Midland, Precinct 6",39
Representative in Congress 8th District (DEM),Write-in,DEM,"City of Midland, Precinct 6",0
Representative in Congress 8th District (DEM),Matt Collier,DEM,"City of Midland, Precinct 7",35
Representative in Congress 8th District (DEM),Kristen McDonald Rivet,DEM,"City of Midland, Precinct 7",445
Representative in Congress 8th District (DEM),Pamela Pugh,DEM,"City of Midland, Precinct 7",39
Representative in Congress 8th District (DEM),Write-in,DEM,"City of Midland, Precinct 7",0
Representative in Congress 8th District (DEM),Matt Collier,DEM,"City of Midland, Precinct 8",31
Representative in Congress 8th District (DEM),Kristen McDonald Rivet,DEM,"City of Midland, Precinct 8",410
Representative in Congress 8th District (DEM),Pamela Pugh,DEM,"City of Midland, Precinct 8",39
Representative in Congress 8th District (DEM),Write-in,DEM,"City of Midland, Precinct 8",0
Representative in Congress 8th District (DEM),Matt Collier,DEM,"City of Midland, Precinct 9",34
Representative in Congress 8th District (DEM),Kristen McDonald Rivet,DEM,"City of Midland, Precinct 9",433
Representative in Congress 8th District (DEM),Pamela Pugh,DEM,"City of Midland, Precinct 9",31
Representative in Congress 8th District (DEM),Write-in,DEM,"City of Midland, Precinct 9",0
Representative in Congress 8th District (DEM),Matt Collier,DEM,"City of Midland, Precinct 10",34
Representative in Congress 8th District (DEM),Kristen McDonald Rivet,DEM,"City of Midland, Precinct 10",452
Representative in Congress 8th District (DEM),Pamela Pugh,DEM,"City of Midland, Precinct 10",31
Representative in Congress 8th District (DEM),Write-in,DEM,"City of Midland, Precinct 10",0
Representative in Congress 8th District (DEM),Matt Collier,DEM,"Homer Township, Precinct 1",13
Representative in Congress 8th District (DEM),Kristen McDonald Rivet,DEM,"Homer Township, Precinct 1",100
Representative in Congress 8th District (DEM),Pamela Pugh,DEM,"Homer Township, Precinct 1",9
Representative in Congress 8th District (DEM),Write-in,DEM,"Homer Township, Precinct 1",0
Representative in Congress 8th District (DEM),Matt Collier,DEM,"Homer Township, Precinct 2",9
Representative in Congress 8th District (DEM),Kristen McDonald Rivet,DEM,"Homer Township, Precinct 2",66
Representative in Congress 8th District (DEM),Pamela Pugh,DEM,"Homer Township, Precinct 2",5
Representative in Congress 8th District (DEM),Write-in,DEM,"Homer Township, Precinct 2",0
Representative in Congress 8th District (DEM),Matt Collier,DEM,"Homer Township, Precinct 3",11
Representative in Congress 8th District (DEM),Kristen McDonald Rivet,DEM,"Homer Township, Precinct 3",119
Representative in Congress 8th District (DEM),Pamela Pugh,DEM,"Homer Township, Precinct 3",8
Representative in Congress 8th District (DEM),Write-in,DEM,"Homer Township, Precinct 3",0
Representative in Congress 8th District (DEM),Matt Collier,DEM,"Hope Township, Precinct 1",28
Representative in Congress 8th District (DEM),Kristen McDonald Rivet,DEM,"Hope Township, Precinct 1",45
Representative in Congress 8th District (DEM),Pamela Pugh,DEM,"Hope Township, Precinct 1",7
Representative in Congress 8th District (DEM),Write-in,DEM,"Hope Township, Precinct 1",0
Representative in Congress 8th District (DEM),Matt Collier,DEM,"Ingersoll Township, Precinct 1",15
Representative in Congress 8th District (DEM),Kristen McDonald Rivet,DEM,"Ingersoll Township, Precinct 1",80
Representative in Congress 8th District (DEM),Pamela Pugh,DEM,"Ingersoll Township, Precinct 1",8
Representative in Congress 8th District (DEM),Write-in,DEM,"Ingersoll Township, Precinct 1",0
Representative in Congress 8th District (DEM),Matt Collier,DEM,"Ingersoll Township, Precinct 2",7
Representative in Congress 8th District (DEM),Kristen McDonald Rivet,DEM,"Ingersoll Township, Precinct 2",80
Representative in Congress 8th District (DEM),Pamela Pugh,DEM,"Ingersoll Township, Precinct 2",4
Representative in Congress 8th District (DEM),Write-in,DEM,"Ingersoll Township, Precinct 2",0
Representative in Congress 8th District (DEM),Matt Collier,DEM,"Jerome Township, Precinct 1",39
Representative in Congress 8th District (DEM),Kristen McDonald Rivet,DEM,"Jerome Township, Precinct 1",138
Representative in Congress 8th District (DEM),Pamela Pugh,DEM,"Jerome Township, Precinct 1",20
Representative in Congress 8th District (DEM),Write-in,DEM,"Jerome Township, Precinct 1",2
Representative in Congress 8th District (DEM),Matt Collier,DEM,"Jerome Township, Precinct 2",22
Representative in Congress 8th District (DEM),Kristen McDonald Rivet,DEM,"Jerome Township, Precinct 2",119
Representative in Congress 8th District (DEM),Pamela Pugh,DEM,"Jerome Township, Precinct 2",13
Representative in Congress 8th District (DEM),Write-in,DEM,"Jerome Township, Precinct 2",1
Representative in Congress 8th District (DEM),Matt Collier,DEM,"Larkin Township, Precinct 1",16
Representative in Congress 8th District (DEM),Kristen McDonald Rivet,DEM,"Larkin Township, Precinct 1",129
Representative in Congress 8th District (DEM),Pamela Pugh,DEM,"Larkin Township, Precinct 1",15
Representative in Congress 8th District (DEM),Write-in,DEM,"Larkin Township, Precinct 1",0
Representative in Congress 8th District (DEM),Matt Collier,DEM,"Larkin Township, Precinct 2",14
Representative in Congress 8th District (DEM),Kristen McDonald Rivet,DEM,"Larkin Township, Precinct 2",113
Representative in Congress 8th District (DEM),Pamela Pugh,DEM,"Larkin Township, Precinct 2",10
Representative in Congress 8th District (DEM),Write-in,DEM,"Larkin Township, Precinct 2",0
Representative in Congress 8th District (DEM),Matt Collier,DEM,"Larkin Township, Precinct 3",12
Representative in Congress 8th District (DEM),Kristen McDonald Rivet,DEM,"Larkin Township, Precinct 3",111
Representative in Congress 8th District (DEM),Pamela Pugh,DEM,"Larkin Township, Precinct 3",13
Representative in Congress 8th District (DEM),Write-in,DEM,"Larkin Township, Precinct 3",0
Representative in Congress 8th District (DEM),Matt Collier,DEM,"Lee Township, Precinct 1",10
Representative in Congress 8th District (DEM),Kristen McDonald Rivet,DEM,"Lee Township, Precinct 1",79
Representative in Congress 8th District (DEM),Pamela Pugh,DEM,"Lee Township, Precinct 1",9
Representative in Congress 8th District (DEM),Write-in,DEM,"Lee Township, Precinct 1",0
Representative in Congress 8th District (DEM),Matt Collier,DEM,"Lee Township, Precinct 2",18
Representative in Congress 8th District (DEM),Kristen McDonald Rivet,DEM,"Lee Township, Precinct 2",69
Representative in Congress 8th District (DEM),Pamela Pugh,DEM,"Lee Township, Precinct 2",6
Representative in Congress 8th District (DEM),Write-in,DEM,"Lee Township, Precinct 2",0
Representative in Congress 8th District (DEM),Matt Collier,DEM,"Lincoln Township, Precinct 1",23
Representative in Congress 8th District (DEM),Kristen McDonald Rivet,DEM,"Lincoln Township, Precinct 1",162
Representative in Congress 8th District (DEM),Pamela Pugh,DEM,"Lincoln Township, Precinct 1",11
Representative in Congress 8th District (DEM),Write-in,DEM,"Lincoln Township, Precinct 1",1
Representative in Congress 8th District (DEM),Matt Collier,DEM,"Midland Township, Precinct 1",14
Representative in Congress 8th District (DEM),Kristen McDonald Rivet,DEM,"Midland Township, Precinct 1",153
Representative in Congress 8th District (DEM),Pamela Pugh,DEM,"Midland Township, Precinct 1",11
Representative in Congress 8th District (DEM),Write-in,DEM,"Midland Township, Precinct 1",0
Representative in Congress 8th District (DEM),Matt Collier,DEM,"Mills Township, Precinct 1",6
Representative in Congress 8th District (DEM),Kristen McDonald Rivet,DEM,"Mills Township, Precinct 1",88
Representative in Congress 8th District (DEM),Pamela Pugh,DEM,"Mills Township, Precinct 1",7
Representative in Congress 8th District (DEM),Write-in,DEM,"Mills Township, Precinct 1",1
Representative in Congress 8th District (DEM),Matt Collier,DEM,"Mt. Haley Township, Precinct 1",14
Representative in Congress 8th District (DEM),Kristen McDonald Rivet,DEM,"Mt. Haley Township, Precinct 1",85
Representative in Congress 8th District (DEM),Pamela Pugh,DEM,"Mt. Haley Township, Precinct 1",4
Representative in Congress 8th District (DEM),Write-in,DEM,"Mt. Haley Township, Precinct 1",0
Representative in Congress 8th District (DEM),Matt Collier,DEM,"Porter Township, Precinct 1",10
Representative in Congress 8th District (DEM),Kristen McDonald Rivet,DEM,"Porter Township, Precinct 1",55
Representative in Congress 8th District (DEM),Pamela Pugh,DEM,"Porter Township, Precinct 1",3
Representative in Congress 8th District (DEM),Write-in,DEM,"Porter Township, Precinct 1",0
Representative in State Legislature 95th District (DEM),Sabrina Lopez,DEM,"City of Coleman, Precinct 1",61
Representative in State Legislature 95th District (DEM),Write-in,DEM,"City of Coleman, Precinct 1",0
Representative in State Legislature 95th District (DEM),Sabrina Lopez,DEM,"City of Midland, Precinct 1",325
Representative in State Legislature 95th District (DEM),Write-in,DEM,"City of Midland, Precinct 1",0
Representative in State Legislature 95th District (DEM),Sabrina Lopez,DEM,"City of Midland, Precinct 2A",212
Representative in State Legislature 95th District (DEM),Write-in,DEM,"City of Midland, Precinct 2A",0
Representative in State Legislature 95th District (DEM),Sabrina Lopez,DEM,"City of Midland, Precinct 2B",7
Representative in State Legislature 95th District (DEM),Write-in,DEM,"City of Midland, Precinct 2B",0
Representative in State Legislature 95th District (DEM),Sabrina Lopez,DEM,"City of Midland, Precinct 3",305
Representative in State Legislature 95th District (DEM),Write-in,DEM,"City of Midland, Precinct 3",0
Representative in State Legislature 95th District (DEM),Sabrina Lopez,DEM,"City of Midland, Precinct 4",476
Representative in State Legislature 95th District (DEM),Write-in,DEM,"City of Midland, Precinct 4",0
Representative in State Legislature 95th District (DEM),Sabrina Lopez,DEM,"City of Midland, Precinct 5",321
Representative in State Legislature 95th District (DEM),Write-in,DEM,"City of Midland, Precinct 5",0
Representative in State Legislature 95th District (DEM),Sabrina Lopez,DEM,"City of Midland, Precinct 6",427
Representative in State Legislature 95th District (DEM),Write-in,DEM,"City of Midland, Precinct 6",1
Representative in State Legislature 95th District (DEM),Sabrina Lopez,DEM,"City of Midland, Precinct 7",476
Representative in State Legislature 95th District (DEM),Write-in,DEM,"City of Midland, Precinct 7",1
Representative in State Legislature 95th District (DEM),Sabrina Lopez,DEM,"City of Midland, Precinct 8",425
Representative in State Legislature 95th District (DEM),Write-in,DEM,"City of Midland, Precinct 8",0
Representative in State Legislature 95th District (DEM),Sabrina Lopez,DEM,"City of Midland, Precinct 9",447
Representative in State Legislature 95th District (DEM),Write-in,DEM,"City of Midland, Precinct 9",0
Representative in State Legislature 95th District (DEM),Sabrina Lopez,DEM,"City of Midland, Precinct 10",466
Representative in State Legislature 95th District (DEM),Write-in,DEM,"City of Midland, Precinct 10",1
Representative in State Legislature 95th District (DEM),Sabrina Lopez,DEM,"Edenville Township, Precinct 1",106
Representative in State Legislature 95th District (DEM),Write-in,DEM,"Edenville Township, Precinct 1",0
Representative in State Legislature 95th District (DEM),Sabrina Lopez,DEM,"Geneva Township, Precinct 1",67
Representative in State Legislature 95th District (DEM),Write-in,DEM,"Geneva Township, Precinct 1",0
Representative in State Legislature 95th District (DEM),Sabrina Lopez,DEM,"Greendale Township, Precinct 1",58
Representative in State Legislature 95th District (DEM),Write-in,DEM,"Greendale Township, Precinct 1",0
Representative in State Legislature 95th District (DEM),Sabrina Lopez,DEM,"Homer Township, Precinct 1",102
Representative in State Legislature 95th District (DEM),Write-in,DEM,"Homer Township, Precinct 1",0
Representative in State Legislature 95th District (DEM),Sabrina Lopez,DEM,"Homer Township, Precinct 2",61
Representative in State Legislature 95th District (DEM),Write-in,DEM,"Homer Township, Precinct 2",1
Representative in State Legislature 95th District (DEM),Sabrina Lopez,DEM,"Homer Township, Precinct 3",113
Representative in State Legislature 95th District (DEM),Write-in,DEM,"Homer Township, Precinct 3",0
Representative in State Legislature 95th District (DEM),Sabrina Lopez,DEM,"Hope Township, Precinct 1",70
Representative in State Legislature 95th District (DEM),Write-in,DEM,"Hope Township, Precinct 1",0
Representative in State Legislature 95th District (DEM),Sabrina Lopez,DEM,"Ingersoll Township, Precinct 1",79
Representative in State Legislature 95th District (DEM),Write-in,DEM,"Ingersoll Township, Precinct 1",0
Representative in State Legislature 95th District (DEM),Sabrina Lopez,DEM,"Ingersoll Township, Precinct 2",78
Representative in State Legislature 95th District (DEM),Write-in,DEM,"Ingersoll Township, Precinct 2",1
Representative in State Legislature 95th District (DEM),Sabrina Lopez,DEM,"Jasper Township, Precinct 1",52
Representative in State Legislature 95th District (DEM),Write-in,DEM,"Jasper Township, Precinct 1",0
Representative in State Legislature 95th District (DEM),Sabrina Lopez,DEM,"Jerome Township, Precinct 1",159
Representative in State Legislature 95th District (DEM),Write-in,DEM,"Jerome Township, Precinct 1",1
Representative in State Legislature 95th District (DEM),Sabrina Lopez,DEM,"Jerome Township, Precinct 2",136
Representative in State Legislature 95th District (DEM),Write-in,DEM,"Jerome Township, Precinct 2",1
Representative in State Legislature 95th District (DEM),Sabrina Lopez,DEM,"Larkin Township, Precinct 1",138
Representative in State Legislature 95th District (DEM),Write-in,DEM,"Larkin Township, Precinct 1",1
Representative in State Legislature 95th District (DEM),Sabrina Lopez,DEM,"Larkin Township, Precinct 2",121
Representative in State Legislature 95th District (DEM),Write-in,DEM,"Larkin Township, Precinct 2",0
Representative in State Legislature 95th District (DEM),Sabrina Lopez,DEM,"Larkin Township, Precinct 3",110
Representative in State Legislature 95th District (DEM),Write-in,DEM,"Larkin Township, Precinct 3",1
Representative in State Legislature 95th District (DEM),Sabrina Lopez,DEM,"Lee Township, Precinct 1",82
Representative in State Legislature 95th District (DEM),Write-in,DEM,"Lee Township, Precinct 1",0
Representative in State Legislature 95th District (DEM),Sabrina Lopez,DEM,"Lee Township, Precinct 2",87
Representative in State Legislature 95th District (DEM),Write-in,DEM,"Lee Township, Precinct 2",0
Representative in State Legislature 95th District (DEM),Sabrina Lopez,DEM,"Lincoln Township, Precinct 1",169
Representative in State Legislature 95th District (DEM),Write-in,DEM,"Lincoln Township, Precinct 1",0
Representative in State Legislature 95th District (DEM),Sabrina Lopez,DEM,"Midland Township, Precinct 1",149
Representative in State Legislature 95th District (DEM),Write-in,DEM,"Midland Township, Precinct 1",0
Representative in State Legislature 95th District (DEM),Sabrina Lopez,DEM,"Mills Township, Precinct 1",82
Representative in State Legislature 95th District (DEM),Write-in,DEM,"Mills Township, Precinct 1",0
Representative in State Legislature 95th District (DEM),Sabrina Lopez,DEM,"Mt. Haley Township, Precinct 1",84
Representative in State Legislature 95th District (DEM),Write-in,DEM,"Mt. Haley Township, Precinct 1",0
Representative in State Legislature 95th District (DEM),Sabrina Lopez,DEM,"Porter Township, Precinct 1",55
Representative in State Legislature 95th District (DEM),Write-in,DEM,"Porter Township, Precinct 1",0
Representative in State Legislature 95th District (DEM),Sabrina Lopez,DEM,"Warren Township, Precinct 1",103
Representative in State Legislature 95th District (DEM),Write-in,DEM,"Warren Township, Precinct 1",0
Bay County Executive (DEM),Jim Barcia,DEM,"City of Midland, Precinct 2B",7
Bay County Executive (DEM),Write-in,DEM,"City of Midland, Precinct 2B",0
Midland County Prosecuting Attorney (DEM),Write-in,DEM,"City of Coleman, Precinct 1",11
Midland County Prosecuting Attorney (DEM),Write-in,DEM,"City of Midland, Precinct 1",14
Midland County Prosecuting Attorney (DEM),Write-in,DEM,"City of Midland, Precinct 2A",8
Midland County Prosecuting Attorney (DEM),Write-in,DEM,"City of Midland, Precinct 3",4
Midland County Prosecuting Attorney (DEM),Write-in,DEM,"City of Midland, Precinct 4",11
Midland County Prosecuting Attorney (DEM),Write-in,DEM,"City of Midland, Precinct 5",7
Midland County Prosecuting Attorney (DEM),Write-in,DEM,"City of Midland, Precinct 6",12
Midland County Prosecuting Attorney (DEM),Write-in,DEM,"City of Midland, Precinct 7",8
Midland County Prosecuting Attorney (DEM),Write-in,DEM,"City of Midland, Precinct 8",5
Midland County Prosecuting Attorney (DEM),Write-in,DEM,"City of Midland, Precinct 9",11
Midland County Prosecuting Attorney (DEM),Write-in,DEM,"City of Midland, Precinct 10",12
Midland County Prosecuting Attorney (DEM),Write-in,DEM,"Edenville Township, Precinct 1",15
Midland County Prosecuting Attorney (DEM),Write-in,DEM,"Geneva Township, Precinct 1",15
Midland County Prosecuting Attorney (DEM),Write-in,DEM,"Greendale Township, Precinct 1",9
Midland County Prosecuting Attorney (DEM),Write-in,DEM,"Homer Township, Precinct 1",9
Midland County Prosecuting Attorney (DEM),Write-in,DEM,"Homer Township, Precinct 2",4
Midland County Prosecuting Attorney (DEM),Write-in,DEM,"Homer Township, Precinct 3",4
Midland County Prosecuting Attorney (DEM),Write-in,DEM,"Hope Township, Precinct 1",9
Midland County Prosecuting Attorney (DEM),Write-in,DEM,"Ingersoll Township, Precinct 1",4
Midland County Prosecuting Attorney (DEM),Write-in,DEM,"Ingersoll Township, Precinct 2",9
Midland County Prosecuting Attorney (DEM),Write-in,DEM,"Jasper Township, Precinct 1",1
Midland County Prosecuting Attorney (DEM),Write-in,DEM,"Jerome Township, Precinct 1",12
Midland County Prosecuting Attorney (DEM),Write-in,DEM,"Jerome Township, Precinct 2",15
Midland County Prosecuting Attorney (DEM),Write-in,DEM,"Larkin Township, Precinct 1",8
Midland County Prosecuting Attorney (DEM),Write-in,DEM,"Larkin Township, Precinct 2",10
Midland County Prosecuting Attorney (DEM),Write-in,DEM,"Larkin Township, Precinct 3",4
Midland County Prosecuting Attorney (DEM),Write-in,DEM,"Lee Township, Precinct 1",5
Midland County Prosecuting Attorney (DEM),Write-in,DEM,"Lee Township, Precinct 2",7
Midland County Prosecuting Attorney (DEM),Write-in,DEM,"Lincoln Township, Precinct 1",18
Midland County Prosecuting Attorney (DEM),Write-in,DEM,"Midland Township, Precinct 1",11
Midland County Prosecuting Attorney (DEM),Write-in,DEM,"Mills Township, Precinct 1",9
Midland County Prosecuting Attorney (DEM),Write-in,DEM,"Mt. Haley Township, Precinct 1",12
Midland County Prosecuting Attorney (DEM),Write-in,DEM,"Porter Township, Precinct 1",12
Midland County Prosecuting Attorney (DEM),Write-in,DEM,"Warren Township, Precinct 1",10
Bay County Prosecuting Attorney (DEM),Nancy E. Borushko,DEM,"City of Midland, Precinct 2B",7
Bay County Prosecuting Attorney (DEM),Write-in,DEM,"City of Midland, Precinct 2B",0
Midland County Sheriff (DEM),Write-in,DEM,"City of Coleman, Precinct 1",12
Midland County Sheriff (DEM),Write-in,DEM,"City of Midland, Precinct 1",14
Midland County Sheriff (DEM),Write-in,DEM,"City of Midland, Precinct 2A",8
Midland County Sheriff (DEM),Write-in,DEM,"City of Midland, Precinct 3",3
Midland County Sheriff (DEM),Write-in,DEM,"City of Midland, Precinct 4",11
Midland County Sheriff (DEM),Write-in,DEM,"City of Midland, Precinct 5",7
Midland County Sheriff (DEM),Write-in,DEM,"City of Midland, Precinct 6",8
Midland County Sheriff (DEM),Write-in,DEM,"City of Midland, Precinct 7",7
Midland County Sheriff (DEM),Write-in,DEM,"City of Midland, Precinct 8",2
Midland County Sheriff (DEM),Write-in,DEM,"City of Midland, Precinct 9",12
Midland County Sheriff (DEM),Write-in,DEM,"City of Midland, Precinct 10",10
Midland County Sheriff (DEM),Write-in,DEM,"Edenville Township, Precinct 1",14
Midland County Sheriff (DEM),Write-in,DEM,"Geneva Township, Precinct 1",15
Midland County Sheriff (DEM),Write-in,DEM,"Greendale Township, Precinct 1",9
Midland County Sheriff (DEM),Write-in,DEM,"Homer Township, Precinct 1",9
Midland County Sheriff (DEM),Write-in,DEM,"Homer Township, Precinct 2",4
Midland County Sheriff (DEM),Write-in,DEM,"Homer Township, Precinct 3",4
Midland County Sheriff (DEM),Write-in,DEM,"Hope Township, Precinct 1",9
Midland County Sheriff (DEM),Write-in,DEM,"Ingersoll Township, Precinct 1",6
Midland County Sheriff (DEM),Write-in,DEM,"Ingersoll Township, Precinct 2",10
Midland County Sheriff (DEM),Write-in,DEM,"Jasper Township, Precinct 1",1
Midland County Sheriff (DEM),Write-in,DEM,"Jerome Township, Precinct 1",12
Midland County Sheriff (DEM),Write-in,DEM,"Jerome Township, Precinct 2",12
Midland County Sheriff (DEM),Write-in,DEM,"Larkin Township, Precinct 1",7
Midland County Sheriff (DEM),Write-in,DEM,"Larkin Township, Precinct 2",9
Midland County Sheriff (DEM),Write-in,DEM,"Larkin Township, Precinct 3",4
Midland County Sheriff (DEM),Write-in,DEM,"Lee Township, Precinct 1",4
Midland County Sheriff (DEM),Write-in,DEM,"Lee Township, Precinct 2",6
Midland County Sheriff (DEM),Write-in,DEM,"Lincoln Township, Precinct 1",17
Midland County Sheriff (DEM),Write-in,DEM,"Midland Township, Precinct 1",12
Midland County Sheriff (DEM),Write-in,DEM,"Mills Township, Precinct 1",8
Midland County Sheriff (DEM),Write-in,DEM,"Mt. Haley Township, Precinct 1",11
Midland County Sheriff (DEM),Write-in,DEM,"Porter Township, Precinct 1",11
Midland County Sheriff (DEM),Write-in,DEM,"Warren Township, Precinct 1",10
Bay County Sheriff (DEM),Troy R. Cunningham,DEM,"City of Midland, Precinct 2B",7
Bay County Sheriff (DEM),Write-in,DEM,"City of Midland, Precinct 2B",0
Midland County Clerk (DEM),Write-in,DEM,"City of Coleman, Precinct 1",11
Midland County Clerk (DEM),Write-in,DEM,"City of Midland, Precinct 1",14
Midland County Clerk (DEM),Write-in,DEM,"City of Midland, Precinct 2A",8
Midland County Clerk (DEM),Write-in,DEM,"City of Midland, Precinct 3",3
Midland County Clerk (DEM),Write-in,DEM,"City of Midland, Precinct 4",11
Midland County Clerk (DEM),Write-in,DEM,"City of Midland, Precinct 5",7
Midland County Clerk (DEM),Write-in,DEM,"City of Midland, Precinct 6",9
Midland County Clerk (DEM),Write-in,DEM,"City of Midland, Precinct 7",8
Midland County Clerk (DEM),Write-in,DEM,"City of Midland, Precinct 8",2
Midland County Clerk (DEM),Write-in,DEM,"City of Midland, Precinct 9",10
Midland County Clerk (DEM),Write-in,DEM,"City of Midland, Precinct 10",10
Midland County Clerk (DEM),Write-in,DEM,"Edenville Township, Precinct 1",14
Midland County Clerk (DEM),Write-in,DEM,"Geneva Township, Precinct 1",15
Midland County Clerk (DEM),Write-in,DEM,"Greendale Township, Precinct 1",6
Midland County Clerk (DEM),Write-in,DEM,"Homer Township, Precinct 1",9
Midland County Clerk (DEM),Write-in,DEM,"Homer Township, Precinct 2",4
Midland County Clerk (DEM),Write-in,DEM,"Homer Township, Precinct 3",4
Midland County Clerk (DEM),Write-in,DEM,"Hope Township, Precinct 1",9
Midland County Clerk (DEM),Write-in,DEM,"Ingersoll Township, Precinct 1",4
Midland County Clerk (DEM),Write-in,DEM,"Ingersoll Township, Precinct 2",10
Midland County Clerk (DEM),Write-in,DEM,"Jasper Township, Precinct 1",1
Midland County Clerk (DEM),Write-in,DEM,"Jerome Township, Precinct 1",13
Midland County Clerk (DEM),Write-in,DEM,"Jerome Township, Precinct 2",11
Midland County Clerk (DEM),Write-in,DEM,"Larkin Township, Precinct 1",6
Midland County Clerk (DEM),Write-in,DEM,"Larkin Township, Precinct 2",9
Midland County Clerk (DEM),Write-in,DEM,"Larkin Township, Precinct 3",4
Midland County Clerk (DEM),Write-in,DEM,"Lee Township, Precinct 1",4
Midland County Clerk (DEM),Write-in,DEM,"Lee Township, Precinct 2",6
Midland County Clerk (DEM),Write-in,DEM,"Lincoln Township, Precinct 1",17
Midland County Clerk (DEM),Write-in,DEM,"Midland Township, Precinct 1",11
Midland County Clerk (DEM),Write-in,DEM,"Mills Township, Precinct 1",8
Midland County Clerk (DEM),Write-in,DEM,"Mt. Haley Township, Precinct 1",11
Midland County Clerk (DEM),Write-in,DEM,"Porter Township, Precinct 1",11
Midland County Clerk (DEM),Write-in,DEM,"Warren Township, Precinct 1",10
Bay County Clerk (DEM),Kathleen Zanotti,DEM,"City of Midland, Precinct 2B",7
Bay County Clerk (DEM),Write-in,DEM,"City of Midland, Precinct 2B",0
Midland County Treasurer (DEM),Write-in,DEM,"City of Coleman, Precinct 1",11
Midland County Treasurer (DEM),Write-in,DEM,"City of Midland, Precinct 1",14
Midland County Treasurer (DEM),Write-in,DEM,"City of Midland, Precinct 2A",7
Midland County Treasurer (DEM),Write-in,DEM,"City of Midland, Precinct 3",3
Midland County Treasurer (DEM),Write-in,DEM,"City of Midland, Precinct 4",11
Midland County Treasurer (DEM),Write-in,DEM,"City of Midland, Precinct 5",7
Midland County Treasurer (DEM),Write-in,DEM,"City of Midland, Precinct 6",8
Midland County Treasurer (DEM),Write-in,DEM,"City of Midland, Precinct 7",8
Midland County Treasurer (DEM),Write-in,DEM,"City of Midland, Precinct 8",2
Midland County Treasurer (DEM),Write-in,DEM,"City of Midland, Precinct 9",9
Midland County Treasurer (DEM),Write-in,DEM,"City of Midland, Precinct 10",10
Midland County Treasurer (DEM),Write-in,DEM,"Edenville Township, Precinct 1",15
Midland County Treasurer (DEM),Write-in,DEM,"Geneva Township, Precinct 1",16
Midland County Treasurer (DEM),Write-in,DEM,"Greendale Township, Precinct 1",8
Midland County Treasurer (DEM),Write-in,DEM,"Homer Township, Precinct 1",9
Midland County Treasurer (DEM),Write-in,DEM,"Homer Township, Precinct 2",4
Midland County Treasurer (DEM),Write-in,DEM,"Homer Township, Precinct 3",4
Midland County Treasurer (DEM),Write-in,DEM,"Hope Township, Precinct 1",9
Midland County Treasurer (DEM),Write-in,DEM,"Ingersoll Township, Precinct 1",4
Midland County Treasurer (DEM),Write-in,DEM,"Ingersoll Township, Precinct 2",10
Midland County Treasurer (DEM),Write-in,DEM,"Jasper Township, Precinct 1",1
Midland County Treasurer (DEM),Write-in,DEM,"Jerome Township, Precinct 1",13
Midland County Treasurer (DEM),Write-in,DEM,"Jerome Township, Precinct 2",12
Midland County Treasurer (DEM),Write-in,DEM,"Larkin Township, Precinct 1",6
Midland County Treasurer (DEM),Write-in,DEM,"Larkin Township, Precinct 2",9
Midland County Treasurer (DEM),Write-in,DEM,"Larkin Township, Precinct 3",4
Midland County Treasurer (DEM),Write-in,DEM,"Lee Township, Precinct 1",4
Midland County Treasurer (DEM),Write-in,DEM,"Lee Township, Precinct 2",6
Midland County Treasurer (DEM),Write-in,DEM,"Lincoln Township, Precinct 1",17
Midland County Treasurer (DEM),Write-in,DEM,"Midland Township, Precinct 1",11
Midland County Treasurer (DEM),Write-in,DEM,"Mills Township, Precinct 1",8
Midland County Treasurer (DEM),Write-in,DEM,"Mt. Haley Township, Precinct 1",11
Midland County Treasurer (DEM),Write-in,DEM,"Porter Township, Precinct 1",11
Midland County Treasurer (DEM),Write-in,DEM,"Warren Township, Precinct 1",10
Bay County Treasurer (DEM),Weston Prince,DEM,"City of Midland, Precinct 2B",7
Bay County Treasurer (DEM),Write-in,DEM,"City of Midland, Precinct 2B",0
Midland County Register of Deeds (DEM),Write-in,DEM,"City of Coleman, Precinct 1",11
Midland County Register of Deeds (DEM),Write-in,DEM,"City of Midland, Precinct 1",15
Midland County Register of Deeds (DEM),Write-in,DEM,"City of Midland, Precinct 2A",7
Midland County Register of Deeds (DEM),Write-in,DEM,"City of Midland, Precinct 3",3
Midland County Register of Deeds (DEM),Write-in,DEM,"City of Midland, Precinct 4",11
Midland County Register of Deeds (DEM),Write-in,DEM,"City of Midland, Precinct 5",7
Midland County Register of Deeds (DEM),Write-in,DEM,"City of Midland, Precinct 6",9
Midland County Register of Deeds (DEM),Write-in,DEM,"City of Midland, Precinct 7",7
Midland County Register of Deeds (DEM),Write-in,DEM,"City of Midland, Precinct 8",1
Midland County Register of Deeds (DEM),Write-in,DEM,"City of Midland, Precinct 9",8
Midland County Register of Deeds (DEM),Write-in,DEM,"City of Midland, Precinct 10",10
Midland County Register of Deeds (DEM),Write-in,DEM,"Edenville Township, Precinct 1",15
Midland County Register of Deeds (DEM),Write-in,DEM,"Geneva Township, Precinct 1",14
Midland County Register of Deeds (DEM),Write-in,DEM,"Greendale Township, Precinct 1",6
Midland County Register of Deeds (DEM),Write-in,DEM,"Homer Township, Precinct 1",8
Midland County Register of Deeds (DEM),Write-in,DEM,"Homer Township, Precinct 2",4
Midland County Register of Deeds (DEM),Write-in,DEM,"Homer Township, Precinct 3",4
Midland County Register of Deeds (DEM),Write-in,DEM,"Hope Township, Precinct 1",8
Midland County Register of Deeds (DEM),Write-in,DEM,"Ingersoll Township, Precinct 1",4
Midland County Register of Deeds (DEM),Write-in,DEM,"Ingersoll Township, Precinct 2",10
Midland County Register of Deeds (DEM),Write-in,DEM,"Jasper Township, Precinct 1",1
Midland County Register of Deeds (DEM),Write-in,DEM,"Jerome Township, Precinct 1",12
Midland County Register of Deeds (DEM),Write-in,DEM,"Jerome Township, Precinct 2",11
Midland County Register of Deeds (DEM),Write-in,DEM,"Larkin Township, Precinct 1",6
Midland County Register of Deeds (DEM),Write-in,DEM,"Larkin Township, Precinct 2",8
Midland County Register of Deeds (DEM),Write-in,DEM,"Larkin Township, Precinct 3",4
Midland County Register of Deeds (DEM),Write-in,DEM,"Lee Township, Precinct 1",4
Midland County Register of Deeds (DEM),Write-in,DEM,"Lee Township, Precinct 2",4
Midland County Register of Deeds (DEM),Write-in,DEM,"Lincoln Township, Precinct 1",15
Midland County Register of Deeds (DEM),Write-in,DEM,"Midland Township, Precinct 1",10
Midland County Register of Deeds (DEM),Write-in,DEM,"Mills Township, Precinct 1",8
Midland County Register of Deeds (DEM),Write-in,DEM,"Mt. Haley Township, Precinct 1",10
Midland County Register of Deeds (DEM),Write-in,DEM,"Porter Township, Precinct 1",10
Midland County Register of Deeds (DEM),Write-in,DEM,"Warren Township, Precinct 1",10
Bay County Register of Deeds (DEM),Brandon D. Krause,DEM,"City of Midland, Precinct 2B",7
Bay County Register of Deeds (DEM),Write-in,DEM,"City of Midland, Precinct 2B",0
Bay County Road Commissioner (DEM),Michael J. Maillette,DEM,"City of Midland, Precinct 2B",7
Bay County Road Commissioner (DEM),Write-in,DEM,"City of Midland, Precinct 2B",0
Midland County Drain Commissioner (DEM),Write-in,DEM,"City of Coleman, Precinct 1",10
Midland County Drain Commissioner (DEM),Write-in,DEM,"City of Midland, Precinct 1",15
Midland County Drain Commissioner (DEM),Write-in,DEM,"City of Midland, Precinct 2A",5
Midland County Drain Commissioner (DEM),Write-in,DEM,"City of Midland, Precinct 3",5
Midland County Drain Commissioner (DEM),Write-in,DEM,"City of Midland, Precinct 4",11
Midland County Drain Commissioner (DEM),Write-in,DEM,"City of Midland, Precinct 5",8
Midland County Drain Commissioner (DEM),Write-in,DEM,"City of Midland, Precinct 6",10
Midland County Drain Commissioner (DEM),Write-in,DEM,"City of Midland, Precinct 7",8
Midland County Drain Commissioner (DEM),Write-in,DEM,"City of Midland, Precinct 8",3
Midland County Drain Commissioner (DEM),Write-in,DEM,"City of Midland, Precinct 9",12
Midland County Drain Commissioner (DEM),Write-in,DEM,"City of Midland, Precinct 10",10
Midland County Drain Commissioner (DEM),Write-in,DEM,"Edenville Township, Precinct 1",11
Midland County Drain Commissioner (DEM),Write-in,DEM,"Geneva Township, Precinct 1",15
Midland County Drain Commissioner (DEM),Write-in,DEM,"Greendale Township, Precinct 1",6
Midland County Drain Commissioner (DEM),Write-in,DEM,"Homer Township, Precinct 1",10
Midland County Drain Commissioner (DEM),Write-in,DEM,"Homer Township, Precinct 2",5
Midland County Drain Commissioner (DEM),Write-in,DEM,"Homer Township, Precinct 3",5
Midland County Drain Commissioner (DEM),Write-in,DEM,"Hope Township, Precinct 1",6
Midland County Drain Commissioner (DEM),Write-in,DEM,"Ingersoll Township, Precinct 1",5
Midland County Drain Commissioner (DEM),Write-in,DEM,"Ingersoll Township, Precinct 2",10
Midland County Drain Commissioner (DEM),Write-in,DEM,"Jasper Township, Precinct 1",4
Midland County Drain Commissioner (DEM),Write-in,DEM,"Jerome Township, Precinct 1",12
Midland County Drain Commissioner (DEM),Write-in,DEM,"Jerome Township, Precinct 2",16
Midland County Drain Commissioner (DEM),Write-in,DEM,"Larkin Township, Precinct 1",7
Midland County Drain Commissioner (DEM),Write-in,DEM,"Larkin Township, Precinct 2",8
Midland County Drain Commissioner (DEM),Write-in,DEM,"Larkin Township, Precinct 3",5
Midland County Drain Commissioner (DEM),Write-in,DEM,"Lee Township, Precinct 1",4
Midland County Drain Commissioner (DEM),Write-in,DEM,"Lee Township, Precinct 2",5
Midland County Drain Commissioner (DEM),Write-in,DEM,"Lincoln Township, Precinct 1",13
Midland County Drain Commissioner (DEM),Write-in,DEM,"Midland Township, Precinct 1",10
Midland County Drain Commissioner (DEM),Write-in,DEM,"Mills Township, Precinct 1",7
Midland County Drain Commissioner (DEM),Write-in,DEM,"Mt. Haley Township, Precinct 1",11
Midland County Drain Commissioner (DEM),Write-in,DEM,"Porter Township, Precinct 1",11
Midland County Drain Commissioner (DEM),Write-in,DEM,"Warren Township, Precinct 1",11
Bay County Drain Commissioner (DEM),Bill Jordan,DEM,"City of Midland, Precinct 2B",7
Bay County Drain Commissioner (DEM),Write-in,DEM,"City of Midland, Precinct 2B",0
Midland County Commissioner 1st District (DEM),Renee Hansen,DEM,"City of Coleman, Precinct 1",51
Midland County Commissioner 1st District (DEM),Write-in,DEM,"City of Coleman, Precinct 1",0
Midland County Commissioner 1st District (DEM),Renee Hansen,DEM,"Edenville Township, Precinct 1",92
Midland County Commissioner 1st District (DEM),Write-in,DEM,"Edenville Township, Precinct 1",0
Midland County Commissioner 1st District (DEM),Renee Hansen,DEM,"Geneva Township, Precinct 1",63
Midland County Commissioner 1st District (DEM),Write-in,DEM,"Geneva Township, Precinct 1",0
Midland County Commissioner 1st District (DEM),Renee Hansen,DEM,"Jerome Township, Precinct 1",150
Midland County Commissioner 1st District (DEM),Write-in,DEM,"Jerome Township, Precinct 1",1
Midland County Commissioner 1st District (DEM),Renee Hansen,DEM,"Jerome Township, Precinct 2",121
Midland County Commissioner 1st District (DEM),Write-in,DEM,"Jerome Township, Precinct 2",1
Midland County Commissioner 1st District (DEM),Renee Hansen,DEM,"Warren Township, Precinct 1",92
Midland County Commissioner 1st District (DEM),Write-in,DEM,"Warren Township, Precinct 1",0
Midland County Commissioner 2nd District (DEM),Doug Hill,DEM,"City of Midland, Precinct 7",90
Midland County Commissioner 2nd District (DEM),Write-in,DEM,"City of Midland, Precinct 7",0
Midland County Commissioner 2nd District (DEM),Doug Hill,DEM,"Hope Township, Precinct 1",63
Midland County Commissioner 2nd District (DEM),Write-in,DEM,"Hope Township, Precinct 1",0
Midland County Commissioner 2nd District (DEM),Doug Hill,DEM,"Larkin Township, Precinct 1",127
Midland County Commissioner 2nd District (DEM),Write-in,DEM,"Larkin Township, Precinct 1",0
Midland County Commissioner 2nd District (DEM),Doug Hill,DEM,"Larkin Township, Precinct 2",112
Midland County Commissioner 2nd District (DEM),Write-in,DEM,"Larkin Township, Precinct 2",0
Midland County Commissioner 2nd District (DEM),Doug Hill,DEM,"Larkin Township, Precinct 3",94
Midland County Commissioner 2nd District (DEM),Write-in,DEM,"Larkin Township, Precinct 3",1
Midland County Commissioner 2nd District (DEM),Doug Hill,DEM,"Lincoln Township, Precinct 1",149
Midland County Commissioner 2nd District (DEM),Write-in,DEM,"Lincoln Township, Precinct 1",1
Midland County Commissioner 2nd District (DEM),Doug Hill,DEM,"Mills Township, Precinct 1",64
Midland County Commissioner 2nd District (DEM),Write-in,DEM,"Mills Township, Precinct 1",0
Midland County Commissioner 3rd District (DEM),Angie Kelleher,DEM,"Greendale Township, Precinct 1",54
Midland County Commissioner 3rd District (DEM),Write-in,DEM,"Greendale Township, Precinct 1",1
Midland County Commissioner 3rd District (DEM),Angie Kelleher,DEM,"Homer Township, Precinct 1",86
Midland County Commissioner 3rd District (DEM),Write-in,DEM,"Homer Township, Precinct 1",0
Midland County Commissioner 3rd District (DEM),Angie Kelleher,DEM,"Homer Township, Precinct 2",62
Midland County Commissioner 3rd District (DEM),Write-in,DEM,"Homer Township, Precinct 2",0
Midland County Commissioner 3rd District (DEM),Angie Kelleher,DEM,"Homer Township, Precinct 3",110
Midland County Commissioner 3rd District (DEM),Write-in,DEM,"Homer Township, Precinct 3",0
Midland County Commissioner 3rd District (DEM),Angie Kelleher,DEM,"Jasper Township, Precinct 1",42
Midland County Commissioner 3rd District (DEM),Write-in,DEM,"Jasper Township, Precinct 1",0
Midland County Commissioner 3rd District (DEM),Angie Kelleher,DEM,"Lee Township, Precinct 1",76
Midland County Commissioner 3rd District (DEM),Write-in,DEM,"Lee Township, Precinct 1",0
Midland County Commissioner 3rd District (DEM),Angie Kelleher,DEM,"Lee Township, Precinct 2",78
Midland County Commissioner 3rd District (DEM),Write-in,DEM,"Lee Township, Precinct 2",0
Midland County Commissioner 3rd District (DEM),Angie Kelleher,DEM,"Porter Township, Precinct 1",47
Midland County Commissioner 3rd District (DEM),Write-in,DEM,"Porter Township, Precinct 1",0
Midland County Commissioner 4th District (DEM),Jacob R. Wilberding,DEM,"City of Midland, Precinct 1",95
Midland County Commissioner 4th District (DEM),Write-in,DEM,"City of Midland, Precinct 1",0
Midland County Commissioner 4th District (DEM),Jacob R. Wilberding,DEM,"City of Midland, Precinct 2A",195
Midland County Commissioner 4th District (DEM),Write-in,DEM,"City of Midland, Precinct 2A",0
Midland County Commissioner 4th District (DEM),Jacob R. Wilberding,DEM,"Ingersoll Township, Precinct 1",74
Midland County Commissioner 4th District (DEM),Write-in,DEM,"Ingersoll Township, Precinct 1",0
Midland County Commissioner 4th District (DEM),Jacob R. Wilberding,DEM,"Ingersoll Township, Precinct 2",74
Midland County Commissioner 4th District (DEM),Write-in,DEM,"Ingersoll Township, Precinct 2",0
Midland County Commissioner 4th District (DEM),Jacob R. Wilberding,DEM,"Midland Township, Precinct 1",129
Midland County Commissioner 4th District (DEM),Write-in,DEM,"Midland Township, Precinct 1",0
Midland County Commissioner 4th District (DEM),Jacob R. Wilberding,DEM,"Mt. Haley Township, Precinct 1",75
Midland County Commissioner 4th District (DEM),Write-in,DEM,"Mt. Haley Township, Precinct 1",0
Midland County Commissioner 5th District (DEM),C. J. Mikkelsen,DEM,"City of Midland, Precinct 3",229
Midland County Commissioner 5th District (DEM),Write-in,DEM,"City of Midland, Precinct 3",0
Midland County Commissioner 5th District (DEM),C. J. Mikkelsen,DEM,"City of Midland, Precinct 5",316
Midland County Commissioner 5th District (DEM),Write-in,DEM,"City of Midland, Precinct 5",0
Midland County Commissioner 5th District (DEM),C. J. Mikkelsen,DEM,"City of Midland, Precinct 6",407
Midland County Commissioner 5th District (DEM),Write-in,DEM,"City of Midland, Precinct 6",0
Midland County Commissioner 6th District (DEM),Nikita Murry,DEM,"City of Midland, Precinct 7",335
Midland County Commissioner 6th District (DEM),Write-in,DEM,"City of Midland, Precinct 7",0
Midland County Commissioner 6th District (DEM),Nikita Murry,DEM,"City of Midland, Precinct 8",396
Midland County Commissioner 6th District (DEM),Write-in,DEM,"City of Midland, Precinct 8",0
Midland County Commissioner 6th District (DEM),Nikita Murry,DEM,"City of Midland, Precinct 10",446
Midland County Commissioner 6th District (DEM),Write-in,DEM,"City of Midland, Precinct 10",0
Midland County Commissioner 7th District (DEM),Alaynah Smith,DEM,"City of Midland, Precinct 1",213
Midland County Commissioner 7th District (DEM),Write-in,DEM,"City of Midland, Precinct 1",0
Midland County Commissioner 7th District (DEM),Alaynah Smith,DEM,"City of Midland, Precinct 3",63
Midland County Commissioner 7th District (DEM),Write-in,DEM,"City of Midland, Precinct 3",0
Midland County Commissioner 7th District (DEM),Alaynah Smith,DEM,"City of Midland, Precinct 4",447
Midland County Commissioner 7th District (DEM),Write-in,DEM,"City of Midland, Precinct 4",0
Midland County Commissioner 7th District (DEM),Alaynah Smith,DEM,"City of Midland, Precinct 9",426
Midland County Commissioner 7th District (DEM),Write-in,DEM,"City of Midland, Precinct 9",0
Bay County Commissioner 1st District (DEM),Write-in,DEM,"City of Midland, Precinct 2B",0
Edenville Township Supervisor (DEM),Write-in,DEM,"Edenville Township, Precinct 1",13
Edenville Township Clerk (DEM),Write-in,DEM,"Edenville Township, Precinct 1",12
Edenville Township Treasurer (DEM),Write-in,DEM,"Edenville Township, Precinct 1",13
Edenville Township Trustee (DEM),Write-in,DEM,"Edenville Township, Precinct 1",16
Geneva Township Supervisor (DEM),Write-in,DEM,"Geneva Township, Precinct 1",17
Geneva Township Clerk (DEM),Write-in,DEM,"Geneva Township, Precinct 1",14
Geneva Township Treasurer (DEM),Write-in,DEM,"Geneva Township, Precinct 1",14
Geneva Township Trustee (DEM),Write-in,DEM,"Geneva Township, Precinct 1",17
Greendale Township Supervisor (DEM),Write-in,DEM,"Greendale Township, Precinct 1",5
Greendale Township Clerk (DEM),Write-in,DEM,"Greendale Township, Precinct 1",5
Greendale Township Treasurer (DEM),Write-in,DEM,"Greendale Township, Precinct 1",5
Greendale Township Trustee (DEM),Write-in,DEM,"Greendale Township, Precinct 1",4
Homer Township Supervisor (DEM),Russ Varner,DEM,"Homer Township, Precinct 1",94
Homer Township Supervisor (DEM),Write-in,DEM,"Homer Township, Precinct 1",0
Homer Township Supervisor (DEM),Russ Varner,DEM,"Homer Township, Precinct 2",68
Homer Township Supervisor (DEM),Write-in,DEM,"Homer Township, Precinct 2",1
Homer Township Supervisor (DEM),Russ Varner,DEM,"Homer Township, Precinct 3",113
Homer Township Supervisor (DEM),Write-in,DEM,"Homer Township, Precinct 3",0
Homer Township Clerk (DEM),Write-in,DEM,"Homer Township, Precinct 1",6
Homer Township Clerk (DEM),Write-in,DEM,"Homer Township, Precinct 2",4
Homer Township Clerk (DEM),Write-in,DEM,"Homer Township, Precinct 3",6
Homer Township Treasurer (DEM),Write-in,DEM,"Homer Township, Precinct 1",6
Homer Township Treasurer (DEM),Write-in,DEM,"Homer Township, Precinct 2",5
Homer Township Treasurer (DEM),Write-in,DEM,"Homer Township, Precinct 3",6
Homer Township Trustee (DEM),Write-in,DEM,"Homer Township, Precinct 1",18
Homer Township Trustee (DEM),Write-in,DEM,"Homer Township, Precinct 2",4
Homer Township Trustee (DEM),Write-in,DEM,"Homer Township, Precinct 3",5
Hope Township Supervisor (DEM),Write-in,DEM,"Hope Township, Precinct 1",6
Hope Township Clerk (DEM),Write-in,DEM,"Hope Township, Precinct 1",6
Hope Township Treasurer (DEM),Write-in,DEM,"Hope Township, Precinct 1",6
Hope Township Trustee (DEM),Write-in,DEM,"Hope Township, Precinct 1",8
Hope Township Park Commissioner (DEM),Write-in,DEM,"Hope Township, Precinct 1",9
Ingersoll Township Supervisor (DEM),Write-in,DEM,"Ingersoll Township, Precinct 1",5
Ingersoll Township Supervisor (DEM),Write-in,DEM,"Ingersoll Township, Precinct 2",8
Ingersoll Township Clerk (DEM),Mary Ellen Keel,DEM,"Ingersoll Township, Precinct 1",86
Ingersoll Township Clerk (DEM),Write-in,DEM,"Ingersoll Township, Precinct 1",0
Ingersoll Township Clerk (DEM),Mary Ellen Keel,DEM,"Ingersoll Township, Precinct 2",78
Ingersoll Township Clerk (DEM),Write-in,DEM,"Ingersoll Township, Precinct 2",0
Ingersoll Township Treasurer (DEM),Write-in,DEM,"Ingersoll Township, Precinct 1",5
Ingersoll Township Treasurer (DEM),Write-in,DEM,"Ingersoll Township, Precinct 2",8
Ingersoll Township Trustee (DEM),Write-in,DEM,"Ingersoll Township, Precinct 1",6
Ingersoll Township Trustee (DEM),Write-in,DEM,"Ingersoll Township, Precinct 2",11
Jasper Township Supervisor (DEM),Write-in,DEM,"Jasper Township, Precinct 1",3
Jasper Township Clerk (DEM),Write-in,DEM,"Jasper Township, Precinct 1",3
Jasper Township Treasurer (DEM),Write-in,DEM,"Jasper Township, Precinct 1",3
Jasper Township Trustee (DEM),Write-in,DEM,"Jasper Township, Precinct 1",3
Jerome Township Supervisor (DEM),Write-in,DEM,"Jerome Township, Precinct 1",11
Jerome Township Supervisor (DEM),Write-in,DEM,"Jerome Township, Precinct 2",10
Jerome Township Clerk (DEM),Connie Methner,DEM,"Jerome Township, Precinct 1",147
Jerome Township Clerk (DEM),Write-in,DEM,"Jerome Township, Precinct 1",1
Jerome Township Clerk (DEM),Connie Methner,DEM,"Jerome Township, Precinct 2",114
Jerome Township Clerk (DEM),Write-in,DEM,"Jerome Township, Precinct 2",2
Jerome Township Treasurer (DEM),Danielle Tracy,DEM,"Jerome Township, Precinct 1",144
Jerome Township Treasurer (DEM),Write-in,DEM,"Jerome Township, Precinct 1",1
Jerome Township Treasurer (DEM),Danielle Tracy,DEM,"Jerome Township, Precinct 2",110
Jerome Township Treasurer (DEM),Write-in,DEM,"Jerome Township, Precinct 2",1
Jerome Township Trustee (DEM),Mark Green,DEM,"Jerome Township, Precinct 1",152
Jerome Township Trustee (DEM),Write-in,DEM,"Jerome Township, Precinct 1",0
Jerome Township Trustee (DEM),Mark Green,DEM,"Jerome Township, Precinct 2",121
Jerome Township Trustee (DEM),Write-in,DEM,"Jerome Township, Precinct 2",0
Jerome Township Constable (DEM),Write-in,DEM,"Jerome Township, Precinct 1",16
Jerome Township Constable (DEM),Write-in,DEM,"Jerome Township, Precinct 2",10
Larkin Township Supervisor (DEM),Write-in,DEM,"Larkin Township, Precinct 1",6
Larkin Township Supervisor (DEM),Write-in,DEM,"Larkin Township, Precinct 2",5
Larkin Township Supervisor (DEM),Write-in,DEM,"Larkin Township, Precinct 3",5
Larkin Township Clerk (DEM),Write-in,DEM,"Larkin Township, Precinct 1",5
Larkin Township Clerk (DEM),Write-in,DEM,"Larkin Township, Precinct 2",5
Larkin Township Clerk (DEM),Write-in,DEM,"Larkin Township, Precinct 3",5
Larkin Township Treasurer (DEM),Write-in,DEM,"Larkin Township, Precinct 1",6
Larkin Township Treasurer (DEM),Write-in,DEM,"Larkin Township, Precinct 2",5
Larkin Township Treasurer (DEM),Write-in,DEM,"Larkin Township, Precinct 3",5
Larkin Township Trustee (DEM),Write-in,DEM,"Larkin Township, Precinct 1",10
Larkin Township Trustee (DEM),Write-in,DEM,"Larkin Township, Precinct 2",9
Larkin Township Trustee (DEM),Write-in,DEM,"Larkin Township, Precinct 3",13
Lee Township Supervisor (DEM),Write-in,DEM,"Lee Township, Precinct 1",5
Lee Township Supervisor (DEM),Write-in,DEM,"Lee Township, Precinct 2",5
Lee Township Clerk (DEM),Write-in,DEM,"Lee Township, Precinct 1",5
Lee Township Clerk (DEM),Write-in,DEM,"Lee Township, Precinct 2",5
Lee Township Treasurer (DEM),Write-in,DEM,"Lee Township, Precinct 1",5
Lee Township Treasurer (DEM),Write-in,DEM,"Lee Township, Precinct 2",5
Lee Township Trustee (DEM),Write-in,DEM,"Lee Township, Precinct 1",6
Lee Township Trustee (DEM),Write-in,DEM,"Lee Township, Precinct 2",5
Lincoln Township Supervisor (DEM),Write-in,DEM,"Lincoln Township, Precinct 1",17
Lincoln Township Clerk (DEM),Write-in,DEM,"Lincoln Township, Precinct 1",15
Lincoln Township Treasurer (DEM),Kimberly Oswald,DEM,"Lincoln Township, Precinct 1",133
Lincoln Township Treasurer (DEM),Write-in,DEM,"Lincoln Township, Precinct 1",0
Lincoln Township Trustee (DEM),Write-in,DEM,"Lincoln Township, Precinct 1",17
Lincoln Township Constable (DEM),Write-in,DEM,"Lincoln Township, Precinct 1",16
Midland Township Supervisor (DEM),Write-in,DEM,"Midland Township, Precinct 1",10
Midland Township Clerk (DEM),Write-in,DEM,"Midland Township, Precinct 1",10
Midland Township Treasurer (DEM),Write-in,DEM,"Midland Township, Precinct 1",10
Midland Township Trustee (DEM),Write-in,DEM,"Midland Township, Precinct 1",11
Mills Township Supervisor (DEM),Write-in,DEM,"Mills Township, Precinct 1",7
Mills Township Clerk (DEM),Write-in,DEM,"Mills Township, Precinct 1",7
Mills Township Treasurer (DEM),Write-in,DEM,"Mills Township, Precinct 1",7
Mills Township Trustee (DEM),Write-in,DEM,"Mills Township, Precinct 1",6
Mt. Haley Township Supervisor (DEM),Write-in,DEM,"Mt. Haley Township, Precinct 1",11
Mt. Haley Township Clerk (DEM),Write-in,DEM,"Mt. Haley Township, Precinct 1",11
Mt. Haley Township Treasurer (DEM),Write-in,DEM,"Mt. Haley Township, Precinct 1",11
Mt. Haley Township Trustee (DEM),Write-in,DEM,"Mt. Haley Township, Precinct 1",11
Porter Township Supervisor (DEM),Write-in,DEM,"Porter Township, Precinct 1",11
Porter Township Clerk (DEM),Write-in,DEM,"Porter Township, Precinct 1",11
Porter Township Treasurer (DEM),Write-in,DEM,"Porter Township, Precinct 1",11
Porter Township Trustee (DEM),Write-in,DEM,"Porter Township, Precinct 1",14
Warren Township Supervisor (DEM),Write-in,DEM,"Warren Township, Precinct 1",11
Warren Township Clerk (DEM),Write-in,DEM,"Warren Township, Precinct 1",11
Warren Township Treasurer (DEM),Write-in,DEM,"Warren Township, Precinct 1",11
Warren Township Trustee (DEM),Write-in,DEM,"Warren Township, Precinct 1",14
"City of Coleman, Precinct 1 Delegate (DEM)",Write-in,DEM,"City of Coleman, Precinct 1",9
"City of Midland, Precinct 1 Delegate (DEM)",Danielle Fergin,DEM,"City of Midland, Precinct 1",295
"City of Midland, Precinct 1 Delegate (DEM)",Write-in,DEM,"City of Midland, Precinct 1",0
"City of Midland, Precinct 2A Delegate (DEM)",Pam Hall,DEM,"City of Midland, Precinct 2A",185
"City of Midland, Precinct 2A Delegate (DEM)",Write-in,DEM,"City of Midland, Precinct 2A",0
"City of Midland, Precinct 2B Delegate (DEM)",Write-in,DEM,"City of Midland, Precinct 2B",0
"City of Midland, Precinct 3 Delegate (DEM)",Michael Heitman,DEM,"City of Midland, Precinct 3",231
"City of Midland, Precinct 3 Delegate (DEM)",Linda D. Mikkelsen,DEM,"City of Midland, Precinct 3",259
"City of Midland, Precinct 3 Delegate (DEM)",Jan Taylor Sutherland,DEM,"City of Midland, Precinct 3",251
"City of Midland, Precinct 3 Delegate (DEM)",Write-in,DEM,"City of Midland, Precinct 3",1
"City of Midland, Precinct 4 Delegate (DEM)",Julie A. Ortiz,DEM,"City of Midland, Precinct 4",429
"City of Midland, Precinct 4 Delegate (DEM)",Cindy Weir,DEM,"City of Midland, Precinct 4",367
"City of Midland, Precinct 4 Delegate (DEM)",Joe Weir,DEM,"City of Midland, Precinct 4",356
"City of Midland, Precinct 4 Delegate (DEM)",Write-in,DEM,"City of Midland, Precinct 4",0
"City of Midland, Precinct 5 Delegate (DEM)",Jennifer Austin,DEM,"City of Midland, Precinct 5",311
"City of Midland, Precinct 5 Delegate (DEM)",Write-in,DEM,"City of Midland, Precinct 5",0
"City of Midland, Precinct 6 Delegate (DEM)",Laura R. Ault,DEM,"City of Midland, Precinct 6",255
"City of Midland, Precinct 6 Delegate (DEM)",Christine Klykken,DEM,"City of Midland, Precinct 6",229
"City of Midland, Precinct 6 Delegate (DEM)",Claudia D. Warren,DEM,"City of Midland, Precinct 6",227
"City of Midland, Precinct 6 Delegate (DEM)",Allison M. Wilcox,DEM,"City of Midland, Precinct 6",323
"City of Midland, Precinct 6 Delegate (DEM)",Write-in,DEM,"City of Midland, Precinct 6",1
"City of Midland, Precinct 7 Delegate (DEM)",Bill Kent,DEM,"City of Midland, Precinct 7",315
"City of Midland, Precinct 7 Delegate (DEM)",Ronald C. Parmele,DEM,"City of Midland, Precinct 7",308
"City of Midland, Precinct 7 Delegate (DEM)",Sarah Schulz,DEM,"City of Midland, Precinct 7",446
"City of Midland, Precinct 7 Delegate (DEM)",Write-in,DEM,"City of Midland, Precinct 7",0
"City of Midland, Precinct 8 Delegate (DEM)",Sara B. Clavez,DEM,"City of Midland, Precinct 8",347
"City of Midland, Precinct 8 Delegate (DEM)",Matthew Dawson,DEM,"City of Midland, Precinct 8",293
"City of Midland, Precinct 8 Delegate (DEM)",Write-in,DEM,"City of Midland, Precinct 8",0
"City of Midland, Precinct 9 Delegate (DEM)",Linda M. Barth,DEM,"City of Midland, Precinct 9",435
"City of Midland, Precinct 9 Delegate (DEM)",Write-in,DEM,"City of Midland, Precinct 9",5
"City of Midland, Precinct 10 Delegate (DEM)",Kathleen Curell,DEM,"City of Midland, Precinct 10",413
"City of Midland, Precinct 10 Delegate (DEM)",Greg Mayville,DEM,"City of Midland, Precinct 10",329
"City of Midland, Precinct 10 Delegate (DEM)",Write-in,DEM,"City of Midland, Precinct 10",4
"Edenville Township, Precinct 1 Delegate (DEM)",Write-in,DEM,"Edenville Township, Precinct 1",16
"Geneva Township, Precinct 1 Delegate (DEM)",Write-in,DEM,"Geneva Township, Precinct 1",12
"Greendale Township, Precinct 1 Delegate (DEM)",Write-in,DEM,"Greendale Township, Precinct 1",3
"Homer Township, Precinct 1 Delegate (DEM)",Write-in,DEM,"Homer Township, Precinct 1",10
"Homer Township, Precinct 2 Delegate (DEM)",Write-in,DEM,"Homer Township, Precinct 2",4
"Homer Township, Precinct 3 Delegate (DEM)",AnnMarie Horseman,DEM,"Homer Township, Precinct 3",101
"Homer Township, Precinct 3 Delegate (DEM)",Write-in,DEM,"Homer Township, Precinct 3",0
"Hope Township, Precinct 1 Delegate (DEM)",Write-in,DEM,"Hope Township, Precinct 1",3
"Ingersoll Township, Precinct 1 Delegate (DEM)",Write-in,DEM,"Ingersoll Township, Precinct 1",7
"Ingersoll Township, Precinct 2 Delegate (DEM)",Cathy Mitzel,DEM,"Ingersoll Township, Precinct 2",73
"Ingersoll Township, Precinct 2 Delegate (DEM)",Write-in,DEM,"Ingersoll Township, Precinct 2",0
"Jasper Township, Precinct 1 Delegate (DEM)",Write-in,DEM,"Jasper Township, Precinct 1",4
"Jerome Township, Precinct 1 Delegate (DEM)",Write-in,DEM,"Jerome Township, Precinct 1",16
"Jerome Township, Precinct 2 Delegate (DEM)",Write-in,DEM,"Jerome Township, Precinct 2",11
"Larkin Township, Precinct 1 Delegate (DEM)",Jill Haver-Crissman,DEM,"Larkin Township, Precinct 1",123
"Larkin Township, Precinct 1 Delegate (DEM)",Kristen Allard Shier,DEM,"Larkin Township, Precinct 1",111
"Larkin Township, Precinct 1 Delegate (DEM)",Write-in,DEM,"Larkin Township, Precinct 1",2
"Larkin Township, Precinct 2 Delegate (DEM)",Write-in,DEM,"Larkin Township, Precinct 2",3
"Larkin Township, Precinct 3 Delegate (DEM)",Write-in,DEM,"Larkin Township, Precinct 3",7
"Lee Township, Precinct 1 Delegate (DEM)",Write-in,DEM,"Lee Township, Precinct 1",5
"Lee Township, Precinct 2 Delegate (DEM)",Write-in,DEM,"Lee Township, Precinct 2",7
"Lincoln Township, Precinct 1 Delegate (DEM)",Janice Dunn,DEM,"Lincoln Township, Precinct 1",145
"Lincoln Township, Precinct 1 Delegate (DEM)",Douglas J. Hill,DEM,"Lincoln Township, Precinct 1",122
"Lincoln Township, Precinct 1 Delegate (DEM)",Write-in,DEM,"Lincoln Township, Precinct 1",1
"Midland Township, Precinct 1 Delegate (DEM)",Write-in,DEM,"Midland Township, Precinct 1",11
"Mills Township, Precinct 1 Delegate (DEM)",Write-in,DEM,"Mills Township, Precinct 1",7
"Mt. Haley Township, Precinct 1 Delegate (DEM)",Connie H. Glave,DEM,"Mt. Haley Township, Precinct 1",76
"Mt. Haley Township, Precinct 1 Delegate (DEM)",Write-in,DEM,"Mt. Haley Township, Precinct 1",0
"Porter Township, Precinct 1 Delegate (DEM)",Write-in,DEM,"Porter Township, Precinct 1",10
"Warren Township, Precinct 1 Delegate (DEM)",Write-in,DEM,"Warren Township, Precinct 1",12
United States Senator (REP),Justin Amash,REP,"City of Coleman, Precinct 1",9
United States Senator (REP),Sherry O'Donnell,REP,"City of Coleman, Precinct 1",6
United States Senator (REP),Sandy Pensler,REP,"City of Coleman, Precinct 1",3
United States Senator (REP),Mike Rogers,REP,"City of Coleman, Precinct 1",87
United States Senator (REP),Write-in,REP,"City of Coleman, Precinct 1",0
United States Senator (REP),Justin Amash,REP,"City of Midland, Precinct 1",38
United States Senator (REP),Sherry O'Donnell,REP,"City of Midland, Precinct 1",39
United States Senator (REP),Sandy Pensler,REP,"City of Midland, Precinct 1",23
United States Senator (REP),Mike Rogers,REP,"City of Midland, Precinct 1",191
United States Senator (REP),Write-in,REP,"City of Midland, Precinct 1",0
United States Senator (REP),Justin Amash,REP,"City of Midland, Precinct 2A",22
United States Senator (REP),Sherry O'Donnell,REP,"City of Midland, Precinct 2A",15
United States Senator (REP),Sandy Pensler,REP,"City of Midland, Precinct 2A",28
United States Senator (REP),Mike Rogers,REP,"City of Midland, Precinct 2A",182
United States Senator (REP),Write-in,REP,"City of Midland, Precinct 2A",0
United States Senator (REP),Justin Amash,REP,"City of Midland, Precinct 2B",1
United States Senator (REP),Sherry O'Donnell,REP,"City of Midland, Precinct 2B",3
United States Senator (REP),Sandy Pensler,REP,"City of Midland, Precinct 2B",0
United States Senator (REP),Mike Rogers,REP,"City of Midland, Precinct 2B",5
United States Senator (REP),Write-in,REP,"City of Midland, Precinct 2B",0
United States Senator (REP),Justin Amash,REP,"City of Midland, Precinct 3",29
United States Senator (REP),Sherry O'Donnell,REP,"City of Midland, Precinct 3",26
United States Senator (REP),Sandy Pensler,REP,"City of Midland, Precinct 3",18
United States Senator (REP),Mike Rogers,REP,"City of Midland, Precinct 3",205
United States Senator (REP),Write-in,REP,"City of Midland, Precinct 3",1
United States Senator (REP),Justin Amash,REP,"City of Midland, Precinct 4",47
United States Senator (REP),Sherry O'Donnell,REP,"City of Midland, Precinct 4",29
United States Senator (REP),Sandy Pensler,REP,"City of Midland, Precinct 4",29
United States Senator (REP),Mike Rogers,REP,"City of Midland, Precinct 4",247
United States Senator (REP),Write-in,REP,"City of Midland, Precinct 4",0
United States Senator (REP),Justin Amash,REP,"City of Midland, Precinct 5",37
United States Senator (REP),Sherry O'Donnell,REP,"City of Midland, Precinct 5",28
United States Senator (REP),Sandy Pensler,REP,"City of Midland, Precinct 5",45
United States Senator (REP),Mike Rogers,REP,"City of Midland, Precinct 5",286
United States Senator (REP),Write-in,REP,"City of Midland, Precinct 5",0
United States Senator (REP),Justin Amash,REP,"City of Midland, Precinct 6",44
United States Senator (REP),Sherry O'Donnell,REP,"City of Midland, Precinct 6",36
United States Senator (REP),Sandy Pensler,REP,"City of Midland, Precinct 6",30
United States Senator (REP),Mike Rogers,REP,"City of Midland, Precinct 6",327
United States Senator (REP),Write-in,REP,"City of Midland, Precinct 6",0
United States Senator (REP),Justin Amash,REP,"City of Midland, Precinct 7",39
United States Senator (REP),Sherry O'Donnell,REP,"City of Midland, Precinct 7",31
United States Senator (REP),Sandy Pensler,REP,"City of Midland, Precinct 7",39
United States Senator (REP),Mike Rogers,REP,"City of Midland, Precinct 7",322
United States Senator (REP),Write-in,REP,"City of Midland, Precinct 7",0
United States Senator (REP),Justin Amash,REP,"City of Midland, Precinct 8",52
United States Senator (REP),Sherry O'Donnell,REP,"City of Midland, Precinct 8",48
United States Senator (REP),Sandy Pensler,REP,"City of Midland, Precinct 8",33
United States Senator (REP),Mike Rogers,REP,"City of Midland, Precinct 8",303
United States Senator (REP),Write-in,REP,"City of Midland, Precinct 8",1
United States Senator (REP),Justin Amash,REP,"City of Midland, Precinct 9",29
United States Senator (REP),Sherry O'Donnell,REP,"City of Midland, Precinct 9",31
United States Senator (REP),Sandy Pensler,REP,"City of Midland, Precinct 9",31
United States Senator (REP),Mike Rogers,REP,"City of Midland, Precinct 9",236
United States Senator (REP),Write-in,REP,"City of Midland, Precinct 9",2
United States Senator (REP),Justin Amash,REP,"City of Midland, Precinct 10",25
United States Senator (REP),Sherry O'Donnell,REP,"City of Midland, Precinct 10",38
United States Senator (REP),Sandy Pensler,REP,"City of Midland, Precinct 10",34
United States Senator (REP),Mike Rogers,REP,"City of Midland, Precinct 10",357
United States Senator (REP),Write-in,REP,"City of Midland, Precinct 10",0
United States Senator (REP),Justin Amash,REP,"Edenville Township, Precinct 1",47
United States Senator (REP),Sherry O'Donnell,REP,"Edenville Township, Precinct 1",63
United States Senator (REP),Sandy Pensler,REP,"Edenville Township, Precinct 1",33
United States Senator (REP),Mike Rogers,REP,"Edenville Township, Precinct 1",426
United States Senator (REP),Write-in,REP,"Edenville Township, Precinct 1",3
United States Senator (REP),Justin Amash,REP,"Geneva Township, Precinct 1",12
United States Senator (REP),Sherry O'Donnell,REP,"Geneva Township, Precinct 1",16
United States Senator (REP),Sandy Pensler,REP,"Geneva Township, Precinct 1",6
United States Senator (REP),Mike Rogers,REP,"Geneva Township, Precinct 1",137
United States Senator (REP),Write-in,REP,"Geneva Township, Precinct 1",1
United States Senator (REP),Justin Amash,REP,"Greendale Township, Precinct 1",12
United States Senator (REP),Sherry O'Donnell,REP,"Greendale Township, Precinct 1",25
United States Senator (REP),Sandy Pensler,REP,"Greendale Township, Precinct 1",24
United States Senator (REP),Mike Rogers,REP,"Greendale Township, Precinct 1",167
United States Senator (REP),Write-in,REP,"Greendale Township, Precinct 1",1
United States Senator (REP),Justin Amash,REP,"Homer Township, Precinct 1",11
United States Senator (REP),Sherry O'Donnell,REP,"Homer Township, Precinct 1",7
United States Senator (REP),Sandy Pensler,REP,"Homer Township, Precinct 1",10
United States Senator (REP),Mike Rogers,REP,"Homer Township, Precinct 1",109
United States Senator (REP),Write-in,REP,"Homer Township, Precinct 1",0
United States Senator (REP),Justin Amash,REP,"Homer Township, Precinct 2",10
United States Senator (REP),Sherry O'Donnell,REP,"Homer Township, Precinct 2",15
United States Senator (REP),Sandy Pensler,REP,"Homer Township, Precinct 2",11
United States Senator (REP),Mike Rogers,REP,"Homer Township, Precinct 2",107
United States Senator (REP),Write-in,REP,"Homer Township, Precinct 2",0
United States Senator (REP),Justin Amash,REP,"Homer Township, Precinct 3",11
United States Senator (REP),Sherry O'Donnell,REP,"Homer Township, Precinct 3",25
United States Senator (REP),Sandy Pensler,REP,"Homer Township, Precinct 3",10
United States Senator (REP),Mike Rogers,REP,"Homer Township, Precinct 3",138
United States Senator (REP),Write-in,REP,"Homer Township, Precinct 3",1
United States Senator (REP),Justin Amash,REP,"Hope Township, Precinct 1",17
United States Senator (REP),Sherry O'Donnell,REP,"Hope Township, Precinct 1",10
United States Senator (REP),Sandy Pensler,REP,"Hope Township, Precinct 1",21
United States Senator (REP),Mike Rogers,REP,"Hope Township, Precinct 1",217
United States Senator (REP),Write-in,REP,"Hope Township, Precinct 1",0
United States Senator (REP),Justin Amash,REP,"Ingersoll Township, Precinct 1",17
United States Senator (REP),Sherry O'Donnell,REP,"Ingersoll Township, Precinct 1",16
United States Senator (REP),Sandy Pensler,REP,"Ingersoll Township, Precinct 1",4
United States Senator (REP),Mike Rogers,REP,"Ingersoll Township, Precinct 1",139
United States Senator (REP),Write-in,REP,"Ingersoll Township, Precinct 1",0
United States Senator (REP),Justin Amash,REP,"Ingersoll Township, Precinct 2",7
United States Senator (REP),Sherry O'Donnell,REP,"Ingersoll Township, Precinct 2",23
United States Senator (REP),Sandy Pensler,REP,"Ingersoll Township, Precinct 2",4
United States Senator (REP),Mike Rogers,REP,"Ingersoll Township, Precinct 2",101
United States Senator (REP),Write-in,REP,"Ingersoll Township, Precinct 2",1
United States Senator (REP),Justin Amash,REP,"Jasper Township, Precinct 1",16
United States Senator (REP),Sherry O'Donnell,REP,"Jasper Township, Precinct 1",34
United States Senator (REP),Sandy Pensler,REP,"Jasper Township, Precinct 1",7
United States Senator (REP),Mike Rogers,REP,"Jasper Township, Precinct 1",155
United States Senator (REP),Write-in,REP,"Jasper Township, Precinct 1",1
United States Senator (REP),Justin Amash,REP,"Jerome Township, Precinct 1",20
United States Senator (REP),Sherry O'Donnell,REP,"Jerome Township, Precinct 1",29
United States Senator (REP),Sandy Pensler,REP,"Jerome Township, Precinct 1",37
United States Senator (REP),Mike Rogers,REP,"Jerome Township, Precinct 1",255
United States Senator (REP),Write-in,REP,"Jerome Township, Precinct 1",1
United States Senator (REP),Justin Amash,REP,"Jerome Township, Precinct 2",31
United States Senator (REP),Sherry O'Donnell,REP,"Jerome Township, Precinct 2",18
United States Senator (REP),Sandy Pensler,REP,"Jerome Township, Precinct 2",22
United States Senator (REP),Mike Rogers,REP,"Jerome Township, Precinct 2",277
United States Senator (REP),Write-in,REP,"Jerome Township, Precinct 2",3
United States Senator (REP),Justin Amash,REP,"Larkin Township, Precinct 1",36
United States Senator (REP),Sherry O'Donnell,REP,"Larkin Township, Precinct 1",16
United States Senator (REP),Sandy Pensler,REP,"Larkin Township, Precinct 1",22
United States Senator (REP),Mike Rogers,REP,"Larkin Township, Precinct 1",218
United States Senator (REP),Write-in,REP,"Larkin Township, Precinct 1",0
United States Senator (REP),Justin Amash,REP,"Larkin Township, Precinct 2",34
United States Senator (REP),Sherry O'Donnell,REP,"Larkin Township, Precinct 2",24
United States Senator (REP),Sandy Pensler,REP,"Larkin Township, Precinct 2",23
United States Senator (REP),Mike Rogers,REP,"Larkin Township, Precinct 2",169
United States Senator (REP),Write-in,REP,"Larkin Township, Precinct 2",0
United States Senator (REP),Justin Amash,REP,"Larkin Township, Precinct 3",15
United States Senator (REP),Sherry O'Donnell,REP,"Larkin Township, Precinct 3",9
United States Senator (REP),Sandy Pensler,REP,"Larkin Township, Precinct 3",18
United States Senator (REP),Mike Rogers,REP,"Larkin Township, Precinct 3",160
United States Senator (REP),Write-in,REP,"Larkin Township, Precinct 3",0
United States Senator (REP),Justin Amash,REP,"Lee Township, Precinct 1",16
United States Senator (REP),Sherry O'Donnell,REP,"Lee Township, Precinct 1",15
United States Senator (REP),Sandy Pensler,REP,"Lee Township, Precinct 1",12
United States Senator (REP),Mike Rogers,REP,"Lee Township, Precinct 1",160
United States Senator (REP),Write-in,REP,"Lee Township, Precinct 1",0
United States Senator (REP),Justin Amash,REP,"Lee Township, Precinct 2",22
United States Senator (REP),Sherry O'Donnell,REP,"Lee Township, Precinct 2",20
United States Senator (REP),Sandy Pensler,REP,"Lee Township, Precinct 2",15
United States Senator (REP),Mike Rogers,REP,"Lee Township, Precinct 2",155
United States Senator (REP),Write-in,REP,"Lee Township, Precinct 2",1
United States Senator (REP),Justin Amash,REP,"Lincoln Township, Precinct 1",18
United States Senator (REP),Sherry O'Donnell,REP,"Lincoln Township, Precinct 1",47
United States Senator (REP),Sandy Pensler,REP,"Lincoln Township, Precinct 1",29
United States Senator (REP),Mike Rogers,REP,"Lincoln Township, Precinct 1",307
United States Senator (REP),Write-in,REP,"Lincoln Township, Precinct 1",0
United States Senator (REP),Justin Amash,REP,"Midland Township, Precinct 1",10
United States Senator (REP),Sherry O'Donnell,REP,"Midland Township, Precinct 1",24
United States Senator (REP),Sandy Pensler,REP,"Midland Township, Precinct 1",28
United States Senator (REP),Mike Rogers,REP,"Midland Township, Precinct 1",186
United States Senator (REP),Write-in,REP,"Midland Township, Precinct 1",2
United States Senator (REP),Justin Amash,REP,"Mills Township, Precinct 1",21
United States Senator (REP),Sherry O'Donnell,REP,"Mills Township, Precinct 1",18
United States Senator (REP),Sandy Pensler,REP,"Mills Township, Precinct 1",16
United States Senator (REP),Mike Rogers,REP,"Mills Township, Precinct 1",200
United States Senator (REP),Write-in,REP,"Mills Township, Precinct 1",0
United States Senator (REP),Justin Amash,REP,"Mt. Haley Township, Precinct 1",10
United States Senator (REP),Sherry O'Donnell,REP,"Mt. Haley Township, Precinct 1",25
United States Senator (REP),Sandy Pensler,REP,"Mt. Haley Township, Precinct 1",11
United States Senator (REP),Mike Rogers,REP,"Mt. Haley Township, Precinct 1",124
United States Senator (REP),Write-in,REP,"Mt. Haley Township, Precinct 1",0
United States Senator (REP),Justin Amash,REP,"Porter Township, Precinct 1",9
United States Senator (REP),Sherry O'Donnell,REP,"Porter Township, Precinct 1",20
United States Senator (REP),Sandy Pensler,REP,"Porter Township, Precinct 1",9
United States Senator (REP),Mike Rogers,REP,"Porter Township, Precinct 1",127
United States Senator (REP),Write-in,REP,"Porter Township, Precinct 1",0
United States Senator (REP),Justin Amash,REP,"Warren Township, Precinct 1",14
United States Senator (REP),Sherry O'Donnell,REP,"Warren Township, Precinct 1",19
United States Senator (REP),Sandy Pensler,REP,"Warren Township, Precinct 1",16
United States Senator (REP),Mike Rogers,REP,"Warren Township, Precinct 1",253
United States Senator (REP),Write-in,REP,"Warren Township, Precinct 1",1
Representative in Congress 2nd District (REP),John R. Moolenaar,REP,"City of Coleman, Precinct 1",108
Representative in Congress 2nd District (REP),Write-in,REP,"City of Coleman, Precinct 1",1
Representative in Congress 2nd District (REP),John R. Moolenaar,REP,"Edenville Township, Precinct 1",546
Representative in Congress 2nd District (REP),Write-in,REP,"Edenville Township, Precinct 1",4
Representative in Congress 2nd District (REP),John R. Moolenaar,REP,"Geneva Township, Precinct 1",160
Representative in Congress 2nd District (REP),Write-in,REP,"Geneva Township, Precinct 1",1
Representative in Congress 2nd District (REP),John R. Moolenaar,REP,"Greendale Township, Precinct 1",216
Representative in Congress 2nd District (REP),Write-in,REP,"Greendale Township, Precinct 1",2
Representative in Congress 2nd District (REP),John R. Moolenaar,REP,"Jasper Township, Precinct 1",199
Representative in Congress 2nd District (REP),Write-in,REP,"Jasper Township, Precinct 1",3
Representative in Congress 2nd District (REP),John R. Moolenaar,REP,"Warren Township, Precinct 1",294
Representative in Congress 2nd District (REP),Write-in,REP,"Warren Township, Precinct 1",1
Representative in Congress 8th District (REP),Mary Draves,REP,"City of Midland, Precinct 1",73
Representative in Congress 8th District (REP),Anthony J. Hudson,REP,"City of Midland, Precinct 1",28
Representative in Congress 8th District (REP),Paul Junge,REP,"City of Midland, Precinct 1",202
Representative in Congress 8th District (REP),Write-in,REP,"City of Midland, Precinct 1",0
Representative in Congress 8th District (REP),Mary Draves,REP,"City of Midland, Precinct 2A",68
Representative in Congress 8th District (REP),Anthony J. Hudson,REP,"City of Midland, Precinct 2A",13
Representative in Congress 8th District (REP),Paul Junge,REP,"City of Midland, Precinct 2A",169
Representative in Congress 8th District (REP),Write-in,REP,"City of Midland, Precinct 2A",0
Representative in Congress 8th District (REP),Mary Draves,REP,"City of Midland, Precinct 2B",0
Representative in Congress 8th District (REP),Anthony J. Hudson,REP,"City of Midland, Precinct 2B",0
Representative in Congress 8th District (REP),Paul Junge,REP,"City of Midland, Precinct 2B",9
Representative in Congress 8th District (REP),Write-in,REP,"City of Midland, Precinct 2B",0
Representative in Congress 8th District (REP),Mary Draves,REP,"City of Midland, Precinct 3",80
Representative in Congress 8th District (REP),Anthony J. Hudson,REP,"City of Midland, Precinct 3",18
Representative in Congress 8th District (REP),Paul Junge,REP,"City of Midland, Precinct 3",187
Representative in Congress 8th District (REP),Write-in,REP,"City of Midland, Precinct 3",1
Representative in Congress 8th District (REP),Mary Draves,REP,"City of Midland, Precinct 4",107
Representative in Congress 8th District (REP),Anthony J. Hudson,REP,"City of Midland, Precinct 4",34
Representative in Congress 8th District (REP),Paul Junge,REP,"City of Midland, Precinct 4",220
Representative in Congress 8th District (REP),Write-in,REP,"City of Midland, Precinct 4",0
Representative in Congress 8th District (REP),Mary Draves,REP,"City of Midland, Precinct 5",124
Representative in Congress 8th District (REP),Anthony J. Hudson,REP,"City of Midland, Precinct 5",32
Representative in Congress 8th District (REP),Paul Junge,REP,"City of Midland, Precinct 5",255
Representative in Congress 8th District (REP),Write-in,REP,"City of Midland, Precinct 5",1
Representative in Congress 8th District (REP),Mary Draves,REP,"City of Midland, Precinct 6",167
Representative in Congress 8th District (REP),Anthony J. Hudson,REP,"City of Midland, Precinct 6",33
Representative in Congress 8th District (REP),Paul Junge,REP,"City of Midland, Precinct 6",256
Representative in Congress 8th District (REP),Write-in,REP,"City of Midland, Precinct 6",1
Representative in Congress 8th District (REP),Mary Draves,REP,"City of Midland, Precinct 7",137
Representative in Congress 8th District (REP),Anthony J. Hudson,REP,"City of Midland, Precinct 7",30
Representative in Congress 8th District (REP),Paul Junge,REP,"City of Midland, Precinct 7",276
Representative in Congress 8th District (REP),Write-in,REP,"City of Midland, Precinct 7",0
Representative in Congress 8th District (REP),Mary Draves,REP,"City of Midland, Precinct 8",153
Representative in Congress 8th District (REP),Anthony J. Hudson,REP,"City of Midland, Precinct 8",20
Representative in Congress 8th District (REP),Paul Junge,REP,"City of Midland, Precinct 8",280
Representative in Congress 8th District (REP),Write-in,REP,"City of Midland, Precinct 8",1
Representative in Congress 8th District (REP),Mary Draves,REP,"City of Midland, Precinct 9",93
Representative in Congress 8th District (REP),Anthony J. Hudson,REP,"City of Midland, Precinct 9",27
Representative in Congress 8th District (REP),Paul Junge,REP,"City of Midland, Precinct 9",214
Representative in Congress 8th District (REP),Write-in,REP,"City of Midland, Precinct 9",2
Representative in Congress 8th District (REP),Mary Draves,REP,"City of Midland, Precinct 10",139
Representative in Congress 8th District (REP),Anthony J. Hudson,REP,"City of Midland, Precinct 10",31
Representative in Congress 8th District (REP),Paul Junge,REP,"City of Midland, Precinct 10",312
Representative in Congress 8th District (REP),Write-in,REP,"City of Midland, Precinct 10",0
Representative in Congress 8th District (REP),Mary Draves,REP,"Homer Township, Precinct 1",20
Representative in Congress 8th District (REP),Anthony J. Hudson,REP,"Homer Township, Precinct 1",8
Representative in Congress 8th District (REP),Paul Junge,REP,"Homer Township, Precinct 1",115
Representative in Congress 8th District (REP),Write-in,REP,"Homer Township, Precinct 1",1
Representative in Congress 8th District (REP),Mary Draves,REP,"Homer Township, Precinct 2",28
Representative in Congress 8th District (REP),Anthony J. Hudson,REP,"Homer Township, Precinct 2",13
Representative in Congress 8th District (REP),Paul Junge,REP,"Homer Township, Precinct 2",105
Representative in Congress 8th District (REP),Write-in,REP,"Homer Township, Precinct 2",0
Representative in Congress 8th District (REP),Mary Draves,REP,"Homer Township, Precinct 3",56
Representative in Congress 8th District (REP),Anthony J. Hudson,REP,"Homer Township, Precinct 3",21
Representative in Congress 8th District (REP),Paul Junge,REP,"Homer Township, Precinct 3",118
Representative in Congress 8th District (REP),Write-in,REP,"Homer Township, Precinct 3",1
Representative in Congress 8th District (REP),Mary Draves,REP,"Hope Township, Precinct 1",83
Representative in Congress 8th District (REP),Anthony J. Hudson,REP,"Hope Township, Precinct 1",26
Representative in Congress 8th District (REP),Paul Junge,REP,"Hope Township, Precinct 1",166
Representative in Congress 8th District (REP),Write-in,REP,"Hope Township, Precinct 1",0
Representative in Congress 8th District (REP),Mary Draves,REP,"Ingersoll Township, Precinct 1",47
Representative in Congress 8th District (REP),Anthony J. Hudson,REP,"Ingersoll Township, Precinct 1",11
Representative in Congress 8th District (REP),Paul Junge,REP,"Ingersoll Township, Precinct 1",129
Representative in Congress 8th District (REP),Write-in,REP,"Ingersoll Township, Precinct 1",0
Representative in Congress 8th District (REP),Mary Draves,REP,"Ingersoll Township, Precinct 2",30
Representative in Congress 8th District (REP),Anthony J. Hudson,REP,"Ingersoll Township, Precinct 2",19
Representative in Congress 8th District (REP),Paul Junge,REP,"Ingersoll Township, Precinct 2",87
Representative in Congress 8th District (REP),Write-in,REP,"Ingersoll Township, Precinct 2",1
Representative in Congress 8th District (REP),Mary Draves,REP,"Jerome Township, Precinct 1",116
Representative in Congress 8th District (REP),Anthony J. Hudson,REP,"Jerome Township, Precinct 1",27
Representative in Congress 8th District (REP),Paul Junge,REP,"Jerome Township, Precinct 1",208
Representative in Congress 8th District (REP),Write-in,REP,"Jerome Township, Precinct 1",0
Representative in Congress 8th District (REP),Mary Draves,REP,"Jerome Township, Precinct 2",89
Representative in Congress 8th District (REP),Anthony J. Hudson,REP,"Jerome Township, Precinct 2",41
Representative in Congress 8th District (REP),Paul Junge,REP,"Jerome Township, Precinct 2",232
Representative in Congress 8th District (REP),Write-in,REP,"Jerome Township, Precinct 2",2
Representative in Congress 8th District (REP),Mary Draves,REP,"Larkin Township, Precinct 1",114
Representative in Congress 8th District (REP),Anthony J. Hudson,REP,"Larkin Township, Precinct 1",20
Representative in Congress 8th District (REP),Paul Junge,REP,"Larkin Township, Precinct 1",188
Representative in Congress 8th District (REP),Write-in,REP,"Larkin Township, Precinct 1",0
Representative in Congress 8th District (REP),Mary Draves,REP,"Larkin Township, Precinct 2",117
Representative in Congress 8th District (REP),Anthony J. Hudson,REP,"Larkin Township, Precinct 2",22
Representative in Congress 8th District (REP),Paul Junge,REP,"Larkin Township, Precinct 2",143
Representative in Congress 8th District (REP),Write-in,REP,"Larkin Township, Precinct 2",0
Representative in Congress 8th District (REP),Mary Draves,REP,"Larkin Township, Precinct 3",91
Representative in Congress 8th District (REP),Anthony J. Hudson,REP,"Larkin Township, Precinct 3",11
Representative in Congress 8th District (REP),Paul Junge,REP,"Larkin Township, Precinct 3",112
Representative in Congress 8th District (REP),Write-in,REP,"Larkin Township, Precinct 3",0
Representative in Congress 8th District (REP),Mary Draves,REP,"Lee Township, Precinct 1",31
Representative in Congress 8th District (REP),Anthony J. Hudson,REP,"Lee Township, Precinct 1",29
Representative in Congress 8th District (REP),Paul Junge,REP,"Lee Township, Precinct 1",143
Representative in Congress 8th District (REP),Write-in,REP,"Lee Township, Precinct 1",0
Representative in Congress 8th District (REP),Mary Draves,REP,"Lee Township, Precinct 2",35
Representative in Congress 8th District (REP),Anthony J. Hudson,REP,"Lee Township, Precinct 2",18
Representative in Congress 8th District (REP),Paul Junge,REP,"Lee Township, Precinct 2",159
Representative in Congress 8th District (REP),Write-in,REP,"Lee Township, Precinct 2",0
Representative in Congress 8th District (REP),Mary Draves,REP,"Lincoln Township, Precinct 1",128
Representative in Congress 8th District (REP),Anthony J. Hudson,REP,"Lincoln Township, Precinct 1",41
Representative in Congress 8th District (REP),Paul Junge,REP,"Lincoln Township, Precinct 1",253
Representative in Congress 8th District (REP),Write-in,REP,"Lincoln Township, Precinct 1",0
Representative in Congress 8th District (REP),Mary Draves,REP,"Midland Township, Precinct 1",59
Representative in Congress 8th District (REP),Anthony J. Hudson,REP,"Midland Township, Precinct 1",34
Representative in Congress 8th District (REP),Paul Junge,REP,"Midland Township, Precinct 1",166
Representative in Congress 8th District (REP),Write-in,REP,"Midland Township, Precinct 1",0
Representative in Congress 8th District (REP),Mary Draves,REP,"Mills Township, Precinct 1",78
Representative in Congress 8th District (REP),Anthony J. Hudson,REP,"Mills Township, Precinct 1",26
Representative in Congress 8th District (REP),Paul Junge,REP,"Mills Township, Precinct 1",165
Representative in Congress 8th District (REP),Write-in,REP,"Mills Township, Precinct 1",0
Representative in Congress 8th District (REP),Mary Draves,REP,"Mt. Haley Township, Precinct 1",43
Representative in Congress 8th District (REP),Anthony J. Hudson,REP,"Mt. Haley Township, Precinct 1",12
Representative in Congress 8th District (REP),Paul Junge,REP,"Mt. Haley Township, Precinct 1",123
Representative in Congress 8th District (REP),Write-in,REP,"Mt. Haley Township, Precinct 1",0
Representative in Congress 8th District (REP),Mary Draves,REP,"Porter Township, Precinct 1",37
Representative in Congress 8th District (REP),Anthony J. Hudson,REP,"Porter Township, Precinct 1",11
Representative in Congress 8th District (REP),Paul Junge,REP,"Porter Township, Precinct 1",119
Representative in Congress 8th District (REP),Write-in,REP,"Porter Township, Precinct 1",0
Representative in State Legislature 95th District (REP),Bill G. Schuette,REP,"City of Coleman, Precinct 1",107
Representative in State Legislature 95th District (REP),Write-in,REP,"City of Coleman, Precinct 1",2
Representative in State Legislature 95th District (REP),Bill G. Schuette,REP,"City of Midland, Precinct 1",283
Representative in State Legislature 95th District (REP),Write-in,REP,"City of Midland, Precinct 1",4
Representative in State Legislature 95th District (REP),Bill G. Schuette,REP,"City of Midland, Precinct 2A",237
Representative in State Legislature 95th District (REP),Write-in,REP,"City of Midland, Precinct 2A",0
Representative in State Legislature 95th District (REP),Bill G. Schuette,REP,"City of Midland, Precinct 2B",9
Representative in State Legislature 95th District (REP),Write-in,REP,"City of Midland, Precinct 2B",0
Representative in State Legislature 95th District (REP),Bill G. Schuette,REP,"City of Midland, Precinct 3",258
Representative in State Legislature 95th District (REP),Write-in,REP,"City of Midland, Precinct 3",2
Representative in State Legislature 95th District (REP),Bill G. Schuette,REP,"City of Midland, Precinct 4",337
Representative in State Legislature 95th District (REP),Write-in,REP,"City of Midland, Precinct 4",1
Representative in State Legislature 95th District (REP),Bill G. Schuette,REP,"City of Midland, Precinct 5",386
Representative in State Legislature 95th District (REP),Write-in,REP,"City of Midland, Precinct 5",1
Representative in State Legislature 95th District (REP),Bill G. Schuette,REP,"City of Midland, Precinct 6",416
Representative in State Legislature 95th District (REP),Write-in,REP,"City of Midland, Precinct 6",4
Representative in State Legislature 95th District (REP),Bill G. Schuette,REP,"City of Midland, Precinct 7",417
Representative in State Legislature 95th District (REP),Write-in,REP,"City of Midland, Precinct 7",2
Representative in State Legislature 95th District (REP),Bill G. Schuette,REP,"City of Midland, Precinct 8",428
Representative in State Legislature 95th District (REP),Write-in,REP,"City of Midland, Precinct 8",2
Representative in State Legislature 95th District (REP),Bill G. Schuette,REP,"City of Midland, Precinct 9",313
Representative in State Legislature 95th District (REP),Write-in,REP,"City of Midland, Precinct 9",3
Representative in State Legislature 95th District (REP),Bill G. Schuette,REP,"City of Midland, Precinct 10",443
Representative in State Legislature 95th District (REP),Write-in,REP,"City of Midland, Precinct 10",3
Representative in State Legislature 95th District (REP),Bill G. Schuette,REP,"Edenville Township, Precinct 1",553
Representative in State Legislature 95th District (REP),Write-in,REP,"Edenville Township, Precinct 1",2
Representative in State Legislature 95th District (REP),Bill G. Schuette,REP,"Geneva Township, Precinct 1",157
Representative in State Legislature 95th District (REP),Write-in,REP,"Geneva Township, Precinct 1",1
Representative in State Legislature 95th District (REP),Bill G. Schuette,REP,"Greendale Township, Precinct 1",218
Representative in State Legislature 95th District (REP),Write-in,REP,"Greendale Township, Precinct 1",1
Representative in State Legislature 95th District (REP),Bill G. Schuette,REP,"Homer Township, Precinct 1",132
Representative in State Legislature 95th District (REP),Write-in,REP,"Homer Township, Precinct 1",1
Representative in State Legislature 95th District (REP),Bill G. Schuette,REP,"Homer Township, Precinct 2",133
Representative in State Legislature 95th District (REP),Write-in,REP,"Homer Township, Precinct 2",1
Representative in State Legislature 95th District (REP),Bill G. Schuette,REP,"Homer Township, Precinct 3",179
Representative in State Legislature 95th District (REP),Write-in,REP,"Homer Township, Precinct 3",3
Representative in State Legislature 95th District (REP),Bill G. Schuette,REP,"Hope Township, Precinct 1",255
Representative in State Legislature 95th District (REP),Write-in,REP,"Hope Township, Precinct 1",0
Representative in State Legislature 95th District (REP),Bill G. Schuette,REP,"Ingersoll Township, Precinct 1",169
Representative in State Legislature 95th District (REP),Write-in,REP,"Ingersoll Township, Precinct 1",3
Representative in State Legislature 95th District (REP),Bill G. Schuette,REP,"Ingersoll Township, Precinct 2",123
Representative in State Legislature 95th District (REP),Write-in,REP,"Ingersoll Township, Precinct 2",1
Representative in State Legislature 95th District (REP),Bill G. Schuette,REP,"Jasper Township, Precinct 1",202
Representative in State Legislature 95th District (REP),Write-in,REP,"Jasper Township, Precinct 1",4
Representative in State Legislature 95th District (REP),Bill G. Schuette,REP,"Jerome Township, Precinct 1",329
Representative in State Legislature 95th District (REP),Write-in,REP,"Jerome Township, Precinct 1",0
Representative in State Legislature 95th District (REP),Bill G. Schuette,REP,"Jerome Township, Precinct 2",340
Representative in State Legislature 95th District (REP),Write-in,REP,"Jerome Township, Precinct 2",2
Representative in State Legislature 95th District (REP),Bill G. Schuette,REP,"Larkin Township, Precinct 1",280
Representative in State Legislature 95th District (REP),Write-in,REP,"Larkin Township, Precinct 1",2
Representative in State Legislature 95th District (REP),Bill G. Schuette,REP,"Larkin Township, Precinct 2",241
Representative in State Legislature 95th District (REP),Write-in,REP,"Larkin Township, Precinct 2",3
Representative in State Legislature 95th District (REP),Bill G. Schuette,REP,"Larkin Township, Precinct 3",191
Representative in State Legislature 95th District (REP),Write-in,REP,"Larkin Township, Precinct 3",2
Representative in State Legislature 95th District (REP),Bill G. Schuette,REP,"Lee Township, Precinct 1",185
Representative in State Legislature 95th District (REP),Write-in,REP,"Lee Township, Precinct 1",1
Representative in State Legislature 95th District (REP),Bill G. Schuette,REP,"Lee Township, Precinct 2",196
Representative in State Legislature 95th District (REP),Write-in,REP,"Lee Township, Precinct 2",1
Representative in State Legislature 95th District (REP),Bill G. Schuette,REP,"Lincoln Township, Precinct 1",406
Representative in State Legislature 95th District (REP),Write-in,REP,"Lincoln Township, Precinct 1",1
Representative in State Legislature 95th District (REP),Bill G. Schuette,REP,"Midland Township, Precinct 1",249
Representative in State Legislature 95th District (REP),Write-in,REP,"Midland Township, Precinct 1",1
Representative in State Legislature 95th District (REP),Bill G. Schuette,REP,"Mills Township, Precinct 1",244
Representative in State Legislature 95th District (REP),Write-in,REP,"Mills Township, Precinct 1",2
Representative in State Legislature 95th District (REP),Bill G. Schuette,REP,"Mt. Haley Township, Precinct 1",159
Representative in State Legislature 95th District (REP),Write-in,REP,"Mt. Haley Township, Precinct 1",2
Representative in State Legislature 95th District (REP),Bill G. Schuette,REP,"Porter Township, Precinct 1",153
Representative in State Legislature 95th District (REP),Write-in,REP,"Porter Township, Precinct 1",0
Representative in State Legislature 95th District (REP),Bill G. Schuette,REP,"Warren Township, Precinct 1",293
Representative in State Legislature 95th District (REP),Write-in,REP,"Warren Township, Precinct 1",1
Bay County Executive (REP),Charles A. Juers,REP,"City of Midland, Precinct 2B",5
Bay County Executive (REP),Kevin Shark,REP,"City of Midland, Precinct 2B",3
Bay County Executive (REP),Write-in,REP,"City of Midland, Precinct 2B",0
Midland County Prosecuting Attorney (REP),J. Dee Brooks,REP,"City of Coleman, Precinct 1",105
Midland County Prosecuting Attorney (REP),Write-in,REP,"City of Coleman, Precinct 1",0
Midland County Prosecuting Attorney (REP),J. Dee Brooks,REP,"City of Midland, Precinct 1",267
Midland County Prosecuting Attorney (REP),Write-in,REP,"City of Midland, Precinct 1",2
Midland County Prosecuting Attorney (REP),J. Dee Brooks,REP,"City of Midland, Precinct 2A",230
Midland County Prosecuting Attorney (REP),Write-in,REP,"City of Midland, Precinct 2A",0
Midland County Prosecuting Attorney (REP),J. Dee Brooks,REP,"City of Midland, Precinct 3",250
Midland County Prosecuting Attorney (REP),Write-in,REP,"City of Midland, Precinct 3",1
Midland County Prosecuting Attorney (REP),J. Dee Brooks,REP,"City of Midland, Precinct 4",326
Midland County Prosecuting Attorney (REP),Write-in,REP,"City of Midland, Precinct 4",0
Midland County Prosecuting Attorney (REP),J. Dee Brooks,REP,"City of Midland, Precinct 5",380
Midland County Prosecuting Attorney (REP),Write-in,REP,"City of Midland, Precinct 5",0
Midland County Prosecuting Attorney (REP),J. Dee Brooks,REP,"City of Midland, Precinct 6",410
Midland County Prosecuting Attorney (REP),Write-in,REP,"City of Midland, Precinct 6",1
Midland County Prosecuting Attorney (REP),J. Dee Brooks,REP,"City of Midland, Precinct 7",398
Midland County Prosecuting Attorney (REP),Write-in,REP,"City of Midland, Precinct 7",1
Midland County Prosecuting Attorney (REP),J. Dee Brooks,REP,"City of Midland, Precinct 8",421
Midland County Prosecuting Attorney (REP),Write-in,REP,"City of Midland, Precinct 8",1
Midland County Prosecuting Attorney (REP),J. Dee Brooks,REP,"City of Midland, Precinct 9",296
Midland County Prosecuting Attorney (REP),Write-in,REP,"City of Midland, Precinct 9",2
Midland County Prosecuting Attorney (REP),J. Dee Brooks,REP,"City of Midland, Precinct 10",430
Midland County Prosecuting Attorney (REP),Write-in,REP,"City of Midland, Precinct 10",1
Midland County Prosecuting Attorney (REP),J. Dee Brooks,REP,"Edenville Township, Precinct 1",526
Midland County Prosecuting Attorney (REP),Write-in,REP,"Edenville Township, Precinct 1",4
Midland County Prosecuting Attorney (REP),J. Dee Brooks,REP,"Geneva Township, Precinct 1",149
Midland County Prosecuting Attorney (REP),Write-in,REP,"Geneva Township, Precinct 1",1
Midland County Prosecuting Attorney (REP),J. Dee Brooks,REP,"Greendale Township, Precinct 1",195
Midland County Prosecuting Attorney (REP),Write-in,REP,"Greendale Township, Precinct 1",4
Midland County Prosecuting Attorney (REP),J. Dee Brooks,REP,"Homer Township, Precinct 1",129
Midland County Prosecuting Attorney (REP),Write-in,REP,"Homer Township, Precinct 1",0
Midland County Prosecuting Attorney (REP),J. Dee Brooks,REP,"Homer Township, Precinct 2",127
Midland County Prosecuting Attorney (REP),Write-in,REP,"Homer Township, Precinct 2",1
Midland County Prosecuting Attorney (REP),J. Dee Brooks,REP,"Homer Township, Precinct 3",168
Midland County Prosecuting Attorney (REP),Write-in,REP,"Homer Township, Precinct 3",1
Midland County Prosecuting Attorney (REP),J. Dee Brooks,REP,"Hope Township, Precinct 1",247
Midland County Prosecuting Attorney (REP),Write-in,REP,"Hope Township, Precinct 1",0
Midland County Prosecuting Attorney (REP),J. Dee Brooks,REP,"Ingersoll Township, Precinct 1",164
Midland County Prosecuting Attorney (REP),Write-in,REP,"Ingersoll Township, Precinct 1",2
Midland County Prosecuting Attorney (REP),J. Dee Brooks,REP,"Ingersoll Township, Precinct 2",117
Midland County Prosecuting Attorney (REP),Write-in,REP,"Ingersoll Township, Precinct 2",0
Midland County Prosecuting Attorney (REP),J. Dee Brooks,REP,"Jasper Township, Precinct 1",189
Midland County Prosecuting Attorney (REP),Write-in,REP,"Jasper Township, Precinct 1",3
Midland County Prosecuting Attorney (REP),J. Dee Brooks,REP,"Jerome Township, Precinct 1",301
Midland County Prosecuting Attorney (REP),Write-in,REP,"Jerome Township, Precinct 1",1
Midland County Prosecuting Attorney (REP),J. Dee Brooks,REP,"Jerome Township, Precinct 2",308
Midland County Prosecuting Attorney (REP),Write-in,REP,"Jerome Township, Precinct 2",3
Midland County Prosecuting Attorney (REP),J. Dee Brooks,REP,"Larkin Township, Precinct 1",264
Midland County Prosecuting Attorney (REP),Write-in,REP,"Larkin Township, Precinct 1",0
Midland County Prosecuting Attorney (REP),J. Dee Brooks,REP,"Larkin Township, Precinct 2",229
Midland County Prosecuting Attorney (REP),Write-in,REP,"Larkin Township, Precinct 2",0
Midland County Prosecuting Attorney (REP),J. Dee Brooks,REP,"Larkin Township, Precinct 3",189
Midland County Prosecuting Attorney (REP),Write-in,REP,"Larkin Township, Precinct 3",0
Midland County Prosecuting Attorney (REP),J. Dee Brooks,REP,"Lee Township, Precinct 1",172
Midland County Prosecuting Attorney (REP),Write-in,REP,"Lee Township, Precinct 1",1
Midland County Prosecuting Attorney (REP),J. Dee Brooks,REP,"Lee Township, Precinct 2",189
Midland County Prosecuting Attorney (REP),Write-in,REP,"Lee Township, Precinct 2",2
Midland County Prosecuting Attorney (REP),J. Dee Brooks,REP,"Lincoln Township, Precinct 1",371
Midland County Prosecuting Attorney (REP),Write-in,REP,"Lincoln Township, Precinct 1",2
Midland County Prosecuting Attorney (REP),J. Dee Brooks,REP,"Midland Township, Precinct 1",226
Midland County Prosecuting Attorney (REP),Write-in,REP,"Midland Township, Precinct 1",3
Midland County Prosecuting Attorney (REP),J. Dee Brooks,REP,"Mills Township, Precinct 1",231
Midland County Prosecuting Attorney (REP),Write-in,REP,"Mills Township, Precinct 1",1
Midland County Prosecuting Attorney (REP),J. Dee Brooks,REP,"Mt. Haley Township, Precinct 1",154
Midland County Prosecuting Attorney (REP),Write-in,REP,"Mt. Haley Township, Precinct 1",2
Midland County Prosecuting Attorney (REP),J. Dee Brooks,REP,"Porter Township, Precinct 1",150
Midland County Prosecuting Attorney (REP),Write-in,REP,"Porter Township, Precinct 1",0
Midland County Prosecuting Attorney (REP),J. Dee Brooks,REP,"Warren Township, Precinct 1",278
Midland County Prosecuting Attorney (REP),Write-in,REP,"Warren Township, Precinct 1",1
Bay County Prosecuting Attorney (REP),Brian H. Jean,REP,"City of Midland, Precinct 2B",7
Bay County Prosecuting Attorney (REP),Mike Kanuszewski,REP,"City of Midland, Precinct 2B",1
Bay County Prosecuting Attorney (REP),Write-in,REP,"City of Midland, Precinct 2B",0
Midland County Sheriff (REP),James Chambers,REP,"City of Coleman, Precinct 1",21
Midland County Sheriff (REP),Scott Holzinger,REP,"City of Coleman, Precinct 1",92
Midland County Sheriff (REP),Write-in,REP,"City of Coleman, Precinct 1",1
Midland County Sheriff (REP),James Chambers,REP,"City of Midland, Precinct 1",57
Midland County Sheriff (REP),Scott Holzinger,REP,"City of Midland, Precinct 1",238
Midland County Sheriff (REP),Write-in,REP,"City of Midland, Precinct 1",0
Midland County Sheriff (REP),James Chambers,REP,"City of Midland, Precinct 2A",32
Midland County Sheriff (REP),Scott Holzinger,REP,"City of Midland, Precinct 2A",215
Midland County Sheriff (REP),Write-in,REP,"City of Midland, Precinct 2A",0
Midland County Sheriff (REP),James Chambers,REP,"City of Midland, Precinct 3",40
Midland County Sheriff (REP),Scott Holzinger,REP,"City of Midland, Precinct 3",238
Midland County Sheriff (REP),Write-in,REP,"City of Midland, Precinct 3",1
Midland County Sheriff (REP),James Chambers,REP,"City of Midland, Precinct 4",55
Midland County Sheriff (REP),Scott Holzinger,REP,"City of Midland, Precinct 4",295
Midland County Sheriff (REP),Write-in,REP,"City of Midland, Precinct 4",0
Midland County Sheriff (REP),James Chambers,REP,"City of Midland, Precinct 5",38
Midland County Sheriff (REP),Scott Holzinger,REP,"City of Midland, Precinct 5",367
Midland County Sheriff (REP),Write-in,REP,"City of Midland, Precinct 5",0
Midland County Sheriff (REP),James Chambers,REP,"City of Midland, Precinct 6",58
Midland County Sheriff (REP),Scott Holzinger,REP,"City of Midland, Precinct 6",380
Midland County Sheriff (REP),Write-in,REP,"City of Midland, Precinct 6",0
Midland County Sheriff (REP),James Chambers,REP,"City of Midland, Precinct 7",47
Midland County Sheriff (REP),Scott Holzinger,REP,"City of Midland, Precinct 7",386
Midland County Sheriff (REP),Write-in,REP,"City of Midland, Precinct 7",1
Midland County Sheriff (REP),James Chambers,REP,"City of Midland, Precinct 8",46
Midland County Sheriff (REP),Scott Holzinger,REP,"City of Midland, Precinct 8",405
Midland County Sheriff (REP),Write-in,REP,"City of Midland, Precinct 8",0
Midland County Sheriff (REP),James Chambers,REP,"City of Midland, Precinct 9",46
Midland County Sheriff (REP),Scott Holzinger,REP,"City of Midland, Precinct 9",287
Midland County Sheriff (REP),Write-in,REP,"City of Midland, Precinct 9",1
Midland County Sheriff (REP),James Chambers,REP,"City of Midland, Precinct 10",78
Midland County Sheriff (REP),Scott Holzinger,REP,"City of Midland, Precinct 10",372
Midland County Sheriff (REP),Write-in,REP,"City of Midland, Precinct 10",1
Midland County Sheriff (REP),James Chambers,REP,"Edenville Township, Precinct 1",74
Midland County Sheriff (REP),Scott Holzinger,REP,"Edenville Township, Precinct 1",541
Midland County Sheriff (REP),Write-in,REP,"Edenville Township, Precinct 1",3
Midland County Sheriff (REP),James Chambers,REP,"Geneva Township, Precinct 1",42
Midland County Sheriff (REP),Scott Holzinger,REP,"Geneva Township, Precinct 1",138
Midland County Sheriff (REP),Write-in,REP,"Geneva Township, Precinct 1",0
Midland County Sheriff (REP),James Chambers,REP,"Greendale Township, Precinct 1",41
Midland County Sheriff (REP),Scott Holzinger,REP,"Greendale Township, Precinct 1",190
Midland County Sheriff (REP),Write-in,REP,"Greendale Township, Precinct 1",1
Midland County Sheriff (REP),James Chambers,REP,"Homer Township, Precinct 1",28
Midland County Sheriff (REP),Scott Holzinger,REP,"Homer Township, Precinct 1",115
Midland County Sheriff (REP),Write-in,REP,"Homer Township, Precinct 1",0
Midland County Sheriff (REP),James Chambers,REP,"Homer Township, Precinct 2",20
Midland County Sheriff (REP),Scott Holzinger,REP,"Homer Township, Precinct 2",124
Midland County Sheriff (REP),Write-in,REP,"Homer Township, Precinct 2",1
Midland County Sheriff (REP),James Chambers,REP,"Homer Township, Precinct 3",38
Midland County Sheriff (REP),Scott Holzinger,REP,"Homer Township, Precinct 3",159
Midland County Sheriff (REP),Write-in,REP,"Homer Township, Precinct 3",0
Midland County Sheriff (REP),James Chambers,REP,"Hope Township, Precinct 1",57
Midland County Sheriff (REP),Scott Holzinger,REP,"Hope Township, Precinct 1",234
Midland County Sheriff (REP),Write-in,REP,"Hope Township, Precinct 1",1
Midland County Sheriff (REP),James Chambers,REP,"Ingersoll Township, Precinct 1",36
Midland County Sheriff (REP),Scott Holzinger,REP,"Ingersoll Township, Precinct 1",143
Midland County Sheriff (REP),Write-in,REP,"Ingersoll Township, Precinct 1",1
Midland County Sheriff (REP),James Chambers,REP,"Ingersoll Township, Precinct 2",14
Midland County Sheriff (REP),Scott Holzinger,REP,"Ingersoll Township, Precinct 2",118
Midland County Sheriff (REP),Write-in,REP,"Ingersoll Township, Precinct 2",1
Midland County Sheriff (REP),James Chambers,REP,"Jasper Township, Precinct 1",62
Midland County Sheriff (REP),Scott Holzinger,REP,"Jasper Township, Precinct 1",142
Midland County Sheriff (REP),Write-in,REP,"Jasper Township, Precinct 1",3
Midland County Sheriff (REP),James Chambers,REP,"Jerome Township, Precinct 1",39
Midland County Sheriff (REP),Scott Holzinger,REP,"Jerome Township, Precinct 1",311
Midland County Sheriff (REP),Write-in,REP,"Jerome Township, Precinct 1",1
Midland County Sheriff (REP),James Chambers,REP,"Jerome Township, Precinct 2",62
Midland County Sheriff (REP),Scott Holzinger,REP,"Jerome Township, Precinct 2",316
Midland County Sheriff (REP),Write-in,REP,"Jerome Township, Precinct 2",2
Midland County Sheriff (REP),James Chambers,REP,"Larkin Township, Precinct 1",72
Midland County Sheriff (REP),Scott Holzinger,REP,"Larkin Township, Precinct 1",240
Midland County Sheriff (REP),Write-in,REP,"Larkin Township, Precinct 1",4
Midland County Sheriff (REP),James Chambers,REP,"Larkin Township, Precinct 2",53
Midland County Sheriff (REP),Scott Holzinger,REP,"Larkin Township, Precinct 2",211
Midland County Sheriff (REP),Write-in,REP,"Larkin Township, Precinct 2",1
Midland County Sheriff (REP),James Chambers,REP,"Larkin Township, Precinct 3",21
Midland County Sheriff (REP),Scott Holzinger,REP,"Larkin Township, Precinct 3",189
Midland County Sheriff (REP),Write-in,REP,"Larkin Township, Precinct 3",0
Midland County Sheriff (REP),James Chambers,REP,"Lee Township, Precinct 1",40
Midland County Sheriff (REP),Scott Holzinger,REP,"Lee Township, Precinct 1",165
Midland County Sheriff (REP),Write-in,REP,"Lee Township, Precinct 1",0
Midland County Sheriff (REP),James Chambers,REP,"Lee Township, Precinct 2",43
Midland County Sheriff (REP),Scott Holzinger,REP,"Lee Township, Precinct 2",160
Midland County Sheriff (REP),Write-in,REP,"Lee Township, Precinct 2",2
Midland County Sheriff (REP),James Chambers,REP,"Lincoln Township, Precinct 1",64
Midland County Sheriff (REP),Scott Holzinger,REP,"Lincoln Township, Precinct 1",373
Midland County Sheriff (REP),Write-in,REP,"Lincoln Township, Precinct 1",0
Midland County Sheriff (REP),James Chambers,REP,"Midland Township, Precinct 1",51
Midland County Sheriff (REP),Scott Holzinger,REP,"Midland Township, Precinct 1",207
Midland County Sheriff (REP),Write-in,REP,"Midland Township, Precinct 1",2
Midland County Sheriff (REP),James Chambers,REP,"Mills Township, Precinct 1",90
Midland County Sheriff (REP),Scott Holzinger,REP,"Mills Township, Precinct 1",177
Midland County Sheriff (REP),Write-in,REP,"Mills Township, Precinct 1",1
Midland County Sheriff (REP),James Chambers,REP,"Mt. Haley Township, Precinct 1",28
Midland County Sheriff (REP),Scott Holzinger,REP,"Mt. Haley Township, Precinct 1",141
Midland County Sheriff (REP),Write-in,REP,"Mt. Haley Township, Precinct 1",0
Midland County Sheriff (REP),James Chambers,REP,"Porter Township, Precinct 1",41
Midland County Sheriff (REP),Scott Holzinger,REP,"Porter Township, Precinct 1",116
Midland County Sheriff (REP),Write-in,REP,"Porter Township, Precinct 1",1
Midland County Sheriff (REP),James Chambers,REP,"Warren Township, Precinct 1",49
Midland County Sheriff (REP),Scott Holzinger,REP,"Warren Township, Precinct 1",256
Midland County Sheriff (REP),Write-in,REP,"Warren Township, Precinct 1",1
Bay County Sheriff (REP),Write-in,REP,"City of Midland, Precinct 2B",3
Midland County Clerk (REP),Ann Manary,REP,"City of Coleman, Precinct 1",105
Midland County Clerk (REP),Write-in,REP,"City of Coleman, Precinct 1",0
Midland County Clerk (REP),Ann Manary,REP,"City of Midland, Precinct 1",272
Midland County Clerk (REP),Write-in,REP,"City of Midland, Precinct 1",1
Midland County Clerk (REP),Ann Manary,REP,"City of Midland, Precinct 2A",231
Midland County Clerk (REP),Write-in,REP,"City of Midland, Precinct 2A",0
Midland County Clerk (REP),Ann Manary,REP,"City of Midland, Precinct 3",244
Midland County Clerk (REP),Write-in,REP,"City of Midland, Precinct 3",2
Midland County Clerk (REP),Ann Manary,REP,"City of Midland, Precinct 4",322
Midland County Clerk (REP),Write-in,REP,"City of Midland, Precinct 4",0
Midland County Clerk (REP),Ann Manary,REP,"City of Midland, Precinct 5",373
Midland County Clerk (REP),Write-in,REP,"City of Midland, Precinct 5",0
Midland County Clerk (REP),Ann Manary,REP,"City of Midland, Precinct 6",401
Midland County Clerk (REP),Write-in,REP,"City of Midland, Precinct 6",2
Midland County Clerk (REP),Ann Manary,REP,"City of Midland, Precinct 7",388
Midland County Clerk (REP),Write-in,REP,"City of Midland, Precinct 7",1
Midland County Clerk (REP),Ann Manary,REP,"City of Midland, Precinct 8",413
Midland County Clerk (REP),Write-in,REP,"City of Midland, Precinct 8",1
Midland County Clerk (REP),Ann Manary,REP,"City of Midland, Precinct 9",294
Midland County Clerk (REP),Write-in,REP,"City of Midland, Precinct 9",1
Midland County Clerk (REP),Ann Manary,REP,"City of Midland, Precinct 10",420
Midland County Clerk (REP),Write-in,REP,"City of Midland, Precinct 10",3
Midland County Clerk (REP),Ann Manary,REP,"Edenville Township, Precinct 1",543
Midland County Clerk (REP),Write-in,REP,"Edenville Township, Precinct 1",5
Midland County Clerk (REP),Ann Manary,REP,"Geneva Township, Precinct 1",164
Midland County Clerk (REP),Write-in,REP,"Geneva Township, Precinct 1",2
Midland County Clerk (REP),Ann Manary,REP,"Greendale Township, Precinct 1",204
Midland County Clerk (REP),Write-in,REP,"Greendale Township, Precinct 1",2
Midland County Clerk (REP),Ann Manary,REP,"Homer Township, Precinct 1",132
Midland County Clerk (REP),Write-in,REP,"Homer Township, Precinct 1",0
Midland County Clerk (REP),Ann Manary,REP,"Homer Township, Precinct 2",124
Midland County Clerk (REP),Write-in,REP,"Homer Township, Precinct 2",0
Midland County Clerk (REP),Ann Manary,REP,"Homer Township, Precinct 3",163
Midland County Clerk (REP),Write-in,REP,"Homer Township, Precinct 3",1
Midland County Clerk (REP),Ann Manary,REP,"Hope Township, Precinct 1",251
Midland County Clerk (REP),Write-in,REP,"Hope Township, Precinct 1",1
Midland County Clerk (REP),Ann Manary,REP,"Ingersoll Township, Precinct 1",162
Midland County Clerk (REP),Write-in,REP,"Ingersoll Township, Precinct 1",1
Midland County Clerk (REP),Ann Manary,REP,"Ingersoll Township, Precinct 2",113
Midland County Clerk (REP),Write-in,REP,"Ingersoll Township, Precinct 2",1
Midland County Clerk (REP),Ann Manary,REP,"Jasper Township, Precinct 1",193
Midland County Clerk (REP),Write-in,REP,"Jasper Township, Precinct 1",1
Midland County Clerk (REP),Ann Manary,REP,"Jerome Township, Precinct 1",308
Midland County Clerk (REP),Write-in,REP,"Jerome Township, Precinct 1",0
Midland County Clerk (REP),Ann Manary,REP,"Jerome Township, Precinct 2",315
Midland County Clerk (REP),Write-in,REP,"Jerome Township, Precinct 2",4
Midland County Clerk (REP),Ann Manary,REP,"Larkin Township, Precinct 1",261
Midland County Clerk (REP),Write-in,REP,"Larkin Township, Precinct 1",2
Midland County Clerk (REP),Ann Manary,REP,"Larkin Township, Precinct 2",229
Midland County Clerk (REP),Write-in,REP,"Larkin Township, Precinct 2",2
Midland County Clerk (REP),Ann Manary,REP,"Larkin Township, Precinct 3",185
Midland County Clerk (REP),Write-in,REP,"Larkin Township, Precinct 3",0
Midland County Clerk (REP),Ann Manary,REP,"Lee Township, Precinct 1",177
Midland County Clerk (REP),Write-in,REP,"Lee Township, Precinct 1",2
Midland County Clerk (REP),Ann Manary,REP,"Lee Township, Precinct 2",190
Midland County Clerk (REP),Write-in,REP,"Lee Township, Precinct 2",3
Midland County Clerk (REP),Ann Manary,REP,"Lincoln Township, Precinct 1",371
Midland County Clerk (REP),Write-in,REP,"Lincoln Township, Precinct 1",4
Midland County Clerk (REP),Ann Manary,REP,"Midland Township, Precinct 1",226
Midland County Clerk (REP),Write-in,REP,"Midland Township, Precinct 1",2
Midland County Clerk (REP),Ann Manary,REP,"Mills Township, Precinct 1",230
Midland County Clerk (REP),Write-in,REP,"Mills Township, Precinct 1",1
Midland County Clerk (REP),Ann Manary,REP,"Mt. Haley Township, Precinct 1",156
Midland County Clerk (REP),Write-in,REP,"Mt. Haley Township, Precinct 1",2
Midland County Clerk (REP),Ann Manary,REP,"Porter Township, Precinct 1",152
Midland County Clerk (REP),Write-in,REP,"Porter Township, Precinct 1",0
Midland County Clerk (REP),Ann Manary,REP,"Warren Township, Precinct 1",286
Midland County Clerk (REP),Write-in,REP,"Warren Township, Precinct 1",1
Bay County Clerk (REP),Write-in,REP,"City of Midland, Precinct 2B",3
Midland County Treasurer (REP),Cathy Lunsford,REP,"City of Coleman, Precinct 1",100
Midland County Treasurer (REP),Write-in,REP,"City of Coleman, Precinct 1",1
Midland County Treasurer (REP),Cathy Lunsford,REP,"City of Midland, Precinct 1",271
Midland County Treasurer (REP),Write-in,REP,"City of Midland, Precinct 1",1
Midland County Treasurer (REP),Cathy Lunsford,REP,"City of Midland, Precinct 2A",227
Midland County Treasurer (REP),Write-in,REP,"City of Midland, Precinct 2A",1
Midland County Treasurer (REP),Cathy Lunsford,REP,"City of Midland, Precinct 3",247
Midland County Treasurer (REP),Write-in,REP,"City of Midland, Precinct 3",3
Midland County Treasurer (REP),Cathy Lunsford,REP,"City of Midland, Precinct 4",314
Midland County Treasurer (REP),Write-in,REP,"City of Midland, Precinct 4",0
Midland County Treasurer (REP),Cathy Lunsford,REP,"City of Midland, Precinct 5",368
Midland County Treasurer (REP),Write-in,REP,"City of Midland, Precinct 5",0
Midland County Treasurer (REP),Cathy Lunsford,REP,"City of Midland, Precinct 6",398
Midland County Treasurer (REP),Write-in,REP,"City of Midland, Precinct 6",0
Midland County Treasurer (REP),Cathy Lunsford,REP,"City of Midland, Precinct 7",384
Midland County Treasurer (REP),Write-in,REP,"City of Midland, Precinct 7",1
Midland County Treasurer (REP),Cathy Lunsford,REP,"City of Midland, Precinct 8",413
Midland County Treasurer (REP),Write-in,REP,"City of Midland, Precinct 8",0
Midland County Treasurer (REP),Cathy Lunsford,REP,"City of Midland, Precinct 9",290
Midland County Treasurer (REP),Write-in,REP,"City of Midland, Precinct 9",1
Midland County Treasurer (REP),Cathy Lunsford,REP,"City of Midland, Precinct 10",411
Midland County Treasurer (REP),Write-in,REP,"City of Midland, Precinct 10",1
Midland County Treasurer (REP),Cathy Lunsford,REP,"Edenville Township, Precinct 1",534
Midland County Treasurer (REP),Write-in,REP,"Edenville Township, Precinct 1",1
Midland County Treasurer (REP),Cathy Lunsford,REP,"Geneva Township, Precinct 1",157
Midland County Treasurer (REP),Write-in,REP,"Geneva Township, Precinct 1",2
Midland County Treasurer (REP),Cathy Lunsford,REP,"Greendale Township, Precinct 1",199
Midland County Treasurer (REP),Write-in,REP,"Greendale Township, Precinct 1",3
Midland County Treasurer (REP),Cathy Lunsford,REP,"Homer Township, Precinct 1",128
Midland County Treasurer (REP),Write-in,REP,"Homer Township, Precinct 1",0
Midland County Treasurer (REP),Cathy Lunsford,REP,"Homer Township, Precinct 2",130
Midland County Treasurer (REP),Write-in,REP,"Homer Township, Precinct 2",0
Midland County Treasurer (REP),Cathy Lunsford,REP,"Homer Township, Precinct 3",164
Midland County Treasurer (REP),Write-in,REP,"Homer Township, Precinct 3",1
Midland County Treasurer (REP),Cathy Lunsford,REP,"Hope Township, Precinct 1",244
Midland County Treasurer (REP),Write-in,REP,"Hope Township, Precinct 1",1
Midland County Treasurer (REP),Cathy Lunsford,REP,"Ingersoll Township, Precinct 1",161
Midland County Treasurer (REP),Write-in,REP,"Ingersoll Township, Precinct 1",1
Midland County Treasurer (REP),Cathy Lunsford,REP,"Ingersoll Township, Precinct 2",109
Midland County Treasurer (REP),Write-in,REP,"Ingersoll Township, Precinct 2",1
Midland County Treasurer (REP),Cathy Lunsford,REP,"Jasper Township, Precinct 1",195
Midland County Treasurer (REP),Write-in,REP,"Jasper Township, Precinct 1",1
Midland County Treasurer (REP),Cathy Lunsford,REP,"Jerome Township, Precinct 1",307
Midland County Treasurer (REP),Write-in,REP,"Jerome Township, Precinct 1",1
Midland County Treasurer (REP),Cathy Lunsford,REP,"Jerome Township, Precinct 2",304
Midland County Treasurer (REP),Write-in,REP,"Jerome Township, Precinct 2",5
Midland County Treasurer (REP),Cathy Lunsford,REP,"Larkin Township, Precinct 1",263
Midland County Treasurer (REP),Write-in,REP,"Larkin Township, Precinct 1",1
Midland County Treasurer (REP),Cathy Lunsford,REP,"Larkin Township, Precinct 2",226
Midland County Treasurer (REP),Write-in,REP,"Larkin Township, Precinct 2",2
Midland County Treasurer (REP),Cathy Lunsford,REP,"Larkin Township, Precinct 3",180
Midland County Treasurer (REP),Write-in,REP,"Larkin Township, Precinct 3",0
Midland County Treasurer (REP),Cathy Lunsford,REP,"Lee Township, Precinct 1",177
Midland County Treasurer (REP),Write-in,REP,"Lee Township, Precinct 1",1
Midland County Treasurer (REP),Cathy Lunsford,REP,"Lee Township, Precinct 2",187
Midland County Treasurer (REP),Write-in,REP,"Lee Township, Precinct 2",2
Midland County Treasurer (REP),Cathy Lunsford,REP,"Lincoln Township, Precinct 1",356
Midland County Treasurer (REP),Write-in,REP,"Lincoln Township, Precinct 1",2
Midland County Treasurer (REP),Cathy Lunsford,REP,"Midland Township, Precinct 1",223
Midland County Treasurer (REP),Write-in,REP,"Midland Township, Precinct 1",2
Midland County Treasurer (REP),Cathy Lunsford,REP,"Mills Township, Precinct 1",229
Midland County Treasurer (REP),Write-in,REP,"Mills Township, Precinct 1",2
Midland County Treasurer (REP),Cathy Lunsford,REP,"Mt. Haley Township, Precinct 1",150
Midland County Treasurer (REP),Write-in,REP,"Mt. Haley Township, Precinct 1",1
Midland County Treasurer (REP),Cathy Lunsford,REP,"Porter Township, Precinct 1",145
Midland County Treasurer (REP),Write-in,REP,"Porter Township, Precinct 1",0
Midland County Treasurer (REP),Cathy Lunsford,REP,"Warren Township, Precinct 1",272
Midland County Treasurer (REP),Write-in,REP,"Warren Township, Precinct 1",3
Bay County Treasurer (REP),Write-in,REP,"City of Midland, Precinct 2B",3
Midland County Register of Deeds (REP),Jenny Anway,REP,"City of Coleman, Precinct 1",98
Midland County Register of Deeds (REP),Write-in,REP,"City of Coleman, Precinct 1",1
Midland County Register of Deeds (REP),Jenny Anway,REP,"City of Midland, Precinct 1",266
Midland County Register of Deeds (REP),Write-in,REP,"City of Midland, Precinct 1",1
Midland County Register of Deeds (REP),Jenny Anway,REP,"City of Midland, Precinct 2A",230
Midland County Register of Deeds (REP),Write-in,REP,"City of Midland, Precinct 2A",0
Midland County Register of Deeds (REP),Jenny Anway,REP,"City of Midland, Precinct 3",246
Midland County Register of Deeds (REP),Write-in,REP,"City of Midland, Precinct 3",2
Midland County Register of Deeds (REP),Jenny Anway,REP,"City of Midland, Precinct 4",314
Midland County Register of Deeds (REP),Write-in,REP,"City of Midland, Precinct 4",0
Midland County Register of Deeds (REP),Jenny Anway,REP,"City of Midland, Precinct 5",361
Midland County Register of Deeds (REP),Write-in,REP,"City of Midland, Precinct 5",0
Midland County Register of Deeds (REP),Jenny Anway,REP,"City of Midland, Precinct 6",392
Midland County Register of Deeds (REP),Write-in,REP,"City of Midland, Precinct 6",0
Midland County Register of Deeds (REP),Jenny Anway,REP,"City of Midland, Precinct 7",379
Midland County Register of Deeds (REP),Write-in,REP,"City of Midland, Precinct 7",1
Midland County Register of Deeds (REP),Jenny Anway,REP,"City of Midland, Precinct 8",408
Midland County Register of Deeds (REP),Write-in,REP,"City of Midland, Precinct 8",0
Midland County Register of Deeds (REP),Jenny Anway,REP,"City of Midland, Precinct 9",291
Midland County Register of Deeds (REP),Write-in,REP,"City of Midland, Precinct 9",0
Midland County Register of Deeds (REP),Jenny Anway,REP,"City of Midland, Precinct 10",405
Midland County Register of Deeds (REP),Write-in,REP,"City of Midland, Precinct 10",1
Midland County Register of Deeds (REP),Jenny Anway,REP,"Edenville Township, Precinct 1",525
Midland County Register of Deeds (REP),Write-in,REP,"Edenville Township, Precinct 1",3
Midland County Register of Deeds (REP),Jenny Anway,REP,"Geneva Township, Precinct 1",157
Midland County Register of Deeds (REP),Write-in,REP,"Geneva Township, Precinct 1",0
Midland County Register of Deeds (REP),Jenny Anway,REP,"Greendale Township, Precinct 1",196
Midland County Register of Deeds (REP),Write-in,REP,"Greendale Township, Precinct 1",1
Midland County Register of Deeds (REP),Jenny Anway,REP,"Homer Township, Precinct 1",124
Midland County Register of Deeds (REP),Write-in,REP,"Homer Township, Precinct 1",0
Midland County Register of Deeds (REP),Jenny Anway,REP,"Homer Township, Precinct 2",126
Midland County Register of Deeds (REP),Write-in,REP,"Homer Township, Precinct 2",0
Midland County Register of Deeds (REP),Jenny Anway,REP,"Homer Township, Precinct 3",158
Midland County Register of Deeds (REP),Write-in,REP,"Homer Township, Precinct 3",1
Midland County Register of Deeds (REP),Jenny Anway,REP,"Hope Township, Precinct 1",239
Midland County Register of Deeds (REP),Write-in,REP,"Hope Township, Precinct 1",1
Midland County Register of Deeds (REP),Jenny Anway,REP,"Ingersoll Township, Precinct 1",159
Midland County Register of Deeds (REP),Write-in,REP,"Ingersoll Township, Precinct 1",1
Midland County Register of Deeds (REP),Jenny Anway,REP,"Ingersoll Township, Precinct 2",112
Midland County Register of Deeds (REP),Write-in,REP,"Ingersoll Township, Precinct 2",0
Midland County Register of Deeds (REP),Jenny Anway,REP,"Jasper Township, Precinct 1",195
Midland County Register of Deeds (REP),Write-in,REP,"Jasper Township, Precinct 1",2
Midland County Register of Deeds (REP),Jenny Anway,REP,"Jerome Township, Precinct 1",304
Midland County Register of Deeds (REP),Write-in,REP,"Jerome Township, Precinct 1",1
Midland County Register of Deeds (REP),Jenny Anway,REP,"Jerome Township, Precinct 2",306
Midland County Register of Deeds (REP),Write-in,REP,"Jerome Township, Precinct 2",2
Midland County Register of Deeds (REP),Jenny Anway,REP,"Larkin Township, Precinct 1",258
Midland County Register of Deeds (REP),Write-in,REP,"Larkin Township, Precinct 1",1
Midland County Register of Deeds (REP),Jenny Anway,REP,"Larkin Township, Precinct 2",224
Midland County Register of Deeds (REP),Write-in,REP,"Larkin Township, Precinct 2",1
Midland County Register of Deeds (REP),Jenny Anway,REP,"Larkin Township, Precinct 3",174
Midland County Register of Deeds (REP),Write-in,REP,"Larkin Township, Precinct 3",0
Midland County Register of Deeds (REP),Jenny Anway,REP,"Lee Township, Precinct 1",177
Midland County Register of Deeds (REP),Write-in,REP,"Lee Township, Precinct 1",0
Midland County Register of Deeds (REP),Jenny Anway,REP,"Lee Township, Precinct 2",189
Midland County Register of Deeds (REP),Write-in,REP,"Lee Township, Precinct 2",2
Midland County Register of Deeds (REP),Jenny Anway,REP,"Lincoln Township, Precinct 1",348
Midland County Register of Deeds (REP),Write-in,REP,"Lincoln Township, Precinct 1",3
Midland County Register of Deeds (REP),Jenny Anway,REP,"Midland Township, Precinct 1",223
Midland County Register of Deeds (REP),Write-in,REP,"Midland Township, Precinct 1",1
Midland County Register of Deeds (REP),Jenny Anway,REP,"Mills Township, Precinct 1",223
Midland County Register of Deeds (REP),Write-in,REP,"Mills Township, Precinct 1",1
Midland County Register of Deeds (REP),Jenny Anway,REP,"Mt. Haley Township, Precinct 1",148
Midland County Register of Deeds (REP),Write-in,REP,"Mt. Haley Township, Precinct 1",1
Midland County Register of Deeds (REP),Jenny Anway,REP,"Porter Township, Precinct 1",144
Midland County Register of Deeds (REP),Write-in,REP,"Porter Township, Precinct 1",0
Midland County Register of Deeds (REP),Jenny Anway,REP,"Warren Township, Precinct 1",275
Midland County Register of Deeds (REP),Write-in,REP,"Warren Township, Precinct 1",1
Bay County Register of Deeds (REP),Write-in,REP,"City of Midland, Precinct 2B",2
Bay County Road Commissioner (REP),Bill Schumacher,REP,"City of Midland, Precinct 2B",9
Bay County Road Commissioner (REP),Write-in,REP,"City of Midland, Precinct 2B",0
Midland County Drain Commissioner (REP),Tom McCann,REP,"City of Coleman, Precinct 1",49
Midland County Drain Commissioner (REP),Joe Sova,REP,"City of Coleman, Precinct 1",51
Midland County Drain Commissioner (REP),Write-in,REP,"City of Coleman, Precinct 1",1
Midland County Drain Commissioner (REP),Tom McCann,REP,"City of Midland, Precinct 1",106
Midland County Drain Commissioner (REP),Joe Sova,REP,"City of Midland, Precinct 1",171
Midland County Drain Commissioner (REP),Write-in,REP,"City of Midland, Precinct 1",1
Midland County Drain Commissioner (REP),Tom McCann,REP,"City of Midland, Precinct 2A",87
Midland County Drain Commissioner (REP),Joe Sova,REP,"City of Midland, Precinct 2A",135
Midland County Drain Commissioner (REP),Write-in,REP,"City of Midland, Precinct 2A",0
Midland County Drain Commissioner (REP),Tom McCann,REP,"City of Midland, Precinct 3",74
Midland County Drain Commissioner (REP),Joe Sova,REP,"City of Midland, Precinct 3",192
Midland County Drain Commissioner (REP),Write-in,REP,"City of Midland, Precinct 3",1
Midland County Drain Commissioner (REP),Tom McCann,REP,"City of Midland, Precinct 4",101
Midland County Drain Commissioner (REP),Joe Sova,REP,"City of Midland, Precinct 4",229
Midland County Drain Commissioner (REP),Write-in,REP,"City of Midland, Precinct 4",0
Midland County Drain Commissioner (REP),Tom McCann,REP,"City of Midland, Precinct 5",93
Midland County Drain Commissioner (REP),Joe Sova,REP,"City of Midland, Precinct 5",294
Midland County Drain Commissioner (REP),Write-in,REP,"City of Midland, Precinct 5",0
Midland County Drain Commissioner (REP),Tom McCann,REP,"City of Midland, Precinct 6",140
Midland County Drain Commissioner (REP),Joe Sova,REP,"City of Midland, Precinct 6",277
Midland County Drain Commissioner (REP),Write-in,REP,"City of Midland, Precinct 6",1
Midland County Drain Commissioner (REP),Tom McCann,REP,"City of Midland, Precinct 7",150
Midland County Drain Commissioner (REP),Joe Sova,REP,"City of Midland, Precinct 7",239
Midland County Drain Commissioner (REP),Write-in,REP,"City of Midland, Precinct 7",1
Midland County Drain Commissioner (REP),Tom McCann,REP,"City of Midland, Precinct 8",135
Midland County Drain Commissioner (REP),Joe Sova,REP,"City of Midland, Precinct 8",277
Midland County Drain Commissioner (REP),Write-in,REP,"City of Midland, Precinct 8",3
Midland County Drain Commissioner (REP),Tom McCann,REP,"City of Midland, Precinct 9",112
Midland County Drain Commissioner (REP),Joe Sova,REP,"City of Midland, Precinct 9",203
Midland County Drain Commissioner (REP),Write-in,REP,"City of Midland, Precinct 9",0
Midland County Drain Commissioner (REP),Tom McCann,REP,"City of Midland, Precinct 10",126
Midland County Drain Commissioner (REP),Joe Sova,REP,"City of Midland, Precinct 10",305
Midland County Drain Commissioner (REP),Write-in,REP,"City of Midland, Precinct 10",1
Midland County Drain Commissioner (REP),Tom McCann,REP,"Edenville Township, Precinct 1",196
Midland County Drain Commissioner (REP),Joe Sova,REP,"Edenville Township, Precinct 1",370
Midland County Drain Commissioner (REP),Write-in,REP,"Edenville Township, Precinct 1",0
Midland County Drain Commissioner (REP),Tom McCann,REP,"Geneva Township, Precinct 1",62
Midland County Drain Commissioner (REP),Joe Sova,REP,"Geneva Township, Precinct 1",104
Midland County Drain Commissioner (REP),Write-in,REP,"Geneva Township, Precinct 1",0
Midland County Drain Commissioner (REP),Tom McCann,REP,"Greendale Township, Precinct 1",107
Midland County Drain Commissioner (REP),Joe Sova,REP,"Greendale Township, Precinct 1",113
Midland County Drain Commissioner (REP),Write-in,REP,"Greendale Township, Precinct 1",1
Midland County Drain Commissioner (REP),Tom McCann,REP,"Homer Township, Precinct 1",55
Midland County Drain Commissioner (REP),Joe Sova,REP,"Homer Township, Precinct 1",75
Midland County Drain Commissioner (REP),Write-in,REP,"Homer Township, Precinct 1",0
Midland County Drain Commissioner (REP),Tom McCann,REP,"Homer Township, Precinct 2",51
Midland County Drain Commissioner (REP),Joe Sova,REP,"Homer Township, Precinct 2",84
Midland County Drain Commissioner (REP),Write-in,REP,"Homer Township, Precinct 2",0
Midland County Drain Commissioner (REP),Tom McCann,REP,"Homer Township, Precinct 3",59
Midland County Drain Commissioner (REP),Joe Sova,REP,"Homer Township, Precinct 3",115
Midland County Drain Commissioner (REP),Write-in,REP,"Homer Township, Precinct 3",1
Midland County Drain Commissioner (REP),Tom McCann,REP,"Hope Township, Precinct 1",70
Midland County Drain Commissioner (REP),Joe Sova,REP,"Hope Township, Precinct 1",193
Midland County Drain Commissioner (REP),Write-in,REP,"Hope Township, Precinct 1",0
Midland County Drain Commissioner (REP),Tom McCann,REP,"Ingersoll Township, Precinct 1",60
Midland County Drain Commissioner (REP),Joe Sova,REP,"Ingersoll Township, Precinct 1",113
Midland County Drain Commissioner (REP),Write-in,REP,"Ingersoll Township, Precinct 1",1
Midland County Drain Commissioner (REP),Tom McCann,REP,"Ingersoll Township, Precinct 2",47
Midland County Drain Commissioner (REP),Joe Sova,REP,"Ingersoll Township, Precinct 2",72
Midland County Drain Commissioner (REP),Write-in,REP,"Ingersoll Township, Precinct 2",0
Midland County Drain Commissioner (REP),Tom McCann,REP,"Jasper Township, Precinct 1",103
Midland County Drain Commissioner (REP),Joe Sova,REP,"Jasper Township, Precinct 1",93
Midland County Drain Commissioner (REP),Write-in,REP,"Jasper Township, Precinct 1",4
Midland County Drain Commissioner (REP),Tom McCann,REP,"Jerome Township, Precinct 1",93
Midland County Drain Commissioner (REP),Joe Sova,REP,"Jerome Township, Precinct 1",230
Midland County Drain Commissioner (REP),Write-in,REP,"Jerome Township, Precinct 1",0
Midland County Drain Commissioner (REP),Tom McCann,REP,"Jerome Township, Precinct 2",119
Midland County Drain Commissioner (REP),Joe Sova,REP,"Jerome Township, Precinct 2",212
Midland County Drain Commissioner (REP),Write-in,REP,"Jerome Township, Precinct 2",2
Midland County Drain Commissioner (REP),Tom McCann,REP,"Larkin Township, Precinct 1",78
Midland County Drain Commissioner (REP),Joe Sova,REP,"Larkin Township, Precinct 1",211
Midland County Drain Commissioner (REP),Write-in,REP,"Larkin Township, Precinct 1",0
Midland County Drain Commissioner (REP),Tom McCann,REP,"Larkin Township, Precinct 2",73
Midland County Drain Commissioner (REP),Joe Sova,REP,"Larkin Township, Precinct 2",177
Midland County Drain Commissioner (REP),Write-in,REP,"Larkin Township, Precinct 2",2
Midland County Drain Commissioner (REP),Tom McCann,REP,"Larkin Township, Precinct 3",55
Midland County Drain Commissioner (REP),Joe Sova,REP,"Larkin Township, Precinct 3",140
Midland County Drain Commissioner (REP),Write-in,REP,"Larkin Township, Precinct 3",1
Midland County Drain Commissioner (REP),Tom McCann,REP,"Lee Township, Precinct 1",99
Midland County Drain Commissioner (REP),Joe Sova,REP,"Lee Township, Precinct 1",104
Midland County Drain Commissioner (REP),Write-in,REP,"Lee Township, Precinct 1",0
Midland County Drain Commissioner (REP),Tom McCann,REP,"Lee Township, Precinct 2",84
Midland County Drain Commissioner (REP),Joe Sova,REP,"Lee Township, Precinct 2",119
Midland County Drain Commissioner (REP),Write-in,REP,"Lee Township, Precinct 2",0
Midland County Drain Commissioner (REP),Tom McCann,REP,"Lincoln Township, Precinct 1",116
Midland County Drain Commissioner (REP),Joe Sova,REP,"Lincoln Township, Precinct 1",272
Midland County Drain Commissioner (REP),Write-in,REP,"Lincoln Township, Precinct 1",3
Midland County Drain Commissioner (REP),Tom McCann,REP,"Midland Township, Precinct 1",78
Midland County Drain Commissioner (REP),Joe Sova,REP,"Midland Township, Precinct 1",156
Midland County Drain Commissioner (REP),Write-in,REP,"Midland Township, Precinct 1",1
Midland County Drain Commissioner (REP),Tom McCann,REP,"Mills Township, Precinct 1",65
Midland County Drain Commissioner (REP),Joe Sova,REP,"Mills Township, Precinct 1",179
Midland County Drain Commissioner (REP),Write-in,REP,"Mills Township, Precinct 1",0
Midland County Drain Commissioner (REP),Tom McCann,REP,"Mt. Haley Township, Precinct 1",78
Midland County Drain Commissioner (REP),Joe Sova,REP,"Mt. Haley Township, Precinct 1",89
Midland County Drain Commissioner (REP),Write-in,REP,"Mt. Haley Township, Precinct 1",0
Midland County Drain Commissioner (REP),Tom McCann,REP,"Porter Township, Precinct 1",79
Midland County Drain Commissioner (REP),Joe Sova,REP,"Porter Township, Precinct 1",74
Midland County Drain Commissioner (REP),Write-in,REP,"Porter Township, Precinct 1",0
Midland County Drain Commissioner (REP),Tom McCann,REP,"Warren Township, Precinct 1",138
Midland County Drain Commissioner (REP),Joe Sova,REP,"Warren Township, Precinct 1",145
Midland County Drain Commissioner (REP),Write-in,REP,"Warren Township, Precinct 1",1
Bay County Drain Commissioner (REP),Michael Rivard,REP,"City of Midland, Precinct 2B",8
Bay County Drain Commissioner (REP),Write-in,REP,"City of Midland, Precinct 2B",0
Midland County Commissioner 1st District (REP),Jeanette M. Snyder,REP,"City of Coleman, Precinct 1",99
Midland County Commissioner 1st District (REP),Write-in,REP,"City of Coleman, Precinct 1",1
Midland County Commissioner 1st District (REP),Jeanette M. Snyder,REP,"Edenville Township, Precinct 1",509
Midland County Commissioner 1st District (REP),Write-in,REP,"Edenville Township, Precinct 1",12
Midland County Commissioner 1st District (REP),Jeanette M. Snyder,REP,"Geneva Township, Precinct 1",148
Midland County Commissioner 1st District (REP),Write-in,REP,"Geneva Township, Precinct 1",2
Midland County Commissioner 1st District (REP),Jeanette M. Snyder,REP,"Jerome Township, Precinct 1",290
Midland County Commissioner 1st District (REP),Write-in,REP,"Jerome Township, Precinct 1",1
Midland County Commissioner 1st District (REP),Jeanette M. Snyder,REP,"Jerome Township, Precinct 2",301
Midland County Commissioner 1st District (REP),Write-in,REP,"Jerome Township, Precinct 2",3
Midland County Commissioner 1st District (REP),Jeanette M. Snyder,REP,"Warren Township, Precinct 1",256
Midland County Commissioner 1st District (REP),Write-in,REP,"Warren Township, Precinct 1",1
Midland County Commissioner 2nd District (REP),Mark Bone,REP,"City of Midland, Precinct 7",99
Midland County Commissioner 2nd District (REP),Write-in,REP,"City of Midland, Precinct 7",0
Midland County Commissioner 2nd District (REP),Mark Bone,REP,"Hope Township, Precinct 1",228
Midland County Commissioner 2nd District (REP),Write-in,REP,"Hope Township, Precinct 1",1
Midland County Commissioner 2nd District (REP),Mark Bone,REP,"Larkin Township, Precinct 1",246
Midland County Commissioner 2nd District (REP),Write-in,REP,"Larkin Township, Precinct 1",2
Midland County Commissioner 2nd District (REP),Mark Bone,REP,"Larkin Township, Precinct 2",212
Midland County Commissioner 2nd District (REP),Write-in,REP,"Larkin Township, Precinct 2",4
Midland County Commissioner 2nd District (REP),Mark Bone,REP,"Larkin Township, Precinct 3",174
Midland County Commissioner 2nd District (REP),Write-in,REP,"Larkin Township, Precinct 3",1
Midland County Commissioner 2nd District (REP),Mark Bone,REP,"Lincoln Township, Precinct 1",344
Midland County Commissioner 2nd District (REP),Write-in,REP,"Lincoln Township, Precinct 1",2
Midland County Commissioner 2nd District (REP),Mark Bone,REP,"Mills Township, Precinct 1",208
Midland County Commissioner 2nd District (REP),Write-in,REP,"Mills Township, Precinct 1",3
Midland County Commissioner 3rd District (REP),Larry Schuelke,REP,"Greendale Township, Precinct 1",192
Midland County Commissioner 3rd District (REP),Write-in,REP,"Greendale Township, Precinct 1",1
Midland County Commissioner 3rd District (REP),Larry Schuelke,REP,"Homer Township, Precinct 1",111
Midland County Commissioner 3rd District (REP),Write-in,REP,"Homer Township, Precinct 1",0
Midland County Commissioner 3rd District (REP),Larry Schuelke,REP,"Homer Township, Precinct 2",121
Midland County Commissioner 3rd District (REP),Write-in,REP,"Homer Township, Precinct 2",1
Midland County Commissioner 3rd District (REP),Larry Schuelke,REP,"Homer Township, Precinct 3",147
Midland County Commissioner 3rd District (REP),Write-in,REP,"Homer Township, Precinct 3",3
Midland County Commissioner 3rd District (REP),Larry Schuelke,REP,"Jasper Township, Precinct 1",176
Midland County Commissioner 3rd District (REP),Write-in,REP,"Jasper Township, Precinct 1",3
Midland County Commissioner 3rd District (REP),Larry Schuelke,REP,"Lee Township, Precinct 1",173
Midland County Commissioner 3rd District (REP),Write-in,REP,"Lee Township, Precinct 1",0
Midland County Commissioner 3rd District (REP),Larry Schuelke,REP,"Lee Township, Precinct 2",179
Midland County Commissioner 3rd District (REP),Write-in,REP,"Lee Township, Precinct 2",1
Midland County Commissioner 3rd District (REP),Larry Schuelke,REP,"Porter Township, Precinct 1",140
Midland County Commissioner 3rd District (REP),Write-in,REP,"Porter Township, Precinct 1",0
Midland County Commissioner 4th District (REP),Jim Stamas,REP,"City of Midland, Precinct 1",92
Midland County Commissioner 4th District (REP),Write-in,REP,"City of Midland, Precinct 1",0
Midland County Commissioner 4th District (REP),Jim Stamas,REP,"City of Midland, Precinct 2A",218
Midland County Commissioner 4th District (REP),Write-in,REP,"City of Midland, Precinct 2A",0
Midland County Commissioner 4th District (REP),Jim Stamas,REP,"Ingersoll Township, Precinct 1",165
Midland County Commissioner 4th District (REP),Write-in,REP,"Ingersoll Township, Precinct 1",1
Midland County Commissioner 4th District (REP),Jim Stamas,REP,"Ingersoll Township, Precinct 2",107
Midland County Commissioner 4th District (REP),Write-in,REP,"Ingersoll Township, Precinct 2",1
Midland County Commissioner 4th District (REP),Jim Stamas,REP,"Midland Township, Precinct 1",239
Midland County Commissioner 4th District (REP),Write-in,REP,"Midland Township, Precinct 1",1
Midland County Commissioner 4th District (REP),Jim Stamas,REP,"Mt. Haley Township, Precinct 1",151
Midland County Commissioner 4th District (REP),Write-in,REP,"Mt. Haley Township, Precinct 1",1
Midland County Commissioner 5th District (REP),Todd M. Gambrell,REP,"City of Midland, Precinct 3",203
Midland County Commissioner 5th District (REP),Write-in,REP,"City of Midland, Precinct 3",1
Midland County Commissioner 5th District (REP),Todd M. Gambrell,REP,"City of Midland, Precinct 5",354
Midland County Commissioner 5th District (REP),Write-in,REP,"City of Midland, Precinct 5",0
Midland County Commissioner 5th District (REP),Todd M. Gambrell,REP,"City of Midland, Precinct 6",379
Midland County Commissioner 5th District (REP),Write-in,REP,"City of Midland, Precinct 6",2
Midland County Commissioner 6th District (REP),Eric A. Dorrien,REP,"City of Midland, Precinct 7",174
Midland County Commissioner 6th District (REP),Rodney Kloha,REP,"City of Midland, Precinct 7",119
Midland County Commissioner 6th District (REP),Write-in,REP,"City of Midland, Precinct 7",0
Midland County Commissioner 6th District (REP),Eric A. Dorrien,REP,"City of Midland, Precinct 8",220
Midland County Commissioner 6th District (REP),Rodney Kloha,REP,"City of Midland, Precinct 8",189
Midland County Commissioner 6th District (REP),Write-in,REP,"City of Midland, Precinct 8",2
Midland County Commissioner 6th District (REP),Eric A. Dorrien,REP,"City of Midland, Precinct 10",249
Midland County Commissioner 6th District (REP),Rodney Kloha,REP,"City of Midland, Precinct 10",184
Midland County Commissioner 6th District (REP),Write-in,REP,"City of Midland, Precinct 10",2
Midland County Commissioner 7th District (REP),John Levy,REP,"City of Midland, Precinct 1",169
Midland County Commissioner 7th District (REP),Write-in,REP,"City of Midland, Precinct 1",1
Midland County Commissioner 7th District (REP),John Levy,REP,"City of Midland, Precinct 3",34
Midland County Commissioner 7th District (REP),Write-in,REP,"City of Midland, Precinct 3",0
Midland County Commissioner 7th District (REP),John Levy,REP,"City of Midland, Precinct 4",300
Midland County Commissioner 7th District (REP),Write-in,REP,"City of Midland, Precinct 4",0
Midland County Commissioner 7th District (REP),John Levy,REP,"City of Midland, Precinct 9",276
Midland County Commissioner 7th District (REP),Write-in,REP,"City of Midland, Precinct 9",1
Bay County Commissioner 1st District (REP),Marie Ann-Fryzel Fox,REP,"City of Midland, Precinct 2B",4
Bay County Commissioner 1st District (REP),Kathy Niemiec,REP,"City of Midland, Precinct 2B",4
Bay County Commissioner 1st District (REP),Write-in,REP,"City of Midland, Precinct 2B",0
Edenville Township Supervisor (REP),Terrance A. Hall Jr.,REP,"Edenville Township, Precinct 1",152
Edenville Township Supervisor (REP),Art Peters,REP,"Edenville Township, Precinct 1",474
Edenville Township Supervisor (REP),Write-in,REP,"Edenville Township, Precinct 1",0
Edenville Township Clerk (REP),Anedra Lewis,REP,"Edenville Township, Precinct 1",173
Edenville Township Clerk (REP),Tamie M. Luty,REP,"Edenville Township, Precinct 1",435
Edenville Township Clerk (REP),Write-in,REP,"Edenville Township, Precinct 1",1
Edenville Township Treasurer (REP),Kimberly Gaskell,REP,"Edenville Township, Precinct 1",275
Edenville Township Treasurer (REP),Kathy Peters,REP,"Edenville Township, Precinct 1",347
Edenville Township Treasurer (REP),Write-in,REP,"Edenville Township, Precinct 1",1
Edenville Township Trustee (REP),Jim Sperling,REP,"Edenville Township, Precinct 1",383
Edenville Township Trustee (REP),Crystal Starkey,REP,"Edenville Township, Precinct 1",408
Edenville Township Trustee (REP),Dennis Trylch,REP,"Edenville Township, Precinct 1",207
Edenville Township Trustee (REP),Write-in,REP,"Edenville Township, Precinct 1",0
Geneva Township Supervisor (REP),Joshua J. Murray,REP,"Geneva Township, Precinct 1",139
Geneva Township Supervisor (REP),Write-in,REP,"Geneva Township, Precinct 1",8
Geneva Township Clerk (REP),Carla J. Murray,REP,"Geneva Township, Precinct 1",141
Geneva Township Clerk (REP),Write-in,REP,"Geneva Township, Precinct 1",4
Geneva Township Treasurer (REP),Nancy J. Robison,REP,"Geneva Township, Precinct 1",145
Geneva Township Treasurer (REP),Write-in,REP,"Geneva Township, Precinct 1",3
Geneva Township Trustee (REP),Neil Berthume,REP,"Geneva Township, Precinct 1",103
Geneva Township Trustee (REP),April Rose Humphrey,REP,"Geneva Township, Precinct 1",68
Geneva Township Trustee (REP),Jeremy D. Longstreth,REP,"Geneva Township, Precinct 1",112
Geneva Township Trustee (REP),Write-in,REP,"Geneva Township, Precinct 1",0
Greendale Township Supervisor (REP),Brian J. Knopp,REP,"Greendale Township, Precinct 1",221
Greendale Township Supervisor (REP),Gavin Salter,REP,"Greendale Township, Precinct 1",22
Greendale Township Supervisor (REP),Write-in,REP,"Greendale Township, Precinct 1",1
Greendale Township Clerk (REP),Ruth L. Knapp,REP,"Greendale Township, Precinct 1",225
Greendale Township Clerk (REP),Write-in,REP,"Greendale Township, Precinct 1",1
Greendale Township Treasurer (REP),Angela Brown,REP,"Greendale Township, Precinct 1",149
Greendale Township Treasurer (REP),Gregory Knopp,REP,"Greendale Township, Precinct 1",89
Greendale Township Treasurer (REP),Write-in,REP,"Greendale Township, Precinct 1",0
Greendale Township Trustee (REP),Julia Ann Beach,REP,"Greendale Township, Precinct 1",126
Greendale Township Trustee (REP),Bridget Elkins,REP,"Greendale Township, Precinct 1",130
Greendale Township Trustee (REP),Letetia Moor,REP,"Greendale Township, Precinct 1",42
Greendale Township Trustee (REP),Barb Rogers,REP,"Greendale Township, Precinct 1",87
Greendale Township Trustee (REP),Write-in,REP,"Greendale Township, Precinct 1",1
Homer Township Supervisor (REP),Write-in,REP,"Homer Township, Precinct 1",9
Homer Township Supervisor (REP),Write-in,REP,"Homer Township, Precinct 2",8
Homer Township Supervisor (REP),Write-in,REP,"Homer Township, Precinct 3",10
Homer Township Clerk (REP),Todd A. Lee,REP,"Homer Township, Precinct 1",126
Homer Township Clerk (REP),Write-in,REP,"Homer Township, Precinct 1",0
Homer Township Clerk (REP),Todd A. Lee,REP,"Homer Township, Precinct 2",125
Homer Township Clerk (REP),Write-in,REP,"Homer Township, Precinct 2",0
Homer Township Clerk (REP),Todd A. Lee,REP,"Homer Township, Precinct 3",169
Homer Township Clerk (REP),Write-in,REP,"Homer Township, Precinct 3",1
Homer Township Treasurer (REP),Sandra K. Turk,REP,"Homer Township, Precinct 1",123
Homer Township Treasurer (REP),Write-in,REP,"Homer Township, Precinct 1",0
Homer Township Treasurer (REP),Sandra K. Turk,REP,"Homer Township, Precinct 2",124
Homer Township Treasurer (REP),Write-in,REP,"Homer Township, Precinct 2",0
Homer Township Treasurer (REP),Sandra K. Turk,REP,"Homer Township, Precinct 3",167
Homer Township Treasurer (REP),Write-in,REP,"Homer Township, Precinct 3",2
Homer Township Trustee (REP),Keith Johnson,REP,"Homer Township, Precinct 1",93
Homer Township Trustee (REP),Craig Norton,REP,"Homer Township, Precinct 1",84
Homer Township Trustee (REP),John A. Pruiett,REP,"Homer Township, Precinct 1",87
Homer Township Trustee (REP),Brian VanWert,REP,"Homer Township, Precinct 1",92
Homer Township Trustee (REP),Write-in,REP,"Homer Township, Precinct 1",1
Homer Township Trustee (REP),Keith Johnson,REP,"Homer Township, Precinct 2",103
Homer Township Trustee (REP),Craig Norton,REP,"Homer Township, Precinct 2",99
Homer Township Trustee (REP),John A. Pruiett,REP,"Homer Township, Precinct 2",100
Homer Township Trustee (REP),Brian VanWert,REP,"Homer Township, Precinct 2",108
Homer Township Trustee (REP),Write-in,REP,"Homer Township, Precinct 2",0
Homer Township Trustee (REP),Keith Johnson,REP,"Homer Township, Precinct 3",109
Homer Township Trustee (REP),Craig Norton,REP,"Homer Township, Precinct 3",112
Homer Township Trustee (REP),John A. Pruiett,REP,"Homer Township, Precinct 3",110
Homer Township Trustee (REP),Brian VanWert,REP,"Homer Township, Precinct 3",128
Homer Township Trustee (REP),Write-in,REP,"Homer Township, Precinct 3",5
Hope Township Supervisor (REP),Rita Goul,REP,"Hope Township, Precinct 1",235
Hope Township Supervisor (REP),Write-in,REP,"Hope Township, Precinct 1",4
Hope Township Clerk (REP),Carol Coyle,REP,"Hope Township, Precinct 1",233
Hope Township Clerk (REP),Write-in,REP,"Hope Township, Precinct 1",3
Hope Township Treasurer (REP),Charles R. Hudler,REP,"Hope Township, Precinct 1",229
Hope Township Treasurer (REP),Write-in,REP,"Hope Township, Precinct 1",3
Hope Township Trustee (REP),Julian M. Aushana,REP,"Hope Township, Precinct 1",68
Hope Township Trustee (REP),Wendy J. Faber,REP,"Hope Township, Precinct 1",113
Hope Township Trustee (REP),Mary Letts,REP,"Hope Township, Precinct 1",100
Hope Township Trustee (REP),Dan Mieske,REP,"Hope Township, Precinct 1",156
Hope Township Trustee (REP),Write-in,REP,"Hope Township, Precinct 1",2
Hope Township Park Commissioner (REP),Angela Aushana,REP,"Hope Township, Precinct 1",122
Hope Township Park Commissioner (REP),Kelly Eddy,REP,"Hope Township, Precinct 1",174
Hope Township Park Commissioner (REP),Amy Ginter,REP,"Hope Township, Precinct 1",136
Hope Township Park Commissioner (REP),Starla Jordan,REP,"Hope Township, Precinct 1",127
Hope Township Park Commissioner (REP),Cathie Kisser,REP,"Hope Township, Precinct 1",145
Hope Township Park Commissioner (REP),Darlene M. Thompson,REP,"Hope Township, Precinct 1",143
Hope Township Park Commissioner (REP),Write-in,REP,"Hope Township, Precinct 1",5
Ingersoll Township Supervisor (REP),Kim D. Heisler,REP,"Ingersoll Township, Precinct 1",154
Ingersoll Township Supervisor (REP),Write-in,REP,"Ingersoll Township, Precinct 1",2
Ingersoll Township Supervisor (REP),Kim D. Heisler,REP,"Ingersoll Township, Precinct 2",110
Ingersoll Township Supervisor (REP),Write-in,REP,"Ingersoll Township, Precinct 2",0
Ingersoll Township Clerk (REP),Write-in,REP,"Ingersoll Township, Precinct 1",11
Ingersoll Township Clerk (REP),Write-in,REP,"Ingersoll Township, Precinct 2",3
Ingersoll Township Treasurer (REP),Scott Sugar,REP,"Ingersoll Township, Precinct 1",43
Ingersoll Township Treasurer (REP),James R. Terwillegar,REP,"Ingersoll Township, Precinct 1",135
Ingersoll Township Treasurer (REP),Write-in,REP,"Ingersoll Township, Precinct 1",2
Ingersoll Township Treasurer (REP),Scott Sugar,REP,"Ingersoll Township, Precinct 2",47
Ingersoll Township Treasurer (REP),James R. Terwillegar,REP,"Ingersoll Township, Precinct 2",81
Ingersoll Township Treasurer (REP),Write-in,REP,"Ingersoll Township, Precinct 2",0
Ingersoll Township Trustee (REP),Ron Garrett,REP,"Ingersoll Township, Precinct 1",122
Ingersoll Township Trustee (REP),Jacob Terwillegar,REP,"Ingersoll Township, Precinct 1",123
Ingersoll Township Trustee (REP),Write-in,REP,"Ingersoll Township, Precinct 1",7
Ingersoll Township Trustee (REP),Ron Garrett,REP,"Ingersoll Township, Precinct 2",65
Ingersoll Township Trustee (REP),Jacob Terwillegar,REP,"Ingersoll Township, Precinct 2",85
Ingersoll Township Trustee (REP),Write-in,REP,"Ingersoll Township, Precinct 2",0
Jasper Township Supervisor (REP),Carmen Kay Bajena,REP,"Jasper Township, Precinct 1",126
Jasper Township Supervisor (REP),Jim Sanders,REP,"Jasper Township, Precinct 1",107
Jasper Township Supervisor (REP),Write-in,REP,"Jasper Township, Precinct 1",0
Jasper Township Clerk (REP),Kristina DeBolt,REP,"Jasper Township, Precinct 1",77
Jasper Township Clerk (REP),Karmen Sanders,REP,"Jasper Township, Precinct 1",75
Jasper Township Clerk (REP),Brooklyn Smith,REP,"Jasper Township, Precinct 1",70
Jasper Township Clerk (REP),Write-in,REP,"Jasper Township, Precinct 1",0
Jasper Township Treasurer (REP),Rebecca Childs,REP,"Jasper Township, Precinct 1",108
Jasper Township Treasurer (REP),Katelynn Hernandez,REP,"Jasper Township, Precinct 1",125
Jasper Township Treasurer (REP),Write-in,REP,"Jasper Township, Precinct 1",0
Jasper Township Trustee (REP),Roxanne R. Gibson,REP,"Jasper Township, Precinct 1",161
Jasper Township Trustee (REP),Deric Wright,REP,"Jasper Township, Precinct 1",151
Jasper Township Trustee (REP),Write-in,REP,"Jasper Township, Precinct 1",0
Jerome Township Supervisor (REP),Steve Rice,REP,"Jerome Township, Precinct 1",296
Jerome Township Supervisor (REP),Write-in,REP,"Jerome Township, Precinct 1",0
Jerome Township Supervisor (REP),Steve Rice,REP,"Jerome Township, Precinct 2",301
Jerome Township Supervisor (REP),Write-in,REP,"Jerome Township, Precinct 2",2
Jerome Township Clerk (REP),Gil Bernier,REP,"Jerome Township, Precinct 1",297
Jerome Township Clerk (REP),Write-in,REP,"Jerome Township, Precinct 1",0
Jerome Township Clerk (REP),Gil Bernier,REP,"Jerome Township, Precinct 2",307
Jerome Township Clerk (REP),Write-in,REP,"Jerome Township, Precinct 2",1
Jerome Township Treasurer (REP),Jennifer Clever,REP,"Jerome Township, Precinct 1",294
Jerome Township Treasurer (REP),Write-in,REP,"Jerome Township, Precinct 1",0
Jerome Township Treasurer (REP),Jennifer Clever,REP,"Jerome Township, Precinct 2",306
Jerome Township Treasurer (REP),Write-in,REP,"Jerome Township, Precinct 2",2
Jerome Township Trustee (REP),Carolyn Konechne,REP,"Jerome Township, Precinct 1",219
Jerome Township Trustee (REP),Laura Norcutt,REP,"Jerome Township, Precinct 1",199
Jerome Township Trustee (REP),Sarah Jo Rowley,REP,"Jerome Township, Precinct 1",223
Jerome Township Trustee (REP),Becky Slack,REP,"Jerome Township, Precinct 1",204
Jerome Township Trustee (REP),Write-in,REP,"Jerome Township, Precinct 1",3
Jerome Township Trustee (REP),Carolyn Konechne,REP,"Jerome Township, Precinct 2",239
Jerome Township Trustee (REP),Laura Norcutt,REP,"Jerome Township, Precinct 2",217
Jerome Township Trustee (REP),Sarah Jo Rowley,REP,"Jerome Township, Precinct 2",220
Jerome Township Trustee (REP),Becky Slack,REP,"Jerome Township, Precinct 2",217
Jerome Township Trustee (REP),Write-in,REP,"Jerome Township, Precinct 2",2
Jerome Township Constable (REP),Jerry D. Cole,REP,"Jerome Township, Precinct 1",294
Jerome Township Constable (REP),Write-in,REP,"Jerome Township, Precinct 1",5
Jerome Township Constable (REP),Jerry D. Cole,REP,"Jerome Township, Precinct 2",295
Jerome Township Constable (REP),Write-in,REP,"Jerome Township, Precinct 2",3
Larkin Township Supervisor (REP),Maria Sandow,REP,"Larkin Township, Precinct 1",238
Larkin Township Supervisor (REP),Write-in,REP,"Larkin Township, Precinct 1",2
Larkin Township Supervisor (REP),Maria Sandow,REP,"Larkin Township, Precinct 2",216
Larkin Township Supervisor (REP),Write-in,REP,"Larkin Township, Precinct 2",2
Larkin Township Supervisor (REP),Maria Sandow,REP,"Larkin Township, Precinct 3",160
Larkin Township Supervisor (REP),Write-in,REP,"Larkin Township, Precinct 3",2
Larkin Township Clerk (REP),Lisa Benter Rich,REP,"Larkin Township, Precinct 1",239
Larkin Township Clerk (REP),Write-in,REP,"Larkin Township, Precinct 1",2
Larkin Township Clerk (REP),Lisa Benter Rich,REP,"Larkin Township, Precinct 2",224
Larkin Township Clerk (REP),Write-in,REP,"Larkin Township, Precinct 2",4
Larkin Township Clerk (REP),Lisa Benter Rich,REP,"Larkin Township, Precinct 3",161
Larkin Township Clerk (REP),Write-in,REP,"Larkin Township, Precinct 3",2
Larkin Township Treasurer (REP),Mandy Archbold,REP,"Larkin Township, Precinct 1",239
Larkin Township Treasurer (REP),Write-in,REP,"Larkin Township, Precinct 1",1
Larkin Township Treasurer (REP),Mandy Archbold,REP,"Larkin Township, Precinct 2",218
Larkin Township Treasurer (REP),Write-in,REP,"Larkin Township, Precinct 2",1
Larkin Township Treasurer (REP),Mandy Archbold,REP,"Larkin Township, Precinct 3",163
Larkin Township Treasurer (REP),Write-in,REP,"Larkin Township, Precinct 3",1
Larkin Township Trustee (REP),Todd Draves,REP,"Larkin Township, Precinct 1",187
Larkin Township Trustee (REP),Karen Hitchcock,REP,"Larkin Township, Precinct 1",199
Larkin Township Trustee (REP),Write-in,REP,"Larkin Township, Precinct 1",6
Larkin Township Trustee (REP),Todd Draves,REP,"Larkin Township, Precinct 2",164
Larkin Township Trustee (REP),Karen Hitchcock,REP,"Larkin Township, Precinct 2",181
Larkin Township Trustee (REP),Write-in,REP,"Larkin Township, Precinct 2",12
Larkin Township Trustee (REP),Todd Draves,REP,"Larkin Township, Precinct 3",134
Larkin Township Trustee (REP),Karen Hitchcock,REP,"Larkin Township, Precinct 3",133
Larkin Township Trustee (REP),Write-in,REP,"Larkin Township, Precinct 3",22
Lee Township Supervisor (REP),Doug Kruger,REP,"Lee Township, Precinct 1",185
Lee Township Supervisor (REP),Write-in,REP,"Lee Township, Precinct 1",3
Lee Township Supervisor (REP),Doug Kruger,REP,"Lee Township, Precinct 2",185
Lee Township Supervisor (REP),Write-in,REP,"Lee Township, Precinct 2",2
Lee Township Clerk (REP),Laura Dawson,REP,"Lee Township, Precinct 1",183
Lee Township Clerk (REP),Write-in,REP,"Lee Township, Precinct 1",2
Lee Township Clerk (REP),Laura Dawson,REP,"Lee Township, Precinct 2",187
Lee Township Clerk (REP),Write-in,REP,"Lee Township, Precinct 2",1
Lee Township Treasurer (REP),Heidi Pitt,REP,"Lee Township, Precinct 1",182
Lee Township Treasurer (REP),Write-in,REP,"Lee Township, Precinct 1",4
Lee Township Treasurer (REP),Heidi Pitt,REP,"Lee Township, Precinct 2",179
Lee Township Treasurer (REP),Write-in,REP,"Lee Township, Precinct 2",1
Lee Township Trustee (REP),Mark List,REP,"Lee Township, Precinct 1",165
Lee Township Trustee (REP),Debra Reiber,REP,"Lee Township, Precinct 1",123
Lee Township Trustee (REP),Write-in,REP,"Lee Township, Precinct 1",4
Lee Township Trustee (REP),Mark List,REP,"Lee Township, Precinct 2",163
Lee Township Trustee (REP),Debra Reiber,REP,"Lee Township, Precinct 2",138
Lee Township Trustee (REP),Write-in,REP,"Lee Township, Precinct 2",0
Lincoln Township Supervisor (REP),Brett Fales,REP,"Lincoln Township, Precinct 1",354
Lincoln Township Supervisor (REP),Write-in,REP,"Lincoln Township, Precinct 1",7
Lincoln Township Clerk (REP),Barbara L. Wilson,REP,"Lincoln Township, Precinct 1",323
Lincoln Township Clerk (REP),Write-in,REP,"Lincoln Township, Precinct 1",2
Lincoln Township Treasurer (REP),Write-in,REP,"Lincoln Township, Precinct 1",25
Lincoln Township Trustee (REP),David D. Dauer,REP,"Lincoln Township, Precinct 1",142
Lincoln Township Trustee (REP),Nate Meredith,REP,"Lincoln Township, Precinct 1",222
Lincoln Township Trustee (REP),Brad Wirtz,REP,"Lincoln Township, Precinct 1",181
Lincoln Township Trustee (REP),Write-in,REP,"Lincoln Township, Precinct 1",3
Lincoln Township Constable (REP),Kevin E. Renwick,REP,"Lincoln Township, Precinct 1",326
Lincoln Township Constable (REP),Write-in,REP,"Lincoln Township, Precinct 1",6
Midland Township Supervisor (REP),Terry Holt,REP,"Midland Township, Precinct 1",232
Midland Township Supervisor (REP),Write-in,REP,"Midland Township, Precinct 1",2
Midland Township Clerk (REP),Shelly Armstrong-Miller,REP,"Midland Township, Precinct 1",223
Midland Township Clerk (REP),Write-in,REP,"Midland Township, Precinct 1",2
Midland Township Treasurer (REP),Mark J. Radosa,REP,"Midland Township, Precinct 1",219
Midland Township Treasurer (REP),Write-in,REP,"Midland Township, Precinct 1",2
Midland Township Trustee (REP),James R. Avery,REP,"Midland Township, Precinct 1",193
Midland Township Trustee (REP),Jeff Bourcier,REP,"Midland Township, Precinct 1",149
Midland Township Trustee (REP),Paul J. Heyse,REP,"Midland Township, Precinct 1",150
Midland Township Trustee (REP),Haley Wenzlick,REP,"Midland Township, Precinct 1",154
Midland Township Trustee (REP),Write-in,REP,"Midland Township, Precinct 1",3
Mills Township Supervisor (REP),Ron Kutchey,REP,"Mills Township, Precinct 1",216
Mills Township Supervisor (REP),Write-in,REP,"Mills Township, Precinct 1",2
Mills Township Clerk (REP),Kim Sweet,REP,"Mills Township, Precinct 1",220
Mills Township Clerk (REP),Write-in,REP,"Mills Township, Precinct 1",1
Mills Township Treasurer (REP),Sara L. Pitch,REP,"Mills Township, Precinct 1",219
Mills Township Treasurer (REP),Write-in,REP,"Mills Township, Precinct 1",1
Mills Township Trustee (REP),Amy Hoover,REP,"Mills Township, Precinct 1",175
Mills Township Trustee (REP),Alan L. Wendt,REP,"Mills Township, Precinct 1",178
Mills Township Trustee (REP),Write-in,REP,"Mills Township, Precinct 1",3
Mt. Haley Township Supervisor (REP),Kennith D. Brown,REP,"Mt. Haley Township, Precinct 1",154
Mt. Haley Township Supervisor (REP),Write-in,REP,"Mt. Haley Township, Precinct 1",2
Mt. Haley Township Clerk (REP),Karen L. Radosa,REP,"Mt. Haley Township, Precinct 1",161
Mt. Haley Township Clerk (REP),Write-in,REP,"Mt. Haley Township, Precinct 1",2
Mt. Haley Township Treasurer (REP),Leonard A. Breasbois,REP,"Mt. Haley Township, Precinct 1",163
Mt. Haley Township Treasurer (REP),Write-in,REP,"Mt. Haley Township, Precinct 1",2
Mt. Haley Township Trustee (REP),Kevin Mudd,REP,"Mt. Haley Township, Precinct 1",133
Mt. Haley Township Trustee (REP),Nicholas Pelton,REP,"Mt. Haley Township, Precinct 1",129
Mt. Haley Township Trustee (REP),Write-in,REP,"Mt. Haley Township, Precinct 1",2
Porter Township Supervisor (REP),Thomas J. Corbat,REP,"Porter Township, Precinct 1",154
Porter Township Supervisor (REP),Write-in,REP,"Porter Township, Precinct 1",1
Porter Township Clerk (REP),Marianne L. Corbat,REP,"Porter Township, Precinct 1",152
Porter Township Clerk (REP),Write-in,REP,"Porter Township, Precinct 1",1
Porter Township Treasurer (REP),Pamela Garcia,REP,"Porter Township, Precinct 1",152
Porter Township Treasurer (REP),Write-in,REP,"Porter Township, Precinct 1",0
Porter Township Trustee (REP),Correy Colthorp,REP,"Porter Township, Precinct 1",130
Porter Township Trustee (REP),Nancy McCallum,REP,"Porter Township, Precinct 1",112
Porter Township Trustee (REP),Duane B. Wayer,REP,"Porter Township, Precinct 1",35
Porter Township Trustee (REP),Write-in,REP,"Porter Township, Precinct 1",0
Warren Township Supervisor (REP),Emily Burgess,REP,"Warren Township, Precinct 1",263
Warren Township Supervisor (REP),Write-in,REP,"Warren Township, Precinct 1",3
Warren Township Clerk (REP),Linda S. Anthony,REP,"Warren Township, Precinct 1",281
Warren Township Clerk (REP),Write-in,REP,"Warren Township, Precinct 1",3
Warren Township Treasurer (REP),Lyndsy Bock,REP,"Warren Township, Precinct 1",258
Warren Township Treasurer (REP),Write-in,REP,"Warren Township, Precinct 1",4
Warren Township Trustee (REP),Gerald Barber,REP,"Warren Township, Precinct 1",141
Warren Township Trustee (REP),Bella Harsh,REP,"Warren Township, Precinct 1",150
Warren Township Trustee (REP),Blaine Yeager,REP,"Warren Township, Precinct 1",199
Warren Township Trustee (REP),Write-in,REP,"Warren Township, Precinct 1",3
"City of Coleman, Precinct 1 Delegate (REP)",Write-in,REP,"City of Coleman, Precinct 1",7
"City of Midland, Precinct 1 Delegate (REP)",Brian D. Kluck,REP,"City of Midland, Precinct 1",178
"City of Midland, Precinct 1 Delegate (REP)",Luke Q. Malace,REP,"City of Midland, Precinct 1",161
"City of Midland, Precinct 1 Delegate (REP)",Craig Miller,REP,"City of Midland, Precinct 1",182
"City of Midland, Precinct 1 Delegate (REP)",Jeremy Rodgers,REP,"City of Midland, Precinct 1",184
"City of Midland, Precinct 1 Delegate (REP)",Write-in,REP,"City of Midland, Precinct 1",3
"City of Midland, Precinct 2A Delegate (REP)",Robin Chritz,REP,"City of Midland, Precinct 2A",137
"City of Midland, Precinct 2A Delegate (REP)",Bob Davis,REP,"City of Midland, Precinct 2A",141
"City of Midland, Precinct 2A Delegate (REP)",Jeff Hert,REP,"City of Midland, Precinct 2A",137
"City of Midland, Precinct 2A Delegate (REP)",Kim Holzhauer,REP,"City of Midland, Precinct 2A",161
"City of Midland, Precinct 2A Delegate (REP)",Dennis L. Quehl,REP,"City of Midland, Precinct 2A",136
"City of Midland, Precinct 2A Delegate (REP)",Write-in,REP,"City of Midland, Precinct 2A",0
"City of Midland, Precinct 2B Delegate (REP)",Write-in,REP,"City of Midland, Precinct 2B",1
"City of Midland, Precinct 3 Delegate (REP)",Harrison Gunden,REP,"City of Midland, Precinct 3",155
"City of Midland, Precinct 3 Delegate (REP)",Kate Martin,REP,"City of Midland, Precinct 3",154
"City of Midland, Precinct 3 Delegate (REP)",Bill G. Schuette,REP,"City of Midland, Precinct 3",230
"City of Midland, Precinct 3 Delegate (REP)",Bridgit Sova,REP,"City of Midland, Precinct 3",173
"City of Midland, Precinct 3 Delegate (REP)",Joe Sova,REP,"City of Midland, Precinct 3",191
"City of Midland, Precinct 3 Delegate (REP)",Joey Storer,REP,"City of Midland, Precinct 3",157
"City of Midland, Precinct 3 Delegate (REP)",Write-in,REP,"City of Midland, Precinct 3",5
"City of Midland, Precinct 4 Delegate (REP)",Matthew B. Ivan,REP,"City of Midland, Precinct 4",217
"City of Midland, Precinct 4 Delegate (REP)",Judith Ann Rapanos,REP,"City of Midland, Precinct 4",237
"City of Midland, Precinct 4 Delegate (REP)",Write-in,REP,"City of Midland, Precinct 4",0
"City of Midland, Precinct 5 Delegate (REP)",Julie M. Carey,REP,"City of Midland, Precinct 5",192
"City of Midland, Precinct 5 Delegate (REP)",Ron Daniel,REP,"City of Midland, Precinct 5",151
"City of Midland, Precinct 5 Delegate (REP)",Roy C. Green,REP,"City of Midland, Precinct 5",165
"City of Midland, Precinct 5 Delegate (REP)",John F. Lynn,REP,"City of Midland, Precinct 5",167
"City of Midland, Precinct 5 Delegate (REP)",Roxann Lynn,REP,"City of Midland, Precinct 5",167
"City of Midland, Precinct 5 Delegate (REP)",Ashton Maloney,REP,"City of Midland, Precinct 5",144
"City of Midland, Precinct 5 Delegate (REP)",Michael Maloney,REP,"City of Midland, Precinct 5",159
"City of Midland, Precinct 5 Delegate (REP)",Will Rice,REP,"City of Midland, Precinct 5",125
"City of Midland, Precinct 5 Delegate (REP)",Bill Schuette,REP,"City of Midland, Precinct 5",327
"City of Midland, Precinct 5 Delegate (REP)",Write-in,REP,"City of Midland, Precinct 5",0
"City of Midland, Precinct 6 Delegate (REP)",Kari Atkinson,REP,"City of Midland, Precinct 6",244
"City of Midland, Precinct 6 Delegate (REP)",Todd M. Gambrell,REP,"City of Midland, Precinct 6",288
"City of Midland, Precinct 6 Delegate (REP)",Jon Lauderbach,REP,"City of Midland, Precinct 6",313
"City of Midland, Precinct 6 Delegate (REP)",Cathy Leikhim,REP,"City of Midland, Precinct 6",252
"City of Midland, Precinct 6 Delegate (REP)",Dennis G. Starner,REP,"City of Midland, Precinct 6",245
"City of Midland, Precinct 6 Delegate (REP)",Doreen Starner,REP,"City of Midland, Precinct 6",232
"City of Midland, Precinct 6 Delegate (REP)",Christian Velasquez,REP,"City of Midland, Precinct 6",278
"City of Midland, Precinct 6 Delegate (REP)",Write-in,REP,"City of Midland, Precinct 6",7
"City of Midland, Precinct 7 Delegate (REP)",Bryan W. Crosby,REP,"City of Midland, Precinct 7",286
"City of Midland, Precinct 7 Delegate (REP)",Cathy Lunsford,REP,"City of Midland, Precinct 7",274
"City of Midland, Precinct 7 Delegate (REP)",Joe Lunsford,REP,"City of Midland, Precinct 7",261
"City of Midland, Precinct 7 Delegate (REP)",Fred Queary,REP,"City of Midland, Precinct 7",256
"City of Midland, Precinct 7 Delegate (REP)",Write-in,REP,"City of Midland, Precinct 7",3
"City of Midland, Precinct 8 Delegate (REP)",Austin Rapanos,REP,"City of Midland, Precinct 8",267
"City of Midland, Precinct 8 Delegate (REP)",Carolee Rolf,REP,"City of Midland, Precinct 8",254
"City of Midland, Precinct 8 Delegate (REP)",Fred Rolf,REP,"City of Midland, Precinct 8",267
"City of Midland, Precinct 8 Delegate (REP)",Jennifer Sanchez,REP,"City of Midland, Precinct 8",252
"City of Midland, Precinct 8 Delegate (REP)",Michelle Tschaikowsky,REP,"City of Midland, Precinct 8",237
"City of Midland, Precinct 8 Delegate (REP)",Holly Wetzel,REP,"City of Midland, Precinct 8",241
"City of Midland, Precinct 8 Delegate (REP)",Write-in,REP,"City of Midland, Precinct 8",10
"City of Midland, Precinct 9 Delegate (REP)",Diane M. Bristol,REP,"City of Midland, Precinct 9",181
"City of Midland, Precinct 9 Delegate (REP)",Luke Derheim,REP,"City of Midland, Precinct 9",164
"City of Midland, Precinct 9 Delegate (REP)",Annette Glenn,REP,"City of Midland, Precinct 9",230
"City of Midland, Precinct 9 Delegate (REP)",William C. Lauderbach,REP,"City of Midland, Precinct 9",203
"City of Midland, Precinct 9 Delegate (REP)",John Levy,REP,"City of Midland, Precinct 9",181
"City of Midland, Precinct 9 Delegate (REP)",John C. Marvin,REP,"City of Midland, Precinct 9",159
"City of Midland, Precinct 9 Delegate (REP)",Chris Moultrup,REP,"City of Midland, Precinct 9",181
"City of Midland, Precinct 9 Delegate (REP)",Write-in,REP,"City of Midland, Precinct 9",0
"City of Midland, Precinct 10 Delegate (REP)",Christina Egan,REP,"City of Midland, Precinct 10",261
"City of Midland, Precinct 10 Delegate (REP)",Jeffrey Glen Holzhausen,REP,"City of Midland, Precinct 10",266
"City of Midland, Precinct 10 Delegate (REP)",Rodney Kloha,REP,"City of Midland, Precinct 10",275
"City of Midland, Precinct 10 Delegate (REP)",Vicki Kloha,REP,"City of Midland, Precinct 10",262
"City of Midland, Precinct 10 Delegate (REP)",Aaron M. Majorana,REP,"City of Midland, Precinct 10",243
"City of Midland, Precinct 10 Delegate (REP)",Jennifer C. Majorana,REP,"City of Midland, Precinct 10",243
"City of Midland, Precinct 10 Delegate (REP)",Jackie Medema,REP,"City of Midland, Precinct 10",272
"City of Midland, Precinct 10 Delegate (REP)",Write-in,REP,"City of Midland, Precinct 10",4
"Edenville Township, Precinct 1 Delegate (REP)",Melissa J. Anderson,REP,"Edenville Township, Precinct 1",308
"Edenville Township, Precinct 1 Delegate (REP)",Kimberly Gaskell,REP,"Edenville Township, Precinct 1",349
"Edenville Township, Precinct 1 Delegate (REP)",Terrance A. Hall Jr.,REP,"Edenville Township, Precinct 1",276
"Edenville Township, Precinct 1 Delegate (REP)",Carter Houtman,REP,"Edenville Township, Precinct 1",287
"Edenville Township, Precinct 1 Delegate (REP)",Deborah S. Moore,REP,"Edenville Township, Precinct 1",294
"Edenville Township, Precinct 1 Delegate (REP)",Jeanette M. Snyder,REP,"Edenville Township, Precinct 1",365
"Edenville Township, Precinct 1 Delegate (REP)",Write-in,REP,"Edenville Township, Precinct 1",28
"Geneva Township, Precinct 1 Delegate (REP)",Carolyn Whitmore,REP,"Geneva Township, Precinct 1",140
"Geneva Township, Precinct 1 Delegate (REP)",Write-in,REP,"Geneva Township, Precinct 1",2
"Greendale Township, Precinct 1 Delegate (REP)",Write-in,REP,"Greendale Township, Precinct 1",3
"Homer Township, Precinct 1 Delegate (REP)",Robert E. Bourne,REP,"Homer Township, Precinct 1",89
"Homer Township, Precinct 1 Delegate (REP)",Gregory E. Crawford,REP,"Homer Township, Precinct 1",86
"Homer Township, Precinct 1 Delegate (REP)",Jake Howard,REP,"Homer Township, Precinct 1",77
"Homer Township, Precinct 1 Delegate (REP)",Write-in,REP,"Homer Township, Precinct 1",0
"Homer Township, Precinct 2 Delegate (REP)",Bill Domina,REP,"Homer Township, Precinct 2",108
"Homer Township, Precinct 2 Delegate (REP)",Caleb Hortop,REP,"Homer Township, Precinct 2",98
"Homer Township, Precinct 2 Delegate (REP)",Lindsay Hortop,REP,"Homer Township, Precinct 2",101
"Homer Township, Precinct 2 Delegate (REP)",Write-in,REP,"Homer Township, Precinct 2",0
"Homer Township, Precinct 3 Delegate (REP)",Steve Glaser,REP,"Homer Township, Precinct 3",114
"Homer Township, Precinct 3 Delegate (REP)",John A. Pruiett,REP,"Homer Township, Precinct 3",97
"Homer Township, Precinct 3 Delegate (REP)",Ginny Schuelke,REP,"Homer Township, Precinct 3",86
"Homer Township, Precinct 3 Delegate (REP)",Angela Wojda-Stamas,REP,"Homer Township, Precinct 3",107
"Homer Township, Precinct 3 Delegate (REP)",Dawn M. Woods,REP,"Homer Township, Precinct 3",90
"Homer Township, Precinct 3 Delegate (REP)",Write-in,REP,"Homer Township, Precinct 3",4
"Hope Township, Precinct 1 Delegate (REP)",James Hughes,REP,"Hope Township, Precinct 1",174
"Hope Township, Precinct 1 Delegate (REP)",Marinell Schafer,REP,"Hope Township, Precinct 1",150
"Hope Township, Precinct 1 Delegate (REP)",Write-in,REP,"Hope Township, Precinct 1",6
"Ingersoll Township, Precinct 1 Delegate (REP)",Robert Dvorak,REP,"Ingersoll Township, Precinct 1",119
"Ingersoll Township, Precinct 1 Delegate (REP)",Valerie Dvorak,REP,"Ingersoll Township, Precinct 1",107
"Ingersoll Township, Precinct 1 Delegate (REP)",Charles Tabb,REP,"Ingersoll Township, Precinct 1",114
"Ingersoll Township, Precinct 1 Delegate (REP)",Mary Ann Tabb,REP,"Ingersoll Township, Precinct 1",120
"Ingersoll Township, Precinct 1 Delegate (REP)",Write-in,REP,"Ingersoll Township, Precinct 1",12
"Ingersoll Township, Precinct 2 Delegate (REP)",Gaye Terwillegar,REP,"Ingersoll Township, Precinct 2",99
"Ingersoll Township, Precinct 2 Delegate (REP)",Write-in,REP,"Ingersoll Township, Precinct 2",1
"Jasper Township, Precinct 1 Delegate (REP)",Write-in,REP,"Jasper Township, Precinct 1",2
"Jerome Township, Precinct 1 Delegate (REP)",Amanda Oster,REP,"Jerome Township, Precinct 1",276
"Jerome Township, Precinct 1 Delegate (REP)",Write-in,REP,"Jerome Township, Precinct 1",7
"Jerome Township, Precinct 2 Delegate (REP)",Evan M. Burdick,REP,"Jerome Township, Precinct 2",206
"Jerome Township, Precinct 2 Delegate (REP)",Grant Halazon,REP,"Jerome Township, Precinct 2",172
"Jerome Township, Precinct 2 Delegate (REP)",Scott Holzinger,REP,"Jerome Township, Precinct 2",283
"Jerome Township, Precinct 2 Delegate (REP)",Laura E. Norcutt,REP,"Jerome Township, Precinct 2",185
"Jerome Township, Precinct 2 Delegate (REP)",Andrew Reder,REP,"Jerome Township, Precinct 2",183
"Jerome Township, Precinct 2 Delegate (REP)",Write-in,REP,"Jerome Township, Precinct 2",2
"Larkin Township, Precinct 1 Delegate (REP)",Belinda Blasy,REP,"Larkin Township, Precinct 1",186
"Larkin Township, Precinct 1 Delegate (REP)",Brad D. Blasy,REP,"Larkin Township, Precinct 1",199
"Larkin Township, Precinct 1 Delegate (REP)",Brenda Cesaretti,REP,"Larkin Township, Precinct 1",166
"Larkin Township, Precinct 1 Delegate (REP)",Rick Cesaretti,REP,"Larkin Township, Precinct 1",164
"Larkin Township, Precinct 1 Delegate (REP)",Jon Lynch,REP,"Larkin Township, Precinct 1",186
"Larkin Township, Precinct 1 Delegate (REP)",Tina Lynch,REP,"Larkin Township, Precinct 1",176
"Larkin Township, Precinct 1 Delegate (REP)",Write-in,REP,"Larkin Township, Precinct 1",6
"Larkin Township, Precinct 2 Delegate (REP)",Mark Bone,REP,"Larkin Township, Precinct 2",176
"Larkin Township, Precinct 2 Delegate (REP)",Mary Draves,REP,"Larkin Township, Precinct 2",127
"Larkin Township, Precinct 2 Delegate (REP)",Todd Draves,REP,"Larkin Township, Precinct 2",137
"Larkin Township, Precinct 2 Delegate (REP)",Charlee Simanskey,REP,"Larkin Township, Precinct 2",144
"Larkin Township, Precinct 2 Delegate (REP)",Jill Sklenar,REP,"Larkin Township, Precinct 2",143
"Larkin Township, Precinct 2 Delegate (REP)",Write-in,REP,"Larkin Township, Precinct 2",5
"Larkin Township, Precinct 3 Delegate (REP)",Cheryl Duncan,REP,"Larkin Township, Precinct 3",115
"Larkin Township, Precinct 3 Delegate (REP)",Jim Duncan,REP,"Larkin Township, Precinct 3",118
"Larkin Township, Precinct 3 Delegate (REP)",Linda M. Horbal,REP,"Larkin Township, Precinct 3",132
"Larkin Township, Precinct 3 Delegate (REP)",Michael Love,REP,"Larkin Township, Precinct 3",136
"Larkin Township, Precinct 3 Delegate (REP)",Write-in,REP,"Larkin Township, Precinct 3",0
"Lee Township, Precinct 1 Delegate (REP)",Write-in,REP,"Lee Township, Precinct 1",7
"Lee Township, Precinct 2 Delegate (REP)",Laura Dawson,REP,"Lee Township, Precinct 2",174
"Lee Township, Precinct 2 Delegate (REP)",Dawn M. Dubay,REP,"Lee Township, Precinct 2",122
"Lee Township, Precinct 2 Delegate (REP)",Carolyn A. Langlois,REP,"Lee Township, Precinct 2",116
"Lee Township, Precinct 2 Delegate (REP)",Write-in,REP,"Lee Township, Precinct 2",0
"Lincoln Township, Precinct 1 Delegate (REP)",Matthew Buczek,REP,"Lincoln Township, Precinct 1",208
"Lincoln Township, Precinct 1 Delegate (REP)",Anne VanHulle,REP,"Lincoln Township, Precinct 1",198
"Lincoln Township, Precinct 1 Delegate (REP)",Mark Zimmerman,REP,"Lincoln Township, Precinct 1",254
"Lincoln Township, Precinct 1 Delegate (REP)",Write-in,REP,"Lincoln Township, Precinct 1",5
"Midland Township, Precinct 1 Delegate (REP)",Kenneth D. Mault,REP,"Midland Township, Precinct 1",134
"Midland Township, Precinct 1 Delegate (REP)",Jim Stamas,REP,"Midland Township, Precinct 1",202
"Midland Township, Precinct 1 Delegate (REP)",Write-in,REP,"Midland Township, Precinct 1",1
"Mills Township, Precinct 1 Delegate (REP)",Myron Greene,REP,"Mills Township, Precinct 1",200
"Mills Township, Precinct 1 Delegate (REP)",Tamara Myers-Greene,REP,"Mills Township, Precinct 1",153
"Mills Township, Precinct 1 Delegate (REP)",Janet Schachtner,REP,"Mills Township, Precinct 1",136
"Mills Township, Precinct 1 Delegate (REP)",Write-in,REP,"Mills Township, Precinct 1",4
"Mt. Haley Township, Precinct 1 Delegate (REP)",John Blackson,REP,"Mt. Haley Township, Precinct 1",130
"Mt. Haley Township, Precinct 1 Delegate (REP)",Marcia Blackson,REP,"Mt. Haley Township, Precinct 1",125
"Mt. Haley Township, Precinct 1 Delegate (REP)",Write-in,REP,"Mt. Haley Township, Precinct 1",0
"Porter Township, Precinct 1 Delegate (REP)",Tiffany Marie Souders,REP,"Porter Township, Precinct 1",135
"Porter Township, Precinct 1 Delegate (REP)",Write-in,REP,"Porter Township, Precinct 1",2
"Warren Township, Precinct 1 Delegate (REP)",Jenny Anway,REP,"Warren Township, Precinct 1",209
"Warren Township, Precinct 1 Delegate (REP)",Stanley Anway,REP,"Warren Township, Precinct 1",183
"Warren Township, Precinct 1 Delegate (REP)",Write-in,REP,"Warren Township, Precinct 1",7
9-1-1 Central Dispatch Millage Renewal Proposal,Yes,,"City of Coleman, Precinct 1",150
9-1-1 Central Dispatch Millage Renewal Proposal,No,,"City of Coleman, Precinct 1",26
9-1-1 Central Dispatch Millage Renewal Proposal,Yes,,"City of Midland, Precinct 1",579
9-1-1 Central Dispatch Millage Renewal Proposal,No,,"City of Midland, Precinct 1",89
9-1-1 Central Dispatch Millage Renewal Proposal,Yes,,"City of Midland, Precinct 2A",429
9-1-1 Central Dispatch Millage Renewal Proposal,No,,"City of Midland, Precinct 2A",66
9-1-1 Central Dispatch Millage Renewal Proposal,Yes,,"City of Midland, Precinct 3",532
9-1-1 Central Dispatch Millage Renewal Proposal,No,,"City of Midland, Precinct 3",101
9-1-1 Central Dispatch Millage Renewal Proposal,Yes,,"City of Midland, Precinct 4",829
9-1-1 Central Dispatch Millage Renewal Proposal,No,,"City of Midland, Precinct 4",99
9-1-1 Central Dispatch Millage Renewal Proposal,Yes,,"City of Midland, Precinct 5",718
9-1-1 Central Dispatch Millage Renewal Proposal,No,,"City of Midland, Precinct 5",88
9-1-1 Central Dispatch Millage Renewal Proposal,Yes,,"City of Midland, Precinct 6",838
9-1-1 Central Dispatch Millage Renewal Proposal,No,,"City of Midland, Precinct 6",96
9-1-1 Central Dispatch Millage Renewal Proposal,Yes,,"City of Midland, Precinct 7",878
9-1-1 Central Dispatch Millage Renewal Proposal,No,,"City of Midland, Precinct 7",92
9-1-1 Central Dispatch Millage Renewal Proposal,Yes,,"City of Midland, Precinct 8",870
9-1-1 Central Dispatch Millage Renewal Proposal,No,,"City of Midland, Precinct 8",92
9-1-1 Central Dispatch Millage Renewal Proposal,Yes,,"City of Midland, Precinct 9",775
9-1-1 Central Dispatch Millage Renewal Proposal,No,,"City of Midland, Precinct 9",76
9-1-1 Central Dispatch Millage Renewal Proposal,Yes,,"City of Midland, Precinct 10",895
9-1-1 Central Dispatch Millage Renewal Proposal,No,,"City of Midland, Precinct 10",97
9-1-1 Central Dispatch Millage Renewal Proposal,Yes,,"Edenville Township, Precinct 1",592
9-1-1 Central Dispatch Millage Renewal Proposal,No,,"Edenville Township, Precinct 1",167
9-1-1 Central Dispatch Millage Renewal Proposal,Yes,,"Geneva Township, Precinct 1",211
9-1-1 Central Dispatch Millage Renewal Proposal,No,,"Geneva Township, Precinct 1",68
9-1-1 Central Dispatch Millage Renewal Proposal,Yes,,"Greendale Township, Precinct 1",220
9-1-1 Central Dispatch Millage Renewal Proposal,No,,"Greendale Township, Precinct 1",103
9-1-1 Central Dispatch Millage Renewal Proposal,Yes,,"Homer Township, Precinct 1",241
9-1-1 Central Dispatch Millage Renewal Proposal,No,,"Homer Township, Precinct 1",39
9-1-1 Central Dispatch Millage Renewal Proposal,Yes,,"Homer Township, Precinct 2",196
9-1-1 Central Dispatch Millage Renewal Proposal,No,,"Homer Township, Precinct 2",44
9-1-1 Central Dispatch Millage Renewal Proposal,Yes,,"Homer Township, Precinct 3",298
9-1-1 Central Dispatch Millage Renewal Proposal,No,,"Homer Township, Precinct 3",47
9-1-1 Central Dispatch Millage Renewal Proposal,Yes,,"Hope Township, Precinct 1",315
9-1-1 Central Dispatch Millage Renewal Proposal,No,,"Hope Township, Precinct 1",77
9-1-1 Central Dispatch Millage Renewal Proposal,Yes,,"Ingersoll Township, Precinct 1",240
9-1-1 Central Dispatch Millage Renewal Proposal,No,,"Ingersoll Township, Precinct 1",64
9-1-1 Central Dispatch Millage Renewal Proposal,Yes,,"Ingersoll Township, Precinct 2",172
9-1-1 Central Dispatch Millage Renewal Proposal,No,,"Ingersoll Township, Precinct 2",63
9-1-1 Central Dispatch Millage Renewal Proposal,Yes,,"Jasper Township, Precinct 1",227
9-1-1 Central Dispatch Millage Renewal Proposal,No,,"Jasper Township, Precinct 1",57
9-1-1 Central Dispatch Millage Renewal Proposal,Yes,,"Jerome Township, Precinct 1",473
9-1-1 Central Dispatch Millage Renewal Proposal,No,,"Jerome Township, Precinct 1",100
9-1-1 Central Dispatch Millage Renewal Proposal,Yes,,"Jerome Township, Precinct 2",433
9-1-1 Central Dispatch Millage Renewal Proposal,No,,"Jerome Township, Precinct 2",113
9-1-1 Central Dispatch Millage Renewal Proposal,Yes,,"Larkin Township, Precinct 1",384
9-1-1 Central Dispatch Millage Renewal Proposal,No,,"Larkin Township, Precinct 1",91
9-1-1 Central Dispatch Millage Renewal Proposal,Yes,,"Larkin Township, Precinct 2",358
9-1-1 Central Dispatch Millage Renewal Proposal,No,,"Larkin Township, Precinct 2",56
9-1-1 Central Dispatch Millage Renewal Proposal,Yes,,"Larkin Township, Precinct 3",302
9-1-1 Central Dispatch Millage Renewal Proposal,No,,"Larkin Township, Precinct 3",35
9-1-1 Central Dispatch Millage Renewal Proposal,Yes,,"Lee Township, Precinct 1",212
9-1-1 Central Dispatch Millage Renewal Proposal,No,,"Lee Township, Precinct 1",104
9-1-1 Central Dispatch Millage Renewal Proposal,Yes,,"Lee Township, Precinct 2",255
9-1-1 Central Dispatch Millage Renewal Proposal,No,,"Lee Township, Precinct 2",72
9-1-1 Central Dispatch Millage Renewal Proposal,Yes,,"Lincoln Township, Precinct 1",542
9-1-1 Central Dispatch Millage Renewal Proposal,No,,"Lincoln Township, Precinct 1",125
9-1-1 Central Dispatch Millage Renewal Proposal,Yes,,"Midland Township, Precinct 1",395
9-1-1 Central Dispatch Millage Renewal Proposal,No,,"Midland Township, Precinct 1",66
9-1-1 Central Dispatch Millage Renewal Proposal,Yes,,"Mills Township, Precinct 1",291
9-1-1 Central Dispatch Millage Renewal Proposal,No,,"Mills Township, Precinct 1",87
9-1-1 Central Dispatch Millage Renewal Proposal,Yes,,"Mt. Haley Township, Precinct 1",215
9-1-1 Central Dispatch Millage Renewal Proposal,No,,"Mt. Haley Township, Precinct 1",70
9-1-1 Central Dispatch Millage Renewal Proposal,Yes,,"Porter Township, Precinct 1",169
9-1-1 Central Dispatch Millage Renewal Proposal,No,,"Porter Township, Precinct 1",62
9-1-1 Central Dispatch Millage Renewal Proposal,Yes,,"Warren Township, Precinct 1",352
9-1-1 Central Dispatch Millage Renewal Proposal,No,,"Warren Township, Precinct 1",108
Road Millage Renewal Proposal,Yes,,"City of Coleman, Precinct 1",131
Road Millage Renewal Proposal,No,,"City of Coleman, Precinct 1",45
Road Millage Renewal Proposal,Yes,,"City of Midland, Precinct 1",545
Road Millage Renewal Proposal,No,,"City of Midland, Precinct 1",119
Road Millage Renewal Proposal,Yes,,"City of Midland, Precinct 2A",406
Road Millage Renewal Proposal,No,,"City of Midland, Precinct 2A",92
Road Millage Renewal Proposal,Yes,,"City of Midland, Precinct 3",505
Road Millage Renewal Proposal,No,,"City of Midland, Precinct 3",126
Road Millage Renewal Proposal,Yes,,"City of Midland, Precinct 4",792
Road Millage Renewal Proposal,No,,"City of Midland, Precinct 4",133
Road Millage Renewal Proposal,Yes,,"City of Midland, Precinct 5",696
Road Millage Renewal Proposal,No,,"City of Midland, Precinct 5",107
Road Millage Renewal Proposal,Yes,,"City of Midland, Precinct 6",796
Road Millage Renewal Proposal,No,,"City of Midland, Precinct 6",137
Road Millage Renewal Proposal,Yes,,"City of Midland, Precinct 7",842
Road Millage Renewal Proposal,No,,"City of Midland, Precinct 7",126
Road Millage Renewal Proposal,Yes,,"City of Midland, Precinct 8",840
Road Millage Renewal Proposal,No,,"City of Midland, Precinct 8",123
Road Millage Renewal Proposal,Yes,,"City of Midland, Precinct 9",738
Road Millage Renewal Proposal,No,,"City of Midland, Precinct 9",113
Road Millage Renewal Proposal,Yes,,"City of Midland, Precinct 10",855
Road Millage Renewal Proposal,No,,"City of Midland, Precinct 10",136
Road Millage Renewal Proposal,Yes,,"Edenville Township, Precinct 1",511
Road Millage Renewal Proposal,No,,"Edenville Township, Precinct 1",248
Road Millage Renewal Proposal,Yes,,"Geneva Township, Precinct 1",172
Road Millage Renewal Proposal,No,,"Geneva Township, Precinct 1",106
Road Millage Renewal Proposal,Yes,,"Greendale Township, Precinct 1",177
Road Millage Renewal Proposal,No,,"Greendale Township, Precinct 1",146
Road Millage Renewal Proposal,Yes,,"Homer Township, Precinct 1",220
Road Millage Renewal Proposal,No,,"Homer Township, Precinct 1",60
Road Millage Renewal Proposal,Yes,,"Homer Township, Precinct 2",178
Road Millage Renewal Proposal,No,,"Homer Township, Precinct 2",62
Road Millage Renewal Proposal,Yes,,"Homer Township, Precinct 3",278
Road Millage Renewal Proposal,No,,"Homer Township, Precinct 3",65
Road Millage Renewal Proposal,Yes,,"Hope Township, Precinct 1",280
Road Millage Renewal Proposal,No,,"Hope Township, Precinct 1",113
Road Millage Renewal Proposal,Yes,,"Ingersoll Township, Precinct 1",220
Road Millage Renewal Proposal,No,,"Ingersoll Township, Precinct 1",82
Road Millage Renewal Proposal,Yes,,"Ingersoll Township, Precinct 2",155
Road Millage Renewal Proposal,No,,"Ingersoll Township, Precinct 2",80
Road Millage Renewal Proposal,Yes,,"Jasper Township, Precinct 1",192
Road Millage Renewal Proposal,No,,"Jasper Township, Precinct 1",90
Road Millage Renewal Proposal,Yes,,"Jerome Township, Precinct 1",445
Road Millage Renewal Proposal,No,,"Jerome Township, Precinct 1",129
Road Millage Renewal Proposal,Yes,,"Jerome Township, Precinct 2",378
Road Millage Renewal Proposal,No,,"Jerome Township, Precinct 2",166
Road Millage Renewal Proposal,Yes,,"Larkin Township, Precinct 1",343
Road Millage Renewal Proposal,No,,"Larkin Township, Precinct 1",132
Road Millage Renewal Proposal,Yes,,"Larkin Township, Precinct 2",343
Road Millage Renewal Proposal,No,,"Larkin Township, Precinct 2",73
Road Millage Renewal Proposal,Yes,,"Larkin Township, Precinct 3",293
Road Millage Renewal Proposal,No,,"Larkin Township, Precinct 3",45
Road Millage Renewal Proposal,Yes,,"Lee Township, Precinct 1",184
Road Millage Renewal Proposal,No,,"Lee Township, Precinct 1",131
Road Millage Renewal Proposal,Yes,,"Lee Township, Precinct 2",222
Road Millage Renewal Proposal,No,,"Lee Township, Precinct 2",106
Road Millage Renewal Proposal,Yes,,"Lincoln Township, Precinct 1",486
Road Millage Renewal Proposal,No,,"Lincoln Township, Precinct 1",174
Road Millage Renewal Proposal,Yes,,"Midland Township, Precinct 1",354
Road Millage Renewal Proposal,No,,"Midland Township, Precinct 1",110
Road Millage Renewal Proposal,Yes,,"Mills Township, Precinct 1",261
Road Millage Renewal Proposal,No,,"Mills Township, Precinct 1",117
Road Millage Renewal Proposal,Yes,,"Mt. Haley Township, Precinct 1",194
Road Millage Renewal Proposal,No,,"Mt. Haley Township, Precinct 1",91
Road Millage Renewal Proposal,Yes,,"Porter Township, Precinct 1",150
Road Millage Renewal Proposal,No,,"Porter Township, Precinct 1",83
Road Millage Renewal Proposal,Yes,,"Warren Township, Precinct 1",290
Road Millage Renewal Proposal,No,,"Warren Township, Precinct 1",172
Pinecrest Infirmary Millage Renewal and Increase Proposal,Yes,,"City of Coleman, Precinct 1",106
Pinecrest Infirmary Millage Renewal and Increase Proposal,No,,"City of Coleman, Precinct 1",67
Pinecrest Infirmary Millage Renewal and Increase Proposal,Yes,,"City of Midland, Precinct 1",483
Pinecrest Infirmary Millage Renewal and Increase Proposal,No,,"City of Midland, Precinct 1",178
Pinecrest Infirmary Millage Renewal and Increase Proposal,Yes,,"City of Midland, Precinct 2A",351
Pinecrest Infirmary Millage Renewal and Increase Proposal,No,,"City of Midland, Precinct 2A",139
Pinecrest Infirmary Millage Renewal and Increase Proposal,Yes,,"City of Midland, Precinct 3",460
Pinecrest Infirmary Millage Renewal and Increase Proposal,No,,"City of Midland, Precinct 3",161
Pinecrest Infirmary Millage Renewal and Increase Proposal,Yes,,"City of Midland, Precinct 4",727
Pinecrest Infirmary Millage Renewal and Increase Proposal,No,,"City of Midland, Precinct 4",188
Pinecrest Infirmary Millage Renewal and Increase Proposal,Yes,,"City of Midland, Precinct 5",564
Pinecrest Infirmary Millage Renewal and Increase Proposal,No,,"City of Midland, Precinct 5",229
Pinecrest Infirmary Millage Renewal and Increase Proposal,Yes,,"City of Midland, Precinct 6",715
Pinecrest Infirmary Millage Renewal and Increase Proposal,No,,"City of Midland, Precinct 6",213
Pinecrest Infirmary Millage Renewal and Increase Proposal,Yes,,"City of Midland, Precinct 7",734
Pinecrest Infirmary Millage Renewal and Increase Proposal,No,,"City of Midland, Precinct 7",220
Pinecrest Infirmary Millage Renewal and Increase Proposal,Yes,,"City of Midland, Precinct 8",710
Pinecrest Infirmary Millage Renewal and Increase Proposal,No,,"City of Midland, Precinct 8",239
Pinecrest Infirmary Millage Renewal and Increase Proposal,Yes,,"City of Midland, Precinct 9",652
Pinecrest Infirmary Millage Renewal and Increase Proposal,No,,"City of Midland, Precinct 9",196
Pinecrest Infirmary Millage Renewal and Increase Proposal,Yes,,"City of Midland, Precinct 10",753
Pinecrest Infirmary Millage Renewal and Increase Proposal,No,,"City of Midland, Precinct 10",235
Pinecrest Infirmary Millage Renewal and Increase Proposal,Yes,,"Edenville Township, Precinct 1",383
Pinecrest Infirmary Millage Renewal and Increase Proposal,No,,"Edenville Township, Precinct 1",361
Pinecrest Infirmary Millage Renewal and Increase Proposal,Yes,,"Geneva Township, Precinct 1",105
Pinecrest Infirmary Millage Renewal and Increase Proposal,No,,"Geneva Township, Precinct 1",171
Pinecrest Infirmary Millage Renewal and Increase Proposal,Yes,,"Greendale Township, Precinct 1",145
Pinecrest Infirmary Millage Renewal and Increase Proposal,No,,"Greendale Township, Precinct 1",171
Pinecrest Infirmary Millage Renewal and Increase Proposal,Yes,,"Homer Township, Precinct 1",186
Pinecrest Infirmary Millage Renewal and Increase Proposal,No,,"Homer Township, Precinct 1",90
Pinecrest Infirmary Millage Renewal and Increase Proposal,Yes,,"Homer Township, Precinct 2",149
Pinecrest Infirmary Millage Renewal and Increase Proposal,No,,"Homer Township, Precinct 2",88
Pinecrest Infirmary Millage Renewal and Increase Proposal,Yes,,"Homer Township, Precinct 3",233
Pinecrest Infirmary Millage Renewal and Increase Proposal,No,,"Homer Township, Precinct 3",108
Pinecrest Infirmary Millage Renewal and Increase Proposal,Yes,,"Hope Township, Precinct 1",207
Pinecrest Infirmary Millage Renewal and Increase Proposal,No,,"Hope Township, Precinct 1",177
Pinecrest Infirmary Millage Renewal and Increase Proposal,Yes,,"Ingersoll Township, Precinct 1",175
Pinecrest Infirmary Millage Renewal and Increase Proposal,No,,"Ingersoll Township, Precinct 1",121
Pinecrest Infirmary Millage Renewal and Increase Proposal,Yes,,"Ingersoll Township, Precinct 2",131
Pinecrest Infirmary Millage Renewal and Increase Proposal,No,,"Ingersoll Township, Precinct 2",101
Pinecrest Infirmary Millage Renewal and Increase Proposal,Yes,,"Jasper Township, Precinct 1",124
Pinecrest Infirmary Millage Renewal and Increase Proposal,No,,"Jasper Township, Precinct 1",158
Pinecrest Infirmary Millage Renewal and Increase Proposal,Yes,,"Jerome Township, Precinct 1",352
Pinecrest Infirmary Millage Renewal and Increase Proposal,No,,"Jerome Township, Precinct 1",207
Pinecrest Infirmary Millage Renewal and Increase Proposal,Yes,,"Jerome Township, Precinct 2",306
Pinecrest Infirmary Millage Renewal and Increase Proposal,No,,"Jerome Township, Precinct 2",227
Pinecrest Infirmary Millage Renewal and Increase Proposal,Yes,,"Larkin Township, Precinct 1",290
Pinecrest Infirmary Millage Renewal and Increase Proposal,No,,"Larkin Township, Precinct 1",169
Pinecrest Infirmary Millage Renewal and Increase Proposal,Yes,,"Larkin Township, Precinct 2",292
Pinecrest Infirmary Millage Renewal and Increase Proposal,No,,"Larkin Township, Precinct 2",122
Pinecrest Infirmary Millage Renewal and Increase Proposal,Yes,,"Larkin Township, Precinct 3",251
Pinecrest Infirmary Millage Renewal and Increase Proposal,No,,"Larkin Township, Precinct 3",79
Pinecrest Infirmary Millage Renewal and Increase Proposal,Yes,,"Lee Township, Precinct 1",162
Pinecrest Infirmary Millage Renewal and Increase Proposal,No,,"Lee Township, Precinct 1",150
Pinecrest Infirmary Millage Renewal and Increase Proposal,Yes,,"Lee Township, Precinct 2",174
Pinecrest Infirmary Millage Renewal and Increase Proposal,No,,"Lee Township, Precinct 2",147
Pinecrest Infirmary Millage Renewal and Increase Proposal,Yes,,"Lincoln Township, Precinct 1",376
Pinecrest Infirmary Millage Renewal and Increase Proposal,No,,"Lincoln Township, Precinct 1",278
Pinecrest Infirmary Millage Renewal and Increase Proposal,Yes,,"Midland Township, Precinct 1",297
Pinecrest Infirmary Millage Renewal and Increase Proposal,No,,"Midland Township, Precinct 1",164
Pinecrest Infirmary Millage Renewal and Increase Proposal,Yes,,"Mills Township, Precinct 1",205
Pinecrest Infirmary Millage Renewal and Increase Proposal,No,,"Mills Township, Precinct 1",166
Pinecrest Infirmary Millage Renewal and Increase Proposal,Yes,,"Mt. Haley Township, Precinct 1",152
Pinecrest Infirmary Millage Renewal and Increase Proposal,No,,"Mt. Haley Township, Precinct 1",128
Pinecrest Infirmary Millage Renewal and Increase Proposal,Yes,,"Porter Township, Precinct 1",113
Pinecrest Infirmary Millage Renewal and Increase Proposal,No,,"Porter Township, Precinct 1",119
Pinecrest Infirmary Millage Renewal and Increase Proposal,Yes,,"Warren Township, Precinct 1",217
Pinecrest Infirmary Millage Renewal and Increase Proposal,No,,"Warren Township, Precinct 1",234
Geneva Township Fire Millage Renewal,Yes,,"Geneva Township, Precinct 1",205
Geneva Township Fire Millage Renewal,No,,"Geneva Township, Precinct 1",65
Geneva Township Fire Millage Increase,Yes,,"Geneva Township, Precinct 1",110
Geneva Township Fire Millage Increase,No,,"Geneva Township, Precinct 1",160
Greendale Township Fire Millage Renewal,Yes,,"Greendale Township, Precinct 1",222
Greendale Township Fire Millage Renewal,No,,"Greendale Township, Precinct 1",91
Hope Township Millage Renewal Road Maintenance and Improvement Millage,Yes,,"Hope Township, Precinct 1",266
Hope Township Millage Renewal Road Maintenance and Improvement Millage,No,,"Hope Township, Precinct 1",124
Jerome Township Fire Operating and Equipment Millage Renewal,Yes,,"Jerome Township, Precinct 1",442
Jerome Township Fire Operating and Equipment Millage Renewal,No,,"Jerome Township, Precinct 1",125
Jerome Township Fire Operating and Equipment Millage Renewal,Yes,,"Jerome Township, Precinct 2",394
Jerome Township Fire Operating and Equipment Millage Renewal,No,,"Jerome Township, Precinct 2",151
Jerome Township Fire Equipment and Buildings Millage Renewal,Yes,,"Jerome Township, Precinct 1",406
Jerome Township Fire Equipment and Buildings Millage Renewal,No,,"Jerome Township, Precinct 1",156
Jerome Township Fire Equipment and Buildings Millage Renewal,Yes,,"Jerome Township, Precinct 2",350
Jerome Township Fire Equipment and Buildings Millage Renewal,No,,"Jerome Township, Precinct 2",188
Lincoln Township Building and Emergency Services Millage Renewal Proposal,Yes,,"Lincoln Township, Precinct 1",474
Lincoln Township Building and Emergency Services Millage Renewal Proposal,No,,"Lincoln Township, Precinct 1",161
Porter Township Fire Protection and Emergency Medical Services Millage Increase Proposal,Yes,,"Porter Township, Precinct 1",147
Porter Township Fire Protection and Emergency Medical Services Millage Increase Proposal,No,,"Porter Township, Precinct 1",69
Warren Township Fire Operating & Equipment Renewal,Yes,,"Warren Township, Precinct 1",276
Warren Township Fire Operating & Equipment Renewal,No,,"Warren Township, Precinct 1",145
Bullock Creek School District Operating Millage Renewal Proposal,Yes,,"Greendale Township, Precinct 1",77
Bullock Creek School District Operating Millage Renewal Proposal,No,,"Greendale Township, Precinct 1",98
Bullock Creek School District Operating Millage Renewal Proposal,Yes,,"Homer Township, Precinct 1",91
Bullock Creek School District Operating Millage Renewal Proposal,No,,"Homer Township, Precinct 1",52
Bullock Creek School District Operating Millage Renewal Proposal,Yes,,"Homer Township, Precinct 3",187
Bullock Creek School District Operating Millage Renewal Proposal,No,,"Homer Township, Precinct 3",68
Bullock Creek School District Operating Millage Renewal Proposal,Yes,,"Ingersoll Township, Precinct 1",134
Bullock Creek School District Operating Millage Renewal Proposal,No,,"Ingersoll Township, Precinct 1",70
Bullock Creek School District Operating Millage Renewal Proposal,Yes,,"Ingersoll Township, Precinct 2",25
Bullock Creek School District Operating Millage Renewal Proposal,No,,"Ingersoll Township, Precinct 2",11
Bullock Creek School District Operating Millage Renewal Proposal,Yes,,"Lee Township, Precinct 1",139
Bullock Creek School District Operating Millage Renewal Proposal,No,,"Lee Township, Precinct 1",143
Bullock Creek School District Operating Millage Renewal Proposal,Yes,,"Lee Township, Precinct 2",148
Bullock Creek School District Operating Millage Renewal Proposal,No,,"Lee Township, Precinct 2",101
Bullock Creek School District Operating Millage Renewal Proposal,Yes,,"Midland Township, Precinct 1",294
Bullock Creek School District Operating Millage Renewal Proposal,No,,"Midland Township, Precinct 1",101
Bullock Creek School District Operating Millage Renewal Proposal,Yes,,"Mt. Haley Township, Precinct 1",46
Bullock Creek School District Operating Millage Renewal Proposal,No,,"Mt. Haley Township, Precinct 1",35
Bullock Creek School District Operating Millage Renewal Proposal,Yes,,"Porter Township, Precinct 1",9
Bullock Creek School District Operating Millage Renewal Proposal,No,,"Porter Township, Precinct 1",2
Meridian Public Schools Operating Millage Renewal Proposal,Yes,,"Edenville Township, Precinct 1",367
Meridian Public Schools Operating Millage Renewal Proposal,No,,"Edenville Township, Precinct 1",287
Meridian Public Schools Operating Millage Renewal Proposal,Yes,,"Homer Township, Precinct 2",4
Meridian Public Schools Operating Millage Renewal Proposal,No,,"Homer Township, Precinct 2",9
Meridian Public Schools Operating Millage Renewal Proposal,Yes,,"Hope Township, Precinct 1",238
Meridian Public Schools Operating Millage Renewal Proposal,No,,"Hope Township, Precinct 1",150
Meridian Public Schools Operating Millage Renewal Proposal,Yes,,"Jerome Township, Precinct 1",369
Meridian Public Schools Operating Millage Renewal Proposal,No,,"Jerome Township, Precinct 1",202
Meridian Public Schools Operating Millage Renewal Proposal,Yes,,"Jerome Township, Precinct 2",304
Meridian Public Schools Operating Millage Renewal Proposal,No,,"Jerome Township, Precinct 2",177
Meridian Public Schools Operating Millage Renewal Proposal,Yes,,"Larkin Township, Precinct 1",5
Meridian Public Schools Operating Millage Renewal Proposal,No,,"Larkin Township, Precinct 1",2
Meridian Public Schools Operating Millage Renewal Proposal,Yes,,"Lee Township, Precinct 1",5
Meridian Public Schools Operating Millage Renewal Proposal,No,,"Lee Township, Precinct 1",13
Meridian Public Schools Operating Millage Renewal Proposal,Yes,,"Lincoln Township, Precinct 1",284
Meridian Public Schools Operating Millage Renewal Proposal,No,,"Lincoln Township, Precinct 1",195
Hemlock Public School District Operating Millage Renewal Proposal,Yes,,"Ingersoll Township, Precinct 1",0
Hemlock Public School District Operating Millage Renewal Proposal,No,,"Ingersoll Township, Precinct 1",0
Hemlock Public School District Operating Millage Renewal Proposal,Yes,,"Ingersoll Township, Precinct 2",56
Hemlock Public School District Operating Millage Renewal Proposal,No,,"Ingersoll Township, Precinct 2",45
Shepherd Public Schools Bond Proposal,Yes,,"Greendale Township, Precinct 1",31
Shepherd Public Schools Bond Proposal,No,,"Greendale Township, Precinct 1",47
Shepherd Public Schools Bond Proposal,Yes,,"Jasper Township, Precinct 1",
Shepherd Public Schools Bond Proposal,No,,"Jasper Township, Precinct 1",
