Contest,Candidate,Party,Precinct,Votes
United States Senator (DEM),Hill Harper,DEM,"Ash Township, Precinct 1",18
United States Senator (DEM),Elissa Slotkin,DEM,"Ash Township, Precinct 1",143
United States Senator (DEM),Write-in,DEM,"Ash Township, Precinct 1",2
United States Senator (DEM),Hill Harper,DEM,"Ash Township, Precinct 2",22
United States Senator (DEM),Elissa Slotkin,DEM,"Ash Township, Precinct 2",210
United States Senator (DEM),Write-in,DEM,"Ash Township, Precinct 2",0
United States Senator (DEM),Hill Harper,DEM,"Ash Township, Precinct 3",13
United States Senator (DEM),Elissa Slotkin,DEM,"Ash Township, Precinct 3",127
United States Senator (DEM),Write-in,DEM,"Ash Township, Precinct 3",0
United States Senator (DEM),Hill Harper,DEM,"Bedford Township, Precinct 1",11
United States Senator (DEM),Elissa Slotkin,DEM,"Bedford Township, Precinct 1",57
United States Senator (DEM),Write-in,DEM,"Bedford Township, Precinct 1",1
United States Senator (DEM),Hill Harper,DEM,"Bedford Township, Precinct 2",18
United States Senator (DEM),Elissa Slotkin,DEM,"Bedford Township, Precinct 2",115
United States Senator (DEM),Write-in,DEM,"Bedford Township, Precinct 2",0
United States Senator (DEM),Hill Harper,DEM,"Bedford Township, Precinct 3",17
United States Senator (DEM),Elissa Slotkin,DEM,"Bedford Township, Precinct 3",91
United States Senator (DEM),Write-in,DEM,"Bedford Township, Precinct 3",1
United States Senator (DEM),Hill Harper,DEM,"Bedford Township, Precinct 4",29
United States Senator (DEM),Elissa Slotkin,DEM,"Bedford Township, Precinct 4",166
United States Senator (DEM),Write-in,DEM,"Bedford Township, Precinct 4",0
United States Senator (DEM),Hill Harper,DEM,"Bedford Township, Precinct 5",22
United States Senator (DEM),Elissa Slotkin,DEM,"Bedford Township, Precinct 5",130
United States Senator (DEM),Write-in,DEM,"Bedford Township, Precinct 5",0
United States Senator (DEM),Hill Harper,DEM,"Bedford Township, Precinct 6",39
United States Senator (DEM),Elissa Slotkin,DEM,"Bedford Township, Precinct 6",157
United States Senator (DEM),Write-in,DEM,"Bedford Township, Precinct 6",0
United States Senator (DEM),Hill Harper,DEM,"Bedford Township, Precinct 7",19
United States Senator (DEM),Elissa Slotkin,DEM,"Bedford Township, Precinct 7",138
United States Senator (DEM),Write-in,DEM,"Bedford Township, Precinct 7",0
United States Senator (DEM),Hill Harper,DEM,"Bedford Township, Precinct 8",25
United States Senator (DEM),Elissa Slotkin,DEM,"Bedford Township, Precinct 8",164
United States Senator (DEM),Write-in,DEM,"Bedford Township, Precinct 8",1
United States Senator (DEM),Hill Harper,DEM,"Bedford Township, Precinct 9",16
United States Senator (DEM),Elissa Slotkin,DEM,"Bedford Township, Precinct 9",97
United States Senator (DEM),Write-in,DEM,"Bedford Township, Precinct 9",0
United States Senator (DEM),Hill Harper,DEM,"Bedford Township, Precinct 10",15
United States Senator (DEM),Elissa Slotkin,DEM,"Bedford Township, Precinct 10",90
United States Senator (DEM),Write-in,DEM,"Bedford Township, Precinct 10",0
United States Senator (DEM),Hill Harper,DEM,"Bedford Township, Precinct 11",25
United States Senator (DEM),Elissa Slotkin,DEM,"Bedford Township, Precinct 11",100
United States Senator (DEM),Write-in,DEM,"Bedford Township, Precinct 11",0
United States Senator (DEM),Hill Harper,DEM,"Bedford Township, Precinct 12",33
United States Senator (DEM),Elissa Slotkin,DEM,"Bedford Township, Precinct 12",145
United States Senator (DEM),Write-in,DEM,"Bedford Township, Precinct 12",0
United States Senator (DEM),Hill Harper,DEM,"Bedford Township, Precinct 13",16
United States Senator (DEM),Elissa Slotkin,DEM,"Bedford Township, Precinct 13",135
United States Senator (DEM),Write-in,DEM,"Bedford Township, Precinct 13",1
United States Senator (DEM),Hill Harper,DEM,"Bedford Township, Precinct 14",18
United States Senator (DEM),Elissa Slotkin,DEM,"Bedford Township, Precinct 14",97
United States Senator (DEM),Write-in,DEM,"Bedford Township, Precinct 14",0
United States Senator (DEM),Hill Harper,DEM,"Berlin Township, Precinct 1",19
United States Senator (DEM),Elissa Slotkin,DEM,"Berlin Township, Precinct 1",111
United States Senator (DEM),Write-in,DEM,"Berlin Township, Precinct 1",0
United States Senator (DEM),Hill Harper,DEM,"Berlin Township, Precinct 2",35
United States Senator (DEM),Elissa Slotkin,DEM,"Berlin Township, Precinct 2",188
United States Senator (DEM),Write-in,DEM,"Berlin Township, Precinct 2",0
United States Senator (DEM),Hill Harper,DEM,"Berlin Township, Precinct 3",11
United States Senator (DEM),Elissa Slotkin,DEM,"Berlin Township, Precinct 3",131
United States Senator (DEM),Write-in,DEM,"Berlin Township, Precinct 3",0
United States Senator (DEM),Hill Harper,DEM,"Berlin Township, Precinct 4",21
United States Senator (DEM),Elissa Slotkin,DEM,"Berlin Township, Precinct 4",129
United States Senator (DEM),Write-in,DEM,"Berlin Township, Precinct 4",2
United States Senator (DEM),Hill Harper,DEM,"Dundee Township, Precinct 1",19
United States Senator (DEM),Elissa Slotkin,DEM,"Dundee Township, Precinct 1",96
United States Senator (DEM),Write-in,DEM,"Dundee Township, Precinct 1",0
United States Senator (DEM),Hill Harper,DEM,"Dundee Township, Precinct 2",24
United States Senator (DEM),Elissa Slotkin,DEM,"Dundee Township, Precinct 2",148
United States Senator (DEM),Write-in,DEM,"Dundee Township, Precinct 2",1
United States Senator (DEM),Hill Harper,DEM,"Dundee Township, Precinct 3",18
United States Senator (DEM),Elissa Slotkin,DEM,"Dundee Township, Precinct 3",174
United States Senator (DEM),Write-in,DEM,"Dundee Township, Precinct 3",0
United States Senator (DEM),Hill Harper,DEM,"Erie Township, Precinct 1",33
United States Senator (DEM),Elissa Slotkin,DEM,"Erie Township, Precinct 1",171
United States Senator (DEM),Write-in,DEM,"Erie Township, Precinct 1",0
United States Senator (DEM),Hill Harper,DEM,"Exeter Township, Precinct 1",17
United States Senator (DEM),Elissa Slotkin,DEM,"Exeter Township, Precinct 1",93
United States Senator (DEM),Write-in,DEM,"Exeter Township, Precinct 1",0
United States Senator (DEM),Hill Harper,DEM,"Exeter Township, Precinct 2",35
United States Senator (DEM),Elissa Slotkin,DEM,"Exeter Township, Precinct 2",130
United States Senator (DEM),Write-in,DEM,"Exeter Township, Precinct 2",0
United States Senator (DEM),Hill Harper,DEM,"Frenchtown Township, Precinct 1",1
United States Senator (DEM),Elissa Slotkin,DEM,"Frenchtown Township, Precinct 1",52
United States Senator (DEM),Write-in,DEM,"Frenchtown Township, Precinct 1",0
United States Senator (DEM),Hill Harper,DEM,"Frenchtown Township, Precinct 2",11
United States Senator (DEM),Elissa Slotkin,DEM,"Frenchtown Township, Precinct 2",80
United States Senator (DEM),Write-in,DEM,"Frenchtown Township, Precinct 2",0
United States Senator (DEM),Hill Harper,DEM,"Frenchtown Township, Precinct 3",8
United States Senator (DEM),Elissa Slotkin,DEM,"Frenchtown Township, Precinct 3",87
United States Senator (DEM),Write-in,DEM,"Frenchtown Township, Precinct 3",0
United States Senator (DEM),Hill Harper,DEM,"Frenchtown Township, Precinct 4",24
United States Senator (DEM),Elissa Slotkin,DEM,"Frenchtown Township, Precinct 4",160
United States Senator (DEM),Write-in,DEM,"Frenchtown Township, Precinct 4",0
United States Senator (DEM),Hill Harper,DEM,"Frenchtown Township, Precinct 5",10
United States Senator (DEM),Elissa Slotkin,DEM,"Frenchtown Township, Precinct 5",87
United States Senator (DEM),Write-in,DEM,"Frenchtown Township, Precinct 5",1
United States Senator (DEM),Hill Harper,DEM,"Frenchtown Township, Precinct 6",27
United States Senator (DEM),Elissa Slotkin,DEM,"Frenchtown Township, Precinct 6",114
United States Senator (DEM),Write-in,DEM,"Frenchtown Township, Precinct 6",0
United States Senator (DEM),Hill Harper,DEM,"Frenchtown Township, Precinct 7",22
United States Senator (DEM),Elissa Slotkin,DEM,"Frenchtown Township, Precinct 7",198
United States Senator (DEM),Write-in,DEM,"Frenchtown Township, Precinct 7",0
United States Senator (DEM),Hill Harper,DEM,"Frenchtown Township, Precinct 8",16
United States Senator (DEM),Elissa Slotkin,DEM,"Frenchtown Township, Precinct 8",77
United States Senator (DEM),Write-in,DEM,"Frenchtown Township, Precinct 8",0
United States Senator (DEM),Hill Harper,DEM,"Frenchtown Township, Precinct 9",17
United States Senator (DEM),Elissa Slotkin,DEM,"Frenchtown Township, Precinct 9",109
United States Senator (DEM),Write-in,DEM,"Frenchtown Township, Precinct 9",0
United States Senator (DEM),Hill Harper,DEM,"Ida Township, Precinct 1",26
United States Senator (DEM),Elissa Slotkin,DEM,"Ida Township, Precinct 1",107
United States Senator (DEM),Write-in,DEM,"Ida Township, Precinct 1",0
United States Senator (DEM),Hill Harper,DEM,"Ida Township, Precinct 2",7
United States Senator (DEM),Elissa Slotkin,DEM,"Ida Township, Precinct 2",136
United States Senator (DEM),Write-in,DEM,"Ida Township, Precinct 2",0
United States Senator (DEM),Hill Harper,DEM,"La Salle Township, Precinct 1",14
United States Senator (DEM),Elissa Slotkin,DEM,"La Salle Township, Precinct 1",93
United States Senator (DEM),Write-in,DEM,"La Salle Township, Precinct 1",0
United States Senator (DEM),Hill Harper,DEM,"La Salle Township, Precinct 2",10
United States Senator (DEM),Elissa Slotkin,DEM,"La Salle Township, Precinct 2",149
United States Senator (DEM),Write-in,DEM,"La Salle Township, Precinct 2",0
United States Senator (DEM),Hill Harper,DEM,"London Township, Precinct 1",43
United States Senator (DEM),Elissa Slotkin,DEM,"London Township, Precinct 1",127
United States Senator (DEM),Write-in,DEM,"London Township, Precinct 1",0
United States Senator (DEM),Hill Harper,DEM,"Milan Township, Precinct 1",7
United States Senator (DEM),Elissa Slotkin,DEM,"Milan Township, Precinct 1",97
United States Senator (DEM),Write-in,DEM,"Milan Township, Precinct 1",1
United States Senator (DEM),Hill Harper,DEM,"Monroe Charter Township, Precinct 1",20
United States Senator (DEM),Elissa Slotkin,DEM,"Monroe Charter Township, Precinct 1",114
United States Senator (DEM),Write-in,DEM,"Monroe Charter Township, Precinct 1",0
United States Senator (DEM),Hill Harper,DEM,"Monroe Charter Township, Precinct 2",12
United States Senator (DEM),Elissa Slotkin,DEM,"Monroe Charter Township, Precinct 2",55
United States Senator (DEM),Write-in,DEM,"Monroe Charter Township, Precinct 2",1
United States Senator (DEM),Hill Harper,DEM,"Monroe Charter Township, Precinct 3",13
United States Senator (DEM),Elissa Slotkin,DEM,"Monroe Charter Township, Precinct 3",86
United States Senator (DEM),Write-in,DEM,"Monroe Charter Township, Precinct 3",1
United States Senator (DEM),Hill Harper,DEM,"Monroe Charter Township, Precinct 4",14
United States Senator (DEM),Elissa Slotkin,DEM,"Monroe Charter Township, Precinct 4",139
United States Senator (DEM),Write-in,DEM,"Monroe Charter Township, Precinct 4",0
United States Senator (DEM),Hill Harper,DEM,"Monroe Charter Township, Precinct 5",27
United States Senator (DEM),Elissa Slotkin,DEM,"Monroe Charter Township, Precinct 5",173
United States Senator (DEM),Write-in,DEM,"Monroe Charter Township, Precinct 5",0
United States Senator (DEM),Hill Harper,DEM,"Monroe Charter Township, Precinct 6",13
United States Senator (DEM),Elissa Slotkin,DEM,"Monroe Charter Township, Precinct 6",117
United States Senator (DEM),Write-in,DEM,"Monroe Charter Township, Precinct 6",0
United States Senator (DEM),Hill Harper,DEM,"Raisinville Township, Precinct 1",21
United States Senator (DEM),Elissa Slotkin,DEM,"Raisinville Township, Precinct 1",154
United States Senator (DEM),Write-in,DEM,"Raisinville Township, Precinct 1",0
United States Senator (DEM),Hill Harper,DEM,"Raisinville Township, Precinct 2",16
United States Senator (DEM),Elissa Slotkin,DEM,"Raisinville Township, Precinct 2",226
United States Senator (DEM),Write-in,DEM,"Raisinville Township, Precinct 2",0
United States Senator (DEM),Hill Harper,DEM,"Summerfield Township, Precinct 1",19
United States Senator (DEM),Elissa Slotkin,DEM,"Summerfield Township, Precinct 1",125
United States Senator (DEM),Write-in,DEM,"Summerfield Township, Precinct 1",0
United States Senator (DEM),Hill Harper,DEM,"Whiteford Township, Precinct 1",19
United States Senator (DEM),Elissa Slotkin,DEM,"Whiteford Township, Precinct 1",95
United States Senator (DEM),Write-in,DEM,"Whiteford Township, Precinct 1",1
United States Senator (DEM),Hill Harper,DEM,"Whiteford Township, Precinct 2",12
United States Senator (DEM),Elissa Slotkin,DEM,"Whiteford Township, Precinct 2",57
United States Senator (DEM),Write-in,DEM,"Whiteford Township, Precinct 2",0
United States Senator (DEM),Hill Harper,DEM,"City of Luna Pier, Precinct 1",10
United States Senator (DEM),Elissa Slotkin,DEM,"City of Luna Pier, Precinct 1",95
United States Senator (DEM),Write-in,DEM,"City of Luna Pier, Precinct 1",1
United States Senator (DEM),Hill Harper,DEM,"City of Milan, Precinct 1",29
United States Senator (DEM),Elissa Slotkin,DEM,"City of Milan, Precinct 1",138
United States Senator (DEM),Write-in,DEM,"City of Milan, Precinct 1",0
United States Senator (DEM),Hill Harper,DEM,"City of Monroe, Precinct 1",36
United States Senator (DEM),Elissa Slotkin,DEM,"City of Monroe, Precinct 1",184
United States Senator (DEM),Write-in,DEM,"City of Monroe, Precinct 1",1
United States Senator (DEM),Hill Harper,DEM,"City of Monroe, Precinct 2",40
United States Senator (DEM),Elissa Slotkin,DEM,"City of Monroe, Precinct 2",122
United States Senator (DEM),Write-in,DEM,"City of Monroe, Precinct 2",0
United States Senator (DEM),Hill Harper,DEM,"City of Monroe, Precinct 3N",22
United States Senator (DEM),Elissa Slotkin,DEM,"City of Monroe, Precinct 3N",71
United States Senator (DEM),Write-in,DEM,"City of Monroe, Precinct 3N",2
United States Senator (DEM),Hill Harper,DEM,"City of Monroe, Precinct 3S",27
United States Senator (DEM),Elissa Slotkin,DEM,"City of Monroe, Precinct 3S",48
United States Senator (DEM),Write-in,DEM,"City of Monroe, Precinct 3S",0
United States Senator (DEM),Hill Harper,DEM,"City of Monroe, Precinct 4",31
United States Senator (DEM),Elissa Slotkin,DEM,"City of Monroe, Precinct 4",236
United States Senator (DEM),Write-in,DEM,"City of Monroe, Precinct 4",0
United States Senator (DEM),Hill Harper,DEM,"City of Monroe, Precinct 5",39
United States Senator (DEM),Elissa Slotkin,DEM,"City of Monroe, Precinct 5",327
United States Senator (DEM),Write-in,DEM,"City of Monroe, Precinct 5",0
United States Senator (DEM),Hill Harper,DEM,"City of Monroe, Precinct 6",22
United States Senator (DEM),Elissa Slotkin,DEM,"City of Monroe, Precinct 6",172
United States Senator (DEM),Write-in,DEM,"City of Monroe, Precinct 6",0
United States Senator (DEM),Hill Harper,DEM,"City of Petersburg, Precinct 1",18
United States Senator (DEM),Elissa Slotkin,DEM,"City of Petersburg, Precinct 1",59
United States Senator (DEM),Write-in,DEM,"City of Petersburg, Precinct 1",0
Representative in Congress 5th District (DEM),Libbi Urban,DEM,"Ash Township, Precinct 1",146
Representative in Congress 5th District (DEM),Write-in,DEM,"Ash Township, Precinct 1",1
Representative in Congress 5th District (DEM),Libbi Urban,DEM,"Ash Township, Precinct 2",205
Representative in Congress 5th District (DEM),Write-in,DEM,"Ash Township, Precinct 2",0
Representative in Congress 5th District (DEM),Libbi Urban,DEM,"Ash Township, Precinct 3",126
Representative in Congress 5th District (DEM),Write-in,DEM,"Ash Township, Precinct 3",0
Representative in Congress 5th District (DEM),Libbi Urban,DEM,"Bedford Township, Precinct 1",63
Representative in Congress 5th District (DEM),Write-in,DEM,"Bedford Township, Precinct 1",2
Representative in Congress 5th District (DEM),Libbi Urban,DEM,"Bedford Township, Precinct 2",124
Representative in Congress 5th District (DEM),Write-in,DEM,"Bedford Township, Precinct 2",0
Representative in Congress 5th District (DEM),Libbi Urban,DEM,"Bedford Township, Precinct 3",92
Representative in Congress 5th District (DEM),Write-in,DEM,"Bedford Township, Precinct 3",2
Representative in Congress 5th District (DEM),Libbi Urban,DEM,"Bedford Township, Precinct 4",184
Representative in Congress 5th District (DEM),Write-in,DEM,"Bedford Township, Precinct 4",0
Representative in Congress 5th District (DEM),Libbi Urban,DEM,"Bedford Township, Precinct 5",144
Representative in Congress 5th District (DEM),Write-in,DEM,"Bedford Township, Precinct 5",0
Representative in Congress 5th District (DEM),Libbi Urban,DEM,"Bedford Township, Precinct 6",184
Representative in Congress 5th District (DEM),Write-in,DEM,"Bedford Township, Precinct 6",0
Representative in Congress 5th District (DEM),Libbi Urban,DEM,"Bedford Township, Precinct 7",141
Representative in Congress 5th District (DEM),Write-in,DEM,"Bedford Township, Precinct 7",0
Representative in Congress 5th District (DEM),Libbi Urban,DEM,"Bedford Township, Precinct 8",175
Representative in Congress 5th District (DEM),Write-in,DEM,"Bedford Township, Precinct 8",1
Representative in Congress 5th District (DEM),Libbi Urban,DEM,"Bedford Township, Precinct 9",105
Representative in Congress 5th District (DEM),Write-in,DEM,"Bedford Township, Precinct 9",0
Representative in Congress 5th District (DEM),Libbi Urban,DEM,"Bedford Township, Precinct 10",96
Representative in Congress 5th District (DEM),Write-in,DEM,"Bedford Township, Precinct 10",0
Representative in Congress 5th District (DEM),Libbi Urban,DEM,"Bedford Township, Precinct 11",118
Representative in Congress 5th District (DEM),Write-in,DEM,"Bedford Township, Precinct 11",1
Representative in Congress 5th District (DEM),Libbi Urban,DEM,"Bedford Township, Precinct 12",161
Representative in Congress 5th District (DEM),Write-in,DEM,"Bedford Township, Precinct 12",0
Representative in Congress 5th District (DEM),Libbi Urban,DEM,"Bedford Township, Precinct 13",142
Representative in Congress 5th District (DEM),Write-in,DEM,"Bedford Township, Precinct 13",1
Representative in Congress 5th District (DEM),Libbi Urban,DEM,"Bedford Township, Precinct 14",107
Representative in Congress 5th District (DEM),Write-in,DEM,"Bedford Township, Precinct 14",0
Representative in Congress 5th District (DEM),Libbi Urban,DEM,"Berlin Township, Precinct 1",123
Representative in Congress 5th District (DEM),Write-in,DEM,"Berlin Township, Precinct 1",1
Representative in Congress 5th District (DEM),Libbi Urban,DEM,"Berlin Township, Precinct 2",200
Representative in Congress 5th District (DEM),Write-in,DEM,"Berlin Township, Precinct 2",0
Representative in Congress 5th District (DEM),Libbi Urban,DEM,"Berlin Township, Precinct 3",120
Representative in Congress 5th District (DEM),Write-in,DEM,"Berlin Township, Precinct 3",0
Representative in Congress 5th District (DEM),Libbi Urban,DEM,"Berlin Township, Precinct 4",135
Representative in Congress 5th District (DEM),Write-in,DEM,"Berlin Township, Precinct 4",2
Representative in Congress 5th District (DEM),Libbi Urban,DEM,"Dundee Township, Precinct 1",106
Representative in Congress 5th District (DEM),Write-in,DEM,"Dundee Township, Precinct 1",1
Representative in Congress 5th District (DEM),Libbi Urban,DEM,"Dundee Township, Precinct 2",160
Representative in Congress 5th District (DEM),Write-in,DEM,"Dundee Township, Precinct 2",0
Representative in Congress 5th District (DEM),Libbi Urban,DEM,"Dundee Township, Precinct 3",178
Representative in Congress 5th District (DEM),Write-in,DEM,"Dundee Township, Precinct 3",1
Representative in Congress 5th District (DEM),Libbi Urban,DEM,"Erie Township, Precinct 1",194
Representative in Congress 5th District (DEM),Write-in,DEM,"Erie Township, Precinct 1",0
Representative in Congress 5th District (DEM),Libbi Urban,DEM,"Exeter Township, Precinct 1",91
Representative in Congress 5th District (DEM),Write-in,DEM,"Exeter Township, Precinct 1",2
Representative in Congress 5th District (DEM),Libbi Urban,DEM,"Exeter Township, Precinct 2",135
Representative in Congress 5th District (DEM),Write-in,DEM,"Exeter Township, Precinct 2",0
Representative in Congress 5th District (DEM),Libbi Urban,DEM,"Frenchtown Township, Precinct 1",48
Representative in Congress 5th District (DEM),Write-in,DEM,"Frenchtown Township, Precinct 1",0
Representative in Congress 5th District (DEM),Libbi Urban,DEM,"Frenchtown Township, Precinct 2",81
Representative in Congress 5th District (DEM),Write-in,DEM,"Frenchtown Township, Precinct 2",0
Representative in Congress 5th District (DEM),Libbi Urban,DEM,"Frenchtown Township, Precinct 3",81
Representative in Congress 5th District (DEM),Write-in,DEM,"Frenchtown Township, Precinct 3",0
Representative in Congress 5th District (DEM),Libbi Urban,DEM,"Frenchtown Township, Precinct 4",169
Representative in Congress 5th District (DEM),Write-in,DEM,"Frenchtown Township, Precinct 4",0
Representative in Congress 5th District (DEM),Libbi Urban,DEM,"Frenchtown Township, Precinct 5",85
Representative in Congress 5th District (DEM),Write-in,DEM,"Frenchtown Township, Precinct 5",0
Representative in Congress 5th District (DEM),Libbi Urban,DEM,"Frenchtown Township, Precinct 6",125
Representative in Congress 5th District (DEM),Write-in,DEM,"Frenchtown Township, Precinct 6",0
Representative in Congress 5th District (DEM),Libbi Urban,DEM,"Frenchtown Township, Precinct 7",202
Representative in Congress 5th District (DEM),Write-in,DEM,"Frenchtown Township, Precinct 7",0
Representative in Congress 5th District (DEM),Libbi Urban,DEM,"Frenchtown Township, Precinct 8",79
Representative in Congress 5th District (DEM),Write-in,DEM,"Frenchtown Township, Precinct 8",0
Representative in Congress 5th District (DEM),Libbi Urban,DEM,"Frenchtown Township, Precinct 9",113
Representative in Congress 5th District (DEM),Write-in,DEM,"Frenchtown Township, Precinct 9",0
Representative in Congress 5th District (DEM),Libbi Urban,DEM,"Ida Township, Precinct 1",120
Representative in Congress 5th District (DEM),Write-in,DEM,"Ida Township, Precinct 1",0
Representative in Congress 5th District (DEM),Libbi Urban,DEM,"Ida Township, Precinct 2",125
Representative in Congress 5th District (DEM),Write-in,DEM,"Ida Township, Precinct 2",0
Representative in Congress 5th District (DEM),Libbi Urban,DEM,"La Salle Township, Precinct 1",98
Representative in Congress 5th District (DEM),Write-in,DEM,"La Salle Township, Precinct 1",0
Representative in Congress 5th District (DEM),Libbi Urban,DEM,"La Salle Township, Precinct 2",140
Representative in Congress 5th District (DEM),Write-in,DEM,"La Salle Township, Precinct 2",0
Representative in Congress 5th District (DEM),Libbi Urban,DEM,"London Township, Precinct 1",149
Representative in Congress 5th District (DEM),Write-in,DEM,"London Township, Precinct 1",1
Representative in Congress 5th District (DEM),Libbi Urban,DEM,"Milan Township, Precinct 1",87
Representative in Congress 5th District (DEM),Write-in,DEM,"Milan Township, Precinct 1",0
Representative in Congress 5th District (DEM),Libbi Urban,DEM,"Monroe Charter Township, Precinct 1",122
Representative in Congress 5th District (DEM),Write-in,DEM,"Monroe Charter Township, Precinct 1",0
Representative in Congress 5th District (DEM),Libbi Urban,DEM,"Monroe Charter Township, Precinct 2",63
Representative in Congress 5th District (DEM),Write-in,DEM,"Monroe Charter Township, Precinct 2",0
Representative in Congress 5th District (DEM),Libbi Urban,DEM,"Monroe Charter Township, Precinct 3",86
Representative in Congress 5th District (DEM),Write-in,DEM,"Monroe Charter Township, Precinct 3",0
Representative in Congress 5th District (DEM),Libbi Urban,DEM,"Monroe Charter Township, Precinct 4",143
Representative in Congress 5th District (DEM),Write-in,DEM,"Monroe Charter Township, Precinct 4",2
Representative in Congress 5th District (DEM),Libbi Urban,DEM,"Monroe Charter Township, Precinct 5",176
Representative in Congress 5th District (DEM),Write-in,DEM,"Monroe Charter Township, Precinct 5",2
Representative in Congress 5th District (DEM),Libbi Urban,DEM,"Monroe Charter Township, Precinct 6",116
Representative in Congress 5th District (DEM),Write-in,DEM,"Monroe Charter Township, Precinct 6",0
Representative in Congress 5th District (DEM),Libbi Urban,DEM,"Raisinville Township, Precinct 1",158
Representative in Congress 5th District (DEM),Write-in,DEM,"Raisinville Township, Precinct 1",0
Representative in Congress 5th District (DEM),Libbi Urban,DEM,"Raisinville Township, Precinct 2",222
Representative in Congress 5th District (DEM),Write-in,DEM,"Raisinville Township, Precinct 2",0
Representative in Congress 5th District (DEM),Libbi Urban,DEM,"Summerfield Township, Precinct 1",130
Representative in Congress 5th District (DEM),Write-in,DEM,"Summerfield Township, Precinct 1",0
Representative in Congress 5th District (DEM),Libbi Urban,DEM,"Whiteford Township, Precinct 1",107
Representative in Congress 5th District (DEM),Write-in,DEM,"Whiteford Township, Precinct 1",0
Representative in Congress 5th District (DEM),Libbi Urban,DEM,"Whiteford Township, Precinct 2",59
Representative in Congress 5th District (DEM),Write-in,DEM,"Whiteford Township, Precinct 2",0
Representative in Congress 5th District (DEM),Libbi Urban,DEM,"City of Luna Pier, Precinct 1",96
Representative in Congress 5th District (DEM),Write-in,DEM,"City of Luna Pier, Precinct 1",0
Representative in Congress 5th District (DEM),Libbi Urban,DEM,"City of Monroe, Precinct 1",198
Representative in Congress 5th District (DEM),Write-in,DEM,"City of Monroe, Precinct 1",1
Representative in Congress 5th District (DEM),Libbi Urban,DEM,"City of Monroe, Precinct 2",143
Representative in Congress 5th District (DEM),Write-in,DEM,"City of Monroe, Precinct 2",1
Representative in Congress 5th District (DEM),Libbi Urban,DEM,"City of Monroe, Precinct 3N",85
Representative in Congress 5th District (DEM),Write-in,DEM,"City of Monroe, Precinct 3N",3
Representative in Congress 5th District (DEM),Libbi Urban,DEM,"City of Monroe, Precinct 3S",63
Representative in Congress 5th District (DEM),Write-in,DEM,"City of Monroe, Precinct 3S",1
Representative in Congress 5th District (DEM),Libbi Urban,DEM,"City of Monroe, Precinct 4",250
Representative in Congress 5th District (DEM),Write-in,DEM,"City of Monroe, Precinct 4",0
Representative in Congress 5th District (DEM),Libbi Urban,DEM,"City of Monroe, Precinct 5",338
Representative in Congress 5th District (DEM),Write-in,DEM,"City of Monroe, Precinct 5",0
Representative in Congress 5th District (DEM),Libbi Urban,DEM,"City of Monroe, Precinct 6",175
Representative in Congress 5th District (DEM),Write-in,DEM,"City of Monroe, Precinct 6",0
Representative in Congress 5th District (DEM),Libbi Urban,DEM,"City of Petersburg, Precinct 1",72
Representative in Congress 5th District (DEM),Write-in,DEM,"City of Petersburg, Precinct 1",0
Representative in Congress 6th District (DEM),Debbie Dingell,DEM,"City of Milan, Precinct 1",168
Representative in Congress 6th District (DEM),Write-in,DEM,"City of Milan, Precinct 1",0
Representative in State Legislature 28th District (DEM),Janise O'Neil Robinson,DEM,"Berlin Township, Precinct 1",123
Representative in State Legislature 28th District (DEM),Write-in,DEM,"Berlin Township, Precinct 1",1
Representative in State Legislature 28th District (DEM),Janise O'Neil Robinson,DEM,"Berlin Township, Precinct 2",195
Representative in State Legislature 28th District (DEM),Write-in,DEM,"Berlin Township, Precinct 2",0
Representative in State Legislature 28th District (DEM),Janise O'Neil Robinson,DEM,"Berlin Township, Precinct 3",127
Representative in State Legislature 28th District (DEM),Write-in,DEM,"Berlin Township, Precinct 3",0
Representative in State Legislature 28th District (DEM),Janise O'Neil Robinson,DEM,"Berlin Township, Precinct 4",137
Representative in State Legislature 28th District (DEM),Write-in,DEM,"Berlin Township, Precinct 4",2
Representative in State Legislature 28th District (DEM),Janise O'Neil Robinson,DEM,"Frenchtown Township, Precinct 2",82
Representative in State Legislature 28th District (DEM),Write-in,DEM,"Frenchtown Township, Precinct 2",0
Representative in State Legislature 28th District (DEM),Janise O'Neil Robinson,DEM,"Frenchtown Township, Precinct 3",77
Representative in State Legislature 28th District (DEM),Write-in,DEM,"Frenchtown Township, Precinct 3",0
Representative in State Legislature 28th District (DEM),Janise O'Neil Robinson,DEM,"Frenchtown Township, Precinct 5",84
Representative in State Legislature 28th District (DEM),Write-in,DEM,"Frenchtown Township, Precinct 5",0
Representative in State Legislature 28th District (DEM),Janise O'Neil Robinson,DEM,"Frenchtown Township, Precinct 8",77
Representative in State Legislature 28th District (DEM),Write-in,DEM,"Frenchtown Township, Precinct 8",0
Representative in State Legislature 29th District (DEM),Kyle Wright,DEM,"Ash Township, Precinct 1",151
Representative in State Legislature 29th District (DEM),Write-in,DEM,"Ash Township, Precinct 1",1
Representative in State Legislature 29th District (DEM),Kyle Wright,DEM,"Ash Township, Precinct 2",204
Representative in State Legislature 29th District (DEM),Write-in,DEM,"Ash Township, Precinct 2",0
Representative in State Legislature 29th District (DEM),Kyle Wright,DEM,"Ash Township, Precinct 3",126
Representative in State Legislature 29th District (DEM),Write-in,DEM,"Ash Township, Precinct 3",0
Representative in State Legislature 29th District (DEM),Kyle Wright,DEM,"Frenchtown Township, Precinct 1",47
Representative in State Legislature 29th District (DEM),Write-in,DEM,"Frenchtown Township, Precinct 1",0
Representative in State Legislature 29th District (DEM),Kyle Wright,DEM,"Frenchtown Township, Precinct 4",169
Representative in State Legislature 29th District (DEM),Write-in,DEM,"Frenchtown Township, Precinct 4",0
Representative in State Legislature 29th District (DEM),Kyle Wright,DEM,"Frenchtown Township, Precinct 7",202
Representative in State Legislature 29th District (DEM),Write-in,DEM,"Frenchtown Township, Precinct 7",1
Representative in State Legislature 29th District (DEM),Kyle Wright,DEM,"Frenchtown Township, Precinct 9",113
Representative in State Legislature 29th District (DEM),Write-in,DEM,"Frenchtown Township, Precinct 9",0
Representative in State Legislature 29th District (DEM),Kyle Wright,DEM,"City of Monroe, Precinct 6",177
Representative in State Legislature 29th District (DEM),Write-in,DEM,"City of Monroe, Precinct 6",0
Representative in State Legislature 30th District (DEM),Rick Kull,DEM,"Bedford Township, Precinct 1",66
Representative in State Legislature 30th District (DEM),Write-in,DEM,"Bedford Township, Precinct 1",2
Representative in State Legislature 30th District (DEM),Rick Kull,DEM,"Bedford Township, Precinct 2",121
Representative in State Legislature 30th District (DEM),Write-in,DEM,"Bedford Township, Precinct 2",0
Representative in State Legislature 30th District (DEM),Rick Kull,DEM,"Bedford Township, Precinct 3",94
Representative in State Legislature 30th District (DEM),Write-in,DEM,"Bedford Township, Precinct 3",2
Representative in State Legislature 30th District (DEM),Rick Kull,DEM,"Bedford Township, Precinct 4",180
Representative in State Legislature 30th District (DEM),Write-in,DEM,"Bedford Township, Precinct 4",0
Representative in State Legislature 30th District (DEM),Rick Kull,DEM,"Bedford Township, Precinct 5",142
Representative in State Legislature 30th District (DEM),Write-in,DEM,"Bedford Township, Precinct 5",0
Representative in State Legislature 30th District (DEM),Rick Kull,DEM,"Bedford Township, Precinct 6",184
Representative in State Legislature 30th District (DEM),Write-in,DEM,"Bedford Township, Precinct 6",0
Representative in State Legislature 30th District (DEM),Rick Kull,DEM,"Bedford Township, Precinct 7",139
Representative in State Legislature 30th District (DEM),Write-in,DEM,"Bedford Township, Precinct 7",0
Representative in State Legislature 30th District (DEM),Rick Kull,DEM,"Bedford Township, Precinct 8",175
Representative in State Legislature 30th District (DEM),Write-in,DEM,"Bedford Township, Precinct 8",1
Representative in State Legislature 30th District (DEM),Rick Kull,DEM,"Bedford Township, Precinct 9",106
Representative in State Legislature 30th District (DEM),Write-in,DEM,"Bedford Township, Precinct 9",0
Representative in State Legislature 30th District (DEM),Rick Kull,DEM,"Bedford Township, Precinct 10",93
Representative in State Legislature 30th District (DEM),Write-in,DEM,"Bedford Township, Precinct 10",0
Representative in State Legislature 30th District (DEM),Rick Kull,DEM,"Bedford Township, Precinct 11",117
Representative in State Legislature 30th District (DEM),Write-in,DEM,"Bedford Township, Precinct 11",0
Representative in State Legislature 30th District (DEM),Rick Kull,DEM,"Bedford Township, Precinct 12",160
Representative in State Legislature 30th District (DEM),Write-in,DEM,"Bedford Township, Precinct 12",0
Representative in State Legislature 30th District (DEM),Rick Kull,DEM,"Bedford Township, Precinct 13",141
Representative in State Legislature 30th District (DEM),Write-in,DEM,"Bedford Township, Precinct 13",1
Representative in State Legislature 30th District (DEM),Rick Kull,DEM,"Bedford Township, Precinct 14",105
Representative in State Legislature 30th District (DEM),Write-in,DEM,"Bedford Township, Precinct 14",1
Representative in State Legislature 30th District (DEM),Rick Kull,DEM,"Erie Township, Precinct 1",192
Representative in State Legislature 30th District (DEM),Write-in,DEM,"Erie Township, Precinct 1",0
Representative in State Legislature 30th District (DEM),Rick Kull,DEM,"Frenchtown Township, Precinct 6",128
Representative in State Legislature 30th District (DEM),Write-in,DEM,"Frenchtown Township, Precinct 6",0
Representative in State Legislature 30th District (DEM),Rick Kull,DEM,"Frenchtown Township, Precinct 7",0
Representative in State Legislature 30th District (DEM),Write-in,DEM,"Frenchtown Township, Precinct 7",0
Representative in State Legislature 30th District (DEM),Rick Kull,DEM,"Ida Township, Precinct 1",119
Representative in State Legislature 30th District (DEM),Write-in,DEM,"Ida Township, Precinct 1",0
Representative in State Legislature 30th District (DEM),Rick Kull,DEM,"Ida Township, Precinct 2",125
Representative in State Legislature 30th District (DEM),Write-in,DEM,"Ida Township, Precinct 2",0
Representative in State Legislature 30th District (DEM),Rick Kull,DEM,"La Salle Township, Precinct 1",97
Representative in State Legislature 30th District (DEM),Write-in,DEM,"La Salle Township, Precinct 1",0
Representative in State Legislature 30th District (DEM),Rick Kull,DEM,"La Salle Township, Precinct 2",138
Representative in State Legislature 30th District (DEM),Write-in,DEM,"La Salle Township, Precinct 2",0
Representative in State Legislature 30th District (DEM),Rick Kull,DEM,"Monroe Charter Township, Precinct 1",122
Representative in State Legislature 30th District (DEM),Write-in,DEM,"Monroe Charter Township, Precinct 1",0
Representative in State Legislature 30th District (DEM),Rick Kull,DEM,"Monroe Charter Township, Precinct 2",63
Representative in State Legislature 30th District (DEM),Write-in,DEM,"Monroe Charter Township, Precinct 2",0
Representative in State Legislature 30th District (DEM),Rick Kull,DEM,"Monroe Charter Township, Precinct 3",88
Representative in State Legislature 30th District (DEM),Write-in,DEM,"Monroe Charter Township, Precinct 3",0
Representative in State Legislature 30th District (DEM),Rick Kull,DEM,"Monroe Charter Township, Precinct 4",142
Representative in State Legislature 30th District (DEM),Write-in,DEM,"Monroe Charter Township, Precinct 4",2
Representative in State Legislature 30th District (DEM),Rick Kull,DEM,"Monroe Charter Township, Precinct 5",177
Representative in State Legislature 30th District (DEM),Write-in,DEM,"Monroe Charter Township, Precinct 5",1
Representative in State Legislature 30th District (DEM),Rick Kull,DEM,"Monroe Charter Township, Precinct 6",113
Representative in State Legislature 30th District (DEM),Write-in,DEM,"Monroe Charter Township, Precinct 6",0
Representative in State Legislature 30th District (DEM),Rick Kull,DEM,"Summerfield Township, Precinct 1",130
Representative in State Legislature 30th District (DEM),Write-in,DEM,"Summerfield Township, Precinct 1",0
Representative in State Legislature 30th District (DEM),Rick Kull,DEM,"Whiteford Township, Precinct 1",105
Representative in State Legislature 30th District (DEM),Write-in,DEM,"Whiteford Township, Precinct 1",0
Representative in State Legislature 30th District (DEM),Rick Kull,DEM,"Whiteford Township, Precinct 2",61
Representative in State Legislature 30th District (DEM),Write-in,DEM,"Whiteford Township, Precinct 2",0
Representative in State Legislature 30th District (DEM),Rick Kull,DEM,"City of Luna Pier, Precinct 1",97
Representative in State Legislature 30th District (DEM),Write-in,DEM,"City of Luna Pier, Precinct 1",0
Representative in State Legislature 30th District (DEM),Rick Kull,DEM,"City of Monroe, Precinct 1",200
Representative in State Legislature 30th District (DEM),Write-in,DEM,"City of Monroe, Precinct 1",1
Representative in State Legislature 30th District (DEM),Rick Kull,DEM,"City of Monroe, Precinct 2",142
Representative in State Legislature 30th District (DEM),Write-in,DEM,"City of Monroe, Precinct 2",1
Representative in State Legislature 30th District (DEM),Rick Kull,DEM,"City of Monroe, Precinct 3N",84
Representative in State Legislature 30th District (DEM),Write-in,DEM,"City of Monroe, Precinct 3N",2
Representative in State Legislature 30th District (DEM),Rick Kull,DEM,"City of Monroe, Precinct 3S",64
Representative in State Legislature 30th District (DEM),Write-in,DEM,"City of Monroe, Precinct 3S",1
Representative in State Legislature 30th District (DEM),Rick Kull,DEM,"City of Monroe, Precinct 4",248
Representative in State Legislature 30th District (DEM),Write-in,DEM,"City of Monroe, Precinct 4",0
Representative in State Legislature 30th District (DEM),Rick Kull,DEM,"City of Monroe, Precinct 5",337
Representative in State Legislature 30th District (DEM),Write-in,DEM,"City of Monroe, Precinct 5",0
Representative in State Legislature 30th District (DEM),Rick Kull,DEM,"City of Petersburg, Precinct 1",73
Representative in State Legislature 30th District (DEM),Write-in,DEM,"City of Petersburg, Precinct 1",0
Representative in State Legislature 31th District (DEM),Reggie Miller,DEM,"Dundee Township, Precinct 1",109
Representative in State Legislature 31th District (DEM),Write-in,DEM,"Dundee Township, Precinct 1",0
Representative in State Legislature 31th District (DEM),Reggie Miller,DEM,"Dundee Township, Precinct 2",162
Representative in State Legislature 31th District (DEM),Write-in,DEM,"Dundee Township, Precinct 2",0
Representative in State Legislature 31th District (DEM),Reggie Miller,DEM,"Dundee Township, Precinct 3",184
Representative in State Legislature 31th District (DEM),Write-in,DEM,"Dundee Township, Precinct 3",0
Representative in State Legislature 31th District (DEM),Reggie Miller,DEM,"Exeter Township, Precinct 1",98
Representative in State Legislature 31th District (DEM),Write-in,DEM,"Exeter Township, Precinct 1",1
Representative in State Legislature 31th District (DEM),Reggie Miller,DEM,"Exeter Township, Precinct 2",143
Representative in State Legislature 31th District (DEM),Write-in,DEM,"Exeter Township, Precinct 2",0
Representative in State Legislature 31th District (DEM),Reggie Miller,DEM,"London Township, Precinct 1",160
Representative in State Legislature 31th District (DEM),Write-in,DEM,"London Township, Precinct 1",0
Representative in State Legislature 31th District (DEM),Reggie Miller,DEM,"Milan Township, Precinct 1",90
Representative in State Legislature 31th District (DEM),Write-in,DEM,"Milan Township, Precinct 1",1
Representative in State Legislature 31th District (DEM),Reggie Miller,DEM,"Raisinville Township, Precinct 1",156
Representative in State Legislature 31th District (DEM),Write-in,DEM,"Raisinville Township, Precinct 1",0
Representative in State Legislature 31th District (DEM),Reggie Miller,DEM,"Raisinville Township, Precinct 2",220
Representative in State Legislature 31th District (DEM),Write-in,DEM,"Raisinville Township, Precinct 2",0
Representative in State Legislature 31th District (DEM),Reggie Miller,DEM,"City of Milan, Precinct 1",163
Representative in State Legislature 31th District (DEM),Write-in,DEM,"City of Milan, Precinct 1",0
Monroe County Prosecuting Attorney (DEM),Write-in,DEM,"Ash Township, Precinct 1",23
Monroe County Prosecuting Attorney (DEM),Write-in,DEM,"Ash Township, Precinct 2",35
Monroe County Prosecuting Attorney (DEM),Write-in,DEM,"Ash Township, Precinct 3",14
Monroe County Prosecuting Attorney (DEM),Write-in,DEM,"Bedford Township, Precinct 1",10
Monroe County Prosecuting Attorney (DEM),Write-in,DEM,"Bedford Township, Precinct 2",18
Monroe County Prosecuting Attorney (DEM),Write-in,DEM,"Bedford Township, Precinct 3",12
Monroe County Prosecuting Attorney (DEM),Write-in,DEM,"Bedford Township, Precinct 4",24
Monroe County Prosecuting Attorney (DEM),Write-in,DEM,"Bedford Township, Precinct 5",21
Monroe County Prosecuting Attorney (DEM),Write-in,DEM,"Bedford Township, Precinct 6",22
Monroe County Prosecuting Attorney (DEM),Write-in,DEM,"Bedford Township, Precinct 7",18
Monroe County Prosecuting Attorney (DEM),Write-in,DEM,"Bedford Township, Precinct 8",23
Monroe County Prosecuting Attorney (DEM),Write-in,DEM,"Bedford Township, Precinct 9",11
Monroe County Prosecuting Attorney (DEM),Write-in,DEM,"Bedford Township, Precinct 10",5
Monroe County Prosecuting Attorney (DEM),Write-in,DEM,"Bedford Township, Precinct 11",15
Monroe County Prosecuting Attorney (DEM),Write-in,DEM,"Bedford Township, Precinct 12",14
Monroe County Prosecuting Attorney (DEM),Write-in,DEM,"Bedford Township, Precinct 13",19
Monroe County Prosecuting Attorney (DEM),Write-in,DEM,"Bedford Township, Precinct 14",14
Monroe County Prosecuting Attorney (DEM),Write-in,DEM,"Berlin Township, Precinct 1",21
Monroe County Prosecuting Attorney (DEM),Write-in,DEM,"Berlin Township, Precinct 2",27
Monroe County Prosecuting Attorney (DEM),Write-in,DEM,"Berlin Township, Precinct 3",17
Monroe County Prosecuting Attorney (DEM),Write-in,DEM,"Berlin Township, Precinct 4",19
Monroe County Prosecuting Attorney (DEM),Write-in,DEM,"Dundee Township, Precinct 1",5
Monroe County Prosecuting Attorney (DEM),Write-in,DEM,"Dundee Township, Precinct 2",14
Monroe County Prosecuting Attorney (DEM),Write-in,DEM,"Dundee Township, Precinct 3",11
Monroe County Prosecuting Attorney (DEM),Write-in,DEM,"Erie Township, Precinct 1",24
Monroe County Prosecuting Attorney (DEM),Write-in,DEM,"Exeter Township, Precinct 1",14
Monroe County Prosecuting Attorney (DEM),Write-in,DEM,"Exeter Township, Precinct 2",19
Monroe County Prosecuting Attorney (DEM),Write-in,DEM,"Frenchtown Township, Precinct 1",7
Monroe County Prosecuting Attorney (DEM),Write-in,DEM,"Frenchtown Township, Precinct 2",19
Monroe County Prosecuting Attorney (DEM),Write-in,DEM,"Frenchtown Township, Precinct 3",12
Monroe County Prosecuting Attorney (DEM),Write-in,DEM,"Frenchtown Township, Precinct 4",25
Monroe County Prosecuting Attorney (DEM),Write-in,DEM,"Frenchtown Township, Precinct 5",23
Monroe County Prosecuting Attorney (DEM),Write-in,DEM,"Frenchtown Township, Precinct 6",19
Monroe County Prosecuting Attorney (DEM),Write-in,DEM,"Frenchtown Township, Precinct 7",30
Monroe County Prosecuting Attorney (DEM),Write-in,DEM,"Frenchtown Township, Precinct 8",8
Monroe County Prosecuting Attorney (DEM),Write-in,DEM,"Frenchtown Township, Precinct 9",14
Monroe County Prosecuting Attorney (DEM),Write-in,DEM,"Ida Township, Precinct 1",13
Monroe County Prosecuting Attorney (DEM),Write-in,DEM,"Ida Township, Precinct 2",11
Monroe County Prosecuting Attorney (DEM),Write-in,DEM,"La Salle Township, Precinct 1",9
Monroe County Prosecuting Attorney (DEM),Write-in,DEM,"La Salle Township, Precinct 2",18
Monroe County Prosecuting Attorney (DEM),Write-in,DEM,"London Township, Precinct 1",27
Monroe County Prosecuting Attorney (DEM),Write-in,DEM,"Milan Township, Precinct 1",14
Monroe County Prosecuting Attorney (DEM),Write-in,DEM,"Monroe Charter Township, Precinct 1",14
Monroe County Prosecuting Attorney (DEM),Write-in,DEM,"Monroe Charter Township, Precinct 2",8
Monroe County Prosecuting Attorney (DEM),Write-in,DEM,"Monroe Charter Township, Precinct 3",6
Monroe County Prosecuting Attorney (DEM),Write-in,DEM,"Monroe Charter Township, Precinct 4",30
Monroe County Prosecuting Attorney (DEM),Write-in,DEM,"Monroe Charter Township, Precinct 5",30
Monroe County Prosecuting Attorney (DEM),Write-in,DEM,"Monroe Charter Township, Precinct 6",10
Monroe County Prosecuting Attorney (DEM),Write-in,DEM,"Raisinville Township, Precinct 1",8
Monroe County Prosecuting Attorney (DEM),Write-in,DEM,"Raisinville Township, Precinct 2",29
Monroe County Prosecuting Attorney (DEM),Write-in,DEM,"Summerfield Township, Precinct 1",9
Monroe County Prosecuting Attorney (DEM),Write-in,DEM,"Whiteford Township, Precinct 1",15
Monroe County Prosecuting Attorney (DEM),Write-in,DEM,"Whiteford Township, Precinct 2",10
Monroe County Prosecuting Attorney (DEM),Write-in,DEM,"City of Luna Pier, Precinct 1",28
Monroe County Prosecuting Attorney (DEM),Write-in,DEM,"City of Milan, Precinct 1",12
Monroe County Prosecuting Attorney (DEM),Write-in,DEM,"City of Monroe, Precinct 1",38
Monroe County Prosecuting Attorney (DEM),Write-in,DEM,"City of Monroe, Precinct 2",21
Monroe County Prosecuting Attorney (DEM),Write-in,DEM,"City of Monroe, Precinct 3N",17
Monroe County Prosecuting Attorney (DEM),Write-in,DEM,"City of Monroe, Precinct 3S",15
Monroe County Prosecuting Attorney (DEM),Write-in,DEM,"City of Monroe, Precinct 4",25
Monroe County Prosecuting Attorney (DEM),Write-in,DEM,"City of Monroe, Precinct 5",52
Monroe County Prosecuting Attorney (DEM),Write-in,DEM,"City of Monroe, Precinct 6",27
Monroe County Prosecuting Attorney (DEM),Write-in,DEM,"City of Petersburg, Precinct 1",13
Monroe County Sheriff (DEM),Write-in,DEM,"Ash Township, Precinct 1",20
Monroe County Sheriff (DEM),Write-in,DEM,"Ash Township, Precinct 2",29
Monroe County Sheriff (DEM),Write-in,DEM,"Ash Township, Precinct 3",14
Monroe County Sheriff (DEM),Write-in,DEM,"Bedford Township, Precinct 1",9
Monroe County Sheriff (DEM),Write-in,DEM,"Bedford Township, Precinct 2",15
Monroe County Sheriff (DEM),Write-in,DEM,"Bedford Township, Precinct 3",10
Monroe County Sheriff (DEM),Write-in,DEM,"Bedford Township, Precinct 4",23
Monroe County Sheriff (DEM),Write-in,DEM,"Bedford Township, Precinct 5",20
Monroe County Sheriff (DEM),Write-in,DEM,"Bedford Township, Precinct 6",21
Monroe County Sheriff (DEM),Write-in,DEM,"Bedford Township, Precinct 7",15
Monroe County Sheriff (DEM),Write-in,DEM,"Bedford Township, Precinct 8",21
Monroe County Sheriff (DEM),Write-in,DEM,"Bedford Township, Precinct 9",11
Monroe County Sheriff (DEM),Write-in,DEM,"Bedford Township, Precinct 10",4
Monroe County Sheriff (DEM),Write-in,DEM,"Bedford Township, Precinct 11",15
Monroe County Sheriff (DEM),Write-in,DEM,"Bedford Township, Precinct 12",14
Monroe County Sheriff (DEM),Write-in,DEM,"Bedford Township, Precinct 13",17
Monroe County Sheriff (DEM),Write-in,DEM,"Bedford Township, Precinct 14",13
Monroe County Sheriff (DEM),Write-in,DEM,"Berlin Township, Precinct 1",19
Monroe County Sheriff (DEM),Write-in,DEM,"Berlin Township, Precinct 2",20
Monroe County Sheriff (DEM),Write-in,DEM,"Berlin Township, Precinct 3",14
Monroe County Sheriff (DEM),Write-in,DEM,"Berlin Township, Precinct 4",16
Monroe County Sheriff (DEM),Write-in,DEM,"Dundee Township, Precinct 1",4
Monroe County Sheriff (DEM),Write-in,DEM,"Dundee Township, Precinct 2",12
Monroe County Sheriff (DEM),Write-in,DEM,"Dundee Township, Precinct 3",10
Monroe County Sheriff (DEM),Write-in,DEM,"Erie Township, Precinct 1",20
Monroe County Sheriff (DEM),Write-in,DEM,"Exeter Township, Precinct 1",14
Monroe County Sheriff (DEM),Write-in,DEM,"Exeter Township, Precinct 2",17
Monroe County Sheriff (DEM),Write-in,DEM,"Frenchtown Township, Precinct 1",4
Monroe County Sheriff (DEM),Write-in,DEM,"Frenchtown Township, Precinct 2",19
Monroe County Sheriff (DEM),Write-in,DEM,"Frenchtown Township, Precinct 3",12
Monroe County Sheriff (DEM),Write-in,DEM,"Frenchtown Township, Precinct 4",24
Monroe County Sheriff (DEM),Write-in,DEM,"Frenchtown Township, Precinct 5",21
Monroe County Sheriff (DEM),Write-in,DEM,"Frenchtown Township, Precinct 6",16
Monroe County Sheriff (DEM),Write-in,DEM,"Frenchtown Township, Precinct 7",27
Monroe County Sheriff (DEM),Write-in,DEM,"Frenchtown Township, Precinct 8",9
Monroe County Sheriff (DEM),Write-in,DEM,"Frenchtown Township, Precinct 9",11
Monroe County Sheriff (DEM),Write-in,DEM,"Ida Township, Precinct 1",7
Monroe County Sheriff (DEM),Write-in,DEM,"Ida Township, Precinct 2",10
Monroe County Sheriff (DEM),Write-in,DEM,"La Salle Township, Precinct 1",7
Monroe County Sheriff (DEM),Write-in,DEM,"La Salle Township, Precinct 2",16
Monroe County Sheriff (DEM),Write-in,DEM,"London Township, Precinct 1",23
Monroe County Sheriff (DEM),Write-in,DEM,"Milan Township, Precinct 1",14
Monroe County Sheriff (DEM),Write-in,DEM,"Monroe Charter Township, Precinct 1",14
Monroe County Sheriff (DEM),Write-in,DEM,"Monroe Charter Township, Precinct 2",8
Monroe County Sheriff (DEM),Write-in,DEM,"Monroe Charter Township, Precinct 3",5
Monroe County Sheriff (DEM),Write-in,DEM,"Monroe Charter Township, Precinct 4",25
Monroe County Sheriff (DEM),Write-in,DEM,"Monroe Charter Township, Precinct 5",27
Monroe County Sheriff (DEM),Write-in,DEM,"Monroe Charter Township, Precinct 6",9
Monroe County Sheriff (DEM),Write-in,DEM,"Raisinville Township, Precinct 1",5
Monroe County Sheriff (DEM),Write-in,DEM,"Raisinville Township, Precinct 2",26
Monroe County Sheriff (DEM),Write-in,DEM,"Summerfield Township, Precinct 1",10
Monroe County Sheriff (DEM),Write-in,DEM,"Whiteford Township, Precinct 1",15
Monroe County Sheriff (DEM),Write-in,DEM,"Whiteford Township, Precinct 2",10
Monroe County Sheriff (DEM),Write-in,DEM,"City of Luna Pier, Precinct 1",28
Monroe County Sheriff (DEM),Write-in,DEM,"City of Milan, Precinct 1",10
Monroe County Sheriff (DEM),Write-in,DEM,"City of Monroe, Precinct 1",34
Monroe County Sheriff (DEM),Write-in,DEM,"City of Monroe, Precinct 2",22
Monroe County Sheriff (DEM),Write-in,DEM,"City of Monroe, Precinct 3N",16
Monroe County Sheriff (DEM),Write-in,DEM,"City of Monroe, Precinct 3S",15
Monroe County Sheriff (DEM),Write-in,DEM,"City of Monroe, Precinct 4",24
Monroe County Sheriff (DEM),Write-in,DEM,"City of Monroe, Precinct 5",44
Monroe County Sheriff (DEM),Write-in,DEM,"City of Monroe, Precinct 6",23
Monroe County Sheriff (DEM),Write-in,DEM,"City of Petersburg, Precinct 1",12
Monroe County Clerk (DEM),Write-in,DEM,"Ash Township, Precinct 1",21
Monroe County Clerk (DEM),Write-in,DEM,"Ash Township, Precinct 2",29
Monroe County Clerk (DEM),Write-in,DEM,"Ash Township, Precinct 3",13
Monroe County Clerk (DEM),Write-in,DEM,"Bedford Township, Precinct 1",9
Monroe County Clerk (DEM),Write-in,DEM,"Bedford Township, Precinct 2",15
Monroe County Clerk (DEM),Write-in,DEM,"Bedford Township, Precinct 3",10
Monroe County Clerk (DEM),Write-in,DEM,"Bedford Township, Precinct 4",21
Monroe County Clerk (DEM),Write-in,DEM,"Bedford Township, Precinct 5",19
Monroe County Clerk (DEM),Write-in,DEM,"Bedford Township, Precinct 6",20
Monroe County Clerk (DEM),Write-in,DEM,"Bedford Township, Precinct 7",14
Monroe County Clerk (DEM),Write-in,DEM,"Bedford Township, Precinct 8",18
Monroe County Clerk (DEM),Write-in,DEM,"Bedford Township, Precinct 9",10
Monroe County Clerk (DEM),Write-in,DEM,"Bedford Township, Precinct 10",3
Monroe County Clerk (DEM),Write-in,DEM,"Bedford Township, Precinct 11",14
Monroe County Clerk (DEM),Write-in,DEM,"Bedford Township, Precinct 12",14
Monroe County Clerk (DEM),Write-in,DEM,"Bedford Township, Precinct 13",14
Monroe County Clerk (DEM),Write-in,DEM,"Bedford Township, Precinct 14",12
Monroe County Clerk (DEM),Write-in,DEM,"Berlin Township, Precinct 1",17
Monroe County Clerk (DEM),Write-in,DEM,"Berlin Township, Precinct 2",22
Monroe County Clerk (DEM),Write-in,DEM,"Berlin Township, Precinct 3",15
Monroe County Clerk (DEM),Write-in,DEM,"Berlin Township, Precinct 4",16
Monroe County Clerk (DEM),Write-in,DEM,"Dundee Township, Precinct 1",5
Monroe County Clerk (DEM),Write-in,DEM,"Dundee Township, Precinct 2",14
Monroe County Clerk (DEM),Write-in,DEM,"Dundee Township, Precinct 3",11
Monroe County Clerk (DEM),Write-in,DEM,"Erie Township, Precinct 1",20
Monroe County Clerk (DEM),Write-in,DEM,"Exeter Township, Precinct 1",14
Monroe County Clerk (DEM),Write-in,DEM,"Exeter Township, Precinct 2",17
Monroe County Clerk (DEM),Write-in,DEM,"Frenchtown Township, Precinct 1",3
Monroe County Clerk (DEM),Write-in,DEM,"Frenchtown Township, Precinct 2",18
Monroe County Clerk (DEM),Write-in,DEM,"Frenchtown Township, Precinct 3",11
Monroe County Clerk (DEM),Write-in,DEM,"Frenchtown Township, Precinct 4",23
Monroe County Clerk (DEM),Write-in,DEM,"Frenchtown Township, Precinct 5",21
Monroe County Clerk (DEM),Write-in,DEM,"Frenchtown Township, Precinct 6",17
Monroe County Clerk (DEM),Write-in,DEM,"Frenchtown Township, Precinct 7",24
Monroe County Clerk (DEM),Write-in,DEM,"Frenchtown Township, Precinct 8",11
Monroe County Clerk (DEM),Write-in,DEM,"Frenchtown Township, Precinct 9",11
Monroe County Clerk (DEM),Write-in,DEM,"Ida Township, Precinct 1",7
Monroe County Clerk (DEM),Write-in,DEM,"Ida Township, Precinct 2",10
Monroe County Clerk (DEM),Write-in,DEM,"La Salle Township, Precinct 1",6
Monroe County Clerk (DEM),Write-in,DEM,"La Salle Township, Precinct 2",16
Monroe County Clerk (DEM),Write-in,DEM,"London Township, Precinct 1",25
Monroe County Clerk (DEM),Write-in,DEM,"Milan Township, Precinct 1",14
Monroe County Clerk (DEM),Write-in,DEM,"Monroe Charter Township, Precinct 1",14
Monroe County Clerk (DEM),Write-in,DEM,"Monroe Charter Township, Precinct 2",8
Monroe County Clerk (DEM),Write-in,DEM,"Monroe Charter Township, Precinct 3",5
Monroe County Clerk (DEM),Write-in,DEM,"Monroe Charter Township, Precinct 4",26
Monroe County Clerk (DEM),Write-in,DEM,"Monroe Charter Township, Precinct 5",26
Monroe County Clerk (DEM),Write-in,DEM,"Monroe Charter Township, Precinct 6",8
Monroe County Clerk (DEM),Write-in,DEM,"Raisinville Township, Precinct 1",4
Monroe County Clerk (DEM),Write-in,DEM,"Raisinville Township, Precinct 2",27
Monroe County Clerk (DEM),Write-in,DEM,"Summerfield Township, Precinct 1",9
Monroe County Clerk (DEM),Write-in,DEM,"Whiteford Township, Precinct 1",15
Monroe County Clerk (DEM),Write-in,DEM,"Whiteford Township, Precinct 2",10
Monroe County Clerk (DEM),Write-in,DEM,"City of Luna Pier, Precinct 1",22
Monroe County Clerk (DEM),Write-in,DEM,"City of Milan, Precinct 1",9
Monroe County Clerk (DEM),Write-in,DEM,"City of Monroe, Precinct 1",36
Monroe County Clerk (DEM),Write-in,DEM,"City of Monroe, Precinct 2",20
Monroe County Clerk (DEM),Write-in,DEM,"City of Monroe, Precinct 3N",15
Monroe County Clerk (DEM),Write-in,DEM,"City of Monroe, Precinct 3S",16
Monroe County Clerk (DEM),Write-in,DEM,"City of Monroe, Precinct 4",22
Monroe County Clerk (DEM),Write-in,DEM,"City of Monroe, Precinct 5",44
Monroe County Clerk (DEM),Write-in,DEM,"City of Monroe, Precinct 6",27
Monroe County Clerk (DEM),Write-in,DEM,"City of Petersburg, Precinct 1",13
Monroe County Treasurer (DEM),Write-in,DEM,"Ash Township, Precinct 1",20
Monroe County Treasurer (DEM),Write-in,DEM,"Ash Township, Precinct 2",28
Monroe County Treasurer (DEM),Write-in,DEM,"Ash Township, Precinct 3",11
Monroe County Treasurer (DEM),Write-in,DEM,"Bedford Township, Precinct 1",8
Monroe County Treasurer (DEM),Write-in,DEM,"Bedford Township, Precinct 2",15
Monroe County Treasurer (DEM),Write-in,DEM,"Bedford Township, Precinct 3",10
Monroe County Treasurer (DEM),Write-in,DEM,"Bedford Township, Precinct 4",23
Monroe County Treasurer (DEM),Write-in,DEM,"Bedford Township, Precinct 5",19
Monroe County Treasurer (DEM),Write-in,DEM,"Bedford Township, Precinct 6",18
Monroe County Treasurer (DEM),Write-in,DEM,"Bedford Township, Precinct 7",15
Monroe County Treasurer (DEM),Write-in,DEM,"Bedford Township, Precinct 8",19
Monroe County Treasurer (DEM),Write-in,DEM,"Bedford Township, Precinct 9",10
Monroe County Treasurer (DEM),Write-in,DEM,"Bedford Township, Precinct 10",4
Monroe County Treasurer (DEM),Write-in,DEM,"Bedford Township, Precinct 11",15
Monroe County Treasurer (DEM),Write-in,DEM,"Bedford Township, Precinct 12",14
Monroe County Treasurer (DEM),Write-in,DEM,"Bedford Township, Precinct 13",15
Monroe County Treasurer (DEM),Write-in,DEM,"Bedford Township, Precinct 14",13
Monroe County Treasurer (DEM),Write-in,DEM,"Berlin Township, Precinct 1",18
Monroe County Treasurer (DEM),Write-in,DEM,"Berlin Township, Precinct 2",21
Monroe County Treasurer (DEM),Write-in,DEM,"Berlin Township, Precinct 3",15
Monroe County Treasurer (DEM),Write-in,DEM,"Berlin Township, Precinct 4",16
Monroe County Treasurer (DEM),Write-in,DEM,"Dundee Township, Precinct 1",5
Monroe County Treasurer (DEM),Write-in,DEM,"Dundee Township, Precinct 2",13
Monroe County Treasurer (DEM),Write-in,DEM,"Dundee Township, Precinct 3",10
Monroe County Treasurer (DEM),Write-in,DEM,"Erie Township, Precinct 1",21
Monroe County Treasurer (DEM),Write-in,DEM,"Exeter Township, Precinct 1",14
Monroe County Treasurer (DEM),Write-in,DEM,"Exeter Township, Precinct 2",17
Monroe County Treasurer (DEM),Write-in,DEM,"Frenchtown Township, Precinct 1",5
Monroe County Treasurer (DEM),Write-in,DEM,"Frenchtown Township, Precinct 2",17
Monroe County Treasurer (DEM),Write-in,DEM,"Frenchtown Township, Precinct 3",11
Monroe County Treasurer (DEM),Write-in,DEM,"Frenchtown Township, Precinct 4",21
Monroe County Treasurer (DEM),Write-in,DEM,"Frenchtown Township, Precinct 5",20
Monroe County Treasurer (DEM),Write-in,DEM,"Frenchtown Township, Precinct 6",17
Monroe County Treasurer (DEM),Write-in,DEM,"Frenchtown Township, Precinct 7",26
Monroe County Treasurer (DEM),Write-in,DEM,"Frenchtown Township, Precinct 8",10
Monroe County Treasurer (DEM),Write-in,DEM,"Frenchtown Township, Precinct 9",11
Monroe County Treasurer (DEM),Write-in,DEM,"Ida Township, Precinct 1",7
Monroe County Treasurer (DEM),Write-in,DEM,"Ida Township, Precinct 2",11
Monroe County Treasurer (DEM),Write-in,DEM,"La Salle Township, Precinct 1",6
Monroe County Treasurer (DEM),Write-in,DEM,"La Salle Township, Precinct 2",16
Monroe County Treasurer (DEM),Write-in,DEM,"London Township, Precinct 1",26
Monroe County Treasurer (DEM),Write-in,DEM,"Milan Township, Precinct 1",14
Monroe County Treasurer (DEM),Write-in,DEM,"Monroe Charter Township, Precinct 1",14
Monroe County Treasurer (DEM),Write-in,DEM,"Monroe Charter Township, Precinct 2",10
Monroe County Treasurer (DEM),Write-in,DEM,"Monroe Charter Township, Precinct 3",5
Monroe County Treasurer (DEM),Write-in,DEM,"Monroe Charter Township, Precinct 4",24
Monroe County Treasurer (DEM),Write-in,DEM,"Monroe Charter Township, Precinct 5",25
Monroe County Treasurer (DEM),Write-in,DEM,"Monroe Charter Township, Precinct 6",10
Monroe County Treasurer (DEM),Write-in,DEM,"Raisinville Township, Precinct 1",5
Monroe County Treasurer (DEM),Write-in,DEM,"Raisinville Township, Precinct 2",27
Monroe County Treasurer (DEM),Write-in,DEM,"Summerfield Township, Precinct 1",9
Monroe County Treasurer (DEM),Write-in,DEM,"Whiteford Township, Precinct 1",13
Monroe County Treasurer (DEM),Write-in,DEM,"Whiteford Township, Precinct 2",9
Monroe County Treasurer (DEM),Write-in,DEM,"City of Luna Pier, Precinct 1",25
Monroe County Treasurer (DEM),Write-in,DEM,"City of Milan, Precinct 1",8
Monroe County Treasurer (DEM),Write-in,DEM,"City of Monroe, Precinct 1",36
Monroe County Treasurer (DEM),Write-in,DEM,"City of Monroe, Precinct 2",21
Monroe County Treasurer (DEM),Write-in,DEM,"City of Monroe, Precinct 3N",14
Monroe County Treasurer (DEM),Write-in,DEM,"City of Monroe, Precinct 3S",16
Monroe County Treasurer (DEM),Write-in,DEM,"City of Monroe, Precinct 4",24
Monroe County Treasurer (DEM),Write-in,DEM,"City of Monroe, Precinct 5",45
Monroe County Treasurer (DEM),Write-in,DEM,"City of Monroe, Precinct 6",27
Monroe County Treasurer (DEM),Write-in,DEM,"City of Petersburg, Precinct 1",13
Monroe County Drain Commissioner (DEM),Write-in,DEM,"Ash Township, Precinct 1",20
Monroe County Drain Commissioner (DEM),Write-in,DEM,"Ash Township, Precinct 2",28
Monroe County Drain Commissioner (DEM),Write-in,DEM,"Ash Township, Precinct 3",13
Monroe County Drain Commissioner (DEM),Write-in,DEM,"Bedford Township, Precinct 1",8
Monroe County Drain Commissioner (DEM),Write-in,DEM,"Bedford Township, Precinct 2",15
Monroe County Drain Commissioner (DEM),Write-in,DEM,"Bedford Township, Precinct 3",11
Monroe County Drain Commissioner (DEM),Write-in,DEM,"Bedford Township, Precinct 4",24
Monroe County Drain Commissioner (DEM),Write-in,DEM,"Bedford Township, Precinct 5",20
Monroe County Drain Commissioner (DEM),Write-in,DEM,"Bedford Township, Precinct 6",20
Monroe County Drain Commissioner (DEM),Write-in,DEM,"Bedford Township, Precinct 7",14
Monroe County Drain Commissioner (DEM),Write-in,DEM,"Bedford Township, Precinct 8",18
Monroe County Drain Commissioner (DEM),Write-in,DEM,"Bedford Township, Precinct 9",9
Monroe County Drain Commissioner (DEM),Write-in,DEM,"Bedford Township, Precinct 10",3
Monroe County Drain Commissioner (DEM),Write-in,DEM,"Bedford Township, Precinct 11",15
Monroe County Drain Commissioner (DEM),Write-in,DEM,"Bedford Township, Precinct 12",14
Monroe County Drain Commissioner (DEM),Write-in,DEM,"Bedford Township, Precinct 13",16
Monroe County Drain Commissioner (DEM),Write-in,DEM,"Bedford Township, Precinct 14",13
Monroe County Drain Commissioner (DEM),Write-in,DEM,"Berlin Township, Precinct 1",14
Monroe County Drain Commissioner (DEM),Write-in,DEM,"Berlin Township, Precinct 2",21
Monroe County Drain Commissioner (DEM),Write-in,DEM,"Berlin Township, Precinct 3",16
Monroe County Drain Commissioner (DEM),Write-in,DEM,"Berlin Township, Precinct 4",16
Monroe County Drain Commissioner (DEM),Write-in,DEM,"Dundee Township, Precinct 1",5
Monroe County Drain Commissioner (DEM),Write-in,DEM,"Dundee Township, Precinct 2",13
Monroe County Drain Commissioner (DEM),Write-in,DEM,"Dundee Township, Precinct 3",10
Monroe County Drain Commissioner (DEM),Write-in,DEM,"Erie Township, Precinct 1",23
Monroe County Drain Commissioner (DEM),Write-in,DEM,"Exeter Township, Precinct 1",14
Monroe County Drain Commissioner (DEM),Write-in,DEM,"Exeter Township, Precinct 2",13
Monroe County Drain Commissioner (DEM),Write-in,DEM,"Frenchtown Township, Precinct 1",3
Monroe County Drain Commissioner (DEM),Write-in,DEM,"Frenchtown Township, Precinct 2",17
Monroe County Drain Commissioner (DEM),Write-in,DEM,"Frenchtown Township, Precinct 3",10
Monroe County Drain Commissioner (DEM),Write-in,DEM,"Frenchtown Township, Precinct 4",21
Monroe County Drain Commissioner (DEM),Write-in,DEM,"Frenchtown Township, Precinct 5",19
Monroe County Drain Commissioner (DEM),Write-in,DEM,"Frenchtown Township, Precinct 6",16
Monroe County Drain Commissioner (DEM),Write-in,DEM,"Frenchtown Township, Precinct 7",27
Monroe County Drain Commissioner (DEM),Write-in,DEM,"Frenchtown Township, Precinct 8",10
Monroe County Drain Commissioner (DEM),Write-in,DEM,"Frenchtown Township, Precinct 9",11
Monroe County Drain Commissioner (DEM),Write-in,DEM,"Ida Township, Precinct 1",7
Monroe County Drain Commissioner (DEM),Write-in,DEM,"Ida Township, Precinct 2",11
Monroe County Drain Commissioner (DEM),Write-in,DEM,"La Salle Township, Precinct 1",6
Monroe County Drain Commissioner (DEM),Write-in,DEM,"La Salle Township, Precinct 2",14
Monroe County Drain Commissioner (DEM),Write-in,DEM,"London Township, Precinct 1",24
Monroe County Drain Commissioner (DEM),Write-in,DEM,"Milan Township, Precinct 1",14
Monroe County Drain Commissioner (DEM),Write-in,DEM,"Monroe Charter Township, Precinct 1",14
Monroe County Drain Commissioner (DEM),Write-in,DEM,"Monroe Charter Township, Precinct 2",8
Monroe County Drain Commissioner (DEM),Write-in,DEM,"Monroe Charter Township, Precinct 3",5
Monroe County Drain Commissioner (DEM),Write-in,DEM,"Monroe Charter Township, Precinct 4",25
Monroe County Drain Commissioner (DEM),Write-in,DEM,"Monroe Charter Township, Precinct 5",26
Monroe County Drain Commissioner (DEM),Write-in,DEM,"Monroe Charter Township, Precinct 6",10
Monroe County Drain Commissioner (DEM),Write-in,DEM,"Raisinville Township, Precinct 1",5
Monroe County Drain Commissioner (DEM),Write-in,DEM,"Raisinville Township, Precinct 2",27
Monroe County Drain Commissioner (DEM),Write-in,DEM,"Summerfield Township, Precinct 1",8
Monroe County Drain Commissioner (DEM),Write-in,DEM,"Whiteford Township, Precinct 1",14
Monroe County Drain Commissioner (DEM),Write-in,DEM,"Whiteford Township, Precinct 2",9
Monroe County Drain Commissioner (DEM),Write-in,DEM,"City of Luna Pier, Precinct 1",24
Monroe County Drain Commissioner (DEM),Write-in,DEM,"City of Milan, Precinct 1",8
Monroe County Drain Commissioner (DEM),Write-in,DEM,"City of Monroe, Precinct 1",35
Monroe County Drain Commissioner (DEM),Write-in,DEM,"City of Monroe, Precinct 2",19
Monroe County Drain Commissioner (DEM),Write-in,DEM,"City of Monroe, Precinct 3N",15
Monroe County Drain Commissioner (DEM),Write-in,DEM,"City of Monroe, Precinct 3S",16
Monroe County Drain Commissioner (DEM),Write-in,DEM,"City of Monroe, Precinct 4",24
Monroe County Drain Commissioner (DEM),Write-in,DEM,"City of Monroe, Precinct 5",45
Monroe County Drain Commissioner (DEM),Write-in,DEM,"City of Monroe, Precinct 6",25
Monroe County Drain Commissioner (DEM),Write-in,DEM,"City of Petersburg, Precinct 1",13
Monroe County Surveyor (DEM),Scott A. Warnke,DEM,"Ash Township, Precinct 1",141
Monroe County Surveyor (DEM),Write-in,DEM,"Ash Township, Precinct 1",2
Monroe County Surveyor (DEM),Scott A. Warnke,DEM,"Ash Township, Precinct 2",176
Monroe County Surveyor (DEM),Write-in,DEM,"Ash Township, Precinct 2",0
Monroe County Surveyor (DEM),Scott A. Warnke,DEM,"Ash Township, Precinct 3",107
Monroe County Surveyor (DEM),Write-in,DEM,"Ash Township, Precinct 3",0
Monroe County Surveyor (DEM),Scott A. Warnke,DEM,"Bedford Township, Precinct 1",65
Monroe County Surveyor (DEM),Write-in,DEM,"Bedford Township, Precinct 1",2
Monroe County Surveyor (DEM),Scott A. Warnke,DEM,"Bedford Township, Precinct 2",110
Monroe County Surveyor (DEM),Write-in,DEM,"Bedford Township, Precinct 2",0
Monroe County Surveyor (DEM),Scott A. Warnke,DEM,"Bedford Township, Precinct 3",89
Monroe County Surveyor (DEM),Write-in,DEM,"Bedford Township, Precinct 3",1
Monroe County Surveyor (DEM),Scott A. Warnke,DEM,"Bedford Township, Precinct 4",158
Monroe County Surveyor (DEM),Write-in,DEM,"Bedford Township, Precinct 4",0
Monroe County Surveyor (DEM),Scott A. Warnke,DEM,"Bedford Township, Precinct 5",128
Monroe County Surveyor (DEM),Write-in,DEM,"Bedford Township, Precinct 5",0
Monroe County Surveyor (DEM),Scott A. Warnke,DEM,"Bedford Township, Precinct 6",175
Monroe County Surveyor (DEM),Write-in,DEM,"Bedford Township, Precinct 6",0
Monroe County Surveyor (DEM),Scott A. Warnke,DEM,"Bedford Township, Precinct 7",114
Monroe County Surveyor (DEM),Write-in,DEM,"Bedford Township, Precinct 7",1
Monroe County Surveyor (DEM),Scott A. Warnke,DEM,"Bedford Township, Precinct 8",159
Monroe County Surveyor (DEM),Write-in,DEM,"Bedford Township, Precinct 8",1
Monroe County Surveyor (DEM),Scott A. Warnke,DEM,"Bedford Township, Precinct 9",94
Monroe County Surveyor (DEM),Write-in,DEM,"Bedford Township, Precinct 9",0
Monroe County Surveyor (DEM),Scott A. Warnke,DEM,"Bedford Township, Precinct 10",89
Monroe County Surveyor (DEM),Write-in,DEM,"Bedford Township, Precinct 10",0
Monroe County Surveyor (DEM),Scott A. Warnke,DEM,"Bedford Township, Precinct 11",108
Monroe County Surveyor (DEM),Write-in,DEM,"Bedford Township, Precinct 11",0
Monroe County Surveyor (DEM),Scott A. Warnke,DEM,"Bedford Township, Precinct 12",137
Monroe County Surveyor (DEM),Write-in,DEM,"Bedford Township, Precinct 12",0
Monroe County Surveyor (DEM),Scott A. Warnke,DEM,"Bedford Township, Precinct 13",130
Monroe County Surveyor (DEM),Write-in,DEM,"Bedford Township, Precinct 13",0
Monroe County Surveyor (DEM),Scott A. Warnke,DEM,"Bedford Township, Precinct 14",94
Monroe County Surveyor (DEM),Write-in,DEM,"Bedford Township, Precinct 14",1
Monroe County Surveyor (DEM),Scott A. Warnke,DEM,"Berlin Township, Precinct 1",111
Monroe County Surveyor (DEM),Write-in,DEM,"Berlin Township, Precinct 1",0
Monroe County Surveyor (DEM),Scott A. Warnke,DEM,"Berlin Township, Precinct 2",172
Monroe County Surveyor (DEM),Write-in,DEM,"Berlin Township, Precinct 2",1
Monroe County Surveyor (DEM),Scott A. Warnke,DEM,"Berlin Township, Precinct 3",102
Monroe County Surveyor (DEM),Write-in,DEM,"Berlin Township, Precinct 3",0
Monroe County Surveyor (DEM),Scott A. Warnke,DEM,"Berlin Township, Precinct 4",127
Monroe County Surveyor (DEM),Write-in,DEM,"Berlin Township, Precinct 4",2
Monroe County Surveyor (DEM),Scott A. Warnke,DEM,"Dundee Township, Precinct 1",88
Monroe County Surveyor (DEM),Write-in,DEM,"Dundee Township, Precinct 1",0
Monroe County Surveyor (DEM),Scott A. Warnke,DEM,"Dundee Township, Precinct 2",148
Monroe County Surveyor (DEM),Write-in,DEM,"Dundee Township, Precinct 2",0
Monroe County Surveyor (DEM),Scott A. Warnke,DEM,"Dundee Township, Precinct 3",174
Monroe County Surveyor (DEM),Write-in,DEM,"Dundee Township, Precinct 3",0
Monroe County Surveyor (DEM),Scott A. Warnke,DEM,"Erie Township, Precinct 1",179
Monroe County Surveyor (DEM),Write-in,DEM,"Erie Township, Precinct 1",0
Monroe County Surveyor (DEM),Scott A. Warnke,DEM,"Exeter Township, Precinct 1",83
Monroe County Surveyor (DEM),Write-in,DEM,"Exeter Township, Precinct 1",1
Monroe County Surveyor (DEM),Scott A. Warnke,DEM,"Exeter Township, Precinct 2",118
Monroe County Surveyor (DEM),Write-in,DEM,"Exeter Township, Precinct 2",1
Monroe County Surveyor (DEM),Scott A. Warnke,DEM,"Frenchtown Township, Precinct 1",37
Monroe County Surveyor (DEM),Write-in,DEM,"Frenchtown Township, Precinct 1",0
Monroe County Surveyor (DEM),Scott A. Warnke,DEM,"Frenchtown Township, Precinct 2",71
Monroe County Surveyor (DEM),Write-in,DEM,"Frenchtown Township, Precinct 2",1
Monroe County Surveyor (DEM),Scott A. Warnke,DEM,"Frenchtown Township, Precinct 3",71
Monroe County Surveyor (DEM),Write-in,DEM,"Frenchtown Township, Precinct 3",1
Monroe County Surveyor (DEM),Scott A. Warnke,DEM,"Frenchtown Township, Precinct 4",153
Monroe County Surveyor (DEM),Write-in,DEM,"Frenchtown Township, Precinct 4",0
Monroe County Surveyor (DEM),Scott A. Warnke,DEM,"Frenchtown Township, Precinct 5",76
Monroe County Surveyor (DEM),Write-in,DEM,"Frenchtown Township, Precinct 5",0
Monroe County Surveyor (DEM),Scott A. Warnke,DEM,"Frenchtown Township, Precinct 6",112
Monroe County Surveyor (DEM),Write-in,DEM,"Frenchtown Township, Precinct 6",0
Monroe County Surveyor (DEM),Scott A. Warnke,DEM,"Frenchtown Township, Precinct 7",171
Monroe County Surveyor (DEM),Write-in,DEM,"Frenchtown Township, Precinct 7",0
Monroe County Surveyor (DEM),Scott A. Warnke,DEM,"Frenchtown Township, Precinct 8",72
Monroe County Surveyor (DEM),Write-in,DEM,"Frenchtown Township, Precinct 8",0
Monroe County Surveyor (DEM),Scott A. Warnke,DEM,"Frenchtown Township, Precinct 9",100
Monroe County Surveyor (DEM),Write-in,DEM,"Frenchtown Township, Precinct 9",1
Monroe County Surveyor (DEM),Scott A. Warnke,DEM,"Ida Township, Precinct 1",106
Monroe County Surveyor (DEM),Write-in,DEM,"Ida Township, Precinct 1",0
Monroe County Surveyor (DEM),Scott A. Warnke,DEM,"Ida Township, Precinct 2",109
Monroe County Surveyor (DEM),Write-in,DEM,"Ida Township, Precinct 2",0
Monroe County Surveyor (DEM),Scott A. Warnke,DEM,"La Salle Township, Precinct 1",90
Monroe County Surveyor (DEM),Write-in,DEM,"La Salle Township, Precinct 1",0
Monroe County Surveyor (DEM),Scott A. Warnke,DEM,"La Salle Township, Precinct 2",121
Monroe County Surveyor (DEM),Write-in,DEM,"La Salle Township, Precinct 2",0
Monroe County Surveyor (DEM),Scott A. Warnke,DEM,"London Township, Precinct 1",133
Monroe County Surveyor (DEM),Write-in,DEM,"London Township, Precinct 1",0
Monroe County Surveyor (DEM),Scott A. Warnke,DEM,"Milan Township, Precinct 1",70
Monroe County Surveyor (DEM),Write-in,DEM,"Milan Township, Precinct 1",0
Monroe County Surveyor (DEM),Scott A. Warnke,DEM,"Monroe Charter Township, Precinct 1",108
Monroe County Surveyor (DEM),Write-in,DEM,"Monroe Charter Township, Precinct 1",0
Monroe County Surveyor (DEM),Scott A. Warnke,DEM,"Monroe Charter Township, Precinct 2",57
Monroe County Surveyor (DEM),Write-in,DEM,"Monroe Charter Township, Precinct 2",0
Monroe County Surveyor (DEM),Scott A. Warnke,DEM,"Monroe Charter Township, Precinct 3",83
Monroe County Surveyor (DEM),Write-in,DEM,"Monroe Charter Township, Precinct 3",0
Monroe County Surveyor (DEM),Scott A. Warnke,DEM,"Monroe Charter Township, Precinct 4",131
Monroe County Surveyor (DEM),Write-in,DEM,"Monroe Charter Township, Precinct 4",0
Monroe County Surveyor (DEM),Scott A. Warnke,DEM,"Monroe Charter Township, Precinct 5",162
Monroe County Surveyor (DEM),Write-in,DEM,"Monroe Charter Township, Precinct 5",0
Monroe County Surveyor (DEM),Scott A. Warnke,DEM,"Monroe Charter Township, Precinct 6",102
Monroe County Surveyor (DEM),Write-in,DEM,"Monroe Charter Township, Precinct 6",0
Monroe County Surveyor (DEM),Scott A. Warnke,DEM,"Raisinville Township, Precinct 1",145
Monroe County Surveyor (DEM),Write-in,DEM,"Raisinville Township, Precinct 1",0
Monroe County Surveyor (DEM),Scott A. Warnke,DEM,"Raisinville Township, Precinct 2",203
Monroe County Surveyor (DEM),Write-in,DEM,"Raisinville Township, Precinct 2",0
Monroe County Surveyor (DEM),Scott A. Warnke,DEM,"Summerfield Township, Precinct 1",118
Monroe County Surveyor (DEM),Write-in,DEM,"Summerfield Township, Precinct 1",0
Monroe County Surveyor (DEM),Scott A. Warnke,DEM,"Whiteford Township, Precinct 1",94
Monroe County Surveyor (DEM),Write-in,DEM,"Whiteford Township, Precinct 1",0
Monroe County Surveyor (DEM),Scott A. Warnke,DEM,"Whiteford Township, Precinct 2",51
Monroe County Surveyor (DEM),Write-in,DEM,"Whiteford Township, Precinct 2",0
Monroe County Surveyor (DEM),Scott A. Warnke,DEM,"City of Luna Pier, Precinct 1",85
Monroe County Surveyor (DEM),Write-in,DEM,"City of Luna Pier, Precinct 1",0
Monroe County Surveyor (DEM),Scott A. Warnke,DEM,"City of Milan, Precinct 1",120
Monroe County Surveyor (DEM),Write-in,DEM,"City of Milan, Precinct 1",0
Monroe County Surveyor (DEM),Scott A. Warnke,DEM,"City of Monroe, Precinct 1",181
Monroe County Surveyor (DEM),Write-in,DEM,"City of Monroe, Precinct 1",1
Monroe County Surveyor (DEM),Scott A. Warnke,DEM,"City of Monroe, Precinct 2",127
Monroe County Surveyor (DEM),Write-in,DEM,"City of Monroe, Precinct 2",0
Monroe County Surveyor (DEM),Scott A. Warnke,DEM,"City of Monroe, Precinct 3N",81
Monroe County Surveyor (DEM),Write-in,DEM,"City of Monroe, Precinct 3N",3
Monroe County Surveyor (DEM),Scott A. Warnke,DEM,"City of Monroe, Precinct 3S",62
Monroe County Surveyor (DEM),Write-in,DEM,"City of Monroe, Precinct 3S",2
Monroe County Surveyor (DEM),Scott A. Warnke,DEM,"City of Monroe, Precinct 4",229
Monroe County Surveyor (DEM),Write-in,DEM,"City of Monroe, Precinct 4",0
Monroe County Surveyor (DEM),Scott A. Warnke,DEM,"City of Monroe, Precinct 5",302
Monroe County Surveyor (DEM),Write-in,DEM,"City of Monroe, Precinct 5",1
Monroe County Surveyor (DEM),Scott A. Warnke,DEM,"City of Monroe, Precinct 6",167
Monroe County Surveyor (DEM),Write-in,DEM,"City of Monroe, Precinct 6",0
Monroe County Surveyor (DEM),Scott A. Warnke,DEM,"City of Petersburg, Precinct 1",69
Monroe County Surveyor (DEM),Write-in,DEM,"City of Petersburg, Precinct 1",0
County Commissioner for County Commissioner District 1 (DEM),Write-in,DEM,"Dundee Township, Precinct 1",5
County Commissioner for County Commissioner District 1 (DEM),Write-in,DEM,"Dundee Township, Precinct 2",12
County Commissioner for County Commissioner District 1 (DEM),Write-in,DEM,"Dundee Township, Precinct 3",9
County Commissioner for County Commissioner District 1 (DEM),Write-in,DEM,"Ida Township, Precinct 1",13
County Commissioner for County Commissioner District 1 (DEM),Write-in,DEM,"Ida Township, Precinct 2",10
County Commissioner for County Commissioner District 1 (DEM),Write-in,DEM,"Summerfield Township, Precinct 1",8
County Commissioner for County Commissioner District 1 (DEM),Write-in,DEM,"City of Petersburg, Precinct 1",7
County Commissioner for County Commissioner District 2 (DEM),Write-in,DEM,"Exeter Township, Precinct 1",14
County Commissioner for County Commissioner District 2 (DEM),Write-in,DEM,"Exeter Township, Precinct 2",16
County Commissioner for County Commissioner District 2 (DEM),Write-in,DEM,"London Township, Precinct 1",26
County Commissioner for County Commissioner District 2 (DEM),Write-in,DEM,"Milan Township, Precinct 1",13
County Commissioner for County Commissioner District 2 (DEM),Write-in,DEM,"Raisinville Township, Precinct 1",8
County Commissioner for County Commissioner District 2 (DEM),Write-in,DEM,"Raisinville Township, Precinct 2",22
County Commissioner for County Commissioner District 2 (DEM),Write-in,DEM,"City of Milan, Precinct 1",9
County Commissioner for County Commissioner District 3 (DEM),Write-in,DEM,"Ash Township, Precinct 1",21
County Commissioner for County Commissioner District 3 (DEM),Write-in,DEM,"Ash Township, Precinct 2",26
County Commissioner for County Commissioner District 3 (DEM),Write-in,DEM,"Ash Township, Precinct 3",10
County Commissioner for County Commissioner District 3 (DEM),Write-in,DEM,"Berlin Township, Precinct 1",16
County Commissioner for County Commissioner District 3 (DEM),Write-in,DEM,"Berlin Township, Precinct 2",22
County Commissioner for County Commissioner District 3 (DEM),Write-in,DEM,"Berlin Township, Precinct 3",14
County Commissioner for County Commissioner District 3 (DEM),Write-in,DEM,"Berlin Township, Precinct 4",15
County Commissioner for County Commissioner District 4 (DEM),Jesse M. Riggs,DEM,"Frenchtown Township, Precinct 1",44
County Commissioner for County Commissioner District 4 (DEM),Write-in,DEM,"Frenchtown Township, Precinct 1",0
County Commissioner for County Commissioner District 4 (DEM),Jesse M. Riggs,DEM,"Frenchtown Township, Precinct 2",81
County Commissioner for County Commissioner District 4 (DEM),Write-in,DEM,"Frenchtown Township, Precinct 2",1
County Commissioner for County Commissioner District 4 (DEM),Jesse M. Riggs,DEM,"Frenchtown Township, Precinct 3",79
County Commissioner for County Commissioner District 4 (DEM),Write-in,DEM,"Frenchtown Township, Precinct 3",0
County Commissioner for County Commissioner District 4 (DEM),Jesse M. Riggs,DEM,"Frenchtown Township, Precinct 5",76
County Commissioner for County Commissioner District 4 (DEM),Write-in,DEM,"Frenchtown Township, Precinct 5",1
County Commissioner for County Commissioner District 4 (DEM),Jesse M. Riggs,DEM,"Frenchtown Township, Precinct 6",118
County Commissioner for County Commissioner District 4 (DEM),Write-in,DEM,"Frenchtown Township, Precinct 6",1
County Commissioner for County Commissioner District 4 (DEM),Jesse M. Riggs,DEM,"Frenchtown Township, Precinct 7",186
County Commissioner for County Commissioner District 4 (DEM),Write-in,DEM,"Frenchtown Township, Precinct 7",1
County Commissioner for County Commissioner District 4 (DEM),Jesse M. Riggs,DEM,"Frenchtown Township, Precinct 8",77
County Commissioner for County Commissioner District 4 (DEM),Write-in,DEM,"Frenchtown Township, Precinct 8",0
County Commissioner for County Commissioner District 5 (DEM),Bill LaVoy,DEM,"Frenchtown Township, Precinct 4",170
County Commissioner for County Commissioner District 5 (DEM),Write-in,DEM,"Frenchtown Township, Precinct 4",0
County Commissioner for County Commissioner District 5 (DEM),Bill LaVoy,DEM,"Frenchtown Township, Precinct 7",0
County Commissioner for County Commissioner District 5 (DEM),Write-in,DEM,"Frenchtown Township, Precinct 7",0
County Commissioner for County Commissioner District 5 (DEM),Bill LaVoy,DEM,"Frenchtown Township, Precinct 9",112
County Commissioner for County Commissioner District 5 (DEM),Write-in,DEM,"Frenchtown Township, Precinct 9",0
County Commissioner for County Commissioner District 5 (DEM),Bill LaVoy,DEM,"City of Monroe, Precinct 3N",82
County Commissioner for County Commissioner District 5 (DEM),Write-in,DEM,"City of Monroe, Precinct 3N",1
County Commissioner for County Commissioner District 5 (DEM),Bill LaVoy,DEM,"City of Monroe, Precinct 4",235
County Commissioner for County Commissioner District 5 (DEM),Write-in,DEM,"City of Monroe, Precinct 4",0
County Commissioner for County Commissioner District 5 (DEM),Bill LaVoy,DEM,"City of Monroe, Precinct 5",330
County Commissioner for County Commissioner District 5 (DEM),Write-in,DEM,"City of Monroe, Precinct 5",1
County Commissioner for County Commissioner District 5 (DEM),Bill LaVoy,DEM,"City of Monroe, Precinct 6",172
County Commissioner for County Commissioner District 5 (DEM),Write-in,DEM,"City of Monroe, Precinct 6",0
County Commissioner for County Commissioner District 6 (DEM),Jerry McKart,DEM,"Monroe Charter Township, Precinct 1",115
County Commissioner for County Commissioner District 6 (DEM),Write-in,DEM,"Monroe Charter Township, Precinct 1",1
County Commissioner for County Commissioner District 6 (DEM),Jerry McKart,DEM,"Monroe Charter Township, Precinct 2",61
County Commissioner for County Commissioner District 6 (DEM),Write-in,DEM,"Monroe Charter Township, Precinct 2",0
County Commissioner for County Commissioner District 6 (DEM),Jerry McKart,DEM,"Monroe Charter Township, Precinct 3",81
County Commissioner for County Commissioner District 6 (DEM),Write-in,DEM,"Monroe Charter Township, Precinct 3",0
County Commissioner for County Commissioner District 6 (DEM),Jerry McKart,DEM,"Monroe Charter Township, Precinct 6",109
County Commissioner for County Commissioner District 6 (DEM),Write-in,DEM,"Monroe Charter Township, Precinct 6",0
County Commissioner for County Commissioner District 6 (DEM),Jerry McKart,DEM,"City of Monroe, Precinct 1",198
County Commissioner for County Commissioner District 6 (DEM),Write-in,DEM,"City of Monroe, Precinct 1",1
County Commissioner for County Commissioner District 6 (DEM),Jerry McKart,DEM,"City of Monroe, Precinct 2",136
County Commissioner for County Commissioner District 6 (DEM),Write-in,DEM,"City of Monroe, Precinct 2",1
County Commissioner for County Commissioner District 6 (DEM),Jerry McKart,DEM,"City of Monroe, Precinct 3S",66
County Commissioner for County Commissioner District 6 (DEM),Write-in,DEM,"City of Monroe, Precinct 3S",0
County Commissioner for County Commissioner District 7 (DEM),Write-in,DEM,"Erie Township, Precinct 1",21
County Commissioner for County Commissioner District 7 (DEM),Write-in,DEM,"La Salle Township, Precinct 1",8
County Commissioner for County Commissioner District 7 (DEM),Write-in,DEM,"La Salle Township, Precinct 2",15
County Commissioner for County Commissioner District 7 (DEM),Write-in,DEM,"Monroe Charter Township, Precinct 4",22
County Commissioner for County Commissioner District 7 (DEM),Write-in,DEM,"Monroe Charter Township, Precinct 5",21
County Commissioner for County Commissioner District 7 (DEM),Write-in,DEM,"City of Luna Pier, Precinct 1",24
County Commissioner for County Commissioner District 8 (DEM),Write-in,DEM,"Bedford Township, Precinct 3",8
County Commissioner for County Commissioner District 8 (DEM),Write-in,DEM,"Bedford Township, Precinct 5",17
County Commissioner for County Commissioner District 8 (DEM),Write-in,DEM,"Bedford Township, Precinct 6",21
County Commissioner for County Commissioner District 8 (DEM),Write-in,DEM,"Bedford Township, Precinct 7",14
County Commissioner for County Commissioner District 8 (DEM),Write-in,DEM,"Bedford Township, Precinct 9",11
County Commissioner for County Commissioner District 8 (DEM),Write-in,DEM,"Bedford Township, Precinct 10",5
County Commissioner for County Commissioner District 8 (DEM),Write-in,DEM,"Bedford Township, Precinct 13",13
County Commissioner for County Commissioner District 8 (DEM),Write-in,DEM,"Bedford Township, Precinct 14",14
County Commissioner for County Commissioner District 9 (DEM),Write-in,DEM,"Bedford Township, Precinct 1",7
County Commissioner for County Commissioner District 9 (DEM),Write-in,DEM,"Bedford Township, Precinct 2",15
County Commissioner for County Commissioner District 9 (DEM),Write-in,DEM,"Bedford Township, Precinct 4",18
County Commissioner for County Commissioner District 9 (DEM),Write-in,DEM,"Bedford Township, Precinct 8",13
County Commissioner for County Commissioner District 9 (DEM),Write-in,DEM,"Bedford Township, Precinct 11",10
County Commissioner for County Commissioner District 9 (DEM),Write-in,DEM,"Bedford Township, Precinct 12",12
County Commissioner for County Commissioner District 9 (DEM),Write-in,DEM,"Whiteford Township, Precinct 1",13
County Commissioner for County Commissioner District 9 (DEM),Write-in,DEM,"Whiteford Township, Precinct 2",13
Ash Township Supervisor (DEM),Write-in,DEM,"Ash Township, Precinct 1",21
Ash Township Supervisor (DEM),Write-in,DEM,"Ash Township, Precinct 2",26
Ash Township Supervisor (DEM),Write-in,DEM,"Ash Township, Precinct 3",11
Ash Township Clerk (DEM),Write-in,DEM,"Ash Township, Precinct 1",21
Ash Township Clerk (DEM),Write-in,DEM,"Ash Township, Precinct 2",24
Ash Township Clerk (DEM),Write-in,DEM,"Ash Township, Precinct 3",12
Ash Township Treasurer (DEM),Rob Schock,DEM,"Ash Township, Precinct 1",131
Ash Township Treasurer (DEM),Write-in,DEM,"Ash Township, Precinct 1",1
Ash Township Treasurer (DEM),Rob Schock,DEM,"Ash Township, Precinct 2",173
Ash Township Treasurer (DEM),Write-in,DEM,"Ash Township, Precinct 2",0
Ash Township Treasurer (DEM),Rob Schock,DEM,"Ash Township, Precinct 3",111
Ash Township Treasurer (DEM),Write-in,DEM,"Ash Township, Precinct 3",0
Ash Township Trustee (DEM),Write-in,DEM,"Ash Township, Precinct 1",25
Ash Township Trustee (DEM),Write-in,DEM,"Ash Township, Precinct 2",32
Ash Township Trustee (DEM),Write-in,DEM,"Ash Township, Precinct 3",11
Bedford Township Supervisor (DEM),Write-in,DEM,"Bedford Township, Precinct 1",7
Bedford Township Supervisor (DEM),Write-in,DEM,"Bedford Township, Precinct 2",14
Bedford Township Supervisor (DEM),Write-in,DEM,"Bedford Township, Precinct 3",8
Bedford Township Supervisor (DEM),Write-in,DEM,"Bedford Township, Precinct 4",17
Bedford Township Supervisor (DEM),Write-in,DEM,"Bedford Township, Precinct 5",18
Bedford Township Supervisor (DEM),Write-in,DEM,"Bedford Township, Precinct 6",20
Bedford Township Supervisor (DEM),Write-in,DEM,"Bedford Township, Precinct 7",13
Bedford Township Supervisor (DEM),Write-in,DEM,"Bedford Township, Precinct 8",13
Bedford Township Supervisor (DEM),Write-in,DEM,"Bedford Township, Precinct 9",11
Bedford Township Supervisor (DEM),Write-in,DEM,"Bedford Township, Precinct 10",5
Bedford Township Supervisor (DEM),Write-in,DEM,"Bedford Township, Precinct 11",10
Bedford Township Supervisor (DEM),Write-in,DEM,"Bedford Township, Precinct 12",12
Bedford Township Supervisor (DEM),Write-in,DEM,"Bedford Township, Precinct 13",14
Bedford Township Supervisor (DEM),Write-in,DEM,"Bedford Township, Precinct 14",14
Bedford Township Clerk (DEM),Write-in,DEM,"Bedford Township, Precinct 1",7
Bedford Township Clerk (DEM),Write-in,DEM,"Bedford Township, Precinct 2",13
Bedford Township Clerk (DEM),Write-in,DEM,"Bedford Township, Precinct 3",8
Bedford Township Clerk (DEM),Write-in,DEM,"Bedford Township, Precinct 4",16
Bedford Township Clerk (DEM),Write-in,DEM,"Bedford Township, Precinct 5",15
Bedford Township Clerk (DEM),Write-in,DEM,"Bedford Township, Precinct 6",20
Bedford Township Clerk (DEM),Write-in,DEM,"Bedford Township, Precinct 7",12
Bedford Township Clerk (DEM),Write-in,DEM,"Bedford Township, Precinct 8",13
Bedford Township Clerk (DEM),Write-in,DEM,"Bedford Township, Precinct 9",11
Bedford Township Clerk (DEM),Write-in,DEM,"Bedford Township, Precinct 10",5
Bedford Township Clerk (DEM),Write-in,DEM,"Bedford Township, Precinct 11",10
Bedford Township Clerk (DEM),Write-in,DEM,"Bedford Township, Precinct 12",12
Bedford Township Clerk (DEM),Write-in,DEM,"Bedford Township, Precinct 13",15
Bedford Township Clerk (DEM),Write-in,DEM,"Bedford Township, Precinct 14",14
Bedford Township Treasurer (DEM),Write-in,DEM,"Bedford Township, Precinct 1",7
Bedford Township Treasurer (DEM),Write-in,DEM,"Bedford Township, Precinct 2",13
Bedford Township Treasurer (DEM),Write-in,DEM,"Bedford Township, Precinct 3",8
Bedford Township Treasurer (DEM),Write-in,DEM,"Bedford Township, Precinct 4",17
Bedford Township Treasurer (DEM),Write-in,DEM,"Bedford Township, Precinct 5",14
Bedford Township Treasurer (DEM),Write-in,DEM,"Bedford Township, Precinct 6",19
Bedford Township Treasurer (DEM),Write-in,DEM,"Bedford Township, Precinct 7",12
Bedford Township Treasurer (DEM),Write-in,DEM,"Bedford Township, Precinct 8",13
Bedford Township Treasurer (DEM),Write-in,DEM,"Bedford Township, Precinct 9",9
Bedford Township Treasurer (DEM),Write-in,DEM,"Bedford Township, Precinct 10",4
Bedford Township Treasurer (DEM),Write-in,DEM,"Bedford Township, Precinct 11",10
Bedford Township Treasurer (DEM),Write-in,DEM,"Bedford Township, Precinct 12",12
Bedford Township Treasurer (DEM),Write-in,DEM,"Bedford Township, Precinct 13",13
Bedford Township Treasurer (DEM),Write-in,DEM,"Bedford Township, Precinct 14",13
Bedford Township Trustee (DEM),Write-in,DEM,"Bedford Township, Precinct 1",17
Bedford Township Trustee (DEM),Write-in,DEM,"Bedford Township, Precinct 2",16
Bedford Township Trustee (DEM),Write-in,DEM,"Bedford Township, Precinct 3",12
Bedford Township Trustee (DEM),Write-in,DEM,"Bedford Township, Precinct 4",29
Bedford Township Trustee (DEM),Write-in,DEM,"Bedford Township, Precinct 5",27
Bedford Township Trustee (DEM),Write-in,DEM,"Bedford Township, Precinct 6",43
Bedford Township Trustee (DEM),Write-in,DEM,"Bedford Township, Precinct 7",29
Bedford Township Trustee (DEM),Write-in,DEM,"Bedford Township, Precinct 8",12
Bedford Township Trustee (DEM),Write-in,DEM,"Bedford Township, Precinct 9",17
Bedford Township Trustee (DEM),Write-in,DEM,"Bedford Township, Precinct 10",7
Bedford Township Trustee (DEM),Write-in,DEM,"Bedford Township, Precinct 11",18
Bedford Township Trustee (DEM),Write-in,DEM,"Bedford Township, Precinct 12",25
Bedford Township Trustee (DEM),Write-in,DEM,"Bedford Township, Precinct 13",35
Bedford Township Trustee (DEM),Write-in,DEM,"Bedford Township, Precinct 14",25
Bedford Township Park Commissioner (DEM),Write-in,DEM,"Bedford Township, Precinct 1",16
Bedford Township Park Commissioner (DEM),Write-in,DEM,"Bedford Township, Precinct 2",20
Bedford Township Park Commissioner (DEM),Write-in,DEM,"Bedford Township, Precinct 3",16
Bedford Township Park Commissioner (DEM),Write-in,DEM,"Bedford Township, Precinct 4",34
Bedford Township Park Commissioner (DEM),Write-in,DEM,"Bedford Township, Precinct 5",27
Bedford Township Park Commissioner (DEM),Write-in,DEM,"Bedford Township, Precinct 6",43
Bedford Township Park Commissioner (DEM),Write-in,DEM,"Bedford Township, Precinct 7",32
Bedford Township Park Commissioner (DEM),Write-in,DEM,"Bedford Township, Precinct 8",13
Bedford Township Park Commissioner (DEM),Write-in,DEM,"Bedford Township, Precinct 9",17
Bedford Township Park Commissioner (DEM),Write-in,DEM,"Bedford Township, Precinct 10",8
Bedford Township Park Commissioner (DEM),Write-in,DEM,"Bedford Township, Precinct 11",17
Bedford Township Park Commissioner (DEM),Write-in,DEM,"Bedford Township, Precinct 12",30
Bedford Township Park Commissioner (DEM),Write-in,DEM,"Bedford Township, Precinct 13",41
Bedford Township Park Commissioner (DEM),Write-in,DEM,"Bedford Township, Precinct 14",25
Berlin Township Supervisor (DEM),Dave Reaume,DEM,"Berlin Township, Precinct 1",118
Berlin Township Supervisor (DEM),Write-in,DEM,"Berlin Township, Precinct 1",1
Berlin Township Supervisor (DEM),Dave Reaume,DEM,"Berlin Township, Precinct 2",190
Berlin Township Supervisor (DEM),Write-in,DEM,"Berlin Township, Precinct 2",0
Berlin Township Supervisor (DEM),Dave Reaume,DEM,"Berlin Township, Precinct 3",120
Berlin Township Supervisor (DEM),Write-in,DEM,"Berlin Township, Precinct 3",1
Berlin Township Supervisor (DEM),Dave Reaume,DEM,"Berlin Township, Precinct 4",139
Berlin Township Supervisor (DEM),Write-in,DEM,"Berlin Township, Precinct 4",0
Berlin Township Clerk (DEM),Denise Sovey-Meyer,DEM,"Berlin Township, Precinct 1",121
Berlin Township Clerk (DEM),Write-in,DEM,"Berlin Township, Precinct 1",0
Berlin Township Clerk (DEM),Denise Sovey-Meyer,DEM,"Berlin Township, Precinct 2",199
Berlin Township Clerk (DEM),Write-in,DEM,"Berlin Township, Precinct 2",0
Berlin Township Clerk (DEM),Denise Sovey-Meyer,DEM,"Berlin Township, Precinct 3",123
Berlin Township Clerk (DEM),Write-in,DEM,"Berlin Township, Precinct 3",1
Berlin Township Clerk (DEM),Denise Sovey-Meyer,DEM,"Berlin Township, Precinct 4",140
Berlin Township Clerk (DEM),Write-in,DEM,"Berlin Township, Precinct 4",0
Berlin Township Treasurer (DEM),Deborah Lynn Masserant,DEM,"Berlin Township, Precinct 1",119
Berlin Township Treasurer (DEM),Write-in,DEM,"Berlin Township, Precinct 1",0
Berlin Township Treasurer (DEM),Deborah Lynn Masserant,DEM,"Berlin Township, Precinct 2",194
Berlin Township Treasurer (DEM),Write-in,DEM,"Berlin Township, Precinct 2",0
Berlin Township Treasurer (DEM),Deborah Lynn Masserant,DEM,"Berlin Township, Precinct 3",121
Berlin Township Treasurer (DEM),Write-in,DEM,"Berlin Township, Precinct 3",1
Berlin Township Treasurer (DEM),Deborah Lynn Masserant,DEM,"Berlin Township, Precinct 4",142
Berlin Township Treasurer (DEM),Write-in,DEM,"Berlin Township, Precinct 4",1
Berlin Township Trustee (DEM),Robert D. Masserant,DEM,"Berlin Township, Precinct 1",120
Berlin Township Trustee (DEM),Write-in,DEM,"Berlin Township, Precinct 1",6
Berlin Township Trustee (DEM),Robert D. Masserant,DEM,"Berlin Township, Precinct 2",193
Berlin Township Trustee (DEM),Write-in,DEM,"Berlin Township, Precinct 2",3
Berlin Township Trustee (DEM),Robert D. Masserant,DEM,"Berlin Township, Precinct 3",121
Berlin Township Trustee (DEM),Write-in,DEM,"Berlin Township, Precinct 3",4
Berlin Township Trustee (DEM),Robert D. Masserant,DEM,"Berlin Township, Precinct 4",140
Berlin Township Trustee (DEM),Write-in,DEM,"Berlin Township, Precinct 4",3
Dundee Township Supervisor (DEM),Joanna C. Uhl,DEM,"Dundee Township, Precinct 1",92
Dundee Township Supervisor (DEM),Write-in,DEM,"Dundee Township, Precinct 1",1
Dundee Township Supervisor (DEM),Joanna C. Uhl,DEM,"Dundee Township, Precinct 2",152
Dundee Township Supervisor (DEM),Write-in,DEM,"Dundee Township, Precinct 2",0
Dundee Township Supervisor (DEM),Joanna C. Uhl,DEM,"Dundee Township, Precinct 3",176
Dundee Township Supervisor (DEM),Write-in,DEM,"Dundee Township, Precinct 3",0
Dundee Township Clerk (DEM),Write-in,DEM,"Dundee Township, Precinct 1",3
Dundee Township Clerk (DEM),Write-in,DEM,"Dundee Township, Precinct 2",12
Dundee Township Clerk (DEM),Write-in,DEM,"Dundee Township, Precinct 3",10
Dundee Township Treasurer (DEM),Write-in,DEM,"Dundee Township, Precinct 1",3
Dundee Township Treasurer (DEM),Write-in,DEM,"Dundee Township, Precinct 2",12
Dundee Township Treasurer (DEM),Write-in,DEM,"Dundee Township, Precinct 3",10
Dundee Township Trustee (DEM),Gary J. Lazette,DEM,"Dundee Township, Precinct 1",98
Dundee Township Trustee (DEM),Write-in,DEM,"Dundee Township, Precinct 1",0
Dundee Township Trustee (DEM),Gary J. Lazette,DEM,"Dundee Township, Precinct 2",147
Dundee Township Trustee (DEM),Write-in,DEM,"Dundee Township, Precinct 2",3
Dundee Township Trustee (DEM),Gary J. Lazette,DEM,"Dundee Township, Precinct 3",175
Dundee Township Trustee (DEM),Write-in,DEM,"Dundee Township, Precinct 3",1
Erie Township Supervisor (DEM),Michael Grodi,DEM,"Erie Township, Precinct 1",180
Erie Township Supervisor (DEM),Write-in,DEM,"Erie Township, Precinct 1",2
Erie Township Clerk (DEM),Write-in,DEM,"Erie Township, Precinct 1",15
Erie Township Treasurer (DEM),Write-in,DEM,"Erie Township, Precinct 1",14
Erie Township Trustee (DEM),Write-in,DEM,"Erie Township, Precinct 1",17
Erie Township Park Commissioner (DEM),Darlene Andrzejewski,DEM,"Erie Township, Precinct 1",168
Erie Township Park Commissioner (DEM),Write-in,DEM,"Erie Township, Precinct 1",6
Exeter Township Supervisor (DEM),Write-in,DEM,"Exeter Township, Precinct 1",13
Exeter Township Supervisor (DEM),Write-in,DEM,"Exeter Township, Precinct 2",15
Exeter Township Clerk (DEM),Write-in,DEM,"Exeter Township, Precinct 1",13
Exeter Township Clerk (DEM),Write-in,DEM,"Exeter Township, Precinct 2",15
Exeter Township Treasurer (DEM),Write-in,DEM,"Exeter Township, Precinct 1",13
Exeter Township Treasurer (DEM),Write-in,DEM,"Exeter Township, Precinct 2",15
Exeter Township Trustee (DEM),Write-in,DEM,"Exeter Township, Precinct 1",18
Exeter Township Trustee (DEM),Write-in,DEM,"Exeter Township, Precinct 2",18
Frenchtown Township Supervisor (DEM),Write-in,DEM,"Frenchtown Township, Precinct 1",4
Frenchtown Township Supervisor (DEM),Write-in,DEM,"Frenchtown Township, Precinct 2",19
Frenchtown Township Supervisor (DEM),Write-in,DEM,"Frenchtown Township, Precinct 3",8
Frenchtown Township Supervisor (DEM),Write-in,DEM,"Frenchtown Township, Precinct 4",16
Frenchtown Township Supervisor (DEM),Write-in,DEM,"Frenchtown Township, Precinct 5",18
Frenchtown Township Supervisor (DEM),Write-in,DEM,"Frenchtown Township, Precinct 6",15
Frenchtown Township Supervisor (DEM),Write-in,DEM,"Frenchtown Township, Precinct 7",25
Frenchtown Township Supervisor (DEM),Write-in,DEM,"Frenchtown Township, Precinct 8",8
Frenchtown Township Supervisor (DEM),Write-in,DEM,"Frenchtown Township, Precinct 9",14
Frenchtown Township Clerk (DEM),Write-in,DEM,"Frenchtown Township, Precinct 1",3
Frenchtown Township Clerk (DEM),Write-in,DEM,"Frenchtown Township, Precinct 2",19
Frenchtown Township Clerk (DEM),Write-in,DEM,"Frenchtown Township, Precinct 3",8
Frenchtown Township Clerk (DEM),Write-in,DEM,"Frenchtown Township, Precinct 4",17
Frenchtown Township Clerk (DEM),Write-in,DEM,"Frenchtown Township, Precinct 5",17
Frenchtown Township Clerk (DEM),Write-in,DEM,"Frenchtown Township, Precinct 6",14
Frenchtown Township Clerk (DEM),Write-in,DEM,"Frenchtown Township, Precinct 7",25
Frenchtown Township Clerk (DEM),Write-in,DEM,"Frenchtown Township, Precinct 8",8
Frenchtown Township Clerk (DEM),Write-in,DEM,"Frenchtown Township, Precinct 9",11
Frenchtown Township Treasurer (DEM),Write-in,DEM,"Frenchtown Township, Precinct 1",3
Frenchtown Township Treasurer (DEM),Write-in,DEM,"Frenchtown Township, Precinct 2",17
Frenchtown Township Treasurer (DEM),Write-in,DEM,"Frenchtown Township, Precinct 3",7
Frenchtown Township Treasurer (DEM),Write-in,DEM,"Frenchtown Township, Precinct 4",14
Frenchtown Township Treasurer (DEM),Write-in,DEM,"Frenchtown Township, Precinct 5",16
Frenchtown Township Treasurer (DEM),Write-in,DEM,"Frenchtown Township, Precinct 6",14
Frenchtown Township Treasurer (DEM),Write-in,DEM,"Frenchtown Township, Precinct 7",23
Frenchtown Township Treasurer (DEM),Write-in,DEM,"Frenchtown Township, Precinct 8",8
Frenchtown Township Treasurer (DEM),Write-in,DEM,"Frenchtown Township, Precinct 9",11
Frenchtown Township Trustee (DEM),Write-in,DEM,"Frenchtown Township, Precinct 1",8
Frenchtown Township Trustee (DEM),Write-in,DEM,"Frenchtown Township, Precinct 2",36
Frenchtown Township Trustee (DEM),Write-in,DEM,"Frenchtown Township, Precinct 3",25
Frenchtown Township Trustee (DEM),Write-in,DEM,"Frenchtown Township, Precinct 4",21
Frenchtown Township Trustee (DEM),Write-in,DEM,"Frenchtown Township, Precinct 5",26
Frenchtown Township Trustee (DEM),Write-in,DEM,"Frenchtown Township, Precinct 6",29
Frenchtown Township Trustee (DEM),Write-in,DEM,"Frenchtown Township, Precinct 7",26
Frenchtown Township Trustee (DEM),Write-in,DEM,"Frenchtown Township, Precinct 8",7
Frenchtown Township Trustee (DEM),Write-in,DEM,"Frenchtown Township, Precinct 9",16
Ida Township Supervisor (DEM),Write-in,DEM,"Ida Township, Precinct 1",9
Ida Township Supervisor (DEM),Write-in,DEM,"Ida Township, Precinct 2",9
Ida Township Clerk (DEM),Write-in,DEM,"Ida Township, Precinct 1",9
Ida Township Clerk (DEM),Write-in,DEM,"Ida Township, Precinct 2",9
Ida Township Treasurer (DEM),Write-in,DEM,"Ida Township, Precinct 1",9
Ida Township Treasurer (DEM),Write-in,DEM,"Ida Township, Precinct 2",9
Ida Township Trustee (DEM),Write-in,DEM,"Ida Township, Precinct 1",11
Ida Township Trustee (DEM),Write-in,DEM,"Ida Township, Precinct 2",13
La Salle Township Supervisor (DEM),Write-in,DEM,"La Salle Township, Precinct 1",7
La Salle Township Supervisor (DEM),Write-in,DEM,"La Salle Township, Precinct 2",13
La Salle Township Clerk (DEM),Write-in,DEM,"La Salle Township, Precinct 1",7
La Salle Township Clerk (DEM),Write-in,DEM,"La Salle Township, Precinct 2",14
La Salle Township Treasurer (DEM),Write-in,DEM,"La Salle Township, Precinct 1",7
La Salle Township Treasurer (DEM),Write-in,DEM,"La Salle Township, Precinct 2",13
La Salle Township Trustee (DEM),Write-in,DEM,"La Salle Township, Precinct 1",9
La Salle Township Trustee (DEM),Write-in,DEM,"La Salle Township, Precinct 2",18
London Township Supervisor (DEM),Write-in,DEM,"London Township, Precinct 1",25
London Township Clerk (DEM),Write-in,DEM,"London Township, Precinct 1",25
London Township Treasurer (DEM),Kimberly Sharp,DEM,"London Township, Precinct 1",125
London Township Treasurer (DEM),Write-in,DEM,"London Township, Precinct 1",1
London Township Trustee (DEM),Write-in,DEM,"London Township, Precinct 1",29
Milan Township Supervisor (DEM),Write-in,DEM,"Milan Township, Precinct 1",13
Milan Township Clerk (DEM),Write-in,DEM,"Milan Township, Precinct 1",13
Milan Township Treasurer (DEM),Write-in,DEM,"Milan Township, Precinct 1",13
Milan Township Trustee (DEM),Write-in,DEM,"Milan Township, Precinct 1",16
Monroe Township Supervisor (DEM),Write-in,DEM,"Monroe Charter Township, Precinct 1",13
Monroe Township Supervisor (DEM),Write-in,DEM,"Monroe Charter Township, Precinct 2",7
Monroe Township Supervisor (DEM),Write-in,DEM,"Monroe Charter Township, Precinct 3",2
Monroe Township Supervisor (DEM),Write-in,DEM,"Monroe Charter Township, Precinct 4",23
Monroe Township Supervisor (DEM),Write-in,DEM,"Monroe Charter Township, Precinct 5",23
Monroe Township Supervisor (DEM),Write-in,DEM,"Monroe Charter Township, Precinct 6",8
Monroe Township Clerk (DEM),Write-in,DEM,"Monroe Charter Township, Precinct 1",12
Monroe Township Clerk (DEM),Write-in,DEM,"Monroe Charter Township, Precinct 2",7
Monroe Township Clerk (DEM),Write-in,DEM,"Monroe Charter Township, Precinct 3",2
Monroe Township Clerk (DEM),Write-in,DEM,"Monroe Charter Township, Precinct 4",23
Monroe Township Clerk (DEM),Write-in,DEM,"Monroe Charter Township, Precinct 5",23
Monroe Township Clerk (DEM),Write-in,DEM,"Monroe Charter Township, Precinct 6",7
Monroe Township Treasurer (DEM),Write-in,DEM,"Monroe Charter Township, Precinct 1",12
Monroe Township Treasurer (DEM),Write-in,DEM,"Monroe Charter Township, Precinct 2",7
Monroe Township Treasurer (DEM),Write-in,DEM,"Monroe Charter Township, Precinct 3",2
Monroe Township Treasurer (DEM),Write-in,DEM,"Monroe Charter Township, Precinct 4",23
Monroe Township Treasurer (DEM),Write-in,DEM,"Monroe Charter Township, Precinct 5",21
Monroe Township Treasurer (DEM),Write-in,DEM,"Monroe Charter Township, Precinct 6",8
Monroe Township Trustee (DEM),Mary C. Gantzos,DEM,"Monroe Charter Township, Precinct 1",98
Monroe Township Trustee (DEM),Cole McNew,DEM,"Monroe Charter Township, Precinct 1",90
Monroe Township Trustee (DEM),Write-in,DEM,"Monroe Charter Township, Precinct 1",0
Monroe Township Trustee (DEM),Mary C. Gantzos,DEM,"Monroe Charter Township, Precinct 2",53
Monroe Township Trustee (DEM),Cole McNew,DEM,"Monroe Charter Township, Precinct 2",49
Monroe Township Trustee (DEM),Write-in,DEM,"Monroe Charter Township, Precinct 2",0
Monroe Township Trustee (DEM),Mary C. Gantzos,DEM,"Monroe Charter Township, Precinct 3",79
Monroe Township Trustee (DEM),Cole McNew,DEM,"Monroe Charter Township, Precinct 3",72
Monroe Township Trustee (DEM),Write-in,DEM,"Monroe Charter Township, Precinct 3",0
Monroe Township Trustee (DEM),Mary C. Gantzos,DEM,"Monroe Charter Township, Precinct 4",116
Monroe Township Trustee (DEM),Cole McNew,DEM,"Monroe Charter Township, Precinct 4",86
Monroe Township Trustee (DEM),Write-in,DEM,"Monroe Charter Township, Precinct 4",0
Monroe Township Trustee (DEM),Mary C. Gantzos,DEM,"Monroe Charter Township, Precinct 5",138
Monroe Township Trustee (DEM),Cole McNew,DEM,"Monroe Charter Township, Precinct 5",133
Monroe Township Trustee (DEM),Write-in,DEM,"Monroe Charter Township, Precinct 5",5
Monroe Township Trustee (DEM),Mary C. Gantzos,DEM,"Monroe Charter Township, Precinct 6",92
Monroe Township Trustee (DEM),Cole McNew,DEM,"Monroe Charter Township, Precinct 6",87
Monroe Township Trustee (DEM),Write-in,DEM,"Monroe Charter Township, Precinct 6",0
Raisinville Township Supervisor (DEM),Gerald James Blanchette,DEM,"Raisinville Township, Precinct 1",151
Raisinville Township Supervisor (DEM),Write-in,DEM,"Raisinville Township, Precinct 1",0
Raisinville Township Supervisor (DEM),Gerald James Blanchette,DEM,"Raisinville Township, Precinct 2",195
Raisinville Township Supervisor (DEM),Write-in,DEM,"Raisinville Township, Precinct 2",0
Raisinville Township Clerk (DEM),Write-in,DEM,"Raisinville Township, Precinct 1",7
Raisinville Township Clerk (DEM),Write-in,DEM,"Raisinville Township, Precinct 2",23
Raisinville Township Treasurer (DEM),Write-in,DEM,"Raisinville Township, Precinct 1",7
Raisinville Township Treasurer (DEM),Write-in,DEM,"Raisinville Township, Precinct 2",23
Raisinville Township Trustee (DEM),Write-in,DEM,"Raisinville Township, Precinct 1",12
Raisinville Township Trustee (DEM),Write-in,DEM,"Raisinville Township, Precinct 2",29
Raisinville Township Constable (DEM),Write-in,DEM,"Raisinville Township, Precinct 1",7
Raisinville Township Constable (DEM),Write-in,DEM,"Raisinville Township, Precinct 2",21
Summerfield Township Supervisor (DEM),Write-in,DEM,"Summerfield Township, Precinct 1",6
Summerfield Township Clerk (DEM),Write-in,DEM,"Summerfield Township, Precinct 1",7
Summerfield Township Treasurer (DEM),Write-in,DEM,"Summerfield Township, Precinct 1",7
Summerfield Township Trustee (DEM),Write-in,DEM,"Summerfield Township, Precinct 1",10
Whiteford Township Supervisor (DEM),Write-in,DEM,"Whiteford Township, Precinct 1",13
Whiteford Township Supervisor (DEM),Write-in,DEM,"Whiteford Township, Precinct 2",11
Whiteford Township Clerk (DEM),Write-in,DEM,"Whiteford Township, Precinct 1",12
Whiteford Township Clerk (DEM),Write-in,DEM,"Whiteford Township, Precinct 2",11
Whiteford Township Treasurer (DEM),Write-in,DEM,"Whiteford Township, Precinct 1",11
Whiteford Township Treasurer (DEM),Write-in,DEM,"Whiteford Township, Precinct 2",11
Whiteford Township Trustee (DEM),Write-in,DEM,"Whiteford Township, Precinct 1",13
Whiteford Township Trustee (DEM),Write-in,DEM,"Whiteford Township, Precinct 2",20
"Ash Township, Precinct 1 Precinct Delegate (DEM)",Write-in,DEM,"Ash Township, Precinct 1",41
"Ash Township, Precinct 2 Precinct Delegate (DEM)",Write-in,DEM,"Ash Township, Precinct 2",58
"Ash Township, Precinct 3 Precinct Delegate (DEM)","Michael Jackson, Jr.",DEM,"Ash Township, Precinct 3",112
"Ash Township, Precinct 3 Precinct Delegate (DEM)",Write-in,DEM,"Ash Township, Precinct 3",0
"City of Luna Pier, Precinct 1 Precinct Delegate (DEM)",Write-in,DEM,"City of Luna Pier, Precinct 1",34
"City of Milan, Precinct 1 Precinct Delegate (DEM)",Larry Biederman,DEM,"City of Milan, Precinct 1",142
"City of Milan, Precinct 1 Precinct Delegate (DEM)",Write-in,DEM,"City of Milan, Precinct 1",4
"City of Monroe, Precinct 1 Precinct Delegate (DEM)",Tom Ciacelli,DEM,"City of Monroe, Precinct 1",149
"City of Monroe, Precinct 1 Precinct Delegate (DEM)",Mike Hayter,DEM,"City of Monroe, Precinct 1",169
"City of Monroe, Precinct 1 Precinct Delegate (DEM)",Write-in,DEM,"City of Monroe, Precinct 1",0
"City of Monroe, Precinct 2 Precinct Delegate (DEM)",Cole Beehn,DEM,"City of Monroe, Precinct 2",74
"City of Monroe, Precinct 2 Precinct Delegate (DEM)",Bonnie E. Boggs,DEM,"City of Monroe, Precinct 2",88
"City of Monroe, Precinct 2 Precinct Delegate (DEM)",Haley Herrera,DEM,"City of Monroe, Precinct 2",86
"City of Monroe, Precinct 2 Precinct Delegate (DEM)",Spencer Lyke,DEM,"City of Monroe, Precinct 2",56
"City of Monroe, Precinct 2 Precinct Delegate (DEM)",Jerry L. McKart,DEM,"City of Monroe, Precinct 2",94
"City of Monroe, Precinct 2 Precinct Delegate (DEM)",Devin Prince Young,DEM,"City of Monroe, Precinct 2",40
"City of Monroe, Precinct 2 Precinct Delegate (DEM)",Jerry D. Young,DEM,"City of Monroe, Precinct 2",63
"City of Monroe, Precinct 2 Precinct Delegate (DEM)",Write-in,DEM,"City of Monroe, Precinct 2",0
"City of Monroe, Precinct 3N Precinct Delegate (DEM)",Write-in,DEM,"City of Monroe, Precinct 3N",23
"City of Monroe, Precinct 3S Precinct Delegate (DEM)",Write-in,DEM,"City of Monroe, Precinct 3S",23
"City of Monroe, Precinct 4 Precinct Delegate (DEM)",Carolyn Peterson,DEM,"City of Monroe, Precinct 4",219
"City of Monroe, Precinct 4 Precinct Delegate (DEM)",Howard J. Raker,DEM,"City of Monroe, Precinct 4",192
"City of Monroe, Precinct 4 Precinct Delegate (DEM)",Tanya R. Timiney,DEM,"City of Monroe, Precinct 4",199
"City of Monroe, Precinct 4 Precinct Delegate (DEM)",Write-in,DEM,"City of Monroe, Precinct 4",6
"City of Monroe, Precinct 4 Precinct Delegate (DEM)",Jack Katz,DEM,"City of Monroe, Precinct 4",1
"City of Monroe, Precinct 5 Precinct Delegate (DEM)",Write-in,DEM,"City of Monroe, Precinct 5",0
"City of Monroe, Precinct 5 Precinct Delegate (DEM)",Marcia Close,DEM,"City of Monroe, Precinct 5",267
"City of Monroe, Precinct 5 Precinct Delegate (DEM)",Meg Fedorowicz,DEM,"City of Monroe, Precinct 5",264
"City of Monroe, Precinct 5 Precinct Delegate (DEM)",Gloria Rafko,DEM,"City of Monroe, Precinct 5",293
"City of Monroe, Precinct 5 Precinct Delegate (DEM)",Douglas E. Ralston,DEM,"City of Monroe, Precinct 5",253
"City of Monroe, Precinct 5 Precinct Delegate (DEM)",Sharon Ralston,DEM,"City of Monroe, Precinct 5",250
"City of Monroe, Precinct 6 Precinct Delegate (DEM)",Write-in,DEM,"City of Monroe, Precinct 6",6
"City of Monroe, Precinct 6 Precinct Delegate (DEM)",Greg Drudi,DEM,"City of Monroe, Precinct 6",126
"City of Monroe, Precinct 6 Precinct Delegate (DEM)",Dan Minton,DEM,"City of Monroe, Precinct 6",132
"City of Monroe, Precinct 6 Precinct Delegate (DEM)",Douglas Boylan,DEM,"City of Monroe, Precinct 6",1
"City of Petersburg, Precinct 1 Precinct Delegate (DEM)",Write-in,DEM,"City of Petersburg, Precinct 1",8
"Bedford Township, Precinct 1 Precinct Delegate (DEM)",Write-in,DEM,"Bedford Township, Precinct 1",10
"Bedford Township, Precinct 2 Precinct Delegate (DEM)",Write-in,DEM,"Bedford Township, Precinct 2",12
"Bedford Township, Precinct 3 Precinct Delegate (DEM)",Write-in,DEM,"Bedford Township, Precinct 3",12
"Bedford Township, Precinct 4 Precinct Delegate (DEM)",MaryAnn Neopolitan,DEM,"Bedford Township, Precinct 4",160
"Bedford Township, Precinct 4 Precinct Delegate (DEM)",Ralph Neopolitan,DEM,"Bedford Township, Precinct 4",139
"Bedford Township, Precinct 4 Precinct Delegate (DEM)",Write-in,DEM,"Bedford Township, Precinct 4",9
"Bedford Township, Precinct 5 Precinct Delegate (DEM)",Write-in,DEM,"Bedford Township, Precinct 5",23
"Bedford Township, Precinct 6 Precinct Delegate (DEM)",Write-in,DEM,"Bedford Township, Precinct 6",45
"Bedford Township, Precinct 7 Precinct Delegate (DEM)",Write-in,DEM,"Bedford Township, Precinct 7",28
"Bedford Township, Precinct 8 Precinct Delegate (DEM)",Write-in,DEM,"Bedford Township, Precinct 8",8
"Bedford Township, Precinct 9 Precinct Delegate (DEM)",Write-in,DEM,"Bedford Township, Precinct 9",10
"Bedford Township, Precinct 10 Precinct Delegate (DEM)",Steven W. Marshall,DEM,"Bedford Township, Precinct 10",81
"Bedford Township, Precinct 10 Precinct Delegate (DEM)",Write-in,DEM,"Bedford Township, Precinct 10",1
"Bedford Township, Precinct 11 Precinct Delegate (DEM)",Write-in,DEM,"Bedford Township, Precinct 11",19
"Bedford Township, Precinct 12 Precinct Delegate (DEM)",Write-in,DEM,"Bedford Township, Precinct 12",25
"Bedford Township,Precinct 13 Precinct Delegate (DEM)",Write-in,DEM,"Bedford Township, Precinct 13",35
"Bedford Township,Precinct 14 Precinct Delegate  (DEM)",Write-in,DEM,"Bedford Township, Precinct 14",22
"Berlin Township, Precinct 1 Precinct Delegate (DEM)",Write-in,DEM,"Berlin Township, Precinct 1",21
"Berlin Township, Precinct 2 Precinct Delegate (DEM)",Write-in,DEM,"Berlin Township, Precinct 2",36
"Berlin Township, Precinct 3 Precinct Delegate (DEM)",Write-in,DEM,"Berlin Township, Precinct 3",11
"Berlin Township, Precinct 4 Precinct Delegate (DEM)",Write-in,DEM,"Berlin Township, Precinct 4",9
"Dundee Township, Precinct 1 Precinct Delegate (DEM)",Linda A. Gram,DEM,"Dundee Township, Precinct 1",96
"Dundee Township, Precinct 1 Precinct Delegate (DEM)",Write-in,DEM,"Dundee Township, Precinct 1",2
"Dundee Township, Precinct 2 Precinct Delegate (DEM)",James McKenzie,DEM,"Dundee Township, Precinct 2",137
"Dundee Township, Precinct 2 Precinct Delegate (DEM)",Tara McKenzie,DEM,"Dundee Township, Precinct 2",139
"Dundee Township, Precinct 2 Precinct Delegate (DEM)",Write-in,DEM,"Dundee Township, Precinct 2",3
"Dundee Township, Precinct 3 Precinct Delegate (DEM)",Ashlee Boatman,DEM,"Dundee Township, Precinct 3",150
"Dundee Township, Precinct 3 Precinct Delegate (DEM)",Kyle Boatman,DEM,"Dundee Township, Precinct 3",147
"Dundee Township, Precinct 3 Precinct Delegate (DEM)",Brian Middleton,DEM,"Dundee Township, Precinct 3",152
"Dundee Township, Precinct 3 Precinct Delegate (DEM)",Bonnie Weber,DEM,"Dundee Township, Precinct 3",168
"Dundee Township, Precinct 3 Precinct Delegate (DEM)",Write-in,DEM,"Dundee Township, Precinct 3",3
"Erie Township, Precinct 1 Precinct Delegate (DEM)",Sue Anne Brooker,DEM,"Erie Township, Precinct 1",173
"Erie Township, Precinct 1 Precinct Delegate (DEM)",Write-in,DEM,"Erie Township, Precinct 1",1
"Exeter Township, Precinct 1 Precinct Delegate (DEM)",Write-in,DEM,"Exeter Township, Precinct 1",21
"Exeter Township, Precinct 2 Precinct Delegate (DEM)",Write-in,DEM,"Exeter Township, Precinct 2",33
"Frenchtown Township, Precinct 1 Precinct Delegate (DEM)",Write-in,DEM,"Frenchtown Township, Precinct 1",6
"Frenchtown Township, Precinct 2 Precinct Delegate (DEM)",Earl D. Abrams,DEM,"Frenchtown Township, Precinct 2",67
"Frenchtown Township, Precinct 2 Precinct Delegate (DEM)",Shawna Farley,DEM,"Frenchtown Township, Precinct 2",70
"Frenchtown Township, Precinct 2 Precinct Delegate (DEM)",Rachel Strimpel,DEM,"Frenchtown Township, Precinct 2",73
"Frenchtown Township, Precinct 2 Precinct Delegate (DEM)",Write-in,DEM,"Frenchtown Township, Precinct 2",3
"Frenchtown Township, Precinct 3 Precinct Delegate (DEM)",Write-in,DEM,"Frenchtown Township, Precinct 3",28
"Frenchtown Township, Precinct 4 Precinct Delegate (DEM)",Jennifer Devenish,DEM,"Frenchtown Township, Precinct 4",149
"Frenchtown Township, Precinct 4 Precinct Delegate (DEM)",Matt Turner,DEM,"Frenchtown Township, Precinct 4",131
"Frenchtown Township, Precinct 4 Precinct Delegate (DEM)",Richard W. Turner,DEM,"Frenchtown Township, Precinct 4",129
"Frenchtown Township, Precinct 4 Precinct Delegate (DEM)",Write-in,DEM,"Frenchtown Township, Precinct 4",5
"Frenchtown Township, Precinct 5 Precinct Delegate (DEM)",Write-in,DEM,"Frenchtown Township, Precinct 5",25
"Frenchtown Township, Precinct 6 Precinct Delegate (DEM)",Justin A. Kull,DEM,"Frenchtown Township, Precinct 6",102
"Frenchtown Township, Precinct 6 Precinct Delegate (DEM)",Rick Kull,DEM,"Frenchtown Township, Precinct 6",111
"Frenchtown Township, Precinct 6 Precinct Delegate (DEM)",Write-in,DEM,"Frenchtown Township, Precinct 6",3
"Frenchtown Township, Precinct 7 Precinct Delegate (DEM)",Denise Brooks,DEM,"Frenchtown Township, Precinct 7",169
"Frenchtown Township, Precinct 7 Precinct Delegate (DEM)",Traci Longenbarger,DEM,"Frenchtown Township, Precinct 7",141
"Frenchtown Township, Precinct 7 Precinct Delegate (DEM)",Write-in,DEM,"Frenchtown Township, Precinct 7",6
"Frenchtown Township, Precinct 8 Precinct Delegate (DEM)",Mary Etta Kreklaw,DEM,"Frenchtown Township, Precinct 8",72
"Frenchtown Township, Precinct 8 Precinct Delegate (DEM)",Write-in,DEM,"Frenchtown Township, Precinct 8",2
"Frenchtown Township, Precinct 9 Precinct Delegate (DEM)",Jon R. Moore,DEM,"Frenchtown Township, Precinct 9",109
"Frenchtown Township, Precinct 9 Precinct Delegate (DEM)",Write-in,DEM,"Frenchtown Township, Precinct 9",0
"Ida Township, Precinct 1 Precinct Delegate (DEM)",Write-in,DEM,"Ida Township, Precinct 1",14
"Ida Township, Precinct 2 Precinct Delegate (DEM)",Daniel Elmes,DEM,"Ida Township, Precinct 2",25
"Ida Township, Precinct 2 Precinct Delegate (DEM)",Sara Sweat Ziegler,DEM,"Ida Township, Precinct 2",99
"Ida Township, Precinct 2 Precinct Delegate (DEM)",Write-in,DEM,"Ida Township, Precinct 2",0
"La Salle Township, Precinct 1 Precinct Delegate (DEM)",Write-in,DEM,"La Salle Township, Precinct 1",14
"La Salle Township, Precinct 2 Precinct Delegate (DEM)",Write-in,DEM,"La Salle Township, Precinct 2",25
"London Township, Precinct 1 Precinct Delegate (DEM)",Write-in,DEM,"London Township, Precinct 1",37
"Milan Township, Precinct 1 Precinct Delegate (DEM)",Ashley St. Clair,DEM,"Milan Township, Precinct 1",80
"Milan Township, Precinct 1 Precinct Delegate (DEM)",Write-in,DEM,"Milan Township, Precinct 1",6
"Monroe Township, Precinct 1 Precinct Delegate (DEM)",Write-in,DEM,"Monroe Charter Township, Precinct 1",21
"Monroe Township, Precinct 2 Precinct Delegate (DEM)",Write-in,DEM,"Monroe Charter Township, Precinct 2",9
"Monroe Township, Precinct 3 Precinct Delegate (DEM)",Lisa Anneberg,DEM,"Monroe Charter Township, Precinct 3",80
"Monroe Township, Precinct 3 Precinct Delegate (DEM)",Write-in,DEM,"Monroe Charter Township, Precinct 3",1
"Monroe Township, Precinct 4 Precinct Delegate (DEM)",John Chesman,DEM,"Monroe Charter Township, Precinct 4",129
"Monroe Township, Precinct 4 Precinct Delegate (DEM)",Write-in,DEM,"Monroe Charter Township, Precinct 4",0
"Monroe Township, Precinct 5 Precinct Delegate (DEM)",Paula J. Ochs,DEM,"Monroe Charter Township, Precinct 5",161
"Monroe Township, Precinct 5 Precinct Delegate (DEM)",Write-in,DEM,"Monroe Charter Township, Precinct 5",7
"Monroe Township, Precinct 6 Precinct Delegate (DEM)",Write-in,DEM,"Monroe Charter Township, Precinct 6",14
"Raisinville Township, Precinct 1 Precinct Delegate (DEM)",Patricia Cole,DEM,"Raisinville Township, Precinct 1",139
"Raisinville Township, Precinct 1 Precinct Delegate (DEM)",Ronald D. Cole,DEM,"Raisinville Township, Precinct 1",133
"Raisinville Township, Precinct 1 Precinct Delegate (DEM)",Write-in,DEM,"Raisinville Township, Precinct 1",0
"Raisinville Township, Precinct 2 Precinct Delegate (DEM)",Catharine Calder,DEM,"Raisinville Township, Precinct 2",206
"Raisinville Township, Precinct 2 Precinct Delegate (DEM)",Write-in,DEM,"Raisinville Township, Precinct 2",2
"Raisinville Township, Precinct 2 Precinct Delegate (DEM)",Darcy Piedmonte,DEM,"Raisinville Township, Precinct 2",2
"Summerfield Township, Precinct 1 Precinct Delegate (DEM)",Write-in,DEM,"Summerfield Township, Precinct 1",1
"Summerfield Township, Precinct 1 Precinct Delegate (DEM)",Karin E. Koek,DEM,"Summerfield Township, Precinct 1",124
"Summerfield Township, Precinct 1 Precinct Delegate (DEM)",Norman Whipple,DEM,"Summerfield Township, Precinct 1",1
"Whiteford Township, Precinct 1W Precinct Delegate (DEM)",Write-in,DEM,"Whiteford Township, Precinct 1",20
"Whiteford Township, Precinct 2 Precinct Delegate (DEM)",Write-in,DEM,"Whiteford Township, Precinct 2",26
United States Senator (REP),Justin Amash,REP,"Ash Township, Precinct 1",19
United States Senator (REP),Sherry O'Donnell,REP,"Ash Township, Precinct 1",25
United States Senator (REP),Sandy Pensler,REP,"Ash Township, Precinct 1",49
United States Senator (REP),Mike Rogers,REP,"Ash Township, Precinct 1",158
United States Senator (REP),Write-in,REP,"Ash Township, Precinct 1",1
United States Senator (REP),Justin Amash,REP,"Ash Township, Precinct 2",18
United States Senator (REP),Sherry O'Donnell,REP,"Ash Township, Precinct 2",42
United States Senator (REP),Sandy Pensler,REP,"Ash Township, Precinct 2",58
United States Senator (REP),Mike Rogers,REP,"Ash Township, Precinct 2",249
United States Senator (REP),Write-in,REP,"Ash Township, Precinct 2",3
United States Senator (REP),Justin Amash,REP,"Ash Township, Precinct 3",16
United States Senator (REP),Sherry O'Donnell,REP,"Ash Township, Precinct 3",35
United States Senator (REP),Sandy Pensler,REP,"Ash Township, Precinct 3",59
United States Senator (REP),Mike Rogers,REP,"Ash Township, Precinct 3",193
United States Senator (REP),Write-in,REP,"Ash Township, Precinct 3",1
United States Senator (REP),Justin Amash,REP,"Bedford Township, Precinct 1",10
United States Senator (REP),Sherry O'Donnell,REP,"Bedford Township, Precinct 1",23
United States Senator (REP),Sandy Pensler,REP,"Bedford Township, Precinct 1",10
United States Senator (REP),Mike Rogers,REP,"Bedford Township, Precinct 1",64
United States Senator (REP),Write-in,REP,"Bedford Township, Precinct 1",0
United States Senator (REP),Justin Amash,REP,"Bedford Township, Precinct 2",21
United States Senator (REP),Sherry O'Donnell,REP,"Bedford Township, Precinct 2",33
United States Senator (REP),Sandy Pensler,REP,"Bedford Township, Precinct 2",15
United States Senator (REP),Mike Rogers,REP,"Bedford Township, Precinct 2",132
United States Senator (REP),Write-in,REP,"Bedford Township, Precinct 2",1
United States Senator (REP),Justin Amash,REP,"Bedford Township, Precinct 3",26
United States Senator (REP),Sherry O'Donnell,REP,"Bedford Township, Precinct 3",35
United States Senator (REP),Sandy Pensler,REP,"Bedford Township, Precinct 3",13
United States Senator (REP),Mike Rogers,REP,"Bedford Township, Precinct 3",105
United States Senator (REP),Write-in,REP,"Bedford Township, Precinct 3",2
United States Senator (REP),Justin Amash,REP,"Bedford Township, Precinct 4",20
United States Senator (REP),Sherry O'Donnell,REP,"Bedford Township, Precinct 4",45
United States Senator (REP),Sandy Pensler,REP,"Bedford Township, Precinct 4",27
United States Senator (REP),Mike Rogers,REP,"Bedford Township, Precinct 4",157
United States Senator (REP),Write-in,REP,"Bedford Township, Precinct 4",1
United States Senator (REP),Justin Amash,REP,"Bedford Township, Precinct 5",18
United States Senator (REP),Sherry O'Donnell,REP,"Bedford Township, Precinct 5",28
United States Senator (REP),Sandy Pensler,REP,"Bedford Township, Precinct 5",10
United States Senator (REP),Mike Rogers,REP,"Bedford Township, Precinct 5",134
United States Senator (REP),Write-in,REP,"Bedford Township, Precinct 5",1
United States Senator (REP),Justin Amash,REP,"Bedford Township, Precinct 6",52
United States Senator (REP),Sherry O'Donnell,REP,"Bedford Township, Precinct 6",50
United States Senator (REP),Sandy Pensler,REP,"Bedford Township, Precinct 6",17
United States Senator (REP),Mike Rogers,REP,"Bedford Township, Precinct 6",174
United States Senator (REP),Write-in,REP,"Bedford Township, Precinct 6",1
United States Senator (REP),Justin Amash,REP,"Bedford Township, Precinct 7",26
United States Senator (REP),Sherry O'Donnell,REP,"Bedford Township, Precinct 7",41
United States Senator (REP),Sandy Pensler,REP,"Bedford Township, Precinct 7",14
United States Senator (REP),Mike Rogers,REP,"Bedford Township, Precinct 7",133
United States Senator (REP),Write-in,REP,"Bedford Township, Precinct 7",0
United States Senator (REP),Justin Amash,REP,"Bedford Township, Precinct 8",16
United States Senator (REP),Sherry O'Donnell,REP,"Bedford Township, Precinct 8",31
United States Senator (REP),Sandy Pensler,REP,"Bedford Township, Precinct 8",31
United States Senator (REP),Mike Rogers,REP,"Bedford Township, Precinct 8",165
United States Senator (REP),Write-in,REP,"Bedford Township, Precinct 8",1
United States Senator (REP),Justin Amash,REP,"Bedford Township, Precinct 9",20
United States Senator (REP),Sherry O'Donnell,REP,"Bedford Township, Precinct 9",27
United States Senator (REP),Sandy Pensler,REP,"Bedford Township, Precinct 9",4
United States Senator (REP),Mike Rogers,REP,"Bedford Township, Precinct 9",121
United States Senator (REP),Write-in,REP,"Bedford Township, Precinct 9",0
United States Senator (REP),Justin Amash,REP,"Bedford Township, Precinct 10",24
United States Senator (REP),Sherry O'Donnell,REP,"Bedford Township, Precinct 10",17
United States Senator (REP),Sandy Pensler,REP,"Bedford Township, Precinct 10",16
United States Senator (REP),Mike Rogers,REP,"Bedford Township, Precinct 10",95
United States Senator (REP),Write-in,REP,"Bedford Township, Precinct 10",0
United States Senator (REP),Justin Amash,REP,"Bedford Township, Precinct 11",16
United States Senator (REP),Sherry O'Donnell,REP,"Bedford Township, Precinct 11",48
United States Senator (REP),Sandy Pensler,REP,"Bedford Township, Precinct 11",19
United States Senator (REP),Mike Rogers,REP,"Bedford Township, Precinct 11",160
United States Senator (REP),Write-in,REP,"Bedford Township, Precinct 11",0
United States Senator (REP),Justin Amash,REP,"Bedford Township, Precinct 12",9
United States Senator (REP),Sherry O'Donnell,REP,"Bedford Township, Precinct 12",19
United States Senator (REP),Sandy Pensler,REP,"Bedford Township, Precinct 12",18
United States Senator (REP),Mike Rogers,REP,"Bedford Township, Precinct 12",136
United States Senator (REP),Write-in,REP,"Bedford Township, Precinct 12",2
United States Senator (REP),Justin Amash,REP,"Bedford Township, Precinct 13",13
United States Senator (REP),Sherry O'Donnell,REP,"Bedford Township, Precinct 13",25
United States Senator (REP),Sandy Pensler,REP,"Bedford Township, Precinct 13",10
United States Senator (REP),Mike Rogers,REP,"Bedford Township, Precinct 13",144
United States Senator (REP),Write-in,REP,"Bedford Township, Precinct 13",0
United States Senator (REP),Justin Amash,REP,"Bedford Township, Precinct 14",14
United States Senator (REP),Sherry O'Donnell,REP,"Bedford Township, Precinct 14",20
United States Senator (REP),Sandy Pensler,REP,"Bedford Township, Precinct 14",11
United States Senator (REP),Mike Rogers,REP,"Bedford Township, Precinct 14",76
United States Senator (REP),Write-in,REP,"Bedford Township, Precinct 14",1
United States Senator (REP),Justin Amash,REP,"Berlin Township, Precinct 1",1
United States Senator (REP),Sherry O'Donnell,REP,"Berlin Township, Precinct 1",17
United States Senator (REP),Sandy Pensler,REP,"Berlin Township, Precinct 1",17
United States Senator (REP),Mike Rogers,REP,"Berlin Township, Precinct 1",106
United States Senator (REP),Write-in,REP,"Berlin Township, Precinct 1",0
United States Senator (REP),Justin Amash,REP,"Berlin Township, Precinct 2",15
United States Senator (REP),Sherry O'Donnell,REP,"Berlin Township, Precinct 2",23
United States Senator (REP),Sandy Pensler,REP,"Berlin Township, Precinct 2",52
United States Senator (REP),Mike Rogers,REP,"Berlin Township, Precinct 2",180
United States Senator (REP),Write-in,REP,"Berlin Township, Precinct 2",0
United States Senator (REP),Justin Amash,REP,"Berlin Township, Precinct 3",9
United States Senator (REP),Sherry O'Donnell,REP,"Berlin Township, Precinct 3",14
United States Senator (REP),Sandy Pensler,REP,"Berlin Township, Precinct 3",22
United States Senator (REP),Mike Rogers,REP,"Berlin Township, Precinct 3",130
United States Senator (REP),Write-in,REP,"Berlin Township, Precinct 3",0
United States Senator (REP),Justin Amash,REP,"Berlin Township, Precinct 4",19
United States Senator (REP),Sherry O'Donnell,REP,"Berlin Township, Precinct 4",13
United States Senator (REP),Sandy Pensler,REP,"Berlin Township, Precinct 4",35
United States Senator (REP),Mike Rogers,REP,"Berlin Township, Precinct 4",175
United States Senator (REP),Write-in,REP,"Berlin Township, Precinct 4",1
United States Senator (REP),Justin Amash,REP,"Dundee Township, Precinct 1",13
United States Senator (REP),Sherry O'Donnell,REP,"Dundee Township, Precinct 1",22
United States Senator (REP),Sandy Pensler,REP,"Dundee Township, Precinct 1",13
United States Senator (REP),Mike Rogers,REP,"Dundee Township, Precinct 1",82
United States Senator (REP),Write-in,REP,"Dundee Township, Precinct 1",1
United States Senator (REP),Justin Amash,REP,"Dundee Township, Precinct 2",22
United States Senator (REP),Sherry O'Donnell,REP,"Dundee Township, Precinct 2",21
United States Senator (REP),Sandy Pensler,REP,"Dundee Township, Precinct 2",15
United States Senator (REP),Mike Rogers,REP,"Dundee Township, Precinct 2",107
United States Senator (REP),Write-in,REP,"Dundee Township, Precinct 2",0
United States Senator (REP),Justin Amash,REP,"Dundee Township, Precinct 3",15
United States Senator (REP),Sherry O'Donnell,REP,"Dundee Township, Precinct 3",29
United States Senator (REP),Sandy Pensler,REP,"Dundee Township, Precinct 3",20
United States Senator (REP),Mike Rogers,REP,"Dundee Township, Precinct 3",148
United States Senator (REP),Write-in,REP,"Dundee Township, Precinct 3",0
United States Senator (REP),Justin Amash,REP,"Erie Township, Precinct 1",54
United States Senator (REP),Sherry O'Donnell,REP,"Erie Township, Precinct 1",48
United States Senator (REP),Sandy Pensler,REP,"Erie Township, Precinct 1",24
United States Senator (REP),Mike Rogers,REP,"Erie Township, Precinct 1",273
United States Senator (REP),Write-in,REP,"Erie Township, Precinct 1",0
United States Senator (REP),Justin Amash,REP,"Exeter Township, Precinct 1",16
United States Senator (REP),Sherry O'Donnell,REP,"Exeter Township, Precinct 1",24
United States Senator (REP),Sandy Pensler,REP,"Exeter Township, Precinct 1",26
United States Senator (REP),Mike Rogers,REP,"Exeter Township, Precinct 1",119
United States Senator (REP),Write-in,REP,"Exeter Township, Precinct 1",0
United States Senator (REP),Justin Amash,REP,"Exeter Township, Precinct 2",5
United States Senator (REP),Sherry O'Donnell,REP,"Exeter Township, Precinct 2",30
United States Senator (REP),Sandy Pensler,REP,"Exeter Township, Precinct 2",32
United States Senator (REP),Mike Rogers,REP,"Exeter Township, Precinct 2",145
United States Senator (REP),Write-in,REP,"Exeter Township, Precinct 2",1
United States Senator (REP),Justin Amash,REP,"Frenchtown Township, Precinct 1",8
United States Senator (REP),Sherry O'Donnell,REP,"Frenchtown Township, Precinct 1",13
United States Senator (REP),Sandy Pensler,REP,"Frenchtown Township, Precinct 1",15
United States Senator (REP),Mike Rogers,REP,"Frenchtown Township, Precinct 1",95
United States Senator (REP),Write-in,REP,"Frenchtown Township, Precinct 1",0
United States Senator (REP),Justin Amash,REP,"Frenchtown Township, Precinct 2",12
United States Senator (REP),Sherry O'Donnell,REP,"Frenchtown Township, Precinct 2",28
United States Senator (REP),Sandy Pensler,REP,"Frenchtown Township, Precinct 2",32
United States Senator (REP),Mike Rogers,REP,"Frenchtown Township, Precinct 2",107
United States Senator (REP),Write-in,REP,"Frenchtown Township, Precinct 2",1
United States Senator (REP),Justin Amash,REP,"Frenchtown Township, Precinct 3",9
United States Senator (REP),Sherry O'Donnell,REP,"Frenchtown Township, Precinct 3",40
United States Senator (REP),Sandy Pensler,REP,"Frenchtown Township, Precinct 3",34
United States Senator (REP),Mike Rogers,REP,"Frenchtown Township, Precinct 3",167
United States Senator (REP),Write-in,REP,"Frenchtown Township, Precinct 3",1
United States Senator (REP),Justin Amash,REP,"Frenchtown Township, Precinct 4",10
United States Senator (REP),Sherry O'Donnell,REP,"Frenchtown Township, Precinct 4",28
United States Senator (REP),Sandy Pensler,REP,"Frenchtown Township, Precinct 4",56
United States Senator (REP),Mike Rogers,REP,"Frenchtown Township, Precinct 4",167
United States Senator (REP),Write-in,REP,"Frenchtown Township, Precinct 4",1
United States Senator (REP),Justin Amash,REP,"Frenchtown Township, Precinct 5",9
United States Senator (REP),Sherry O'Donnell,REP,"Frenchtown Township, Precinct 5",14
United States Senator (REP),Sandy Pensler,REP,"Frenchtown Township, Precinct 5",13
United States Senator (REP),Mike Rogers,REP,"Frenchtown Township, Precinct 5",94
United States Senator (REP),Write-in,REP,"Frenchtown Township, Precinct 5",3
United States Senator (REP),Justin Amash,REP,"Frenchtown Township, Precinct 6",23
United States Senator (REP),Sherry O'Donnell,REP,"Frenchtown Township, Precinct 6",33
United States Senator (REP),Sandy Pensler,REP,"Frenchtown Township, Precinct 6",39
United States Senator (REP),Mike Rogers,REP,"Frenchtown Township, Precinct 6",153
United States Senator (REP),Write-in,REP,"Frenchtown Township, Precinct 6",0
United States Senator (REP),Justin Amash,REP,"Frenchtown Township, Precinct 7",18
United States Senator (REP),Sherry O'Donnell,REP,"Frenchtown Township, Precinct 7",41
United States Senator (REP),Sandy Pensler,REP,"Frenchtown Township, Precinct 7",64
United States Senator (REP),Mike Rogers,REP,"Frenchtown Township, Precinct 7",208
United States Senator (REP),Write-in,REP,"Frenchtown Township, Precinct 7",2
United States Senator (REP),Justin Amash,REP,"Frenchtown Township, Precinct 8",7
United States Senator (REP),Sherry O'Donnell,REP,"Frenchtown Township, Precinct 8",35
United States Senator (REP),Sandy Pensler,REP,"Frenchtown Township, Precinct 8",29
United States Senator (REP),Mike Rogers,REP,"Frenchtown Township, Precinct 8",147
United States Senator (REP),Write-in,REP,"Frenchtown Township, Precinct 8",2
United States Senator (REP),Justin Amash,REP,"Frenchtown Township, Precinct 9",14
United States Senator (REP),Sherry O'Donnell,REP,"Frenchtown Township, Precinct 9",21
United States Senator (REP),Sandy Pensler,REP,"Frenchtown Township, Precinct 9",30
United States Senator (REP),Mike Rogers,REP,"Frenchtown Township, Precinct 9",113
United States Senator (REP),Write-in,REP,"Frenchtown Township, Precinct 9",0
United States Senator (REP),Justin Amash,REP,"Ida Township, Precinct 1",25
United States Senator (REP),Sherry O'Donnell,REP,"Ida Township, Precinct 1",71
United States Senator (REP),Sandy Pensler,REP,"Ida Township, Precinct 1",32
United States Senator (REP),Mike Rogers,REP,"Ida Township, Precinct 1",187
United States Senator (REP),Write-in,REP,"Ida Township, Precinct 1",0
United States Senator (REP),Justin Amash,REP,"Ida Township, Precinct 2",26
United States Senator (REP),Sherry O'Donnell,REP,"Ida Township, Precinct 2",59
United States Senator (REP),Sandy Pensler,REP,"Ida Township, Precinct 2",28
United States Senator (REP),Mike Rogers,REP,"Ida Township, Precinct 2",179
United States Senator (REP),Write-in,REP,"Ida Township, Precinct 2",0
United States Senator (REP),Justin Amash,REP,"La Salle Township, Precinct 1",22
United States Senator (REP),Sherry O'Donnell,REP,"La Salle Township, Precinct 1",34
United States Senator (REP),Sandy Pensler,REP,"La Salle Township, Precinct 1",46
United States Senator (REP),Mike Rogers,REP,"La Salle Township, Precinct 1",154
United States Senator (REP),Write-in,REP,"La Salle Township, Precinct 1",1
United States Senator (REP),Justin Amash,REP,"La Salle Township, Precinct 2",12
United States Senator (REP),Sherry O'Donnell,REP,"La Salle Township, Precinct 2",38
United States Senator (REP),Sandy Pensler,REP,"La Salle Township, Precinct 2",29
United States Senator (REP),Mike Rogers,REP,"La Salle Township, Precinct 2",225
United States Senator (REP),Write-in,REP,"La Salle Township, Precinct 2",1
United States Senator (REP),Justin Amash,REP,"London Township, Precinct 1",19
United States Senator (REP),Sherry O'Donnell,REP,"London Township, Precinct 1",42
United States Senator (REP),Sandy Pensler,REP,"London Township, Precinct 1",21
United States Senator (REP),Mike Rogers,REP,"London Township, Precinct 1",188
United States Senator (REP),Write-in,REP,"London Township, Precinct 1",2
United States Senator (REP),Justin Amash,REP,"Milan Township, Precinct 1",23
United States Senator (REP),Sherry O'Donnell,REP,"Milan Township, Precinct 1",28
United States Senator (REP),Sandy Pensler,REP,"Milan Township, Precinct 1",18
United States Senator (REP),Mike Rogers,REP,"Milan Township, Precinct 1",157
United States Senator (REP),Write-in,REP,"Milan Township, Precinct 1",0
United States Senator (REP),Justin Amash,REP,"Monroe Charter Township, Precinct 1",10
United States Senator (REP),Sherry O'Donnell,REP,"Monroe Charter Township, Precinct 1",18
United States Senator (REP),Sandy Pensler,REP,"Monroe Charter Township, Precinct 1",26
United States Senator (REP),Mike Rogers,REP,"Monroe Charter Township, Precinct 1",103
United States Senator (REP),Write-in,REP,"Monroe Charter Township, Precinct 1",0
United States Senator (REP),Justin Amash,REP,"Monroe Charter Township, Precinct 2",5
United States Senator (REP),Sherry O'Donnell,REP,"Monroe Charter Township, Precinct 2",4
United States Senator (REP),Sandy Pensler,REP,"Monroe Charter Township, Precinct 2",9
United States Senator (REP),Mike Rogers,REP,"Monroe Charter Township, Precinct 2",54
United States Senator (REP),Write-in,REP,"Monroe Charter Township, Precinct 2",0
United States Senator (REP),Justin Amash,REP,"Monroe Charter Township, Precinct 3",11
United States Senator (REP),Sherry O'Donnell,REP,"Monroe Charter Township, Precinct 3",18
United States Senator (REP),Sandy Pensler,REP,"Monroe Charter Township, Precinct 3",23
United States Senator (REP),Mike Rogers,REP,"Monroe Charter Township, Precinct 3",108
United States Senator (REP),Write-in,REP,"Monroe Charter Township, Precinct 3",0
United States Senator (REP),Justin Amash,REP,"Monroe Charter Township, Precinct 4",11
United States Senator (REP),Sherry O'Donnell,REP,"Monroe Charter Township, Precinct 4",35
United States Senator (REP),Sandy Pensler,REP,"Monroe Charter Township, Precinct 4",23
United States Senator (REP),Mike Rogers,REP,"Monroe Charter Township, Precinct 4",116
United States Senator (REP),Write-in,REP,"Monroe Charter Township, Precinct 4",0
United States Senator (REP),Justin Amash,REP,"Monroe Charter Township, Precinct 5",21
United States Senator (REP),Sherry O'Donnell,REP,"Monroe Charter Township, Precinct 5",39
United States Senator (REP),Sandy Pensler,REP,"Monroe Charter Township, Precinct 5",64
United States Senator (REP),Mike Rogers,REP,"Monroe Charter Township, Precinct 5",207
United States Senator (REP),Write-in,REP,"Monroe Charter Township, Precinct 5",1
United States Senator (REP),Justin Amash,REP,"Monroe Charter Township, Precinct 6",17
United States Senator (REP),Sherry O'Donnell,REP,"Monroe Charter Township, Precinct 6",24
United States Senator (REP),Sandy Pensler,REP,"Monroe Charter Township, Precinct 6",36
United States Senator (REP),Mike Rogers,REP,"Monroe Charter Township, Precinct 6",186
United States Senator (REP),Write-in,REP,"Monroe Charter Township, Precinct 6",2
United States Senator (REP),Justin Amash,REP,"Raisinville Township, Precinct 1",20
United States Senator (REP),Sherry O'Donnell,REP,"Raisinville Township, Precinct 1",48
United States Senator (REP),Sandy Pensler,REP,"Raisinville Township, Precinct 1",45
United States Senator (REP),Mike Rogers,REP,"Raisinville Township, Precinct 1",238
United States Senator (REP),Write-in,REP,"Raisinville Township, Precinct 1",0
United States Senator (REP),Justin Amash,REP,"Raisinville Township, Precinct 2",24
United States Senator (REP),Sherry O'Donnell,REP,"Raisinville Township, Precinct 2",34
United States Senator (REP),Sandy Pensler,REP,"Raisinville Township, Precinct 2",27
United States Senator (REP),Mike Rogers,REP,"Raisinville Township, Precinct 2",194
United States Senator (REP),Write-in,REP,"Raisinville Township, Precinct 2",1
United States Senator (REP),Justin Amash,REP,"Summerfield Township, Precinct 1",33
United States Senator (REP),Sherry O'Donnell,REP,"Summerfield Township, Precinct 1",58
United States Senator (REP),Sandy Pensler,REP,"Summerfield Township, Precinct 1",39
United States Senator (REP),Mike Rogers,REP,"Summerfield Township, Precinct 1",289
United States Senator (REP),Write-in,REP,"Summerfield Township, Precinct 1",1
United States Senator (REP),Justin Amash,REP,"Whiteford Township, Precinct 1",32
United States Senator (REP),Sherry O'Donnell,REP,"Whiteford Township, Precinct 1",64
United States Senator (REP),Sandy Pensler,REP,"Whiteford Township, Precinct 1",24
United States Senator (REP),Mike Rogers,REP,"Whiteford Township, Precinct 1",263
United States Senator (REP),Write-in,REP,"Whiteford Township, Precinct 1",1
United States Senator (REP),Justin Amash,REP,"Whiteford Township, Precinct 2",64
United States Senator (REP),Sherry O'Donnell,REP,"Whiteford Township, Precinct 2",67
United States Senator (REP),Sandy Pensler,REP,"Whiteford Township, Precinct 2",25
United States Senator (REP),Mike Rogers,REP,"Whiteford Township, Precinct 2",277
United States Senator (REP),Write-in,REP,"Whiteford Township, Precinct 2",8
United States Senator (REP),Justin Amash,REP,"City of Luna Pier, Precinct 1",8
United States Senator (REP),Sherry O'Donnell,REP,"City of Luna Pier, Precinct 1",23
United States Senator (REP),Sandy Pensler,REP,"City of Luna Pier, Precinct 1",7
United States Senator (REP),Mike Rogers,REP,"City of Luna Pier, Precinct 1",64
United States Senator (REP),Write-in,REP,"City of Luna Pier, Precinct 1",0
United States Senator (REP),Justin Amash,REP,"City of Milan, Precinct 1",12
United States Senator (REP),Sherry O'Donnell,REP,"City of Milan, Precinct 1",7
United States Senator (REP),Sandy Pensler,REP,"City of Milan, Precinct 1",20
United States Senator (REP),Mike Rogers,REP,"City of Milan, Precinct 1",67
United States Senator (REP),Write-in,REP,"City of Milan, Precinct 1",2
United States Senator (REP),Justin Amash,REP,"City of Monroe, Precinct 1",12
United States Senator (REP),Sherry O'Donnell,REP,"City of Monroe, Precinct 1",12
United States Senator (REP),Sandy Pensler,REP,"City of Monroe, Precinct 1",27
United States Senator (REP),Mike Rogers,REP,"City of Monroe, Precinct 1",128
United States Senator (REP),Write-in,REP,"City of Monroe, Precinct 1",1
United States Senator (REP),Justin Amash,REP,"City of Monroe, Precinct 2",24
United States Senator (REP),Sherry O'Donnell,REP,"City of Monroe, Precinct 2",16
United States Senator (REP),Sandy Pensler,REP,"City of Monroe, Precinct 2",14
United States Senator (REP),Mike Rogers,REP,"City of Monroe, Precinct 2",74
United States Senator (REP),Write-in,REP,"City of Monroe, Precinct 2",0
United States Senator (REP),Justin Amash,REP,"City of Monroe, Precinct 3N",3
United States Senator (REP),Sherry O'Donnell,REP,"City of Monroe, Precinct 3N",7
United States Senator (REP),Sandy Pensler,REP,"City of Monroe, Precinct 3N",5
United States Senator (REP),Mike Rogers,REP,"City of Monroe, Precinct 3N",42
United States Senator (REP),Write-in,REP,"City of Monroe, Precinct 3N",1
United States Senator (REP),Justin Amash,REP,"City of Monroe, Precinct 3S",2
United States Senator (REP),Sherry O'Donnell,REP,"City of Monroe, Precinct 3S",3
United States Senator (REP),Sandy Pensler,REP,"City of Monroe, Precinct 3S",8
United States Senator (REP),Mike Rogers,REP,"City of Monroe, Precinct 3S",28
United States Senator (REP),Write-in,REP,"City of Monroe, Precinct 3S",0
United States Senator (REP),Justin Amash,REP,"City of Monroe, Precinct 4",19
United States Senator (REP),Sherry O'Donnell,REP,"City of Monroe, Precinct 4",12
United States Senator (REP),Sandy Pensler,REP,"City of Monroe, Precinct 4",39
United States Senator (REP),Mike Rogers,REP,"City of Monroe, Precinct 4",179
United States Senator (REP),Write-in,REP,"City of Monroe, Precinct 4",0
United States Senator (REP),Justin Amash,REP,"City of Monroe, Precinct 5",29
United States Senator (REP),Sherry O'Donnell,REP,"City of Monroe, Precinct 5",22
United States Senator (REP),Sandy Pensler,REP,"City of Monroe, Precinct 5",39
United States Senator (REP),Mike Rogers,REP,"City of Monroe, Precinct 5",175
United States Senator (REP),Write-in,REP,"City of Monroe, Precinct 5",0
United States Senator (REP),Justin Amash,REP,"City of Monroe, Precinct 6",13
United States Senator (REP),Sherry O'Donnell,REP,"City of Monroe, Precinct 6",32
United States Senator (REP),Sandy Pensler,REP,"City of Monroe, Precinct 6",32
United States Senator (REP),Mike Rogers,REP,"City of Monroe, Precinct 6",174
United States Senator (REP),Write-in,REP,"City of Monroe, Precinct 6",2
United States Senator (REP),Justin Amash,REP,"City of Petersburg, Precinct 1",8
United States Senator (REP),Sherry O'Donnell,REP,"City of Petersburg, Precinct 1",8
United States Senator (REP),Sandy Pensler,REP,"City of Petersburg, Precinct 1",9
United States Senator (REP),Mike Rogers,REP,"City of Petersburg, Precinct 1",56
United States Senator (REP),Write-in,REP,"City of Petersburg, Precinct 1",0
Representative in Congress 5th District (REP),Tim Walberg,REP,"Ash Township, Precinct 1",255
Representative in Congress 5th District (REP),Write-in,REP,"Ash Township, Precinct 1",0
Representative in Congress 5th District (REP),Tim Walberg,REP,"Ash Township, Precinct 2",345
Representative in Congress 5th District (REP),Write-in,REP,"Ash Township, Precinct 2",1
Representative in Congress 5th District (REP),Tim Walberg,REP,"Ash Township, Precinct 3",292
Representative in Congress 5th District (REP),Write-in,REP,"Ash Township, Precinct 3",1
Representative in Congress 5th District (REP),Tim Walberg,REP,"Bedford Township, Precinct 1",104
Representative in Congress 5th District (REP),Write-in,REP,"Bedford Township, Precinct 1",2
Representative in Congress 5th District (REP),Tim Walberg,REP,"Bedford Township, Precinct 2",201
Representative in Congress 5th District (REP),Write-in,REP,"Bedford Township, Precinct 2",1
Representative in Congress 5th District (REP),Tim Walberg,REP,"Bedford Township, Precinct 3",174
Representative in Congress 5th District (REP),Write-in,REP,"Bedford Township, Precinct 3",3
Representative in Congress 5th District (REP),Tim Walberg,REP,"Bedford Township, Precinct 4",256
Representative in Congress 5th District (REP),Write-in,REP,"Bedford Township, Precinct 4",1
Representative in Congress 5th District (REP),Tim Walberg,REP,"Bedford Township, Precinct 5",186
Representative in Congress 5th District (REP),Write-in,REP,"Bedford Township, Precinct 5",1
Representative in Congress 5th District (REP),Tim Walberg,REP,"Bedford Township, Precinct 6",286
Representative in Congress 5th District (REP),Write-in,REP,"Bedford Township, Precinct 6",2
Representative in Congress 5th District (REP),Tim Walberg,REP,"Bedford Township, Precinct 7",210
Representative in Congress 5th District (REP),Write-in,REP,"Bedford Township, Precinct 7",1
Representative in Congress 5th District (REP),Tim Walberg,REP,"Bedford Township, Precinct 8",251
Representative in Congress 5th District (REP),Write-in,REP,"Bedford Township, Precinct 8",2
Representative in Congress 5th District (REP),Tim Walberg,REP,"Bedford Township, Precinct 9",182
Representative in Congress 5th District (REP),Write-in,REP,"Bedford Township, Precinct 9",1
Representative in Congress 5th District (REP),Tim Walberg,REP,"Bedford Township, Precinct 10",154
Representative in Congress 5th District (REP),Write-in,REP,"Bedford Township, Precinct 10",1
Representative in Congress 5th District (REP),Tim Walberg,REP,"Bedford Township, Precinct 11",237
Representative in Congress 5th District (REP),Write-in,REP,"Bedford Township, Precinct 11",2
Representative in Congress 5th District (REP),Tim Walberg,REP,"Bedford Township, Precinct 12",188
Representative in Congress 5th District (REP),Write-in,REP,"Bedford Township, Precinct 12",1
Representative in Congress 5th District (REP),Tim Walberg,REP,"Bedford Township, Precinct 13",194
Representative in Congress 5th District (REP),Write-in,REP,"Bedford Township, Precinct 13",0
Representative in Congress 5th District (REP),Tim Walberg,REP,"Bedford Township, Precinct 14",121
Representative in Congress 5th District (REP),Write-in,REP,"Bedford Township, Precinct 14",1
Representative in Congress 5th District (REP),Tim Walberg,REP,"Berlin Township, Precinct 1",141
Representative in Congress 5th District (REP),Write-in,REP,"Berlin Township, Precinct 1",0
Representative in Congress 5th District (REP),Tim Walberg,REP,"Berlin Township, Precinct 2",256
Representative in Congress 5th District (REP),Write-in,REP,"Berlin Township, Precinct 2",3
Representative in Congress 5th District (REP),Tim Walberg,REP,"Berlin Township, Precinct 3",169
Representative in Congress 5th District (REP),Write-in,REP,"Berlin Township, Precinct 3",0
Representative in Congress 5th District (REP),Tim Walberg,REP,"Berlin Township, Precinct 4",232
Representative in Congress 5th District (REP),Write-in,REP,"Berlin Township, Precinct 4",2
Representative in Congress 5th District (REP),Tim Walberg,REP,"Dundee Township, Precinct 1",134
Representative in Congress 5th District (REP),Write-in,REP,"Dundee Township, Precinct 1",0
Representative in Congress 5th District (REP),Tim Walberg,REP,"Dundee Township, Precinct 2",152
Representative in Congress 5th District (REP),Write-in,REP,"Dundee Township, Precinct 2",1
Representative in Congress 5th District (REP),Tim Walberg,REP,"Dundee Township, Precinct 3",209
Representative in Congress 5th District (REP),Write-in,REP,"Dundee Township, Precinct 3",0
Representative in Congress 5th District (REP),Tim Walberg,REP,"Erie Township, Precinct 1",417
Representative in Congress 5th District (REP),Write-in,REP,"Erie Township, Precinct 1",1
Representative in Congress 5th District (REP),Tim Walberg,REP,"Exeter Township, Precinct 1",185
Representative in Congress 5th District (REP),Write-in,REP,"Exeter Township, Precinct 1",5
Representative in Congress 5th District (REP),Tim Walberg,REP,"Exeter Township, Precinct 2",211
Representative in Congress 5th District (REP),Write-in,REP,"Exeter Township, Precinct 2",2
Representative in Congress 5th District (REP),Tim Walberg,REP,"Frenchtown Township, Precinct 1",124
Representative in Congress 5th District (REP),Write-in,REP,"Frenchtown Township, Precinct 1",0
Representative in Congress 5th District (REP),Tim Walberg,REP,"Frenchtown Township, Precinct 2",170
Representative in Congress 5th District (REP),Write-in,REP,"Frenchtown Township, Precinct 2",2
Representative in Congress 5th District (REP),Tim Walberg,REP,"Frenchtown Township, Precinct 3",231
Representative in Congress 5th District (REP),Write-in,REP,"Frenchtown Township, Precinct 3",0
Representative in Congress 5th District (REP),Tim Walberg,REP,"Frenchtown Township, Precinct 4",256
Representative in Congress 5th District (REP),Write-in,REP,"Frenchtown Township, Precinct 4",0
Representative in Congress 5th District (REP),Tim Walberg,REP,"Frenchtown Township, Precinct 5",133
Representative in Congress 5th District (REP),Write-in,REP,"Frenchtown Township, Precinct 5",3
Representative in Congress 5th District (REP),Tim Walberg,REP,"Frenchtown Township, Precinct 6",231
Representative in Congress 5th District (REP),Write-in,REP,"Frenchtown Township, Precinct 6",0
Representative in Congress 5th District (REP),Tim Walberg,REP,"Frenchtown Township, Precinct 7",329
Representative in Congress 5th District (REP),Write-in,REP,"Frenchtown Township, Precinct 7",3
Representative in Congress 5th District (REP),Tim Walberg,REP,"Frenchtown Township, Precinct 8",216
Representative in Congress 5th District (REP),Write-in,REP,"Frenchtown Township, Precinct 8",3
Representative in Congress 5th District (REP),Tim Walberg,REP,"Frenchtown Township, Precinct 9",172
Representative in Congress 5th District (REP),Write-in,REP,"Frenchtown Township, Precinct 9",0
Representative in Congress 5th District (REP),Tim Walberg,REP,"Ida Township, Precinct 1",321
Representative in Congress 5th District (REP),Write-in,REP,"Ida Township, Precinct 1",0
Representative in Congress 5th District (REP),Tim Walberg,REP,"Ida Township, Precinct 2",281
Representative in Congress 5th District (REP),Write-in,REP,"Ida Township, Precinct 2",2
Representative in Congress 5th District (REP),Tim Walberg,REP,"La Salle Township, Precinct 1",245
Representative in Congress 5th District (REP),Write-in,REP,"La Salle Township, Precinct 1",4
Representative in Congress 5th District (REP),Tim Walberg,REP,"La Salle Township, Precinct 2",306
Representative in Congress 5th District (REP),Write-in,REP,"La Salle Township, Precinct 2",1
Representative in Congress 5th District (REP),Tim Walberg,REP,"London Township, Precinct 1",249
Representative in Congress 5th District (REP),Write-in,REP,"London Township, Precinct 1",2
Representative in Congress 5th District (REP),Tim Walberg,REP,"Milan Township, Precinct 1",232
Representative in Congress 5th District (REP),Write-in,REP,"Milan Township, Precinct 1",2
Representative in Congress 5th District (REP),Tim Walberg,REP,"Monroe Charter Township, Precinct 1",157
Representative in Congress 5th District (REP),Write-in,REP,"Monroe Charter Township, Precinct 1",2
Representative in Congress 5th District (REP),Tim Walberg,REP,"Monroe Charter Township, Precinct 2",68
Representative in Congress 5th District (REP),Write-in,REP,"Monroe Charter Township, Precinct 2",0
Representative in Congress 5th District (REP),Tim Walberg,REP,"Monroe Charter Township, Precinct 3",152
Representative in Congress 5th District (REP),Write-in,REP,"Monroe Charter Township, Precinct 3",2
Representative in Congress 5th District (REP),Tim Walberg,REP,"Monroe Charter Township, Precinct 4",178
Representative in Congress 5th District (REP),Write-in,REP,"Monroe Charter Township, Precinct 4",3
Representative in Congress 5th District (REP),Tim Walberg,REP,"Monroe Charter Township, Precinct 5",330
Representative in Congress 5th District (REP),Write-in,REP,"Monroe Charter Township, Precinct 5",1
Representative in Congress 5th District (REP),Tim Walberg,REP,"Monroe Charter Township, Precinct 6",251
Representative in Congress 5th District (REP),Write-in,REP,"Monroe Charter Township, Precinct 6",1
Representative in Congress 5th District (REP),Tim Walberg,REP,"Raisinville Township, Precinct 1",354
Representative in Congress 5th District (REP),Write-in,REP,"Raisinville Township, Precinct 1",1
Representative in Congress 5th District (REP),Tim Walberg,REP,"Raisinville Township, Precinct 2",273
Representative in Congress 5th District (REP),Write-in,REP,"Raisinville Township, Precinct 2",2
Representative in Congress 5th District (REP),Tim Walberg,REP,"Summerfield Township, Precinct 1",427
Representative in Congress 5th District (REP),Write-in,REP,"Summerfield Township, Precinct 1",2
Representative in Congress 5th District (REP),Tim Walberg,REP,"Whiteford Township, Precinct 1",397
Representative in Congress 5th District (REP),Write-in,REP,"Whiteford Township, Precinct 1",2
Representative in Congress 5th District (REP),Tim Walberg,REP,"Whiteford Township, Precinct 2",478
Representative in Congress 5th District (REP),Write-in,REP,"Whiteford Township, Precinct 2",4
Representative in Congress 5th District (REP),Tim Walberg,REP,"City of Luna Pier, Precinct 1",95
Representative in Congress 5th District (REP),Write-in,REP,"City of Luna Pier, Precinct 1",1
Representative in Congress 5th District (REP),Tim Walberg,REP,"City of Monroe, Precinct 1",169
Representative in Congress 5th District (REP),Write-in,REP,"City of Monroe, Precinct 1",0
Representative in Congress 5th District (REP),Tim Walberg,REP,"City of Monroe, Precinct 2",126
Representative in Congress 5th District (REP),Write-in,REP,"City of Monroe, Precinct 2",0
Representative in Congress 5th District (REP),Tim Walberg,REP,"City of Monroe, Precinct 3N",56
Representative in Congress 5th District (REP),Write-in,REP,"City of Monroe, Precinct 3N",1
Representative in Congress 5th District (REP),Tim Walberg,REP,"City of Monroe, Precinct 3S",39
Representative in Congress 5th District (REP),Write-in,REP,"City of Monroe, Precinct 3S",0
Representative in Congress 5th District (REP),Tim Walberg,REP,"City of Monroe, Precinct 4",229
Representative in Congress 5th District (REP),Write-in,REP,"City of Monroe, Precinct 4",1
Representative in Congress 5th District (REP),Tim Walberg,REP,"City of Monroe, Precinct 5",238
Representative in Congress 5th District (REP),Write-in,REP,"City of Monroe, Precinct 5",6
Representative in Congress 5th District (REP),Tim Walberg,REP,"City of Monroe, Precinct 6",236
Representative in Congress 5th District (REP),Write-in,REP,"City of Monroe, Precinct 6",2
Representative in Congress 5th District (REP),Tim Walberg,REP,"City of Petersburg, Precinct 1",78
Representative in Congress 5th District (REP),Write-in,REP,"City of Petersburg, Precinct 1",1
Representative in Congress 6th District (REP),Heather Smiley,REP,"City of Milan, Precinct 1",96
Representative in Congress 6th District (REP),Write-in,REP,"City of Milan, Precinct 1",0
Representative in State Legislature 28th District (REP),Beth Ann Socia,REP,"Berlin Township, Precinct 1",11
Representative in State Legislature 28th District (REP),Jamie Thompson,REP,"Berlin Township, Precinct 1",131
Representative in State Legislature 28th District (REP),Write-in,REP,"Berlin Township, Precinct 1",0
Representative in State Legislature 28th District (REP),Beth Ann Socia,REP,"Berlin Township, Precinct 2",32
Representative in State Legislature 28th District (REP),Jamie Thompson,REP,"Berlin Township, Precinct 2",231
Representative in State Legislature 28th District (REP),Write-in,REP,"Berlin Township, Precinct 2",1
Representative in State Legislature 28th District (REP),Beth Ann Socia,REP,"Berlin Township, Precinct 3",18
Representative in State Legislature 28th District (REP),Jamie Thompson,REP,"Berlin Township, Precinct 3",158
Representative in State Legislature 28th District (REP),Write-in,REP,"Berlin Township, Precinct 3",0
Representative in State Legislature 28th District (REP),Beth Ann Socia,REP,"Berlin Township, Precinct 4",19
Representative in State Legislature 28th District (REP),Jamie Thompson,REP,"Berlin Township, Precinct 4",218
Representative in State Legislature 28th District (REP),Write-in,REP,"Berlin Township, Precinct 4",1
Representative in State Legislature 28th District (REP),Beth Ann Socia,REP,"Frenchtown Township, Precinct 2",24
Representative in State Legislature 28th District (REP),Jamie Thompson,REP,"Frenchtown Township, Precinct 2",164
Representative in State Legislature 28th District (REP),Write-in,REP,"Frenchtown Township, Precinct 2",0
Representative in State Legislature 28th District (REP),Beth Ann Socia,REP,"Frenchtown Township, Precinct 3",22
Representative in State Legislature 28th District (REP),Jamie Thompson,REP,"Frenchtown Township, Precinct 3",231
Representative in State Legislature 28th District (REP),Write-in,REP,"Frenchtown Township, Precinct 3",1
Representative in State Legislature 28th District (REP),Beth Ann Socia,REP,"Frenchtown Township, Precinct 5",23
Representative in State Legislature 28th District (REP),Jamie Thompson,REP,"Frenchtown Township, Precinct 5",108
Representative in State Legislature 28th District (REP),Write-in,REP,"Frenchtown Township, Precinct 5",2
Representative in State Legislature 28th District (REP),Beth Ann Socia,REP,"Frenchtown Township, Precinct 8",30
Representative in State Legislature 28th District (REP),Jamie Thompson,REP,"Frenchtown Township, Precinct 8",196
Representative in State Legislature 28th District (REP),Write-in,REP,"Frenchtown Township, Precinct 8",1
Representative in State Legislature 29th District (REP),James DeSana,REP,"Ash Township, Precinct 1",259
Representative in State Legislature 29th District (REP),Write-in,REP,"Ash Township, Precinct 1",0
Representative in State Legislature 29th District (REP),James DeSana,REP,"Ash Township, Precinct 2",359
Representative in State Legislature 29th District (REP),Write-in,REP,"Ash Township, Precinct 2",1
Representative in State Legislature 29th District (REP),James DeSana,REP,"Ash Township, Precinct 3",294
Representative in State Legislature 29th District (REP),Write-in,REP,"Ash Township, Precinct 3",1
Representative in State Legislature 29th District (REP),James DeSana,REP,"Frenchtown Township, Precinct 1",118
Representative in State Legislature 29th District (REP),Write-in,REP,"Frenchtown Township, Precinct 1",1
Representative in State Legislature 29th District (REP),James DeSana,REP,"Frenchtown Township, Precinct 4",251
Representative in State Legislature 29th District (REP),Write-in,REP,"Frenchtown Township, Precinct 4",0
Representative in State Legislature 29th District (REP),James DeSana,REP,"Frenchtown Township, Precinct 7",321
Representative in State Legislature 29th District (REP),Write-in,REP,"Frenchtown Township, Precinct 7",2
Representative in State Legislature 29th District (REP),James DeSana,REP,"Frenchtown Township, Precinct 9",171
Representative in State Legislature 29th District (REP),Write-in,REP,"Frenchtown Township, Precinct 9",0
Representative in State Legislature 29th District (REP),James DeSana,REP,"City of Monroe, Precinct 6",239
Representative in State Legislature 29th District (REP),Write-in,REP,"City of Monroe, Precinct 6",0
Representative in State Legislature 30th District (REP),William T. Bruck,REP,"Bedford Township, Precinct 1",101
Representative in State Legislature 30th District (REP),Write-in,REP,"Bedford Township, Precinct 1",0
Representative in State Legislature 30th District (REP),William T. Bruck,REP,"Bedford Township, Precinct 2",193
Representative in State Legislature 30th District (REP),Write-in,REP,"Bedford Township, Precinct 2",1
Representative in State Legislature 30th District (REP),William T. Bruck,REP,"Bedford Township, Precinct 3",164
Representative in State Legislature 30th District (REP),Write-in,REP,"Bedford Township, Precinct 3",3
Representative in State Legislature 30th District (REP),William T. Bruck,REP,"Bedford Township, Precinct 4",246
Representative in State Legislature 30th District (REP),Write-in,REP,"Bedford Township, Precinct 4",0
Representative in State Legislature 30th District (REP),William T. Bruck,REP,"Bedford Township, Precinct 5",181
Representative in State Legislature 30th District (REP),Write-in,REP,"Bedford Township, Precinct 5",1
Representative in State Legislature 30th District (REP),William T. Bruck,REP,"Bedford Township, Precinct 6",292
Representative in State Legislature 30th District (REP),Write-in,REP,"Bedford Township, Precinct 6",3
Representative in State Legislature 30th District (REP),William T. Bruck,REP,"Bedford Township, Precinct 7",210
Representative in State Legislature 30th District (REP),Write-in,REP,"Bedford Township, Precinct 7",1
Representative in State Legislature 30th District (REP),William T. Bruck,REP,"Bedford Township, Precinct 8",244
Representative in State Legislature 30th District (REP),Write-in,REP,"Bedford Township, Precinct 8",1
Representative in State Legislature 30th District (REP),William T. Bruck,REP,"Bedford Township, Precinct 9",177
Representative in State Legislature 30th District (REP),Write-in,REP,"Bedford Township, Precinct 9",1
Representative in State Legislature 30th District (REP),William T. Bruck,REP,"Bedford Township, Precinct 10",150
Representative in State Legislature 30th District (REP),Write-in,REP,"Bedford Township, Precinct 10",2
Representative in State Legislature 30th District (REP),William T. Bruck,REP,"Bedford Township, Precinct 11",229
Representative in State Legislature 30th District (REP),Write-in,REP,"Bedford Township, Precinct 11",1
Representative in State Legislature 30th District (REP),William T. Bruck,REP,"Bedford Township, Precinct 12",186
Representative in State Legislature 30th District (REP),Write-in,REP,"Bedford Township, Precinct 12",1
Representative in State Legislature 30th District (REP),William T. Bruck,REP,"Bedford Township, Precinct 13",181
Representative in State Legislature 30th District (REP),Write-in,REP,"Bedford Township, Precinct 13",0
Representative in State Legislature 30th District (REP),William T. Bruck,REP,"Bedford Township, Precinct 14",114
Representative in State Legislature 30th District (REP),Write-in,REP,"Bedford Township, Precinct 14",1
Representative in State Legislature 30th District (REP),William T. Bruck,REP,"Erie Township, Precinct 1",396
Representative in State Legislature 30th District (REP),Write-in,REP,"Erie Township, Precinct 1",1
Representative in State Legislature 30th District (REP),William T. Bruck,REP,"Frenchtown Township, Precinct 6",232
Representative in State Legislature 30th District (REP),Write-in,REP,"Frenchtown Township, Precinct 6",1
Representative in State Legislature 30th District (REP),William T. Bruck,REP,"Frenchtown Township, Precinct 7",2
Representative in State Legislature 30th District (REP),Write-in,REP,"Frenchtown Township, Precinct 7",0
Representative in State Legislature 30th District (REP),William T. Bruck,REP,"Ida Township, Precinct 1",311
Representative in State Legislature 30th District (REP),Write-in,REP,"Ida Township, Precinct 1",0
Representative in State Legislature 30th District (REP),William T. Bruck,REP,"Ida Township, Precinct 2",271
Representative in State Legislature 30th District (REP),Write-in,REP,"Ida Township, Precinct 2",1
Representative in State Legislature 30th District (REP),William T. Bruck,REP,"La Salle Township, Precinct 1",243
Representative in State Legislature 30th District (REP),Write-in,REP,"La Salle Township, Precinct 1",0
Representative in State Legislature 30th District (REP),William T. Bruck,REP,"La Salle Township, Precinct 2",298
Representative in State Legislature 30th District (REP),Write-in,REP,"La Salle Township, Precinct 2",2
Representative in State Legislature 30th District (REP),William T. Bruck,REP,"Monroe Charter Township, Precinct 1",155
Representative in State Legislature 30th District (REP),Write-in,REP,"Monroe Charter Township, Precinct 1",0
Representative in State Legislature 30th District (REP),William T. Bruck,REP,"Monroe Charter Township, Precinct 2",71
Representative in State Legislature 30th District (REP),Write-in,REP,"Monroe Charter Township, Precinct 2",0
Representative in State Legislature 30th District (REP),William T. Bruck,REP,"Monroe Charter Township, Precinct 3",154
Representative in State Legislature 30th District (REP),Write-in,REP,"Monroe Charter Township, Precinct 3",1
Representative in State Legislature 30th District (REP),William T. Bruck,REP,"Monroe Charter Township, Precinct 4",182
Representative in State Legislature 30th District (REP),Write-in,REP,"Monroe Charter Township, Precinct 4",0
Representative in State Legislature 30th District (REP),William T. Bruck,REP,"Monroe Charter Township, Precinct 5",333
Representative in State Legislature 30th District (REP),Write-in,REP,"Monroe Charter Township, Precinct 5",1
Representative in State Legislature 30th District (REP),William T. Bruck,REP,"Monroe Charter Township, Precinct 6",251
Representative in State Legislature 30th District (REP),Write-in,REP,"Monroe Charter Township, Precinct 6",1
Representative in State Legislature 30th District (REP),William T. Bruck,REP,"Summerfield Township, Precinct 1",416
Representative in State Legislature 30th District (REP),Write-in,REP,"Summerfield Township, Precinct 1",2
Representative in State Legislature 30th District (REP),William T. Bruck,REP,"Whiteford Township, Precinct 1",394
Representative in State Legislature 30th District (REP),Write-in,REP,"Whiteford Township, Precinct 1",0
Representative in State Legislature 30th District (REP),William T. Bruck,REP,"Whiteford Township, Precinct 2",463
Representative in State Legislature 30th District (REP),Write-in,REP,"Whiteford Township, Precinct 2",4
Representative in State Legislature 30th District (REP),William T. Bruck,REP,"City of Luna Pier, Precinct 1",95
Representative in State Legislature 30th District (REP),Write-in,REP,"City of Luna Pier, Precinct 1",1
Representative in State Legislature 30th District (REP),William T. Bruck,REP,"City of Monroe, Precinct 1",169
Representative in State Legislature 30th District (REP),Write-in,REP,"City of Monroe, Precinct 1",0
Representative in State Legislature 30th District (REP),William T. Bruck,REP,"City of Monroe, Precinct 2",124
Representative in State Legislature 30th District (REP),Write-in,REP,"City of Monroe, Precinct 2",0
Representative in State Legislature 30th District (REP),William T. Bruck,REP,"City of Monroe, Precinct 3N",59
Representative in State Legislature 30th District (REP),Write-in,REP,"City of Monroe, Precinct 3N",0
Representative in State Legislature 30th District (REP),William T. Bruck,REP,"City of Monroe, Precinct 3S",39
Representative in State Legislature 30th District (REP),Write-in,REP,"City of Monroe, Precinct 3S",0
Representative in State Legislature 30th District (REP),William T. Bruck,REP,"City of Monroe, Precinct 4",237
Representative in State Legislature 30th District (REP),Write-in,REP,"City of Monroe, Precinct 4",0
Representative in State Legislature 30th District (REP),William T. Bruck,REP,"City of Monroe, Precinct 5",247
Representative in State Legislature 30th District (REP),Write-in,REP,"City of Monroe, Precinct 5",0
Representative in State Legislature 30th District (REP),William T. Bruck,REP,"City of Petersburg, Precinct 1",80
Representative in State Legislature 30th District (REP),Write-in,REP,"City of Petersburg, Precinct 1",0
Representative in State Legislature 31th District (REP),Dale Biniecki,REP,"Dundee Township, Precinct 1",131
Representative in State Legislature 31th District (REP),Write-in,REP,"Dundee Township, Precinct 1",0
Representative in State Legislature 31th District (REP),Dale Biniecki,REP,"Dundee Township, Precinct 2",154
Representative in State Legislature 31th District (REP),Write-in,REP,"Dundee Township, Precinct 2",1
Representative in State Legislature 31th District (REP),Dale Biniecki,REP,"Dundee Township, Precinct 3",205
Representative in State Legislature 31th District (REP),Write-in,REP,"Dundee Township, Precinct 3",0
Representative in State Legislature 31th District (REP),Dale Biniecki,REP,"Exeter Township, Precinct 1",191
Representative in State Legislature 31th District (REP),Write-in,REP,"Exeter Township, Precinct 1",3
Representative in State Legislature 31th District (REP),Dale Biniecki,REP,"Exeter Township, Precinct 2",213
Representative in State Legislature 31th District (REP),Write-in,REP,"Exeter Township, Precinct 2",1
Representative in State Legislature 31th District (REP),Dale Biniecki,REP,"London Township, Precinct 1",257
Representative in State Legislature 31th District (REP),Write-in,REP,"London Township, Precinct 1",2
Representative in State Legislature 31th District (REP),Dale Biniecki,REP,"Milan Township, Precinct 1",229
Representative in State Legislature 31th District (REP),Write-in,REP,"Milan Township, Precinct 1",1
Representative in State Legislature 31th District (REP),Dale Biniecki,REP,"Raisinville Township, Precinct 1",355
Representative in State Legislature 31th District (REP),Write-in,REP,"Raisinville Township, Precinct 1",1
Representative in State Legislature 31th District (REP),Dale Biniecki,REP,"Raisinville Township, Precinct 2",274
Representative in State Legislature 31th District (REP),Write-in,REP,"Raisinville Township, Precinct 2",3
Representative in State Legislature 31th District (REP),Dale Biniecki,REP,"City of Milan, Precinct 1",94
Representative in State Legislature 31th District (REP),Write-in,REP,"City of Milan, Precinct 1",0
Monroe County Prosecuting Attorney (REP),Jeffery A. Yorkey,REP,"Ash Township, Precinct 1",225
Monroe County Prosecuting Attorney (REP),Write-in,REP,"Ash Township, Precinct 1",0
Monroe County Prosecuting Attorney (REP),Jeffery A. Yorkey,REP,"Ash Township, Precinct 2",324
Monroe County Prosecuting Attorney (REP),Write-in,REP,"Ash Township, Precinct 2",0
Monroe County Prosecuting Attorney (REP),Jeffery A. Yorkey,REP,"Ash Township, Precinct 3",264
Monroe County Prosecuting Attorney (REP),Write-in,REP,"Ash Township, Precinct 3",1
Monroe County Prosecuting Attorney (REP),Jeffery A. Yorkey,REP,"Bedford Township, Precinct 1",99
Monroe County Prosecuting Attorney (REP),Write-in,REP,"Bedford Township, Precinct 1",1
Monroe County Prosecuting Attorney (REP),Jeffery A. Yorkey,REP,"Bedford Township, Precinct 2",183
Monroe County Prosecuting Attorney (REP),Write-in,REP,"Bedford Township, Precinct 2",1
Monroe County Prosecuting Attorney (REP),Jeffery A. Yorkey,REP,"Bedford Township, Precinct 3",153
Monroe County Prosecuting Attorney (REP),Write-in,REP,"Bedford Township, Precinct 3",1
Monroe County Prosecuting Attorney (REP),Jeffery A. Yorkey,REP,"Bedford Township, Precinct 4",219
Monroe County Prosecuting Attorney (REP),Write-in,REP,"Bedford Township, Precinct 4",0
Monroe County Prosecuting Attorney (REP),Jeffery A. Yorkey,REP,"Bedford Township, Precinct 5",181
Monroe County Prosecuting Attorney (REP),Write-in,REP,"Bedford Township, Precinct 5",1
Monroe County Prosecuting Attorney (REP),Jeffery A. Yorkey,REP,"Bedford Township, Precinct 6",258
Monroe County Prosecuting Attorney (REP),Write-in,REP,"Bedford Township, Precinct 6",1
Monroe County Prosecuting Attorney (REP),Jeffery A. Yorkey,REP,"Bedford Township, Precinct 7",196
Monroe County Prosecuting Attorney (REP),Write-in,REP,"Bedford Township, Precinct 7",0
Monroe County Prosecuting Attorney (REP),Jeffery A. Yorkey,REP,"Bedford Township, Precinct 8",209
Monroe County Prosecuting Attorney (REP),Write-in,REP,"Bedford Township, Precinct 8",1
Monroe County Prosecuting Attorney (REP),Jeffery A. Yorkey,REP,"Bedford Township, Precinct 9",162
Monroe County Prosecuting Attorney (REP),Write-in,REP,"Bedford Township, Precinct 9",0
Monroe County Prosecuting Attorney (REP),Jeffery A. Yorkey,REP,"Bedford Township, Precinct 10",142
Monroe County Prosecuting Attorney (REP),Write-in,REP,"Bedford Township, Precinct 10",1
Monroe County Prosecuting Attorney (REP),Jeffery A. Yorkey,REP,"Bedford Township, Precinct 11",215
Monroe County Prosecuting Attorney (REP),Write-in,REP,"Bedford Township, Precinct 11",0
Monroe County Prosecuting Attorney (REP),Jeffery A. Yorkey,REP,"Bedford Township, Precinct 12",170
Monroe County Prosecuting Attorney (REP),Write-in,REP,"Bedford Township, Precinct 12",1
Monroe County Prosecuting Attorney (REP),Jeffery A. Yorkey,REP,"Bedford Township, Precinct 13",172
Monroe County Prosecuting Attorney (REP),Write-in,REP,"Bedford Township, Precinct 13",0
Monroe County Prosecuting Attorney (REP),Jeffery A. Yorkey,REP,"Bedford Township, Precinct 14",111
Monroe County Prosecuting Attorney (REP),Write-in,REP,"Bedford Township, Precinct 14",0
Monroe County Prosecuting Attorney (REP),Jeffery A. Yorkey,REP,"Berlin Township, Precinct 1",124
Monroe County Prosecuting Attorney (REP),Write-in,REP,"Berlin Township, Precinct 1",1
Monroe County Prosecuting Attorney (REP),Jeffery A. Yorkey,REP,"Berlin Township, Precinct 2",232
Monroe County Prosecuting Attorney (REP),Write-in,REP,"Berlin Township, Precinct 2",1
Monroe County Prosecuting Attorney (REP),Jeffery A. Yorkey,REP,"Berlin Township, Precinct 3",151
Monroe County Prosecuting Attorney (REP),Write-in,REP,"Berlin Township, Precinct 3",0
Monroe County Prosecuting Attorney (REP),Jeffery A. Yorkey,REP,"Berlin Township, Precinct 4",207
Monroe County Prosecuting Attorney (REP),Write-in,REP,"Berlin Township, Precinct 4",0
Monroe County Prosecuting Attorney (REP),Jeffery A. Yorkey,REP,"Dundee Township, Precinct 1",126
Monroe County Prosecuting Attorney (REP),Write-in,REP,"Dundee Township, Precinct 1",1
Monroe County Prosecuting Attorney (REP),Jeffery A. Yorkey,REP,"Dundee Township, Precinct 2",148
Monroe County Prosecuting Attorney (REP),Write-in,REP,"Dundee Township, Precinct 2",0
Monroe County Prosecuting Attorney (REP),Jeffery A. Yorkey,REP,"Dundee Township, Precinct 3",190
Monroe County Prosecuting Attorney (REP),Write-in,REP,"Dundee Township, Precinct 3",1
Monroe County Prosecuting Attorney (REP),Jeffery A. Yorkey,REP,"Erie Township, Precinct 1",368
Monroe County Prosecuting Attorney (REP),Write-in,REP,"Erie Township, Precinct 1",1
Monroe County Prosecuting Attorney (REP),Jeffery A. Yorkey,REP,"Exeter Township, Precinct 1",168
Monroe County Prosecuting Attorney (REP),Write-in,REP,"Exeter Township, Precinct 1",1
Monroe County Prosecuting Attorney (REP),Jeffery A. Yorkey,REP,"Exeter Township, Precinct 2",195
Monroe County Prosecuting Attorney (REP),Write-in,REP,"Exeter Township, Precinct 2",3
Monroe County Prosecuting Attorney (REP),Jeffery A. Yorkey,REP,"Frenchtown Township, Precinct 1",116
Monroe County Prosecuting Attorney (REP),Write-in,REP,"Frenchtown Township, Precinct 1",2
Monroe County Prosecuting Attorney (REP),Jeffery A. Yorkey,REP,"Frenchtown Township, Precinct 2",161
Monroe County Prosecuting Attorney (REP),Write-in,REP,"Frenchtown Township, Precinct 2",0
Monroe County Prosecuting Attorney (REP),Jeffery A. Yorkey,REP,"Frenchtown Township, Precinct 3",201
Monroe County Prosecuting Attorney (REP),Write-in,REP,"Frenchtown Township, Precinct 3",1
Monroe County Prosecuting Attorney (REP),Jeffery A. Yorkey,REP,"Frenchtown Township, Precinct 4",239
Monroe County Prosecuting Attorney (REP),Write-in,REP,"Frenchtown Township, Precinct 4",0
Monroe County Prosecuting Attorney (REP),Jeffery A. Yorkey,REP,"Frenchtown Township, Precinct 5",121
Monroe County Prosecuting Attorney (REP),Write-in,REP,"Frenchtown Township, Precinct 5",4
Monroe County Prosecuting Attorney (REP),Jeffery A. Yorkey,REP,"Frenchtown Township, Precinct 6",222
Monroe County Prosecuting Attorney (REP),Write-in,REP,"Frenchtown Township, Precinct 6",3
Monroe County Prosecuting Attorney (REP),Jeffery A. Yorkey,REP,"Frenchtown Township, Precinct 7",314
Monroe County Prosecuting Attorney (REP),Write-in,REP,"Frenchtown Township, Precinct 7",3
Monroe County Prosecuting Attorney (REP),Jeffery A. Yorkey,REP,"Frenchtown Township, Precinct 8",197
Monroe County Prosecuting Attorney (REP),Write-in,REP,"Frenchtown Township, Precinct 8",1
Monroe County Prosecuting Attorney (REP),Jeffery A. Yorkey,REP,"Frenchtown Township, Precinct 9",154
Monroe County Prosecuting Attorney (REP),Write-in,REP,"Frenchtown Township, Precinct 9",0
Monroe County Prosecuting Attorney (REP),Jeffery A. Yorkey,REP,"Ida Township, Precinct 1",291
Monroe County Prosecuting Attorney (REP),Write-in,REP,"Ida Township, Precinct 1",1
Monroe County Prosecuting Attorney (REP),Jeffery A. Yorkey,REP,"Ida Township, Precinct 2",261
Monroe County Prosecuting Attorney (REP),Write-in,REP,"Ida Township, Precinct 2",2
Monroe County Prosecuting Attorney (REP),Jeffery A. Yorkey,REP,"La Salle Township, Precinct 1",228
Monroe County Prosecuting Attorney (REP),Write-in,REP,"La Salle Township, Precinct 1",0
Monroe County Prosecuting Attorney (REP),Jeffery A. Yorkey,REP,"La Salle Township, Precinct 2",283
Monroe County Prosecuting Attorney (REP),Write-in,REP,"La Salle Township, Precinct 2",1
Monroe County Prosecuting Attorney (REP),Jeffery A. Yorkey,REP,"London Township, Precinct 1",236
Monroe County Prosecuting Attorney (REP),Write-in,REP,"London Township, Precinct 1",1
Monroe County Prosecuting Attorney (REP),Jeffery A. Yorkey,REP,"Milan Township, Precinct 1",200
Monroe County Prosecuting Attorney (REP),Write-in,REP,"Milan Township, Precinct 1",0
Monroe County Prosecuting Attorney (REP),Jeffery A. Yorkey,REP,"Monroe Charter Township, Precinct 1",151
Monroe County Prosecuting Attorney (REP),Write-in,REP,"Monroe Charter Township, Precinct 1",1
Monroe County Prosecuting Attorney (REP),Jeffery A. Yorkey,REP,"Monroe Charter Township, Precinct 2",62
Monroe County Prosecuting Attorney (REP),Write-in,REP,"Monroe Charter Township, Precinct 2",0
Monroe County Prosecuting Attorney (REP),Jeffery A. Yorkey,REP,"Monroe Charter Township, Precinct 3",153
Monroe County Prosecuting Attorney (REP),Write-in,REP,"Monroe Charter Township, Precinct 3",1
Monroe County Prosecuting Attorney (REP),Jeffery A. Yorkey,REP,"Monroe Charter Township, Precinct 4",176
Monroe County Prosecuting Attorney (REP),Write-in,REP,"Monroe Charter Township, Precinct 4",0
Monroe County Prosecuting Attorney (REP),Jeffery A. Yorkey,REP,"Monroe Charter Township, Precinct 5",307
Monroe County Prosecuting Attorney (REP),Write-in,REP,"Monroe Charter Township, Precinct 5",1
Monroe County Prosecuting Attorney (REP),Jeffery A. Yorkey,REP,"Monroe Charter Township, Precinct 6",234
Monroe County Prosecuting Attorney (REP),Write-in,REP,"Monroe Charter Township, Precinct 6",2
Monroe County Prosecuting Attorney (REP),Jeffery A. Yorkey,REP,"Raisinville Township, Precinct 1",316
Monroe County Prosecuting Attorney (REP),Write-in,REP,"Raisinville Township, Precinct 1",1
Monroe County Prosecuting Attorney (REP),Jeffery A. Yorkey,REP,"Raisinville Township, Precinct 2",258
Monroe County Prosecuting Attorney (REP),Write-in,REP,"Raisinville Township, Precinct 2",2
Monroe County Prosecuting Attorney (REP),Jeffery A. Yorkey,REP,"Summerfield Township, Precinct 1",386
Monroe County Prosecuting Attorney (REP),Write-in,REP,"Summerfield Township, Precinct 1",2
Monroe County Prosecuting Attorney (REP),Jeffery A. Yorkey,REP,"Whiteford Township, Precinct 1",368
Monroe County Prosecuting Attorney (REP),Write-in,REP,"Whiteford Township, Precinct 1",0
Monroe County Prosecuting Attorney (REP),Jeffery A. Yorkey,REP,"Whiteford Township, Precinct 2",427
Monroe County Prosecuting Attorney (REP),Write-in,REP,"Whiteford Township, Precinct 2",6
Monroe County Prosecuting Attorney (REP),Jeffery A. Yorkey,REP,"City of Luna Pier, Precinct 1",86
Monroe County Prosecuting Attorney (REP),Write-in,REP,"City of Luna Pier, Precinct 1",0
Monroe County Prosecuting Attorney (REP),Jeffery A. Yorkey,REP,"City of Milan, Precinct 1",94
Monroe County Prosecuting Attorney (REP),Write-in,REP,"City of Milan, Precinct 1",0
Monroe County Prosecuting Attorney (REP),Jeffery A. Yorkey,REP,"City of Monroe, Precinct 1",169
Monroe County Prosecuting Attorney (REP),Write-in,REP,"City of Monroe, Precinct 1",0
Monroe County Prosecuting Attorney (REP),Jeffery A. Yorkey,REP,"City of Monroe, Precinct 2",123
Monroe County Prosecuting Attorney (REP),Write-in,REP,"City of Monroe, Precinct 2",0
Monroe County Prosecuting Attorney (REP),Jeffery A. Yorkey,REP,"City of Monroe, Precinct 3N",58
Monroe County Prosecuting Attorney (REP),Write-in,REP,"City of Monroe, Precinct 3N",1
Monroe County Prosecuting Attorney (REP),Jeffery A. Yorkey,REP,"City of Monroe, Precinct 3S",34
Monroe County Prosecuting Attorney (REP),Write-in,REP,"City of Monroe, Precinct 3S",0
Monroe County Prosecuting Attorney (REP),Jeffery A. Yorkey,REP,"City of Monroe, Precinct 4",222
Monroe County Prosecuting Attorney (REP),Write-in,REP,"City of Monroe, Precinct 4",0
Monroe County Prosecuting Attorney (REP),Jeffery A. Yorkey,REP,"City of Monroe, Precinct 5",234
Monroe County Prosecuting Attorney (REP),Write-in,REP,"City of Monroe, Precinct 5",0
Monroe County Prosecuting Attorney (REP),Jeffery A. Yorkey,REP,"City of Monroe, Precinct 6",230
Monroe County Prosecuting Attorney (REP),Write-in,REP,"City of Monroe, Precinct 6",2
Monroe County Prosecuting Attorney (REP),Jeffery A. Yorkey,REP,"City of Petersburg, Precinct 1",73
Monroe County Prosecuting Attorney (REP),Write-in,REP,"City of Petersburg, Precinct 1",0
Monroe County Sheriff (REP),Troy Goodnough,REP,"Ash Township, Precinct 1",232
Monroe County Sheriff (REP),Write-in,REP,"Ash Township, Precinct 1",2
Monroe County Sheriff (REP),Troy Goodnough,REP,"Ash Township, Precinct 2",333
Monroe County Sheriff (REP),Write-in,REP,"Ash Township, Precinct 2",1
Monroe County Sheriff (REP),Troy Goodnough,REP,"Ash Township, Precinct 3",277
Monroe County Sheriff (REP),Write-in,REP,"Ash Township, Precinct 3",5
Monroe County Sheriff (REP),Troy Goodnough,REP,"Bedford Township, Precinct 1",108
Monroe County Sheriff (REP),Write-in,REP,"Bedford Township, Precinct 1",0
Monroe County Sheriff (REP),Troy Goodnough,REP,"Bedford Township, Precinct 2",196
Monroe County Sheriff (REP),Write-in,REP,"Bedford Township, Precinct 2",2
Monroe County Sheriff (REP),Troy Goodnough,REP,"Bedford Township, Precinct 3",173
Monroe County Sheriff (REP),Write-in,REP,"Bedford Township, Precinct 3",0
Monroe County Sheriff (REP),Troy Goodnough,REP,"Bedford Township, Precinct 4",246
Monroe County Sheriff (REP),Write-in,REP,"Bedford Township, Precinct 4",1
Monroe County Sheriff (REP),Troy Goodnough,REP,"Bedford Township, Precinct 5",200
Monroe County Sheriff (REP),Write-in,REP,"Bedford Township, Precinct 5",0
Monroe County Sheriff (REP),Troy Goodnough,REP,"Bedford Township, Precinct 6",290
Monroe County Sheriff (REP),Write-in,REP,"Bedford Township, Precinct 6",1
Monroe County Sheriff (REP),Troy Goodnough,REP,"Bedford Township, Precinct 7",208
Monroe County Sheriff (REP),Write-in,REP,"Bedford Township, Precinct 7",0
Monroe County Sheriff (REP),Troy Goodnough,REP,"Bedford Township, Precinct 8",241
Monroe County Sheriff (REP),Write-in,REP,"Bedford Township, Precinct 8",1
Monroe County Sheriff (REP),Troy Goodnough,REP,"Bedford Township, Precinct 9",180
Monroe County Sheriff (REP),Write-in,REP,"Bedford Township, Precinct 9",0
Monroe County Sheriff (REP),Troy Goodnough,REP,"Bedford Township, Precinct 10",149
Monroe County Sheriff (REP),Write-in,REP,"Bedford Township, Precinct 10",1
Monroe County Sheriff (REP),Troy Goodnough,REP,"Bedford Township, Precinct 11",233
Monroe County Sheriff (REP),Write-in,REP,"Bedford Township, Precinct 11",0
Monroe County Sheriff (REP),Troy Goodnough,REP,"Bedford Township, Precinct 12",190
Monroe County Sheriff (REP),Write-in,REP,"Bedford Township, Precinct 12",0
Monroe County Sheriff (REP),Troy Goodnough,REP,"Bedford Township, Precinct 13",189
Monroe County Sheriff (REP),Write-in,REP,"Bedford Township, Precinct 13",1
Monroe County Sheriff (REP),Troy Goodnough,REP,"Bedford Township, Precinct 14",118
Monroe County Sheriff (REP),Write-in,REP,"Bedford Township, Precinct 14",0
Monroe County Sheriff (REP),Troy Goodnough,REP,"Berlin Township, Precinct 1",132
Monroe County Sheriff (REP),Write-in,REP,"Berlin Township, Precinct 1",0
Monroe County Sheriff (REP),Troy Goodnough,REP,"Berlin Township, Precinct 2",248
Monroe County Sheriff (REP),Write-in,REP,"Berlin Township, Precinct 2",2
Monroe County Sheriff (REP),Troy Goodnough,REP,"Berlin Township, Precinct 3",166
Monroe County Sheriff (REP),Write-in,REP,"Berlin Township, Precinct 3",0
Monroe County Sheriff (REP),Troy Goodnough,REP,"Berlin Township, Precinct 4",219
Monroe County Sheriff (REP),Write-in,REP,"Berlin Township, Precinct 4",4
Monroe County Sheriff (REP),Troy Goodnough,REP,"Dundee Township, Precinct 1",131
Monroe County Sheriff (REP),Write-in,REP,"Dundee Township, Precinct 1",2
Monroe County Sheriff (REP),Troy Goodnough,REP,"Dundee Township, Precinct 2",154
Monroe County Sheriff (REP),Write-in,REP,"Dundee Township, Precinct 2",1
Monroe County Sheriff (REP),Troy Goodnough,REP,"Dundee Township, Precinct 3",196
Monroe County Sheriff (REP),Write-in,REP,"Dundee Township, Precinct 3",1
Monroe County Sheriff (REP),Troy Goodnough,REP,"Erie Township, Precinct 1",398
Monroe County Sheriff (REP),Write-in,REP,"Erie Township, Precinct 1",1
Monroe County Sheriff (REP),Troy Goodnough,REP,"Exeter Township, Precinct 1",191
Monroe County Sheriff (REP),Write-in,REP,"Exeter Township, Precinct 1",1
Monroe County Sheriff (REP),Troy Goodnough,REP,"Exeter Township, Precinct 2",207
Monroe County Sheriff (REP),Write-in,REP,"Exeter Township, Precinct 2",3
Monroe County Sheriff (REP),Troy Goodnough,REP,"Frenchtown Township, Precinct 1",123
Monroe County Sheriff (REP),Write-in,REP,"Frenchtown Township, Precinct 1",0
Monroe County Sheriff (REP),Troy Goodnough,REP,"Frenchtown Township, Precinct 2",174
Monroe County Sheriff (REP),Write-in,REP,"Frenchtown Township, Precinct 2",3
Monroe County Sheriff (REP),Troy Goodnough,REP,"Frenchtown Township, Precinct 3",236
Monroe County Sheriff (REP),Write-in,REP,"Frenchtown Township, Precinct 3",0
Monroe County Sheriff (REP),Troy Goodnough,REP,"Frenchtown Township, Precinct 4",259
Monroe County Sheriff (REP),Write-in,REP,"Frenchtown Township, Precinct 4",0
Monroe County Sheriff (REP),Troy Goodnough,REP,"Frenchtown Township, Precinct 5",132
Monroe County Sheriff (REP),Write-in,REP,"Frenchtown Township, Precinct 5",5
Monroe County Sheriff (REP),Troy Goodnough,REP,"Frenchtown Township, Precinct 6",236
Monroe County Sheriff (REP),Write-in,REP,"Frenchtown Township, Precinct 6",6
Monroe County Sheriff (REP),Troy Goodnough,REP,"Frenchtown Township, Precinct 7",332
Monroe County Sheriff (REP),Write-in,REP,"Frenchtown Township, Precinct 7",3
Monroe County Sheriff (REP),Troy Goodnough,REP,"Frenchtown Township, Precinct 8",212
Monroe County Sheriff (REP),Write-in,REP,"Frenchtown Township, Precinct 8",2
Monroe County Sheriff (REP),Troy Goodnough,REP,"Frenchtown Township, Precinct 9",178
Monroe County Sheriff (REP),Write-in,REP,"Frenchtown Township, Precinct 9",0
Monroe County Sheriff (REP),Troy Goodnough,REP,"Ida Township, Precinct 1",319
Monroe County Sheriff (REP),Write-in,REP,"Ida Township, Precinct 1",1
Monroe County Sheriff (REP),Troy Goodnough,REP,"Ida Township, Precinct 2",282
Monroe County Sheriff (REP),Write-in,REP,"Ida Township, Precinct 2",1
Monroe County Sheriff (REP),Troy Goodnough,REP,"La Salle Township, Precinct 1",250
Monroe County Sheriff (REP),Write-in,REP,"La Salle Township, Precinct 1",1
Monroe County Sheriff (REP),Troy Goodnough,REP,"La Salle Township, Precinct 2",303
Monroe County Sheriff (REP),Write-in,REP,"La Salle Township, Precinct 2",0
Monroe County Sheriff (REP),Troy Goodnough,REP,"London Township, Precinct 1",256
Monroe County Sheriff (REP),Write-in,REP,"London Township, Precinct 1",0
Monroe County Sheriff (REP),Troy Goodnough,REP,"Milan Township, Precinct 1",220
Monroe County Sheriff (REP),Write-in,REP,"Milan Township, Precinct 1",0
Monroe County Sheriff (REP),Troy Goodnough,REP,"Monroe Charter Township, Precinct 1",158
Monroe County Sheriff (REP),Write-in,REP,"Monroe Charter Township, Precinct 1",1
Monroe County Sheriff (REP),Troy Goodnough,REP,"Monroe Charter Township, Precinct 2",70
Monroe County Sheriff (REP),Write-in,REP,"Monroe Charter Township, Precinct 2",0
Monroe County Sheriff (REP),Troy Goodnough,REP,"Monroe Charter Township, Precinct 3",165
Monroe County Sheriff (REP),Write-in,REP,"Monroe Charter Township, Precinct 3",0
Monroe County Sheriff (REP),Troy Goodnough,REP,"Monroe Charter Township, Precinct 4",184
Monroe County Sheriff (REP),Write-in,REP,"Monroe Charter Township, Precinct 4",0
Monroe County Sheriff (REP),Troy Goodnough,REP,"Monroe Charter Township, Precinct 5",335
Monroe County Sheriff (REP),Write-in,REP,"Monroe Charter Township, Precinct 5",1
Monroe County Sheriff (REP),Troy Goodnough,REP,"Monroe Charter Township, Precinct 6",251
Monroe County Sheriff (REP),Write-in,REP,"Monroe Charter Township, Precinct 6",0
Monroe County Sheriff (REP),Troy Goodnough,REP,"Raisinville Township, Precinct 1",344
Monroe County Sheriff (REP),Write-in,REP,"Raisinville Township, Precinct 1",1
Monroe County Sheriff (REP),Troy Goodnough,REP,"Raisinville Township, Precinct 2",278
Monroe County Sheriff (REP),Write-in,REP,"Raisinville Township, Precinct 2",1
Monroe County Sheriff (REP),Troy Goodnough,REP,"Summerfield Township, Precinct 1",419
Monroe County Sheriff (REP),Write-in,REP,"Summerfield Township, Precinct 1",2
Monroe County Sheriff (REP),Troy Goodnough,REP,"Whiteford Township, Precinct 1",395
Monroe County Sheriff (REP),Write-in,REP,"Whiteford Township, Precinct 1",0
Monroe County Sheriff (REP),Troy Goodnough,REP,"Whiteford Township, Precinct 2",463
Monroe County Sheriff (REP),Write-in,REP,"Whiteford Township, Precinct 2",4
Monroe County Sheriff (REP),Troy Goodnough,REP,"City of Luna Pier, Precinct 1",93
Monroe County Sheriff (REP),Write-in,REP,"City of Luna Pier, Precinct 1",0
Monroe County Sheriff (REP),Troy Goodnough,REP,"City of Milan, Precinct 1",96
Monroe County Sheriff (REP),Write-in,REP,"City of Milan, Precinct 1",0
Monroe County Sheriff (REP),Troy Goodnough,REP,"City of Monroe, Precinct 1",169
Monroe County Sheriff (REP),Write-in,REP,"City of Monroe, Precinct 1",1
Monroe County Sheriff (REP),Troy Goodnough,REP,"City of Monroe, Precinct 2",129
Monroe County Sheriff (REP),Write-in,REP,"City of Monroe, Precinct 2",0
Monroe County Sheriff (REP),Troy Goodnough,REP,"City of Monroe, Precinct 3N",56
Monroe County Sheriff (REP),Write-in,REP,"City of Monroe, Precinct 3N",3
Monroe County Sheriff (REP),Troy Goodnough,REP,"City of Monroe, Precinct 3S",36
Monroe County Sheriff (REP),Write-in,REP,"City of Monroe, Precinct 3S",0
Monroe County Sheriff (REP),Troy Goodnough,REP,"City of Monroe, Precinct 4",234
Monroe County Sheriff (REP),Write-in,REP,"City of Monroe, Precinct 4",3
Monroe County Sheriff (REP),Troy Goodnough,REP,"City of Monroe, Precinct 5",250
Monroe County Sheriff (REP),Write-in,REP,"City of Monroe, Precinct 5",3
Monroe County Sheriff (REP),Troy Goodnough,REP,"City of Monroe, Precinct 6",240
Monroe County Sheriff (REP),Write-in,REP,"City of Monroe, Precinct 6",2
Monroe County Sheriff (REP),Troy Goodnough,REP,"City of Petersburg, Precinct 1",75
Monroe County Sheriff (REP),Write-in,REP,"City of Petersburg, Precinct 1",1
Monroe County Clerk (REP),Annamarie Osment,REP,"Ash Township, Precinct 1",230
Monroe County Clerk (REP),Write-in,REP,"Ash Township, Precinct 1",0
Monroe County Clerk (REP),Annamarie Osment,REP,"Ash Township, Precinct 2",326
Monroe County Clerk (REP),Write-in,REP,"Ash Township, Precinct 2",0
Monroe County Clerk (REP),Annamarie Osment,REP,"Ash Township, Precinct 3",267
Monroe County Clerk (REP),Write-in,REP,"Ash Township, Precinct 3",3
Monroe County Clerk (REP),Annamarie Osment,REP,"Bedford Township, Precinct 1",95
Monroe County Clerk (REP),Write-in,REP,"Bedford Township, Precinct 1",0
Monroe County Clerk (REP),Annamarie Osment,REP,"Bedford Township, Precinct 2",180
Monroe County Clerk (REP),Write-in,REP,"Bedford Township, Precinct 2",1
Monroe County Clerk (REP),Annamarie Osment,REP,"Bedford Township, Precinct 3",157
Monroe County Clerk (REP),Write-in,REP,"Bedford Township, Precinct 3",1
Monroe County Clerk (REP),Annamarie Osment,REP,"Bedford Township, Precinct 4",231
Monroe County Clerk (REP),Write-in,REP,"Bedford Township, Precinct 4",1
Monroe County Clerk (REP),Annamarie Osment,REP,"Bedford Township, Precinct 5",182
Monroe County Clerk (REP),Write-in,REP,"Bedford Township, Precinct 5",0
Monroe County Clerk (REP),Annamarie Osment,REP,"Bedford Township, Precinct 6",259
Monroe County Clerk (REP),Write-in,REP,"Bedford Township, Precinct 6",2
Monroe County Clerk (REP),Annamarie Osment,REP,"Bedford Township, Precinct 7",194
Monroe County Clerk (REP),Write-in,REP,"Bedford Township, Precinct 7",0
Monroe County Clerk (REP),Annamarie Osment,REP,"Bedford Township, Precinct 8",214
Monroe County Clerk (REP),Write-in,REP,"Bedford Township, Precinct 8",2
Monroe County Clerk (REP),Annamarie Osment,REP,"Bedford Township, Precinct 9",164
Monroe County Clerk (REP),Write-in,REP,"Bedford Township, Precinct 9",0
Monroe County Clerk (REP),Annamarie Osment,REP,"Bedford Township, Precinct 10",141
Monroe County Clerk (REP),Write-in,REP,"Bedford Township, Precinct 10",1
Monroe County Clerk (REP),Annamarie Osment,REP,"Bedford Township, Precinct 11",217
Monroe County Clerk (REP),Write-in,REP,"Bedford Township, Precinct 11",2
Monroe County Clerk (REP),Annamarie Osment,REP,"Bedford Township, Precinct 12",173
Monroe County Clerk (REP),Write-in,REP,"Bedford Township, Precinct 12",0
Monroe County Clerk (REP),Annamarie Osment,REP,"Bedford Township, Precinct 13",173
Monroe County Clerk (REP),Write-in,REP,"Bedford Township, Precinct 13",0
Monroe County Clerk (REP),Annamarie Osment,REP,"Bedford Township, Precinct 14",108
Monroe County Clerk (REP),Write-in,REP,"Bedford Township, Precinct 14",0
Monroe County Clerk (REP),Annamarie Osment,REP,"Berlin Township, Precinct 1",130
Monroe County Clerk (REP),Write-in,REP,"Berlin Township, Precinct 1",0
Monroe County Clerk (REP),Annamarie Osment,REP,"Berlin Township, Precinct 2",234
Monroe County Clerk (REP),Write-in,REP,"Berlin Township, Precinct 2",2
Monroe County Clerk (REP),Annamarie Osment,REP,"Berlin Township, Precinct 3",148
Monroe County Clerk (REP),Write-in,REP,"Berlin Township, Precinct 3",0
Monroe County Clerk (REP),Annamarie Osment,REP,"Berlin Township, Precinct 4",205
Monroe County Clerk (REP),Write-in,REP,"Berlin Township, Precinct 4",0
Monroe County Clerk (REP),Annamarie Osment,REP,"Dundee Township, Precinct 1",127
Monroe County Clerk (REP),Write-in,REP,"Dundee Township, Precinct 1",0
Monroe County Clerk (REP),Annamarie Osment,REP,"Dundee Township, Precinct 2",145
Monroe County Clerk (REP),Write-in,REP,"Dundee Township, Precinct 2",0
Monroe County Clerk (REP),Annamarie Osment,REP,"Dundee Township, Precinct 3",191
Monroe County Clerk (REP),Write-in,REP,"Dundee Township, Precinct 3",1
Monroe County Clerk (REP),Annamarie Osment,REP,"Erie Township, Precinct 1",373
Monroe County Clerk (REP),Write-in,REP,"Erie Township, Precinct 1",0
Monroe County Clerk (REP),Annamarie Osment,REP,"Exeter Township, Precinct 1",175
Monroe County Clerk (REP),Write-in,REP,"Exeter Township, Precinct 1",1
Monroe County Clerk (REP),Annamarie Osment,REP,"Exeter Township, Precinct 2",191
Monroe County Clerk (REP),Write-in,REP,"Exeter Township, Precinct 2",0
Monroe County Clerk (REP),Annamarie Osment,REP,"Frenchtown Township, Precinct 1",108
Monroe County Clerk (REP),Write-in,REP,"Frenchtown Township, Precinct 1",2
Monroe County Clerk (REP),Annamarie Osment,REP,"Frenchtown Township, Precinct 2",159
Monroe County Clerk (REP),Write-in,REP,"Frenchtown Township, Precinct 2",0
Monroe County Clerk (REP),Annamarie Osment,REP,"Frenchtown Township, Precinct 3",205
Monroe County Clerk (REP),Write-in,REP,"Frenchtown Township, Precinct 3",2
Monroe County Clerk (REP),Annamarie Osment,REP,"Frenchtown Township, Precinct 4",232
Monroe County Clerk (REP),Write-in,REP,"Frenchtown Township, Precinct 4",0
Monroe County Clerk (REP),Annamarie Osment,REP,"Frenchtown Township, Precinct 5",123
Monroe County Clerk (REP),Write-in,REP,"Frenchtown Township, Precinct 5",3
Monroe County Clerk (REP),Annamarie Osment,REP,"Frenchtown Township, Precinct 6",223
Monroe County Clerk (REP),Write-in,REP,"Frenchtown Township, Precinct 6",2
Monroe County Clerk (REP),Annamarie Osment,REP,"Frenchtown Township, Precinct 7",312
Monroe County Clerk (REP),Write-in,REP,"Frenchtown Township, Precinct 7",4
Monroe County Clerk (REP),Annamarie Osment,REP,"Frenchtown Township, Precinct 8",192
Monroe County Clerk (REP),Write-in,REP,"Frenchtown Township, Precinct 8",1
Monroe County Clerk (REP),Annamarie Osment,REP,"Frenchtown Township, Precinct 9",160
Monroe County Clerk (REP),Write-in,REP,"Frenchtown Township, Precinct 9",0
Monroe County Clerk (REP),Annamarie Osment,REP,"Ida Township, Precinct 1",282
Monroe County Clerk (REP),Write-in,REP,"Ida Township, Precinct 1",0
Monroe County Clerk (REP),Annamarie Osment,REP,"Ida Township, Precinct 2",255
Monroe County Clerk (REP),Write-in,REP,"Ida Township, Precinct 2",1
Monroe County Clerk (REP),Annamarie Osment,REP,"La Salle Township, Precinct 1",231
Monroe County Clerk (REP),Write-in,REP,"La Salle Township, Precinct 1",0
Monroe County Clerk (REP),Annamarie Osment,REP,"La Salle Township, Precinct 2",279
Monroe County Clerk (REP),Write-in,REP,"La Salle Township, Precinct 2",2
Monroe County Clerk (REP),Annamarie Osment,REP,"London Township, Precinct 1",233
Monroe County Clerk (REP),Write-in,REP,"London Township, Precinct 1",3
Monroe County Clerk (REP),Annamarie Osment,REP,"Milan Township, Precinct 1",204
Monroe County Clerk (REP),Write-in,REP,"Milan Township, Precinct 1",1
Monroe County Clerk (REP),Annamarie Osment,REP,"Monroe Charter Township, Precinct 1",146
Monroe County Clerk (REP),Write-in,REP,"Monroe Charter Township, Precinct 1",0
Monroe County Clerk (REP),Annamarie Osment,REP,"Monroe Charter Township, Precinct 2",64
Monroe County Clerk (REP),Write-in,REP,"Monroe Charter Township, Precinct 2",0
Monroe County Clerk (REP),Annamarie Osment,REP,"Monroe Charter Township, Precinct 3",151
Monroe County Clerk (REP),Write-in,REP,"Monroe Charter Township, Precinct 3",0
Monroe County Clerk (REP),Annamarie Osment,REP,"Monroe Charter Township, Precinct 4",172
Monroe County Clerk (REP),Write-in,REP,"Monroe Charter Township, Precinct 4",1
Monroe County Clerk (REP),Annamarie Osment,REP,"Monroe Charter Township, Precinct 5",306
Monroe County Clerk (REP),Write-in,REP,"Monroe Charter Township, Precinct 5",2
Monroe County Clerk (REP),Annamarie Osment,REP,"Monroe Charter Township, Precinct 6",240
Monroe County Clerk (REP),Write-in,REP,"Monroe Charter Township, Precinct 6",0
Monroe County Clerk (REP),Annamarie Osment,REP,"Raisinville Township, Precinct 1",325
Monroe County Clerk (REP),Write-in,REP,"Raisinville Township, Precinct 1",1
Monroe County Clerk (REP),Annamarie Osment,REP,"Raisinville Township, Precinct 2",257
Monroe County Clerk (REP),Write-in,REP,"Raisinville Township, Precinct 2",1
Monroe County Clerk (REP),Annamarie Osment,REP,"Summerfield Township, Precinct 1",388
Monroe County Clerk (REP),Write-in,REP,"Summerfield Township, Precinct 1",3
Monroe County Clerk (REP),Annamarie Osment,REP,"Whiteford Township, Precinct 1",368
Monroe County Clerk (REP),Write-in,REP,"Whiteford Township, Precinct 1",1
Monroe County Clerk (REP),Annamarie Osment,REP,"Whiteford Township, Precinct 2",430
Monroe County Clerk (REP),Write-in,REP,"Whiteford Township, Precinct 2",4
Monroe County Clerk (REP),Annamarie Osment,REP,"City of Luna Pier, Precinct 1",82
Monroe County Clerk (REP),Write-in,REP,"City of Luna Pier, Precinct 1",0
Monroe County Clerk (REP),Annamarie Osment,REP,"City of Milan, Precinct 1",94
Monroe County Clerk (REP),Write-in,REP,"City of Milan, Precinct 1",0
Monroe County Clerk (REP),Annamarie Osment,REP,"City of Monroe, Precinct 1",171
Monroe County Clerk (REP),Write-in,REP,"City of Monroe, Precinct 1",0
Monroe County Clerk (REP),Annamarie Osment,REP,"City of Monroe, Precinct 2",120
Monroe County Clerk (REP),Write-in,REP,"City of Monroe, Precinct 2",0
Monroe County Clerk (REP),Annamarie Osment,REP,"City of Monroe, Precinct 3N",58
Monroe County Clerk (REP),Write-in,REP,"City of Monroe, Precinct 3N",0
Monroe County Clerk (REP),Annamarie Osment,REP,"City of Monroe, Precinct 3S",35
Monroe County Clerk (REP),Write-in,REP,"City of Monroe, Precinct 3S",0
Monroe County Clerk (REP),Annamarie Osment,REP,"City of Monroe, Precinct 4",218
Monroe County Clerk (REP),Write-in,REP,"City of Monroe, Precinct 4",0
Monroe County Clerk (REP),Annamarie Osment,REP,"City of Monroe, Precinct 5",225
Monroe County Clerk (REP),Write-in,REP,"City of Monroe, Precinct 5",5
Monroe County Clerk (REP),Annamarie Osment,REP,"City of Monroe, Precinct 6",223
Monroe County Clerk (REP),Write-in,REP,"City of Monroe, Precinct 6",2
Monroe County Clerk (REP),Annamarie Osment,REP,"City of Petersburg, Precinct 1",77
Monroe County Clerk (REP),Write-in,REP,"City of Petersburg, Precinct 1",0
Monroe County Treasurer (REP),Jesse Stanford,REP,"Ash Township, Precinct 1",214
Monroe County Treasurer (REP),Write-in,REP,"Ash Township, Precinct 1",0
Monroe County Treasurer (REP),Jesse Stanford,REP,"Ash Township, Precinct 2",320
Monroe County Treasurer (REP),Write-in,REP,"Ash Township, Precinct 2",1
Monroe County Treasurer (REP),Jesse Stanford,REP,"Ash Township, Precinct 3",256
Monroe County Treasurer (REP),Write-in,REP,"Ash Township, Precinct 3",1
Monroe County Treasurer (REP),Jesse Stanford,REP,"Bedford Township, Precinct 1",91
Monroe County Treasurer (REP),Write-in,REP,"Bedford Township, Precinct 1",0
Monroe County Treasurer (REP),Jesse Stanford,REP,"Bedford Township, Precinct 2",177
Monroe County Treasurer (REP),Write-in,REP,"Bedford Township, Precinct 2",1
Monroe County Treasurer (REP),Jesse Stanford,REP,"Bedford Township, Precinct 3",152
Monroe County Treasurer (REP),Write-in,REP,"Bedford Township, Precinct 3",1
Monroe County Treasurer (REP),Jesse Stanford,REP,"Bedford Township, Precinct 4",225
Monroe County Treasurer (REP),Write-in,REP,"Bedford Township, Precinct 4",0
Monroe County Treasurer (REP),Jesse Stanford,REP,"Bedford Township, Precinct 5",175
Monroe County Treasurer (REP),Write-in,REP,"Bedford Township, Precinct 5",0
Monroe County Treasurer (REP),Jesse Stanford,REP,"Bedford Township, Precinct 6",257
Monroe County Treasurer (REP),Write-in,REP,"Bedford Township, Precinct 6",2
Monroe County Treasurer (REP),Jesse Stanford,REP,"Bedford Township, Precinct 7",190
Monroe County Treasurer (REP),Write-in,REP,"Bedford Township, Precinct 7",1
Monroe County Treasurer (REP),Jesse Stanford,REP,"Bedford Township, Precinct 8",208
Monroe County Treasurer (REP),Write-in,REP,"Bedford Township, Precinct 8",1
Monroe County Treasurer (REP),Jesse Stanford,REP,"Bedford Township, Precinct 9",158
Monroe County Treasurer (REP),Write-in,REP,"Bedford Township, Precinct 9",0
Monroe County Treasurer (REP),Jesse Stanford,REP,"Bedford Township, Precinct 10",137
Monroe County Treasurer (REP),Write-in,REP,"Bedford Township, Precinct 10",0
Monroe County Treasurer (REP),Jesse Stanford,REP,"Bedford Township, Precinct 11",209
Monroe County Treasurer (REP),Write-in,REP,"Bedford Township, Precinct 11",0
Monroe County Treasurer (REP),Jesse Stanford,REP,"Bedford Township, Precinct 12",168
Monroe County Treasurer (REP),Write-in,REP,"Bedford Township, Precinct 12",0
Monroe County Treasurer (REP),Jesse Stanford,REP,"Bedford Township, Precinct 13",172
Monroe County Treasurer (REP),Write-in,REP,"Bedford Township, Precinct 13",0
Monroe County Treasurer (REP),Jesse Stanford,REP,"Bedford Township, Precinct 14",106
Monroe County Treasurer (REP),Write-in,REP,"Bedford Township, Precinct 14",0
Monroe County Treasurer (REP),Jesse Stanford,REP,"Berlin Township, Precinct 1",121
Monroe County Treasurer (REP),Write-in,REP,"Berlin Township, Precinct 1",0
Monroe County Treasurer (REP),Jesse Stanford,REP,"Berlin Township, Precinct 2",227
Monroe County Treasurer (REP),Write-in,REP,"Berlin Township, Precinct 2",2
Monroe County Treasurer (REP),Jesse Stanford,REP,"Berlin Township, Precinct 3",145
Monroe County Treasurer (REP),Write-in,REP,"Berlin Township, Precinct 3",0
Monroe County Treasurer (REP),Jesse Stanford,REP,"Berlin Township, Precinct 4",199
Monroe County Treasurer (REP),Write-in,REP,"Berlin Township, Precinct 4",0
Monroe County Treasurer (REP),Jesse Stanford,REP,"Dundee Township, Precinct 1",124
Monroe County Treasurer (REP),Write-in,REP,"Dundee Township, Precinct 1",0
Monroe County Treasurer (REP),Jesse Stanford,REP,"Dundee Township, Precinct 2",144
Monroe County Treasurer (REP),Write-in,REP,"Dundee Township, Precinct 2",0
Monroe County Treasurer (REP),Jesse Stanford,REP,"Dundee Township, Precinct 3",185
Monroe County Treasurer (REP),Write-in,REP,"Dundee Township, Precinct 3",1
Monroe County Treasurer (REP),Jesse Stanford,REP,"Erie Township, Precinct 1",362
Monroe County Treasurer (REP),Write-in,REP,"Erie Township, Precinct 1",0
Monroe County Treasurer (REP),Jesse Stanford,REP,"Exeter Township, Precinct 1",168
Monroe County Treasurer (REP),Write-in,REP,"Exeter Township, Precinct 1",1
Monroe County Treasurer (REP),Jesse Stanford,REP,"Exeter Township, Precinct 2",182
Monroe County Treasurer (REP),Write-in,REP,"Exeter Township, Precinct 2",2
Monroe County Treasurer (REP),Jesse Stanford,REP,"Frenchtown Township, Precinct 1",110
Monroe County Treasurer (REP),Write-in,REP,"Frenchtown Township, Precinct 1",2
Monroe County Treasurer (REP),Jesse Stanford,REP,"Frenchtown Township, Precinct 2",151
Monroe County Treasurer (REP),Write-in,REP,"Frenchtown Township, Precinct 2",0
Monroe County Treasurer (REP),Jesse Stanford,REP,"Frenchtown Township, Precinct 3",194
Monroe County Treasurer (REP),Write-in,REP,"Frenchtown Township, Precinct 3",1
Monroe County Treasurer (REP),Jesse Stanford,REP,"Frenchtown Township, Precinct 4",220
Monroe County Treasurer (REP),Write-in,REP,"Frenchtown Township, Precinct 4",1
Monroe County Treasurer (REP),Jesse Stanford,REP,"Frenchtown Township, Precinct 5",120
Monroe County Treasurer (REP),Write-in,REP,"Frenchtown Township, Precinct 5",3
Monroe County Treasurer (REP),Jesse Stanford,REP,"Frenchtown Township, Precinct 6",207
Monroe County Treasurer (REP),Write-in,REP,"Frenchtown Township, Precinct 6",3
Monroe County Treasurer (REP),Jesse Stanford,REP,"Frenchtown Township, Precinct 7",295
Monroe County Treasurer (REP),Write-in,REP,"Frenchtown Township, Precinct 7",4
Monroe County Treasurer (REP),Jesse Stanford,REP,"Frenchtown Township, Precinct 8",192
Monroe County Treasurer (REP),Write-in,REP,"Frenchtown Township, Precinct 8",1
Monroe County Treasurer (REP),Jesse Stanford,REP,"Frenchtown Township, Precinct 9",150
Monroe County Treasurer (REP),Write-in,REP,"Frenchtown Township, Precinct 9",0
Monroe County Treasurer (REP),Jesse Stanford,REP,"Ida Township, Precinct 1",276
Monroe County Treasurer (REP),Write-in,REP,"Ida Township, Precinct 1",0
Monroe County Treasurer (REP),Jesse Stanford,REP,"Ida Township, Precinct 2",240
Monroe County Treasurer (REP),Write-in,REP,"Ida Township, Precinct 2",1
Monroe County Treasurer (REP),Jesse Stanford,REP,"La Salle Township, Precinct 1",214
Monroe County Treasurer (REP),Write-in,REP,"La Salle Township, Precinct 1",1
Monroe County Treasurer (REP),Jesse Stanford,REP,"La Salle Township, Precinct 2",268
Monroe County Treasurer (REP),Write-in,REP,"La Salle Township, Precinct 2",0
Monroe County Treasurer (REP),Jesse Stanford,REP,"London Township, Precinct 1",227
Monroe County Treasurer (REP),Write-in,REP,"London Township, Precinct 1",3
Monroe County Treasurer (REP),Jesse Stanford,REP,"Milan Township, Precinct 1",201
Monroe County Treasurer (REP),Write-in,REP,"Milan Township, Precinct 1",0
Monroe County Treasurer (REP),Jesse Stanford,REP,"Monroe Charter Township, Precinct 1",140
Monroe County Treasurer (REP),Write-in,REP,"Monroe Charter Township, Precinct 1",2
Monroe County Treasurer (REP),Jesse Stanford,REP,"Monroe Charter Township, Precinct 2",60
Monroe County Treasurer (REP),Write-in,REP,"Monroe Charter Township, Precinct 2",0
Monroe County Treasurer (REP),Jesse Stanford,REP,"Monroe Charter Township, Precinct 3",139
Monroe County Treasurer (REP),Write-in,REP,"Monroe Charter Township, Precinct 3",1
Monroe County Treasurer (REP),Jesse Stanford,REP,"Monroe Charter Township, Precinct 4",171
Monroe County Treasurer (REP),Write-in,REP,"Monroe Charter Township, Precinct 4",0
Monroe County Treasurer (REP),Jesse Stanford,REP,"Monroe Charter Township, Precinct 5",295
Monroe County Treasurer (REP),Write-in,REP,"Monroe Charter Township, Precinct 5",1
Monroe County Treasurer (REP),Jesse Stanford,REP,"Monroe Charter Township, Precinct 6",226
Monroe County Treasurer (REP),Write-in,REP,"Monroe Charter Township, Precinct 6",0
Monroe County Treasurer (REP),Jesse Stanford,REP,"Raisinville Township, Precinct 1",302
Monroe County Treasurer (REP),Write-in,REP,"Raisinville Township, Precinct 1",3
Monroe County Treasurer (REP),Jesse Stanford,REP,"Raisinville Township, Precinct 2",246
Monroe County Treasurer (REP),Write-in,REP,"Raisinville Township, Precinct 2",1
Monroe County Treasurer (REP),Jesse Stanford,REP,"Summerfield Township, Precinct 1",379
Monroe County Treasurer (REP),Write-in,REP,"Summerfield Township, Precinct 1",2
Monroe County Treasurer (REP),Jesse Stanford,REP,"Whiteford Township, Precinct 1",357
Monroe County Treasurer (REP),Write-in,REP,"Whiteford Township, Precinct 1",0
Monroe County Treasurer (REP),Jesse Stanford,REP,"Whiteford Township, Precinct 2",420
Monroe County Treasurer (REP),Write-in,REP,"Whiteford Township, Precinct 2",5
Monroe County Treasurer (REP),Jesse Stanford,REP,"City of Luna Pier, Precinct 1",87
Monroe County Treasurer (REP),Write-in,REP,"City of Luna Pier, Precinct 1",0
Monroe County Treasurer (REP),Jesse Stanford,REP,"City of Milan, Precinct 1",92
Monroe County Treasurer (REP),Write-in,REP,"City of Milan, Precinct 1",0
Monroe County Treasurer (REP),Jesse Stanford,REP,"City of Monroe, Precinct 1",161
Monroe County Treasurer (REP),Write-in,REP,"City of Monroe, Precinct 1",0
Monroe County Treasurer (REP),Jesse Stanford,REP,"City of Monroe, Precinct 2",118
Monroe County Treasurer (REP),Write-in,REP,"City of Monroe, Precinct 2",0
Monroe County Treasurer (REP),Jesse Stanford,REP,"City of Monroe, Precinct 3N",58
Monroe County Treasurer (REP),Write-in,REP,"City of Monroe, Precinct 3N",0
Monroe County Treasurer (REP),Jesse Stanford,REP,"City of Monroe, Precinct 3S",33
Monroe County Treasurer (REP),Write-in,REP,"City of Monroe, Precinct 3S",0
Monroe County Treasurer (REP),Jesse Stanford,REP,"City of Monroe, Precinct 4",209
Monroe County Treasurer (REP),Write-in,REP,"City of Monroe, Precinct 4",1
Monroe County Treasurer (REP),Jesse Stanford,REP,"City of Monroe, Precinct 5",213
Monroe County Treasurer (REP),Write-in,REP,"City of Monroe, Precinct 5",3
Monroe County Treasurer (REP),Jesse Stanford,REP,"City of Monroe, Precinct 6",213
Monroe County Treasurer (REP),Write-in,REP,"City of Monroe, Precinct 6",1
Monroe County Treasurer (REP),Jesse Stanford,REP,"City of Petersburg, Precinct 1",73
Monroe County Treasurer (REP),Write-in,REP,"City of Petersburg, Precinct 1",0
Monroe County Drain Commissioner (REP),John Gonta,REP,"Ash Township, Precinct 1",40
Monroe County Drain Commissioner (REP),Jamie O'Brien,REP,"Ash Township, Precinct 1",59
Monroe County Drain Commissioner (REP),David P. Thompson,REP,"Ash Township, Precinct 1",128
Monroe County Drain Commissioner (REP),Write-in,REP,"Ash Township, Precinct 1",2
Monroe County Drain Commissioner (REP),John Gonta,REP,"Ash Township, Precinct 2",45
Monroe County Drain Commissioner (REP),Jamie O'Brien,REP,"Ash Township, Precinct 2",111
Monroe County Drain Commissioner (REP),David P. Thompson,REP,"Ash Township, Precinct 2",171
Monroe County Drain Commissioner (REP),Write-in,REP,"Ash Township, Precinct 2",1
Monroe County Drain Commissioner (REP),John Gonta,REP,"Ash Township, Precinct 3",43
Monroe County Drain Commissioner (REP),Jamie O'Brien,REP,"Ash Township, Precinct 3",49
Monroe County Drain Commissioner (REP),David P. Thompson,REP,"Ash Township, Precinct 3",168
Monroe County Drain Commissioner (REP),Write-in,REP,"Ash Township, Precinct 3",3
Monroe County Drain Commissioner (REP),John Gonta,REP,"Bedford Township, Precinct 1",19
Monroe County Drain Commissioner (REP),Jamie O'Brien,REP,"Bedford Township, Precinct 1",17
Monroe County Drain Commissioner (REP),David P. Thompson,REP,"Bedford Township, Precinct 1",59
Monroe County Drain Commissioner (REP),Write-in,REP,"Bedford Township, Precinct 1",0
Monroe County Drain Commissioner (REP),John Gonta,REP,"Bedford Township, Precinct 2",22
Monroe County Drain Commissioner (REP),Jamie O'Brien,REP,"Bedford Township, Precinct 2",38
Monroe County Drain Commissioner (REP),David P. Thompson,REP,"Bedford Township, Precinct 2",130
Monroe County Drain Commissioner (REP),Write-in,REP,"Bedford Township, Precinct 2",0
Monroe County Drain Commissioner (REP),John Gonta,REP,"Bedford Township, Precinct 3",33
Monroe County Drain Commissioner (REP),Jamie O'Brien,REP,"Bedford Township, Precinct 3",28
Monroe County Drain Commissioner (REP),David P. Thompson,REP,"Bedford Township, Precinct 3",103
Monroe County Drain Commissioner (REP),Write-in,REP,"Bedford Township, Precinct 3",2
Monroe County Drain Commissioner (REP),John Gonta,REP,"Bedford Township, Precinct 4",38
Monroe County Drain Commissioner (REP),Jamie O'Brien,REP,"Bedford Township, Precinct 4",43
Monroe County Drain Commissioner (REP),David P. Thompson,REP,"Bedford Township, Precinct 4",157
Monroe County Drain Commissioner (REP),Write-in,REP,"Bedford Township, Precinct 4",1
Monroe County Drain Commissioner (REP),John Gonta,REP,"Bedford Township, Precinct 5",18
Monroe County Drain Commissioner (REP),Jamie O'Brien,REP,"Bedford Township, Precinct 5",44
Monroe County Drain Commissioner (REP),David P. Thompson,REP,"Bedford Township, Precinct 5",126
Monroe County Drain Commissioner (REP),Write-in,REP,"Bedford Township, Precinct 5",0
Monroe County Drain Commissioner (REP),John Gonta,REP,"Bedford Township, Precinct 6",35
Monroe County Drain Commissioner (REP),Jamie O'Brien,REP,"Bedford Township, Precinct 6",51
Monroe County Drain Commissioner (REP),David P. Thompson,REP,"Bedford Township, Precinct 6",205
Monroe County Drain Commissioner (REP),Write-in,REP,"Bedford Township, Precinct 6",2
Monroe County Drain Commissioner (REP),John Gonta,REP,"Bedford Township, Precinct 7",24
Monroe County Drain Commissioner (REP),Jamie O'Brien,REP,"Bedford Township, Precinct 7",36
Monroe County Drain Commissioner (REP),David P. Thompson,REP,"Bedford Township, Precinct 7",144
Monroe County Drain Commissioner (REP),Write-in,REP,"Bedford Township, Precinct 7",0
Monroe County Drain Commissioner (REP),John Gonta,REP,"Bedford Township, Precinct 8",37
Monroe County Drain Commissioner (REP),Jamie O'Brien,REP,"Bedford Township, Precinct 8",40
Monroe County Drain Commissioner (REP),David P. Thompson,REP,"Bedford Township, Precinct 8",153
Monroe County Drain Commissioner (REP),Write-in,REP,"Bedford Township, Precinct 8",3
Monroe County Drain Commissioner (REP),John Gonta,REP,"Bedford Township, Precinct 9",16
Monroe County Drain Commissioner (REP),Jamie O'Brien,REP,"Bedford Township, Precinct 9",26
Monroe County Drain Commissioner (REP),David P. Thompson,REP,"Bedford Township, Precinct 9",127
Monroe County Drain Commissioner (REP),Write-in,REP,"Bedford Township, Precinct 9",0
Monroe County Drain Commissioner (REP),John Gonta,REP,"Bedford Township, Precinct 10",24
Monroe County Drain Commissioner (REP),Jamie O'Brien,REP,"Bedford Township, Precinct 10",28
Monroe County Drain Commissioner (REP),David P. Thompson,REP,"Bedford Township, Precinct 10",99
Monroe County Drain Commissioner (REP),Write-in,REP,"Bedford Township, Precinct 10",0
Monroe County Drain Commissioner (REP),John Gonta,REP,"Bedford Township, Precinct 11",27
Monroe County Drain Commissioner (REP),Jamie O'Brien,REP,"Bedford Township, Precinct 11",63
Monroe County Drain Commissioner (REP),David P. Thompson,REP,"Bedford Township, Precinct 11",144
Monroe County Drain Commissioner (REP),Write-in,REP,"Bedford Township, Precinct 11",0
Monroe County Drain Commissioner (REP),John Gonta,REP,"Bedford Township, Precinct 12",17
Monroe County Drain Commissioner (REP),Jamie O'Brien,REP,"Bedford Township, Precinct 12",30
Monroe County Drain Commissioner (REP),David P. Thompson,REP,"Bedford Township, Precinct 12",130
Monroe County Drain Commissioner (REP),Write-in,REP,"Bedford Township, Precinct 12",1
Monroe County Drain Commissioner (REP),John Gonta,REP,"Bedford Township, Precinct 13",34
Monroe County Drain Commissioner (REP),Jamie O'Brien,REP,"Bedford Township, Precinct 13",38
Monroe County Drain Commissioner (REP),David P. Thompson,REP,"Bedford Township, Precinct 13",109
Monroe County Drain Commissioner (REP),Write-in,REP,"Bedford Township, Precinct 13",0
Monroe County Drain Commissioner (REP),John Gonta,REP,"Bedford Township, Precinct 14",17
Monroe County Drain Commissioner (REP),Jamie O'Brien,REP,"Bedford Township, Precinct 14",35
Monroe County Drain Commissioner (REP),David P. Thompson,REP,"Bedford Township, Precinct 14",62
Monroe County Drain Commissioner (REP),Write-in,REP,"Bedford Township, Precinct 14",0
Monroe County Drain Commissioner (REP),John Gonta,REP,"Berlin Township, Precinct 1",17
Monroe County Drain Commissioner (REP),Jamie O'Brien,REP,"Berlin Township, Precinct 1",32
Monroe County Drain Commissioner (REP),David P. Thompson,REP,"Berlin Township, Precinct 1",81
Monroe County Drain Commissioner (REP),Write-in,REP,"Berlin Township, Precinct 1",0
Monroe County Drain Commissioner (REP),John Gonta,REP,"Berlin Township, Precinct 2",39
Monroe County Drain Commissioner (REP),Jamie O'Brien,REP,"Berlin Township, Precinct 2",64
Monroe County Drain Commissioner (REP),David P. Thompson,REP,"Berlin Township, Precinct 2",119
Monroe County Drain Commissioner (REP),Write-in,REP,"Berlin Township, Precinct 2",1
Monroe County Drain Commissioner (REP),John Gonta,REP,"Berlin Township, Precinct 3",19
Monroe County Drain Commissioner (REP),Jamie O'Brien,REP,"Berlin Township, Precinct 3",51
Monroe County Drain Commissioner (REP),David P. Thompson,REP,"Berlin Township, Precinct 3",77
Monroe County Drain Commissioner (REP),Write-in,REP,"Berlin Township, Precinct 3",1
Monroe County Drain Commissioner (REP),John Gonta,REP,"Berlin Township, Precinct 4",41
Monroe County Drain Commissioner (REP),Jamie O'Brien,REP,"Berlin Township, Precinct 4",33
Monroe County Drain Commissioner (REP),David P. Thompson,REP,"Berlin Township, Precinct 4",134
Monroe County Drain Commissioner (REP),Write-in,REP,"Berlin Township, Precinct 4",1
Monroe County Drain Commissioner (REP),John Gonta,REP,"Dundee Township, Precinct 1",19
Monroe County Drain Commissioner (REP),Jamie O'Brien,REP,"Dundee Township, Precinct 1",31
Monroe County Drain Commissioner (REP),David P. Thompson,REP,"Dundee Township, Precinct 1",83
Monroe County Drain Commissioner (REP),Write-in,REP,"Dundee Township, Precinct 1",0
Monroe County Drain Commissioner (REP),John Gonta,REP,"Dundee Township, Precinct 2",17
Monroe County Drain Commissioner (REP),Jamie O'Brien,REP,"Dundee Township, Precinct 2",27
Monroe County Drain Commissioner (REP),David P. Thompson,REP,"Dundee Township, Precinct 2",105
Monroe County Drain Commissioner (REP),Write-in,REP,"Dundee Township, Precinct 2",0
Monroe County Drain Commissioner (REP),John Gonta,REP,"Dundee Township, Precinct 3",30
Monroe County Drain Commissioner (REP),Jamie O'Brien,REP,"Dundee Township, Precinct 3",33
Monroe County Drain Commissioner (REP),David P. Thompson,REP,"Dundee Township, Precinct 3",139
Monroe County Drain Commissioner (REP),Write-in,REP,"Dundee Township, Precinct 3",0
Monroe County Drain Commissioner (REP),John Gonta,REP,"Erie Township, Precinct 1",54
Monroe County Drain Commissioner (REP),Jamie O'Brien,REP,"Erie Township, Precinct 1",82
Monroe County Drain Commissioner (REP),David P. Thompson,REP,"Erie Township, Precinct 1",251
Monroe County Drain Commissioner (REP),Write-in,REP,"Erie Township, Precinct 1",2
Monroe County Drain Commissioner (REP),John Gonta,REP,"Exeter Township, Precinct 1",26
Monroe County Drain Commissioner (REP),Jamie O'Brien,REP,"Exeter Township, Precinct 1",36
Monroe County Drain Commissioner (REP),David P. Thompson,REP,"Exeter Township, Precinct 1",117
Monroe County Drain Commissioner (REP),Write-in,REP,"Exeter Township, Precinct 1",2
Monroe County Drain Commissioner (REP),John Gonta,REP,"Exeter Township, Precinct 2",36
Monroe County Drain Commissioner (REP),Jamie O'Brien,REP,"Exeter Township, Precinct 2",34
Monroe County Drain Commissioner (REP),David P. Thompson,REP,"Exeter Township, Precinct 2",125
Monroe County Drain Commissioner (REP),Write-in,REP,"Exeter Township, Precinct 2",2
Monroe County Drain Commissioner (REP),John Gonta,REP,"Frenchtown Township, Precinct 1",29
Monroe County Drain Commissioner (REP),Jamie O'Brien,REP,"Frenchtown Township, Precinct 1",21
Monroe County Drain Commissioner (REP),David P. Thompson,REP,"Frenchtown Township, Precinct 1",84
Monroe County Drain Commissioner (REP),Write-in,REP,"Frenchtown Township, Precinct 1",1
Monroe County Drain Commissioner (REP),John Gonta,REP,"Frenchtown Township, Precinct 2",52
Monroe County Drain Commissioner (REP),Jamie O'Brien,REP,"Frenchtown Township, Precinct 2",34
Monroe County Drain Commissioner (REP),David P. Thompson,REP,"Frenchtown Township, Precinct 2",89
Monroe County Drain Commissioner (REP),Write-in,REP,"Frenchtown Township, Precinct 2",0
Monroe County Drain Commissioner (REP),John Gonta,REP,"Frenchtown Township, Precinct 3",46
Monroe County Drain Commissioner (REP),Jamie O'Brien,REP,"Frenchtown Township, Precinct 3",32
Monroe County Drain Commissioner (REP),David P. Thompson,REP,"Frenchtown Township, Precinct 3",152
Monroe County Drain Commissioner (REP),Write-in,REP,"Frenchtown Township, Precinct 3",1
Monroe County Drain Commissioner (REP),John Gonta,REP,"Frenchtown Township, Precinct 4",54
Monroe County Drain Commissioner (REP),Jamie O'Brien,REP,"Frenchtown Township, Precinct 4",21
Monroe County Drain Commissioner (REP),David P. Thompson,REP,"Frenchtown Township, Precinct 4",173
Monroe County Drain Commissioner (REP),Write-in,REP,"Frenchtown Township, Precinct 4",1
Monroe County Drain Commissioner (REP),John Gonta,REP,"Frenchtown Township, Precinct 5",23
Monroe County Drain Commissioner (REP),Jamie O'Brien,REP,"Frenchtown Township, Precinct 5",32
Monroe County Drain Commissioner (REP),David P. Thompson,REP,"Frenchtown Township, Precinct 5",72
Monroe County Drain Commissioner (REP),Write-in,REP,"Frenchtown Township, Precinct 5",3
Monroe County Drain Commissioner (REP),John Gonta,REP,"Frenchtown Township, Precinct 6",76
Monroe County Drain Commissioner (REP),Jamie O'Brien,REP,"Frenchtown Township, Precinct 6",47
Monroe County Drain Commissioner (REP),David P. Thompson,REP,"Frenchtown Township, Precinct 6",124
Monroe County Drain Commissioner (REP),Write-in,REP,"Frenchtown Township, Precinct 6",1
Monroe County Drain Commissioner (REP),John Gonta,REP,"Frenchtown Township, Precinct 7",79
Monroe County Drain Commissioner (REP),Jamie O'Brien,REP,"Frenchtown Township, Precinct 7",58
Monroe County Drain Commissioner (REP),David P. Thompson,REP,"Frenchtown Township, Precinct 7",190
Monroe County Drain Commissioner (REP),Write-in,REP,"Frenchtown Township, Precinct 7",2
Monroe County Drain Commissioner (REP),John Gonta,REP,"Frenchtown Township, Precinct 8",52
Monroe County Drain Commissioner (REP),Jamie O'Brien,REP,"Frenchtown Township, Precinct 8",55
Monroe County Drain Commissioner (REP),David P. Thompson,REP,"Frenchtown Township, Precinct 8",102
Monroe County Drain Commissioner (REP),Write-in,REP,"Frenchtown Township, Precinct 8",1
Monroe County Drain Commissioner (REP),John Gonta,REP,"Frenchtown Township, Precinct 9",19
Monroe County Drain Commissioner (REP),Jamie O'Brien,REP,"Frenchtown Township, Precinct 9",25
Monroe County Drain Commissioner (REP),David P. Thompson,REP,"Frenchtown Township, Precinct 9",128
Monroe County Drain Commissioner (REP),Write-in,REP,"Frenchtown Township, Precinct 9",0
Monroe County Drain Commissioner (REP),John Gonta,REP,"Ida Township, Precinct 1",37
Monroe County Drain Commissioner (REP),Jamie O'Brien,REP,"Ida Township, Precinct 1",43
Monroe County Drain Commissioner (REP),David P. Thompson,REP,"Ida Township, Precinct 1",250
Monroe County Drain Commissioner (REP),Write-in,REP,"Ida Township, Precinct 1",1
Monroe County Drain Commissioner (REP),John Gonta,REP,"Ida Township, Precinct 2",21
Monroe County Drain Commissioner (REP),Jamie O'Brien,REP,"Ida Township, Precinct 2",43
Monroe County Drain Commissioner (REP),David P. Thompson,REP,"Ida Township, Precinct 2",233
Monroe County Drain Commissioner (REP),Write-in,REP,"Ida Township, Precinct 2",1
Monroe County Drain Commissioner (REP),John Gonta,REP,"La Salle Township, Precinct 1",36
Monroe County Drain Commissioner (REP),Jamie O'Brien,REP,"La Salle Township, Precinct 1",40
Monroe County Drain Commissioner (REP),David P. Thompson,REP,"La Salle Township, Precinct 1",178
Monroe County Drain Commissioner (REP),Write-in,REP,"La Salle Township, Precinct 1",3
Monroe County Drain Commissioner (REP),John Gonta,REP,"La Salle Township, Precinct 2",75
Monroe County Drain Commissioner (REP),Jamie O'Brien,REP,"La Salle Township, Precinct 2",35
Monroe County Drain Commissioner (REP),David P. Thompson,REP,"La Salle Township, Precinct 2",201
Monroe County Drain Commissioner (REP),Write-in,REP,"La Salle Township, Precinct 2",2
Monroe County Drain Commissioner (REP),John Gonta,REP,"London Township, Precinct 1",24
Monroe County Drain Commissioner (REP),Jamie O'Brien,REP,"London Township, Precinct 1",67
Monroe County Drain Commissioner (REP),David P. Thompson,REP,"London Township, Precinct 1",149
Monroe County Drain Commissioner (REP),Write-in,REP,"London Township, Precinct 1",2
Monroe County Drain Commissioner (REP),John Gonta,REP,"Milan Township, Precinct 1",35
Monroe County Drain Commissioner (REP),Jamie O'Brien,REP,"Milan Township, Precinct 1",45
Monroe County Drain Commissioner (REP),David P. Thompson,REP,"Milan Township, Precinct 1",128
Monroe County Drain Commissioner (REP),Write-in,REP,"Milan Township, Precinct 1",0
Monroe County Drain Commissioner (REP),John Gonta,REP,"Monroe Charter Township, Precinct 1",40
Monroe County Drain Commissioner (REP),Jamie O'Brien,REP,"Monroe Charter Township, Precinct 1",23
Monroe County Drain Commissioner (REP),David P. Thompson,REP,"Monroe Charter Township, Precinct 1",93
Monroe County Drain Commissioner (REP),Write-in,REP,"Monroe Charter Township, Precinct 1",0
Monroe County Drain Commissioner (REP),John Gonta,REP,"Monroe Charter Township, Precinct 2",15
Monroe County Drain Commissioner (REP),Jamie O'Brien,REP,"Monroe Charter Township, Precinct 2",14
Monroe County Drain Commissioner (REP),David P. Thompson,REP,"Monroe Charter Township, Precinct 2",46
Monroe County Drain Commissioner (REP),Write-in,REP,"Monroe Charter Township, Precinct 2",0
Monroe County Drain Commissioner (REP),John Gonta,REP,"Monroe Charter Township, Precinct 3",47
Monroe County Drain Commissioner (REP),Jamie O'Brien,REP,"Monroe Charter Township, Precinct 3",18
Monroe County Drain Commissioner (REP),David P. Thompson,REP,"Monroe Charter Township, Precinct 3",104
Monroe County Drain Commissioner (REP),Write-in,REP,"Monroe Charter Township, Precinct 3",1
Monroe County Drain Commissioner (REP),John Gonta,REP,"Monroe Charter Township, Precinct 4",47
Monroe County Drain Commissioner (REP),Jamie O'Brien,REP,"Monroe Charter Township, Precinct 4",27
Monroe County Drain Commissioner (REP),David P. Thompson,REP,"Monroe Charter Township, Precinct 4",101
Monroe County Drain Commissioner (REP),Write-in,REP,"Monroe Charter Township, Precinct 4",0
Monroe County Drain Commissioner (REP),John Gonta,REP,"Monroe Charter Township, Precinct 5",56
Monroe County Drain Commissioner (REP),Jamie O'Brien,REP,"Monroe Charter Township, Precinct 5",65
Monroe County Drain Commissioner (REP),David P. Thompson,REP,"Monroe Charter Township, Precinct 5",205
Monroe County Drain Commissioner (REP),Write-in,REP,"Monroe Charter Township, Precinct 5",2
Monroe County Drain Commissioner (REP),John Gonta,REP,"Monroe Charter Township, Precinct 6",34
Monroe County Drain Commissioner (REP),Jamie O'Brien,REP,"Monroe Charter Township, Precinct 6",20
Monroe County Drain Commissioner (REP),David P. Thompson,REP,"Monroe Charter Township, Precinct 6",190
Monroe County Drain Commissioner (REP),Write-in,REP,"Monroe Charter Township, Precinct 6",1
Monroe County Drain Commissioner (REP),John Gonta,REP,"Raisinville Township, Precinct 1",46
Monroe County Drain Commissioner (REP),Jamie O'Brien,REP,"Raisinville Township, Precinct 1",40
Monroe County Drain Commissioner (REP),David P. Thompson,REP,"Raisinville Township, Precinct 1",249
Monroe County Drain Commissioner (REP),Write-in,REP,"Raisinville Township, Precinct 1",2
Monroe County Drain Commissioner (REP),John Gonta,REP,"Raisinville Township, Precinct 2",40
Monroe County Drain Commissioner (REP),Jamie O'Brien,REP,"Raisinville Township, Precinct 2",39
Monroe County Drain Commissioner (REP),David P. Thompson,REP,"Raisinville Township, Precinct 2",204
Monroe County Drain Commissioner (REP),Write-in,REP,"Raisinville Township, Precinct 2",0
Monroe County Drain Commissioner (REP),John Gonta,REP,"Summerfield Township, Precinct 1",51
Monroe County Drain Commissioner (REP),Jamie O'Brien,REP,"Summerfield Township, Precinct 1",58
Monroe County Drain Commissioner (REP),David P. Thompson,REP,"Summerfield Township, Precinct 1",316
Monroe County Drain Commissioner (REP),Write-in,REP,"Summerfield Township, Precinct 1",1
Monroe County Drain Commissioner (REP),John Gonta,REP,"Whiteford Township, Precinct 1",65
Monroe County Drain Commissioner (REP),Jamie O'Brien,REP,"Whiteford Township, Precinct 1",76
Monroe County Drain Commissioner (REP),David P. Thompson,REP,"Whiteford Township, Precinct 1",221
Monroe County Drain Commissioner (REP),Write-in,REP,"Whiteford Township, Precinct 1",4
Monroe County Drain Commissioner (REP),John Gonta,REP,"Whiteford Township, Precinct 2",51
Monroe County Drain Commissioner (REP),Jamie O'Brien,REP,"Whiteford Township, Precinct 2",87
Monroe County Drain Commissioner (REP),David P. Thompson,REP,"Whiteford Township, Precinct 2",283
Monroe County Drain Commissioner (REP),Write-in,REP,"Whiteford Township, Precinct 2",9
Monroe County Drain Commissioner (REP),John Gonta,REP,"City of Luna Pier, Precinct 1",27
Monroe County Drain Commissioner (REP),Jamie O'Brien,REP,"City of Luna Pier, Precinct 1",22
Monroe County Drain Commissioner (REP),David P. Thompson,REP,"City of Luna Pier, Precinct 1",43
Monroe County Drain Commissioner (REP),Write-in,REP,"City of Luna Pier, Precinct 1",1
Monroe County Drain Commissioner (REP),John Gonta,REP,"City of Milan, Precinct 1",19
Monroe County Drain Commissioner (REP),Jamie O'Brien,REP,"City of Milan, Precinct 1",28
Monroe County Drain Commissioner (REP),David P. Thompson,REP,"City of Milan, Precinct 1",47
Monroe County Drain Commissioner (REP),Write-in,REP,"City of Milan, Precinct 1",0
Monroe County Drain Commissioner (REP),John Gonta,REP,"City of Monroe, Precinct 1",39
Monroe County Drain Commissioner (REP),Jamie O'Brien,REP,"City of Monroe, Precinct 1",40
Monroe County Drain Commissioner (REP),David P. Thompson,REP,"City of Monroe, Precinct 1",102
Monroe County Drain Commissioner (REP),Write-in,REP,"City of Monroe, Precinct 1",1
Monroe County Drain Commissioner (REP),John Gonta,REP,"City of Monroe, Precinct 2",51
Monroe County Drain Commissioner (REP),Jamie O'Brien,REP,"City of Monroe, Precinct 2",21
Monroe County Drain Commissioner (REP),David P. Thompson,REP,"City of Monroe, Precinct 2",50
Monroe County Drain Commissioner (REP),Write-in,REP,"City of Monroe, Precinct 2",0
Monroe County Drain Commissioner (REP),John Gonta,REP,"City of Monroe, Precinct 3N",24
Monroe County Drain Commissioner (REP),Jamie O'Brien,REP,"City of Monroe, Precinct 3N",10
Monroe County Drain Commissioner (REP),David P. Thompson,REP,"City of Monroe, Precinct 3N",24
Monroe County Drain Commissioner (REP),Write-in,REP,"City of Monroe, Precinct 3N",2
Monroe County Drain Commissioner (REP),John Gonta,REP,"City of Monroe, Precinct 3S",12
Monroe County Drain Commissioner (REP),Jamie O'Brien,REP,"City of Monroe, Precinct 3S",5
Monroe County Drain Commissioner (REP),David P. Thompson,REP,"City of Monroe, Precinct 3S",25
Monroe County Drain Commissioner (REP),Write-in,REP,"City of Monroe, Precinct 3S",0
Monroe County Drain Commissioner (REP),John Gonta,REP,"City of Monroe, Precinct 4",54
Monroe County Drain Commissioner (REP),Jamie O'Brien,REP,"City of Monroe, Precinct 4",30
Monroe County Drain Commissioner (REP),David P. Thompson,REP,"City of Monroe, Precinct 4",155
Monroe County Drain Commissioner (REP),Write-in,REP,"City of Monroe, Precinct 4",0
Monroe County Drain Commissioner (REP),John Gonta,REP,"City of Monroe, Precinct 5",72
Monroe County Drain Commissioner (REP),Jamie O'Brien,REP,"City of Monroe, Precinct 5",38
Monroe County Drain Commissioner (REP),David P. Thompson,REP,"City of Monroe, Precinct 5",147
Monroe County Drain Commissioner (REP),Write-in,REP,"City of Monroe, Precinct 5",1
Monroe County Drain Commissioner (REP),John Gonta,REP,"City of Monroe, Precinct 6",60
Monroe County Drain Commissioner (REP),Jamie O'Brien,REP,"City of Monroe, Precinct 6",48
Monroe County Drain Commissioner (REP),David P. Thompson,REP,"City of Monroe, Precinct 6",136
Monroe County Drain Commissioner (REP),Write-in,REP,"City of Monroe, Precinct 6",2
Monroe County Drain Commissioner (REP),John Gonta,REP,"City of Petersburg, Precinct 1",12
Monroe County Drain Commissioner (REP),Jamie O'Brien,REP,"City of Petersburg, Precinct 1",4
Monroe County Drain Commissioner (REP),David P. Thompson,REP,"City of Petersburg, Precinct 1",66
Monroe County Drain Commissioner (REP),Write-in,REP,"City of Petersburg, Precinct 1",0
Monroe County Surveyor (REP),Write-in,REP,"Ash Township, Precinct 1",19
Monroe County Surveyor (REP),Write-in,REP,"Ash Township, Precinct 2",18
Monroe County Surveyor (REP),Write-in,REP,"Ash Township, Precinct 3",19
Monroe County Surveyor (REP),Write-in,REP,"Bedford Township, Precinct 1",1
Monroe County Surveyor (REP),Write-in,REP,"Bedford Township, Precinct 2",10
Monroe County Surveyor (REP),Write-in,REP,"Bedford Township, Precinct 3",9
Monroe County Surveyor (REP),Write-in,REP,"Bedford Township, Precinct 4",9
Monroe County Surveyor (REP),Write-in,REP,"Bedford Township, Precinct 5",9
Monroe County Surveyor (REP),Write-in,REP,"Bedford Township, Precinct 6",17
Monroe County Surveyor (REP),Write-in,REP,"Bedford Township, Precinct 7",16
Monroe County Surveyor (REP),Write-in,REP,"Bedford Township, Precinct 8",5
Monroe County Surveyor (REP),Write-in,REP,"Bedford Township, Precinct 9",7
Monroe County Surveyor (REP),Write-in,REP,"Bedford Township, Precinct 10",10
Monroe County Surveyor (REP),Write-in,REP,"Bedford Township, Precinct 11",6
Monroe County Surveyor (REP),Write-in,REP,"Bedford Township, Precinct 12",10
Monroe County Surveyor (REP),Write-in,REP,"Bedford Township, Precinct 13",8
Monroe County Surveyor (REP),Write-in,REP,"Bedford Township, Precinct 14",3
Monroe County Surveyor (REP),Write-in,REP,"Berlin Township, Precinct 1",8
Monroe County Surveyor (REP),Write-in,REP,"Berlin Township, Precinct 2",11
Monroe County Surveyor (REP),Write-in,REP,"Berlin Township, Precinct 3",4
Monroe County Surveyor (REP),Write-in,REP,"Berlin Township, Precinct 4",11
Monroe County Surveyor (REP),Write-in,REP,"Dundee Township, Precinct 1",6
Monroe County Surveyor (REP),Write-in,REP,"Dundee Township, Precinct 2",8
Monroe County Surveyor (REP),Write-in,REP,"Dundee Township, Precinct 3",11
Monroe County Surveyor (REP),Write-in,REP,"Erie Township, Precinct 1",15
Monroe County Surveyor (REP),Write-in,REP,"Exeter Township, Precinct 1",5
Monroe County Surveyor (REP),Write-in,REP,"Exeter Township, Precinct 2",8
Monroe County Surveyor (REP),Write-in,REP,"Frenchtown Township, Precinct 1",11
Monroe County Surveyor (REP),Write-in,REP,"Frenchtown Township, Precinct 2",12
Monroe County Surveyor (REP),Write-in,REP,"Frenchtown Township, Precinct 3",8
Monroe County Surveyor (REP),Write-in,REP,"Frenchtown Township, Precinct 4",11
Monroe County Surveyor (REP),Write-in,REP,"Frenchtown Township, Precinct 5",16
Monroe County Surveyor (REP),Write-in,REP,"Frenchtown Township, Precinct 6",12
Monroe County Surveyor (REP),Write-in,REP,"Frenchtown Township, Precinct 7",11
Monroe County Surveyor (REP),Write-in,REP,"Frenchtown Township, Precinct 8",9
Monroe County Surveyor (REP),Write-in,REP,"Frenchtown Township, Precinct 9",5
Monroe County Surveyor (REP),Write-in,REP,"Ida Township, Precinct 1",12
Monroe County Surveyor (REP),Write-in,REP,"Ida Township, Precinct 2",12
Monroe County Surveyor (REP),Write-in,REP,"La Salle Township, Precinct 1",13
Monroe County Surveyor (REP),Write-in,REP,"La Salle Township, Precinct 2",11
Monroe County Surveyor (REP),Write-in,REP,"London Township, Precinct 1",19
Monroe County Surveyor (REP),Write-in,REP,"Milan Township, Precinct 1",8
Monroe County Surveyor (REP),Write-in,REP,"Monroe Charter Township, Precinct 1",3
Monroe County Surveyor (REP),Write-in,REP,"Monroe Charter Township, Precinct 2",6
Monroe County Surveyor (REP),Write-in,REP,"Monroe Charter Township, Precinct 3",8
Monroe County Surveyor (REP),Write-in,REP,"Monroe Charter Township, Precinct 4",8
Monroe County Surveyor (REP),Write-in,REP,"Monroe Charter Township, Precinct 5",24
Monroe County Surveyor (REP),Write-in,REP,"Monroe Charter Township, Precinct 6",15
Monroe County Surveyor (REP),Write-in,REP,"Raisinville Township, Precinct 1",17
Monroe County Surveyor (REP),Write-in,REP,"Raisinville Township, Precinct 2",10
Monroe County Surveyor (REP),Write-in,REP,"Summerfield Township, Precinct 1",9
Monroe County Surveyor (REP),Write-in,REP,"Whiteford Township, Precinct 1",20
Monroe County Surveyor (REP),Write-in,REP,"Whiteford Township, Precinct 2",22
Monroe County Surveyor (REP),Write-in,REP,"City of Luna Pier, Precinct 1",6
Monroe County Surveyor (REP),Write-in,REP,"City of Milan, Precinct 1",2
Monroe County Surveyor (REP),Write-in,REP,"City of Monroe, Precinct 1",13
Monroe County Surveyor (REP),Write-in,REP,"City of Monroe, Precinct 2",8
Monroe County Surveyor (REP),Write-in,REP,"City of Monroe, Precinct 3N",7
Monroe County Surveyor (REP),Write-in,REP,"City of Monroe, Precinct 3S",3
Monroe County Surveyor (REP),Write-in,REP,"City of Monroe, Precinct 4",17
Monroe County Surveyor (REP),Write-in,REP,"City of Monroe, Precinct 5",18
Monroe County Surveyor (REP),Write-in,REP,"City of Monroe, Precinct 6",14
Monroe County Surveyor (REP),Write-in,REP,"City of Petersburg, Precinct 1",2
County Commissioner for County Commissioner District 1 (REP),David C. Hoffman,REP,"Dundee Township, Precinct 1",132
County Commissioner for County Commissioner District 1 (REP),Write-in,REP,"Dundee Township, Precinct 1",0
County Commissioner for County Commissioner District 1 (REP),David C. Hoffman,REP,"Dundee Township, Precinct 2",145
County Commissioner for County Commissioner District 1 (REP),Write-in,REP,"Dundee Township, Precinct 2",1
County Commissioner for County Commissioner District 1 (REP),David C. Hoffman,REP,"Dundee Township, Precinct 3",191
County Commissioner for County Commissioner District 1 (REP),Write-in,REP,"Dundee Township, Precinct 3",1
County Commissioner for County Commissioner District 1 (REP),David C. Hoffman,REP,"Ida Township, Precinct 1",271
County Commissioner for County Commissioner District 1 (REP),Write-in,REP,"Ida Township, Precinct 1",1
County Commissioner for County Commissioner District 1 (REP),David C. Hoffman,REP,"Ida Township, Precinct 2",267
County Commissioner for County Commissioner District 1 (REP),Write-in,REP,"Ida Township, Precinct 2",0
County Commissioner for County Commissioner District 1 (REP),David C. Hoffman,REP,"Summerfield Township, Precinct 1",370
County Commissioner for County Commissioner District 1 (REP),Write-in,REP,"Summerfield Township, Precinct 1",2
County Commissioner for County Commissioner District 1 (REP),David C. Hoffman,REP,"City of Petersburg, Precinct 1",62
County Commissioner for County Commissioner District 1 (REP),Write-in,REP,"City of Petersburg, Precinct 1",0
County Commissioner for County Commissioner District 2 (REP),Mark Brant,REP,"Exeter Township, Precinct 1",166
County Commissioner for County Commissioner District 2 (REP),Write-in,REP,"Exeter Township, Precinct 1",3
County Commissioner for County Commissioner District 2 (REP),Mark Brant,REP,"Exeter Township, Precinct 2",167
County Commissioner for County Commissioner District 2 (REP),Write-in,REP,"Exeter Township, Precinct 2",2
County Commissioner for County Commissioner District 2 (REP),Mark Brant,REP,"London Township, Precinct 1",236
County Commissioner for County Commissioner District 2 (REP),Write-in,REP,"London Township, Precinct 1",4
County Commissioner for County Commissioner District 2 (REP),Mark Brant,REP,"Milan Township, Precinct 1",206
County Commissioner for County Commissioner District 2 (REP),Write-in,REP,"Milan Township, Precinct 1",0
County Commissioner for County Commissioner District 2 (REP),Mark Brant,REP,"Raisinville Township, Precinct 1",296
County Commissioner for County Commissioner District 2 (REP),Write-in,REP,"Raisinville Township, Precinct 1",9
County Commissioner for County Commissioner District 2 (REP),Mark Brant,REP,"Raisinville Township, Precinct 2",232
County Commissioner for County Commissioner District 2 (REP),Write-in,REP,"Raisinville Township, Precinct 2",4
County Commissioner for County Commissioner District 2 (REP),Mark Brant,REP,"City of Milan, Precinct 1",90
County Commissioner for County Commissioner District 2 (REP),Write-in,REP,"City of Milan, Precinct 1",0
County Commissioner for County Commissioner District 3 (REP),Dawn Asper,REP,"Ash Township, Precinct 1",218
County Commissioner for County Commissioner District 3 (REP),Write-in,REP,"Ash Township, Precinct 1",0
County Commissioner for County Commissioner District 3 (REP),Dawn Asper,REP,"Ash Township, Precinct 2",309
County Commissioner for County Commissioner District 3 (REP),Write-in,REP,"Ash Township, Precinct 2",2
County Commissioner for County Commissioner District 3 (REP),Dawn Asper,REP,"Ash Township, Precinct 3",249
County Commissioner for County Commissioner District 3 (REP),Write-in,REP,"Ash Township, Precinct 3",1
County Commissioner for County Commissioner District 3 (REP),Dawn Asper,REP,"Berlin Township, Precinct 1",121
County Commissioner for County Commissioner District 3 (REP),Write-in,REP,"Berlin Township, Precinct 1",0
County Commissioner for County Commissioner District 3 (REP),Dawn Asper,REP,"Berlin Township, Precinct 2",224
County Commissioner for County Commissioner District 3 (REP),Write-in,REP,"Berlin Township, Precinct 2",2
County Commissioner for County Commissioner District 3 (REP),Dawn Asper,REP,"Berlin Township, Precinct 3",137
County Commissioner for County Commissioner District 3 (REP),Write-in,REP,"Berlin Township, Precinct 3",0
County Commissioner for County Commissioner District 3 (REP),Dawn Asper,REP,"Berlin Township, Precinct 4",200
County Commissioner for County Commissioner District 3 (REP),Write-in,REP,"Berlin Township, Precinct 4",0
County Commissioner for County Commissioner District 4 (REP),Jay Heinzerling,REP,"Frenchtown Township, Precinct 1",115
County Commissioner for County Commissioner District 4 (REP),Write-in,REP,"Frenchtown Township, Precinct 1",2
County Commissioner for County Commissioner District 4 (REP),Jay Heinzerling,REP,"Frenchtown Township, Precinct 2",171
County Commissioner for County Commissioner District 4 (REP),Write-in,REP,"Frenchtown Township, Precinct 2",2
County Commissioner for County Commissioner District 4 (REP),Jay Heinzerling,REP,"Frenchtown Township, Precinct 3",208
County Commissioner for County Commissioner District 4 (REP),Write-in,REP,"Frenchtown Township, Precinct 3",1
County Commissioner for County Commissioner District 4 (REP),Jay Heinzerling,REP,"Frenchtown Township, Precinct 5",119
County Commissioner for County Commissioner District 4 (REP),Write-in,REP,"Frenchtown Township, Precinct 5",4
County Commissioner for County Commissioner District 4 (REP),Jay Heinzerling,REP,"Frenchtown Township, Precinct 6",224
County Commissioner for County Commissioner District 4 (REP),Write-in,REP,"Frenchtown Township, Precinct 6",1
County Commissioner for County Commissioner District 4 (REP),Jay Heinzerling,REP,"Frenchtown Township, Precinct 7",314
County Commissioner for County Commissioner District 4 (REP),Write-in,REP,"Frenchtown Township, Precinct 7",2
County Commissioner for County Commissioner District 4 (REP),Jay Heinzerling,REP,"Frenchtown Township, Precinct 8",203
County Commissioner for County Commissioner District 4 (REP),Write-in,REP,"Frenchtown Township, Precinct 8",1
County Commissioner for County Commissioner District 5 (REP),Brandon Ansel,REP,"Frenchtown Township, Precinct 4",72
County Commissioner for County Commissioner District 5 (REP),Brian Lamour,REP,"Frenchtown Township, Precinct 4",186
County Commissioner for County Commissioner District 5 (REP),Write-in,REP,"Frenchtown Township, Precinct 4",1
County Commissioner for County Commissioner District 5 (REP),Brandon Ansel,REP,"Frenchtown Township, Precinct 7",2
County Commissioner for County Commissioner District 5 (REP),Brian Lamour,REP,"Frenchtown Township, Precinct 7",0
County Commissioner for County Commissioner District 5 (REP),Write-in,REP,"Frenchtown Township, Precinct 7",0
County Commissioner for County Commissioner District 5 (REP),Brandon Ansel,REP,"Frenchtown Township, Precinct 9",67
County Commissioner for County Commissioner District 5 (REP),Brian Lamour,REP,"Frenchtown Township, Precinct 9",105
County Commissioner for County Commissioner District 5 (REP),Write-in,REP,"Frenchtown Township, Precinct 9",0
County Commissioner for County Commissioner District 5 (REP),Brandon Ansel,REP,"City of Monroe, Precinct 3N",17
County Commissioner for County Commissioner District 5 (REP),Brian Lamour,REP,"City of Monroe, Precinct 3N",35
County Commissioner for County Commissioner District 5 (REP),Write-in,REP,"City of Monroe, Precinct 3N",2
County Commissioner for County Commissioner District 5 (REP),Brandon Ansel,REP,"City of Monroe, Precinct 4",55
County Commissioner for County Commissioner District 5 (REP),Brian Lamour,REP,"City of Monroe, Precinct 4",186
County Commissioner for County Commissioner District 5 (REP),Write-in,REP,"City of Monroe, Precinct 4",0
County Commissioner for County Commissioner District 5 (REP),Brandon Ansel,REP,"City of Monroe, Precinct 5",68
County Commissioner for County Commissioner District 5 (REP),Brian Lamour,REP,"City of Monroe, Precinct 5",192
County Commissioner for County Commissioner District 5 (REP),Write-in,REP,"City of Monroe, Precinct 5",1
County Commissioner for County Commissioner District 5 (REP),Brandon Ansel,REP,"City of Monroe, Precinct 6",64
County Commissioner for County Commissioner District 5 (REP),Brian Lamour,REP,"City of Monroe, Precinct 6",185
County Commissioner for County Commissioner District 5 (REP),Write-in,REP,"City of Monroe, Precinct 6",1
County Commissioner for County Commissioner District 6 (REP),David P. Vensel,REP,"Monroe Charter Township, Precinct 1",142
County Commissioner for County Commissioner District 6 (REP),Write-in,REP,"Monroe Charter Township, Precinct 1",0
County Commissioner for County Commissioner District 6 (REP),David P. Vensel,REP,"Monroe Charter Township, Precinct 2",61
County Commissioner for County Commissioner District 6 (REP),Write-in,REP,"Monroe Charter Township, Precinct 2",0
County Commissioner for County Commissioner District 6 (REP),David P. Vensel,REP,"Monroe Charter Township, Precinct 3",149
County Commissioner for County Commissioner District 6 (REP),Write-in,REP,"Monroe Charter Township, Precinct 3",0
County Commissioner for County Commissioner District 6 (REP),David P. Vensel,REP,"Monroe Charter Township, Precinct 6",231
County Commissioner for County Commissioner District 6 (REP),Write-in,REP,"Monroe Charter Township, Precinct 6",0
County Commissioner for County Commissioner District 6 (REP),David P. Vensel,REP,"City of Monroe, Precinct 1",155
County Commissioner for County Commissioner District 6 (REP),Write-in,REP,"City of Monroe, Precinct 1",0
County Commissioner for County Commissioner District 6 (REP),David P. Vensel,REP,"City of Monroe, Precinct 2",117
County Commissioner for County Commissioner District 6 (REP),Write-in,REP,"City of Monroe, Precinct 2",0
County Commissioner for County Commissioner District 6 (REP),David P. Vensel,REP,"City of Monroe, Precinct 3S",32
County Commissioner for County Commissioner District 6 (REP),Write-in,REP,"City of Monroe, Precinct 3S",0
County Commissioner for County Commissioner District 7 (REP),David G. Swartout,REP,"Erie Township, Precinct 1",335
County Commissioner for County Commissioner District 7 (REP),Write-in,REP,"Erie Township, Precinct 1",0
County Commissioner for County Commissioner District 7 (REP),David G. Swartout,REP,"La Salle Township, Precinct 1",221
County Commissioner for County Commissioner District 7 (REP),Write-in,REP,"La Salle Township, Precinct 1",0
County Commissioner for County Commissioner District 7 (REP),David G. Swartout,REP,"La Salle Township, Precinct 2",274
County Commissioner for County Commissioner District 7 (REP),Write-in,REP,"La Salle Township, Precinct 2",1
County Commissioner for County Commissioner District 7 (REP),David G. Swartout,REP,"Monroe Charter Township, Precinct 4",157
County Commissioner for County Commissioner District 7 (REP),Write-in,REP,"Monroe Charter Township, Precinct 4",1
County Commissioner for County Commissioner District 7 (REP),David G. Swartout,REP,"Monroe Charter Township, Precinct 5",293
County Commissioner for County Commissioner District 7 (REP),Write-in,REP,"Monroe Charter Township, Precinct 5",2
County Commissioner for County Commissioner District 7 (REP),David G. Swartout,REP,"City of Luna Pier, Precinct 1",79
County Commissioner for County Commissioner District 7 (REP),Write-in,REP,"City of Luna Pier, Precinct 1",0
County Commissioner for County Commissioner District 8 (REP),"Greg Moore, Jr.",REP,"Bedford Township, Precinct 3",154
County Commissioner for County Commissioner District 8 (REP),Write-in,REP,"Bedford Township, Precinct 3",4
County Commissioner for County Commissioner District 8 (REP),"Greg Moore, Jr.",REP,"Bedford Township, Precinct 5",178
County Commissioner for County Commissioner District 8 (REP),Write-in,REP,"Bedford Township, Precinct 5",1
County Commissioner for County Commissioner District 8 (REP),"Greg Moore, Jr.",REP,"Bedford Township, Precinct 6",239
County Commissioner for County Commissioner District 8 (REP),Write-in,REP,"Bedford Township, Precinct 6",3
County Commissioner for County Commissioner District 8 (REP),"Greg Moore, Jr.",REP,"Bedford Township, Precinct 7",186
County Commissioner for County Commissioner District 8 (REP),Write-in,REP,"Bedford Township, Precinct 7",2
County Commissioner for County Commissioner District 8 (REP),"Greg Moore, Jr.",REP,"Bedford Township, Precinct 9",154
County Commissioner for County Commissioner District 8 (REP),Write-in,REP,"Bedford Township, Precinct 9",1
County Commissioner for County Commissioner District 8 (REP),"Greg Moore, Jr.",REP,"Bedford Township, Precinct 10",126
County Commissioner for County Commissioner District 8 (REP),Write-in,REP,"Bedford Township, Precinct 10",1
County Commissioner for County Commissioner District 8 (REP),"Greg Moore, Jr.",REP,"Bedford Township, Precinct 13",163
County Commissioner for County Commissioner District 8 (REP),Write-in,REP,"Bedford Township, Precinct 13",1
County Commissioner for County Commissioner District 8 (REP),"Greg Moore, Jr.",REP,"Bedford Township, Precinct 14",102
County Commissioner for County Commissioner District 8 (REP),Write-in,REP,"Bedford Township, Precinct 14",3
County Commissioner for County Commissioner District 9 (REP),J. Henry Lievens,REP,"Bedford Township, Precinct 1",94
County Commissioner for County Commissioner District 9 (REP),Write-in,REP,"Bedford Township, Precinct 1",0
County Commissioner for County Commissioner District 9 (REP),J. Henry Lievens,REP,"Bedford Township, Precinct 2",181
County Commissioner for County Commissioner District 9 (REP),Write-in,REP,"Bedford Township, Precinct 2",1
County Commissioner for County Commissioner District 9 (REP),J. Henry Lievens,REP,"Bedford Township, Precinct 4",223
County Commissioner for County Commissioner District 9 (REP),Write-in,REP,"Bedford Township, Precinct 4",0
County Commissioner for County Commissioner District 9 (REP),J. Henry Lievens,REP,"Bedford Township, Precinct 8",221
County Commissioner for County Commissioner District 9 (REP),Write-in,REP,"Bedford Township, Precinct 8",1
County Commissioner for County Commissioner District 9 (REP),J. Henry Lievens,REP,"Bedford Township, Precinct 11",214
County Commissioner for County Commissioner District 9 (REP),Write-in,REP,"Bedford Township, Precinct 11",0
County Commissioner for County Commissioner District 9 (REP),J. Henry Lievens,REP,"Bedford Township, Precinct 12",175
County Commissioner for County Commissioner District 9 (REP),Write-in,REP,"Bedford Township, Precinct 12",0
County Commissioner for County Commissioner District 9 (REP),J. Henry Lievens,REP,"Whiteford Township, Precinct 1",390
County Commissioner for County Commissioner District 9 (REP),Write-in,REP,"Whiteford Township, Precinct 1",1
County Commissioner for County Commissioner District 9 (REP),J. Henry Lievens,REP,"Whiteford Township, Precinct 2",484
County Commissioner for County Commissioner District 9 (REP),Write-in,REP,"Whiteford Township, Precinct 2",7
Ash Township Supervisor (REP),Robin Lee Carmack,REP,"Ash Township, Precinct 1",210
Ash Township Supervisor (REP),Write-in,REP,"Ash Township, Precinct 1",2
Ash Township Supervisor (REP),Robin Lee Carmack,REP,"Ash Township, Precinct 2",308
Ash Township Supervisor (REP),Write-in,REP,"Ash Township, Precinct 2",1
Ash Township Supervisor (REP),Robin Lee Carmack,REP,"Ash Township, Precinct 3",249
Ash Township Supervisor (REP),Write-in,REP,"Ash Township, Precinct 3",2
Ash Township Clerk (REP),Michele C. Geiermann,REP,"Ash Township, Precinct 1",224
Ash Township Clerk (REP),Write-in,REP,"Ash Township, Precinct 1",0
Ash Township Clerk (REP),Michele C. Geiermann,REP,"Ash Township, Precinct 2",319
Ash Township Clerk (REP),Write-in,REP,"Ash Township, Precinct 2",1
Ash Township Clerk (REP),Michele C. Geiermann,REP,"Ash Township, Precinct 3",276
Ash Township Clerk (REP),Write-in,REP,"Ash Township, Precinct 3",1
Ash Township Treasurer (REP),Write-in,REP,"Ash Township, Precinct 1",15
Ash Township Treasurer (REP),Write-in,REP,"Ash Township, Precinct 2",25
Ash Township Treasurer (REP),Write-in,REP,"Ash Township, Precinct 3",22
Ash Township Trustee (REP),Michael Bosley,REP,"Ash Township, Precinct 1",63
Ash Township Trustee (REP),Christopher Ciersezwski,REP,"Ash Township, Precinct 1",79
Ash Township Trustee (REP),Charles J. Collert,REP,"Ash Township, Precinct 1",40
Ash Township Trustee (REP),Adam John Grabetz,REP,"Ash Township, Precinct 1",125
Ash Township Trustee (REP),Tina Richardson,REP,"Ash Township, Precinct 1",116
Ash Township Trustee (REP),Write-in,REP,"Ash Township, Precinct 1",0
Ash Township Trustee (REP),Michael Bosley,REP,"Ash Township, Precinct 2",87
Ash Township Trustee (REP),Christopher Ciersezwski,REP,"Ash Township, Precinct 2",99
Ash Township Trustee (REP),Charles J. Collert,REP,"Ash Township, Precinct 2",79
Ash Township Trustee (REP),Adam John Grabetz,REP,"Ash Township, Precinct 2",119
Ash Township Trustee (REP),Tina Richardson,REP,"Ash Township, Precinct 2",172
Ash Township Trustee (REP),Write-in,REP,"Ash Township, Precinct 2",1
Ash Township Trustee (REP),Michael Bosley,REP,"Ash Township, Precinct 3",48
Ash Township Trustee (REP),Christopher Ciersezwski,REP,"Ash Township, Precinct 3",67
Ash Township Trustee (REP),Charles J. Collert,REP,"Ash Township, Precinct 3",89
Ash Township Trustee (REP),Adam John Grabetz,REP,"Ash Township, Precinct 3",158
Ash Township Trustee (REP),Tina Richardson,REP,"Ash Township, Precinct 3",115
Ash Township Trustee (REP),Write-in,REP,"Ash Township, Precinct 3",1
Bedford Township Supervisor (REP),Al Prieur,REP,"Bedford Township, Precinct 1",90
Bedford Township Supervisor (REP),Write-in,REP,"Bedford Township, Precinct 1",0
Bedford Township Supervisor (REP),Al Prieur,REP,"Bedford Township, Precinct 2",183
Bedford Township Supervisor (REP),Write-in,REP,"Bedford Township, Precinct 2",2
Bedford Township Supervisor (REP),Al Prieur,REP,"Bedford Township, Precinct 3",154
Bedford Township Supervisor (REP),Write-in,REP,"Bedford Township, Precinct 3",4
Bedford Township Supervisor (REP),Al Prieur,REP,"Bedford Township, Precinct 4",220
Bedford Township Supervisor (REP),Write-in,REP,"Bedford Township, Precinct 4",4
Bedford Township Supervisor (REP),Al Prieur,REP,"Bedford Township, Precinct 5",182
Bedford Township Supervisor (REP),Write-in,REP,"Bedford Township, Precinct 5",4
Bedford Township Supervisor (REP),Al Prieur,REP,"Bedford Township, Precinct 6",255
Bedford Township Supervisor (REP),Write-in,REP,"Bedford Township, Precinct 6",1
Bedford Township Supervisor (REP),Al Prieur,REP,"Bedford Township, Precinct 7",194
Bedford Township Supervisor (REP),Write-in,REP,"Bedford Township, Precinct 7",0
Bedford Township Supervisor (REP),Al Prieur,REP,"Bedford Township, Precinct 8",225
Bedford Township Supervisor (REP),Write-in,REP,"Bedford Township, Precinct 8",1
Bedford Township Supervisor (REP),Al Prieur,REP,"Bedford Township, Precinct 9",166
Bedford Township Supervisor (REP),Write-in,REP,"Bedford Township, Precinct 9",2
Bedford Township Supervisor (REP),Al Prieur,REP,"Bedford Township, Precinct 10",127
Bedford Township Supervisor (REP),Write-in,REP,"Bedford Township, Precinct 10",2
Bedford Township Supervisor (REP),Al Prieur,REP,"Bedford Township, Precinct 11",206
Bedford Township Supervisor (REP),Write-in,REP,"Bedford Township, Precinct 11",1
Bedford Township Supervisor (REP),Al Prieur,REP,"Bedford Township, Precinct 12",173
Bedford Township Supervisor (REP),Write-in,REP,"Bedford Township, Precinct 12",0
Bedford Township Supervisor (REP),Al Prieur,REP,"Bedford Township, Precinct 13",169
Bedford Township Supervisor (REP),Write-in,REP,"Bedford Township, Precinct 13",0
Bedford Township Supervisor (REP),Al Prieur,REP,"Bedford Township, Precinct 14",103
Bedford Township Supervisor (REP),Write-in,REP,"Bedford Township, Precinct 14",1
Bedford Township Clerk (REP),Trudy L. Hershberger,REP,"Bedford Township, Precinct 1",98
Bedford Township Clerk (REP),Write-in,REP,"Bedford Township, Precinct 1",0
Bedford Township Clerk (REP),Trudy L. Hershberger,REP,"Bedford Township, Precinct 2",190
Bedford Township Clerk (REP),Write-in,REP,"Bedford Township, Precinct 2",2
Bedford Township Clerk (REP),Trudy L. Hershberger,REP,"Bedford Township, Precinct 3",167
Bedford Township Clerk (REP),Write-in,REP,"Bedford Township, Precinct 3",1
Bedford Township Clerk (REP),Trudy L. Hershberger,REP,"Bedford Township, Precinct 4",238
Bedford Township Clerk (REP),Write-in,REP,"Bedford Township, Precinct 4",2
Bedford Township Clerk (REP),Trudy L. Hershberger,REP,"Bedford Township, Precinct 5",191
Bedford Township Clerk (REP),Write-in,REP,"Bedford Township, Precinct 5",0
Bedford Township Clerk (REP),Trudy L. Hershberger,REP,"Bedford Township, Precinct 6",258
Bedford Township Clerk (REP),Write-in,REP,"Bedford Township, Precinct 6",1
Bedford Township Clerk (REP),Trudy L. Hershberger,REP,"Bedford Township, Precinct 7",202
Bedford Township Clerk (REP),Write-in,REP,"Bedford Township, Precinct 7",0
Bedford Township Clerk (REP),Trudy L. Hershberger,REP,"Bedford Township, Precinct 8",246
Bedford Township Clerk (REP),Write-in,REP,"Bedford Township, Precinct 8",1
Bedford Township Clerk (REP),Trudy L. Hershberger,REP,"Bedford Township, Precinct 9",174
Bedford Township Clerk (REP),Write-in,REP,"Bedford Township, Precinct 9",1
Bedford Township Clerk (REP),Trudy L. Hershberger,REP,"Bedford Township, Precinct 10",138
Bedford Township Clerk (REP),Write-in,REP,"Bedford Township, Precinct 10",0
Bedford Township Clerk (REP),Trudy L. Hershberger,REP,"Bedford Township, Precinct 11",220
Bedford Township Clerk (REP),Write-in,REP,"Bedford Township, Precinct 11",0
Bedford Township Clerk (REP),Trudy L. Hershberger,REP,"Bedford Township, Precinct 12",182
Bedford Township Clerk (REP),Write-in,REP,"Bedford Township, Precinct 12",0
Bedford Township Clerk (REP),Trudy L. Hershberger,REP,"Bedford Township, Precinct 13",181
Bedford Township Clerk (REP),Write-in,REP,"Bedford Township, Precinct 13",0
Bedford Township Clerk (REP),Trudy L. Hershberger,REP,"Bedford Township, Precinct 14",115
Bedford Township Clerk (REP),Write-in,REP,"Bedford Township, Precinct 14",0
Bedford Township Treasurer (REP),Krista Jandasek,REP,"Bedford Township, Precinct 1",86
Bedford Township Treasurer (REP),Write-in,REP,"Bedford Township, Precinct 1",0
Bedford Township Treasurer (REP),Krista Jandasek,REP,"Bedford Township, Precinct 2",183
Bedford Township Treasurer (REP),Write-in,REP,"Bedford Township, Precinct 2",1
Bedford Township Treasurer (REP),Krista Jandasek,REP,"Bedford Township, Precinct 3",162
Bedford Township Treasurer (REP),Write-in,REP,"Bedford Township, Precinct 3",1
Bedford Township Treasurer (REP),Krista Jandasek,REP,"Bedford Township, Precinct 4",229
Bedford Township Treasurer (REP),Write-in,REP,"Bedford Township, Precinct 4",0
Bedford Township Treasurer (REP),Krista Jandasek,REP,"Bedford Township, Precinct 5",180
Bedford Township Treasurer (REP),Write-in,REP,"Bedford Township, Precinct 5",0
Bedford Township Treasurer (REP),Krista Jandasek,REP,"Bedford Township, Precinct 6",255
Bedford Township Treasurer (REP),Write-in,REP,"Bedford Township, Precinct 6",3
Bedford Township Treasurer (REP),Krista Jandasek,REP,"Bedford Township, Precinct 7",193
Bedford Township Treasurer (REP),Write-in,REP,"Bedford Township, Precinct 7",0
Bedford Township Treasurer (REP),Krista Jandasek,REP,"Bedford Township, Precinct 8",221
Bedford Township Treasurer (REP),Write-in,REP,"Bedford Township, Precinct 8",1
Bedford Township Treasurer (REP),Krista Jandasek,REP,"Bedford Township, Precinct 9",164
Bedford Township Treasurer (REP),Write-in,REP,"Bedford Township, Precinct 9",0
Bedford Township Treasurer (REP),Krista Jandasek,REP,"Bedford Township, Precinct 10",133
Bedford Township Treasurer (REP),Write-in,REP,"Bedford Township, Precinct 10",0
Bedford Township Treasurer (REP),Krista Jandasek,REP,"Bedford Township, Precinct 11",208
Bedford Township Treasurer (REP),Write-in,REP,"Bedford Township, Precinct 11",0
Bedford Township Treasurer (REP),Krista Jandasek,REP,"Bedford Township, Precinct 12",170
Bedford Township Treasurer (REP),Write-in,REP,"Bedford Township, Precinct 12",0
Bedford Township Treasurer (REP),Krista Jandasek,REP,"Bedford Township, Precinct 13",170
Bedford Township Treasurer (REP),Write-in,REP,"Bedford Township, Precinct 13",0
Bedford Township Treasurer (REP),Krista Jandasek,REP,"Bedford Township, Precinct 14",111
Bedford Township Treasurer (REP),Write-in,REP,"Bedford Township, Precinct 14",0
Bedford Township Trustee (REP),Todd C. Bruning,REP,"Bedford Township, Precinct 1",66
Bedford Township Trustee (REP),Kyle Dersch,REP,"Bedford Township, Precinct 1",32
Bedford Township Trustee (REP),Joe Gore,REP,"Bedford Township, Precinct 1",44
Bedford Township Trustee (REP),Craig M. Montri,REP,"Bedford Township, Precinct 1",62
Bedford Township Trustee (REP),Rob Pettrey,REP,"Bedford Township, Precinct 1",22
Bedford Township Trustee (REP),Christopher D. Schlegel,REP,"Bedford Township, Precinct 1",19
Bedford Township Trustee (REP),Joshua Stump,REP,"Bedford Township, Precinct 1",66
Bedford Township Trustee (REP),Logan Tisdale,REP,"Bedford Township, Precinct 1",45
Bedford Township Trustee (REP),Write-in,REP,"Bedford Township, Precinct 1",0
Bedford Township Trustee (REP),Todd C. Bruning,REP,"Bedford Township, Precinct 2",131
Bedford Township Trustee (REP),Kyle Dersch,REP,"Bedford Township, Precinct 2",79
Bedford Township Trustee (REP),Joe Gore,REP,"Bedford Township, Precinct 2",121
Bedford Township Trustee (REP),Craig M. Montri,REP,"Bedford Township, Precinct 2",122
Bedford Township Trustee (REP),Rob Pettrey,REP,"Bedford Township, Precinct 2",47
Bedford Township Trustee (REP),Christopher D. Schlegel,REP,"Bedford Township, Precinct 2",49
Bedford Township Trustee (REP),Joshua Stump,REP,"Bedford Township, Precinct 2",131
Bedford Township Trustee (REP),Logan Tisdale,REP,"Bedford Township, Precinct 2",82
Bedford Township Trustee (REP),Write-in,REP,"Bedford Township, Precinct 2",0
Bedford Township Trustee (REP),Todd C. Bruning,REP,"Bedford Township, Precinct 3",91
Bedford Township Trustee (REP),Kyle Dersch,REP,"Bedford Township, Precinct 3",68
Bedford Township Trustee (REP),Joe Gore,REP,"Bedford Township, Precinct 3",82
Bedford Township Trustee (REP),Craig M. Montri,REP,"Bedford Township, Precinct 3",122
Bedford Township Trustee (REP),Rob Pettrey,REP,"Bedford Township, Precinct 3",48
Bedford Township Trustee (REP),Christopher D. Schlegel,REP,"Bedford Township, Precinct 3",32
Bedford Township Trustee (REP),Joshua Stump,REP,"Bedford Township, Precinct 3",115
Bedford Township Trustee (REP),Logan Tisdale,REP,"Bedford Township, Precinct 3",78
Bedford Township Trustee (REP),Write-in,REP,"Bedford Township, Precinct 3",1
Bedford Township Trustee (REP),Todd C. Bruning,REP,"Bedford Township, Precinct 4",120
Bedford Township Trustee (REP),Kyle Dersch,REP,"Bedford Township, Precinct 4",102
Bedford Township Trustee (REP),Joe Gore,REP,"Bedford Township, Precinct 4",123
Bedford Township Trustee (REP),Craig M. Montri,REP,"Bedford Township, Precinct 4",173
Bedford Township Trustee (REP),Rob Pettrey,REP,"Bedford Township, Precinct 4",60
Bedford Township Trustee (REP),Christopher D. Schlegel,REP,"Bedford Township, Precinct 4",58
Bedford Township Trustee (REP),Joshua Stump,REP,"Bedford Township, Precinct 4",184
Bedford Township Trustee (REP),Logan Tisdale,REP,"Bedford Township, Precinct 4",82
Bedford Township Trustee (REP),Write-in,REP,"Bedford Township, Precinct 4",0
Bedford Township Trustee (REP),Todd C. Bruning,REP,"Bedford Township, Precinct 5",113
Bedford Township Trustee (REP),Kyle Dersch,REP,"Bedford Township, Precinct 5",78
Bedford Township Trustee (REP),Joe Gore,REP,"Bedford Township, Precinct 5",92
Bedford Township Trustee (REP),Craig M. Montri,REP,"Bedford Township, Precinct 5",142
Bedford Township Trustee (REP),Rob Pettrey,REP,"Bedford Township, Precinct 5",43
Bedford Township Trustee (REP),Christopher D. Schlegel,REP,"Bedford Township, Precinct 5",53
Bedford Township Trustee (REP),Joshua Stump,REP,"Bedford Township, Precinct 5",130
Bedford Township Trustee (REP),Logan Tisdale,REP,"Bedford Township, Precinct 5",89
Bedford Township Trustee (REP),Write-in,REP,"Bedford Township, Precinct 5",0
Bedford Township Trustee (REP),Todd C. Bruning,REP,"Bedford Township, Precinct 6",155
Bedford Township Trustee (REP),Kyle Dersch,REP,"Bedford Township, Precinct 6",128
Bedford Township Trustee (REP),Joe Gore,REP,"Bedford Township, Precinct 6",143
Bedford Township Trustee (REP),Craig M. Montri,REP,"Bedford Township, Precinct 6",203
Bedford Township Trustee (REP),Rob Pettrey,REP,"Bedford Township, Precinct 6",68
Bedford Township Trustee (REP),Christopher D. Schlegel,REP,"Bedford Township, Precinct 6",76
Bedford Township Trustee (REP),Joshua Stump,REP,"Bedford Township, Precinct 6",217
Bedford Township Trustee (REP),Logan Tisdale,REP,"Bedford Township, Precinct 6",157
Bedford Township Trustee (REP),Write-in,REP,"Bedford Township, Precinct 6",1
Bedford Township Trustee (REP),Todd C. Bruning,REP,"Bedford Township, Precinct 7",100
Bedford Township Trustee (REP),Kyle Dersch,REP,"Bedford Township, Precinct 7",73
Bedford Township Trustee (REP),Joe Gore,REP,"Bedford Township, Precinct 7",95
Bedford Township Trustee (REP),Craig M. Montri,REP,"Bedford Township, Precinct 7",136
Bedford Township Trustee (REP),Rob Pettrey,REP,"Bedford Township, Precinct 7",42
Bedford Township Trustee (REP),Christopher D. Schlegel,REP,"Bedford Township, Precinct 7",63
Bedford Township Trustee (REP),Joshua Stump,REP,"Bedford Township, Precinct 7",148
Bedford Township Trustee (REP),Logan Tisdale,REP,"Bedford Township, Precinct 7",129
Bedford Township Trustee (REP),Write-in,REP,"Bedford Township, Precinct 7",0
Bedford Township Trustee (REP),Todd C. Bruning,REP,"Bedford Township, Precinct 8",151
Bedford Township Trustee (REP),Kyle Dersch,REP,"Bedford Township, Precinct 8",113
Bedford Township Trustee (REP),Joe Gore,REP,"Bedford Township, Precinct 8",133
Bedford Township Trustee (REP),Craig M. Montri,REP,"Bedford Township, Precinct 8",142
Bedford Township Trustee (REP),Rob Pettrey,REP,"Bedford Township, Precinct 8",60
Bedford Township Trustee (REP),Christopher D. Schlegel,REP,"Bedford Township, Precinct 8",44
Bedford Township Trustee (REP),Joshua Stump,REP,"Bedford Township, Precinct 8",219
Bedford Township Trustee (REP),Logan Tisdale,REP,"Bedford Township, Precinct 8",112
Bedford Township Trustee (REP),Write-in,REP,"Bedford Township, Precinct 8",1
Bedford Township Trustee (REP),Todd C. Bruning,REP,"Bedford Township, Precinct 9",113
Bedford Township Trustee (REP),Kyle Dersch,REP,"Bedford Township, Precinct 9",74
Bedford Township Trustee (REP),Joe Gore,REP,"Bedford Township, Precinct 9",88
Bedford Township Trustee (REP),Craig M. Montri,REP,"Bedford Township, Precinct 9",123
Bedford Township Trustee (REP),Rob Pettrey,REP,"Bedford Township, Precinct 9",32
Bedford Township Trustee (REP),Christopher D. Schlegel,REP,"Bedford Township, Precinct 9",42
Bedford Township Trustee (REP),Joshua Stump,REP,"Bedford Township, Precinct 9",120
Bedford Township Trustee (REP),Logan Tisdale,REP,"Bedford Township, Precinct 9",90
Bedford Township Trustee (REP),Write-in,REP,"Bedford Township, Precinct 9",0
Bedford Township Trustee (REP),Todd C. Bruning,REP,"Bedford Township, Precinct 10",83
Bedford Township Trustee (REP),Kyle Dersch,REP,"Bedford Township, Precinct 10",55
Bedford Township Trustee (REP),Joe Gore,REP,"Bedford Township, Precinct 10",80
Bedford Township Trustee (REP),Craig M. Montri,REP,"Bedford Township, Precinct 10",94
Bedford Township Trustee (REP),Rob Pettrey,REP,"Bedford Township, Precinct 10",36
Bedford Township Trustee (REP),Christopher D. Schlegel,REP,"Bedford Township, Precinct 10",31
Bedford Township Trustee (REP),Joshua Stump,REP,"Bedford Township, Precinct 10",97
Bedford Township Trustee (REP),Logan Tisdale,REP,"Bedford Township, Precinct 10",68
Bedford Township Trustee (REP),Write-in,REP,"Bedford Township, Precinct 10",0
Bedford Township Trustee (REP),Todd C. Bruning,REP,"Bedford Township, Precinct 11",151
Bedford Township Trustee (REP),Kyle Dersch,REP,"Bedford Township, Precinct 11",83
Bedford Township Trustee (REP),Joe Gore,REP,"Bedford Township, Precinct 11",127
Bedford Township Trustee (REP),Craig M. Montri,REP,"Bedford Township, Precinct 11",136
Bedford Township Trustee (REP),Rob Pettrey,REP,"Bedford Township, Precinct 11",49
Bedford Township Trustee (REP),Christopher D. Schlegel,REP,"Bedford Township, Precinct 11",55
Bedford Township Trustee (REP),Joshua Stump,REP,"Bedford Township, Precinct 11",141
Bedford Township Trustee (REP),Logan Tisdale,REP,"Bedford Township, Precinct 11",98
Bedford Township Trustee (REP),Write-in,REP,"Bedford Township, Precinct 11",0
Bedford Township Trustee (REP),Todd C. Bruning,REP,"Bedford Township, Precinct 12",95
Bedford Township Trustee (REP),Kyle Dersch,REP,"Bedford Township, Precinct 12",65
Bedford Township Trustee (REP),Joe Gore,REP,"Bedford Township, Precinct 12",86
Bedford Township Trustee (REP),Craig M. Montri,REP,"Bedford Township, Precinct 12",135
Bedford Township Trustee (REP),Rob Pettrey,REP,"Bedford Township, Precinct 12",60
Bedford Township Trustee (REP),Christopher D. Schlegel,REP,"Bedford Township, Precinct 12",36
Bedford Township Trustee (REP),Joshua Stump,REP,"Bedford Township, Precinct 12",136
Bedford Township Trustee (REP),Logan Tisdale,REP,"Bedford Township, Precinct 12",64
Bedford Township Trustee (REP),Write-in,REP,"Bedford Township, Precinct 12",0
Bedford Township Trustee (REP),Todd C. Bruning,REP,"Bedford Township, Precinct 13",107
Bedford Township Trustee (REP),Kyle Dersch,REP,"Bedford Township, Precinct 13",65
Bedford Township Trustee (REP),Joe Gore,REP,"Bedford Township, Precinct 13",76
Bedford Township Trustee (REP),Craig M. Montri,REP,"Bedford Township, Precinct 13",129
Bedford Township Trustee (REP),Rob Pettrey,REP,"Bedford Township, Precinct 13",55
Bedford Township Trustee (REP),Christopher D. Schlegel,REP,"Bedford Township, Precinct 13",40
Bedford Township Trustee (REP),Joshua Stump,REP,"Bedford Township, Precinct 13",125
Bedford Township Trustee (REP),Logan Tisdale,REP,"Bedford Township, Precinct 13",87
Bedford Township Trustee (REP),Write-in,REP,"Bedford Township, Precinct 13",0
Bedford Township Trustee (REP),Todd C. Bruning,REP,"Bedford Township, Precinct 14",49
Bedford Township Trustee (REP),Kyle Dersch,REP,"Bedford Township, Precinct 14",45
Bedford Township Trustee (REP),Joe Gore,REP,"Bedford Township, Precinct 14",55
Bedford Township Trustee (REP),Craig M. Montri,REP,"Bedford Township, Precinct 14",60
Bedford Township Trustee (REP),Rob Pettrey,REP,"Bedford Township, Precinct 14",41
Bedford Township Trustee (REP),Christopher D. Schlegel,REP,"Bedford Township, Precinct 14",27
Bedford Township Trustee (REP),Joshua Stump,REP,"Bedford Township, Precinct 14",70
Bedford Township Trustee (REP),Logan Tisdale,REP,"Bedford Township, Precinct 14",39
Bedford Township Trustee (REP),Write-in,REP,"Bedford Township, Precinct 14",0
Bedford Township Park Commissioner (REP),Aaron J. Adler,REP,"Bedford Township, Precinct 1",69
Bedford Township Park Commissioner (REP),Matthew Angerer,REP,"Bedford Township, Precinct 1",61
Bedford Township Park Commissioner (REP),Andrew Brenot,REP,"Bedford Township, Precinct 1",64
Bedford Township Park Commissioner (REP),Josh Niederkohr,REP,"Bedford Township, Precinct 1",55
Bedford Township Park Commissioner (REP),Kyle J. Schlagheck,REP,"Bedford Township, Precinct 1",59
Bedford Township Park Commissioner (REP),Write-in,REP,"Bedford Township, Precinct 1",0
Bedford Township Park Commissioner (REP),Aaron J. Adler,REP,"Bedford Township, Precinct 2",123
Bedford Township Park Commissioner (REP),Matthew Angerer,REP,"Bedford Township, Precinct 2",117
Bedford Township Park Commissioner (REP),Andrew Brenot,REP,"Bedford Township, Precinct 2",118
Bedford Township Park Commissioner (REP),Josh Niederkohr,REP,"Bedford Township, Precinct 2",116
Bedford Township Park Commissioner (REP),Kyle J. Schlagheck,REP,"Bedford Township, Precinct 2",122
Bedford Township Park Commissioner (REP),Write-in,REP,"Bedford Township, Precinct 2",2
Bedford Township Park Commissioner (REP),Aaron J. Adler,REP,"Bedford Township, Precinct 3",95
Bedford Township Park Commissioner (REP),Matthew Angerer,REP,"Bedford Township, Precinct 3",102
Bedford Township Park Commissioner (REP),Andrew Brenot,REP,"Bedford Township, Precinct 3",96
Bedford Township Park Commissioner (REP),Josh Niederkohr,REP,"Bedford Township, Precinct 3",93
Bedford Township Park Commissioner (REP),Kyle J. Schlagheck,REP,"Bedford Township, Precinct 3",92
Bedford Township Park Commissioner (REP),Write-in,REP,"Bedford Township, Precinct 3",3
Bedford Township Park Commissioner (REP),Aaron J. Adler,REP,"Bedford Township, Precinct 4",146
Bedford Township Park Commissioner (REP),Matthew Angerer,REP,"Bedford Township, Precinct 4",151
Bedford Township Park Commissioner (REP),Andrew Brenot,REP,"Bedford Township, Precinct 4",145
Bedford Township Park Commissioner (REP),Josh Niederkohr,REP,"Bedford Township, Precinct 4",145
Bedford Township Park Commissioner (REP),Kyle J. Schlagheck,REP,"Bedford Township, Precinct 4",143
Bedford Township Park Commissioner (REP),Write-in,REP,"Bedford Township, Precinct 4",2
Bedford Township Park Commissioner (REP),Aaron J. Adler,REP,"Bedford Township, Precinct 5",123
Bedford Township Park Commissioner (REP),Matthew Angerer,REP,"Bedford Township, Precinct 5",119
Bedford Township Park Commissioner (REP),Andrew Brenot,REP,"Bedford Township, Precinct 5",121
Bedford Township Park Commissioner (REP),Josh Niederkohr,REP,"Bedford Township, Precinct 5",110
Bedford Township Park Commissioner (REP),Kyle J. Schlagheck,REP,"Bedford Township, Precinct 5",128
Bedford Township Park Commissioner (REP),Write-in,REP,"Bedford Township, Precinct 5",3
Bedford Township Park Commissioner (REP),Aaron J. Adler,REP,"Bedford Township, Precinct 6",164
Bedford Township Park Commissioner (REP),Matthew Angerer,REP,"Bedford Township, Precinct 6",176
Bedford Township Park Commissioner (REP),Andrew Brenot,REP,"Bedford Township, Precinct 6",168
Bedford Township Park Commissioner (REP),Josh Niederkohr,REP,"Bedford Township, Precinct 6",156
Bedford Township Park Commissioner (REP),Kyle J. Schlagheck,REP,"Bedford Township, Precinct 6",173
Bedford Township Park Commissioner (REP),Write-in,REP,"Bedford Township, Precinct 6",1
Bedford Township Park Commissioner (REP),Aaron J. Adler,REP,"Bedford Township, Precinct 7",138
Bedford Township Park Commissioner (REP),Matthew Angerer,REP,"Bedford Township, Precinct 7",148
Bedford Township Park Commissioner (REP),Andrew Brenot,REP,"Bedford Township, Precinct 7",141
Bedford Township Park Commissioner (REP),Josh Niederkohr,REP,"Bedford Township, Precinct 7",133
Bedford Township Park Commissioner (REP),Kyle J. Schlagheck,REP,"Bedford Township, Precinct 7",135
Bedford Township Park Commissioner (REP),Write-in,REP,"Bedford Township, Precinct 7",0
Bedford Township Park Commissioner (REP),Aaron J. Adler,REP,"Bedford Township, Precinct 8",149
Bedford Township Park Commissioner (REP),Matthew Angerer,REP,"Bedford Township, Precinct 8",140
Bedford Township Park Commissioner (REP),Andrew Brenot,REP,"Bedford Township, Precinct 8",144
Bedford Township Park Commissioner (REP),Josh Niederkohr,REP,"Bedford Township, Precinct 8",137
Bedford Township Park Commissioner (REP),Kyle J. Schlagheck,REP,"Bedford Township, Precinct 8",150
Bedford Township Park Commissioner (REP),Write-in,REP,"Bedford Township, Precinct 8",1
Bedford Township Park Commissioner (REP),Aaron J. Adler,REP,"Bedford Township, Precinct 9",103
Bedford Township Park Commissioner (REP),Matthew Angerer,REP,"Bedford Township, Precinct 9",104
Bedford Township Park Commissioner (REP),Andrew Brenot,REP,"Bedford Township, Precinct 9",98
Bedford Township Park Commissioner (REP),Josh Niederkohr,REP,"Bedford Township, Precinct 9",100
Bedford Township Park Commissioner (REP),Kyle J. Schlagheck,REP,"Bedford Township, Precinct 9",105
Bedford Township Park Commissioner (REP),Write-in,REP,"Bedford Township, Precinct 9",0
Bedford Township Park Commissioner (REP),Aaron J. Adler,REP,"Bedford Township, Precinct 10",92
Bedford Township Park Commissioner (REP),Matthew Angerer,REP,"Bedford Township, Precinct 10",94
Bedford Township Park Commissioner (REP),Andrew Brenot,REP,"Bedford Township, Precinct 10",81
Bedford Township Park Commissioner (REP),Josh Niederkohr,REP,"Bedford Township, Precinct 10",81
Bedford Township Park Commissioner (REP),Kyle J. Schlagheck,REP,"Bedford Township, Precinct 10",94
Bedford Township Park Commissioner (REP),Write-in,REP,"Bedford Township, Precinct 10",0
Bedford Township Park Commissioner (REP),Aaron J. Adler,REP,"Bedford Township, Precinct 11",139
Bedford Township Park Commissioner (REP),Matthew Angerer,REP,"Bedford Township, Precinct 11",131
Bedford Township Park Commissioner (REP),Andrew Brenot,REP,"Bedford Township, Precinct 11",125
Bedford Township Park Commissioner (REP),Josh Niederkohr,REP,"Bedford Township, Precinct 11",123
Bedford Township Park Commissioner (REP),Kyle J. Schlagheck,REP,"Bedford Township, Precinct 11",131
Bedford Township Park Commissioner (REP),Write-in,REP,"Bedford Township, Precinct 11",0
Bedford Township Park Commissioner (REP),Aaron J. Adler,REP,"Bedford Township, Precinct 12",128
Bedford Township Park Commissioner (REP),Matthew Angerer,REP,"Bedford Township, Precinct 12",123
Bedford Township Park Commissioner (REP),Andrew Brenot,REP,"Bedford Township, Precinct 12",118
Bedford Township Park Commissioner (REP),Josh Niederkohr,REP,"Bedford Township, Precinct 12",114
Bedford Township Park Commissioner (REP),Kyle J. Schlagheck,REP,"Bedford Township, Precinct 12",112
Bedford Township Park Commissioner (REP),Write-in,REP,"Bedford Township, Precinct 12",1
Bedford Township Park Commissioner (REP),Aaron J. Adler,REP,"Bedford Township, Precinct 13",115
Bedford Township Park Commissioner (REP),Matthew Angerer,REP,"Bedford Township, Precinct 13",110
Bedford Township Park Commissioner (REP),Andrew Brenot,REP,"Bedford Township, Precinct 13",118
Bedford Township Park Commissioner (REP),Josh Niederkohr,REP,"Bedford Township, Precinct 13",105
Bedford Township Park Commissioner (REP),Kyle J. Schlagheck,REP,"Bedford Township, Precinct 13",108
Bedford Township Park Commissioner (REP),Write-in,REP,"Bedford Township, Precinct 13",0
Bedford Township Park Commissioner (REP),Aaron J. Adler,REP,"Bedford Township, Precinct 14",72
Bedford Township Park Commissioner (REP),Matthew Angerer,REP,"Bedford Township, Precinct 14",65
Bedford Township Park Commissioner (REP),Andrew Brenot,REP,"Bedford Township, Precinct 14",55
Bedford Township Park Commissioner (REP),Josh Niederkohr,REP,"Bedford Township, Precinct 14",59
Bedford Township Park Commissioner (REP),Kyle J. Schlagheck,REP,"Bedford Township, Precinct 14",65
Bedford Township Park Commissioner (REP),Write-in,REP,"Bedford Township, Precinct 14",0
Berlin Township Supervisor (REP),Mary Jo Gedelian,REP,"Berlin Township, Precinct 1",119
Berlin Township Supervisor (REP),Write-in,REP,"Berlin Township, Precinct 1",0
Berlin Township Supervisor (REP),Mary Jo Gedelian,REP,"Berlin Township, Precinct 2",220
Berlin Township Supervisor (REP),Write-in,REP,"Berlin Township, Precinct 2",2
Berlin Township Supervisor (REP),Mary Jo Gedelian,REP,"Berlin Township, Precinct 3",136
Berlin Township Supervisor (REP),Write-in,REP,"Berlin Township, Precinct 3",0
Berlin Township Supervisor (REP),Mary Jo Gedelian,REP,"Berlin Township, Precinct 4",201
Berlin Township Supervisor (REP),Write-in,REP,"Berlin Township, Precinct 4",4
Berlin Township Clerk (REP),Georgina Swiercz,REP,"Berlin Township, Precinct 1",128
Berlin Township Clerk (REP),Write-in,REP,"Berlin Township, Precinct 1",1
Berlin Township Clerk (REP),Georgina Swiercz,REP,"Berlin Township, Precinct 2",224
Berlin Township Clerk (REP),Write-in,REP,"Berlin Township, Precinct 2",2
Berlin Township Clerk (REP),Georgina Swiercz,REP,"Berlin Township, Precinct 3",134
Berlin Township Clerk (REP),Write-in,REP,"Berlin Township, Precinct 3",0
Berlin Township Clerk (REP),Georgina Swiercz,REP,"Berlin Township, Precinct 4",200
Berlin Township Clerk (REP),Write-in,REP,"Berlin Township, Precinct 4",0
Berlin Township Treasurer (REP),Write-in,REP,"Berlin Township, Precinct 1",10
Berlin Township Treasurer (REP),Write-in,REP,"Berlin Township, Precinct 2",21
Berlin Township Treasurer (REP),Write-in,REP,"Berlin Township, Precinct 3",5
Berlin Township Treasurer (REP),Write-in,REP,"Berlin Township, Precinct 4",14
Berlin Township Trustee (REP),Kellie Long,REP,"Berlin Township, Precinct 1",82
Berlin Township Trustee (REP),Kyle Long,REP,"Berlin Township, Precinct 1",81
Berlin Township Trustee (REP),Neil J. Masserant,REP,"Berlin Township, Precinct 1",97
Berlin Township Trustee (REP),John S. Sorovetz,REP,"Berlin Township, Precinct 1",85
Berlin Township Trustee (REP),Write-in,REP,"Berlin Township, Precinct 1",0
Berlin Township Trustee (REP),Kellie Long,REP,"Berlin Township, Precinct 2",158
Berlin Township Trustee (REP),Kyle Long,REP,"Berlin Township, Precinct 2",163
Berlin Township Trustee (REP),Neil J. Masserant,REP,"Berlin Township, Precinct 2",196
Berlin Township Trustee (REP),John S. Sorovetz,REP,"Berlin Township, Precinct 2",166
Berlin Township Trustee (REP),Write-in,REP,"Berlin Township, Precinct 2",4
Berlin Township Trustee (REP),Kellie Long,REP,"Berlin Township, Precinct 3",114
Berlin Township Trustee (REP),Kyle Long,REP,"Berlin Township, Precinct 3",96
Berlin Township Trustee (REP),Neil J. Masserant,REP,"Berlin Township, Precinct 3",118
Berlin Township Trustee (REP),John S. Sorovetz,REP,"Berlin Township, Precinct 3",99
Berlin Township Trustee (REP),Write-in,REP,"Berlin Township, Precinct 3",1
Berlin Township Trustee (REP),Kellie Long,REP,"Berlin Township, Precinct 4",141
Berlin Township Trustee (REP),Kyle Long,REP,"Berlin Township, Precinct 4",131
Berlin Township Trustee (REP),Neil J. Masserant,REP,"Berlin Township, Precinct 4",174
Berlin Township Trustee (REP),John S. Sorovetz,REP,"Berlin Township, Precinct 4",147
Berlin Township Trustee (REP),Write-in,REP,"Berlin Township, Precinct 4",5
Dundee Township Supervisor (REP),Roger D. Lewis,REP,"Dundee Township, Precinct 1",124
Dundee Township Supervisor (REP),Write-in,REP,"Dundee Township, Precinct 1",0
Dundee Township Supervisor (REP),Roger D. Lewis,REP,"Dundee Township, Precinct 2",145
Dundee Township Supervisor (REP),Write-in,REP,"Dundee Township, Precinct 2",1
Dundee Township Supervisor (REP),Roger D. Lewis,REP,"Dundee Township, Precinct 3",179
Dundee Township Supervisor (REP),Write-in,REP,"Dundee Township, Precinct 3",2
Dundee Township Clerk (REP),Write-in,REP,"Dundee Township, Precinct 1",5
Dundee Township Clerk (REP),Write-in,REP,"Dundee Township, Precinct 2",9
Dundee Township Clerk (REP),Write-in,REP,"Dundee Township, Precinct 3",13
Dundee Township Treasurer (REP),Lisa Hunt,REP,"Dundee Township, Precinct 1",132
Dundee Township Treasurer (REP),Write-in,REP,"Dundee Township, Precinct 1",0
Dundee Township Treasurer (REP),Lisa Hunt,REP,"Dundee Township, Precinct 2",144
Dundee Township Treasurer (REP),Write-in,REP,"Dundee Township, Precinct 2",0
Dundee Township Treasurer (REP),Lisa Hunt,REP,"Dundee Township, Precinct 3",182
Dundee Township Treasurer (REP),Write-in,REP,"Dundee Township, Precinct 3",1
Dundee Township Trustee (REP),Alana M. Horkey,REP,"Dundee Township, Precinct 1",108
Dundee Township Trustee (REP),Kenneth Jaworski,REP,"Dundee Township, Precinct 1",108
Dundee Township Trustee (REP),Timothy Miles,REP,"Dundee Township, Precinct 1",82
Dundee Township Trustee (REP),Write-in,REP,"Dundee Township, Precinct 1",1
Dundee Township Trustee (REP),Alana M. Horkey,REP,"Dundee Township, Precinct 2",130
Dundee Township Trustee (REP),Kenneth Jaworski,REP,"Dundee Township, Precinct 2",124
Dundee Township Trustee (REP),Timothy Miles,REP,"Dundee Township, Precinct 2",105
Dundee Township Trustee (REP),Write-in,REP,"Dundee Township, Precinct 2",3
Dundee Township Trustee (REP),Alana M. Horkey,REP,"Dundee Township, Precinct 3",158
Dundee Township Trustee (REP),Kenneth Jaworski,REP,"Dundee Township, Precinct 3",148
Dundee Township Trustee (REP),Timothy Miles,REP,"Dundee Township, Precinct 3",125
Dundee Township Trustee (REP),Write-in,REP,"Dundee Township, Precinct 3",1
Erie Township Supervisor (REP),Write-in,REP,"Erie Township, Precinct 1",40
Erie Township Clerk (REP),Kimberly Cousino,REP,"Erie Township, Precinct 1",395
Erie Township Clerk (REP),Write-in,REP,"Erie Township, Precinct 1",0
Erie Township Treasurer (REP),Cynthia Wisbon,REP,"Erie Township, Precinct 1",395
Erie Township Treasurer (REP),Write-in,REP,"Erie Township, Precinct 1",0
Erie Township Trustee (REP),Manny Evola,REP,"Erie Township, Precinct 1",323
Erie Township Trustee (REP),Steve Mishka,REP,"Erie Township, Precinct 1",280
Erie Township Trustee (REP),Jolene T. Upchurch,REP,"Erie Township, Precinct 1",172
Erie Township Trustee (REP),Write-in,REP,"Erie Township, Precinct 1",0
Erie Township Park Commissioner (REP),Melissa Bomia,REP,"Erie Township, Precinct 1",300
Erie Township Park Commissioner (REP),Diane Marie La Plante,REP,"Erie Township, Precinct 1",261
Erie Township Park Commissioner (REP),Jennifer Mishka,REP,"Erie Township, Precinct 1",307
Erie Township Park Commissioner (REP),Write-in,REP,"Erie Township, Precinct 1",3
Exeter Township Supervisor (REP),Philip E. Bruck,REP,"Exeter Township, Precinct 1",156
Exeter Township Supervisor (REP),Write-in,REP,"Exeter Township, Precinct 1",12
Exeter Township Supervisor (REP),Philip E. Bruck,REP,"Exeter Township, Precinct 2",163
Exeter Township Supervisor (REP),Write-in,REP,"Exeter Township, Precinct 2",3
Exeter Township Clerk (REP),Write-in,REP,"Exeter Township, Precinct 1",11
Exeter Township Clerk (REP),Write-in,REP,"Exeter Township, Precinct 2",7
Exeter Township Treasurer (REP),Anne Kleinow,REP,"Exeter Township, Precinct 1",159
Exeter Township Treasurer (REP),Write-in,REP,"Exeter Township, Precinct 1",2
Exeter Township Treasurer (REP),Anne Kleinow,REP,"Exeter Township, Precinct 2",160
Exeter Township Treasurer (REP),Write-in,REP,"Exeter Township, Precinct 2",2
Exeter Township Trustee (REP),"Charles R. Bruck, Jr.",REP,"Exeter Township, Precinct 1",153
Exeter Township Trustee (REP),Write-in,REP,"Exeter Township, Precinct 1",11
Exeter Township Trustee (REP),"Charles R. Bruck, Jr.",REP,"Exeter Township, Precinct 2",158
Exeter Township Trustee (REP),Write-in,REP,"Exeter Township, Precinct 2",4
Frenchtown Township Supervisor (REP),Tim Duby,REP,"Frenchtown Township, Precinct 1",8
Frenchtown Township Supervisor (REP),Steven Hyder,REP,"Frenchtown Township, Precinct 1",11
Frenchtown Township Supervisor (REP),Randy Richardville,REP,"Frenchtown Township, Precinct 1",51
Frenchtown Township Supervisor (REP),Al VanWashenova,REP,"Frenchtown Township, Precinct 1",77
Frenchtown Township Supervisor (REP),Write-in,REP,"Frenchtown Township, Precinct 1",0
Frenchtown Township Supervisor (REP),Tim Duby,REP,"Frenchtown Township, Precinct 2",28
Frenchtown Township Supervisor (REP),Steven Hyder,REP,"Frenchtown Township, Precinct 2",11
Frenchtown Township Supervisor (REP),Randy Richardville,REP,"Frenchtown Township, Precinct 2",79
Frenchtown Township Supervisor (REP),Al VanWashenova,REP,"Frenchtown Township, Precinct 2",93
Frenchtown Township Supervisor (REP),Write-in,REP,"Frenchtown Township, Precinct 2",0
Frenchtown Township Supervisor (REP),Tim Duby,REP,"Frenchtown Township, Precinct 3",16
Frenchtown Township Supervisor (REP),Steven Hyder,REP,"Frenchtown Township, Precinct 3",15
Frenchtown Township Supervisor (REP),Randy Richardville,REP,"Frenchtown Township, Precinct 3",80
Frenchtown Township Supervisor (REP),Al VanWashenova,REP,"Frenchtown Township, Precinct 3",181
Frenchtown Township Supervisor (REP),Write-in,REP,"Frenchtown Township, Precinct 3",0
Frenchtown Township Supervisor (REP),Tim Duby,REP,"Frenchtown Township, Precinct 4",16
Frenchtown Township Supervisor (REP),Steven Hyder,REP,"Frenchtown Township, Precinct 4",7
Frenchtown Township Supervisor (REP),Randy Richardville,REP,"Frenchtown Township, Precinct 4",160
Frenchtown Township Supervisor (REP),Al VanWashenova,REP,"Frenchtown Township, Precinct 4",94
Frenchtown Township Supervisor (REP),Write-in,REP,"Frenchtown Township, Precinct 4",0
Frenchtown Township Supervisor (REP),Tim Duby,REP,"Frenchtown Township, Precinct 5",12
Frenchtown Township Supervisor (REP),Steven Hyder,REP,"Frenchtown Township, Precinct 5",6
Frenchtown Township Supervisor (REP),Randy Richardville,REP,"Frenchtown Township, Precinct 5",50
Frenchtown Township Supervisor (REP),Al VanWashenova,REP,"Frenchtown Township, Precinct 5",65
Frenchtown Township Supervisor (REP),Write-in,REP,"Frenchtown Township, Precinct 5",0
Frenchtown Township Supervisor (REP),Tim Duby,REP,"Frenchtown Township, Precinct 6",25
Frenchtown Township Supervisor (REP),Steven Hyder,REP,"Frenchtown Township, Precinct 6",51
Frenchtown Township Supervisor (REP),Randy Richardville,REP,"Frenchtown Township, Precinct 6",111
Frenchtown Township Supervisor (REP),Al VanWashenova,REP,"Frenchtown Township, Precinct 6",102
Frenchtown Township Supervisor (REP),Write-in,REP,"Frenchtown Township, Precinct 6",0
Frenchtown Township Supervisor (REP),Tim Duby,REP,"Frenchtown Township, Precinct 7",20
Frenchtown Township Supervisor (REP),Steven Hyder,REP,"Frenchtown Township, Precinct 7",25
Frenchtown Township Supervisor (REP),Randy Richardville,REP,"Frenchtown Township, Precinct 7",190
Frenchtown Township Supervisor (REP),Al VanWashenova,REP,"Frenchtown Township, Precinct 7",138
Frenchtown Township Supervisor (REP),Write-in,REP,"Frenchtown Township, Precinct 7",1
Frenchtown Township Supervisor (REP),Tim Duby,REP,"Frenchtown Township, Precinct 8",22
Frenchtown Township Supervisor (REP),Steven Hyder,REP,"Frenchtown Township, Precinct 8",23
Frenchtown Township Supervisor (REP),Randy Richardville,REP,"Frenchtown Township, Precinct 8",87
Frenchtown Township Supervisor (REP),Al VanWashenova,REP,"Frenchtown Township, Precinct 8",108
Frenchtown Township Supervisor (REP),Write-in,REP,"Frenchtown Township, Precinct 8",0
Frenchtown Township Supervisor (REP),Tim Duby,REP,"Frenchtown Township, Precinct 9",13
Frenchtown Township Supervisor (REP),Steven Hyder,REP,"Frenchtown Township, Precinct 9",18
Frenchtown Township Supervisor (REP),Randy Richardville,REP,"Frenchtown Township, Precinct 9",96
Frenchtown Township Supervisor (REP),Al VanWashenova,REP,"Frenchtown Township, Precinct 9",65
Frenchtown Township Supervisor (REP),Write-in,REP,"Frenchtown Township, Precinct 9",0
Frenchtown Township Clerk (REP),Kyle Bryant,REP,"Frenchtown Township, Precinct 1",113
Frenchtown Township Clerk (REP),Write-in,REP,"Frenchtown Township, Precinct 1",1
Frenchtown Township Clerk (REP),Kyle Bryant,REP,"Frenchtown Township, Precinct 2",162
Frenchtown Township Clerk (REP),Write-in,REP,"Frenchtown Township, Precinct 2",1
Frenchtown Township Clerk (REP),Kyle Bryant,REP,"Frenchtown Township, Precinct 3",207
Frenchtown Township Clerk (REP),Write-in,REP,"Frenchtown Township, Precinct 3",2
Frenchtown Township Clerk (REP),Kyle Bryant,REP,"Frenchtown Township, Precinct 4",226
Frenchtown Township Clerk (REP),Write-in,REP,"Frenchtown Township, Precinct 4",1
Frenchtown Township Clerk (REP),Kyle Bryant,REP,"Frenchtown Township, Precinct 5",115
Frenchtown Township Clerk (REP),Write-in,REP,"Frenchtown Township, Precinct 5",4
Frenchtown Township Clerk (REP),Kyle Bryant,REP,"Frenchtown Township, Precinct 6",237
Frenchtown Township Clerk (REP),Write-in,REP,"Frenchtown Township, Precinct 6",1
Frenchtown Township Clerk (REP),Kyle Bryant,REP,"Frenchtown Township, Precinct 7",314
Frenchtown Township Clerk (REP),Write-in,REP,"Frenchtown Township, Precinct 7",3
Frenchtown Township Clerk (REP),Kyle Bryant,REP,"Frenchtown Township, Precinct 8",202
Frenchtown Township Clerk (REP),Write-in,REP,"Frenchtown Township, Precinct 8",1
Frenchtown Township Clerk (REP),Kyle Bryant,REP,"Frenchtown Township, Precinct 9",140
Frenchtown Township Clerk (REP),Write-in,REP,"Frenchtown Township, Precinct 9",0
Frenchtown Township Treasurer (REP),Julie Ellison,REP,"Frenchtown Township, Precinct 1",86
Frenchtown Township Treasurer (REP),Brittany Webb,REP,"Frenchtown Township, Precinct 1",41
Frenchtown Township Treasurer (REP),Write-in,REP,"Frenchtown Township, Precinct 1",0
Frenchtown Township Treasurer (REP),Julie Ellison,REP,"Frenchtown Township, Precinct 2",112
Frenchtown Township Treasurer (REP),Brittany Webb,REP,"Frenchtown Township, Precinct 2",84
Frenchtown Township Treasurer (REP),Write-in,REP,"Frenchtown Township, Precinct 2",0
Frenchtown Township Treasurer (REP),Julie Ellison,REP,"Frenchtown Township, Precinct 3",157
Frenchtown Township Treasurer (REP),Brittany Webb,REP,"Frenchtown Township, Precinct 3",107
Frenchtown Township Treasurer (REP),Write-in,REP,"Frenchtown Township, Precinct 3",0
Frenchtown Township Treasurer (REP),Julie Ellison,REP,"Frenchtown Township, Precinct 4",166
Frenchtown Township Treasurer (REP),Brittany Webb,REP,"Frenchtown Township, Precinct 4",73
Frenchtown Township Treasurer (REP),Write-in,REP,"Frenchtown Township, Precinct 4",0
Frenchtown Township Treasurer (REP),Julie Ellison,REP,"Frenchtown Township, Precinct 5",82
Frenchtown Township Treasurer (REP),Brittany Webb,REP,"Frenchtown Township, Precinct 5",43
Frenchtown Township Treasurer (REP),Write-in,REP,"Frenchtown Township, Precinct 5",3
Frenchtown Township Treasurer (REP),Julie Ellison,REP,"Frenchtown Township, Precinct 6",159
Frenchtown Township Treasurer (REP),Brittany Webb,REP,"Frenchtown Township, Precinct 6",118
Frenchtown Township Treasurer (REP),Write-in,REP,"Frenchtown Township, Precinct 6",0
Frenchtown Township Treasurer (REP),Julie Ellison,REP,"Frenchtown Township, Precinct 7",225
Frenchtown Township Treasurer (REP),Brittany Webb,REP,"Frenchtown Township, Precinct 7",120
Frenchtown Township Treasurer (REP),Write-in,REP,"Frenchtown Township, Precinct 7",0
Frenchtown Township Treasurer (REP),Julie Ellison,REP,"Frenchtown Township, Precinct 8",140
Frenchtown Township Treasurer (REP),Brittany Webb,REP,"Frenchtown Township, Precinct 8",79
Frenchtown Township Treasurer (REP),Write-in,REP,"Frenchtown Township, Precinct 8",1
Frenchtown Township Treasurer (REP),Julie Ellison,REP,"Frenchtown Township, Precinct 9",116
Frenchtown Township Treasurer (REP),Brittany Webb,REP,"Frenchtown Township, Precinct 9",50
Frenchtown Township Treasurer (REP),Write-in,REP,"Frenchtown Township, Precinct 9",0
Frenchtown Township Trustee (REP),Sheila M. Bussell,REP,"Frenchtown Township, Precinct 1",64
Frenchtown Township Trustee (REP),Christiaan Carlton,REP,"Frenchtown Township, Precinct 1",66
Frenchtown Township Trustee (REP),Chris Collins,REP,"Frenchtown Township, Precinct 1",63
Frenchtown Township Trustee (REP),Gary D. Klemz,REP,"Frenchtown Township, Precinct 1",67
Frenchtown Township Trustee (REP),Matthew Rimel,REP,"Frenchtown Township, Precinct 1",59
Frenchtown Township Trustee (REP),Kraig Yoas,REP,"Frenchtown Township, Precinct 1",63
Frenchtown Township Trustee (REP),Write-in,REP,"Frenchtown Township, Precinct 1",1
Frenchtown Township Trustee (REP),Sheila M. Bussell,REP,"Frenchtown Township, Precinct 2",104
Frenchtown Township Trustee (REP),Christiaan Carlton,REP,"Frenchtown Township, Precinct 2",63
Frenchtown Township Trustee (REP),Chris Collins,REP,"Frenchtown Township, Precinct 2",108
Frenchtown Township Trustee (REP),Gary D. Klemz,REP,"Frenchtown Township, Precinct 2",127
Frenchtown Township Trustee (REP),Matthew Rimel,REP,"Frenchtown Township, Precinct 2",73
Frenchtown Township Trustee (REP),Kraig Yoas,REP,"Frenchtown Township, Precinct 2",114
Frenchtown Township Trustee (REP),Write-in,REP,"Frenchtown Township, Precinct 2",0
Frenchtown Township Trustee (REP),Sheila M. Bussell,REP,"Frenchtown Township, Precinct 3",149
Frenchtown Township Trustee (REP),Christiaan Carlton,REP,"Frenchtown Township, Precinct 3",82
Frenchtown Township Trustee (REP),Chris Collins,REP,"Frenchtown Township, Precinct 3",134
Frenchtown Township Trustee (REP),Gary D. Klemz,REP,"Frenchtown Township, Precinct 3",170
Frenchtown Township Trustee (REP),Matthew Rimel,REP,"Frenchtown Township, Precinct 3",124
Frenchtown Township Trustee (REP),Kraig Yoas,REP,"Frenchtown Township, Precinct 3",154
Frenchtown Township Trustee (REP),Write-in,REP,"Frenchtown Township, Precinct 3",0
Frenchtown Township Trustee (REP),Sheila M. Bussell,REP,"Frenchtown Township, Precinct 4",103
Frenchtown Township Trustee (REP),Christiaan Carlton,REP,"Frenchtown Township, Precinct 4",142
Frenchtown Township Trustee (REP),Chris Collins,REP,"Frenchtown Township, Precinct 4",116
Frenchtown Township Trustee (REP),Gary D. Klemz,REP,"Frenchtown Township, Precinct 4",169
Frenchtown Township Trustee (REP),Matthew Rimel,REP,"Frenchtown Township, Precinct 4",109
Frenchtown Township Trustee (REP),Kraig Yoas,REP,"Frenchtown Township, Precinct 4",134
Frenchtown Township Trustee (REP),Write-in,REP,"Frenchtown Township, Precinct 4",2
Frenchtown Township Trustee (REP),Sheila M. Bussell,REP,"Frenchtown Township, Precinct 5",62
Frenchtown Township Trustee (REP),Christiaan Carlton,REP,"Frenchtown Township, Precinct 5",47
Frenchtown Township Trustee (REP),Chris Collins,REP,"Frenchtown Township, Precinct 5",72
Frenchtown Township Trustee (REP),Gary D. Klemz,REP,"Frenchtown Township, Precinct 5",68
Frenchtown Township Trustee (REP),Matthew Rimel,REP,"Frenchtown Township, Precinct 5",83
Frenchtown Township Trustee (REP),Kraig Yoas,REP,"Frenchtown Township, Precinct 5",69
Frenchtown Township Trustee (REP),Write-in,REP,"Frenchtown Township, Precinct 5",7
Frenchtown Township Trustee (REP),Sheila M. Bussell,REP,"Frenchtown Township, Precinct 6",147
Frenchtown Township Trustee (REP),Christiaan Carlton,REP,"Frenchtown Township, Precinct 6",86
Frenchtown Township Trustee (REP),Chris Collins,REP,"Frenchtown Township, Precinct 6",123
Frenchtown Township Trustee (REP),Gary D. Klemz,REP,"Frenchtown Township, Precinct 6",184
Frenchtown Township Trustee (REP),Matthew Rimel,REP,"Frenchtown Township, Precinct 6",130
Frenchtown Township Trustee (REP),Kraig Yoas,REP,"Frenchtown Township, Precinct 6",147
Frenchtown Township Trustee (REP),Write-in,REP,"Frenchtown Township, Precinct 6",7
Frenchtown Township Trustee (REP),Sheila M. Bussell,REP,"Frenchtown Township, Precinct 7",180
Frenchtown Township Trustee (REP),Christiaan Carlton,REP,"Frenchtown Township, Precinct 7",186
Frenchtown Township Trustee (REP),Chris Collins,REP,"Frenchtown Township, Precinct 7",174
Frenchtown Township Trustee (REP),Gary D. Klemz,REP,"Frenchtown Township, Precinct 7",205
Frenchtown Township Trustee (REP),Matthew Rimel,REP,"Frenchtown Township, Precinct 7",151
Frenchtown Township Trustee (REP),Kraig Yoas,REP,"Frenchtown Township, Precinct 7",203
Frenchtown Township Trustee (REP),Write-in,REP,"Frenchtown Township, Precinct 7",7
Frenchtown Township Trustee (REP),Sheila M. Bussell,REP,"Frenchtown Township, Precinct 8",121
Frenchtown Township Trustee (REP),Christiaan Carlton,REP,"Frenchtown Township, Precinct 8",90
Frenchtown Township Trustee (REP),Chris Collins,REP,"Frenchtown Township, Precinct 8",125
Frenchtown Township Trustee (REP),Gary D. Klemz,REP,"Frenchtown Township, Precinct 8",159
Frenchtown Township Trustee (REP),Matthew Rimel,REP,"Frenchtown Township, Precinct 8",104
Frenchtown Township Trustee (REP),Kraig Yoas,REP,"Frenchtown Township, Precinct 8",122
Frenchtown Township Trustee (REP),Write-in,REP,"Frenchtown Township, Precinct 8",4
Frenchtown Township Trustee (REP),Sheila M. Bussell,REP,"Frenchtown Township, Precinct 9",79
Frenchtown Township Trustee (REP),Christiaan Carlton,REP,"Frenchtown Township, Precinct 9",60
Frenchtown Township Trustee (REP),Chris Collins,REP,"Frenchtown Township, Precinct 9",85
Frenchtown Township Trustee (REP),Gary D. Klemz,REP,"Frenchtown Township, Precinct 9",102
Frenchtown Township Trustee (REP),Matthew Rimel,REP,"Frenchtown Township, Precinct 9",65
Frenchtown Township Trustee (REP),Kraig Yoas,REP,"Frenchtown Township, Precinct 9",79
Frenchtown Township Trustee (REP),Write-in,REP,"Frenchtown Township, Precinct 9",0
Ida Township Supervisor (REP),Paul R. Metz,REP,"Ida Township, Precinct 1",300
Ida Township Supervisor (REP),Write-in,REP,"Ida Township, Precinct 1",0
Ida Township Supervisor (REP),Paul R. Metz,REP,"Ida Township, Precinct 2",274
Ida Township Supervisor (REP),Write-in,REP,"Ida Township, Precinct 2",1
Ida Township Clerk (REP),Tera Shaffer,REP,"Ida Township, Precinct 1",308
Ida Township Clerk (REP),Write-in,REP,"Ida Township, Precinct 1",1
Ida Township Clerk (REP),Tera Shaffer,REP,"Ida Township, Precinct 2",268
Ida Township Clerk (REP),Write-in,REP,"Ida Township, Precinct 2",2
Ida Township Treasurer (REP),Kelli Brandjord,REP,"Ida Township, Precinct 1",183
Ida Township Treasurer (REP),Kimberly Sieler,REP,"Ida Township, Precinct 1",130
Ida Township Treasurer (REP),Write-in,REP,"Ida Township, Precinct 1",0
Ida Township Treasurer (REP),Kelli Brandjord,REP,"Ida Township, Precinct 2",149
Ida Township Treasurer (REP),Kimberly Sieler,REP,"Ida Township, Precinct 2",133
Ida Township Treasurer (REP),Write-in,REP,"Ida Township, Precinct 2",1
Ida Township Trustee (REP),Chris Curry,REP,"Ida Township, Precinct 1",239
Ida Township Trustee (REP),Tim Mata,REP,"Ida Township, Precinct 1",222
Ida Township Trustee (REP),Carl Whitson,REP,"Ida Township, Precinct 1",75
Ida Township Trustee (REP),Write-in,REP,"Ida Township, Precinct 1",0
Ida Township Trustee (REP),Chris Curry,REP,"Ida Township, Precinct 2",241
Ida Township Trustee (REP),Tim Mata,REP,"Ida Township, Precinct 2",225
Ida Township Trustee (REP),Carl Whitson,REP,"Ida Township, Precinct 2",53
Ida Township Trustee (REP),Write-in,REP,"Ida Township, Precinct 2",1
La Salle Township Supervisor (REP),Aaron Goldsmith,REP,"La Salle Township, Precinct 1",226
La Salle Township Supervisor (REP),Write-in,REP,"La Salle Township, Precinct 1",5
La Salle Township Supervisor (REP),Aaron Goldsmith,REP,"La Salle Township, Precinct 2",283
La Salle Township Supervisor (REP),Write-in,REP,"La Salle Township, Precinct 2",3
La Salle Township Clerk (REP),LaDeana Morr,REP,"La Salle Township, Precinct 1",235
La Salle Township Clerk (REP),Write-in,REP,"La Salle Township, Precinct 1",3
La Salle Township Clerk (REP),LaDeana Morr,REP,"La Salle Township, Precinct 2",284
La Salle Township Clerk (REP),Write-in,REP,"La Salle Township, Precinct 2",2
La Salle Township Treasurer (REP),DeeDee Liedel,REP,"La Salle Township, Precinct 1",117
La Salle Township Treasurer (REP),Stefanie Rauch,REP,"La Salle Township, Precinct 1",152
La Salle Township Treasurer (REP),Write-in,REP,"La Salle Township, Precinct 1",3
La Salle Township Treasurer (REP),DeeDee Liedel,REP,"La Salle Township, Precinct 2",82
La Salle Township Treasurer (REP),Stefanie Rauch,REP,"La Salle Township, Precinct 2",230
La Salle Township Treasurer (REP),Write-in,REP,"La Salle Township, Precinct 2",0
La Salle Township Trustee (REP),Barry Kinsey,REP,"La Salle Township, Precinct 1",196
La Salle Township Trustee (REP),Sal Vitale,REP,"La Salle Township, Precinct 1",92
La Salle Township Trustee (REP),Bob Willis,REP,"La Salle Township, Precinct 1",132
La Salle Township Trustee (REP),Write-in,REP,"La Salle Township, Precinct 1",1
La Salle Township Trustee (REP),Barry Kinsey,REP,"La Salle Township, Precinct 2",173
La Salle Township Trustee (REP),Sal Vitale,REP,"La Salle Township, Precinct 2",168
La Salle Township Trustee (REP),Bob Willis,REP,"La Salle Township, Precinct 2",161
La Salle Township Trustee (REP),Write-in,REP,"La Salle Township, Precinct 2",0
London Township Supervisor (REP),Chad D. Beauchamp,REP,"London Township, Precinct 1",131
London Township Supervisor (REP),Penny R. Turner,REP,"London Township, Precinct 1",157
London Township Supervisor (REP),Write-in,REP,"London Township, Precinct 1",2
London Township Clerk (REP),Anita R. Straub,REP,"London Township, Precinct 1",140
London Township Clerk (REP),Amanda Taepke,REP,"London Township, Precinct 1",155
London Township Clerk (REP),Write-in,REP,"London Township, Precinct 1",1
London Township Treasurer (REP),Melissa J. Beauchamp,REP,"London Township, Precinct 1",146
London Township Treasurer (REP),Lisa Moore,REP,"London Township, Precinct 1",136
London Township Treasurer (REP),Write-in,REP,"London Township, Precinct 1",1
London Township Trustee (REP),Darrell Howard,REP,"London Township, Precinct 1",181
London Township Trustee (REP),Michael Pinkowski,REP,"London Township, Precinct 1",171
London Township Trustee (REP),Write-in,REP,"London Township, Precinct 1",7
Milan Township Supervisor (REP),Mark F. Bogi,REP,"Milan Township, Precinct 1",223
Milan Township Supervisor (REP),Write-in,REP,"Milan Township, Precinct 1",0
Milan Township Clerk (REP),Stephanie Kozar,REP,"Milan Township, Precinct 1",217
Milan Township Clerk (REP),Write-in,REP,"Milan Township, Precinct 1",1
Milan Township Treasurer (REP),Joel Gotts,REP,"Milan Township, Precinct 1",215
Milan Township Treasurer (REP),Write-in,REP,"Milan Township, Precinct 1",0
Milan Township Trustee (REP),Thomas McGettigan,REP,"Milan Township, Precinct 1",95
Milan Township Trustee (REP),Nick Straub,REP,"Milan Township, Precinct 1",205
Milan Township Trustee (REP),Shelby Tulk,REP,"Milan Township, Precinct 1",143
Milan Township Trustee (REP),Write-in,REP,"Milan Township, Precinct 1",2
Monroe Township Supervisor (REP),Alan Barron,REP,"Monroe Charter Township, Precinct 1",54
Monroe Township Supervisor (REP),John Manor,REP,"Monroe Charter Township, Precinct 1",99
Monroe Township Supervisor (REP),Write-in,REP,"Monroe Charter Township, Precinct 1",2
Monroe Township Supervisor (REP),Alan Barron,REP,"Monroe Charter Township, Precinct 2",39
Monroe Township Supervisor (REP),John Manor,REP,"Monroe Charter Township, Precinct 2",40
Monroe Township Supervisor (REP),Write-in,REP,"Monroe Charter Township, Precinct 2",0
Monroe Township Supervisor (REP),Alan Barron,REP,"Monroe Charter Township, Precinct 3",56
Monroe Township Supervisor (REP),John Manor,REP,"Monroe Charter Township, Precinct 3",118
Monroe Township Supervisor (REP),Write-in,REP,"Monroe Charter Township, Precinct 3",0
Monroe Township Supervisor (REP),Alan Barron,REP,"Monroe Charter Township, Precinct 4",58
Monroe Township Supervisor (REP),John Manor,REP,"Monroe Charter Township, Precinct 4",128
Monroe Township Supervisor (REP),Write-in,REP,"Monroe Charter Township, Precinct 4",0
Monroe Township Supervisor (REP),Alan Barron,REP,"Monroe Charter Township, Precinct 5",144
Monroe Township Supervisor (REP),John Manor,REP,"Monroe Charter Township, Precinct 5",207
Monroe Township Supervisor (REP),Write-in,REP,"Monroe Charter Township, Precinct 5",1
Monroe Township Supervisor (REP),Alan Barron,REP,"Monroe Charter Township, Precinct 6",114
Monroe Township Supervisor (REP),John Manor,REP,"Monroe Charter Township, Precinct 6",140
Monroe Township Supervisor (REP),Write-in,REP,"Monroe Charter Township, Precinct 6",2
Monroe Township Clerk (REP),Patricia Nadeau,REP,"Monroe Charter Township, Precinct 1",73
Monroe Township Clerk (REP),Christina Smith,REP,"Monroe Charter Township, Precinct 1",68
Monroe Township Clerk (REP),Write-in,REP,"Monroe Charter Township, Precinct 1",0
Monroe Township Clerk (REP),Patricia Nadeau,REP,"Monroe Charter Township, Precinct 2",30
Monroe Township Clerk (REP),Christina Smith,REP,"Monroe Charter Township, Precinct 2",45
Monroe Township Clerk (REP),Write-in,REP,"Monroe Charter Township, Precinct 2",0
Monroe Township Clerk (REP),Patricia Nadeau,REP,"Monroe Charter Township, Precinct 3",77
Monroe Township Clerk (REP),Christina Smith,REP,"Monroe Charter Township, Precinct 3",77
Monroe Township Clerk (REP),Write-in,REP,"Monroe Charter Township, Precinct 3",0
Monroe Township Clerk (REP),Patricia Nadeau,REP,"Monroe Charter Township, Precinct 4",92
Monroe Township Clerk (REP),Christina Smith,REP,"Monroe Charter Township, Precinct 4",80
Monroe Township Clerk (REP),Write-in,REP,"Monroe Charter Township, Precinct 4",0
Monroe Township Clerk (REP),Patricia Nadeau,REP,"Monroe Charter Township, Precinct 5",173
Monroe Township Clerk (REP),Christina Smith,REP,"Monroe Charter Township, Precinct 5",149
Monroe Township Clerk (REP),Write-in,REP,"Monroe Charter Township, Precinct 5",1
Monroe Township Clerk (REP),Patricia Nadeau,REP,"Monroe Charter Township, Precinct 6",98
Monroe Township Clerk (REP),Christina Smith,REP,"Monroe Charter Township, Precinct 6",133
Monroe Township Clerk (REP),Write-in,REP,"Monroe Charter Township, Precinct 6",1
Monroe Township Treasurer (REP),Lisa A. Sulfaro,REP,"Monroe Charter Township, Precinct 1",130
Monroe Township Treasurer (REP),Write-in,REP,"Monroe Charter Township, Precinct 1",1
Monroe Township Treasurer (REP),Lisa A. Sulfaro,REP,"Monroe Charter Township, Precinct 2",68
Monroe Township Treasurer (REP),Write-in,REP,"Monroe Charter Township, Precinct 2",0
Monroe Township Treasurer (REP),Lisa A. Sulfaro,REP,"Monroe Charter Township, Precinct 3",131
Monroe Township Treasurer (REP),Write-in,REP,"Monroe Charter Township, Precinct 3",0
Monroe Township Treasurer (REP),Lisa A. Sulfaro,REP,"Monroe Charter Township, Precinct 4",154
Monroe Township Treasurer (REP),Write-in,REP,"Monroe Charter Township, Precinct 4",1
Monroe Township Treasurer (REP),Lisa A. Sulfaro,REP,"Monroe Charter Township, Precinct 5",296
Monroe Township Treasurer (REP),Write-in,REP,"Monroe Charter Township, Precinct 5",0
Monroe Township Treasurer (REP),Lisa A. Sulfaro,REP,"Monroe Charter Township, Precinct 6",222
Monroe Township Treasurer (REP),Write-in,REP,"Monroe Charter Township, Precinct 6",0
Monroe Township Trustee (REP),"Wayne L. Blank, Sr.",REP,"Monroe Charter Township, Precinct 1",64
Monroe Township Trustee (REP),"William Heck, Jr.",REP,"Monroe Charter Township, Precinct 1",88
Monroe Township Trustee (REP),Guy Howe,REP,"Monroe Charter Township, Precinct 1",44
Monroe Township Trustee (REP),Bruce Kral,REP,"Monroe Charter Township, Precinct 1",21
Monroe Township Trustee (REP),Brian S. Merkle,REP,"Monroe Charter Township, Precinct 1",122
Monroe Township Trustee (REP),Kevin Raymo,REP,"Monroe Charter Township, Precinct 1",69
Monroe Township Trustee (REP),Kevin Shipman,REP,"Monroe Charter Township, Precinct 1",45
Monroe Township Trustee (REP),Write-in,REP,"Monroe Charter Township, Precinct 1",0
Monroe Township Trustee (REP),"Wayne L. Blank, Sr.",REP,"Monroe Charter Township, Precinct 2",22
Monroe Township Trustee (REP),"William Heck, Jr.",REP,"Monroe Charter Township, Precinct 2",44
Monroe Township Trustee (REP),Guy Howe,REP,"Monroe Charter Township, Precinct 2",24
Monroe Township Trustee (REP),Bruce Kral,REP,"Monroe Charter Township, Precinct 2",13
Monroe Township Trustee (REP),Brian S. Merkle,REP,"Monroe Charter Township, Precinct 2",57
Monroe Township Trustee (REP),Kevin Raymo,REP,"Monroe Charter Township, Precinct 2",39
Monroe Township Trustee (REP),Kevin Shipman,REP,"Monroe Charter Township, Precinct 2",29
Monroe Township Trustee (REP),Write-in,REP,"Monroe Charter Township, Precinct 2",0
Monroe Township Trustee (REP),"Wayne L. Blank, Sr.",REP,"Monroe Charter Township, Precinct 3",50
Monroe Township Trustee (REP),"William Heck, Jr.",REP,"Monroe Charter Township, Precinct 3",88
Monroe Township Trustee (REP),Guy Howe,REP,"Monroe Charter Township, Precinct 3",49
Monroe Township Trustee (REP),Bruce Kral,REP,"Monroe Charter Township, Precinct 3",22
Monroe Township Trustee (REP),Brian S. Merkle,REP,"Monroe Charter Township, Precinct 3",120
Monroe Township Trustee (REP),Kevin Raymo,REP,"Monroe Charter Township, Precinct 3",81
Monroe Township Trustee (REP),Kevin Shipman,REP,"Monroe Charter Township, Precinct 3",70
Monroe Township Trustee (REP),Write-in,REP,"Monroe Charter Township, Precinct 3",0
Monroe Township Trustee (REP),"Wayne L. Blank, Sr.",REP,"Monroe Charter Township, Precinct 4",66
Monroe Township Trustee (REP),"William Heck, Jr.",REP,"Monroe Charter Township, Precinct 4",113
Monroe Township Trustee (REP),Guy Howe,REP,"Monroe Charter Township, Precinct 4",60
Monroe Township Trustee (REP),Bruce Kral,REP,"Monroe Charter Township, Precinct 4",36
Monroe Township Trustee (REP),Brian S. Merkle,REP,"Monroe Charter Township, Precinct 4",146
Monroe Township Trustee (REP),Kevin Raymo,REP,"Monroe Charter Township, Precinct 4",94
Monroe Township Trustee (REP),Kevin Shipman,REP,"Monroe Charter Township, Precinct 4",69
Monroe Township Trustee (REP),Write-in,REP,"Monroe Charter Township, Precinct 4",0
Monroe Township Trustee (REP),"Wayne L. Blank, Sr.",REP,"Monroe Charter Township, Precinct 5",108
Monroe Township Trustee (REP),"William Heck, Jr.",REP,"Monroe Charter Township, Precinct 5",196
Monroe Township Trustee (REP),Guy Howe,REP,"Monroe Charter Township, Precinct 5",83
Monroe Township Trustee (REP),Bruce Kral,REP,"Monroe Charter Township, Precinct 5",57
Monroe Township Trustee (REP),Brian S. Merkle,REP,"Monroe Charter Township, Precinct 5",266
Monroe Township Trustee (REP),Kevin Raymo,REP,"Monroe Charter Township, Precinct 5",172
Monroe Township Trustee (REP),Kevin Shipman,REP,"Monroe Charter Township, Precinct 5",159
Monroe Township Trustee (REP),Write-in,REP,"Monroe Charter Township, Precinct 5",0
Monroe Township Trustee (REP),"Wayne L. Blank, Sr.",REP,"Monroe Charter Township, Precinct 6",87
Monroe Township Trustee (REP),"William Heck, Jr.",REP,"Monroe Charter Township, Precinct 6",109
Monroe Township Trustee (REP),Guy Howe,REP,"Monroe Charter Township, Precinct 6",95
Monroe Township Trustee (REP),Bruce Kral,REP,"Monroe Charter Township, Precinct 6",38
Monroe Township Trustee (REP),Brian S. Merkle,REP,"Monroe Charter Township, Precinct 6",190
Monroe Township Trustee (REP),Kevin Raymo,REP,"Monroe Charter Township, Precinct 6",117
Monroe Township Trustee (REP),Kevin Shipman,REP,"Monroe Charter Township, Precinct 6",92
Monroe Township Trustee (REP),Write-in,REP,"Monroe Charter Township, Precinct 6",2
Raisinville Township Supervisor (REP),Write-in,REP,"Raisinville Township, Precinct 1",13
Raisinville Township Supervisor (REP),Write-in,REP,"Raisinville Township, Precinct 2",20
Raisinville Township Clerk (REP),Brenda K. Fetterly,REP,"Raisinville Township, Precinct 1",325
Raisinville Township Clerk (REP),Write-in,REP,"Raisinville Township, Precinct 1",2
Raisinville Township Clerk (REP),Brenda K. Fetterly,REP,"Raisinville Township, Precinct 2",248
Raisinville Township Clerk (REP),Write-in,REP,"Raisinville Township, Precinct 2",2
Raisinville Township Treasurer (REP),Rosemarie L. Meyer,REP,"Raisinville Township, Precinct 1",328
Raisinville Township Treasurer (REP),Write-in,REP,"Raisinville Township, Precinct 1",2
Raisinville Township Treasurer (REP),Rosemarie L. Meyer,REP,"Raisinville Township, Precinct 2",248
Raisinville Township Treasurer (REP),Write-in,REP,"Raisinville Township, Precinct 2",1
Raisinville Township Trustee (REP),Michael E. Jaworski,REP,"Raisinville Township, Precinct 1",261
Raisinville Township Trustee (REP),Thomas G. Woelmer,REP,"Raisinville Township, Precinct 1",268
Raisinville Township Trustee (REP),Write-in,REP,"Raisinville Township, Precinct 1",2
Raisinville Township Trustee (REP),Michael E. Jaworski,REP,"Raisinville Township, Precinct 2",185
Raisinville Township Trustee (REP),Thomas G. Woelmer,REP,"Raisinville Township, Precinct 2",220
Raisinville Township Trustee (REP),Write-in,REP,"Raisinville Township, Precinct 2",2
Raisinville Township Constable (REP),Mark J. Boylan,REP,"Raisinville Township, Precinct 1",78
Raisinville Township Constable (REP),"Jerry Kuehnlein, Jr.",REP,"Raisinville Township, Precinct 1",248
Raisinville Township Constable (REP),Write-in,REP,"Raisinville Township, Precinct 1",2
Raisinville Township Constable (REP),Mark J. Boylan,REP,"Raisinville Township, Precinct 2",71
Raisinville Township Constable (REP),"Jerry Kuehnlein, Jr.",REP,"Raisinville Township, Precinct 2",182
Raisinville Township Constable (REP),Write-in,REP,"Raisinville Township, Precinct 2",1
Summerfield Township Supervisor (REP),Richard Garst,REP,"Summerfield Township, Precinct 1",122
Summerfield Township Supervisor (REP),Dominic Lucarelli,REP,"Summerfield Township, Precinct 1",383
Summerfield Township Supervisor (REP),Write-in,REP,"Summerfield Township, Precinct 1",0
Summerfield Township Clerk (REP),Write-in,REP,"Summerfield Township, Precinct 1",12
Summerfield Township Treasurer (REP),Trudy L. Goodin,REP,"Summerfield Township, Precinct 1",439
Summerfield Township Treasurer (REP),Write-in,REP,"Summerfield Township, Precinct 1",1
Summerfield Township Trustee (REP),Scott E. Calloway,REP,"Summerfield Township, Precinct 1",97
Summerfield Township Trustee (REP),Daniel K. Curley,REP,"Summerfield Township, Precinct 1",172
Summerfield Township Trustee (REP),Benson Hoffman,REP,"Summerfield Township, Precinct 1",70
Summerfield Township Trustee (REP),"James A. Seegert, II",REP,"Summerfield Township, Precinct 1",232
Summerfield Township Trustee (REP),Mark R. Strahan,REP,"Summerfield Township, Precinct 1",252
Summerfield Township Trustee (REP),Write-in,REP,"Summerfield Township, Precinct 1",1
Whiteford Township Supervisor (REP),Nicholas R. Blaisdell,REP,"Whiteford Township, Precinct 1",160
Whiteford Township Supervisor (REP),Darrell B. Rush,REP,"Whiteford Township, Precinct 1",90
Whiteford Township Supervisor (REP),Jeff Thomas,REP,"Whiteford Township, Precinct 1",214
Whiteford Township Supervisor (REP),Write-in,REP,"Whiteford Township, Precinct 1",1
Whiteford Township Supervisor (REP),Nicholas R. Blaisdell,REP,"Whiteford Township, Precinct 2",222
Whiteford Township Supervisor (REP),Darrell B. Rush,REP,"Whiteford Township, Precinct 2",172
Whiteford Township Supervisor (REP),Jeff Thomas,REP,"Whiteford Township, Precinct 2",186
Whiteford Township Supervisor (REP),Write-in,REP,"Whiteford Township, Precinct 2",1
Whiteford Township Clerk (REP),Christine Bischoff,REP,"Whiteford Township, Precinct 1",401
Whiteford Township Clerk (REP),Write-in,REP,"Whiteford Township, Precinct 1",2
Whiteford Township Clerk (REP),Christine Bischoff,REP,"Whiteford Township, Precinct 2",478
Whiteford Township Clerk (REP),Write-in,REP,"Whiteford Township, Precinct 2",7
Whiteford Township Treasurer (REP),Timothy J. Hill,REP,"Whiteford Township, Precinct 1",136
Whiteford Township Treasurer (REP),Lee Strahan,REP,"Whiteford Township, Precinct 1",246
Whiteford Township Treasurer (REP),Lawson Stone,REP,"Whiteford Township, Precinct 1",80
Whiteford Township Treasurer (REP),Write-in,REP,"Whiteford Township, Precinct 1",0
Whiteford Township Treasurer (REP),Timothy J. Hill,REP,"Whiteford Township, Precinct 2",191
Whiteford Township Treasurer (REP),Lee Strahan,REP,"Whiteford Township, Precinct 2",319
Whiteford Township Treasurer (REP),Lawson Stone,REP,"Whiteford Township, Precinct 2",65
Whiteford Township Treasurer (REP),Write-in,REP,"Whiteford Township, Precinct 2",0
Whiteford Township Trustee (REP),Doug Bulmer,REP,"Whiteford Township, Precinct 1",130
Whiteford Township Trustee (REP),Bob Lloyd,REP,"Whiteford Township, Precinct 1",136
Whiteford Township Trustee (REP),Maxwell Miles,REP,"Whiteford Township, Precinct 1",100
Whiteford Township Trustee (REP),Ronald R. Miller,REP,"Whiteford Township, Precinct 1",139
Whiteford Township Trustee (REP),Steven Morgan,REP,"Whiteford Township, Precinct 1",217
Whiteford Township Trustee (REP),Carla Smith,REP,"Whiteford Township, Precinct 1",74
Whiteford Township Trustee (REP),Write-in,REP,"Whiteford Township, Precinct 1",5
Whiteford Township Trustee (REP),Doug Bulmer,REP,"Whiteford Township, Precinct 2",111
Whiteford Township Trustee (REP),Bob Lloyd,REP,"Whiteford Township, Precinct 2",211
Whiteford Township Trustee (REP),Maxwell Miles,REP,"Whiteford Township, Precinct 2",106
Whiteford Township Trustee (REP),Ronald R. Miller,REP,"Whiteford Township, Precinct 2",167
Whiteford Township Trustee (REP),Steven Morgan,REP,"Whiteford Township, Precinct 2",284
Whiteford Township Trustee (REP),Carla Smith,REP,"Whiteford Township, Precinct 2",127
Whiteford Township Trustee (REP),Write-in,REP,"Whiteford Township, Precinct 2",0
"Ash Township, Precinct 1 Precinct Delegate (REP)",Dawn Asper,REP,"Ash Township, Precinct 1",147
"Ash Township, Precinct 1 Precinct Delegate (REP)",William M. Asper,REP,"Ash Township, Precinct 1",127
"Ash Township, Precinct 1 Precinct Delegate (REP)",Stephanie DeSana,REP,"Ash Township, Precinct 1",172
"Ash Township, Precinct 1 Precinct Delegate (REP)",Paul J. Hrivnak,REP,"Ash Township, Precinct 1",129
"Ash Township, Precinct 1 Precinct Delegate (REP)",Write-in,REP,"Ash Township, Precinct 1",8
"Ash Township, Precinct 2 Precinct Delegate (REP)",Dennis Milosch,REP,"Ash Township, Precinct 2",233
"Ash Township, Precinct 2 Precinct Delegate (REP)",Stephen Reott,REP,"Ash Township, Precinct 2",193
"Ash Township, Precinct 2 Precinct Delegate (REP)",Write-in,REP,"Ash Township, Precinct 2",9
"Ash Township, Precinct 3 Precinct Delegate (REP)",Jeffrey Barks,REP,"Ash Township, Precinct 3",228
"Ash Township, Precinct 3 Precinct Delegate (REP)",Write-in,REP,"Ash Township, Precinct 3",6
"City of Luna Pier, Precinct 1 Precinct Delegate (REP)",Write-in,REP,"City of Luna Pier, Precinct 1",7
"City of Milan, Precinct 1 Precinct Delegate (REP)",Write-in,REP,"City of Milan, Precinct 1",13
"City of Monroe, Precinct 1 Precinct Delegate (REP)",Bill Kipf,REP,"City of Monroe, Precinct 1",135
"City of Monroe, Precinct 1 Precinct Delegate (REP)",Michele Paled,REP,"City of Monroe, Precinct 1",87
"City of Monroe, Precinct 1 Precinct Delegate (REP)",Karen Sergison,REP,"City of Monroe, Precinct 1",84
"City of Monroe, Precinct 1 Precinct Delegate (REP)",Susan Troxell,REP,"City of Monroe, Precinct 1",88
"City of Monroe, Precinct 1 Precinct Delegate (REP)",Write-in,REP,"City of Monroe, Precinct 1",1
"City of Monroe, Precinct 2 Precinct Delegate (REP)",Charles Barger,REP,"City of Monroe, Precinct 2",99
"City of Monroe, Precinct 2 Precinct Delegate (REP)",Linda Barger,REP,"City of Monroe, Precinct 2",89
"City of Monroe, Precinct 2 Precinct Delegate (REP)",Write-in,REP,"City of Monroe, Precinct 2",0
"City of Monroe, Precinct 3N Precinct Delegate (REP)",Laura B. Lauer,REP,"City of Monroe, Precinct 3N",51
"City of Monroe, Precinct 3N Precinct Delegate (REP)",Write-in,REP,"City of Monroe, Precinct 3N",2
"City of Monroe, Precinct 3N Precinct Delegate (REP)",Tammy Murdock,REP,"City of Monroe, Precinct 3N",2
"City of Monroe, Precinct 3S Precinct Delegate (REP)",John Gonta,REP,"City of Monroe, Precinct 3S",30
"City of Monroe, Precinct 3S Precinct Delegate (REP)",Write-in,REP,"City of Monroe, Precinct 3S",1
"City of Monroe, Precinct 4 Precinct Delegate (REP)",Michelle M. Germani,REP,"City of Monroe, Precinct 4",170
"City of Monroe, Precinct 4 Precinct Delegate (REP)",Donald Middleton,REP,"City of Monroe, Precinct 4",143
"City of Monroe, Precinct 4 Precinct Delegate (REP)",Connie Tyrrell,REP,"City of Monroe, Precinct 4",115
"City of Monroe, Precinct 4 Precinct Delegate (REP)",Write-in,REP,"City of Monroe, Precinct 4",3
"City of Monroe, Precinct 5 Precinct Delegate (REP)",Gary Jenkins,REP,"City of Monroe, Precinct 5",170
"City of Monroe, Precinct 5 Precinct Delegate (REP)",Annette M. Patterson,REP,"City of Monroe, Precinct 5",139
"City of Monroe, Precinct 5 Precinct Delegate (REP)",Carol Ratz,REP,"City of Monroe, Precinct 5",137
"City of Monroe, Precinct 5 Precinct Delegate (REP)",Write-in,REP,"City of Monroe, Precinct 5",17
"City of Monroe, Precinct 6 Precinct Delegate (REP)",Yvonne Gnaedinger,REP,"City of Monroe, Precinct 6",153
"City of Monroe, Precinct 6 Precinct Delegate (REP)",Donna L. Heck,REP,"City of Monroe, Precinct 6",152
"City of Monroe, Precinct 6 Precinct Delegate (REP)",Thomas E. Heck,REP,"City of Monroe, Precinct 6",154
"City of Monroe, Precinct 6 Precinct Delegate (REP)",Nicole Philippon,REP,"City of Monroe, Precinct 6",125
"City of Monroe, Precinct 6 Precinct Delegate (REP)",Write-in,REP,"City of Monroe, Precinct 6",1
"City of Petersburg, Precinct 1 Precinct Delegate (REP)",Barbara Hottenstein,REP,"City of Petersburg, Precinct 1",62
"City of Petersburg, Precinct 1 Precinct Delegate (REP)",Write-in,REP,"City of Petersburg, Precinct 1",0
"Bedford Township, Precinct 1 Precinct Delegate (REP)",Write-in,REP,"Bedford Township, Precinct 1",1
"Bedford Township, Precinct 2 Precinct Delegate (REP)",Jason Lewis,REP,"Bedford Township, Precinct 2",136
"Bedford Township, Precinct 2 Precinct Delegate (REP)",Nancy Kujda,REP,"Bedford Township, Precinct 2",125
"Bedford Township, Precinct 2 Precinct Delegate (REP)",Shannon Reno,REP,"Bedford Township, Precinct 2",126
"Bedford Township, Precinct 2 Precinct Delegate (REP)",Write-in,REP,"Bedford Township, Precinct 2",3
"Bedford Township, Precinct 3 Precinct Delegate (REP)",Clifford A. Montri,REP,"Bedford Township, Precinct 3",109
"Bedford Township, Precinct 3 Precinct Delegate (REP)",Diane L. Montri,REP,"Bedford Township, Precinct 3",107
"Bedford Township, Precinct 3 Precinct Delegate (REP)",Rob Pettrey,REP,"Bedford Township, Precinct 3",102
"Bedford Township, Precinct 3 Precinct Delegate (REP)",Dan Roth,REP,"Bedford Township, Precinct 3",97
"Bedford Township, Precinct 3 Precinct Delegate (REP)",Write-in,REP,"Bedford Township, Precinct 3",7
"Bedford Township, Precinct 3 Precinct Delegate (REP)",Barbara Betz,REP,"Bedford Township, Precinct 3",1
"Bedford Township, Precinct 3 Precinct Delegate (REP)",Corey Welch,REP,"Bedford Township, Precinct 3",1
"Bedford Township, Precinct 4 Precinct Delegate (REP)",Charles R. Hammill,REP,"Bedford Township, Precinct 4",174
"Bedford Township, Precinct 4 Precinct Delegate (REP)",Mary Jo Hammill,REP,"Bedford Township, Precinct 4",173
"Bedford Township, Precinct 4 Precinct Delegate (REP)",Write-in,REP,"Bedford Township, Precinct 4",3
"Bedford Township, Precinct 5 Precinct Delegate (REP)",Sandra Collins,REP,"Bedford Township, Precinct 5",112
"Bedford Township, Precinct 5 Precinct Delegate (REP)",Craig M. Montri,REP,"Bedford Township, Precinct 5",160
"Bedford Township, Precinct 5 Precinct Delegate (REP)",Write-in,REP,"Bedford Township, Precinct 5",3
"Bedford Township, Precinct 6 Precinct Delegate (REP)",Terrence Kolton,REP,"Bedford Township, Precinct 6",190
"Bedford Township, Precinct 6 Precinct Delegate (REP)",Vicki L. Kolton,REP,"Bedford Township, Precinct 6",183
"Bedford Township, Precinct 6 Precinct Delegate (REP)",Write-in,REP,"Bedford Township, Precinct 6",4
"Bedford Township, Precinct 7 Precinct Delegate (REP)",Deborah R. Nichols-Pawlak,REP,"Bedford Township, Precinct 7",156
"Bedford Township, Precinct 7 Precinct Delegate (REP)",Leah M. Wente,REP,"Bedford Township, Precinct 7",133
"Bedford Township, Precinct 7 Precinct Delegate (REP)",Write-in,REP,"Bedford Township, Precinct 7",0
"Bedford Township, Precinct 8 Precinct Delegate (REP)","Michael P. Malone, Sr.",REP,"Bedford Township, Precinct 8",187
"Bedford Township, Precinct 8 Precinct Delegate (REP)",Write-in,REP,"Bedford Township, Precinct 8",11
"Bedford Township, Precinct 9 Precinct Delegate (REP)",Write-in,REP,"Bedford Township, Precinct 9",14
"Bedford Township, Precinct 10 Precinct Delegate (REP)",Write-in,REP,"Bedford Township, Precinct 10",3
"Bedford Township, Precinct 11 Precinct Delegate (REP)",Carrie L. Bruning,REP,"Bedford Township, Precinct 11",139
"Bedford Township, Precinct 11 Precinct Delegate (REP)",Todd C. Bruning,REP,"Bedford Township, Precinct 11",169
"Bedford Township, Precinct 11 Precinct Delegate (REP)",Rebecca A. Pasko,REP,"Bedford Township, Precinct 11",146
"Bedford Township, Precinct 11 Precinct Delegate (REP)",Write-in,REP,"Bedford Township, Precinct 11",11
"Bedford Township, Precinct 12 Precinct Delegate (REP)",Mary Kay Thayer,REP,"Bedford Township, Precinct 12",163
"Bedford Township, Precinct 12 Precinct Delegate (REP)",Write-in,REP,"Bedford Township, Precinct 12",5
"Bedford Township, Precinct 13 Precinct Delegate (REP)",Amy Bissell,REP,"Bedford Township, Precinct 13",121
"Bedford Township, Precinct 13 Precinct Delegate (REP)",Eric Cleminson,REP,"Bedford Township, Precinct 13",114
"Bedford Township, Precinct 13 Precinct Delegate (REP)",Write-in,REP,"Bedford Township, Precinct 13",2
"Bedford Township, Precinct 14 Precinct Delegate (REP)",Chelsea Flower,REP,"Bedford Township, Precinct 14",70
"Bedford Township, Precinct 14 Precinct Delegate (REP)",Marc Holland,REP,"Bedford Township, Precinct 14",65
"Bedford Township, Precinct 14 Precinct Delegate (REP)",Douglas Stowell,REP,"Bedford Township, Precinct 14",63
"Bedford Township, Precinct 14 Precinct Delegate (REP)",Write-in,REP,"Bedford Township, Precinct 14",1
"Berlin Township, Precinct 1 Precinct Delegate (REP)",Write-in,REP,"Berlin Township, Precinct 1",14
"Berlin Township, Precinct 1 Precinct Delegate (REP)",Jacquelyn Hughes,REP,"Berlin Township, Precinct 1",11
"Berlin Township, Precinct 1 Precinct Delegate (REP)",Mark Hughes,REP,"Berlin Township, Precinct 1",0
"Berlin Township, Precinct 2 Precinct Delegate (REP)","Donald Branagan, Jr.",REP,"Berlin Township, Precinct 2",172
"Berlin Township, Precinct 2 Precinct Delegate (REP)",Ronald Grose,REP,"Berlin Township, Precinct 2",158
"Berlin Township, Precinct 2 Precinct Delegate (REP)",Write-in,REP,"Berlin Township, Precinct 2",12
"Berlin Township, Precinct 3 Precinct Delegate (REP)",Write-in,REP,"Berlin Township, Precinct 3",3
"Berlin Township, Precinct 4 Precinct Delegate (REP)",James Geiermann,REP,"Berlin Township, Precinct 4",180
"Berlin Township, Precinct 4 Precinct Delegate (REP)",Write-in,REP,"Berlin Township, Precinct 4",5
"Dundee Township, Precinct 1 Precinct Delegate (REP)",George Wilkins,REP,"Dundee Township, Precinct 1",105
"Dundee Township, Precinct 1 Precinct Delegate (REP)",Kimberly Wilkins,REP,"Dundee Township, Precinct 1",104
"Dundee Township, Precinct 1 Precinct Delegate (REP)",Write-in,REP,"Dundee Township, Precinct 1",5
"Dundee Township, Precinct 2 Precinct Delegate (REP)",Jodie Hollis,REP,"Dundee Township, Precinct 2",121
"Dundee Township, Precinct 2 Precinct Delegate (REP)",Luke Hollis,REP,"Dundee Township, Precinct 2",118
"Dundee Township, Precinct 2 Precinct Delegate (REP)",Write-in,REP,"Dundee Township, Precinct 2",9
"Dundee Township, Precinct 3 Precinct Delegate (REP)",Sandy Beauch,REP,"Dundee Township, Precinct 3",90
"Dundee Township, Precinct 3 Precinct Delegate (REP)",Steven Hill,REP,"Dundee Township, Precinct 3",115
"Dundee Township, Precinct 3 Precinct Delegate (REP)",David C. Hoffman,REP,"Dundee Township, Precinct 3",153
"Dundee Township, Precinct 3 Precinct Delegate (REP)",Karen L. Lewis,REP,"Dundee Township, Precinct 3",89
"Dundee Township, Precinct 3 Precinct Delegate (REP)",Roger D. Lewis,REP,"Dundee Township, Precinct 3",108
"Dundee Township, Precinct 3 Precinct Delegate (REP)",Heather Malone,REP,"Dundee Township, Precinct 3",105
"Dundee Township, Precinct 3 Precinct Delegate (REP)",Laura M. Perry,REP,"Dundee Township, Precinct 3",106
"Dundee Township, Precinct 3 Precinct Delegate (REP)",Leah Straka,REP,"Dundee Township, Precinct 3",90
"Dundee Township, Precinct 3 Precinct Delegate (REP)",Write-in,REP,"Dundee Township, Precinct 3",2
"Erie Township, Precinct 1 Precinct Delegate (REP)",Write-in,REP,"Erie Township, Precinct 1",23
"Erie Township, Precinct 1 Precinct Delegate (REP)",Richard Zubkoff,REP,"Erie Township, Precinct 1",1
"Exeter Township, Precinct 1 Precinct Delegate (REP)",Connie Ammerman,REP,"Exeter Township, Precinct 1",115
"Exeter Township, Precinct 1 Precinct Delegate (REP)",Lorraine R. Fiedler,REP,"Exeter Township, Precinct 1",102
"Exeter Township, Precinct 1 Precinct Delegate (REP)",Marilyn LaBudda,REP,"Exeter Township, Precinct 1",103
"Exeter Township, Precinct 1 Precinct Delegate (REP)",Christine Ann Laginess,REP,"Exeter Township, Precinct 1",122
"Exeter Township, Precinct 1 Precinct Delegate (REP)",Write-in,REP,"Exeter Township, Precinct 1",4
"Exeter Township, Precinct 2 Precinct Delegate (REP)","Charles R. Bruck, Jr.",REP,"Exeter Township, Precinct 2",133
"Exeter Township, Precinct 2 Precinct Delegate (REP)",Susan J. Hutchison,REP,"Exeter Township, Precinct 2",125
"Exeter Township, Precinct 2 Precinct Delegate (REP)",Write-in,REP,"Exeter Township, Precinct 2",25
"Frenchtown Township, Precinct 1 Precinct Delegate (REP)",Gary S. Banning,REP,"Frenchtown Township, Precinct 1",85
"Frenchtown Township, Precinct 1 Precinct Delegate (REP)",Rita Fultz,REP,"Frenchtown Township, Precinct 1",68
"Frenchtown Township, Precinct 1 Precinct Delegate (REP)",Joshua L. Zimmerman,REP,"Frenchtown Township, Precinct 1",68
"Frenchtown Township, Precinct 1 Precinct Delegate (REP)",Write-in,REP,"Frenchtown Township, Precinct 1",3
"Frenchtown Township, Precinct 2 Precinct Delegate (REP)",Billie B. Dozier,REP,"Frenchtown Township, Precinct 2",95
"Frenchtown Township, Precinct 2 Precinct Delegate (REP)",Brittany Webb,REP,"Frenchtown Township, Precinct 2",128
"Frenchtown Township, Precinct 2 Precinct Delegate (REP)",Write-in,REP,"Frenchtown Township, Precinct 2",4
"Frenchtown Township, Precinct 3 Precinct Delegate (REP)",Michael Bradford,REP,"Frenchtown Township, Precinct 3",131
"Frenchtown Township, Precinct 3 Precinct Delegate (REP)",Rachel Bradford,REP,"Frenchtown Township, Precinct 3",128
"Frenchtown Township, Precinct 3 Precinct Delegate (REP)","Douglas E. Wellman, II",REP,"Frenchtown Township, Precinct 3",149
"Frenchtown Township, Precinct 3 Precinct Delegate (REP)",Write-in,REP,"Frenchtown Township, Precinct 3",0
"Frenchtown Township, Precinct 4 Precinct Delegate (REP)",Kenneth Bonk,REP,"Frenchtown Township, Precinct 4",155
"Frenchtown Township, Precinct 4 Precinct Delegate (REP)",Georgiana VanHusen,REP,"Frenchtown Township, Precinct 4",136
"Frenchtown Township, Precinct 4 Precinct Delegate (REP)","Henry G. Werner, Jr.",REP,"Frenchtown Township, Precinct 4",141
"Frenchtown Township, Precinct 4 Precinct Delegate (REP)",Write-in,REP,"Frenchtown Township, Precinct 4",2
"Frenchtown Township, Precinct 5 Precinct Delegate (REP)",Kathleen V. Bressler,REP,"Frenchtown Township, Precinct 5",100
"Frenchtown Township, Precinct 5 Precinct Delegate (REP)",Chantal Martin,REP,"Frenchtown Township, Precinct 5",58
"Frenchtown Township, Precinct 5 Precinct Delegate (REP)",Write-in,REP,"Frenchtown Township, Precinct 5",18
"Frenchtown Township, Precinct 6 Precinct Delegate (REP)",Kyle Bryant,REP,"Frenchtown Township, Precinct 6",185
"Frenchtown Township, Precinct 6 Precinct Delegate (REP)",Steven Hyder,REP,"Frenchtown Township, Precinct 6",143
"Frenchtown Township, Precinct 6 Precinct Delegate (REP)",Write-in,REP,"Frenchtown Township, Precinct 6",1
"Frenchtown Township, Precinct 7 Precinct Delegate (REP)",Bill Knight,REP,"Frenchtown Township, Precinct 7",223
"Frenchtown Township, Precinct 7 Precinct Delegate (REP)",Jessica Peters,REP,"Frenchtown Township, Precinct 7",200
"Frenchtown Township, Precinct 7 Precinct Delegate (REP)",Jay Peters,REP,"Frenchtown Township, Precinct 7",195
"Frenchtown Township, Precinct 7 Precinct Delegate (REP)",Write-in,REP,"Frenchtown Township, Precinct 7",9
"Frenchtown Township, Precinct 8 Precinct Delegate (REP)",Write-in,REP,"Frenchtown Township, Precinct 8",9
"Frenchtown Township, Precinct 9 Precinct Delegate (REP)",Write-in,REP,"Frenchtown Township, Precinct 9",2
"Frenchtown Township, Precinct 9 Precinct Delegate (REP)",Inez Jarosz,REP,"Frenchtown Township, Precinct 9",0
"Ida Township, Precinct 1 Precinct Delegate (REP)",Sandra J. Bedee,REP,"Ida Township, Precinct 1",183
"Ida Township, Precinct 1 Precinct Delegate (REP)",Eugene David Petricca,REP,"Ida Township, Precinct 1",177
"Ida Township, Precinct 1 Precinct Delegate (REP)",Kristy Svatek Whitson,REP,"Ida Township, Precinct 1",182
"Ida Township, Precinct 1 Precinct Delegate (REP)",Carl Whitson,REP,"Ida Township, Precinct 1",200
"Ida Township, Precinct 1 Precinct Delegate (REP)",Write-in,REP,"Ida Township, Precinct 1",2
"Ida Township, Precinct 1 Precinct Delegate (REP)",James Vandercook,REP,"Ida Township, Precinct 1",1
"Ida Township, Precinct 2 Precinct Delegate (REP)",Michael Orr,REP,"Ida Township, Precinct 2",198
"Ida Township, Precinct 2 Precinct Delegate (REP)",Amber Shindler,REP,"Ida Township, Precinct 2",169
"Ida Township, Precinct 2 Precinct Delegate (REP)",Write-in,REP,"Ida Township, Precinct 2",24
"Ida Township, Precinct 2 Precinct Delegate (REP)",Eric Flotow,REP,"Ida Township, Precinct 2",2
"La Salle Township, Precinct 1 Precinct Delegate (REP)",Jamie O'Brien,REP,"La Salle Township, Precinct 1",146
"La Salle Township, Precinct 1 Precinct Delegate (REP)",Josh Taylor,REP,"La Salle Township, Precinct 1",147
"La Salle Township, Precinct 1 Precinct Delegate (REP)",Write-in,REP,"La Salle Township, Precinct 1",3
"La Salle Township, Precinct 2 Precinct Delegate (REP)",James R. Bonney,REP,"La Salle Township, Precinct 2",157
"La Salle Township, Precinct 2 Precinct Delegate (REP)",Sandra Dimeff,REP,"La Salle Township, Precinct 2",171
"La Salle Township, Precinct 2 Precinct Delegate (REP)",Cynde Knight,REP,"La Salle Township, Precinct 2",153
"La Salle Township, Precinct 2 Precinct Delegate (REP)",Annette M. Navarre,REP,"La Salle Township, Precinct 2",174
"La Salle Township, Precinct 2 Precinct Delegate (REP)",Write-in,REP,"La Salle Township, Precinct 2",8
"London Township, Precinct 1 Precinct Delegate (REP)",Kristina Johnson,REP,"London Township, Precinct 1",177
"London Township, Precinct 1 Precinct Delegate (REP)",CJ Vallade,REP,"London Township, Precinct 1",152
"London Township, Precinct 1 Precinct Delegate (REP)",Holli Vallade,REP,"London Township, Precinct 1",148
"London Township, Precinct 1 Precinct Delegate (REP)",Write-in,REP,"London Township, Precinct 1",2
"Milan Township, Precinct 1 Precinct Delegate (REP)",Renee L. Humes,REP,"Milan Township, Precinct 1",193
"Milan Township, Precinct 1 Precinct Delegate (REP)",Write-in,REP,"Milan Township, Precinct 1",7
"Milan Township, Precinct 1 Precinct Delegate (REP)",Michael Merkel,REP,"Milan Township, Precinct 1",6
"Monroe Township, Precinct 1 Precinct Delegate (REP)",Candice Ferrell,REP,"Monroe Charter Township, Precinct 1",98
"Monroe Township, Precinct 1 Precinct Delegate (REP)",Rachel Rose Frederick,REP,"Monroe Charter Township, Precinct 1",87
"Monroe Township, Precinct 1 Precinct Delegate (REP)",Write-in,REP,"Monroe Charter Township, Precinct 1",4
"Monroe Township, Precinct 2 Precinct Delegate (REP)",Write-in,REP,"Monroe Charter Township, Precinct 2",9
"Monroe Township, Precinct 3 Precinct Delegate (REP)",John M. Cullen,REP,"Monroe Charter Township, Precinct 3",128
"Monroe Township, Precinct 3 Precinct Delegate (REP)",Write-in,REP,"Monroe Charter Township, Precinct 3",2
"Monroe Township, Precinct 4 Precinct Delegate (REP)",Nancy L. Chambers,REP,"Monroe Charter Township, Precinct 4",109
"Monroe Township, Precinct 4 Precinct Delegate (REP)",Douglas Dale,REP,"Monroe Charter Township, Precinct 4",113
"Monroe Township, Precinct 4 Precinct Delegate (REP)",Stacey Lynn Terrasi,REP,"Monroe Charter Township, Precinct 4",118
"Monroe Township, Precinct 4 Precinct Delegate (REP)",Write-in,REP,"Monroe Charter Township, Precinct 4",0
"Monroe Township, Precinct 5 Precinct Delegate (REP)",Mistie Murphy,REP,"Monroe Charter Township, Precinct 5",179
"Monroe Township, Precinct 5 Precinct Delegate (REP)",David G. Nadeau,REP,"Monroe Charter Township, Precinct 5",199
"Monroe Township, Precinct 5 Precinct Delegate (REP)",Patricia A. Nadeau,REP,"Monroe Charter Township, Precinct 5",192
"Monroe Township, Precinct 5 Precinct Delegate (REP)",Write-in,REP,"Monroe Charter Township, Precinct 5",2
"Monroe Township, Precinct 6 Precinct Delegate (REP)",Write-in,REP,"Monroe Charter Township, Precinct 6",7
"Raisinville Township, Precinct 1 Precinct Delegate (REP)",Reda D. Biniecki,REP,"Raisinville Township, Precinct 1",265
"Raisinville Township, Precinct 1 Precinct Delegate (REP)",Abby Petree,REP,"Raisinville Township, Precinct 1",210
"Raisinville Township, Precinct 1 Precinct Delegate (REP)",Matt Petree,REP,"Raisinville Township, Precinct 1",215
"Raisinville Township, Precinct 1 Precinct Delegate (REP)",Mark Simmons,REP,"Raisinville Township, Precinct 1",208
"Raisinville Township, Precinct 1 Precinct Delegate (REP)",Richard Steckmeyer,REP,"Raisinville Township, Precinct 1",218
"Raisinville Township, Precinct 1 Precinct Delegate (REP)",Write-in,REP,"Raisinville Township, Precinct 1",7
"Raisinville Township, Precinct 2 Precinct Delegate (REP)",Joshua Owen Wolfenbarger,REP,"Raisinville Township, Precinct 2",187
"Raisinville Township, Precinct 2 Precinct Delegate (REP)",Cynthia Zorn,REP,"Raisinville Township, Precinct 2",190
"Raisinville Township, Precinct 2 Precinct Delegate (REP)",Write-in,REP,"Raisinville Township, Precinct 2",34
"Raisinville Township, Precinct 2 Precinct Delegate (REP)",Cora Payne,REP,"Raisinville Township, Precinct 2",12
"Raisinville Township, Precinct 2 Precinct Delegate (REP)",Douglas Payne,REP,"Raisinville Township, Precinct 2",11
"Summerfield Township, Precinct 1 Precinct Delegate (REP)",Kimberly J. Cooley-Dusseau,REP,"Summerfield Township, Precinct 1",252
"Summerfield Township, Precinct 1 Precinct Delegate (REP)",Christopher Pobursky,REP,"Summerfield Township, Precinct 1",196
"Summerfield Township, Precinct 1 Precinct Delegate (REP)",Douglas R. Stevens,REP,"Summerfield Township, Precinct 1",210
"Summerfield Township, Precinct 1 Precinct Delegate (REP)",Robert A. Weber,REP,"Summerfield Township, Precinct 1",195
"Summerfield Township, Precinct 1 Precinct Delegate (REP)",Stacey A. Weber,REP,"Summerfield Township, Precinct 1",201
"Summerfield Township, Precinct 1 Precinct Delegate (REP)",Write-in,REP,"Summerfield Township, Precinct 1",0
"Whiteford Township, Precinct 1W Precinct Delegate (REP)",Write-in,REP,"Whiteford Township, Precinct 1",12
"Whiteford Township, Precinct 2 Precinct Delegate (REP)",Write-in,REP,"Whiteford Township, Precinct 2",1
Monroe County - Senior Citizen Renewal Proposal,Yes,,"Ash Township, Precinct 1",329
Monroe County - Senior Citizen Renewal Proposal,No,,"Ash Township, Precinct 1",125
Monroe County - Senior Citizen Renewal Proposal,Yes,,"Ash Township, Precinct 2",440
Monroe County - Senior Citizen Renewal Proposal,No,,"Ash Township, Precinct 2",187
Monroe County - Senior Citizen Renewal Proposal,Yes,,"Ash Township, Precinct 3",320
Monroe County - Senior Citizen Renewal Proposal,No,,"Ash Township, Precinct 3",155
Monroe County - Senior Citizen Renewal Proposal,Yes,,"Bedford Township, Precinct 1",140
Monroe County - Senior Citizen Renewal Proposal,No,,"Bedford Township, Precinct 1",33
Monroe County - Senior Citizen Renewal Proposal,Yes,,"Bedford Township, Precinct 2",310
Monroe County - Senior Citizen Renewal Proposal,No,,"Bedford Township, Precinct 2",70
Monroe County - Senior Citizen Renewal Proposal,Yes,,"Bedford Township, Precinct 3",216
Monroe County - Senior Citizen Renewal Proposal,No,,"Bedford Township, Precinct 3",89
Monroe County - Senior Citizen Renewal Proposal,Yes,,"Bedford Township, Precinct 4",352
Monroe County - Senior Citizen Renewal Proposal,No,,"Bedford Township, Precinct 4",89
Monroe County - Senior Citizen Renewal Proposal,Yes,,"Bedford Township, Precinct 5",300
Monroe County - Senior Citizen Renewal Proposal,No,,"Bedford Township, Precinct 5",66
Monroe County - Senior Citizen Renewal Proposal,Yes,,"Bedford Township, Precinct 6",414
Monroe County - Senior Citizen Renewal Proposal,No,,"Bedford Township, Precinct 6",100
Monroe County - Senior Citizen Renewal Proposal,Yes,,"Bedford Township, Precinct 7",314
Monroe County - Senior Citizen Renewal Proposal,No,,"Bedford Township, Precinct 7",75
Monroe County - Senior Citizen Renewal Proposal,Yes,,"Bedford Township, Precinct 8",394
Monroe County - Senior Citizen Renewal Proposal,No,,"Bedford Township, Precinct 8",78
Monroe County - Senior Citizen Renewal Proposal,Yes,,"Bedford Township, Precinct 9",271
Monroe County - Senior Citizen Renewal Proposal,No,,"Bedford Township, Precinct 9",45
Monroe County - Senior Citizen Renewal Proposal,Yes,,"Bedford Township, Precinct 10",197
Monroe County - Senior Citizen Renewal Proposal,No,,"Bedford Township, Precinct 10",56
Monroe County - Senior Citizen Renewal Proposal,Yes,,"Bedford Township, Precinct 11",306
Monroe County - Senior Citizen Renewal Proposal,No,,"Bedford Township, Precinct 11",76
Monroe County - Senior Citizen Renewal Proposal,Yes,,"Bedford Township, Precinct 12",303
Monroe County - Senior Citizen Renewal Proposal,No,,"Bedford Township, Precinct 12",73
Monroe County - Senior Citizen Renewal Proposal,Yes,,"Bedford Township, Precinct 13",285
Monroe County - Senior Citizen Renewal Proposal,No,,"Bedford Township, Precinct 13",69
Monroe County - Senior Citizen Renewal Proposal,Yes,,"Bedford Township, Precinct 14",213
Monroe County - Senior Citizen Renewal Proposal,No,,"Bedford Township, Precinct 14",34
Monroe County - Senior Citizen Renewal Proposal,Yes,,"Berlin Township, Precinct 1",178
Monroe County - Senior Citizen Renewal Proposal,No,,"Berlin Township, Precinct 1",69
Monroe County - Senior Citizen Renewal Proposal,Yes,,"Berlin Township, Precinct 2",299
Monroe County - Senior Citizen Renewal Proposal,No,,"Berlin Township, Precinct 2",131
Monroe County - Senior Citizen Renewal Proposal,Yes,,"Berlin Township, Precinct 3",183
Monroe County - Senior Citizen Renewal Proposal,No,,"Berlin Township, Precinct 3",68
Monroe County - Senior Citizen Renewal Proposal,Yes,,"Berlin Township, Precinct 4",283
Monroe County - Senior Citizen Renewal Proposal,No,,"Berlin Township, Precinct 4",59
Monroe County - Senior Citizen Renewal Proposal,Yes,,"Dundee Township, Precinct 1",171
Monroe County - Senior Citizen Renewal Proposal,No,,"Dundee Township, Precinct 1",35
Monroe County - Senior Citizen Renewal Proposal,Yes,,"Dundee Township, Precinct 2",254
Monroe County - Senior Citizen Renewal Proposal,No,,"Dundee Township, Precinct 2",54
Monroe County - Senior Citizen Renewal Proposal,Yes,,"Dundee Township, Precinct 3",268
Monroe County - Senior Citizen Renewal Proposal,No,,"Dundee Township, Precinct 3",92
Monroe County - Senior Citizen Renewal Proposal,Yes,,"Erie Township, Precinct 1",512
Monroe County - Senior Citizen Renewal Proposal,No,,"Erie Township, Precinct 1",136
Monroe County - Senior Citizen Renewal Proposal,Yes,,"Exeter Township, Precinct 1",197
Monroe County - Senior Citizen Renewal Proposal,No,,"Exeter Township, Precinct 1",82
Monroe County - Senior Citizen Renewal Proposal,Yes,,"Exeter Township, Precinct 2",203
Monroe County - Senior Citizen Renewal Proposal,No,,"Exeter Township, Precinct 2",108
Monroe County - Senior Citizen Renewal Proposal,Yes,,"Frenchtown Township, Precinct 1",159
Monroe County - Senior Citizen Renewal Proposal,No,,"Frenchtown Township, Precinct 1",54
Monroe County - Senior Citizen Renewal Proposal,Yes,,"Frenchtown Township, Precinct 2",228
Monroe County - Senior Citizen Renewal Proposal,No,,"Frenchtown Township, Precinct 2",66
Monroe County - Senior Citizen Renewal Proposal,Yes,,"Frenchtown Township, Precinct 3",291
Monroe County - Senior Citizen Renewal Proposal,No,,"Frenchtown Township, Precinct 3",92
Monroe County - Senior Citizen Renewal Proposal,Yes,,"Frenchtown Township, Precinct 4",352
Monroe County - Senior Citizen Renewal Proposal,No,,"Frenchtown Township, Precinct 4",94
Monroe County - Senior Citizen Renewal Proposal,Yes,,"Frenchtown Township, Precinct 5",171
Monroe County - Senior Citizen Renewal Proposal,No,,"Frenchtown Township, Precinct 5",59
Monroe County - Senior Citizen Renewal Proposal,Yes,,"Frenchtown Township, Precinct 6",355
Monroe County - Senior Citizen Renewal Proposal,No,,"Frenchtown Township, Precinct 6",71
Monroe County - Senior Citizen Renewal Proposal,Yes,,"Frenchtown Township, Precinct 7",489
Monroe County - Senior Citizen Renewal Proposal,No,,"Frenchtown Township, Precinct 7",111
Monroe County - Senior Citizen Renewal Proposal,Yes,,"Frenchtown Township, Precinct 8",244
Monroe County - Senior Citizen Renewal Proposal,No,,"Frenchtown Township, Precinct 8",84
Monroe County - Senior Citizen Renewal Proposal,Yes,,"Frenchtown Township, Precinct 9",245
Monroe County - Senior Citizen Renewal Proposal,No,,"Frenchtown Township, Precinct 9",57
Monroe County - Senior Citizen Renewal Proposal,Yes,,"Ida Township, Precinct 1",337
Monroe County - Senior Citizen Renewal Proposal,No,,"Ida Township, Precinct 1",152
Monroe County - Senior Citizen Renewal Proposal,Yes,,"Ida Township, Precinct 2",356
Monroe County - Senior Citizen Renewal Proposal,No,,"Ida Township, Precinct 2",121
Monroe County - Senior Citizen Renewal Proposal,Yes,,"La Salle Township, Precinct 1",270
Monroe County - Senior Citizen Renewal Proposal,No,,"La Salle Township, Precinct 1",102
Monroe County - Senior Citizen Renewal Proposal,Yes,,"La Salle Township, Precinct 2",356
Monroe County - Senior Citizen Renewal Proposal,No,,"La Salle Township, Precinct 2",99
Monroe County - Senior Citizen Renewal Proposal,Yes,,"London Township, Precinct 1",224
Monroe County - Senior Citizen Renewal Proposal,No,,"London Township, Precinct 1",134
Monroe County - Senior Citizen Renewal Proposal,Yes,,"Milan Township, Precinct 1",266
Monroe County - Senior Citizen Renewal Proposal,No,,"Milan Township, Precinct 1",86
Monroe County - Senior Citizen Renewal Proposal,Yes,,"Monroe Charter Township, Precinct 1",228
Monroe County - Senior Citizen Renewal Proposal,No,,"Monroe Charter Township, Precinct 1",28
Monroe County - Senior Citizen Renewal Proposal,Yes,,"Monroe Charter Township, Precinct 2",102
Monroe County - Senior Citizen Renewal Proposal,No,,"Monroe Charter Township, Precinct 2",24
Monroe County - Senior Citizen Renewal Proposal,Yes,,"Monroe Charter Township, Precinct 3",189
Monroe County - Senior Citizen Renewal Proposal,No,,"Monroe Charter Township, Precinct 3",46
Monroe County - Senior Citizen Renewal Proposal,Yes,,"Monroe Charter Township, Precinct 4",245
Monroe County - Senior Citizen Renewal Proposal,No,,"Monroe Charter Township, Precinct 4",40
Monroe County - Senior Citizen Renewal Proposal,Yes,,"Monroe Charter Township, Precinct 5",357
Monroe County - Senior Citizen Renewal Proposal,No,,"Monroe Charter Township, Precinct 5",84
Monroe County - Senior Citizen Renewal Proposal,Yes,,"Monroe Charter Township, Precinct 6",270
Monroe County - Senior Citizen Renewal Proposal,No,,"Monroe Charter Township, Precinct 6",82
Monroe County - Senior Citizen Renewal Proposal,Yes,,"Raisinville Township, Precinct 1",342
Monroe County - Senior Citizen Renewal Proposal,No,,"Raisinville Township, Precinct 1",106
Monroe County - Senior Citizen Renewal Proposal,Yes,,"Raisinville Township, Precinct 2",371
Monroe County - Senior Citizen Renewal Proposal,No,,"Raisinville Township, Precinct 2",81
Monroe County - Senior Citizen Renewal Proposal,Yes,,"Summerfield Township, Precinct 1",367
Monroe County - Senior Citizen Renewal Proposal,No,,"Summerfield Township, Precinct 1",148
Monroe County - Senior Citizen Renewal Proposal,Yes,,"Whiteford Township, Precinct 1",385
Monroe County - Senior Citizen Renewal Proposal,No,,"Whiteford Township, Precinct 1",205
Monroe County - Senior Citizen Renewal Proposal,Yes,,"Whiteford Township, Precinct 2",390
Monroe County - Senior Citizen Renewal Proposal,No,,"Whiteford Township, Precinct 2",247
Monroe County - Senior Citizen Renewal Proposal,Yes,,"City of Luna Pier, Precinct 1",157
Monroe County - Senior Citizen Renewal Proposal,No,,"City of Luna Pier, Precinct 1",72
Monroe County - Senior Citizen Renewal Proposal,Yes,,"City of Milan, Precinct 1",189
Monroe County - Senior Citizen Renewal Proposal,No,,"City of Milan, Precinct 1",53
Monroe County - Senior Citizen Renewal Proposal,Yes,,"City of Monroe, Precinct 1",295
Monroe County - Senior Citizen Renewal Proposal,No,,"City of Monroe, Precinct 1",56
Monroe County - Senior Citizen Renewal Proposal,Yes,,"City of Monroe, Precinct 2",219
Monroe County - Senior Citizen Renewal Proposal,No,,"City of Monroe, Precinct 2",43
Monroe County - Senior Citizen Renewal Proposal,Yes,,"City of Monroe, Precinct 3N",104
Monroe County - Senior Citizen Renewal Proposal,No,,"City of Monroe, Precinct 3N",26
Monroe County - Senior Citizen Renewal Proposal,Yes,,"City of Monroe, Precinct 3S",83
Monroe County - Senior Citizen Renewal Proposal,No,,"City of Monroe, Precinct 3S",11
Monroe County - Senior Citizen Renewal Proposal,Yes,,"City of Monroe, Precinct 4",356
Monroe County - Senior Citizen Renewal Proposal,No,,"City of Monroe, Precinct 4",69
Monroe County - Senior Citizen Renewal Proposal,Yes,,"City of Monroe, Precinct 5",468
Monroe County - Senior Citizen Renewal Proposal,No,,"City of Monroe, Precinct 5",72
Monroe County - Senior Citizen Renewal Proposal,Yes,,"City of Monroe, Precinct 6",337
Monroe County - Senior Citizen Renewal Proposal,No,,"City of Monroe, Precinct 6",80
Monroe County - Senior Citizen Renewal Proposal,Yes,,"City of Petersburg, Precinct 1",125
Monroe County - Senior Citizen Renewal Proposal,No,,"City of Petersburg, Precinct 1",13
City of Luna Pier - Police Protection Millage ,Yes,,"City of Luna Pier, Precinct 1",139
City of Luna Pier - Police Protection Millage ,No,,"City of Luna Pier, Precinct 1",91
City of Luna Pier - Flood Millage Proposal,Yes,,"City of Luna Pier, Precinct 1",155
City of Luna Pier - Flood Millage Proposal,No,,"City of Luna Pier, Precinct 1",78
Ash Township - Recycling Operation And Maintenance Proposition,Yes,,"Ash Township, Precinct 1",251
Ash Township - Recycling Operation And Maintenance Proposition,No,,"Ash Township, Precinct 1",207
Ash Township - Recycling Operation And Maintenance Proposition,Yes,,"Ash Township, Precinct 2",363
Ash Township - Recycling Operation And Maintenance Proposition,No,,"Ash Township, Precinct 2",267
Ash Township - Recycling Operation And Maintenance Proposition,Yes,,"Ash Township, Precinct 3",267
Ash Township - Recycling Operation And Maintenance Proposition,No,,"Ash Township, Precinct 3",207
Bedford Township - Law Enforcement Renewal Proposal,Yes,,"Bedford Township, Precinct 1",144
Bedford Township - Law Enforcement Renewal Proposal,No,,"Bedford Township, Precinct 1",30
Bedford Township - Law Enforcement Renewal Proposal,Yes,,"Bedford Township, Precinct 2",326
Bedford Township - Law Enforcement Renewal Proposal,No,,"Bedford Township, Precinct 2",57
Bedford Township - Law Enforcement Renewal Proposal,Yes,,"Bedford Township, Precinct 3",231
Bedford Township - Law Enforcement Renewal Proposal,No,,"Bedford Township, Precinct 3",75
Bedford Township - Law Enforcement Renewal Proposal,Yes,,"Bedford Township, Precinct 4",374
Bedford Township - Law Enforcement Renewal Proposal,No,,"Bedford Township, Precinct 4",69
Bedford Township - Law Enforcement Renewal Proposal,Yes,,"Bedford Township, Precinct 5",310
Bedford Township - Law Enforcement Renewal Proposal,No,,"Bedford Township, Precinct 5",56
Bedford Township - Law Enforcement Renewal Proposal,Yes,,"Bedford Township, Precinct 6",441
Bedford Township - Law Enforcement Renewal Proposal,No,,"Bedford Township, Precinct 6",79
Bedford Township - Law Enforcement Renewal Proposal,Yes,,"Bedford Township, Precinct 7",333
Bedford Township - Law Enforcement Renewal Proposal,No,,"Bedford Township, Precinct 7",49
Bedford Township - Law Enforcement Renewal Proposal,Yes,,"Bedford Township, Precinct 8",417
Bedford Township - Law Enforcement Renewal Proposal,No,,"Bedford Township, Precinct 8",55
Bedford Township - Law Enforcement Renewal Proposal,Yes,,"Bedford Township, Precinct 9",275
Bedford Township - Law Enforcement Renewal Proposal,No,,"Bedford Township, Precinct 9",39
Bedford Township - Law Enforcement Renewal Proposal,Yes,,"Bedford Township, Precinct 10",205
Bedford Township - Law Enforcement Renewal Proposal,No,,"Bedford Township, Precinct 10",47
Bedford Township - Law Enforcement Renewal Proposal,Yes,,"Bedford Township, Precinct 11",332
Bedford Township - Law Enforcement Renewal Proposal,No,,"Bedford Township, Precinct 11",53
Bedford Township - Law Enforcement Renewal Proposal,Yes,,"Bedford Township, Precinct 12",326
Bedford Township - Law Enforcement Renewal Proposal,No,,"Bedford Township, Precinct 12",50
Bedford Township - Law Enforcement Renewal Proposal,Yes,,"Bedford Township, Precinct 13",292
Bedford Township - Law Enforcement Renewal Proposal,No,,"Bedford Township, Precinct 13",57
Bedford Township - Law Enforcement Renewal Proposal,Yes,,"Bedford Township, Precinct 14",203
Bedford Township - Law Enforcement Renewal Proposal,No,,"Bedford Township, Precinct 14",41
Erie Township - Fire Department Renewal Proposal,Yes,,"Erie Township, Precinct 1",553
Erie Township - Fire Department Renewal Proposal,No,,"Erie Township, Precinct 1",107
Frenchtown Township - Fire Department Millage Renewal for Fire Department Administration and Funding ,Yes,,"Frenchtown Township, Precinct 1",153
Frenchtown Township - Fire Department Millage Renewal for Fire Department Administration and Funding ,No,,"Frenchtown Township, Precinct 1",62
Frenchtown Township - Fire Department Millage Renewal for Fire Department Administration and Funding ,Yes,,"Frenchtown Township, Precinct 2",206
Frenchtown Township - Fire Department Millage Renewal for Fire Department Administration and Funding ,No,,"Frenchtown Township, Precinct 2",85
Frenchtown Township - Fire Department Millage Renewal for Fire Department Administration and Funding ,Yes,,"Frenchtown Township, Precinct 3",288
Frenchtown Township - Fire Department Millage Renewal for Fire Department Administration and Funding ,No,,"Frenchtown Township, Precinct 3",95
Frenchtown Township - Fire Department Millage Renewal for Fire Department Administration and Funding ,Yes,,"Frenchtown Township, Precinct 4",340
Frenchtown Township - Fire Department Millage Renewal for Fire Department Administration and Funding ,No,,"Frenchtown Township, Precinct 4",110
Frenchtown Township - Fire Department Millage Renewal for Fire Department Administration and Funding ,Yes,,"Frenchtown Township, Precinct 5",192
Frenchtown Township - Fire Department Millage Renewal for Fire Department Administration and Funding ,No,,"Frenchtown Township, Precinct 5",44
Frenchtown Township - Fire Department Millage Renewal for Fire Department Administration and Funding ,Yes,,"Frenchtown Township, Precinct 6",348
Frenchtown Township - Fire Department Millage Renewal for Fire Department Administration and Funding ,No,,"Frenchtown Township, Precinct 6",79
Frenchtown Township - Fire Department Millage Renewal for Fire Department Administration and Funding ,Yes,,"Frenchtown Township, Precinct 7",489
Frenchtown Township - Fire Department Millage Renewal for Fire Department Administration and Funding ,No,,"Frenchtown Township, Precinct 7",116
Frenchtown Township - Fire Department Millage Renewal for Fire Department Administration and Funding ,Yes,,"Frenchtown Township, Precinct 8",251
Frenchtown Township - Fire Department Millage Renewal for Fire Department Administration and Funding ,No,,"Frenchtown Township, Precinct 8",78
Frenchtown Township - Fire Department Millage Renewal for Fire Department Administration and Funding ,Yes,,"Frenchtown Township, Precinct 9",235
Frenchtown Township - Fire Department Millage Renewal for Fire Department Administration and Funding ,No,,"Frenchtown Township, Precinct 9",67
Ida Township - Fire Protection Millage Renewal and Increase Proposal,Yes,,"Ida Township, Precinct 1",360
Ida Township - Fire Protection Millage Renewal and Increase Proposal,No,,"Ida Township, Precinct 1",138
Ida Township - Fire Protection Millage Renewal and Increase Proposal,Yes,,"Ida Township, Precinct 2",351
Ida Township - Fire Protection Millage Renewal and Increase Proposal,No,,"Ida Township, Precinct 2",129
LaSalle Township - Fire Department Millage Proposal,Yes,,"La Salle Township, Precinct 1",280
LaSalle Township - Fire Department Millage Proposal,No,,"La Salle Township, Precinct 1",102
LaSalle Township - Fire Department Millage Proposal,Yes,,"La Salle Township, Precinct 2",371
LaSalle Township - Fire Department Millage Proposal,No,,"La Salle Township, Precinct 2",83
Milan Township - Road Maintenance and Repair Millage Renewal Proposal,Yes,,"Milan Township, Precinct 1",256
Milan Township - Road Maintenance and Repair Millage Renewal Proposal,No,,"Milan Township, Precinct 1",102
Milan Township - Supplemental Road Maintenance and Repair Millage Renewal Proposal,Yes,,"Milan Township, Precinct 1",220
Milan Township - Supplemental Road Maintenance and Repair Millage Renewal Proposal,No,,"Milan Township, Precinct 1",132
Milan Township - Fire Protection Millage Renewal Proposal,Yes,,"Milan Township, Precinct 1",238
Milan Township - Fire Protection Millage Renewal Proposal,No,,"Milan Township, Precinct 1",89
Whiteford Schools - Whiteford Agricultural School District of the Counties of Monroe and Lenawee Bond Proposal,Yes,,"Summerfield Township, Precinct 1",2
Whiteford Schools - Whiteford Agricultural School District of the Counties of Monroe and Lenawee Bond Proposal,No,,"Summerfield Township, Precinct 1",4
Whiteford Schools - Whiteford Agricultural School District of the Counties of Monroe and Lenawee Bond Proposal,Yes,,"Whiteford Township, Precinct 1",190
Whiteford Schools - Whiteford Agricultural School District of the Counties of Monroe and Lenawee Bond Proposal,No,,"Whiteford Township, Precinct 1",363
Whiteford Schools - Whiteford Agricultural School District of the Counties of Monroe and Lenawee Bond Proposal,Yes,,"Whiteford Township, Precinct 2",243
Whiteford Schools - Whiteford Agricultural School District of the Counties of Monroe and Lenawee Bond Proposal,No,,"Whiteford Township, Precinct 2",433
Whiteford Schools - Whiteford Agricultural School District of the Counties of Monroe and Lenawee Bond Proposal,Yes,,Riga Township (Lenawee County),10
Whiteford Schools - Whiteford Agricultural School District of the Counties of Monroe and Lenawee Bond Proposal,No,,Riga Township (Lenawee County),30
Whiteford Schools - Whiteford Agricultural School District of the Counties of Monroe and Lenawee Bond Proposal,Yes,,"Summerfield Township, Precinct 1",2
Whiteford Schools - Whiteford Agricultural School District of the Counties of Monroe and Lenawee Bond Proposal,No,,"Summerfield Township, Precinct 1",4
Whiteford Schools - Whiteford Agricultural School District of the Counties of Monroe and Lenawee Bond Proposal,Yes,,"Whiteford Township, Precinct 1",149
Whiteford Schools - Whiteford Agricultural School District of the Counties of Monroe and Lenawee Bond Proposal,No,,"Whiteford Township, Precinct 1",417
Whiteford Schools - Whiteford Agricultural School District of the Counties of Monroe and Lenawee Bond Proposal,Yes,,"Whiteford Township, Precinct 2",158
Whiteford Schools - Whiteford Agricultural School District of the Counties of Monroe and Lenawee Bond Proposal,No,,"Whiteford Township, Precinct 2",514
Whiteford Schools - Whiteford Agricultural School District of the Counties of Monroe and Lenawee Bond Proposal,Yes,,Riga Township (Lenawee County),6
Whiteford Schools - Whiteford Agricultural School District of the Counties of Monroe and Lenawee Bond Proposal,No,,Riga Township (Lenawee County),37
