Contest,Candidate,Party,Precinct,Votes
United States Senator for State (DEM),Hill Harper,DEM,"City of Fremont, Precinct 1",14
United States Senator for State (DEM),Elissa Slotkin,DEM,"City of Fremont, Precinct 1",109
United States Senator for State (DEM),Write-in,DEM,"City of Fremont, Precinct 1",0
United States Senator for State (DEM),Hill Harper,DEM,"City of Fremont, Precinct 2",20
United States Senator for State (DEM),Elissa Slotkin,DEM,"City of Fremont, Precinct 2",79
United States Senator for State (DEM),Write-in,DEM,"City of Fremont, Precinct 2",0
United States Senator for State (DEM),Hill Harper,DEM,"City of Grant, Precinct 1",2
United States Senator for State (DEM),Elissa Slotkin,DEM,"City of Grant, Precinct 1",16
United States Senator for State (DEM),Write-in,DEM,"City of Grant, Precinct 1",0
United States Senator for State (DEM),Hill Harper,DEM,"City of Newaygo, Precinct 1",14
United States Senator for State (DEM),Elissa Slotkin,DEM,"City of Newaygo, Precinct 1",64
United States Senator for State (DEM),Write-in,DEM,"City of Newaygo, Precinct 1",0
United States Senator for State (DEM),Hill Harper,DEM,"City of White Cloud, Precinct 1",9
United States Senator for State (DEM),Elissa Slotkin,DEM,"City of White Cloud, Precinct 1",24
United States Senator for State (DEM),Write-in,DEM,"City of White Cloud, Precinct 1",0
United States Senator for State (DEM),Hill Harper,DEM,"Ashland Township, Precinct 1",7
United States Senator for State (DEM),Elissa Slotkin,DEM,"Ashland Township, Precinct 1",66
United States Senator for State (DEM),Write-in,DEM,"Ashland Township, Precinct 1",0
United States Senator for State (DEM),Hill Harper,DEM,"Barton Township, Precinct 1",4
United States Senator for State (DEM),Elissa Slotkin,DEM,"Barton Township, Precinct 1",9
United States Senator for State (DEM),Write-in,DEM,"Barton Township, Precinct 1",0
United States Senator for State (DEM),Hill Harper,DEM,"Beaver Township, Precinct 1",6
United States Senator for State (DEM),Elissa Slotkin,DEM,"Beaver Township, Precinct 1",13
United States Senator for State (DEM),Write-in,DEM,"Beaver Township, Precinct 1",0
United States Senator for State (DEM),Hill Harper,DEM,"Big Prairie Township, Precinct 1",19
United States Senator for State (DEM),Elissa Slotkin,DEM,"Big Prairie Township, Precinct 1",84
United States Senator for State (DEM),Write-in,DEM,"Big Prairie Township, Precinct 1",0
United States Senator for State (DEM),Hill Harper,DEM,"Bridgeton Township, Precinct 1",11
United States Senator for State (DEM),Elissa Slotkin,DEM,"Bridgeton Township, Precinct 1",67
United States Senator for State (DEM),Write-in,DEM,"Bridgeton Township, Precinct 1",0
United States Senator for State (DEM),Hill Harper,DEM,"Brooks Township, Precinct 1",22
United States Senator for State (DEM),Elissa Slotkin,DEM,"Brooks Township, Precinct 1",127
United States Senator for State (DEM),Write-in,DEM,"Brooks Township, Precinct 1",0
United States Senator for State (DEM),Hill Harper,DEM,"Croton Township, Precinct 1",16
United States Senator for State (DEM),Elissa Slotkin,DEM,"Croton Township, Precinct 1",167
United States Senator for State (DEM),Write-in,DEM,"Croton Township, Precinct 1",0
United States Senator for State (DEM),Hill Harper,DEM,"Dayton Township, Precinct 1",16
United States Senator for State (DEM),Elissa Slotkin,DEM,"Dayton Township, Precinct 1",80
United States Senator for State (DEM),Write-in,DEM,"Dayton Township, Precinct 1",0
United States Senator for State (DEM),Hill Harper,DEM,"Denver Township, Precinct 1",11
United States Senator for State (DEM),Elissa Slotkin,DEM,"Denver Township, Precinct 1",82
United States Senator for State (DEM),Write-in,DEM,"Denver Township, Precinct 1",0
United States Senator for State (DEM),Hill Harper,DEM,"Ensley Township, Precinct 1",14
United States Senator for State (DEM),Elissa Slotkin,DEM,"Ensley Township, Precinct 1",67
United States Senator for State (DEM),Write-in,DEM,"Ensley Township, Precinct 1",0
United States Senator for State (DEM),Hill Harper,DEM,"Everett Township, Precinct 1",21
United States Senator for State (DEM),Elissa Slotkin,DEM,"Everett Township, Precinct 1",72
United States Senator for State (DEM),Write-in,DEM,"Everett Township, Precinct 1",0
United States Senator for State (DEM),Hill Harper,DEM,"Garfield Township, Precinct 1",11
United States Senator for State (DEM),Elissa Slotkin,DEM,"Garfield Township, Precinct 1",67
United States Senator for State (DEM),Write-in,DEM,"Garfield Township, Precinct 1",0
United States Senator for State (DEM),Hill Harper,DEM,"Goodwell Township, Precinct 1",3
United States Senator for State (DEM),Elissa Slotkin,DEM,"Goodwell Township, Precinct 1",19
United States Senator for State (DEM),Write-in,DEM,"Goodwell Township, Precinct 1",0
United States Senator for State (DEM),Hill Harper,DEM,"Grant Township, Precinct 1",11
United States Senator for State (DEM),Elissa Slotkin,DEM,"Grant Township, Precinct 1",65
United States Senator for State (DEM),Write-in,DEM,"Grant Township, Precinct 1",0
United States Senator for State (DEM),Hill Harper,DEM,"Home Township, Precinct 1",0
United States Senator for State (DEM),Elissa Slotkin,DEM,"Home Township, Precinct 1",16
United States Senator for State (DEM),Write-in,DEM,"Home Township, Precinct 1",0
United States Senator for State (DEM),Hill Harper,DEM,"Lilley Township, Precinct 1",3
United States Senator for State (DEM),Elissa Slotkin,DEM,"Lilley Township, Precinct 1",43
United States Senator for State (DEM),Write-in,DEM,"Lilley Township, Precinct 1",0
United States Senator for State (DEM),Hill Harper,DEM,"Lincoln Township, Precinct 1",12
United States Senator for State (DEM),Elissa Slotkin,DEM,"Lincoln Township, Precinct 1",53
United States Senator for State (DEM),Write-in,DEM,"Lincoln Township, Precinct 1",0
United States Senator for State (DEM),Hill Harper,DEM,"Merrill Township, Precinct 1",27
United States Senator for State (DEM),Elissa Slotkin,DEM,"Merrill Township, Precinct 1",28
United States Senator for State (DEM),Write-in,DEM,"Merrill Township, Precinct 1",0
United States Senator for State (DEM),Hill Harper,DEM,"Monroe Township, Precinct 1",0
United States Senator for State (DEM),Elissa Slotkin,DEM,"Monroe Township, Precinct 1",17
United States Senator for State (DEM),Write-in,DEM,"Monroe Township, Precinct 1",0
United States Senator for State (DEM),Hill Harper,DEM,"Norwich Township, Precinct 1",3
United States Senator for State (DEM),Elissa Slotkin,DEM,"Norwich Township, Precinct 1",29
United States Senator for State (DEM),Write-in,DEM,"Norwich Township, Precinct 1",0
United States Senator for State (DEM),Hill Harper,DEM,"Sheridan Charter Township, Precinct 1",11
United States Senator for State (DEM),Elissa Slotkin,DEM,"Sheridan Charter Township, Precinct 1",93
United States Senator for State (DEM),Write-in,DEM,"Sheridan Charter Township, Precinct 1",0
United States Senator for State (DEM),Hill Harper,DEM,"Sherman Township, Precinct 1",7
United States Senator for State (DEM),Elissa Slotkin,DEM,"Sherman Township, Precinct 1",46
United States Senator for State (DEM),Write-in,DEM,"Sherman Township, Precinct 1",0
United States Senator for State (DEM),Hill Harper,DEM,"Troy Township, Precinct 1",2
United States Senator for State (DEM),Elissa Slotkin,DEM,"Troy Township, Precinct 1",6
United States Senator for State (DEM),Write-in,DEM,"Troy Township, Precinct 1",0
United States Senator for State (DEM),Hill Harper,DEM,"Wilcox Township, Precinct 1",9
United States Senator for State (DEM),Elissa Slotkin,DEM,"Wilcox Township, Precinct 1",32
United States Senator for State (DEM),Write-in,DEM,"Wilcox Township, Precinct 1",0
Representative in Congress 2nd District (DEM),Michael Lynch,DEM,"City of Fremont, Precinct 1",115
Representative in Congress 2nd District (DEM),Write-in,DEM,"City of Fremont, Precinct 1",1
Representative in Congress 2nd District (DEM),Michael Lynch,DEM,"City of Fremont, Precinct 2",93
Representative in Congress 2nd District (DEM),Write-in,DEM,"City of Fremont, Precinct 2",1
Representative in Congress 2nd District (DEM),Michael Lynch,DEM,"City of Grant, Precinct 1",17
Representative in Congress 2nd District (DEM),Write-in,DEM,"City of Grant, Precinct 1",0
Representative in Congress 2nd District (DEM),Michael Lynch,DEM,"City of Newaygo, Precinct 1",76
Representative in Congress 2nd District (DEM),Write-in,DEM,"City of Newaygo, Precinct 1",0
Representative in Congress 2nd District (DEM),Michael Lynch,DEM,"City of White Cloud, Precinct 1",34
Representative in Congress 2nd District (DEM),Write-in,DEM,"City of White Cloud, Precinct 1",0
Representative in Congress 2nd District (DEM),Michael Lynch,DEM,"Ashland Township, Precinct 1",68
Representative in Congress 2nd District (DEM),Write-in,DEM,"Ashland Township, Precinct 1",0
Representative in Congress 2nd District (DEM),Michael Lynch,DEM,"Barton Township, Precinct 1",13
Representative in Congress 2nd District (DEM),Write-in,DEM,"Barton Township, Precinct 1",0
Representative in Congress 2nd District (DEM),Michael Lynch,DEM,"Beaver Township, Precinct 1",17
Representative in Congress 2nd District (DEM),Write-in,DEM,"Beaver Township, Precinct 1",0
Representative in Congress 2nd District (DEM),Michael Lynch,DEM,"Big Prairie Township, Precinct 1",94
Representative in Congress 2nd District (DEM),Write-in,DEM,"Big Prairie Township, Precinct 1",0
Representative in Congress 2nd District (DEM),Michael Lynch,DEM,"Bridgeton Township, Precinct 1",78
Representative in Congress 2nd District (DEM),Write-in,DEM,"Bridgeton Township, Precinct 1",0
Representative in Congress 2nd District (DEM),Michael Lynch,DEM,"Brooks Township, Precinct 1",137
Representative in Congress 2nd District (DEM),Write-in,DEM,"Brooks Township, Precinct 1",0
Representative in Congress 2nd District (DEM),Michael Lynch,DEM,"Croton Township, Precinct 1",173
Representative in Congress 2nd District (DEM),Write-in,DEM,"Croton Township, Precinct 1",0
Representative in Congress 2nd District (DEM),Michael Lynch,DEM,"Dayton Township, Precinct 1",85
Representative in Congress 2nd District (DEM),Write-in,DEM,"Dayton Township, Precinct 1",2
Representative in Congress 2nd District (DEM),Michael Lynch,DEM,"Denver Township, Precinct 1",87
Representative in Congress 2nd District (DEM),Write-in,DEM,"Denver Township, Precinct 1",1
Representative in Congress 2nd District (DEM),Michael Lynch,DEM,"Ensley Township, Precinct 1",76
Representative in Congress 2nd District (DEM),Write-in,DEM,"Ensley Township, Precinct 1",0
Representative in Congress 2nd District (DEM),Michael Lynch,DEM,"Everett Township, Precinct 1",87
Representative in Congress 2nd District (DEM),Write-in,DEM,"Everett Township, Precinct 1",0
Representative in Congress 2nd District (DEM),Michael Lynch,DEM,"Garfield Township, Precinct 1",71
Representative in Congress 2nd District (DEM),Write-in,DEM,"Garfield Township, Precinct 1",0
Representative in Congress 2nd District (DEM),Michael Lynch,DEM,"Goodwell Township, Precinct 1",20
Representative in Congress 2nd District (DEM),Write-in,DEM,"Goodwell Township, Precinct 1",0
Representative in Congress 2nd District (DEM),Michael Lynch,DEM,"Grant Township, Precinct 1",73
Representative in Congress 2nd District (DEM),Write-in,DEM,"Grant Township, Precinct 1",0
Representative in Congress 2nd District (DEM),Michael Lynch,DEM,"Home Township, Precinct 1",15
Representative in Congress 2nd District (DEM),Write-in,DEM,"Home Township, Precinct 1",0
Representative in Congress 2nd District (DEM),Michael Lynch,DEM,"Lilley Township, Precinct 1",46
Representative in Congress 2nd District (DEM),Write-in,DEM,"Lilley Township, Precinct 1",0
Representative in Congress 2nd District (DEM),Michael Lynch,DEM,"Lincoln Township, Precinct 1",60
Representative in Congress 2nd District (DEM),Write-in,DEM,"Lincoln Township, Precinct 1",0
Representative in Congress 2nd District (DEM),Michael Lynch,DEM,"Merrill Township, Precinct 1",45
Representative in Congress 2nd District (DEM),Write-in,DEM,"Merrill Township, Precinct 1",1
Representative in Congress 2nd District (DEM),Michael Lynch,DEM,"Monroe Township, Precinct 1",15
Representative in Congress 2nd District (DEM),Write-in,DEM,"Monroe Township, Precinct 1",0
Representative in Congress 2nd District (DEM),Michael Lynch,DEM,"Norwich Township, Precinct 1",30
Representative in Congress 2nd District (DEM),Write-in,DEM,"Norwich Township, Precinct 1",0
Representative in Congress 2nd District (DEM),Michael Lynch,DEM,"Sheridan Charter Township, Precinct 1",97
Representative in Congress 2nd District (DEM),Write-in,DEM,"Sheridan Charter Township, Precinct 1",0
Representative in Congress 2nd District (DEM),Michael Lynch,DEM,"Sherman Township, Precinct 1",48
Representative in Congress 2nd District (DEM),Write-in,DEM,"Sherman Township, Precinct 1",0
Representative in Congress 2nd District (DEM),Michael Lynch,DEM,"Troy Township, Precinct 1",7
Representative in Congress 2nd District (DEM),Write-in,DEM,"Troy Township, Precinct 1",0
Representative in Congress 2nd District (DEM),Michael Lynch,DEM,"Wilcox Township, Precinct 1",38
Representative in Congress 2nd District (DEM),Write-in,DEM,"Wilcox Township, Precinct 1",0
Representative in State Legislature 101st District (DEM),Christopher R. Crain,DEM,"City of Fremont, Precinct 1",113
Representative in State Legislature 101st District (DEM),Write-in,DEM,"City of Fremont, Precinct 1",0
Representative in State Legislature 101st District (DEM),Christopher R. Crain,DEM,"City of Fremont, Precinct 2",89
Representative in State Legislature 101st District (DEM),Write-in,DEM,"City of Fremont, Precinct 2",1
Representative in State Legislature 101st District (DEM),Christopher R. Crain,DEM,"City of Grant, Precinct 1",18
Representative in State Legislature 101st District (DEM),Write-in,DEM,"City of Grant, Precinct 1",0
Representative in State Legislature 101st District (DEM),Christopher R. Crain,DEM,"City of Newaygo, Precinct 1",76
Representative in State Legislature 101st District (DEM),Write-in,DEM,"City of Newaygo, Precinct 1",0
Representative in State Legislature 101st District (DEM),Christopher R. Crain,DEM,"City of White Cloud, Precinct 1",31
Representative in State Legislature 101st District (DEM),Write-in,DEM,"City of White Cloud, Precinct 1",0
Representative in State Legislature 101st District (DEM),Christopher R. Crain,DEM,"Ashland Township, Precinct 1",67
Representative in State Legislature 101st District (DEM),Write-in,DEM,"Ashland Township, Precinct 1",0
Representative in State Legislature 101st District (DEM),Christopher R. Crain,DEM,"Barton Township, Precinct 1",13
Representative in State Legislature 101st District (DEM),Write-in,DEM,"Barton Township, Precinct 1",0
Representative in State Legislature 101st District (DEM),Christopher R. Crain,DEM,"Beaver Township, Precinct 1",16
Representative in State Legislature 101st District (DEM),Write-in,DEM,"Beaver Township, Precinct 1",0
Representative in State Legislature 101st District (DEM),Christopher R. Crain,DEM,"Big Prairie Township, Precinct 1",96
Representative in State Legislature 101st District (DEM),Write-in,DEM,"Big Prairie Township, Precinct 1",0
Representative in State Legislature 101st District (DEM),Christopher R. Crain,DEM,"Bridgeton Township, Precinct 1",76
Representative in State Legislature 101st District (DEM),Write-in,DEM,"Bridgeton Township, Precinct 1",0
Representative in State Legislature 101st District (DEM),Christopher R. Crain,DEM,"Brooks Township, Precinct 1",136
Representative in State Legislature 101st District (DEM),Write-in,DEM,"Brooks Township, Precinct 1",0
Representative in State Legislature 101st District (DEM),Christopher R. Crain,DEM,"Croton Township, Precinct 1",168
Representative in State Legislature 101st District (DEM),Write-in,DEM,"Croton Township, Precinct 1",0
Representative in State Legislature 101st District (DEM),Christopher R. Crain,DEM,"Dayton Township, Precinct 1",86
Representative in State Legislature 101st District (DEM),Write-in,DEM,"Dayton Township, Precinct 1",1
Representative in State Legislature 101st District (DEM),Christopher R. Crain,DEM,"Denver Township, Precinct 1",86
Representative in State Legislature 101st District (DEM),Write-in,DEM,"Denver Township, Precinct 1",0
Representative in State Legislature 101st District (DEM),Christopher R. Crain,DEM,"Ensley Township, Precinct 1",76
Representative in State Legislature 101st District (DEM),Write-in,DEM,"Ensley Township, Precinct 1",0
Representative in State Legislature 101st District (DEM),Christopher R. Crain,DEM,"Everett Township, Precinct 1",85
Representative in State Legislature 101st District (DEM),Write-in,DEM,"Everett Township, Precinct 1",0
Representative in State Legislature 101st District (DEM),Christopher R. Crain,DEM,"Garfield Township, Precinct 1",71
Representative in State Legislature 101st District (DEM),Write-in,DEM,"Garfield Township, Precinct 1",0
Representative in State Legislature 101st District (DEM),Christopher R. Crain,DEM,"Goodwell Township, Precinct 1",20
Representative in State Legislature 101st District (DEM),Write-in,DEM,"Goodwell Township, Precinct 1",0
Representative in State Legislature 101st District (DEM),Christopher R. Crain,DEM,"Grant Township, Precinct 1",72
Representative in State Legislature 101st District (DEM),Write-in,DEM,"Grant Township, Precinct 1",0
Representative in State Legislature 101st District (DEM),Christopher R. Crain,DEM,"Home Township, Precinct 1",15
Representative in State Legislature 101st District (DEM),Write-in,DEM,"Home Township, Precinct 1",0
Representative in State Legislature 101st District (DEM),Christopher R. Crain,DEM,"Lilley Township, Precinct 1",46
Representative in State Legislature 101st District (DEM),Write-in,DEM,"Lilley Township, Precinct 1",0
Representative in State Legislature 101st District (DEM),Christopher R. Crain,DEM,"Lincoln Township, Precinct 1",60
Representative in State Legislature 101st District (DEM),Write-in,DEM,"Lincoln Township, Precinct 1",0
Representative in State Legislature 101st District (DEM),Christopher R. Crain,DEM,"Merrill Township, Precinct 1",45
Representative in State Legislature 101st District (DEM),Write-in,DEM,"Merrill Township, Precinct 1",0
Representative in State Legislature 101st District (DEM),Christopher R. Crain,DEM,"Monroe Township, Precinct 1",15
Representative in State Legislature 101st District (DEM),Write-in,DEM,"Monroe Township, Precinct 1",0
Representative in State Legislature 101st District (DEM),Christopher R. Crain,DEM,"Norwich Township, Precinct 1",30
Representative in State Legislature 101st District (DEM),Write-in,DEM,"Norwich Township, Precinct 1",0
Representative in State Legislature 101st District (DEM),Christopher R. Crain,DEM,"Sheridan Charter Township, Precinct 1",93
Representative in State Legislature 101st District (DEM),Write-in,DEM,"Sheridan Charter Township, Precinct 1",0
Representative in State Legislature 101st District (DEM),Christopher R. Crain,DEM,"Sherman Township, Precinct 1",47
Representative in State Legislature 101st District (DEM),Write-in,DEM,"Sherman Township, Precinct 1",0
Representative in State Legislature 101st District (DEM),Christopher R. Crain,DEM,"Troy Township, Precinct 1",6
Representative in State Legislature 101st District (DEM),Write-in,DEM,"Troy Township, Precinct 1",0
Representative in State Legislature 101st District (DEM),Christopher R. Crain,DEM,"Wilcox Township, Precinct 1",36
Representative in State Legislature 101st District (DEM),Write-in,DEM,"Wilcox Township, Precinct 1",0
County Prosecuting Attorney (DEM),Write-in,DEM,"City of Fremont, Precinct 1",13
County Prosecuting Attorney (DEM),Write-in,DEM,"City of Fremont, Precinct 2",8
County Prosecuting Attorney (DEM),Write-in,DEM,"City of Grant, Precinct 1",5
County Prosecuting Attorney (DEM),Write-in,DEM,"City of Newaygo, Precinct 1",16
County Prosecuting Attorney (DEM),Write-in,DEM,"City of White Cloud, Precinct 1",7
County Prosecuting Attorney (DEM),Write-in,DEM,"Ashland Township, Precinct 1",11
County Prosecuting Attorney (DEM),Write-in,DEM,"Barton Township, Precinct 1",1
County Prosecuting Attorney (DEM),Write-in,DEM,"Beaver Township, Precinct 1",2
County Prosecuting Attorney (DEM),Write-in,DEM,"Big Prairie Township, Precinct 1",16
County Prosecuting Attorney (DEM),Write-in,DEM,"Bridgeton Township, Precinct 1",19
County Prosecuting Attorney (DEM),Write-in,DEM,"Brooks Township, Precinct 1",23
County Prosecuting Attorney (DEM),Write-in,DEM,"Croton Township, Precinct 1",28
County Prosecuting Attorney (DEM),Write-in,DEM,"Dayton Township, Precinct 1",10
County Prosecuting Attorney (DEM),Write-in,DEM,"Denver Township, Precinct 1",14
County Prosecuting Attorney (DEM),Write-in,DEM,"Ensley Township, Precinct 1",8
County Prosecuting Attorney (DEM),Write-in,DEM,"Everett Township, Precinct 1",14
County Prosecuting Attorney (DEM),Write-in,DEM,"Garfield Township, Precinct 1",10
County Prosecuting Attorney (DEM),Write-in,DEM,"Goodwell Township, Precinct 1",1
County Prosecuting Attorney (DEM),Write-in,DEM,"Grant Township, Precinct 1",8
County Prosecuting Attorney (DEM),Write-in,DEM,"Home Township, Precinct 1",3
County Prosecuting Attorney (DEM),Write-in,DEM,"Lilley Township, Precinct 1",7
County Prosecuting Attorney (DEM),Write-in,DEM,"Lincoln Township, Precinct 1",4
County Prosecuting Attorney (DEM),Write-in,DEM,"Merrill Township, Precinct 1",11
County Prosecuting Attorney (DEM),Write-in,DEM,"Monroe Township, Precinct 1",0
County Prosecuting Attorney (DEM),Write-in,DEM,"Norwich Township, Precinct 1",3
County Prosecuting Attorney (DEM),Write-in,DEM,"Sheridan Charter Township, Precinct 1",8
County Prosecuting Attorney (DEM),Write-in,DEM,"Sherman Township, Precinct 1",5
County Prosecuting Attorney (DEM),Write-in,DEM,"Troy Township, Precinct 1",1
County Prosecuting Attorney (DEM),Write-in,DEM,"Wilcox Township, Precinct 1",6
County Sheriff (DEM),Write-in,DEM,"City of Fremont, Precinct 1",15
County Sheriff (DEM),Write-in,DEM,"City of Fremont, Precinct 2",8
County Sheriff (DEM),Write-in,DEM,"City of Grant, Precinct 1",5
County Sheriff (DEM),Write-in,DEM,"City of Newaygo, Precinct 1",14
County Sheriff (DEM),Write-in,DEM,"City of White Cloud, Precinct 1",5
County Sheriff (DEM),Write-in,DEM,"Ashland Township, Precinct 1",9
County Sheriff (DEM),Write-in,DEM,"Barton Township, Precinct 1",1
County Sheriff (DEM),Write-in,DEM,"Beaver Township, Precinct 1",2
County Sheriff (DEM),Write-in,DEM,"Big Prairie Township, Precinct 1",16
County Sheriff (DEM),Write-in,DEM,"Bridgeton Township, Precinct 1",18
County Sheriff (DEM),Write-in,DEM,"Brooks Township, Precinct 1",19
County Sheriff (DEM),Write-in,DEM,"Croton Township, Precinct 1",28
County Sheriff (DEM),Write-in,DEM,"Dayton Township, Precinct 1",8
County Sheriff (DEM),Write-in,DEM,"Denver Township, Precinct 1",14
County Sheriff (DEM),Write-in,DEM,"Ensley Township, Precinct 1",7
County Sheriff (DEM),Write-in,DEM,"Everett Township, Precinct 1",13
County Sheriff (DEM),Write-in,DEM,"Garfield Township, Precinct 1",10
County Sheriff (DEM),Write-in,DEM,"Goodwell Township, Precinct 1",2
County Sheriff (DEM),Write-in,DEM,"Grant Township, Precinct 1",7
County Sheriff (DEM),Write-in,DEM,"Home Township, Precinct 1",3
County Sheriff (DEM),Write-in,DEM,"Lilley Township, Precinct 1",6
County Sheriff (DEM),Write-in,DEM,"Lincoln Township, Precinct 1",3
County Sheriff (DEM),Write-in,DEM,"Merrill Township, Precinct 1",8
County Sheriff (DEM),Write-in,DEM,"Monroe Township, Precinct 1",0
County Sheriff (DEM),Write-in,DEM,"Norwich Township, Precinct 1",3
County Sheriff (DEM),Write-in,DEM,"Sheridan Charter Township, Precinct 1",10
County Sheriff (DEM),Write-in,DEM,"Sherman Township, Precinct 1",3
County Sheriff (DEM),Write-in,DEM,"Troy Township, Precinct 1",1
County Sheriff (DEM),Write-in,DEM,"Wilcox Township, Precinct 1",5
County Clerk (DEM),Write-in,DEM,"City of Fremont, Precinct 1",12
County Clerk (DEM),Write-in,DEM,"City of Fremont, Precinct 2",9
County Clerk (DEM),Write-in,DEM,"City of Grant, Precinct 1",5
County Clerk (DEM),Write-in,DEM,"City of Newaygo, Precinct 1",13
County Clerk (DEM),Write-in,DEM,"City of White Cloud, Precinct 1",5
County Clerk (DEM),Write-in,DEM,"Ashland Township, Precinct 1",9
County Clerk (DEM),Write-in,DEM,"Barton Township, Precinct 1",1
County Clerk (DEM),Write-in,DEM,"Beaver Township, Precinct 1",2
County Clerk (DEM),Write-in,DEM,"Big Prairie Township, Precinct 1",16
County Clerk (DEM),Write-in,DEM,"Bridgeton Township, Precinct 1",18
County Clerk (DEM),Write-in,DEM,"Brooks Township, Precinct 1",19
County Clerk (DEM),Write-in,DEM,"Croton Township, Precinct 1",27
County Clerk (DEM),Write-in,DEM,"Dayton Township, Precinct 1",8
County Clerk (DEM),Write-in,DEM,"Denver Township, Precinct 1",14
County Clerk (DEM),Write-in,DEM,"Ensley Township, Precinct 1",7
County Clerk (DEM),Write-in,DEM,"Everett Township, Precinct 1",13
County Clerk (DEM),Write-in,DEM,"Garfield Township, Precinct 1",10
County Clerk (DEM),Write-in,DEM,"Goodwell Township, Precinct 1",1
County Clerk (DEM),Write-in,DEM,"Grant Township, Precinct 1",8
County Clerk (DEM),Write-in,DEM,"Home Township, Precinct 1",3
County Clerk (DEM),Write-in,DEM,"Lilley Township, Precinct 1",6
County Clerk (DEM),Write-in,DEM,"Lincoln Township, Precinct 1",3
County Clerk (DEM),Write-in,DEM,"Merrill Township, Precinct 1",8
County Clerk (DEM),Write-in,DEM,"Monroe Township, Precinct 1",0
County Clerk (DEM),Write-in,DEM,"Norwich Township, Precinct 1",2
County Clerk (DEM),Write-in,DEM,"Sheridan Charter Township, Precinct 1",6
County Clerk (DEM),Write-in,DEM,"Sherman Township, Precinct 1",3
County Clerk (DEM),Write-in,DEM,"Troy Township, Precinct 1",1
County Clerk (DEM),Write-in,DEM,"Wilcox Township, Precinct 1",6
County Treasurer (DEM),Write-in,DEM,"City of Fremont, Precinct 1",12
County Treasurer (DEM),Write-in,DEM,"City of Fremont, Precinct 2",8
County Treasurer (DEM),Write-in,DEM,"City of Grant, Precinct 1",5
County Treasurer (DEM),Write-in,DEM,"City of Newaygo, Precinct 1",14
County Treasurer (DEM),Write-in,DEM,"City of White Cloud, Precinct 1",5
County Treasurer (DEM),Write-in,DEM,"Ashland Township, Precinct 1",9
County Treasurer (DEM),Write-in,DEM,"Barton Township, Precinct 1",1
County Treasurer (DEM),Write-in,DEM,"Beaver Township, Precinct 1",2
County Treasurer (DEM),Write-in,DEM,"Big Prairie Township, Precinct 1",15
County Treasurer (DEM),Write-in,DEM,"Bridgeton Township, Precinct 1",18
County Treasurer (DEM),Write-in,DEM,"Brooks Township, Precinct 1",19
County Treasurer (DEM),Write-in,DEM,"Croton Township, Precinct 1",27
County Treasurer (DEM),Write-in,DEM,"Dayton Township, Precinct 1",8
County Treasurer (DEM),Write-in,DEM,"Denver Township, Precinct 1",14
County Treasurer (DEM),Write-in,DEM,"Ensley Township, Precinct 1",7
County Treasurer (DEM),Write-in,DEM,"Everett Township, Precinct 1",13
County Treasurer (DEM),Write-in,DEM,"Garfield Township, Precinct 1",10
County Treasurer (DEM),Write-in,DEM,"Goodwell Township, Precinct 1",1
County Treasurer (DEM),Write-in,DEM,"Grant Township, Precinct 1",8
County Treasurer (DEM),Write-in,DEM,"Home Township, Precinct 1",3
County Treasurer (DEM),Write-in,DEM,"Lilley Township, Precinct 1",6
County Treasurer (DEM),Write-in,DEM,"Lincoln Township, Precinct 1",3
County Treasurer (DEM),Write-in,DEM,"Merrill Township, Precinct 1",8
County Treasurer (DEM),Write-in,DEM,"Monroe Township, Precinct 1",0
County Treasurer (DEM),Write-in,DEM,"Norwich Township, Precinct 1",2
County Treasurer (DEM),Write-in,DEM,"Sheridan Charter Township, Precinct 1",6
County Treasurer (DEM),Write-in,DEM,"Sherman Township, Precinct 1",3
County Treasurer (DEM),Write-in,DEM,"Troy Township, Precinct 1",1
County Treasurer (DEM),Write-in,DEM,"Wilcox Township, Precinct 1",5
County Register of Deeds (DEM),Write-in,DEM,"City of Fremont, Precinct 1",13
County Register of Deeds (DEM),Write-in,DEM,"City of Fremont, Precinct 2",8
County Register of Deeds (DEM),Write-in,DEM,"City of Grant, Precinct 1",5
County Register of Deeds (DEM),Write-in,DEM,"City of Newaygo, Precinct 1",14
County Register of Deeds (DEM),Write-in,DEM,"City of White Cloud, Precinct 1",5
County Register of Deeds (DEM),Write-in,DEM,"Ashland Township, Precinct 1",9
County Register of Deeds (DEM),Write-in,DEM,"Barton Township, Precinct 1",1
County Register of Deeds (DEM),Write-in,DEM,"Beaver Township, Precinct 1",2
County Register of Deeds (DEM),Write-in,DEM,"Big Prairie Township, Precinct 1",16
County Register of Deeds (DEM),Write-in,DEM,"Bridgeton Township, Precinct 1",18
County Register of Deeds (DEM),Write-in,DEM,"Brooks Township, Precinct 1",23
County Register of Deeds (DEM),Write-in,DEM,"Croton Township, Precinct 1",26
County Register of Deeds (DEM),Write-in,DEM,"Dayton Township, Precinct 1",8
County Register of Deeds (DEM),Write-in,DEM,"Denver Township, Precinct 1",14
County Register of Deeds (DEM),Write-in,DEM,"Ensley Township, Precinct 1",7
County Register of Deeds (DEM),Write-in,DEM,"Everett Township, Precinct 1",13
County Register of Deeds (DEM),Write-in,DEM,"Garfield Township, Precinct 1",10
County Register of Deeds (DEM),Write-in,DEM,"Goodwell Township, Precinct 1",1
County Register of Deeds (DEM),Write-in,DEM,"Grant Township, Precinct 1",8
County Register of Deeds (DEM),Write-in,DEM,"Home Township, Precinct 1",3
County Register of Deeds (DEM),Write-in,DEM,"Lilley Township, Precinct 1",7
County Register of Deeds (DEM),Write-in,DEM,"Lincoln Township, Precinct 1",3
County Register of Deeds (DEM),Write-in,DEM,"Merrill Township, Precinct 1",9
County Register of Deeds (DEM),Write-in,DEM,"Monroe Township, Precinct 1",0
County Register of Deeds (DEM),Write-in,DEM,"Norwich Township, Precinct 1",2
County Register of Deeds (DEM),Write-in,DEM,"Sheridan Charter Township, Precinct 1",6
County Register of Deeds (DEM),Write-in,DEM,"Sherman Township, Precinct 1",3
County Register of Deeds (DEM),Write-in,DEM,"Troy Township, Precinct 1",1
County Register of Deeds (DEM),Write-in,DEM,"Wilcox Township, Precinct 1",5
County Drain Commissioner (DEM),Write-in,DEM,"City of Fremont, Precinct 1",11
County Drain Commissioner (DEM),Write-in,DEM,"City of Fremont, Precinct 2",9
County Drain Commissioner (DEM),Write-in,DEM,"City of Grant, Precinct 1",4
County Drain Commissioner (DEM),Write-in,DEM,"City of Newaygo, Precinct 1",14
County Drain Commissioner (DEM),Write-in,DEM,"City of White Cloud, Precinct 1",5
County Drain Commissioner (DEM),Write-in,DEM,"Ashland Township, Precinct 1",9
County Drain Commissioner (DEM),Write-in,DEM,"Barton Township, Precinct 1",1
County Drain Commissioner (DEM),Write-in,DEM,"Beaver Township, Precinct 1",2
County Drain Commissioner (DEM),Write-in,DEM,"Big Prairie Township, Precinct 1",16
County Drain Commissioner (DEM),Write-in,DEM,"Bridgeton Township, Precinct 1",17
County Drain Commissioner (DEM),Write-in,DEM,"Brooks Township, Precinct 1",18
County Drain Commissioner (DEM),Write-in,DEM,"Croton Township, Precinct 1",27
County Drain Commissioner (DEM),Write-in,DEM,"Dayton Township, Precinct 1",7
County Drain Commissioner (DEM),Write-in,DEM,"Denver Township, Precinct 1",14
County Drain Commissioner (DEM),Write-in,DEM,"Ensley Township, Precinct 1",7
County Drain Commissioner (DEM),Write-in,DEM,"Everett Township, Precinct 1",12
County Drain Commissioner (DEM),Write-in,DEM,"Garfield Township, Precinct 1",9
County Drain Commissioner (DEM),Write-in,DEM,"Goodwell Township, Precinct 1",1
County Drain Commissioner (DEM),Write-in,DEM,"Grant Township, Precinct 1",8
County Drain Commissioner (DEM),Write-in,DEM,"Home Township, Precinct 1",3
County Drain Commissioner (DEM),Write-in,DEM,"Lilley Township, Precinct 1",6
County Drain Commissioner (DEM),Write-in,DEM,"Lincoln Township, Precinct 1",3
County Drain Commissioner (DEM),Write-in,DEM,"Merrill Township, Precinct 1",8
County Drain Commissioner (DEM),Write-in,DEM,"Monroe Township, Precinct 1",0
County Drain Commissioner (DEM),Write-in,DEM,"Norwich Township, Precinct 1",2
County Drain Commissioner (DEM),Write-in,DEM,"Sheridan Charter Township, Precinct 1",6
County Drain Commissioner (DEM),Write-in,DEM,"Sherman Township, Precinct 1",3
County Drain Commissioner (DEM),Write-in,DEM,"Troy Township, Precinct 1",1
County Drain Commissioner (DEM),Write-in,DEM,"Wilcox Township, Precinct 1",4
County Commissioner 1st District (DEM),Write-in,DEM,"City of Fremont, Precinct 1",14
County Commissioner 1st District (DEM),Write-in,DEM,"Beaver Township, Precinct 1",1
County Commissioner 1st District (DEM),Write-in,DEM,"Dayton Township, Precinct 1",11
County Commissioner 1st District (DEM),Write-in,DEM,"Denver Township, Precinct 1",14
County Commissioner 1st District (DEM),Write-in,DEM,"Troy Township, Precinct 1",0
County Commissioner 2nd District (DEM),Write-in,DEM,"City of Fremont, Precinct 2",9
County Commissioner 2nd District (DEM),Write-in,DEM,"Bridgeton Township, Precinct 1",19
County Commissioner 2nd District (DEM),Write-in,DEM,"Sheridan Charter Township, Precinct 1",5
County Commissioner 3rd District (DEM),Write-in,DEM,"City of White Cloud, Precinct 1",5
County Commissioner 3rd District (DEM),Write-in,DEM,"Barton Township, Precinct 1",1
County Commissioner 3rd District (DEM),Write-in,DEM,"Home Township, Precinct 1",3
County Commissioner 3rd District (DEM),Write-in,DEM,"Lilley Township, Precinct 1",6
County Commissioner 3rd District (DEM),Write-in,DEM,"Lincoln Township, Precinct 1",3
County Commissioner 3rd District (DEM),Write-in,DEM,"Merrill Township, Precinct 1",7
County Commissioner 3rd District (DEM),Write-in,DEM,"Monroe Township, Precinct 1",0
County Commissioner 3rd District (DEM),Write-in,DEM,"Norwich Township, Precinct 1",2
County Commissioner 3rd District (DEM),Write-in,DEM,"Wilcox Township, Precinct 1",4
County Commissioner 4th District (DEM),Write-in,DEM,"Big Prairie Township, Precinct 1",14
County Commissioner 4th District (DEM),Write-in,DEM,"Everett Township, Precinct 1",17
County Commissioner 4th District (DEM),Write-in,DEM,"Goodwell Township, Precinct 1",1
County Commissioner 4th District (DEM),Write-in,DEM,"Sherman Township, Precinct 1",3
County Commissioner 5th District (DEM),Write-in,DEM,"City of Newaygo, Precinct 1",12
County Commissioner 5th District (DEM),Write-in,DEM,"Brooks Township, Precinct 1",16
County Commissioner 5th District (DEM),Write-in,DEM,"Garfield Township, Precinct 1",7
County Commissioner 6th District (DEM),Write-in,DEM,"Brooks Township, Precinct 1",5
County Commissioner 6th District (DEM),Write-in,DEM,"Croton Township, Precinct 1",27
County Commissioner 6th District (DEM),Write-in,DEM,"Ensley Township, Precinct 1",7
County Commissioner 7th District (DEM),Write-in,DEM,"City of Grant, Precinct 1",5
County Commissioner 7th District (DEM),Write-in,DEM,"Ashland Township, Precinct 1",9
County Commissioner 7th District (DEM),Write-in,DEM,"Grant Township, Precinct 1",8
Ashland Township Supervisor (DEM),Write-in,DEM,"Ashland Township, Precinct 1",9
Ashland Township Clerk (DEM),Write-in,DEM,"Ashland Township, Precinct 1",8
Ashland Township Treasurer (DEM),Write-in,DEM,"Ashland Township, Precinct 1",7
Ashland Township Trustee (DEM),Write-in,DEM,"Ashland Township, Precinct 1",12
Barton Township Supervisor (DEM),Write-in,DEM,"Barton Township, Precinct 1",1
Barton Township Clerk (DEM),Write-in,DEM,"Barton Township, Precinct 1",1
Barton Township Treasurer (DEM),Write-in,DEM,"Barton Township, Precinct 1",1
Barton Township Trustee (DEM),Write-in,DEM,"Barton Township, Precinct 1",2
Beaver Township Supervisor (DEM),Write-in,DEM,"Beaver Township, Precinct 1",1
Beaver Township Clerk (DEM),Write-in,DEM,"Beaver Township, Precinct 1",1
Beaver Township Treasurer (DEM),Write-in,DEM,"Beaver Township, Precinct 1",1
Beaver Township Trustee (DEM),Gene Knapp,DEM,"Beaver Township, Precinct 1",14
Beaver Township Trustee (DEM),Write-in,DEM,"Beaver Township, Precinct 1",0
Big Prairie Township Supervisor (DEM),Reuben Tucker,DEM,"Big Prairie Township, Precinct 1",93
Big Prairie Township Supervisor (DEM),Write-in,DEM,"Big Prairie Township, Precinct 1",2
Big Prairie Township Clerk (DEM),Write-in,DEM,"Big Prairie Township, Precinct 1",14
Big Prairie Township Treasurer (DEM),Write-in,DEM,"Big Prairie Township, Precinct 1",15
Big Prairie Township Trustee (DEM),Write-in,DEM,"Big Prairie Township, Precinct 1",18
Big Prairie Township Park Commissioner (DEM),Write-in,DEM,"Big Prairie Township, Precinct 1",29
Bridgeton Township Supervisor (DEM),Write-in,DEM,"Bridgeton Township, Precinct 1",19
Bridgeton Township Clerk (DEM),Write-in,DEM,"Bridgeton Township, Precinct 1",19
Bridgeton Township Treasurer (DEM),Write-in,DEM,"Bridgeton Township, Precinct 1",19
Bridgeton Township Trustee (DEM),Peggy Herman-Hinton,DEM,"Bridgeton Township, Precinct 1",60
Bridgeton Township Trustee (DEM),Write-in,DEM,"Bridgeton Township, Precinct 1",1
Brooks Township Supervisor (DEM),Write-in,DEM,"Brooks Township, Precinct 1",20
Brooks Township Clerk (DEM),Write-in,DEM,"Brooks Township, Precinct 1",21
Brooks Township Treasurer (DEM),Write-in,DEM,"Brooks Township, Precinct 1",20
Brooks Township Trustee (DEM),Write-in,DEM,"Brooks Township, Precinct 1",29
Croton Township Supervisor (DEM),Write-in,DEM,"Croton Township, Precinct 1",26
Croton Township Clerk (DEM),Write-in,DEM,"Croton Township, Precinct 1",26
Croton Township Treasurer (DEM),Write-in,DEM,"Croton Township, Precinct 1",25
Croton Township Trustee (DEM),Write-in,DEM,"Croton Township, Precinct 1",34
Dayton Township Supervisor (DEM),Write-in,DEM,"Dayton Township, Precinct 1",10
Dayton Township Clerk (DEM),Write-in,DEM,"Dayton Township, Precinct 1",10
Dayton Township Treasurer (DEM),Write-in,DEM,"Dayton Township, Precinct 1",10
Dayton Township Trustee (DEM),Write-in,DEM,"Dayton Township, Precinct 1",14
Denver Township Supervisor (DEM),Write-in,DEM,"Denver Township, Precinct 1",13
Denver Township Clerk (DEM),Write-in,DEM,"Denver Township, Precinct 1",13
Denver Township Treasurer (DEM),Write-in,DEM,"Denver Township, Precinct 1",13
Denver Township Trustee (DEM),Jeff Rumsey Sr.,DEM,"Denver Township, Precinct 1",81
Denver Township Trustee (DEM),Write-in,DEM,"Denver Township, Precinct 1",1
Ensley Township Supervisor (DEM),Write-in,DEM,"Ensley Township, Precinct 1",6
Ensley Township Clerk (DEM),Write-in,DEM,"Ensley Township, Precinct 1",6
Ensley Township Treasurer (DEM),Write-in,DEM,"Ensley Township, Precinct 1",6
Ensley Township Trustee (DEM),Write-in,DEM,"Ensley Township, Precinct 1",9
Everett Township Supervisor (DEM),Write-in,DEM,"Everett Township, Precinct 1",15
Everett Township Clerk (DEM),Write-in,DEM,"Everett Township, Precinct 1",14
Everett Township Treasurer (DEM),Brandy Fleming,DEM,"Everett Township, Precinct 1",68
Everett Township Treasurer (DEM),Write-in,DEM,"Everett Township, Precinct 1",0
Everett Township Trustee (DEM),Write-in,DEM,"Everett Township, Precinct 1",18
Garfield Township Supervisor (DEM),Write-in,DEM,"Garfield Township, Precinct 1",7
Garfield Township Clerk (DEM),Write-in,DEM,"Garfield Township, Precinct 1",7
Garfield Township Treasurer (DEM),Write-in,DEM,"Garfield Township, Precinct 1",7
Garfield Township Trustee (DEM),Write-in,DEM,"Garfield Township, Precinct 1",12
Goodwell Township Supervisor (DEM),Write-in,DEM,"Goodwell Township, Precinct 1",1
Goodwell Township Clerk (DEM),Write-in,DEM,"Goodwell Township, Precinct 1",1
Goodwell Township Treasurer (DEM),Write-in,DEM,"Goodwell Township, Precinct 1",1
Goodwell Township Trustee (DEM),Write-in,DEM,"Goodwell Township, Precinct 1",2
Grant Township Supervisor (DEM),Write-in,DEM,"Grant Township, Precinct 1",8
Grant Township Clerk (DEM),Write-in,DEM,"Grant Township, Precinct 1",8
Grant Township Treasurer (DEM),Write-in,DEM,"Grant Township, Precinct 1",8
Grant Township Trustee (DEM),Write-in,DEM,"Grant Township, Precinct 1",11
Home Township Supervisor (DEM),Write-in,DEM,"Home Township, Precinct 1",2
Home Township Clerk (DEM),Write-in,DEM,"Home Township, Precinct 1",2
Home Township Treasurer (DEM),Write-in,DEM,"Home Township, Precinct 1",2
Home Township Trustee (DEM),Write-in,DEM,"Home Township, Precinct 1",4
Lilley Township Supervisor (DEM),Write-in,DEM,"Lilley Township, Precinct 1",6
Lilley Township Clerk (DEM),Write-in,DEM,"Lilley Township, Precinct 1",6
Lilley Township Treasurer (DEM),Write-in,DEM,"Lilley Township, Precinct 1",5
Lilley Township Trustee (DEM),Judith Hoving,DEM,"Lilley Township, Precinct 1",41
Lilley Township Trustee (DEM),Write-in,DEM,"Lilley Township, Precinct 1",1
Lincoln Township Supervisor (DEM),Write-in,DEM,"Lincoln Township, Precinct 1",3
Lincoln Township Clerk (DEM),Write-in,DEM,"Lincoln Township, Precinct 1",3
Lincoln Township Treasurer (DEM),Write-in,DEM,"Lincoln Township, Precinct 1",3
Lincoln Township Trustee (DEM),Write-in,DEM,"Lincoln Township, Precinct 1",3
Merrill Township Supervisor (DEM),Write-in,DEM,"Merrill Township, Precinct 1",8
Merrill Township Clerk (DEM),Tabatha Glezman,DEM,"Merrill Township, Precinct 1",46
Merrill Township Clerk (DEM),Write-in,DEM,"Merrill Township, Precinct 1",0
Merrill Township Treasurer (DEM),Leslie Anderson,DEM,"Merrill Township, Precinct 1",42
Merrill Township Treasurer (DEM),Write-in,DEM,"Merrill Township, Precinct 1",2
Merrill Township Trustee (DEM),Eric J. Anderson,DEM,"Merrill Township, Precinct 1",22
Merrill Township Trustee (DEM),Michael St. Amour,DEM,"Merrill Township, Precinct 1",13
Merrill Township Trustee (DEM),Venola Walton-Stanciel,DEM,"Merrill Township, Precinct 1",46
Merrill Township Trustee (DEM),Write-in,DEM,"Merrill Township, Precinct 1",0
Monroe Township Supervisor (DEM),Write-in,DEM,"Monroe Township, Precinct 1",0
Monroe Township Clerk (DEM),Write-in,DEM,"Monroe Township, Precinct 1",0
Monroe Township Treasurer (DEM),Write-in,DEM,"Monroe Township, Precinct 1",0
Monroe Township Trustee (DEM),Gretchen Ochs,DEM,"Monroe Township, Precinct 1",14
Monroe Township Trustee (DEM),Write-in,DEM,"Monroe Township, Precinct 1",0
Norwich Township Supervisor (DEM),Write-in,DEM,"Norwich Township, Precinct 1",2
Norwich Township Clerk (DEM),Write-in,DEM,"Norwich Township, Precinct 1",2
Norwich Township Treasurer (DEM),Write-in,DEM,"Norwich Township, Precinct 1",2
Norwich Township Trustee (DEM),Stephanie Morgan,DEM,"Norwich Township, Precinct 1",28
Norwich Township Trustee (DEM),Write-in,DEM,"Norwich Township, Precinct 1",0
Sheridan Charter Township Supervisor (DEM),Peter L. Lance,DEM,"Sheridan Charter Township, Precinct 1",89
Sheridan Charter Township Supervisor (DEM),Write-in,DEM,"Sheridan Charter Township, Precinct 1",0
Sheridan Charter Township Clerk (DEM),Write-in,DEM,"Sheridan Charter Township, Precinct 1",5
Sheridan Charter Township Treasurer (DEM),Write-in,DEM,"Sheridan Charter Township, Precinct 1",7
Sheridan Charter Township Trustee (DEM),Write-in,DEM,"Sheridan Charter Township, Precinct 1",16
Sherman Township Supervisor (DEM),Write-in,DEM,"Sherman Township, Precinct 1",3
Sherman Township Clerk (DEM),Write-in,DEM,"Sherman Township, Precinct 1",5
Sherman Township Treasurer (DEM),Write-in,DEM,"Sherman Township, Precinct 1",4
Sherman Township Trustee (DEM),Write-in,DEM,"Sherman Township, Precinct 1",7
Troy Township Supervisor (DEM),Write-in,DEM,"Troy Township, Precinct 1",0
Troy Township Clerk (DEM),Write-in,DEM,"Troy Township, Precinct 1",0
Troy Township Treasurer (DEM),Write-in,DEM,"Troy Township, Precinct 1",0
Troy Township Trustee (DEM),Tina M. Hill,DEM,"Troy Township, Precinct 1",5
Troy Township Trustee (DEM),Write-in,DEM,"Troy Township, Precinct 1",0
Wilcox Township Supervisor (DEM),Write-in,DEM,"Wilcox Township, Precinct 1",4
Wilcox Township Clerk (DEM),Write-in,DEM,"Wilcox Township, Precinct 1",4
Wilcox Township Treasurer (DEM),Write-in,DEM,"Wilcox Township, Precinct 1",4
Wilcox Township Trustee (DEM),Write-in,DEM,"Wilcox Township, Precinct 1",5
Ashland Township Precinct 1 Precinct Delegate (DEM),Dallas Dean Jr.,DEM,"Ashland Township, Precinct 1",64
Ashland Township Precinct 1 Precinct Delegate (DEM),Write-in,DEM,"Ashland Township, Precinct 1",0
Barton Township Precinct 1 Precinct Delegate (DEM),Write-in,DEM,"Barton Township, Precinct 1",2
Beaver Township Precinct 1 Precinct Delegate (DEM),Write-in,DEM,"Beaver Township, Precinct 1",1
Big Prairie Township Precinct 1 Precinct Delegate (DEM),Write-in,DEM,"Big Prairie Township, Precinct 1",34
Bridgeton Township Precinct 1 Precinct Delegate (DEM),Write-in,DEM,"Bridgeton Township, Precinct 1",33
Brooks Township Precinct 1 Precinct Delegate (DEM),Write-in,DEM,"Brooks Township, Precinct 1",68
City of Fremont Precinct 1 Precinct Delegate (DEM),Write-in,DEM,"City of Fremont, Precinct 1",33
City of Fremont Precinct 2 Precinct Delegate (DEM),Write-in,DEM,"City of Fremont, Precinct 2",19
City of Grant Precinct 1 Precinct Delegate (DEM),Write-in,DEM,"City of Grant, Precinct 1",6
City of Newaygo Precinct 1 Precinct Delegate (DEM),Write-in,DEM,"City of Newaygo, Precinct 1",28
City of White Cloud Precinct 1 Precinct Delegate (DEM),Write-in,DEM,"City of White Cloud, Precinct 1",9
Croton Township Precinct 1 Precinct Delegate (DEM),Write-in,DEM,"Croton Township, Precinct 1",87
Dayton Township Precinct 1 Precinct Delegate (DEM),Write-in,DEM,"Dayton Township, Precinct 1",18
Denver Township Precinct 1 Precinct Delegate (DEM),Write-in,DEM,"Denver Township, Precinct 1",15
Ensley Township Precinct 1 Precinct Delegate (DEM),Write-in,DEM,"Ensley Township, Precinct 1",20
Everett Township Precinct 1 Precinct Delegate (DEM),Stanley Opal,DEM,"Everett Township, Precinct 1",68
Everett Township Precinct 1 Precinct Delegate (DEM),Write-in,DEM,"Everett Township, Precinct 1",3
Garfield Township Precinct 1 Precinct Delegate (DEM),Gary Timmer,DEM,"Garfield Township, Precinct 1",47
Garfield Township Precinct 1 Precinct Delegate (DEM),Jan F. Walsh,DEM,"Garfield Township, Precinct 1",56
Garfield Township Precinct 1 Precinct Delegate (DEM),Write-in,DEM,"Garfield Township, Precinct 1",0
Goodwell Township Precinct 1 Precinct Delegate (DEM),Write-in,DEM,"Goodwell Township, Precinct 1",2
Grant Township Precinct 1 Precinct Delegate (DEM),Write-in,DEM,"Grant Township, Precinct 1",9
Home Township Precinct 1 Precinct Delegate (DEM),Write-in,DEM,"Home Township, Precinct 1",2
Lilley Township Precinct 1 Precinct Delegate (DEM),Write-in,DEM,"Lilley Township, Precinct 1",10
Lilley Township Precinct 1 Precinct Delegate (DEM),Steven Rodney Shelton,DEM,"Lilley Township, Precinct 1",2
Lincoln Township Precinct 1 Precinct Delegate (DEM),Cindy Lowe,DEM,"Lincoln Township, Precinct 1",52
Lincoln Township Precinct 1 Precinct Delegate (DEM),Write-in,DEM,"Lincoln Township, Precinct 1",0
Merrill Township Precinct 1 Precinct Delegate (DEM),Write-in,DEM,"Merrill Township, Precinct 1",10
Monroe Township Precinct 1 Precinct Delegate (DEM),Write-in,DEM,"Monroe Township, Precinct 1",0
Norwich Township Precinct 1 Precinct Delegate (DEM),Write-in,DEM,"Norwich Township, Precinct 1",2
Sheridan Charter Township Precinct 1 Precinct Delegate (DEM),Christopher Wilson,DEM,"Sheridan Charter Township, Precinct 1",79
Sheridan Charter Township Precinct 1 Precinct Delegate (DEM),Write-in,DEM,"Sheridan Charter Township, Precinct 1",8
Sherman Township Precinct 1 Precinct Delegate (DEM),Write-in,DEM,"Sherman Township, Precinct 1",11
Troy Township Precinct 1 Precinct Delegate (DEM),Write-in,DEM,"Troy Township, Precinct 1",0
Wilcox Township Precinct 1 Precinct Delegate (DEM),Write-in,DEM,"Wilcox Township, Precinct 1",5
United States Senator for State (REP),Justin Amash,REP,"City of Fremont, Precinct 1",111
United States Senator for State (REP),Sherry O'Donnell,REP,"City of Fremont, Precinct 1",43
United States Senator for State (REP),Sandy Pensler,REP,"City of Fremont, Precinct 1",25
United States Senator for State (REP),Mike Rogers,REP,"City of Fremont, Precinct 1",166
United States Senator for State (REP),Write-in,REP,"City of Fremont, Precinct 1",2
United States Senator for State (REP),Justin Amash,REP,"City of Fremont, Precinct 2",62
United States Senator for State (REP),Sherry O'Donnell,REP,"City of Fremont, Precinct 2",53
United States Senator for State (REP),Sandy Pensler,REP,"City of Fremont, Precinct 2",25
United States Senator for State (REP),Mike Rogers,REP,"City of Fremont, Precinct 2",163
United States Senator for State (REP),Write-in,REP,"City of Fremont, Precinct 2",0
United States Senator for State (REP),Justin Amash,REP,"City of Grant, Precinct 1",34
United States Senator for State (REP),Sherry O'Donnell,REP,"City of Grant, Precinct 1",22
United States Senator for State (REP),Sandy Pensler,REP,"City of Grant, Precinct 1",7
United States Senator for State (REP),Mike Rogers,REP,"City of Grant, Precinct 1",44
United States Senator for State (REP),Write-in,REP,"City of Grant, Precinct 1",1
United States Senator for State (REP),Justin Amash,REP,"City of Newaygo, Precinct 1",74
United States Senator for State (REP),Sherry O'Donnell,REP,"City of Newaygo, Precinct 1",40
United States Senator for State (REP),Sandy Pensler,REP,"City of Newaygo, Precinct 1",16
United States Senator for State (REP),Mike Rogers,REP,"City of Newaygo, Precinct 1",134
United States Senator for State (REP),Write-in,REP,"City of Newaygo, Precinct 1",0
United States Senator for State (REP),Justin Amash,REP,"City of White Cloud, Precinct 1",70
United States Senator for State (REP),Sherry O'Donnell,REP,"City of White Cloud, Precinct 1",30
United States Senator for State (REP),Sandy Pensler,REP,"City of White Cloud, Precinct 1",15
United States Senator for State (REP),Mike Rogers,REP,"City of White Cloud, Precinct 1",80
United States Senator for State (REP),Write-in,REP,"City of White Cloud, Precinct 1",0
United States Senator for State (REP),Justin Amash,REP,"Ashland Township, Precinct 1",105
United States Senator for State (REP),Sherry O'Donnell,REP,"Ashland Township, Precinct 1",82
United States Senator for State (REP),Sandy Pensler,REP,"Ashland Township, Precinct 1",14
United States Senator for State (REP),Mike Rogers,REP,"Ashland Township, Precinct 1",171
United States Senator for State (REP),Write-in,REP,"Ashland Township, Precinct 1",2
United States Senator for State (REP),Justin Amash,REP,"Barton Township, Precinct 1",20
United States Senator for State (REP),Sherry O'Donnell,REP,"Barton Township, Precinct 1",10
United States Senator for State (REP),Sandy Pensler,REP,"Barton Township, Precinct 1",11
United States Senator for State (REP),Mike Rogers,REP,"Barton Township, Precinct 1",55
United States Senator for State (REP),Write-in,REP,"Barton Township, Precinct 1",0
United States Senator for State (REP),Justin Amash,REP,"Beaver Township, Precinct 1",6
United States Senator for State (REP),Sherry O'Donnell,REP,"Beaver Township, Precinct 1",10
United States Senator for State (REP),Sandy Pensler,REP,"Beaver Township, Precinct 1",3
United States Senator for State (REP),Mike Rogers,REP,"Beaver Township, Precinct 1",28
United States Senator for State (REP),Write-in,REP,"Beaver Township, Precinct 1",0
United States Senator for State (REP),Justin Amash,REP,"Big Prairie Township, Precinct 1",78
United States Senator for State (REP),Sherry O'Donnell,REP,"Big Prairie Township, Precinct 1",33
United States Senator for State (REP),Sandy Pensler,REP,"Big Prairie Township, Precinct 1",21
United States Senator for State (REP),Mike Rogers,REP,"Big Prairie Township, Precinct 1",154
United States Senator for State (REP),Write-in,REP,"Big Prairie Township, Precinct 1",1
United States Senator for State (REP),Justin Amash,REP,"Bridgeton Township, Precinct 1",66
United States Senator for State (REP),Sherry O'Donnell,REP,"Bridgeton Township, Precinct 1",49
United States Senator for State (REP),Sandy Pensler,REP,"Bridgeton Township, Precinct 1",20
United States Senator for State (REP),Mike Rogers,REP,"Bridgeton Township, Precinct 1",173
United States Senator for State (REP),Write-in,REP,"Bridgeton Township, Precinct 1",2
United States Senator for State (REP),Justin Amash,REP,"Brooks Township, Precinct 1",192
United States Senator for State (REP),Sherry O'Donnell,REP,"Brooks Township, Precinct 1",87
United States Senator for State (REP),Sandy Pensler,REP,"Brooks Township, Precinct 1",81
United States Senator for State (REP),Mike Rogers,REP,"Brooks Township, Precinct 1",377
United States Senator for State (REP),Write-in,REP,"Brooks Township, Precinct 1",1
United States Senator for State (REP),Justin Amash,REP,"Croton Township, Precinct 1",161
United States Senator for State (REP),Sherry O'Donnell,REP,"Croton Township, Precinct 1",63
United States Senator for State (REP),Sandy Pensler,REP,"Croton Township, Precinct 1",30
United States Senator for State (REP),Mike Rogers,REP,"Croton Township, Precinct 1",360
United States Senator for State (REP),Write-in,REP,"Croton Township, Precinct 1",0
United States Senator for State (REP),Justin Amash,REP,"Dayton Township, Precinct 1",124
United States Senator for State (REP),Sherry O'Donnell,REP,"Dayton Township, Precinct 1",43
United States Senator for State (REP),Sandy Pensler,REP,"Dayton Township, Precinct 1",22
United States Senator for State (REP),Mike Rogers,REP,"Dayton Township, Precinct 1",193
United States Senator for State (REP),Write-in,REP,"Dayton Township, Precinct 1",1
United States Senator for State (REP),Justin Amash,REP,"Denver Township, Precinct 1",30
United States Senator for State (REP),Sherry O'Donnell,REP,"Denver Township, Precinct 1",40
United States Senator for State (REP),Sandy Pensler,REP,"Denver Township, Precinct 1",14
United States Senator for State (REP),Mike Rogers,REP,"Denver Township, Precinct 1",106
United States Senator for State (REP),Write-in,REP,"Denver Township, Precinct 1",0
United States Senator for State (REP),Justin Amash,REP,"Ensley Township, Precinct 1",106
United States Senator for State (REP),Sherry O'Donnell,REP,"Ensley Township, Precinct 1",50
United States Senator for State (REP),Sandy Pensler,REP,"Ensley Township, Precinct 1",25
United States Senator for State (REP),Mike Rogers,REP,"Ensley Township, Precinct 1",232
United States Senator for State (REP),Write-in,REP,"Ensley Township, Precinct 1",0
United States Senator for State (REP),Justin Amash,REP,"Everett Township, Precinct 1",85
United States Senator for State (REP),Sherry O'Donnell,REP,"Everett Township, Precinct 1",44
United States Senator for State (REP),Sandy Pensler,REP,"Everett Township, Precinct 1",26
United States Senator for State (REP),Mike Rogers,REP,"Everett Township, Precinct 1",172
United States Senator for State (REP),Write-in,REP,"Everett Township, Precinct 1",3
United States Senator for State (REP),Justin Amash,REP,"Garfield Township, Precinct 1",124
United States Senator for State (REP),Sherry O'Donnell,REP,"Garfield Township, Precinct 1",55
United States Senator for State (REP),Sandy Pensler,REP,"Garfield Township, Precinct 1",24
United States Senator for State (REP),Mike Rogers,REP,"Garfield Township, Precinct 1",197
United States Senator for State (REP),Write-in,REP,"Garfield Township, Precinct 1",3
United States Senator for State (REP),Justin Amash,REP,"Goodwell Township, Precinct 1",34
United States Senator for State (REP),Sherry O'Donnell,REP,"Goodwell Township, Precinct 1",14
United States Senator for State (REP),Sandy Pensler,REP,"Goodwell Township, Precinct 1",5
United States Senator for State (REP),Mike Rogers,REP,"Goodwell Township, Precinct 1",58
United States Senator for State (REP),Write-in,REP,"Goodwell Township, Precinct 1",1
United States Senator for State (REP),Justin Amash,REP,"Grant Township, Precinct 1",104
United States Senator for State (REP),Sherry O'Donnell,REP,"Grant Township, Precinct 1",100
United States Senator for State (REP),Sandy Pensler,REP,"Grant Township, Precinct 1",39
United States Senator for State (REP),Mike Rogers,REP,"Grant Township, Precinct 1",210
United States Senator for State (REP),Write-in,REP,"Grant Township, Precinct 1",1
United States Senator for State (REP),Justin Amash,REP,"Home Township, Precinct 1",8
United States Senator for State (REP),Sherry O'Donnell,REP,"Home Township, Precinct 1",10
United States Senator for State (REP),Sandy Pensler,REP,"Home Township, Precinct 1",2
United States Senator for State (REP),Mike Rogers,REP,"Home Township, Precinct 1",30
United States Senator for State (REP),Write-in,REP,"Home Township, Precinct 1",0
United States Senator for State (REP),Justin Amash,REP,"Lilley Township, Precinct 1",31
United States Senator for State (REP),Sherry O'Donnell,REP,"Lilley Township, Precinct 1",8
United States Senator for State (REP),Sandy Pensler,REP,"Lilley Township, Precinct 1",10
United States Senator for State (REP),Mike Rogers,REP,"Lilley Township, Precinct 1",69
United States Senator for State (REP),Write-in,REP,"Lilley Township, Precinct 1",0
United States Senator for State (REP),Justin Amash,REP,"Lincoln Township, Precinct 1",53
United States Senator for State (REP),Sherry O'Donnell,REP,"Lincoln Township, Precinct 1",45
United States Senator for State (REP),Sandy Pensler,REP,"Lincoln Township, Precinct 1",28
United States Senator for State (REP),Mike Rogers,REP,"Lincoln Township, Precinct 1",110
United States Senator for State (REP),Write-in,REP,"Lincoln Township, Precinct 1",1
United States Senator for State (REP),Justin Amash,REP,"Merrill Township, Precinct 1",26
United States Senator for State (REP),Sherry O'Donnell,REP,"Merrill Township, Precinct 1",14
United States Senator for State (REP),Sandy Pensler,REP,"Merrill Township, Precinct 1",11
United States Senator for State (REP),Mike Rogers,REP,"Merrill Township, Precinct 1",76
United States Senator for State (REP),Write-in,REP,"Merrill Township, Precinct 1",3
United States Senator for State (REP),Justin Amash,REP,"Monroe Township, Precinct 1",11
United States Senator for State (REP),Sherry O'Donnell,REP,"Monroe Township, Precinct 1",4
United States Senator for State (REP),Sandy Pensler,REP,"Monroe Township, Precinct 1",5
United States Senator for State (REP),Mike Rogers,REP,"Monroe Township, Precinct 1",30
United States Senator for State (REP),Write-in,REP,"Monroe Township, Precinct 1",0
United States Senator for State (REP),Justin Amash,REP,"Norwich Township, Precinct 1",25
United States Senator for State (REP),Sherry O'Donnell,REP,"Norwich Township, Precinct 1",17
United States Senator for State (REP),Sandy Pensler,REP,"Norwich Township, Precinct 1",8
United States Senator for State (REP),Mike Rogers,REP,"Norwich Township, Precinct 1",64
United States Senator for State (REP),Write-in,REP,"Norwich Township, Precinct 1",0
United States Senator for State (REP),Justin Amash,REP,"Sheridan Charter Township, Precinct 1",139
United States Senator for State (REP),Sherry O'Donnell,REP,"Sheridan Charter Township, Precinct 1",65
United States Senator for State (REP),Sandy Pensler,REP,"Sheridan Charter Township, Precinct 1",44
United States Senator for State (REP),Mike Rogers,REP,"Sheridan Charter Township, Precinct 1",238
United States Senator for State (REP),Write-in,REP,"Sheridan Charter Township, Precinct 1",1
United States Senator for State (REP),Justin Amash,REP,"Sherman Township, Precinct 1",91
United States Senator for State (REP),Sherry O'Donnell,REP,"Sherman Township, Precinct 1",58
United States Senator for State (REP),Sandy Pensler,REP,"Sherman Township, Precinct 1",40
United States Senator for State (REP),Mike Rogers,REP,"Sherman Township, Precinct 1",215
United States Senator for State (REP),Write-in,REP,"Sherman Township, Precinct 1",1
United States Senator for State (REP),Justin Amash,REP,"Troy Township, Precinct 1",4
United States Senator for State (REP),Sherry O'Donnell,REP,"Troy Township, Precinct 1",7
United States Senator for State (REP),Sandy Pensler,REP,"Troy Township, Precinct 1",1
United States Senator for State (REP),Mike Rogers,REP,"Troy Township, Precinct 1",17
United States Senator for State (REP),Write-in,REP,"Troy Township, Precinct 1",0
United States Senator for State (REP),Justin Amash,REP,"Wilcox Township, Precinct 1",38
United States Senator for State (REP),Sherry O'Donnell,REP,"Wilcox Township, Precinct 1",25
United States Senator for State (REP),Sandy Pensler,REP,"Wilcox Township, Precinct 1",11
United States Senator for State (REP),Mike Rogers,REP,"Wilcox Township, Precinct 1",71
United States Senator for State (REP),Write-in,REP,"Wilcox Township, Precinct 1",1
Representative in Congress 2nd District (REP),John R. Moolenaar,REP,"City of Fremont, Precinct 1",336
Representative in Congress 2nd District (REP),Write-in,REP,"City of Fremont, Precinct 1",2
Representative in Congress 2nd District (REP),John R. Moolenaar,REP,"City of Fremont, Precinct 2",287
Representative in Congress 2nd District (REP),Write-in,REP,"City of Fremont, Precinct 2",0
Representative in Congress 2nd District (REP),John R. Moolenaar,REP,"City of Grant, Precinct 1",95
Representative in Congress 2nd District (REP),Write-in,REP,"City of Grant, Precinct 1",1
Representative in Congress 2nd District (REP),John R. Moolenaar,REP,"City of Newaygo, Precinct 1",235
Representative in Congress 2nd District (REP),Write-in,REP,"City of Newaygo, Precinct 1",1
Representative in Congress 2nd District (REP),John R. Moolenaar,REP,"City of White Cloud, Precinct 1",191
Representative in Congress 2nd District (REP),Write-in,REP,"City of White Cloud, Precinct 1",0
Representative in Congress 2nd District (REP),John R. Moolenaar,REP,"Ashland Township, Precinct 1",352
Representative in Congress 2nd District (REP),Write-in,REP,"Ashland Township, Precinct 1",5
Representative in Congress 2nd District (REP),John R. Moolenaar,REP,"Barton Township, Precinct 1",93
Representative in Congress 2nd District (REP),Write-in,REP,"Barton Township, Precinct 1",0
Representative in Congress 2nd District (REP),John R. Moolenaar,REP,"Beaver Township, Precinct 1",45
Representative in Congress 2nd District (REP),Write-in,REP,"Beaver Township, Precinct 1",0
Representative in Congress 2nd District (REP),John R. Moolenaar,REP,"Big Prairie Township, Precinct 1",263
Representative in Congress 2nd District (REP),Write-in,REP,"Big Prairie Township, Precinct 1",3
Representative in Congress 2nd District (REP),John R. Moolenaar,REP,"Bridgeton Township, Precinct 1",290
Representative in Congress 2nd District (REP),Write-in,REP,"Bridgeton Township, Precinct 1",3
Representative in Congress 2nd District (REP),John R. Moolenaar,REP,"Brooks Township, Precinct 1",642
Representative in Congress 2nd District (REP),Write-in,REP,"Brooks Township, Precinct 1",5
Representative in Congress 2nd District (REP),John R. Moolenaar,REP,"Croton Township, Precinct 1",540
Representative in Congress 2nd District (REP),Write-in,REP,"Croton Township, Precinct 1",1
Representative in Congress 2nd District (REP),John R. Moolenaar,REP,"Dayton Township, Precinct 1",364
Representative in Congress 2nd District (REP),Write-in,REP,"Dayton Township, Precinct 1",3
Representative in Congress 2nd District (REP),John R. Moolenaar,REP,"Denver Township, Precinct 1",170
Representative in Congress 2nd District (REP),Write-in,REP,"Denver Township, Precinct 1",1
Representative in Congress 2nd District (REP),John R. Moolenaar,REP,"Ensley Township, Precinct 1",384
Representative in Congress 2nd District (REP),Write-in,REP,"Ensley Township, Precinct 1",1
Representative in Congress 2nd District (REP),John R. Moolenaar,REP,"Everett Township, Precinct 1",308
Representative in Congress 2nd District (REP),Write-in,REP,"Everett Township, Precinct 1",4
Representative in Congress 2nd District (REP),John R. Moolenaar,REP,"Garfield Township, Precinct 1",377
Representative in Congress 2nd District (REP),Write-in,REP,"Garfield Township, Precinct 1",3
Representative in Congress 2nd District (REP),John R. Moolenaar,REP,"Goodwell Township, Precinct 1",98
Representative in Congress 2nd District (REP),Write-in,REP,"Goodwell Township, Precinct 1",1
Representative in Congress 2nd District (REP),John R. Moolenaar,REP,"Grant Township, Precinct 1",415
Representative in Congress 2nd District (REP),Write-in,REP,"Grant Township, Precinct 1",3
Representative in Congress 2nd District (REP),John R. Moolenaar,REP,"Home Township, Precinct 1",49
Representative in Congress 2nd District (REP),Write-in,REP,"Home Township, Precinct 1",1
Representative in Congress 2nd District (REP),John R. Moolenaar,REP,"Lilley Township, Precinct 1",111
Representative in Congress 2nd District (REP),Write-in,REP,"Lilley Township, Precinct 1",0
Representative in Congress 2nd District (REP),John R. Moolenaar,REP,"Lincoln Township, Precinct 1",211
Representative in Congress 2nd District (REP),Write-in,REP,"Lincoln Township, Precinct 1",1
Representative in Congress 2nd District (REP),John R. Moolenaar,REP,"Merrill Township, Precinct 1",120
Representative in Congress 2nd District (REP),Write-in,REP,"Merrill Township, Precinct 1",5
Representative in Congress 2nd District (REP),John R. Moolenaar,REP,"Monroe Township, Precinct 1",48
Representative in Congress 2nd District (REP),Write-in,REP,"Monroe Township, Precinct 1",0
Representative in Congress 2nd District (REP),John R. Moolenaar,REP,"Norwich Township, Precinct 1",110
Representative in Congress 2nd District (REP),Write-in,REP,"Norwich Township, Precinct 1",2
Representative in Congress 2nd District (REP),John R. Moolenaar,REP,"Sheridan Charter Township, Precinct 1",448
Representative in Congress 2nd District (REP),Write-in,REP,"Sheridan Charter Township, Precinct 1",2
Representative in Congress 2nd District (REP),John R. Moolenaar,REP,"Sherman Township, Precinct 1",361
Representative in Congress 2nd District (REP),Write-in,REP,"Sherman Township, Precinct 1",0
Representative in Congress 2nd District (REP),John R. Moolenaar,REP,"Troy Township, Precinct 1",28
Representative in Congress 2nd District (REP),Write-in,REP,"Troy Township, Precinct 1",0
Representative in Congress 2nd District (REP),John R. Moolenaar,REP,"Wilcox Township, Precinct 1",127
Representative in Congress 2nd District (REP),Write-in,REP,"Wilcox Township, Precinct 1",2
Representative in State Legislature 101st District (REP),Joseph D. Fox,REP,"City of Fremont, Precinct 1",275
Representative in State Legislature 101st District (REP),Brandon Scott McDonald,REP,"City of Fremont, Precinct 1",86
Representative in State Legislature 101st District (REP),Write-in,REP,"City of Fremont, Precinct 1",3
Representative in State Legislature 101st District (REP),Joseph D. Fox,REP,"City of Fremont, Precinct 2",233
Representative in State Legislature 101st District (REP),Brandon Scott McDonald,REP,"City of Fremont, Precinct 2",74
Representative in State Legislature 101st District (REP),Write-in,REP,"City of Fremont, Precinct 2",2
Representative in State Legislature 101st District (REP),Joseph D. Fox,REP,"City of Grant, Precinct 1",88
Representative in State Legislature 101st District (REP),Brandon Scott McDonald,REP,"City of Grant, Precinct 1",20
Representative in State Legislature 101st District (REP),Write-in,REP,"City of Grant, Precinct 1",0
Representative in State Legislature 101st District (REP),Joseph D. Fox,REP,"City of Newaygo, Precinct 1",201
Representative in State Legislature 101st District (REP),Brandon Scott McDonald,REP,"City of Newaygo, Precinct 1",63
Representative in State Legislature 101st District (REP),Write-in,REP,"City of Newaygo, Precinct 1",0
Representative in State Legislature 101st District (REP),Joseph D. Fox,REP,"City of White Cloud, Precinct 1",143
Representative in State Legislature 101st District (REP),Brandon Scott McDonald,REP,"City of White Cloud, Precinct 1",61
Representative in State Legislature 101st District (REP),Write-in,REP,"City of White Cloud, Precinct 1",1
Representative in State Legislature 101st District (REP),Joseph D. Fox,REP,"Ashland Township, Precinct 1",284
Representative in State Legislature 101st District (REP),Brandon Scott McDonald,REP,"Ashland Township, Precinct 1",92
Representative in State Legislature 101st District (REP),Write-in,REP,"Ashland Township, Precinct 1",2
Representative in State Legislature 101st District (REP),Joseph D. Fox,REP,"Barton Township, Precinct 1",61
Representative in State Legislature 101st District (REP),Brandon Scott McDonald,REP,"Barton Township, Precinct 1",26
Representative in State Legislature 101st District (REP),Write-in,REP,"Barton Township, Precinct 1",0
Representative in State Legislature 101st District (REP),Joseph D. Fox,REP,"Beaver Township, Precinct 1",37
Representative in State Legislature 101st District (REP),Brandon Scott McDonald,REP,"Beaver Township, Precinct 1",9
Representative in State Legislature 101st District (REP),Write-in,REP,"Beaver Township, Precinct 1",0
Representative in State Legislature 101st District (REP),Joseph D. Fox,REP,"Big Prairie Township, Precinct 1",214
Representative in State Legislature 101st District (REP),Brandon Scott McDonald,REP,"Big Prairie Township, Precinct 1",71
Representative in State Legislature 101st District (REP),Write-in,REP,"Big Prairie Township, Precinct 1",2
Representative in State Legislature 101st District (REP),Joseph D. Fox,REP,"Bridgeton Township, Precinct 1",212
Representative in State Legislature 101st District (REP),Brandon Scott McDonald,REP,"Bridgeton Township, Precinct 1",92
Representative in State Legislature 101st District (REP),Write-in,REP,"Bridgeton Township, Precinct 1",2
Representative in State Legislature 101st District (REP),Joseph D. Fox,REP,"Brooks Township, Precinct 1",538
Representative in State Legislature 101st District (REP),Brandon Scott McDonald,REP,"Brooks Township, Precinct 1",188
Representative in State Legislature 101st District (REP),Write-in,REP,"Brooks Township, Precinct 1",2
Representative in State Legislature 101st District (REP),Joseph D. Fox,REP,"Croton Township, Precinct 1",422
Representative in State Legislature 101st District (REP),Brandon Scott McDonald,REP,"Croton Township, Precinct 1",184
Representative in State Legislature 101st District (REP),Write-in,REP,"Croton Township, Precinct 1",0
Representative in State Legislature 101st District (REP),Joseph D. Fox,REP,"Dayton Township, Precinct 1",330
Representative in State Legislature 101st District (REP),Brandon Scott McDonald,REP,"Dayton Township, Precinct 1",65
Representative in State Legislature 101st District (REP),Write-in,REP,"Dayton Township, Precinct 1",2
Representative in State Legislature 101st District (REP),Joseph D. Fox,REP,"Denver Township, Precinct 1",157
Representative in State Legislature 101st District (REP),Brandon Scott McDonald,REP,"Denver Township, Precinct 1",32
Representative in State Legislature 101st District (REP),Write-in,REP,"Denver Township, Precinct 1",0
Representative in State Legislature 101st District (REP),Joseph D. Fox,REP,"Ensley Township, Precinct 1",316
Representative in State Legislature 101st District (REP),Brandon Scott McDonald,REP,"Ensley Township, Precinct 1",87
Representative in State Legislature 101st District (REP),Write-in,REP,"Ensley Township, Precinct 1",0
Representative in State Legislature 101st District (REP),Joseph D. Fox,REP,"Everett Township, Precinct 1",238
Representative in State Legislature 101st District (REP),Brandon Scott McDonald,REP,"Everett Township, Precinct 1",98
Representative in State Legislature 101st District (REP),Write-in,REP,"Everett Township, Precinct 1",2
Representative in State Legislature 101st District (REP),Joseph D. Fox,REP,"Garfield Township, Precinct 1",317
Representative in State Legislature 101st District (REP),Brandon Scott McDonald,REP,"Garfield Township, Precinct 1",95
Representative in State Legislature 101st District (REP),Write-in,REP,"Garfield Township, Precinct 1",3
Representative in State Legislature 101st District (REP),Joseph D. Fox,REP,"Goodwell Township, Precinct 1",91
Representative in State Legislature 101st District (REP),Brandon Scott McDonald,REP,"Goodwell Township, Precinct 1",18
Representative in State Legislature 101st District (REP),Write-in,REP,"Goodwell Township, Precinct 1",1
Representative in State Legislature 101st District (REP),Joseph D. Fox,REP,"Grant Township, Precinct 1",370
Representative in State Legislature 101st District (REP),Brandon Scott McDonald,REP,"Grant Township, Precinct 1",84
Representative in State Legislature 101st District (REP),Write-in,REP,"Grant Township, Precinct 1",0
Representative in State Legislature 101st District (REP),Joseph D. Fox,REP,"Home Township, Precinct 1",36
Representative in State Legislature 101st District (REP),Brandon Scott McDonald,REP,"Home Township, Precinct 1",13
Representative in State Legislature 101st District (REP),Write-in,REP,"Home Township, Precinct 1",1
Representative in State Legislature 101st District (REP),Joseph D. Fox,REP,"Lilley Township, Precinct 1",81
Representative in State Legislature 101st District (REP),Brandon Scott McDonald,REP,"Lilley Township, Precinct 1",33
Representative in State Legislature 101st District (REP),Write-in,REP,"Lilley Township, Precinct 1",0
Representative in State Legislature 101st District (REP),Joseph D. Fox,REP,"Lincoln Township, Precinct 1",187
Representative in State Legislature 101st District (REP),Brandon Scott McDonald,REP,"Lincoln Township, Precinct 1",57
Representative in State Legislature 101st District (REP),Write-in,REP,"Lincoln Township, Precinct 1",2
Representative in State Legislature 101st District (REP),Joseph D. Fox,REP,"Merrill Township, Precinct 1",98
Representative in State Legislature 101st District (REP),Brandon Scott McDonald,REP,"Merrill Township, Precinct 1",30
Representative in State Legislature 101st District (REP),Write-in,REP,"Merrill Township, Precinct 1",4
Representative in State Legislature 101st District (REP),Joseph D. Fox,REP,"Monroe Township, Precinct 1",36
Representative in State Legislature 101st District (REP),Brandon Scott McDonald,REP,"Monroe Township, Precinct 1",14
Representative in State Legislature 101st District (REP),Write-in,REP,"Monroe Township, Precinct 1",0
Representative in State Legislature 101st District (REP),Joseph D. Fox,REP,"Norwich Township, Precinct 1",82
Representative in State Legislature 101st District (REP),Brandon Scott McDonald,REP,"Norwich Township, Precinct 1",30
Representative in State Legislature 101st District (REP),Write-in,REP,"Norwich Township, Precinct 1",1
Representative in State Legislature 101st District (REP),Joseph D. Fox,REP,"Sheridan Charter Township, Precinct 1",374
Representative in State Legislature 101st District (REP),Brandon Scott McDonald,REP,"Sheridan Charter Township, Precinct 1",114
Representative in State Legislature 101st District (REP),Write-in,REP,"Sheridan Charter Township, Precinct 1",1
Representative in State Legislature 101st District (REP),Joseph D. Fox,REP,"Sherman Township, Precinct 1",323
Representative in State Legislature 101st District (REP),Brandon Scott McDonald,REP,"Sherman Township, Precinct 1",97
Representative in State Legislature 101st District (REP),Write-in,REP,"Sherman Township, Precinct 1",0
Representative in State Legislature 101st District (REP),Joseph D. Fox,REP,"Troy Township, Precinct 1",24
Representative in State Legislature 101st District (REP),Brandon Scott McDonald,REP,"Troy Township, Precinct 1",5
Representative in State Legislature 101st District (REP),Write-in,REP,"Troy Township, Precinct 1",0
Representative in State Legislature 101st District (REP),Joseph D. Fox,REP,"Wilcox Township, Precinct 1",109
Representative in State Legislature 101st District (REP),Brandon Scott McDonald,REP,"Wilcox Township, Precinct 1",38
Representative in State Legislature 101st District (REP),Write-in,REP,"Wilcox Township, Precinct 1",1
County Prosecuting Attorney (REP),Rachel Robinson,REP,"City of Fremont, Precinct 1",323
County Prosecuting Attorney (REP),Write-in,REP,"City of Fremont, Precinct 1",2
County Prosecuting Attorney (REP),Rachel Robinson,REP,"City of Fremont, Precinct 2",273
County Prosecuting Attorney (REP),Write-in,REP,"City of Fremont, Precinct 2",0
County Prosecuting Attorney (REP),Rachel Robinson,REP,"City of Grant, Precinct 1",93
County Prosecuting Attorney (REP),Write-in,REP,"City of Grant, Precinct 1",2
County Prosecuting Attorney (REP),Rachel Robinson,REP,"City of Newaygo, Precinct 1",237
County Prosecuting Attorney (REP),Write-in,REP,"City of Newaygo, Precinct 1",0
County Prosecuting Attorney (REP),Rachel Robinson,REP,"City of White Cloud, Precinct 1",188
County Prosecuting Attorney (REP),Write-in,REP,"City of White Cloud, Precinct 1",0
County Prosecuting Attorney (REP),Rachel Robinson,REP,"Ashland Township, Precinct 1",330
County Prosecuting Attorney (REP),Write-in,REP,"Ashland Township, Precinct 1",2
County Prosecuting Attorney (REP),Rachel Robinson,REP,"Barton Township, Precinct 1",84
County Prosecuting Attorney (REP),Write-in,REP,"Barton Township, Precinct 1",0
County Prosecuting Attorney (REP),Rachel Robinson,REP,"Beaver Township, Precinct 1",42
County Prosecuting Attorney (REP),Write-in,REP,"Beaver Township, Precinct 1",0
County Prosecuting Attorney (REP),Rachel Robinson,REP,"Big Prairie Township, Precinct 1",252
County Prosecuting Attorney (REP),Write-in,REP,"Big Prairie Township, Precinct 1",4
County Prosecuting Attorney (REP),Rachel Robinson,REP,"Bridgeton Township, Precinct 1",283
County Prosecuting Attorney (REP),Write-in,REP,"Bridgeton Township, Precinct 1",3
County Prosecuting Attorney (REP),Rachel Robinson,REP,"Brooks Township, Precinct 1",609
County Prosecuting Attorney (REP),Write-in,REP,"Brooks Township, Precinct 1",3
County Prosecuting Attorney (REP),Rachel Robinson,REP,"Croton Township, Precinct 1",524
County Prosecuting Attorney (REP),Write-in,REP,"Croton Township, Precinct 1",5
County Prosecuting Attorney (REP),Rachel Robinson,REP,"Dayton Township, Precinct 1",359
County Prosecuting Attorney (REP),Write-in,REP,"Dayton Township, Precinct 1",2
County Prosecuting Attorney (REP),Rachel Robinson,REP,"Denver Township, Precinct 1",150
County Prosecuting Attorney (REP),Write-in,REP,"Denver Township, Precinct 1",2
County Prosecuting Attorney (REP),Rachel Robinson,REP,"Ensley Township, Precinct 1",352
County Prosecuting Attorney (REP),Write-in,REP,"Ensley Township, Precinct 1",1
County Prosecuting Attorney (REP),Rachel Robinson,REP,"Everett Township, Precinct 1",300
County Prosecuting Attorney (REP),Write-in,REP,"Everett Township, Precinct 1",2
County Prosecuting Attorney (REP),Rachel Robinson,REP,"Garfield Township, Precinct 1",368
County Prosecuting Attorney (REP),Write-in,REP,"Garfield Township, Precinct 1",4
County Prosecuting Attorney (REP),Rachel Robinson,REP,"Goodwell Township, Precinct 1",88
County Prosecuting Attorney (REP),Write-in,REP,"Goodwell Township, Precinct 1",2
County Prosecuting Attorney (REP),Rachel Robinson,REP,"Grant Township, Precinct 1",406
County Prosecuting Attorney (REP),Write-in,REP,"Grant Township, Precinct 1",3
County Prosecuting Attorney (REP),Rachel Robinson,REP,"Home Township, Precinct 1",46
County Prosecuting Attorney (REP),Write-in,REP,"Home Township, Precinct 1",1
County Prosecuting Attorney (REP),Rachel Robinson,REP,"Lilley Township, Precinct 1",109
County Prosecuting Attorney (REP),Write-in,REP,"Lilley Township, Precinct 1",0
County Prosecuting Attorney (REP),Rachel Robinson,REP,"Lincoln Township, Precinct 1",207
County Prosecuting Attorney (REP),Write-in,REP,"Lincoln Township, Precinct 1",4
County Prosecuting Attorney (REP),Rachel Robinson,REP,"Merrill Township, Precinct 1",109
County Prosecuting Attorney (REP),Write-in,REP,"Merrill Township, Precinct 1",8
County Prosecuting Attorney (REP),Rachel Robinson,REP,"Monroe Township, Precinct 1",47
County Prosecuting Attorney (REP),Write-in,REP,"Monroe Township, Precinct 1",0
County Prosecuting Attorney (REP),Rachel Robinson,REP,"Norwich Township, Precinct 1",103
County Prosecuting Attorney (REP),Write-in,REP,"Norwich Township, Precinct 1",0
County Prosecuting Attorney (REP),Rachel Robinson,REP,"Sheridan Charter Township, Precinct 1",441
County Prosecuting Attorney (REP),Write-in,REP,"Sheridan Charter Township, Precinct 1",1
County Prosecuting Attorney (REP),Rachel Robinson,REP,"Sherman Township, Precinct 1",339
County Prosecuting Attorney (REP),Write-in,REP,"Sherman Township, Precinct 1",3
County Prosecuting Attorney (REP),Rachel Robinson,REP,"Troy Township, Precinct 1",27
County Prosecuting Attorney (REP),Write-in,REP,"Troy Township, Precinct 1",0
County Prosecuting Attorney (REP),Rachel Robinson,REP,"Wilcox Township, Precinct 1",122
County Prosecuting Attorney (REP),Write-in,REP,"Wilcox Township, Precinct 1",3
County Sheriff (REP),Bob Mendham,REP,"City of Fremont, Precinct 1",210
County Sheriff (REP),Adam Mercer,REP,"City of Fremont, Precinct 1",174
County Sheriff (REP),Write-in,REP,"City of Fremont, Precinct 1",0
County Sheriff (REP),Bob Mendham,REP,"City of Fremont, Precinct 2",142
County Sheriff (REP),Adam Mercer,REP,"City of Fremont, Precinct 2",170
County Sheriff (REP),Write-in,REP,"City of Fremont, Precinct 2",0
County Sheriff (REP),Bob Mendham,REP,"City of Grant, Precinct 1",53
County Sheriff (REP),Adam Mercer,REP,"City of Grant, Precinct 1",59
County Sheriff (REP),Write-in,REP,"City of Grant, Precinct 1",0
County Sheriff (REP),Bob Mendham,REP,"City of Newaygo, Precinct 1",105
County Sheriff (REP),Adam Mercer,REP,"City of Newaygo, Precinct 1",183
County Sheriff (REP),Write-in,REP,"City of Newaygo, Precinct 1",1
County Sheriff (REP),Bob Mendham,REP,"City of White Cloud, Precinct 1",154
County Sheriff (REP),Adam Mercer,REP,"City of White Cloud, Precinct 1",63
County Sheriff (REP),Write-in,REP,"City of White Cloud, Precinct 1",0
County Sheriff (REP),Bob Mendham,REP,"Ashland Township, Precinct 1",207
County Sheriff (REP),Adam Mercer,REP,"Ashland Township, Precinct 1",189
County Sheriff (REP),Write-in,REP,"Ashland Township, Precinct 1",0
County Sheriff (REP),Bob Mendham,REP,"Barton Township, Precinct 1",62
County Sheriff (REP),Adam Mercer,REP,"Barton Township, Precinct 1",26
County Sheriff (REP),Write-in,REP,"Barton Township, Precinct 1",0
County Sheriff (REP),Bob Mendham,REP,"Beaver Township, Precinct 1",31
County Sheriff (REP),Adam Mercer,REP,"Beaver Township, Precinct 1",17
County Sheriff (REP),Write-in,REP,"Beaver Township, Precinct 1",0
County Sheriff (REP),Bob Mendham,REP,"Big Prairie Township, Precinct 1",170
County Sheriff (REP),Adam Mercer,REP,"Big Prairie Township, Precinct 1",124
County Sheriff (REP),Write-in,REP,"Big Prairie Township, Precinct 1",0
County Sheriff (REP),Bob Mendham,REP,"Bridgeton Township, Precinct 1",169
County Sheriff (REP),Adam Mercer,REP,"Bridgeton Township, Precinct 1",143
County Sheriff (REP),Write-in,REP,"Bridgeton Township, Precinct 1",1
County Sheriff (REP),Bob Mendham,REP,"Brooks Township, Precinct 1",389
County Sheriff (REP),Adam Mercer,REP,"Brooks Township, Precinct 1",390
County Sheriff (REP),Write-in,REP,"Brooks Township, Precinct 1",0
County Sheriff (REP),Bob Mendham,REP,"Croton Township, Precinct 1",315
County Sheriff (REP),Adam Mercer,REP,"Croton Township, Precinct 1",340
County Sheriff (REP),Write-in,REP,"Croton Township, Precinct 1",0
County Sheriff (REP),Bob Mendham,REP,"Dayton Township, Precinct 1",223
County Sheriff (REP),Adam Mercer,REP,"Dayton Township, Precinct 1",180
County Sheriff (REP),Write-in,REP,"Dayton Township, Precinct 1",0
County Sheriff (REP),Bob Mendham,REP,"Denver Township, Precinct 1",111
County Sheriff (REP),Adam Mercer,REP,"Denver Township, Precinct 1",89
County Sheriff (REP),Write-in,REP,"Denver Township, Precinct 1",0
County Sheriff (REP),Bob Mendham,REP,"Ensley Township, Precinct 1",186
County Sheriff (REP),Adam Mercer,REP,"Ensley Township, Precinct 1",220
County Sheriff (REP),Write-in,REP,"Ensley Township, Precinct 1",1
County Sheriff (REP),Bob Mendham,REP,"Everett Township, Precinct 1",213
County Sheriff (REP),Adam Mercer,REP,"Everett Township, Precinct 1",143
County Sheriff (REP),Write-in,REP,"Everett Township, Precinct 1",0
County Sheriff (REP),Bob Mendham,REP,"Garfield Township, Precinct 1",234
County Sheriff (REP),Adam Mercer,REP,"Garfield Township, Precinct 1",204
County Sheriff (REP),Write-in,REP,"Garfield Township, Precinct 1",1
County Sheriff (REP),Bob Mendham,REP,"Goodwell Township, Precinct 1",85
County Sheriff (REP),Adam Mercer,REP,"Goodwell Township, Precinct 1",29
County Sheriff (REP),Write-in,REP,"Goodwell Township, Precinct 1",0
County Sheriff (REP),Bob Mendham,REP,"Grant Township, Precinct 1",242
County Sheriff (REP),Adam Mercer,REP,"Grant Township, Precinct 1",229
County Sheriff (REP),Write-in,REP,"Grant Township, Precinct 1",2
County Sheriff (REP),Bob Mendham,REP,"Home Township, Precinct 1",25
County Sheriff (REP),Adam Mercer,REP,"Home Township, Precinct 1",27
County Sheriff (REP),Write-in,REP,"Home Township, Precinct 1",0
County Sheriff (REP),Bob Mendham,REP,"Lilley Township, Precinct 1",75
County Sheriff (REP),Adam Mercer,REP,"Lilley Township, Precinct 1",37
County Sheriff (REP),Write-in,REP,"Lilley Township, Precinct 1",0
County Sheriff (REP),Bob Mendham,REP,"Lincoln Township, Precinct 1",171
County Sheriff (REP),Adam Mercer,REP,"Lincoln Township, Precinct 1",81
County Sheriff (REP),Write-in,REP,"Lincoln Township, Precinct 1",0
County Sheriff (REP),Bob Mendham,REP,"Merrill Township, Precinct 1",93
County Sheriff (REP),Adam Mercer,REP,"Merrill Township, Precinct 1",50
County Sheriff (REP),Write-in,REP,"Merrill Township, Precinct 1",1
County Sheriff (REP),Bob Mendham,REP,"Monroe Township, Precinct 1",34
County Sheriff (REP),Adam Mercer,REP,"Monroe Township, Precinct 1",19
County Sheriff (REP),Write-in,REP,"Monroe Township, Precinct 1",0
County Sheriff (REP),Bob Mendham,REP,"Norwich Township, Precinct 1",68
County Sheriff (REP),Adam Mercer,REP,"Norwich Township, Precinct 1",44
County Sheriff (REP),Write-in,REP,"Norwich Township, Precinct 1",1
County Sheriff (REP),Bob Mendham,REP,"Sheridan Charter Township, Precinct 1",229
County Sheriff (REP),Adam Mercer,REP,"Sheridan Charter Township, Precinct 1",275
County Sheriff (REP),Write-in,REP,"Sheridan Charter Township, Precinct 1",0
County Sheriff (REP),Bob Mendham,REP,"Sherman Township, Precinct 1",244
County Sheriff (REP),Adam Mercer,REP,"Sherman Township, Precinct 1",184
County Sheriff (REP),Write-in,REP,"Sherman Township, Precinct 1",0
County Sheriff (REP),Bob Mendham,REP,"Troy Township, Precinct 1",18
County Sheriff (REP),Adam Mercer,REP,"Troy Township, Precinct 1",8
County Sheriff (REP),Write-in,REP,"Troy Township, Precinct 1",0
County Sheriff (REP),Bob Mendham,REP,"Wilcox Township, Precinct 1",126
County Sheriff (REP),Adam Mercer,REP,"Wilcox Township, Precinct 1",40
County Sheriff (REP),Write-in,REP,"Wilcox Township, Precinct 1",0
County Clerk (REP),April Pickard,REP,"City of Fremont, Precinct 1",142
County Clerk (REP),Jason VanderStelt,REP,"City of Fremont, Precinct 1",211
County Clerk (REP),Write-in,REP,"City of Fremont, Precinct 1",3
County Clerk (REP),April Pickard,REP,"City of Fremont, Precinct 2",110
County Clerk (REP),Jason VanderStelt,REP,"City of Fremont, Precinct 2",195
County Clerk (REP),Write-in,REP,"City of Fremont, Precinct 2",0
County Clerk (REP),April Pickard,REP,"City of Grant, Precinct 1",64
County Clerk (REP),Jason VanderStelt,REP,"City of Grant, Precinct 1",45
County Clerk (REP),Write-in,REP,"City of Grant, Precinct 1",1
County Clerk (REP),April Pickard,REP,"City of Newaygo, Precinct 1",118
County Clerk (REP),Jason VanderStelt,REP,"City of Newaygo, Precinct 1",152
County Clerk (REP),Write-in,REP,"City of Newaygo, Precinct 1",0
County Clerk (REP),April Pickard,REP,"City of White Cloud, Precinct 1",98
County Clerk (REP),Jason VanderStelt,REP,"City of White Cloud, Precinct 1",96
County Clerk (REP),Write-in,REP,"City of White Cloud, Precinct 1",0
County Clerk (REP),April Pickard,REP,"Ashland Township, Precinct 1",204
County Clerk (REP),Jason VanderStelt,REP,"Ashland Township, Precinct 1",156
County Clerk (REP),Write-in,REP,"Ashland Township, Precinct 1",1
County Clerk (REP),April Pickard,REP,"Barton Township, Precinct 1",45
County Clerk (REP),Jason VanderStelt,REP,"Barton Township, Precinct 1",35
County Clerk (REP),Write-in,REP,"Barton Township, Precinct 1",0
County Clerk (REP),April Pickard,REP,"Beaver Township, Precinct 1",19
County Clerk (REP),Jason VanderStelt,REP,"Beaver Township, Precinct 1",26
County Clerk (REP),Write-in,REP,"Beaver Township, Precinct 1",0
County Clerk (REP),April Pickard,REP,"Big Prairie Township, Precinct 1",143
County Clerk (REP),Jason VanderStelt,REP,"Big Prairie Township, Precinct 1",144
County Clerk (REP),Write-in,REP,"Big Prairie Township, Precinct 1",1
County Clerk (REP),April Pickard,REP,"Bridgeton Township, Precinct 1",156
County Clerk (REP),Jason VanderStelt,REP,"Bridgeton Township, Precinct 1",144
County Clerk (REP),Write-in,REP,"Bridgeton Township, Precinct 1",1
County Clerk (REP),April Pickard,REP,"Brooks Township, Precinct 1",391
County Clerk (REP),Jason VanderStelt,REP,"Brooks Township, Precinct 1",319
County Clerk (REP),Write-in,REP,"Brooks Township, Precinct 1",0
County Clerk (REP),April Pickard,REP,"Croton Township, Precinct 1",252
County Clerk (REP),Jason VanderStelt,REP,"Croton Township, Precinct 1",346
County Clerk (REP),Write-in,REP,"Croton Township, Precinct 1",0
County Clerk (REP),April Pickard,REP,"Dayton Township, Precinct 1",170
County Clerk (REP),Jason VanderStelt,REP,"Dayton Township, Precinct 1",217
County Clerk (REP),Write-in,REP,"Dayton Township, Precinct 1",1
County Clerk (REP),April Pickard,REP,"Denver Township, Precinct 1",91
County Clerk (REP),Jason VanderStelt,REP,"Denver Township, Precinct 1",99
County Clerk (REP),Write-in,REP,"Denver Township, Precinct 1",1
County Clerk (REP),April Pickard,REP,"Ensley Township, Precinct 1",225
County Clerk (REP),Jason VanderStelt,REP,"Ensley Township, Precinct 1",154
County Clerk (REP),Write-in,REP,"Ensley Township, Precinct 1",0
County Clerk (REP),April Pickard,REP,"Everett Township, Precinct 1",147
County Clerk (REP),Jason VanderStelt,REP,"Everett Township, Precinct 1",181
County Clerk (REP),Write-in,REP,"Everett Township, Precinct 1",1
County Clerk (REP),April Pickard,REP,"Garfield Township, Precinct 1",189
County Clerk (REP),Jason VanderStelt,REP,"Garfield Township, Precinct 1",218
County Clerk (REP),Write-in,REP,"Garfield Township, Precinct 1",2
County Clerk (REP),April Pickard,REP,"Goodwell Township, Precinct 1",38
County Clerk (REP),Jason VanderStelt,REP,"Goodwell Township, Precinct 1",59
County Clerk (REP),Write-in,REP,"Goodwell Township, Precinct 1",1
County Clerk (REP),April Pickard,REP,"Grant Township, Precinct 1",221
County Clerk (REP),Jason VanderStelt,REP,"Grant Township, Precinct 1",217
County Clerk (REP),Write-in,REP,"Grant Township, Precinct 1",1
County Clerk (REP),April Pickard,REP,"Home Township, Precinct 1",24
County Clerk (REP),Jason VanderStelt,REP,"Home Township, Precinct 1",27
County Clerk (REP),Write-in,REP,"Home Township, Precinct 1",1
County Clerk (REP),April Pickard,REP,"Lilley Township, Precinct 1",59
County Clerk (REP),Jason VanderStelt,REP,"Lilley Township, Precinct 1",50
County Clerk (REP),Write-in,REP,"Lilley Township, Precinct 1",0
County Clerk (REP),April Pickard,REP,"Lincoln Township, Precinct 1",108
County Clerk (REP),Jason VanderStelt,REP,"Lincoln Township, Precinct 1",131
County Clerk (REP),Write-in,REP,"Lincoln Township, Precinct 1",2
County Clerk (REP),April Pickard,REP,"Merrill Township, Precinct 1",79
County Clerk (REP),Jason VanderStelt,REP,"Merrill Township, Precinct 1",53
County Clerk (REP),Write-in,REP,"Merrill Township, Precinct 1",3
County Clerk (REP),April Pickard,REP,"Monroe Township, Precinct 1",24
County Clerk (REP),Jason VanderStelt,REP,"Monroe Township, Precinct 1",26
County Clerk (REP),Write-in,REP,"Monroe Township, Precinct 1",0
County Clerk (REP),April Pickard,REP,"Norwich Township, Precinct 1",73
County Clerk (REP),Jason VanderStelt,REP,"Norwich Township, Precinct 1",37
County Clerk (REP),Write-in,REP,"Norwich Township, Precinct 1",1
County Clerk (REP),April Pickard,REP,"Sheridan Charter Township, Precinct 1",167
County Clerk (REP),Jason VanderStelt,REP,"Sheridan Charter Township, Precinct 1",318
County Clerk (REP),Write-in,REP,"Sheridan Charter Township, Precinct 1",0
County Clerk (REP),April Pickard,REP,"Sherman Township, Precinct 1",182
County Clerk (REP),Jason VanderStelt,REP,"Sherman Township, Precinct 1",220
County Clerk (REP),Write-in,REP,"Sherman Township, Precinct 1",0
County Clerk (REP),April Pickard,REP,"Troy Township, Precinct 1",10
County Clerk (REP),Jason VanderStelt,REP,"Troy Township, Precinct 1",15
County Clerk (REP),Write-in,REP,"Troy Township, Precinct 1",0
County Clerk (REP),April Pickard,REP,"Wilcox Township, Precinct 1",75
County Clerk (REP),Jason VanderStelt,REP,"Wilcox Township, Precinct 1",66
County Clerk (REP),Write-in,REP,"Wilcox Township, Precinct 1",3
County Treasurer (REP),Jason O'Connell,REP,"City of Fremont, Precinct 1",328
County Treasurer (REP),Write-in,REP,"City of Fremont, Precinct 1",3
County Treasurer (REP),Jason O'Connell,REP,"City of Fremont, Precinct 2",274
County Treasurer (REP),Write-in,REP,"City of Fremont, Precinct 2",0
County Treasurer (REP),Jason O'Connell,REP,"City of Grant, Precinct 1",93
County Treasurer (REP),Write-in,REP,"City of Grant, Precinct 1",1
County Treasurer (REP),Jason O'Connell,REP,"City of Newaygo, Precinct 1",236
County Treasurer (REP),Write-in,REP,"City of Newaygo, Precinct 1",0
County Treasurer (REP),Jason O'Connell,REP,"City of White Cloud, Precinct 1",184
County Treasurer (REP),Write-in,REP,"City of White Cloud, Precinct 1",1
County Treasurer (REP),Jason O'Connell,REP,"Ashland Township, Precinct 1",331
County Treasurer (REP),Write-in,REP,"Ashland Township, Precinct 1",2
County Treasurer (REP),Jason O'Connell,REP,"Barton Township, Precinct 1",81
County Treasurer (REP),Write-in,REP,"Barton Township, Precinct 1",0
County Treasurer (REP),Jason O'Connell,REP,"Beaver Township, Precinct 1",42
County Treasurer (REP),Write-in,REP,"Beaver Township, Precinct 1",0
County Treasurer (REP),Jason O'Connell,REP,"Big Prairie Township, Precinct 1",253
County Treasurer (REP),Write-in,REP,"Big Prairie Township, Precinct 1",2
County Treasurer (REP),Jason O'Connell,REP,"Bridgeton Township, Precinct 1",282
County Treasurer (REP),Write-in,REP,"Bridgeton Township, Precinct 1",4
County Treasurer (REP),Jason O'Connell,REP,"Brooks Township, Precinct 1",612
County Treasurer (REP),Write-in,REP,"Brooks Township, Precinct 1",1
County Treasurer (REP),Jason O'Connell,REP,"Croton Township, Precinct 1",522
County Treasurer (REP),Write-in,REP,"Croton Township, Precinct 1",1
County Treasurer (REP),Jason O'Connell,REP,"Dayton Township, Precinct 1",365
County Treasurer (REP),Write-in,REP,"Dayton Township, Precinct 1",1
County Treasurer (REP),Jason O'Connell,REP,"Denver Township, Precinct 1",152
County Treasurer (REP),Write-in,REP,"Denver Township, Precinct 1",3
County Treasurer (REP),Jason O'Connell,REP,"Ensley Township, Precinct 1",350
County Treasurer (REP),Write-in,REP,"Ensley Township, Precinct 1",1
County Treasurer (REP),Jason O'Connell,REP,"Everett Township, Precinct 1",305
County Treasurer (REP),Write-in,REP,"Everett Township, Precinct 1",2
County Treasurer (REP),Jason O'Connell,REP,"Garfield Township, Precinct 1",379
County Treasurer (REP),Write-in,REP,"Garfield Township, Precinct 1",3
County Treasurer (REP),Jason O'Connell,REP,"Goodwell Township, Precinct 1",89
County Treasurer (REP),Write-in,REP,"Goodwell Township, Precinct 1",1
County Treasurer (REP),Jason O'Connell,REP,"Grant Township, Precinct 1",398
County Treasurer (REP),Write-in,REP,"Grant Township, Precinct 1",4
County Treasurer (REP),Jason O'Connell,REP,"Home Township, Precinct 1",48
County Treasurer (REP),Write-in,REP,"Home Township, Precinct 1",1
County Treasurer (REP),Jason O'Connell,REP,"Lilley Township, Precinct 1",105
County Treasurer (REP),Write-in,REP,"Lilley Township, Precinct 1",0
County Treasurer (REP),Jason O'Connell,REP,"Lincoln Township, Precinct 1",220
County Treasurer (REP),Write-in,REP,"Lincoln Township, Precinct 1",3
County Treasurer (REP),Jason O'Connell,REP,"Merrill Township, Precinct 1",113
County Treasurer (REP),Write-in,REP,"Merrill Township, Precinct 1",3
County Treasurer (REP),Jason O'Connell,REP,"Monroe Township, Precinct 1",48
County Treasurer (REP),Write-in,REP,"Monroe Township, Precinct 1",0
County Treasurer (REP),Jason O'Connell,REP,"Norwich Township, Precinct 1",99
County Treasurer (REP),Write-in,REP,"Norwich Township, Precinct 1",1
County Treasurer (REP),Jason O'Connell,REP,"Sheridan Charter Township, Precinct 1",442
County Treasurer (REP),Write-in,REP,"Sheridan Charter Township, Precinct 1",1
County Treasurer (REP),Jason O'Connell,REP,"Sherman Township, Precinct 1",348
County Treasurer (REP),Write-in,REP,"Sherman Township, Precinct 1",1
County Treasurer (REP),Jason O'Connell,REP,"Troy Township, Precinct 1",25
County Treasurer (REP),Write-in,REP,"Troy Township, Precinct 1",0
County Treasurer (REP),Jason O'Connell,REP,"Wilcox Township, Precinct 1",126
County Treasurer (REP),Write-in,REP,"Wilcox Township, Precinct 1",1
County Register of Deeds (REP),Kelly Pangburn,REP,"City of Fremont, Precinct 1",145
County Register of Deeds (REP),Stewart Sanders,REP,"City of Fremont, Precinct 1",209
County Register of Deeds (REP),Write-in,REP,"City of Fremont, Precinct 1",4
County Register of Deeds (REP),Kelly Pangburn,REP,"City of Fremont, Precinct 2",100
County Register of Deeds (REP),Stewart Sanders,REP,"City of Fremont, Precinct 2",200
County Register of Deeds (REP),Write-in,REP,"City of Fremont, Precinct 2",0
County Register of Deeds (REP),Kelly Pangburn,REP,"City of Grant, Precinct 1",56
County Register of Deeds (REP),Stewart Sanders,REP,"City of Grant, Precinct 1",52
County Register of Deeds (REP),Write-in,REP,"City of Grant, Precinct 1",1
County Register of Deeds (REP),Kelly Pangburn,REP,"City of Newaygo, Precinct 1",91
County Register of Deeds (REP),Stewart Sanders,REP,"City of Newaygo, Precinct 1",182
County Register of Deeds (REP),Write-in,REP,"City of Newaygo, Precinct 1",0
County Register of Deeds (REP),Kelly Pangburn,REP,"City of White Cloud, Precinct 1",72
County Register of Deeds (REP),Stewart Sanders,REP,"City of White Cloud, Precinct 1",137
County Register of Deeds (REP),Write-in,REP,"City of White Cloud, Precinct 1",1
County Register of Deeds (REP),Kelly Pangburn,REP,"Ashland Township, Precinct 1",181
County Register of Deeds (REP),Stewart Sanders,REP,"Ashland Township, Precinct 1",198
County Register of Deeds (REP),Write-in,REP,"Ashland Township, Precinct 1",0
County Register of Deeds (REP),Kelly Pangburn,REP,"Barton Township, Precinct 1",35
County Register of Deeds (REP),Stewart Sanders,REP,"Barton Township, Precinct 1",42
County Register of Deeds (REP),Write-in,REP,"Barton Township, Precinct 1",1
County Register of Deeds (REP),Kelly Pangburn,REP,"Beaver Township, Precinct 1",23
County Register of Deeds (REP),Stewart Sanders,REP,"Beaver Township, Precinct 1",24
County Register of Deeds (REP),Write-in,REP,"Beaver Township, Precinct 1",0
County Register of Deeds (REP),Kelly Pangburn,REP,"Big Prairie Township, Precinct 1",136
County Register of Deeds (REP),Stewart Sanders,REP,"Big Prairie Township, Precinct 1",145
County Register of Deeds (REP),Write-in,REP,"Big Prairie Township, Precinct 1",2
County Register of Deeds (REP),Kelly Pangburn,REP,"Bridgeton Township, Precinct 1",146
County Register of Deeds (REP),Stewart Sanders,REP,"Bridgeton Township, Precinct 1",153
County Register of Deeds (REP),Write-in,REP,"Bridgeton Township, Precinct 1",2
County Register of Deeds (REP),Kelly Pangburn,REP,"Brooks Township, Precinct 1",270
County Register of Deeds (REP),Stewart Sanders,REP,"Brooks Township, Precinct 1",456
County Register of Deeds (REP),Write-in,REP,"Brooks Township, Precinct 1",1
County Register of Deeds (REP),Kelly Pangburn,REP,"Croton Township, Precinct 1",239
County Register of Deeds (REP),Stewart Sanders,REP,"Croton Township, Precinct 1",379
County Register of Deeds (REP),Write-in,REP,"Croton Township, Precinct 1",0
County Register of Deeds (REP),Kelly Pangburn,REP,"Dayton Township, Precinct 1",164
County Register of Deeds (REP),Stewart Sanders,REP,"Dayton Township, Precinct 1",223
County Register of Deeds (REP),Write-in,REP,"Dayton Township, Precinct 1",0
County Register of Deeds (REP),Kelly Pangburn,REP,"Denver Township, Precinct 1",92
County Register of Deeds (REP),Stewart Sanders,REP,"Denver Township, Precinct 1",92
County Register of Deeds (REP),Write-in,REP,"Denver Township, Precinct 1",1
County Register of Deeds (REP),Kelly Pangburn,REP,"Ensley Township, Precinct 1",253
County Register of Deeds (REP),Stewart Sanders,REP,"Ensley Township, Precinct 1",137
County Register of Deeds (REP),Write-in,REP,"Ensley Township, Precinct 1",0
County Register of Deeds (REP),Kelly Pangburn,REP,"Everett Township, Precinct 1",106
County Register of Deeds (REP),Stewart Sanders,REP,"Everett Township, Precinct 1",234
County Register of Deeds (REP),Write-in,REP,"Everett Township, Precinct 1",1
County Register of Deeds (REP),Kelly Pangburn,REP,"Garfield Township, Precinct 1",150
County Register of Deeds (REP),Stewart Sanders,REP,"Garfield Township, Precinct 1",276
County Register of Deeds (REP),Write-in,REP,"Garfield Township, Precinct 1",0
County Register of Deeds (REP),Kelly Pangburn,REP,"Goodwell Township, Precinct 1",30
County Register of Deeds (REP),Stewart Sanders,REP,"Goodwell Township, Precinct 1",73
County Register of Deeds (REP),Write-in,REP,"Goodwell Township, Precinct 1",1
County Register of Deeds (REP),Kelly Pangburn,REP,"Grant Township, Precinct 1",277
County Register of Deeds (REP),Stewart Sanders,REP,"Grant Township, Precinct 1",180
County Register of Deeds (REP),Write-in,REP,"Grant Township, Precinct 1",1
County Register of Deeds (REP),Kelly Pangburn,REP,"Home Township, Precinct 1",19
County Register of Deeds (REP),Stewart Sanders,REP,"Home Township, Precinct 1",31
County Register of Deeds (REP),Write-in,REP,"Home Township, Precinct 1",1
County Register of Deeds (REP),Kelly Pangburn,REP,"Lilley Township, Precinct 1",57
County Register of Deeds (REP),Stewart Sanders,REP,"Lilley Township, Precinct 1",52
County Register of Deeds (REP),Write-in,REP,"Lilley Township, Precinct 1",0
County Register of Deeds (REP),Kelly Pangburn,REP,"Lincoln Township, Precinct 1",96
County Register of Deeds (REP),Stewart Sanders,REP,"Lincoln Township, Precinct 1",150
County Register of Deeds (REP),Write-in,REP,"Lincoln Township, Precinct 1",3
County Register of Deeds (REP),Kelly Pangburn,REP,"Merrill Township, Precinct 1",65
County Register of Deeds (REP),Stewart Sanders,REP,"Merrill Township, Precinct 1",61
County Register of Deeds (REP),Write-in,REP,"Merrill Township, Precinct 1",2
County Register of Deeds (REP),Kelly Pangburn,REP,"Monroe Township, Precinct 1",15
County Register of Deeds (REP),Stewart Sanders,REP,"Monroe Township, Precinct 1",31
County Register of Deeds (REP),Write-in,REP,"Monroe Township, Precinct 1",0
County Register of Deeds (REP),Kelly Pangburn,REP,"Norwich Township, Precinct 1",50
County Register of Deeds (REP),Stewart Sanders,REP,"Norwich Township, Precinct 1",58
County Register of Deeds (REP),Write-in,REP,"Norwich Township, Precinct 1",1
County Register of Deeds (REP),Kelly Pangburn,REP,"Sheridan Charter Township, Precinct 1",151
County Register of Deeds (REP),Stewart Sanders,REP,"Sheridan Charter Township, Precinct 1",321
County Register of Deeds (REP),Write-in,REP,"Sheridan Charter Township, Precinct 1",2
County Register of Deeds (REP),Kelly Pangburn,REP,"Sherman Township, Precinct 1",160
County Register of Deeds (REP),Stewart Sanders,REP,"Sherman Township, Precinct 1",246
County Register of Deeds (REP),Write-in,REP,"Sherman Township, Precinct 1",1
County Register of Deeds (REP),Kelly Pangburn,REP,"Troy Township, Precinct 1",17
County Register of Deeds (REP),Stewart Sanders,REP,"Troy Township, Precinct 1",10
County Register of Deeds (REP),Write-in,REP,"Troy Township, Precinct 1",0
County Register of Deeds (REP),Kelly Pangburn,REP,"Wilcox Township, Precinct 1",58
County Register of Deeds (REP),Stewart Sanders,REP,"Wilcox Township, Precinct 1",88
County Register of Deeds (REP),Write-in,REP,"Wilcox Township, Precinct 1",3
County Drain Commissioner (REP),Adam Campbell,REP,"City of Fremont, Precinct 1",85
County Drain Commissioner (REP),Morgan Heinzman,REP,"City of Fremont, Precinct 1",46
County Drain Commissioner (REP),Dale E. Twing,REP,"City of Fremont, Precinct 1",226
County Drain Commissioner (REP),Write-in,REP,"City of Fremont, Precinct 1",4
County Drain Commissioner (REP),Adam Campbell,REP,"City of Fremont, Precinct 2",62
County Drain Commissioner (REP),Morgan Heinzman,REP,"City of Fremont, Precinct 2",46
County Drain Commissioner (REP),Dale E. Twing,REP,"City of Fremont, Precinct 2",197
County Drain Commissioner (REP),Write-in,REP,"City of Fremont, Precinct 2",0
County Drain Commissioner (REP),Adam Campbell,REP,"City of Grant, Precinct 1",55
County Drain Commissioner (REP),Morgan Heinzman,REP,"City of Grant, Precinct 1",11
County Drain Commissioner (REP),Dale E. Twing,REP,"City of Grant, Precinct 1",44
County Drain Commissioner (REP),Write-in,REP,"City of Grant, Precinct 1",1
County Drain Commissioner (REP),Adam Campbell,REP,"City of Newaygo, Precinct 1",80
County Drain Commissioner (REP),Morgan Heinzman,REP,"City of Newaygo, Precinct 1",102
County Drain Commissioner (REP),Dale E. Twing,REP,"City of Newaygo, Precinct 1",93
County Drain Commissioner (REP),Write-in,REP,"City of Newaygo, Precinct 1",0
County Drain Commissioner (REP),Adam Campbell,REP,"City of White Cloud, Precinct 1",45
County Drain Commissioner (REP),Morgan Heinzman,REP,"City of White Cloud, Precinct 1",51
County Drain Commissioner (REP),Dale E. Twing,REP,"City of White Cloud, Precinct 1",110
County Drain Commissioner (REP),Write-in,REP,"City of White Cloud, Precinct 1",2
County Drain Commissioner (REP),Adam Campbell,REP,"Ashland Township, Precinct 1",194
County Drain Commissioner (REP),Morgan Heinzman,REP,"Ashland Township, Precinct 1",53
County Drain Commissioner (REP),Dale E. Twing,REP,"Ashland Township, Precinct 1",132
County Drain Commissioner (REP),Write-in,REP,"Ashland Township, Precinct 1",0
County Drain Commissioner (REP),Adam Campbell,REP,"Barton Township, Precinct 1",41
County Drain Commissioner (REP),Morgan Heinzman,REP,"Barton Township, Precinct 1",13
County Drain Commissioner (REP),Dale E. Twing,REP,"Barton Township, Precinct 1",21
County Drain Commissioner (REP),Write-in,REP,"Barton Township, Precinct 1",0
County Drain Commissioner (REP),Adam Campbell,REP,"Beaver Township, Precinct 1",19
County Drain Commissioner (REP),Morgan Heinzman,REP,"Beaver Township, Precinct 1",7
County Drain Commissioner (REP),Dale E. Twing,REP,"Beaver Township, Precinct 1",18
County Drain Commissioner (REP),Write-in,REP,"Beaver Township, Precinct 1",0
County Drain Commissioner (REP),Adam Campbell,REP,"Big Prairie Township, Precinct 1",72
County Drain Commissioner (REP),Morgan Heinzman,REP,"Big Prairie Township, Precinct 1",83
County Drain Commissioner (REP),Dale E. Twing,REP,"Big Prairie Township, Precinct 1",125
County Drain Commissioner (REP),Write-in,REP,"Big Prairie Township, Precinct 1",1
County Drain Commissioner (REP),Adam Campbell,REP,"Bridgeton Township, Precinct 1",115
County Drain Commissioner (REP),Morgan Heinzman,REP,"Bridgeton Township, Precinct 1",54
County Drain Commissioner (REP),Dale E. Twing,REP,"Bridgeton Township, Precinct 1",130
County Drain Commissioner (REP),Write-in,REP,"Bridgeton Township, Precinct 1",1
County Drain Commissioner (REP),Adam Campbell,REP,"Brooks Township, Precinct 1",176
County Drain Commissioner (REP),Morgan Heinzman,REP,"Brooks Township, Precinct 1",279
County Drain Commissioner (REP),Dale E. Twing,REP,"Brooks Township, Precinct 1",282
County Drain Commissioner (REP),Write-in,REP,"Brooks Township, Precinct 1",0
County Drain Commissioner (REP),Adam Campbell,REP,"Croton Township, Precinct 1",132
County Drain Commissioner (REP),Morgan Heinzman,REP,"Croton Township, Precinct 1",300
County Drain Commissioner (REP),Dale E. Twing,REP,"Croton Township, Precinct 1",203
County Drain Commissioner (REP),Write-in,REP,"Croton Township, Precinct 1",0
County Drain Commissioner (REP),Adam Campbell,REP,"Dayton Township, Precinct 1",96
County Drain Commissioner (REP),Morgan Heinzman,REP,"Dayton Township, Precinct 1",76
County Drain Commissioner (REP),Dale E. Twing,REP,"Dayton Township, Precinct 1",220
County Drain Commissioner (REP),Write-in,REP,"Dayton Township, Precinct 1",1
County Drain Commissioner (REP),Adam Campbell,REP,"Denver Township, Precinct 1",52
County Drain Commissioner (REP),Morgan Heinzman,REP,"Denver Township, Precinct 1",39
County Drain Commissioner (REP),Dale E. Twing,REP,"Denver Township, Precinct 1",88
County Drain Commissioner (REP),Write-in,REP,"Denver Township, Precinct 1",1
County Drain Commissioner (REP),Adam Campbell,REP,"Ensley Township, Precinct 1",155
County Drain Commissioner (REP),Morgan Heinzman,REP,"Ensley Township, Precinct 1",88
County Drain Commissioner (REP),Dale E. Twing,REP,"Ensley Township, Precinct 1",140
County Drain Commissioner (REP),Write-in,REP,"Ensley Township, Precinct 1",0
County Drain Commissioner (REP),Adam Campbell,REP,"Everett Township, Precinct 1",92
County Drain Commissioner (REP),Morgan Heinzman,REP,"Everett Township, Precinct 1",59
County Drain Commissioner (REP),Dale E. Twing,REP,"Everett Township, Precinct 1",182
County Drain Commissioner (REP),Write-in,REP,"Everett Township, Precinct 1",1
County Drain Commissioner (REP),Adam Campbell,REP,"Garfield Township, Precinct 1",79
County Drain Commissioner (REP),Morgan Heinzman,REP,"Garfield Township, Precinct 1",115
County Drain Commissioner (REP),Dale E. Twing,REP,"Garfield Township, Precinct 1",234
County Drain Commissioner (REP),Write-in,REP,"Garfield Township, Precinct 1",1
County Drain Commissioner (REP),Adam Campbell,REP,"Goodwell Township, Precinct 1",19
County Drain Commissioner (REP),Morgan Heinzman,REP,"Goodwell Township, Precinct 1",22
County Drain Commissioner (REP),Dale E. Twing,REP,"Goodwell Township, Precinct 1",62
County Drain Commissioner (REP),Write-in,REP,"Goodwell Township, Precinct 1",1
County Drain Commissioner (REP),Adam Campbell,REP,"Grant Township, Precinct 1",227
County Drain Commissioner (REP),Morgan Heinzman,REP,"Grant Township, Precinct 1",67
County Drain Commissioner (REP),Dale E. Twing,REP,"Grant Township, Precinct 1",151
County Drain Commissioner (REP),Write-in,REP,"Grant Township, Precinct 1",2
County Drain Commissioner (REP),Adam Campbell,REP,"Home Township, Precinct 1",18
County Drain Commissioner (REP),Morgan Heinzman,REP,"Home Township, Precinct 1",9
County Drain Commissioner (REP),Dale E. Twing,REP,"Home Township, Precinct 1",22
County Drain Commissioner (REP),Write-in,REP,"Home Township, Precinct 1",1
County Drain Commissioner (REP),Adam Campbell,REP,"Lilley Township, Precinct 1",37
County Drain Commissioner (REP),Morgan Heinzman,REP,"Lilley Township, Precinct 1",12
County Drain Commissioner (REP),Dale E. Twing,REP,"Lilley Township, Precinct 1",57
County Drain Commissioner (REP),Write-in,REP,"Lilley Township, Precinct 1",0
County Drain Commissioner (REP),Adam Campbell,REP,"Lincoln Township, Precinct 1",77
County Drain Commissioner (REP),Morgan Heinzman,REP,"Lincoln Township, Precinct 1",37
County Drain Commissioner (REP),Dale E. Twing,REP,"Lincoln Township, Precinct 1",131
County Drain Commissioner (REP),Write-in,REP,"Lincoln Township, Precinct 1",2
County Drain Commissioner (REP),Adam Campbell,REP,"Merrill Township, Precinct 1",31
County Drain Commissioner (REP),Morgan Heinzman,REP,"Merrill Township, Precinct 1",30
County Drain Commissioner (REP),Dale E. Twing,REP,"Merrill Township, Precinct 1",67
County Drain Commissioner (REP),Write-in,REP,"Merrill Township, Precinct 1",2
County Drain Commissioner (REP),Adam Campbell,REP,"Monroe Township, Precinct 1",14
County Drain Commissioner (REP),Morgan Heinzman,REP,"Monroe Township, Precinct 1",5
County Drain Commissioner (REP),Dale E. Twing,REP,"Monroe Township, Precinct 1",29
County Drain Commissioner (REP),Write-in,REP,"Monroe Township, Precinct 1",0
County Drain Commissioner (REP),Adam Campbell,REP,"Norwich Township, Precinct 1",46
County Drain Commissioner (REP),Morgan Heinzman,REP,"Norwich Township, Precinct 1",21
County Drain Commissioner (REP),Dale E. Twing,REP,"Norwich Township, Precinct 1",34
County Drain Commissioner (REP),Write-in,REP,"Norwich Township, Precinct 1",1
County Drain Commissioner (REP),Adam Campbell,REP,"Sheridan Charter Township, Precinct 1",96
County Drain Commissioner (REP),Morgan Heinzman,REP,"Sheridan Charter Township, Precinct 1",103
County Drain Commissioner (REP),Dale E. Twing,REP,"Sheridan Charter Township, Precinct 1",281
County Drain Commissioner (REP),Write-in,REP,"Sheridan Charter Township, Precinct 1",2
County Drain Commissioner (REP),Adam Campbell,REP,"Sherman Township, Precinct 1",99
County Drain Commissioner (REP),Morgan Heinzman,REP,"Sherman Township, Precinct 1",73
County Drain Commissioner (REP),Dale E. Twing,REP,"Sherman Township, Precinct 1",238
County Drain Commissioner (REP),Write-in,REP,"Sherman Township, Precinct 1",1
County Drain Commissioner (REP),Adam Campbell,REP,"Troy Township, Precinct 1",14
County Drain Commissioner (REP),Morgan Heinzman,REP,"Troy Township, Precinct 1",7
County Drain Commissioner (REP),Dale E. Twing,REP,"Troy Township, Precinct 1",5
County Drain Commissioner (REP),Write-in,REP,"Troy Township, Precinct 1",0
County Drain Commissioner (REP),Adam Campbell,REP,"Wilcox Township, Precinct 1",28
County Drain Commissioner (REP),Morgan Heinzman,REP,"Wilcox Township, Precinct 1",38
County Drain Commissioner (REP),Dale E. Twing,REP,"Wilcox Township, Precinct 1",87
County Drain Commissioner (REP),Write-in,REP,"Wilcox Township, Precinct 1",2
County Commissioner 1st District (REP),Paul Mellema,REP,"City of Fremont, Precinct 1",329
County Commissioner 1st District (REP),Write-in,REP,"City of Fremont, Precinct 1",4
County Commissioner 1st District (REP),Paul Mellema,REP,"Beaver Township, Precinct 1",42
County Commissioner 1st District (REP),Write-in,REP,"Beaver Township, Precinct 1",0
County Commissioner 1st District (REP),Paul Mellema,REP,"Dayton Township, Precinct 1",356
County Commissioner 1st District (REP),Write-in,REP,"Dayton Township, Precinct 1",2
County Commissioner 1st District (REP),Paul Mellema,REP,"Denver Township, Precinct 1",156
County Commissioner 1st District (REP),Write-in,REP,"Denver Township, Precinct 1",0
County Commissioner 1st District (REP),Paul Mellema,REP,"Troy Township, Precinct 1",24
County Commissioner 1st District (REP),Write-in,REP,"Troy Township, Precinct 1",0
County Commissioner 2nd District (REP),Bryan J. Kolk,REP,"City of Fremont, Precinct 2",279
County Commissioner 2nd District (REP),Write-in,REP,"City of Fremont, Precinct 2",2
County Commissioner 2nd District (REP),Bryan J. Kolk,REP,"Bridgeton Township, Precinct 1",279
County Commissioner 2nd District (REP),Write-in,REP,"Bridgeton Township, Precinct 1",6
County Commissioner 2nd District (REP),Bryan J. Kolk,REP,"Sheridan Charter Township, Precinct 1",444
County Commissioner 2nd District (REP),Write-in,REP,"Sheridan Charter Township, Precinct 1",0
County Commissioner 3rd District (REP),Chuck Trapp,REP,"City of White Cloud, Precinct 1",160
County Commissioner 3rd District (REP),Write-in,REP,"City of White Cloud, Precinct 1",2
County Commissioner 3rd District (REP),Chuck Trapp,REP,"Barton Township, Precinct 1",86
County Commissioner 3rd District (REP),Write-in,REP,"Barton Township, Precinct 1",1
County Commissioner 3rd District (REP),Chuck Trapp,REP,"Home Township, Precinct 1",42
County Commissioner 3rd District (REP),Write-in,REP,"Home Township, Precinct 1",1
County Commissioner 3rd District (REP),Chuck Trapp,REP,"Lilley Township, Precinct 1",103
County Commissioner 3rd District (REP),Write-in,REP,"Lilley Township, Precinct 1",0
County Commissioner 3rd District (REP),Chuck Trapp,REP,"Lincoln Township, Precinct 1",220
County Commissioner 3rd District (REP),Write-in,REP,"Lincoln Township, Precinct 1",5
County Commissioner 3rd District (REP),Chuck Trapp,REP,"Merrill Township, Precinct 1",113
County Commissioner 3rd District (REP),Write-in,REP,"Merrill Township, Precinct 1",9
County Commissioner 3rd District (REP),Chuck Trapp,REP,"Monroe Township, Precinct 1",44
County Commissioner 3rd District (REP),Write-in,REP,"Monroe Township, Precinct 1",0
County Commissioner 3rd District (REP),Chuck Trapp,REP,"Norwich Township, Precinct 1",106
County Commissioner 3rd District (REP),Write-in,REP,"Norwich Township, Precinct 1",0
County Commissioner 3rd District (REP),Chuck Trapp,REP,"Wilcox Township, Precinct 1",142
County Commissioner 3rd District (REP),Write-in,REP,"Wilcox Township, Precinct 1",1
County Commissioner 4th District (REP),Jim Maike,REP,"Big Prairie Township, Precinct 1",253
County Commissioner 4th District (REP),Write-in,REP,"Big Prairie Township, Precinct 1",2
County Commissioner 4th District (REP),Jim Maike,REP,"Everett Township, Precinct 1",299
County Commissioner 4th District (REP),Write-in,REP,"Everett Township, Precinct 1",7
County Commissioner 4th District (REP),Jim Maike,REP,"Goodwell Township, Precinct 1",100
County Commissioner 4th District (REP),Write-in,REP,"Goodwell Township, Precinct 1",0
County Commissioner 4th District (REP),Jim Maike,REP,"Sherman Township, Precinct 1",344
County Commissioner 4th District (REP),Write-in,REP,"Sherman Township, Precinct 1",2
County Commissioner 5th District (REP),Thomas Smith,REP,"City of Newaygo, Precinct 1",76
County Commissioner 5th District (REP),Lori Tubbergen Clark,REP,"City of Newaygo, Precinct 1",96
County Commissioner 5th District (REP),Lavern H. Willett,REP,"City of Newaygo, Precinct 1",88
County Commissioner 5th District (REP),Write-in,REP,"City of Newaygo, Precinct 1",0
County Commissioner 5th District (REP),Thomas Smith,REP,"Brooks Township, Precinct 1",141
County Commissioner 5th District (REP),Lori Tubbergen Clark,REP,"Brooks Township, Precinct 1",162
County Commissioner 5th District (REP),Lavern H. Willett,REP,"Brooks Township, Precinct 1",131
County Commissioner 5th District (REP),Write-in,REP,"Brooks Township, Precinct 1",0
County Commissioner 5th District (REP),Thomas Smith,REP,"Garfield Township, Precinct 1",86
County Commissioner 5th District (REP),Lori Tubbergen Clark,REP,"Garfield Township, Precinct 1",174
County Commissioner 5th District (REP),Lavern H. Willett,REP,"Garfield Township, Precinct 1",128
County Commissioner 5th District (REP),Write-in,REP,"Garfield Township, Precinct 1",2
County Commissioner 6th District (REP),Brenda Bird,REP,"Brooks Township, Precinct 1",219
County Commissioner 6th District (REP),Write-in,REP,"Brooks Township, Precinct 1",1
County Commissioner 6th District (REP),Brenda Bird,REP,"Croton Township, Precinct 1",542
County Commissioner 6th District (REP),Write-in,REP,"Croton Township, Precinct 1",1
County Commissioner 6th District (REP),Brenda Bird,REP,"Ensley Township, Precinct 1",359
County Commissioner 6th District (REP),Write-in,REP,"Ensley Township, Precinct 1",3
County Commissioner 7th District (REP),Mike Kruithoff,REP,"City of Grant, Precinct 1",93
County Commissioner 7th District (REP),Write-in,REP,"City of Grant, Precinct 1",2
County Commissioner 7th District (REP),Mike Kruithoff,REP,"Ashland Township, Precinct 1",342
County Commissioner 7th District (REP),Write-in,REP,"Ashland Township, Precinct 1",5
County Commissioner 7th District (REP),Mike Kruithoff,REP,"Grant Township, Precinct 1",420
County Commissioner 7th District (REP),Write-in,REP,"Grant Township, Precinct 1",6
Ashland Township Supervisor (REP),Marvin Geers,REP,"Ashland Township, Precinct 1",345
Ashland Township Supervisor (REP),Write-in,REP,"Ashland Township, Precinct 1",4
Ashland Township Clerk (REP),Shelly Boerema,REP,"Ashland Township, Precinct 1",346
Ashland Township Clerk (REP),Write-in,REP,"Ashland Township, Precinct 1",3
Ashland Township Treasurer (REP),Michelle McKinlay,REP,"Ashland Township, Precinct 1",346
Ashland Township Treasurer (REP),Write-in,REP,"Ashland Township, Precinct 1",3
Ashland Township Trustee (REP),William Butchart,REP,"Ashland Township, Precinct 1",299
Ashland Township Trustee (REP),Gary Nelsen,REP,"Ashland Township, Precinct 1",287
Ashland Township Trustee (REP),Write-in,REP,"Ashland Township, Precinct 1",3
Barton Township Supervisor (REP),Kyle D. Luce,REP,"Barton Township, Precinct 1",93
Barton Township Supervisor (REP),Write-in,REP,"Barton Township, Precinct 1",0
Barton Township Clerk (REP),Brittney Morneau,REP,"Barton Township, Precinct 1",90
Barton Township Clerk (REP),Write-in,REP,"Barton Township, Precinct 1",0
Barton Township Treasurer (REP),Joan Luce,REP,"Barton Township, Precinct 1",62
Barton Township Treasurer (REP),Melanie Millis,REP,"Barton Township, Precinct 1",36
Barton Township Treasurer (REP),Write-in,REP,"Barton Township, Precinct 1",0
Barton Township Trustee (REP),David E. Lange,REP,"Barton Township, Precinct 1",67
Barton Township Trustee (REP),John H. Wright,REP,"Barton Township, Precinct 1",75
Barton Township Trustee (REP),Write-in,REP,"Barton Township, Precinct 1",0
Beaver Township Supervisor (REP),Allen Ward,REP,"Beaver Township, Precinct 1",47
Beaver Township Supervisor (REP),Write-in,REP,"Beaver Township, Precinct 1",1
Beaver Township Clerk (REP),Write-in,REP,"Beaver Township, Precinct 1",1
Beaver Township Treasurer (REP),Write-in,REP,"Beaver Township, Precinct 1",1
Beaver Township Trustee (REP),Jed Johansen,REP,"Beaver Township, Precinct 1",34
Beaver Township Trustee (REP),Judy L. Peplinski,REP,"Beaver Township, Precinct 1",41
Beaver Township Trustee (REP),Write-in,REP,"Beaver Township, Precinct 1",0
Big Prairie Township Supervisor (REP),Ray Westgate,REP,"Big Prairie Township, Precinct 1",261
Big Prairie Township Supervisor (REP),Write-in,REP,"Big Prairie Township, Precinct 1",2
Big Prairie Township Clerk (REP),Judith Baker,REP,"Big Prairie Township, Precinct 1",199
Big Prairie Township Clerk (REP),Shana Sarns,REP,"Big Prairie Township, Precinct 1",79
Big Prairie Township Clerk (REP),Write-in,REP,"Big Prairie Township, Precinct 1",0
Big Prairie Township Treasurer (REP),Julie M. Scott,REP,"Big Prairie Township, Precinct 1",259
Big Prairie Township Treasurer (REP),Write-in,REP,"Big Prairie Township, Precinct 1",0
Big Prairie Township Trustee (REP),Jan Anderson,REP,"Big Prairie Township, Precinct 1",182
Big Prairie Township Trustee (REP),Vernon Malloy,REP,"Big Prairie Township, Precinct 1",158
Big Prairie Township Trustee (REP),Ed Rubringer,REP,"Big Prairie Township, Precinct 1",92
Big Prairie Township Trustee (REP),Write-in,REP,"Big Prairie Township, Precinct 1",0
Big Prairie Township Park Commissioner (REP),Patrick Anderson,REP,"Big Prairie Township, Precinct 1",184
Big Prairie Township Park Commissioner (REP),Colleen Ryman,REP,"Big Prairie Township, Precinct 1",161
Big Prairie Township Park Commissioner (REP),Doreen E. Teesdale,REP,"Big Prairie Township, Precinct 1",143
Big Prairie Township Park Commissioner (REP),Janet Westfield,REP,"Big Prairie Township, Precinct 1",152
Big Prairie Township Park Commissioner (REP),Write-in,REP,"Big Prairie Township, Precinct 1",6
Bridgeton Township Supervisor (REP),Jason L. Mansfield,REP,"Bridgeton Township, Precinct 1",150
Bridgeton Township Supervisor (REP),Timothy N. Priddy,REP,"Bridgeton Township, Precinct 1",142
Bridgeton Township Supervisor (REP),Write-in,REP,"Bridgeton Township, Precinct 1",2
Bridgeton Township Clerk (REP),Ann Marie Kossen-Priddy,REP,"Bridgeton Township, Precinct 1",273
Bridgeton Township Clerk (REP),Write-in,REP,"Bridgeton Township, Precinct 1",3
Bridgeton Township Treasurer (REP),Jaime Holmes,REP,"Bridgeton Township, Precinct 1",206
Bridgeton Township Treasurer (REP),Linda Petropoulos,REP,"Bridgeton Township, Precinct 1",85
Bridgeton Township Treasurer (REP),Write-in,REP,"Bridgeton Township, Precinct 1",2
Bridgeton Township Trustee (REP),Robert Dore,REP,"Bridgeton Township, Precinct 1",277
Bridgeton Township Trustee (REP),Write-in,REP,"Bridgeton Township, Precinct 1",5
Brooks Township Supervisor (REP),Cory J. Nelson,REP,"Brooks Township, Precinct 1",617
Brooks Township Supervisor (REP),Write-in,REP,"Brooks Township, Precinct 1",6
Brooks Township Clerk (REP),Jennifer Badgero,REP,"Brooks Township, Precinct 1",611
Brooks Township Clerk (REP),Write-in,REP,"Brooks Township, Precinct 1",2
Brooks Township Treasurer (REP),Vivian Miller,REP,"Brooks Township, Precinct 1",605
Brooks Township Treasurer (REP),Write-in,REP,"Brooks Township, Precinct 1",3
Brooks Township Trustee (REP),Danielle Hummel,REP,"Brooks Township, Precinct 1",406
Brooks Township Trustee (REP),Ryan M. Schultz,REP,"Brooks Township, Precinct 1",520
Brooks Township Trustee (REP),Write-in,REP,"Brooks Township, Precinct 1",1
Croton Township Supervisor (REP),Morgan Heinzman,REP,"Croton Township, Precinct 1",551
Croton Township Supervisor (REP),Write-in,REP,"Croton Township, Precinct 1",13
Croton Township Clerk (REP),Debbra Wright,REP,"Croton Township, Precinct 1",564
Croton Township Clerk (REP),Write-in,REP,"Croton Township, Precinct 1",2
Croton Township Treasurer (REP),Denise Anderson,REP,"Croton Township, Precinct 1",269
Croton Township Treasurer (REP),Kimberly D. Edwards,REP,"Croton Township, Precinct 1",363
Croton Township Treasurer (REP),Write-in,REP,"Croton Township, Precinct 1",1
Croton Township Trustee (REP),Andrew Fias,REP,"Croton Township, Precinct 1",314
Croton Township Trustee (REP),John Shepherd,REP,"Croton Township, Precinct 1",422
Croton Township Trustee (REP),Corky Williams,REP,"Croton Township, Precinct 1",230
Croton Township Trustee (REP),Write-in,REP,"Croton Township, Precinct 1",0
Dayton Township Supervisor (REP),Brian A. Frens,REP,"Dayton Township, Precinct 1",351
Dayton Township Supervisor (REP),Write-in,REP,"Dayton Township, Precinct 1",3
Dayton Township Clerk (REP),Mary Jo Tibbe,REP,"Dayton Township, Precinct 1",351
Dayton Township Clerk (REP),Write-in,REP,"Dayton Township, Precinct 1",2
Dayton Township Treasurer (REP),William D. Kunnen,REP,"Dayton Township, Precinct 1",353
Dayton Township Treasurer (REP),Write-in,REP,"Dayton Township, Precinct 1",1
Dayton Township Trustee (REP),Glen H. Sparks,REP,"Dayton Township, Precinct 1",306
Dayton Township Trustee (REP),Marva Zeldenrust,REP,"Dayton Township, Precinct 1",292
Dayton Township Trustee (REP),Write-in,REP,"Dayton Township, Precinct 1",3
Denver Township Supervisor (REP),Micheal E. Anderson,REP,"Denver Township, Precinct 1",157
Denver Township Supervisor (REP),Write-in,REP,"Denver Township, Precinct 1",2
Denver Township Clerk (REP),Write-in,REP,"Denver Township, Precinct 1",10
Denver Township Treasurer (REP),Write-in,REP,"Denver Township, Precinct 1",8
Denver Township Trustee (REP),Thomas R. Borgman,REP,"Denver Township, Precinct 1",134
Denver Township Trustee (REP),Write-in,REP,"Denver Township, Precinct 1",3
Ensley Township Supervisor (REP),Patrick Hills,REP,"Ensley Township, Precinct 1",343
Ensley Township Supervisor (REP),Write-in,REP,"Ensley Township, Precinct 1",11
Ensley Township Clerk (REP),Cindy Harwood,REP,"Ensley Township, Precinct 1",358
Ensley Township Clerk (REP),Write-in,REP,"Ensley Township, Precinct 1",2
Ensley Township Treasurer (REP),Faye Folkema,REP,"Ensley Township, Precinct 1",365
Ensley Township Treasurer (REP),Write-in,REP,"Ensley Township, Precinct 1",4
Ensley Township Trustee (REP),Timothy Butler,REP,"Ensley Township, Precinct 1",309
Ensley Township Trustee (REP),Tim Newton,REP,"Ensley Township, Precinct 1",285
Ensley Township Trustee (REP),Write-in,REP,"Ensley Township, Precinct 1",1
Everett Township Supervisor (REP),Judy Maike,REP,"Everett Township, Precinct 1",299
Everett Township Supervisor (REP),Write-in,REP,"Everett Township, Precinct 1",6
Everett Township Clerk (REP),Pamela K. Chaffee,REP,"Everett Township, Precinct 1",314
Everett Township Clerk (REP),Write-in,REP,"Everett Township, Precinct 1",3
Everett Township Treasurer (REP),Write-in,REP,"Everett Township, Precinct 1",18
Everett Township Trustee (REP),Curtis A. Chaffee,REP,"Everett Township, Precinct 1",259
Everett Township Trustee (REP),Richard Long,REP,"Everett Township, Precinct 1",192
Everett Township Trustee (REP),Write-in,REP,"Everett Township, Precinct 1",4
Garfield Township Supervisor (REP),"George J. Suchy, Jr.",REP,"Garfield Township, Precinct 1",365
Garfield Township Supervisor (REP),Write-in,REP,"Garfield Township, Precinct 1",1
Garfield Township Clerk (REP),Kristin Melvin,REP,"Garfield Township, Precinct 1",367
Garfield Township Clerk (REP),Write-in,REP,"Garfield Township, Precinct 1",1
Garfield Township Treasurer (REP),Ray Troyer,REP,"Garfield Township, Precinct 1",358
Garfield Township Treasurer (REP),Write-in,REP,"Garfield Township, Precinct 1",4
Garfield Township Trustee (REP),Amy M. Ekkel,REP,"Garfield Township, Precinct 1",314
Garfield Township Trustee (REP),Robert Kinniburgh,REP,"Garfield Township, Precinct 1",227
Garfield Township Trustee (REP),Write-in,REP,"Garfield Township, Precinct 1",5
Goodwell Township Supervisor (REP),Donald Tim Maxson,REP,"Goodwell Township, Precinct 1",99
Goodwell Township Supervisor (REP),Write-in,REP,"Goodwell Township, Precinct 1",6
Goodwell Township Clerk (REP),Jennifer Wozniak,REP,"Goodwell Township, Precinct 1",101
Goodwell Township Clerk (REP),Write-in,REP,"Goodwell Township, Precinct 1",2
Goodwell Township Treasurer (REP),Rachel S. Belcher,REP,"Goodwell Township, Precinct 1",98
Goodwell Township Treasurer (REP),Write-in,REP,"Goodwell Township, Precinct 1",2
Goodwell Township Trustee (REP),Robert W. Birr,REP,"Goodwell Township, Precinct 1",70
Goodwell Township Trustee (REP),Greg Olson,REP,"Goodwell Township, Precinct 1",95
Goodwell Township Trustee (REP),Write-in,REP,"Goodwell Township, Precinct 1",0
Grant Township Supervisor (REP),Stanley VanSingel,REP,"Grant Township, Precinct 1",405
Grant Township Supervisor (REP),Write-in,REP,"Grant Township, Precinct 1",10
Grant Township Clerk (REP),Gladys M. Veltkamp,REP,"Grant Township, Precinct 1",421
Grant Township Clerk (REP),Write-in,REP,"Grant Township, Precinct 1",6
Grant Township Treasurer (REP),Edith Elaine Elsenheimer,REP,"Grant Township, Precinct 1",433
Grant Township Treasurer (REP),Write-in,REP,"Grant Township, Precinct 1",2
Grant Township Trustee (REP),Max Mellon,REP,"Grant Township, Precinct 1",346
Grant Township Trustee (REP),Laura Rodriguez,REP,"Grant Township, Precinct 1",273
Grant Township Trustee (REP),Write-in,REP,"Grant Township, Precinct 1",3
Home Township Supervisor (REP),Write-in,REP,"Home Township, Precinct 1",9
Home Township Clerk (REP),Write-in,REP,"Home Township, Precinct 1",9
Home Township Treasurer (REP),Write-in,REP,"Home Township, Precinct 1",8
Home Township Trustee (REP),Write-in,REP,"Home Township, Precinct 1",13
Lilley Township Supervisor (REP),Bob Bouwens,REP,"Lilley Township, Precinct 1",108
Lilley Township Supervisor (REP),Write-in,REP,"Lilley Township, Precinct 1",1
Lilley Township Clerk (REP),Fran Nelson,REP,"Lilley Township, Precinct 1",108
Lilley Township Clerk (REP),Write-in,REP,"Lilley Township, Precinct 1",0
Lilley Township Treasurer (REP),Kathryn A. Way,REP,"Lilley Township, Precinct 1",100
Lilley Township Treasurer (REP),Write-in,REP,"Lilley Township, Precinct 1",2
Lilley Township Trustee (REP),Gerald V. Anderson,REP,"Lilley Township, Precinct 1",106
Lilley Township Trustee (REP),Write-in,REP,"Lilley Township, Precinct 1",2
Lincoln Township Supervisor (REP),Robin L. Rodarmer,REP,"Lincoln Township, Precinct 1",212
Lincoln Township Supervisor (REP),Write-in,REP,"Lincoln Township, Precinct 1",3
Lincoln Township Clerk (REP),Jackie E. Bulson,REP,"Lincoln Township, Precinct 1",220
Lincoln Township Clerk (REP),Write-in,REP,"Lincoln Township, Precinct 1",3
Lincoln Township Treasurer (REP),Amy M. Stockwell,REP,"Lincoln Township, Precinct 1",220
Lincoln Township Treasurer (REP),Write-in,REP,"Lincoln Township, Precinct 1",5
Lincoln Township Trustee (REP),Josh Frantz,REP,"Lincoln Township, Precinct 1",179
Lincoln Township Trustee (REP),Roger L. Ungrey,REP,"Lincoln Township, Precinct 1",151
Lincoln Township Trustee (REP),Write-in,REP,"Lincoln Township, Precinct 1",5
Merrill Township Supervisor (REP),Chuck Hanlon,REP,"Merrill Township, Precinct 1",61
Merrill Township Supervisor (REP),Peter A. Morgan,REP,"Merrill Township, Precinct 1",81
Merrill Township Supervisor (REP),Write-in,REP,"Merrill Township, Precinct 1",1
Merrill Township Clerk (REP),Write-in,REP,"Merrill Township, Precinct 1",18
Merrill Township Treasurer (REP),Bonnie St. Amour,REP,"Merrill Township, Precinct 1",112
Merrill Township Treasurer (REP),Write-in,REP,"Merrill Township, Precinct 1",5
Merrill Township Trustee (REP),David A. Miedema,REP,"Merrill Township, Precinct 1",83
Merrill Township Trustee (REP),Harold F. Yancey Jr.,REP,"Merrill Township, Precinct 1",77
Merrill Township Trustee (REP),Write-in,REP,"Merrill Township, Precinct 1",4
Monroe Township Supervisor (REP),Write-in,REP,"Monroe Township, Precinct 1",4
Monroe Township Clerk (REP),Write-in,REP,"Monroe Township, Precinct 1",6
Monroe Township Treasurer (REP),Michelle M. Mills,REP,"Monroe Township, Precinct 1",41
Monroe Township Treasurer (REP),Write-in,REP,"Monroe Township, Precinct 1",0
Monroe Township Trustee (REP),Valerie Batch,REP,"Monroe Township, Precinct 1",40
Monroe Township Trustee (REP),Write-in,REP,"Monroe Township, Precinct 1",0
Norwich Township Supervisor (REP),Daniel C. Wanink,REP,"Norwich Township, Precinct 1",110
Norwich Township Supervisor (REP),Write-in,REP,"Norwich Township, Precinct 1",0
Norwich Township Clerk (REP),Stacie Langworthy,REP,"Norwich Township, Precinct 1",111
Norwich Township Clerk (REP),Write-in,REP,"Norwich Township, Precinct 1",0
Norwich Township Treasurer (REP),Phyllis L. Carlson,REP,"Norwich Township, Precinct 1",114
Norwich Township Treasurer (REP),Write-in,REP,"Norwich Township, Precinct 1",0
Norwich Township Trustee (REP),Jennifer A. Kailing,REP,"Norwich Township, Precinct 1",112
Norwich Township Trustee (REP),Write-in,REP,"Norwich Township, Precinct 1",2
Sheridan Charter Township Supervisor (REP),Write-in,REP,"Sheridan Charter Township, Precinct 1",15
Sheridan Charter Township Clerk (REP),Maggie Kolk,REP,"Sheridan Charter Township, Precinct 1",432
Sheridan Charter Township Clerk (REP),Write-in,REP,"Sheridan Charter Township, Precinct 1",2
Sheridan Charter Township Treasurer (REP),Jennifer Hollowell,REP,"Sheridan Charter Township, Precinct 1",430
Sheridan Charter Township Treasurer (REP),Write-in,REP,"Sheridan Charter Township, Precinct 1",0
Sheridan Charter Township Trustee (REP),Sue Auw,REP,"Sheridan Charter Township, Precinct 1",254
Sheridan Charter Township Trustee (REP),Aaron Bennett,REP,"Sheridan Charter Township, Precinct 1",312
Sheridan Charter Township Trustee (REP),Jason R. Cummins,REP,"Sheridan Charter Township, Precinct 1",224
Sheridan Charter Township Trustee (REP),Mark Robinson,REP,"Sheridan Charter Township, Precinct 1",306
Sheridan Charter Township Trustee (REP),Jesse B. Wolfsen,REP,"Sheridan Charter Township, Precinct 1",327
Sheridan Charter Township Trustee (REP),Write-in,REP,"Sheridan Charter Township, Precinct 1",2
Sherman Township Supervisor (REP),Ken Smalligan,REP,"Sherman Township, Precinct 1",332
Sherman Township Supervisor (REP),Write-in,REP,"Sherman Township, Precinct 1",9
Sherman Township Clerk (REP),Jamie Lynn Kukal,REP,"Sherman Township, Precinct 1",347
Sherman Township Clerk (REP),Write-in,REP,"Sherman Township, Precinct 1",4
Sherman Township Treasurer (REP),Karen R. Berens,REP,"Sherman Township, Precinct 1",363
Sherman Township Treasurer (REP),Write-in,REP,"Sherman Township, Precinct 1",0
Sherman Township Trustee (REP),Doug Berens,REP,"Sherman Township, Precinct 1",308
Sherman Township Trustee (REP),James May,REP,"Sherman Township, Precinct 1",171
Sherman Township Trustee (REP),Stanley L. Stroven,REP,"Sherman Township, Precinct 1",234
Sherman Township Trustee (REP),Write-in,REP,"Sherman Township, Precinct 1",0
Troy Township Supervisor (REP),Write-in,REP,"Troy Township, Precinct 1",4
Troy Township Clerk (REP),Michael Donald Lowery,REP,"Troy Township, Precinct 1",21
Troy Township Clerk (REP),Write-in,REP,"Troy Township, Precinct 1",2
Troy Township Treasurer (REP),Stephanie Hawley,REP,"Troy Township, Precinct 1",23
Troy Township Treasurer (REP),Write-in,REP,"Troy Township, Precinct 1",0
Troy Township Trustee (REP),Erica Quick,REP,"Troy Township, Precinct 1",23
Troy Township Trustee (REP),Write-in,REP,"Troy Township, Precinct 1",0
Wilcox Township Supervisor (REP),Pamela A. Rolfe,REP,"Wilcox Township, Precinct 1",126
Wilcox Township Supervisor (REP),Write-in,REP,"Wilcox Township, Precinct 1",4
Wilcox Township Clerk (REP),Erica Pozas,REP,"Wilcox Township, Precinct 1",121
Wilcox Township Clerk (REP),Write-in,REP,"Wilcox Township, Precinct 1",2
Wilcox Township Treasurer (REP),Melissa VerStrat-Jonaitis,REP,"Wilcox Township, Precinct 1",126
Wilcox Township Treasurer (REP),Write-in,REP,"Wilcox Township, Precinct 1",1
Wilcox Township Trustee (REP),Ronald Fowler,REP,"Wilcox Township, Precinct 1",98
Wilcox Township Trustee (REP),Laurie Sytsma,REP,"Wilcox Township, Precinct 1",109
Wilcox Township Trustee (REP),Write-in,REP,"Wilcox Township, Precinct 1",0
Ashland Township Precinct 1 Precinct Delegate (REP),Nancy Grabill,REP,"Ashland Township, Precinct 1",259
Ashland Township Precinct 1 Precinct Delegate (REP),Carol Ann Holmes,REP,"Ashland Township, Precinct 1",244
Ashland Township Precinct 1 Precinct Delegate (REP),Dorinda Vance,REP,"Ashland Township, Precinct 1",225
Ashland Township Precinct 1 Precinct Delegate (REP),Dan VanderSys,REP,"Ashland Township, Precinct 1",240
Ashland Township Precinct 1 Precinct Delegate (REP),Jill VanderSys,REP,"Ashland Township, Precinct 1",227
Ashland Township Precinct 1 Precinct Delegate (REP),Write-in,REP,"Ashland Township, Precinct 1",21
Barton Township Precinct 1 Precinct Delegate (REP),Joan Luce,REP,"Barton Township, Precinct 1",67
Barton Township Precinct 1 Precinct Delegate (REP),Kyle D. Luce,REP,"Barton Township, Precinct 1",77
Barton Township Precinct 1 Precinct Delegate (REP),Randy S. Rohraff,REP,"Barton Township, Precinct 1",62
Barton Township Precinct 1 Precinct Delegate (REP),Write-in,REP,"Barton Township, Precinct 1",0
Beaver Township Precinct 1 Precinct Delegate (REP),Richard Hornsby,REP,"Beaver Township, Precinct 1",43
Beaver Township Precinct 1 Precinct Delegate (REP),Write-in,REP,"Beaver Township, Precinct 1",0
Big Prairie Township Precinct 1 Precinct Delegate (REP),Brenda Bierens,REP,"Big Prairie Township, Precinct 1",141
Big Prairie Township Precinct 1 Precinct Delegate (REP),Debra Hart,REP,"Big Prairie Township, Precinct 1",148
Big Prairie Township Precinct 1 Precinct Delegate (REP),Michelle M. Kuikstra,REP,"Big Prairie Township, Precinct 1",163
Big Prairie Township Precinct 1 Precinct Delegate (REP),Derek Mason,REP,"Big Prairie Township, Precinct 1",145
Big Prairie Township Precinct 1 Precinct Delegate (REP),Write-in,REP,"Big Prairie Township, Precinct 1",2
Bridgeton Township Precinct 1 Precinct Delegate (REP),Ericka Fritts,REP,"Bridgeton Township, Precinct 1",179
Bridgeton Township Precinct 1 Precinct Delegate (REP),Mike Fritts,REP,"Bridgeton Township, Precinct 1",179
Bridgeton Township Precinct 1 Precinct Delegate (REP),Ann Marie Kossen-Priddy,REP,"Bridgeton Township, Precinct 1",171
Bridgeton Township Precinct 1 Precinct Delegate (REP),Timothy N. Priddy,REP,"Bridgeton Township, Precinct 1",201
Bridgeton Township Precinct 1 Precinct Delegate (REP),Write-in,REP,"Bridgeton Township, Precinct 1",7
Brooks Township Precinct 1 Precinct Delegate (REP),Heather Allen,REP,"Brooks Township, Precinct 1",319
Brooks Township Precinct 1 Precinct Delegate (REP),Jay Allen,REP,"Brooks Township, Precinct 1",291
Brooks Township Precinct 1 Precinct Delegate (REP),Emily Botma,REP,"Brooks Township, Precinct 1",289
Brooks Township Precinct 1 Precinct Delegate (REP),Terri Bott,REP,"Brooks Township, Precinct 1",301
Brooks Township Precinct 1 Precinct Delegate (REP),Scott DeLoof,REP,"Brooks Township, Precinct 1",298
Brooks Township Precinct 1 Precinct Delegate (REP),Brian Ferris,REP,"Brooks Township, Precinct 1",283
Brooks Township Precinct 1 Precinct Delegate (REP),Pauline Ferris,REP,"Brooks Township, Precinct 1",281
Brooks Township Precinct 1 Precinct Delegate (REP),Robert Hanlon,REP,"Brooks Township, Precinct 1",270
Brooks Township Precinct 1 Precinct Delegate (REP),Bob Hayes,REP,"Brooks Township, Precinct 1",279
Brooks Township Precinct 1 Precinct Delegate (REP),Brandon Schultz,REP,"Brooks Township, Precinct 1",416
Brooks Township Precinct 1 Precinct Delegate (REP),Thomas Smith,REP,"Brooks Township, Precinct 1",320
Brooks Township Precinct 1 Precinct Delegate (REP),Write-in,REP,"Brooks Township, Precinct 1",13
City of Fremont Precinct 1 Precinct Delegate (REP),Jaxon R. Deur,REP,"City of Fremont, Precinct 1",241
City of Fremont Precinct 1 Precinct Delegate (REP),Jane Fuller,REP,"City of Fremont, Precinct 1",195
City of Fremont Precinct 1 Precinct Delegate (REP),Nicole Hall,REP,"City of Fremont, Precinct 1",198
City of Fremont Precinct 1 Precinct Delegate (REP),Norman Knorr Sr.,REP,"City of Fremont, Precinct 1",193
City of Fremont Precinct 1 Precinct Delegate (REP),Wayne Mast,REP,"City of Fremont, Precinct 1",167
City of Fremont Precinct 1 Precinct Delegate (REP),Diane Peters,REP,"City of Fremont, Precinct 1",193
City of Fremont Precinct 1 Precinct Delegate (REP),Lisa VanHouten,REP,"City of Fremont, Precinct 1",233
City of Fremont Precinct 1 Precinct Delegate (REP),Write-in,REP,"City of Fremont, Precinct 1",2
City of Fremont Precinct 2 Precinct Delegate (REP),Mike Dennis,REP,"City of Fremont, Precinct 2",187
City of Fremont Precinct 2 Precinct Delegate (REP),Douglas A. Johnson,REP,"City of Fremont, Precinct 2",200
City of Fremont Precinct 2 Precinct Delegate (REP),Lou Ann Johnson,REP,"City of Fremont, Precinct 2",177
City of Fremont Precinct 2 Precinct Delegate (REP),Write-in,REP,"City of Fremont, Precinct 2",14
City of Grant Precinct 1 Precinct Delegate (REP),Kelly Pangburn,REP,"City of Grant, Precinct 1",73
City of Grant Precinct 1 Precinct Delegate (REP),Brent Raterink,REP,"City of Grant, Precinct 1",57
City of Grant Precinct 1 Precinct Delegate (REP),Write-in,REP,"City of Grant, Precinct 1",1
City of Newaygo Precinct 1 Precinct Delegate (REP),Gail Carter,REP,"City of Newaygo, Precinct 1",155
City of Newaygo Precinct 1 Precinct Delegate (REP),Melissa Kenney,REP,"City of Newaygo, Precinct 1",158
City of Newaygo Precinct 1 Precinct Delegate (REP),Write-in,REP,"City of Newaygo, Precinct 1",0
City of White Cloud Precinct 1 Precinct Delegate (REP),Deborah R. Frisbey,REP,"City of White Cloud, Precinct 1",142
City of White Cloud Precinct 1 Precinct Delegate (REP),Write-in,REP,"City of White Cloud, Precinct 1",5
Croton Township Precinct 1 Precinct Delegate (REP),Margaret M. Feravich,REP,"Croton Township, Precinct 1",340
Croton Township Precinct 1 Precinct Delegate (REP),Vince Follett,REP,"Croton Township, Precinct 1",315
Croton Township Precinct 1 Precinct Delegate (REP),Jeff Pols,REP,"Croton Township, Precinct 1",329
Croton Township Precinct 1 Precinct Delegate (REP),Michael Stack,REP,"Croton Township, Precinct 1",319
Croton Township Precinct 1 Precinct Delegate (REP),Write-in,REP,"Croton Township, Precinct 1",11
Croton Township Precinct 1 Precinct Delegate (REP),Francis Meli,REP,"Croton Township, Precinct 1",9
Dayton Township Precinct 1 Precinct Delegate (REP),Brian A. Frens,REP,"Dayton Township, Precinct 1",281
Dayton Township Precinct 1 Precinct Delegate (REP),Carol Frens,REP,"Dayton Township, Precinct 1",236
Dayton Township Precinct 1 Precinct Delegate (REP),Bill Johnson,REP,"Dayton Township, Precinct 1",259
Dayton Township Precinct 1 Precinct Delegate (REP),William D. Kunnen,REP,"Dayton Township, Precinct 1",279
Dayton Township Precinct 1 Precinct Delegate (REP),Becky Llewellyn,REP,"Dayton Township, Precinct 1",252
Dayton Township Precinct 1 Precinct Delegate (REP),Amber Wakefield-Muma,REP,"Dayton Township, Precinct 1",186
Dayton Township Precinct 1 Precinct Delegate (REP),Curtis B. Muma,REP,"Dayton Township, Precinct 1",196
Dayton Township Precinct 1 Precinct Delegate (REP),Glen H. Sparks,REP,"Dayton Township, Precinct 1",280
Dayton Township Precinct 1 Precinct Delegate (REP),Write-in,REP,"Dayton Township, Precinct 1",5
Denver Township Precinct 1 Precinct Delegate (REP),Joe Beebe,REP,"Denver Township, Precinct 1",99
Denver Township Precinct 1 Precinct Delegate (REP),Curt Bengtsson,REP,"Denver Township, Precinct 1",101
Denver Township Precinct 1 Precinct Delegate (REP),Shawn Ray Gibson,REP,"Denver Township, Precinct 1",91
Denver Township Precinct 1 Precinct Delegate (REP),James M. Kelley,REP,"Denver Township, Precinct 1",108
Denver Township Precinct 1 Precinct Delegate (REP),Write-in,REP,"Denver Township, Precinct 1",8
Denver Township Precinct 1 Precinct Delegate (REP),Randolph Vincent Beebe,REP,"Denver Township, Precinct 1",3
Ensley Township Precinct 1 Precinct Delegate (REP),Michele Guppy,REP,"Ensley Township, Precinct 1",238
Ensley Township Precinct 1 Precinct Delegate (REP),Randy Guppy,REP,"Ensley Township, Precinct 1",234
Ensley Township Precinct 1 Precinct Delegate (REP),David Allan Hofstra,REP,"Ensley Township, Precinct 1",237
Ensley Township Precinct 1 Precinct Delegate (REP),Ken Thorne,REP,"Ensley Township, Precinct 1",249
Ensley Township Precinct 1 Precinct Delegate (REP),Lois Waldron,REP,"Ensley Township, Precinct 1",221
Ensley Township Precinct 1 Precinct Delegate (REP),Write-in,REP,"Ensley Township, Precinct 1",12
Everett Township Precinct 1 Precinct Delegate (REP),Gary T. Young,REP,"Everett Township, Precinct 1",282
Everett Township Precinct 1 Precinct Delegate (REP),Write-in,REP,"Everett Township, Precinct 1",2
Garfield Township Precinct 1 Precinct Delegate (REP),Kim Bush,REP,"Garfield Township, Precinct 1",227
Garfield Township Precinct 1 Precinct Delegate (REP),Jacob Dykman,REP,"Garfield Township, Precinct 1",185
Garfield Township Precinct 1 Precinct Delegate (REP),Zackary Dykman,REP,"Garfield Township, Precinct 1",195
Garfield Township Precinct 1 Precinct Delegate (REP),Jessica Herbert,REP,"Garfield Township, Precinct 1",174
Garfield Township Precinct 1 Precinct Delegate (REP),Paul Herbert,REP,"Garfield Township, Precinct 1",186
Garfield Township Precinct 1 Precinct Delegate (REP),Mary Jo Hilbrand-Klawiter,REP,"Garfield Township, Precinct 1",180
Garfield Township Precinct 1 Precinct Delegate (REP),Craig Klawiter,REP,"Garfield Township, Precinct 1",172
Garfield Township Precinct 1 Precinct Delegate (REP),Dean Letter,REP,"Garfield Township, Precinct 1",193
Garfield Township Precinct 1 Precinct Delegate (REP),Elizabeth Letter,REP,"Garfield Township, Precinct 1",177
Garfield Township Precinct 1 Precinct Delegate (REP),Write-in,REP,"Garfield Township, Precinct 1",2
Goodwell Township Precinct 1 Precinct Delegate (REP),Debbie Lee Duman,REP,"Goodwell Township, Precinct 1",83
Goodwell Township Precinct 1 Precinct Delegate (REP),Write-in,REP,"Goodwell Township, Precinct 1",3
Grant Township Precinct 1 Precinct Delegate (REP),Doug Berends,REP,"Grant Township, Precinct 1",292
Grant Township Precinct 1 Precinct Delegate (REP),Michael J. Bouwkamp,REP,"Grant Township, Precinct 1",362
Grant Township Precinct 1 Precinct Delegate (REP),James Collins,REP,"Grant Township, Precinct 1",233
Grant Township Precinct 1 Precinct Delegate (REP),Patricia Collins,REP,"Grant Township, Precinct 1",228
Grant Township Precinct 1 Precinct Delegate (REP),Jason Fulton,REP,"Grant Township, Precinct 1",233
Grant Township Precinct 1 Precinct Delegate (REP),Maxine Hilbrand,REP,"Grant Township, Precinct 1",274
Grant Township Precinct 1 Precinct Delegate (REP),Roger Hilbrand,REP,"Grant Township, Precinct 1",325
Grant Township Precinct 1 Precinct Delegate (REP),Deb Steenstra,REP,"Grant Township, Precinct 1",276
Grant Township Precinct 1 Precinct Delegate (REP),Rick Steenstra,REP,"Grant Township, Precinct 1",309
Grant Township Precinct 1 Precinct Delegate (REP),John Veurink,REP,"Grant Township, Precinct 1",316
Grant Township Precinct 1 Precinct Delegate (REP),Write-in,REP,"Grant Township, Precinct 1",12
Home Township Precinct 1 Precinct Delegate (REP),Gregory Lantz,REP,"Home Township, Precinct 1",37
Home Township Precinct 1 Precinct Delegate (REP),Write-in,REP,"Home Township, Precinct 1",1
Lilley Township Precinct 1 Precinct Delegate (REP),Rob Doornbos Jr.,REP,"Lilley Township, Precinct 1",91
Lilley Township Precinct 1 Precinct Delegate (REP),Kevin Whelchel,REP,"Lilley Township, Precinct 1",69
Lilley Township Precinct 1 Precinct Delegate (REP),Write-in,REP,"Lilley Township, Precinct 1",1
Lincoln Township Precinct 1 Precinct Delegate (REP),Steve Deckrow,REP,"Lincoln Township, Precinct 1",67
Lincoln Township Precinct 1 Precinct Delegate (REP),Theresa Emshwiller,REP,"Lincoln Township, Precinct 1",58
Lincoln Township Precinct 1 Precinct Delegate (REP),Josh Frantz,REP,"Lincoln Township, Precinct 1",129
Lincoln Township Precinct 1 Precinct Delegate (REP),Pete Kardos,REP,"Lincoln Township, Precinct 1",92
Lincoln Township Precinct 1 Precinct Delegate (REP),Jake Meyers,REP,"Lincoln Township, Precinct 1",53
Lincoln Township Precinct 1 Precinct Delegate (REP),Carol Pierce,REP,"Lincoln Township, Precinct 1",73
Lincoln Township Precinct 1 Precinct Delegate (REP),Michael L. Pierce,REP,"Lincoln Township, Precinct 1",72
Lincoln Township Precinct 1 Precinct Delegate (REP),Annie Trapp,REP,"Lincoln Township, Precinct 1",140
Lincoln Township Precinct 1 Precinct Delegate (REP),Write-in,REP,"Lincoln Township, Precinct 1",12
Merrill Township Precinct 1 Precinct Delegate (REP),Gordon Elzinga,REP,"Merrill Township, Precinct 1",64
Merrill Township Precinct 1 Precinct Delegate (REP),Chuck Hanlon,REP,"Merrill Township, Precinct 1",50
Merrill Township Precinct 1 Precinct Delegate (REP),Peter A. Morgan Jr.,REP,"Merrill Township, Precinct 1",85
Merrill Township Precinct 1 Precinct Delegate (REP),Write-in,REP,"Merrill Township, Precinct 1",1
Monroe Township Precinct 1 Precinct Delegate (REP),Write-in,REP,"Monroe Township, Precinct 1",1
Norwich Township Precinct 1 Precinct Delegate (REP),Isaiah A. Davison,REP,"Norwich Township, Precinct 1",100
Norwich Township Precinct 1 Precinct Delegate (REP),Write-in,REP,"Norwich Township, Precinct 1",1
Sheridan Charter Township Precinct 1 Precinct Delegate (REP),Sarah Cummins,REP,"Sheridan Charter Township, Precinct 1",293
Sheridan Charter Township Precinct 1 Precinct Delegate (REP),Maggie Kolk,REP,"Sheridan Charter Township, Precinct 1",355
Sheridan Charter Township Precinct 1 Precinct Delegate (REP),Mark Ruttman,REP,"Sheridan Charter Township, Precinct 1",288
Sheridan Charter Township Precinct 1 Precinct Delegate (REP),Thomas Thiebout,REP,"Sheridan Charter Township, Precinct 1",296
Sheridan Charter Township Precinct 1 Precinct Delegate (REP),Write-in,REP,"Sheridan Charter Township, Precinct 1",3
Sherman Township Precinct 1 Precinct Delegate (REP),Gary Anderson,REP,"Sherman Township, Precinct 1",218
Sherman Township Precinct 1 Precinct Delegate (REP),Michal Jane Becker,REP,"Sherman Township, Precinct 1",170
Sherman Township Precinct 1 Precinct Delegate (REP),Amy R. Buys,REP,"Sherman Township, Precinct 1",159
Sherman Township Precinct 1 Precinct Delegate (REP),Karry Doriot,REP,"Sherman Township, Precinct 1",120
Sherman Township Precinct 1 Precinct Delegate (REP),Jessie Ford,REP,"Sherman Township, Precinct 1",154
Sherman Township Precinct 1 Precinct Delegate (REP),Matthew Ford,REP,"Sherman Township, Precinct 1",162
Sherman Township Precinct 1 Precinct Delegate (REP),Harold J. Gardner Jr.,REP,"Sherman Township, Precinct 1",178
Sherman Township Precinct 1 Precinct Delegate (REP),Joseph Jahr,REP,"Sherman Township, Precinct 1",198
Sherman Township Precinct 1 Precinct Delegate (REP),Sue Twing,REP,"Sherman Township, Precinct 1",210
Sherman Township Precinct 1 Precinct Delegate (REP),Write-in,REP,"Sherman Township, Precinct 1",1
Troy Township Precinct 1 Precinct Delegate (REP),Write-in,REP,"Troy Township, Precinct 1",2
Wilcox Township Precinct 1 Precinct Delegate (REP),Jerry Jaquish,REP,"Wilcox Township, Precinct 1",110
Wilcox Township Precinct 1 Precinct Delegate (REP),Renee J. Kopach,REP,"Wilcox Township, Precinct 1",92
Wilcox Township Precinct 1 Precinct Delegate (REP),Write-in,REP,"Wilcox Township, Precinct 1",2
Wilcox Township Precinct 1 Precinct Delegate (REP),Janet Marie Brock,REP,"Wilcox Township, Precinct 1",1
Ashland Township Fire Protection Millage Fire and Emergency Services Operating Millage ,Yes,,"Ashland Township, Precinct 1",281
Ashland Township Fire Protection Millage Fire and Emergency Services Operating Millage ,No,,"Ashland Township, Precinct 1",146
Ashland Township Road Improvements Millage,Yes,,"Ashland Township, Precinct 1",242
Ashland Township Road Improvements Millage,No,,"Ashland Township, Precinct 1",183
Barton Township Fire and Emergency Services Operating Millage,Yes,,"Barton Township, Precinct 1",80
Barton Township Fire and Emergency Services Operating Millage,No,,"Barton Township, Precinct 1",41
Barton Township Road Improvement Millage,Yes,,"Barton Township, Precinct 1",75
Barton Township Road Improvement Millage,No,,"Barton Township, Precinct 1",45
Big Prairie Township Fire and Emergency Services and Equipment Millage Renewal,Yes,,"Big Prairie Township, Precinct 1",245
Big Prairie Township Fire and Emergency Services and Equipment Millage Renewal,No,,"Big Prairie Township, Precinct 1",91
Bridgeton Township Fire Protection Services Millage Proposal 0.9800 Mills for 4 Years,Yes,,"Bridgeton Township, Precinct 1",131
Bridgeton Township Fire Protection Services Millage Proposal 0.9800 Mills for 4 Years,No,,"Bridgeton Township, Precinct 1",175
Ensley Township Road Millage Renewal Proposal,Yes,,"Ensley Township, Precinct 1",238
Ensley Township Road Millage Renewal Proposal,No,,"Ensley Township, Precinct 1",238
Everett Township Cemetery Millage Renewal Proposal,Yes,,"Everett Township, Precinct 1",257
Everett Township Cemetery Millage Renewal Proposal,No,,"Everett Township, Precinct 1",186
Everett Township Fire Protection Millage Renewal Proposal,Yes,,"Everett Township, Precinct 1",319
Everett Township Fire Protection Millage Renewal Proposal,No,,"Everett Township, Precinct 1",131
Everett Township Road Millage Renewal Proposal,Yes,,"Everett Township, Precinct 1",290
Everett Township Road Millage Renewal Proposal,No,,"Everett Township, Precinct 1",160
Goodwell Township Fire Protection Millage Renewal,Yes,,"Goodwell Township, Precinct 1",82
Goodwell Township Fire Protection Millage Renewal,No,,"Goodwell Township, Precinct 1",51
Goodwell Township Road Improvement Millage Renewal,Yes,,"Goodwell Township, Precinct 1",80
Goodwell Township Road Improvement Millage Renewal,No,,"Goodwell Township, Precinct 1",52
Grant Township Fire and Emergency Services Operating Millage,Yes,,"Grant Township, Precinct 1",307
Grant Township Fire and Emergency Services Operating Millage,No,,"Grant Township, Precinct 1",209
Grant Township Fire Equipment Millage – .5 Mill,Yes,,"Grant Township, Precinct 1",301
Grant Township Fire Equipment Millage – .5 Mill,No,,"Grant Township, Precinct 1",216
Grant Township Fire Protection Millage – .5 Mill,Yes,,"Grant Township, Precinct 1",304
Grant Township Fire Protection Millage – .5 Mill,No,,"Grant Township, Precinct 1",211
Grant Township Road Millage – 3 Mills,Yes,,"Grant Township, Precinct 1",269
Grant Township Road Millage – 3 Mills,No,,"Grant Township, Precinct 1",225
Lincoln Township Fire Millage Renewal Proposal,Yes,,"Lincoln Township, Precinct 1",211
Lincoln Township Fire Millage Renewal Proposal,No,,"Lincoln Township, Precinct 1",90
Lincoln Township Road Millage Renewal Proposal,Yes,,"Lincoln Township, Precinct 1",207
Lincoln Township Road Millage Renewal Proposal,No,,"Lincoln Township, Precinct 1",95
Merrill Township Proposal to Abolish the Annual Meeting of the Electors,Yes,,"Merrill Township, Precinct 1",44
Merrill Township Proposal to Abolish the Annual Meeting of the Electors,No,,"Merrill Township, Precinct 1",139
Merrill Township Fire Protection Millage Renewal Proposal,Yes,,"Merrill Township, Precinct 1",127
Merrill Township Fire Protection Millage Renewal Proposal,No,,"Merrill Township, Precinct 1",65
Merrill Township Millage Proposal – 2.349 Mills for Four Years,Yes,,"Merrill Township, Precinct 1",73
Merrill Township Millage Proposal – 2.349 Mills for Four Years,No,,"Merrill Township, Precinct 1",120
Monroe Township Cemetery Maintenance Renewal,Yes,,"Monroe Township, Precinct 1",42
Monroe Township Cemetery Maintenance Renewal,No,,"Monroe Township, Precinct 1",25
Monroe Township Fire Millage Renewal,Yes,,"Monroe Township, Precinct 1",48
Monroe Township Fire Millage Renewal,No,,"Monroe Township, Precinct 1",20
Monroe Township Hall Maintenance Renewal,Yes,,"Monroe Township, Precinct 1",43
Monroe Township Hall Maintenance Renewal,No,,"Monroe Township, Precinct 1",23
Monroe Township Road Millage Renewal,Yes,,"Monroe Township, Precinct 1",45
Monroe Township Road Millage Renewal,No,,"Monroe Township, Precinct 1",23
Norwich Township EMS Millage Renewal Proposal,Yes,,"Norwich Township, Precinct 1",121
Norwich Township EMS Millage Renewal Proposal,No,,"Norwich Township, Precinct 1",36
Norwich Township Fire Protection Millage Renewal Proposal,Yes,,"Norwich Township, Precinct 1",123
Norwich Township Fire Protection Millage Renewal Proposal,No,,"Norwich Township, Precinct 1",33
Norwich Township Library Millage Proposal,Yes,,"Norwich Township, Precinct 1",75
Norwich Township Library Millage Proposal,No,,"Norwich Township, Precinct 1",81
Norwich Township Road Millage Renewal Proposal,Yes,,"Norwich Township, Precinct 1",104
Norwich Township Road Millage Renewal Proposal,No,,"Norwich Township, Precinct 1",51
Wilcox Township Fire Protection Millage Renewal,Yes,,"Wilcox Township, Precinct 1",137
Wilcox Township Fire Protection Millage Renewal,No,,"Wilcox Township, Precinct 1",56
Oakridge Public Schools Operating Millage Proposal,Yes,,"Bridgeton Township, Precinct 1",0
Oakridge Public Schools Operating Millage Proposal,No,,"Bridgeton Township, Precinct 1",0
Tri-County Area Schools Operating Millage Renewal Proposal,Yes,,"Croton Township, Precinct 1",104
Tri-County Area Schools Operating Millage Renewal Proposal,No,,"Croton Township, Precinct 1",90
Tri-County Area Schools Operating Millage Renewal Proposal,Yes,,"Ensley Township, Precinct 1",113
Tri-County Area Schools Operating Millage Renewal Proposal,No,,"Ensley Township, Precinct 1",172
Tri-County Area Schools Sinking Fund Millage Proposal,Yes,,"Croton Township, Precinct 1",80
Tri-County Area Schools Sinking Fund Millage Proposal,No,,"Croton Township, Precinct 1",116
Tri-County Area Schools Sinking Fund Millage Proposal,Yes,,"Ensley Township, Precinct 1",86
Tri-County Area Schools Sinking Fund Millage Proposal,No,,"Ensley Township, Precinct 1",198
White Cloud Public Schools - Bond Proposal,Yes,,"City of White Cloud, Precinct 1",151
White Cloud Public Schools - Bond Proposal,No,,"City of White Cloud, Precinct 1",74
White Cloud Public Schools - Bond Proposal,Yes,,"Big Prairie Township, Precinct 1",73
White Cloud Public Schools - Bond Proposal,No,,"Big Prairie Township, Precinct 1",83
White Cloud Public Schools - Bond Proposal,Yes,,"Denver Township, Precinct 1",0
White Cloud Public Schools - Bond Proposal,No,,"Denver Township, Precinct 1",0
White Cloud Public Schools - Bond Proposal,Yes,,"Everett Township, Precinct 1",201
White Cloud Public Schools - Bond Proposal,No,,"Everett Township, Precinct 1",208
White Cloud Public Schools - Bond Proposal,Yes,,"Goodwell Township, Precinct 1",44
White Cloud Public Schools - Bond Proposal,No,,"Goodwell Township, Precinct 1",73
White Cloud Public Schools - Bond Proposal,Yes,,"Lincoln Township, Precinct 1",113
White Cloud Public Schools - Bond Proposal,No,,"Lincoln Township, Precinct 1",117
White Cloud Public Schools - Bond Proposal,Yes,,"Merrill Township, Precinct 1",36
White Cloud Public Schools - Bond Proposal,No,,"Merrill Township, Precinct 1",49
White Cloud Public Schools - Bond Proposal,Yes,,"Monroe Township, Precinct 1",16
White Cloud Public Schools - Bond Proposal,No,,"Monroe Township, Precinct 1",31
White Cloud Public Schools - Bond Proposal,Yes,,"Norwich Township, Precinct 1",0
White Cloud Public Schools - Bond Proposal,No,,"Norwich Township, Precinct 1",1
White Cloud Public Schools - Bond Proposal,Yes,,"Sherman Township, Precinct 1",55
White Cloud Public Schools - Bond Proposal,No,,"Sherman Township, Precinct 1",35
White Cloud Public Schools - Bond Proposal,Yes,,"Wilcox Township, Precinct 1",88
White Cloud Public Schools - Bond Proposal,No,,"Wilcox Township, Precinct 1",112
Montcalm Area Intermediate School District Bond Proposal,Yes,,"Croton Township, Precinct 1",64
Montcalm Area Intermediate School District Bond Proposal,No,,"Croton Township, Precinct 1",123
Montcalm Area Intermediate School District Bond Proposal,Yes,,"Ensley Township, Precinct 1",68
Montcalm Area Intermediate School District Bond Proposal,No,,"Ensley Township, Precinct 1",198
Fremont Community Recreation Authority Millage Proposal,Yes,,"City of Fremont, Precinct 1",198
Fremont Community Recreation Authority Millage Proposal,No,,"City of Fremont, Precinct 1",203
Fremont Community Recreation Authority Millage Proposal,Yes,,"City of Fremont, Precinct 2",178
Fremont Community Recreation Authority Millage Proposal,No,,"City of Fremont, Precinct 2",194
Fremont Community Recreation Authority Millage Proposal,Yes,,"Dayton Township, Precinct 1",200
Fremont Community Recreation Authority Millage Proposal,No,,"Dayton Township, Precinct 1",211
Fremont Community Recreation Authority Millage Proposal,Yes,,"Sheridan Charter Township, Precinct 1",249
Fremont Community Recreation Authority Millage Proposal,No,,"Sheridan Charter Township, Precinct 1",255
