Contest,Candidate,Party,Precinct,Votes
United States Senator (DEM),Hill Harper,DEM,"Burdell Township, Precinct 1",6
United States Senator (DEM),Elissa Slotkin,DEM,"Burdell Township, Precinct 1",43
United States Senator (DEM),Write-in,DEM,"Burdell Township, Precinct 1",0
United States Senator (DEM),Hill Harper,DEM,"Cedar Township, Precinct 1",3
United States Senator (DEM),Elissa Slotkin,DEM,"Cedar Township, Precinct 1",18
United States Senator (DEM),Write-in,DEM,"Cedar Township, Precinct 1",0
United States Senator (DEM),Hill Harper,DEM,"Evart Township, Precinct 1",18
United States Senator (DEM),Elissa Slotkin,DEM,"Evart Township, Precinct 1",75
United States Senator (DEM),Write-in,DEM,"Evart Township, Precinct 1",0
United States Senator (DEM),Hill Harper,DEM,"Hartwick Township, Precinct 1",3
United States Senator (DEM),Elissa Slotkin,DEM,"Hartwick Township, Precinct 1",17
United States Senator (DEM),Write-in,DEM,"Hartwick Township, Precinct 1",0
United States Senator (DEM),Hill Harper,DEM,"Hersey Township, Precinct 1",11
United States Senator (DEM),Elissa Slotkin,DEM,"Hersey Township, Precinct 1",79
United States Senator (DEM),Write-in,DEM,"Hersey Township, Precinct 1",0
United States Senator (DEM),Hill Harper,DEM,"Highland Township, Precinct 1",8
United States Senator (DEM),Elissa Slotkin,DEM,"Highland Township, Precinct 1",21
United States Senator (DEM),Write-in,DEM,"Highland Township, Precinct 1",0
United States Senator (DEM),Hill Harper,DEM,"Leroy Township, Precinct 1",7
United States Senator (DEM),Elissa Slotkin,DEM,"Leroy Township, Precinct 1",38
United States Senator (DEM),Write-in,DEM,"Leroy Township, Precinct 1",0
United States Senator (DEM),Hill Harper,DEM,"Lincoln Township, Precinct 1",10
United States Senator (DEM),Elissa Slotkin,DEM,"Lincoln Township, Precinct 1",45
United States Senator (DEM),Write-in,DEM,"Lincoln Township, Precinct 1",0
United States Senator (DEM),Hill Harper,DEM,"Marion Township, Precinct 1",3
United States Senator (DEM),Elissa Slotkin,DEM,"Marion Township, Precinct 1",48
United States Senator (DEM),Write-in,DEM,"Marion Township, Precinct 1",0
United States Senator (DEM),Hill Harper,DEM,"Middle Branch Township, Precinct 1",0
United States Senator (DEM),Elissa Slotkin,DEM,"Middle Branch Township, Precinct 1",28
United States Senator (DEM),Write-in,DEM,"Middle Branch Township, Precinct 1",0
United States Senator (DEM),Hill Harper,DEM,"Orient Township, Precinct 1",5
United States Senator (DEM),Elissa Slotkin,DEM,"Orient Township, Precinct 1",27
United States Senator (DEM),Write-in,DEM,"Orient Township, Precinct 1",0
United States Senator (DEM),Hill Harper,DEM,"Osceola Township, Precinct 1",5
United States Senator (DEM),Elissa Slotkin,DEM,"Osceola Township, Precinct 1",31
United States Senator (DEM),Write-in,DEM,"Osceola Township, Precinct 1",0
United States Senator (DEM),Hill Harper,DEM,"Richmond Township, Precinct 1",15
United States Senator (DEM),Elissa Slotkin,DEM,"Richmond Township, Precinct 1",72
United States Senator (DEM),Write-in,DEM,"Richmond Township, Precinct 1",0
United States Senator (DEM),Hill Harper,DEM,"Rose Lake Township, Precinct 1",8
United States Senator (DEM),Elissa Slotkin,DEM,"Rose Lake Township, Precinct 1",54
United States Senator (DEM),Write-in,DEM,"Rose Lake Township, Precinct 1",0
United States Senator (DEM),Hill Harper,DEM,"Sherman Township, Precinct 1",6
United States Senator (DEM),Elissa Slotkin,DEM,"Sherman Township, Precinct 1",38
United States Senator (DEM),Write-in,DEM,"Sherman Township, Precinct 1",0
United States Senator (DEM),Hill Harper,DEM,"Sylvan Township, Precinct 1",7
United States Senator (DEM),Elissa Slotkin,DEM,"Sylvan Township, Precinct 1",41
United States Senator (DEM),Write-in,DEM,"Sylvan Township, Precinct 1",0
United States Senator (DEM),Hill Harper,DEM,"City of Evart, Precinct 1",9
United States Senator (DEM),Elissa Slotkin,DEM,"City of Evart, Precinct 1",44
United States Senator (DEM),Write-in,DEM,"City of Evart, Precinct 1",1
United States Senator (DEM),Hill Harper,DEM,"City of Reed City, Precinct 1",13
United States Senator (DEM),Elissa Slotkin,DEM,"City of Reed City, Precinct 1",95
United States Senator (DEM),Write-in,DEM,"City of Reed City, Precinct 1",0
Representative in Congress 2nd District (DEM),Michael Lynch,DEM,"Burdell Township, Precinct 1",40
Representative in Congress 2nd District (DEM),Write-in,DEM,"Burdell Township, Precinct 1",0
Representative in Congress 2nd District (DEM),Michael Lynch,DEM,"Cedar Township, Precinct 1",20
Representative in Congress 2nd District (DEM),Write-in,DEM,"Cedar Township, Precinct 1",0
Representative in Congress 2nd District (DEM),Michael Lynch,DEM,"Evart Township, Precinct 1",83
Representative in Congress 2nd District (DEM),Write-in,DEM,"Evart Township, Precinct 1",0
Representative in Congress 2nd District (DEM),Michael Lynch,DEM,"Hartwick Township, Precinct 1",16
Representative in Congress 2nd District (DEM),Write-in,DEM,"Hartwick Township, Precinct 1",0
Representative in Congress 2nd District (DEM),Michael Lynch,DEM,"Hersey Township, Precinct 1",84
Representative in Congress 2nd District (DEM),Write-in,DEM,"Hersey Township, Precinct 1",0
Representative in Congress 2nd District (DEM),Michael Lynch,DEM,"Highland Township, Precinct 1",24
Representative in Congress 2nd District (DEM),Write-in,DEM,"Highland Township, Precinct 1",0
Representative in Congress 2nd District (DEM),Michael Lynch,DEM,"Leroy Township, Precinct 1",42
Representative in Congress 2nd District (DEM),Write-in,DEM,"Leroy Township, Precinct 1",0
Representative in Congress 2nd District (DEM),Michael Lynch,DEM,"Lincoln Township, Precinct 1",48
Representative in Congress 2nd District (DEM),Write-in,DEM,"Lincoln Township, Precinct 1",0
Representative in Congress 2nd District (DEM),Michael Lynch,DEM,"Marion Township, Precinct 1",39
Representative in Congress 2nd District (DEM),Write-in,DEM,"Marion Township, Precinct 1",0
Representative in Congress 2nd District (DEM),Michael Lynch,DEM,"Middle Branch Township, Precinct 1",27
Representative in Congress 2nd District (DEM),Write-in,DEM,"Middle Branch Township, Precinct 1",0
Representative in Congress 2nd District (DEM),Michael Lynch,DEM,"Orient Township, Precinct 1",30
Representative in Congress 2nd District (DEM),Write-in,DEM,"Orient Township, Precinct 1",0
Representative in Congress 2nd District (DEM),Michael Lynch,DEM,"Osceola Township, Precinct 1",31
Representative in Congress 2nd District (DEM),Write-in,DEM,"Osceola Township, Precinct 1",0
Representative in Congress 2nd District (DEM),Michael Lynch,DEM,"Richmond Township, Precinct 1",73
Representative in Congress 2nd District (DEM),Write-in,DEM,"Richmond Township, Precinct 1",0
Representative in Congress 2nd District (DEM),Michael Lynch,DEM,"Rose Lake Township, Precinct 1",57
Representative in Congress 2nd District (DEM),Write-in,DEM,"Rose Lake Township, Precinct 1",1
Representative in Congress 2nd District (DEM),Michael Lynch,DEM,"Sherman Township, Precinct 1",40
Representative in Congress 2nd District (DEM),Write-in,DEM,"Sherman Township, Precinct 1",0
Representative in Congress 2nd District (DEM),Michael Lynch,DEM,"Sylvan Township, Precinct 1",47
Representative in Congress 2nd District (DEM),Write-in,DEM,"Sylvan Township, Precinct 1",0
Representative in Congress 2nd District (DEM),Michael Lynch,DEM,"City of Evart, Precinct 1",44
Representative in Congress 2nd District (DEM),Write-in,DEM,"City of Evart, Precinct 1",1
Representative in Congress 2nd District (DEM),Michael Lynch,DEM,"City of Reed City, Precinct 1",103
Representative in Congress 2nd District (DEM),Write-in,DEM,"City of Reed City, Precinct 1",0
Representative in State Legislature 100th District (DEM),Jamie McClendon,DEM,"Burdell Township, Precinct 1",11
Representative in State Legislature 100th District (DEM),Tracy Ruell,DEM,"Burdell Township, Precinct 1",32
Representative in State Legislature 100th District (DEM),Write-in,DEM,"Burdell Township, Precinct 1",0
Representative in State Legislature 100th District (DEM),Jamie McClendon,DEM,"Cedar Township, Precinct 1",6
Representative in State Legislature 100th District (DEM),Tracy Ruell,DEM,"Cedar Township, Precinct 1",15
Representative in State Legislature 100th District (DEM),Write-in,DEM,"Cedar Township, Precinct 1",0
Representative in State Legislature 100th District (DEM),Jamie McClendon,DEM,"Evart Township, Precinct 1",23
Representative in State Legislature 100th District (DEM),Tracy Ruell,DEM,"Evart Township, Precinct 1",62
Representative in State Legislature 100th District (DEM),Write-in,DEM,"Evart Township, Precinct 1",0
Representative in State Legislature 100th District (DEM),Jamie McClendon,DEM,"Hartwick Township, Precinct 1",5
Representative in State Legislature 100th District (DEM),Tracy Ruell,DEM,"Hartwick Township, Precinct 1",15
Representative in State Legislature 100th District (DEM),Write-in,DEM,"Hartwick Township, Precinct 1",0
Representative in State Legislature 100th District (DEM),Jamie McClendon,DEM,"Hersey Township, Precinct 1",23
Representative in State Legislature 100th District (DEM),Tracy Ruell,DEM,"Hersey Township, Precinct 1",62
Representative in State Legislature 100th District (DEM),Write-in,DEM,"Hersey Township, Precinct 1",0
Representative in State Legislature 100th District (DEM),Jamie McClendon,DEM,"Highland Township, Precinct 1",5
Representative in State Legislature 100th District (DEM),Tracy Ruell,DEM,"Highland Township, Precinct 1",18
Representative in State Legislature 100th District (DEM),Write-in,DEM,"Highland Township, Precinct 1",0
Representative in State Legislature 100th District (DEM),Jamie McClendon,DEM,"Leroy Township, Precinct 1",14
Representative in State Legislature 100th District (DEM),Tracy Ruell,DEM,"Leroy Township, Precinct 1",28
Representative in State Legislature 100th District (DEM),Write-in,DEM,"Leroy Township, Precinct 1",0
Representative in State Legislature 100th District (DEM),Jamie McClendon,DEM,"Lincoln Township, Precinct 1",15
Representative in State Legislature 100th District (DEM),Tracy Ruell,DEM,"Lincoln Township, Precinct 1",36
Representative in State Legislature 100th District (DEM),Write-in,DEM,"Lincoln Township, Precinct 1",0
Representative in State Legislature 100th District (DEM),Jamie McClendon,DEM,"Marion Township, Precinct 1",11
Representative in State Legislature 100th District (DEM),Tracy Ruell,DEM,"Marion Township, Precinct 1",33
Representative in State Legislature 100th District (DEM),Write-in,DEM,"Marion Township, Precinct 1",0
Representative in State Legislature 100th District (DEM),Jamie McClendon,DEM,"Middle Branch Township, Precinct 1",7
Representative in State Legislature 100th District (DEM),Tracy Ruell,DEM,"Middle Branch Township, Precinct 1",20
Representative in State Legislature 100th District (DEM),Write-in,DEM,"Middle Branch Township, Precinct 1",0
Representative in State Legislature 100th District (DEM),Jamie McClendon,DEM,"Orient Township, Precinct 1",13
Representative in State Legislature 100th District (DEM),Tracy Ruell,DEM,"Orient Township, Precinct 1",17
Representative in State Legislature 100th District (DEM),Write-in,DEM,"Orient Township, Precinct 1",0
Representative in State Legislature 100th District (DEM),Jamie McClendon,DEM,"Osceola Township, Precinct 1",9
Representative in State Legislature 100th District (DEM),Tracy Ruell,DEM,"Osceola Township, Precinct 1",24
Representative in State Legislature 100th District (DEM),Write-in,DEM,"Osceola Township, Precinct 1",0
Representative in State Legislature 100th District (DEM),Jamie McClendon,DEM,"Richmond Township, Precinct 1",19
Representative in State Legislature 100th District (DEM),Tracy Ruell,DEM,"Richmond Township, Precinct 1",63
Representative in State Legislature 100th District (DEM),Write-in,DEM,"Richmond Township, Precinct 1",0
Representative in State Legislature 100th District (DEM),Jamie McClendon,DEM,"Rose Lake Township, Precinct 1",17
Representative in State Legislature 100th District (DEM),Tracy Ruell,DEM,"Rose Lake Township, Precinct 1",43
Representative in State Legislature 100th District (DEM),Write-in,DEM,"Rose Lake Township, Precinct 1",0
Representative in State Legislature 100th District (DEM),Jamie McClendon,DEM,"Sherman Township, Precinct 1",11
Representative in State Legislature 100th District (DEM),Tracy Ruell,DEM,"Sherman Township, Precinct 1",25
Representative in State Legislature 100th District (DEM),Write-in,DEM,"Sherman Township, Precinct 1",0
Representative in State Legislature 100th District (DEM),Jamie McClendon,DEM,"Sylvan Township, Precinct 1",11
Representative in State Legislature 100th District (DEM),Tracy Ruell,DEM,"Sylvan Township, Precinct 1",35
Representative in State Legislature 100th District (DEM),Write-in,DEM,"Sylvan Township, Precinct 1",0
Representative in State Legislature 100th District (DEM),Jamie McClendon,DEM,"City of Evart, Precinct 1",8
Representative in State Legislature 100th District (DEM),Tracy Ruell,DEM,"City of Evart, Precinct 1",44
Representative in State Legislature 100th District (DEM),Write-in,DEM,"City of Evart, Precinct 1",1
Representative in State Legislature 100th District (DEM),Jamie McClendon,DEM,"City of Reed City, Precinct 1",25
Representative in State Legislature 100th District (DEM),Tracy Ruell,DEM,"City of Reed City, Precinct 1",79
Representative in State Legislature 100th District (DEM),Write-in,DEM,"City of Reed City, Precinct 1",0
County Prosecuting Attorney (DEM),Write-in,DEM,"Burdell Township, Precinct 1",5
County Prosecuting Attorney (DEM),Write-in,DEM,"Cedar Township, Precinct 1",3
County Prosecuting Attorney (DEM),Write-in,DEM,"Evart Township, Precinct 1",13
County Prosecuting Attorney (DEM),Write-in,DEM,"Hartwick Township, Precinct 1",1
County Prosecuting Attorney (DEM),Write-in,DEM,"Hersey Township, Precinct 1",9
County Prosecuting Attorney (DEM),Write-in,DEM,"Highland Township, Precinct 1",2
County Prosecuting Attorney (DEM),Write-in,DEM,"Leroy Township, Precinct 1",4
County Prosecuting Attorney (DEM),Write-in,DEM,"Lincoln Township, Precinct 1",5
County Prosecuting Attorney (DEM),Write-in,DEM,"Marion Township, Precinct 1",5
County Prosecuting Attorney (DEM),Write-in,DEM,"Middle Branch Township, Precinct 1",4
County Prosecuting Attorney (DEM),Write-in,DEM,"Orient Township, Precinct 1",4
County Prosecuting Attorney (DEM),Write-in,DEM,"Osceola Township, Precinct 1",1
County Prosecuting Attorney (DEM),Write-in,DEM,"Richmond Township, Precinct 1",3
County Prosecuting Attorney (DEM),Write-in,DEM,"Rose Lake Township, Precinct 1",8
County Prosecuting Attorney (DEM),Write-in,DEM,"Sherman Township, Precinct 1",3
County Prosecuting Attorney (DEM),Write-in,DEM,"Sylvan Township, Precinct 1",2
County Prosecuting Attorney (DEM),Write-in,DEM,"City of Evart, Precinct 1",4
County Prosecuting Attorney (DEM),Write-in,DEM,"City of Reed City, Precinct 1",14
County Sheriff (DEM),Write-in,DEM,"Burdell Township, Precinct 1",3
County Sheriff (DEM),Write-in,DEM,"Cedar Township, Precinct 1",3
County Sheriff (DEM),Write-in,DEM,"Evart Township, Precinct 1",13
County Sheriff (DEM),Write-in,DEM,"Hartwick Township, Precinct 1",1
County Sheriff (DEM),Write-in,DEM,"Hersey Township, Precinct 1",9
County Sheriff (DEM),Write-in,DEM,"Highland Township, Precinct 1",2
County Sheriff (DEM),Write-in,DEM,"Leroy Township, Precinct 1",4
County Sheriff (DEM),Write-in,DEM,"Lincoln Township, Precinct 1",5
County Sheriff (DEM),Write-in,DEM,"Marion Township, Precinct 1",4
County Sheriff (DEM),Write-in,DEM,"Middle Branch Township, Precinct 1",4
County Sheriff (DEM),Write-in,DEM,"Orient Township, Precinct 1",5
County Sheriff (DEM),Write-in,DEM,"Osceola Township, Precinct 1",1
County Sheriff (DEM),Write-in,DEM,"Richmond Township, Precinct 1",3
County Sheriff (DEM),Write-in,DEM,"Rose Lake Township, Precinct 1",8
County Sheriff (DEM),Write-in,DEM,"Sherman Township, Precinct 1",3
County Sheriff (DEM),Write-in,DEM,"Sylvan Township, Precinct 1",2
County Sheriff (DEM),Write-in,DEM,"City of Evart, Precinct 1",4
County Sheriff (DEM),Write-in,DEM,"City of Reed City, Precinct 1",13
County Clerk (DEM),Write-in,DEM,"Burdell Township, Precinct 1",4
County Clerk (DEM),Write-in,DEM,"Cedar Township, Precinct 1",3
County Clerk (DEM),Write-in,DEM,"Evart Township, Precinct 1",13
County Clerk (DEM),Write-in,DEM,"Hartwick Township, Precinct 1",1
County Clerk (DEM),Write-in,DEM,"Hersey Township, Precinct 1",10
County Clerk (DEM),Write-in,DEM,"Highland Township, Precinct 1",2
County Clerk (DEM),Write-in,DEM,"Leroy Township, Precinct 1",4
County Clerk (DEM),Write-in,DEM,"Lincoln Township, Precinct 1",5
County Clerk (DEM),Write-in,DEM,"Marion Township, Precinct 1",3
County Clerk (DEM),Write-in,DEM,"Middle Branch Township, Precinct 1",4
County Clerk (DEM),Write-in,DEM,"Orient Township, Precinct 1",3
County Clerk (DEM),Write-in,DEM,"Osceola Township, Precinct 1",1
County Clerk (DEM),Write-in,DEM,"Richmond Township, Precinct 1",3
County Clerk (DEM),Write-in,DEM,"Rose Lake Township, Precinct 1",8
County Clerk (DEM),Write-in,DEM,"Sherman Township, Precinct 1",2
County Clerk (DEM),Write-in,DEM,"Sylvan Township, Precinct 1",2
County Clerk (DEM),Write-in,DEM,"City of Evart, Precinct 1",4
County Clerk (DEM),Write-in,DEM,"City of Reed City, Precinct 1",13
County Treasurer (DEM),Write-in,DEM,"Burdell Township, Precinct 1",4
County Treasurer (DEM),Write-in,DEM,"Cedar Township, Precinct 1",2
County Treasurer (DEM),Write-in,DEM,"Evart Township, Precinct 1",12
County Treasurer (DEM),Write-in,DEM,"Hartwick Township, Precinct 1",1
County Treasurer (DEM),Write-in,DEM,"Hersey Township, Precinct 1",10
County Treasurer (DEM),Write-in,DEM,"Highland Township, Precinct 1",2
County Treasurer (DEM),Write-in,DEM,"Leroy Township, Precinct 1",4
County Treasurer (DEM),Write-in,DEM,"Lincoln Township, Precinct 1",5
County Treasurer (DEM),Write-in,DEM,"Marion Township, Precinct 1",3
County Treasurer (DEM),Write-in,DEM,"Middle Branch Township, Precinct 1",4
County Treasurer (DEM),Write-in,DEM,"Orient Township, Precinct 1",3
County Treasurer (DEM),Write-in,DEM,"Osceola Township, Precinct 1",1
County Treasurer (DEM),Write-in,DEM,"Richmond Township, Precinct 1",3
County Treasurer (DEM),Write-in,DEM,"Rose Lake Township, Precinct 1",8
County Treasurer (DEM),Write-in,DEM,"Sherman Township, Precinct 1",2
County Treasurer (DEM),Write-in,DEM,"Sylvan Township, Precinct 1",2
County Treasurer (DEM),Write-in,DEM,"City of Evart, Precinct 1",4
County Treasurer (DEM),Write-in,DEM,"City of Reed City, Precinct 1",13
County Register of Deeds (DEM),Write-in,DEM,"Burdell Township, Precinct 1",3
County Register of Deeds (DEM),Write-in,DEM,"Cedar Township, Precinct 1",3
County Register of Deeds (DEM),Write-in,DEM,"Evart Township, Precinct 1",13
County Register of Deeds (DEM),Write-in,DEM,"Hartwick Township, Precinct 1",1
County Register of Deeds (DEM),Write-in,DEM,"Hersey Township, Precinct 1",10
County Register of Deeds (DEM),Write-in,DEM,"Highland Township, Precinct 1",2
County Register of Deeds (DEM),Write-in,DEM,"Leroy Township, Precinct 1",4
County Register of Deeds (DEM),Write-in,DEM,"Lincoln Township, Precinct 1",5
County Register of Deeds (DEM),Write-in,DEM,"Marion Township, Precinct 1",3
County Register of Deeds (DEM),Write-in,DEM,"Middle Branch Township, Precinct 1",4
County Register of Deeds (DEM),Write-in,DEM,"Orient Township, Precinct 1",3
County Register of Deeds (DEM),Write-in,DEM,"Osceola Township, Precinct 1",1
County Register of Deeds (DEM),Write-in,DEM,"Richmond Township, Precinct 1",3
County Register of Deeds (DEM),Write-in,DEM,"Rose Lake Township, Precinct 1",8
County Register of Deeds (DEM),Write-in,DEM,"Sherman Township, Precinct 1",2
County Register of Deeds (DEM),Write-in,DEM,"Sylvan Township, Precinct 1",2
County Register of Deeds (DEM),Write-in,DEM,"City of Evart, Precinct 1",4
County Register of Deeds (DEM),Write-in,DEM,"City of Reed City, Precinct 1",12
County Road Commissioner (DEM),Write-in,DEM,"Burdell Township, Precinct 1",5
County Road Commissioner (DEM),Write-in,DEM,"Cedar Township, Precinct 1",5
County Road Commissioner (DEM),Write-in,DEM,"Evart Township, Precinct 1",14
County Road Commissioner (DEM),Write-in,DEM,"Hartwick Township, Precinct 1",1
County Road Commissioner (DEM),Write-in,DEM,"Hersey Township, Precinct 1",12
County Road Commissioner (DEM),Write-in,DEM,"Highland Township, Precinct 1",2
County Road Commissioner (DEM),Write-in,DEM,"Leroy Township, Precinct 1",4
County Road Commissioner (DEM),Write-in,DEM,"Lincoln Township, Precinct 1",8
County Road Commissioner (DEM),Write-in,DEM,"Marion Township, Precinct 1",4
County Road Commissioner (DEM),Write-in,DEM,"Middle Branch Township, Precinct 1",5
County Road Commissioner (DEM),Write-in,DEM,"Orient Township, Precinct 1",5
County Road Commissioner (DEM),Write-in,DEM,"Osceola Township, Precinct 1",1
County Road Commissioner (DEM),Write-in,DEM,"Richmond Township, Precinct 1",4
County Road Commissioner (DEM),Write-in,DEM,"Rose Lake Township, Precinct 1",12
County Road Commissioner (DEM),Write-in,DEM,"Sherman Township, Precinct 1",5
County Road Commissioner (DEM),Write-in,DEM,"Sylvan Township, Precinct 1",4
County Road Commissioner (DEM),Write-in,DEM,"City of Evart, Precinct 1",7
County Road Commissioner (DEM),Write-in,DEM,"City of Reed City, Precinct 1",20
County Drain Commissioner (DEM),Write-in,DEM,"Burdell Township, Precinct 1",5
County Drain Commissioner (DEM),Write-in,DEM,"Cedar Township, Precinct 1",3
County Drain Commissioner (DEM),Write-in,DEM,"Evart Township, Precinct 1",14
County Drain Commissioner (DEM),Write-in,DEM,"Hartwick Township, Precinct 1",1
County Drain Commissioner (DEM),Write-in,DEM,"Hersey Township, Precinct 1",11
County Drain Commissioner (DEM),Write-in,DEM,"Highland Township, Precinct 1",1
County Drain Commissioner (DEM),Write-in,DEM,"Leroy Township, Precinct 1",4
County Drain Commissioner (DEM),Write-in,DEM,"Lincoln Township, Precinct 1",5
County Drain Commissioner (DEM),Write-in,DEM,"Marion Township, Precinct 1",4
County Drain Commissioner (DEM),Write-in,DEM,"Middle Branch Township, Precinct 1",3
County Drain Commissioner (DEM),Write-in,DEM,"Orient Township, Precinct 1",3
County Drain Commissioner (DEM),Write-in,DEM,"Osceola Township, Precinct 1",1
County Drain Commissioner (DEM),Write-in,DEM,"Richmond Township, Precinct 1",5
County Drain Commissioner (DEM),Write-in,DEM,"Rose Lake Township, Precinct 1",8
County Drain Commissioner (DEM),Write-in,DEM,"Sherman Township, Precinct 1",2
County Drain Commissioner (DEM),Write-in,DEM,"Sylvan Township, Precinct 1",2
County Drain Commissioner (DEM),Write-in,DEM,"City of Evart, Precinct 1",4
County Drain Commissioner (DEM),Write-in,DEM,"City of Reed City, Precinct 1",13
County Surveyor (DEM),Write-in,DEM,"Burdell Township, Precinct 1",5
County Surveyor (DEM),Write-in,DEM,"Cedar Township, Precinct 1",3
County Surveyor (DEM),Write-in,DEM,"Evart Township, Precinct 1",14
County Surveyor (DEM),Write-in,DEM,"Hartwick Township, Precinct 1",1
County Surveyor (DEM),Write-in,DEM,"Hersey Township, Precinct 1",9
County Surveyor (DEM),Write-in,DEM,"Highland Township, Precinct 1",1
County Surveyor (DEM),Write-in,DEM,"Leroy Township, Precinct 1",4
County Surveyor (DEM),Write-in,DEM,"Lincoln Township, Precinct 1",5
County Surveyor (DEM),Write-in,DEM,"Marion Township, Precinct 1",3
County Surveyor (DEM),Write-in,DEM,"Middle Branch Township, Precinct 1",3
County Surveyor (DEM),Write-in,DEM,"Orient Township, Precinct 1",4
County Surveyor (DEM),Write-in,DEM,"Osceola Township, Precinct 1",1
County Surveyor (DEM),Write-in,DEM,"Richmond Township, Precinct 1",5
County Surveyor (DEM),Write-in,DEM,"Rose Lake Township, Precinct 1",8
County Surveyor (DEM),Write-in,DEM,"Sherman Township, Precinct 1",2
County Surveyor (DEM),Write-in,DEM,"Sylvan Township, Precinct 1",2
County Surveyor (DEM),Write-in,DEM,"City of Evart, Precinct 1",4
County Surveyor (DEM),Write-in,DEM,"City of Reed City, Precinct 1",13
County Commissioner 1st District (DEM),Write-in,DEM,"Burdell Township, Precinct 1",0
County Commissioner 1st District (DEM),Write-in,DEM,"Leroy Township, Precinct 1",4
County Commissioner 1st District (DEM),Write-in,DEM,"Lincoln Township, Precinct 1",5
County Commissioner 2nd District (DEM),Write-in,DEM,"Burdell Township, Precinct 1",4
County Commissioner 2nd District (DEM),Write-in,DEM,"Rose Lake Township, Precinct 1",8
County Commissioner 2nd District (DEM),Write-in,DEM,"Sherman Township, Precinct 1",2
County Commissioner 3rd District (DEM),Write-in,DEM,"Hartwick Township, Precinct 1",1
County Commissioner 3rd District (DEM),Write-in,DEM,"Highland Township, Precinct 1",1
County Commissioner 3rd District (DEM),Write-in,DEM,"Marion Township, Precinct 1",3
County Commissioner 4th District (DEM),Write-in,DEM,"Middle Branch Township, Precinct 1",3
County Commissioner 4th District (DEM),Write-in,DEM,"Orient Township, Precinct 1",3
County Commissioner 4th District (DEM),Write-in,DEM,"Osceola Township, Precinct 1",1
County Commissioner 4th District (DEM),Write-in,DEM,"Sylvan Township, Precinct 1",2
County Commissioner 5th District (DEM),Write-in,DEM,"Evart Township, Precinct 1",14
County Commissioner 5th District (DEM),Write-in,DEM,"Osceola Township, Precinct 1",0
County Commissioner 5th District (DEM),Write-in,DEM,"City of Evart, Precinct 1",4
County Commissioner 6th District (DEM),Write-in,DEM,"Cedar Township, Precinct 1",2
County Commissioner 6th District (DEM),Write-in,DEM,"Hersey Township, Precinct 1",11
County Commissioner 6th District (DEM),Write-in,DEM,"Richmond Township, Precinct 1",1
County Commissioner 7th District (DEM),Write-in,DEM,"Richmond Township, Precinct 1",4
County Commissioner 7th District (DEM),Write-in,DEM,"City of Reed City, Precinct 1",13
Burdell Township Supervisor (DEM),Write-in,DEM,"Burdell Township, Precinct 1",4
Burdell Township Clerk (DEM),Write-in,DEM,"Burdell Township, Precinct 1",4
Burdell Township Treasurer (DEM),Write-in,DEM,"Burdell Township, Precinct 1",3
Burdell Township Trustee (DEM),Write-in,DEM,"Burdell Township, Precinct 1",5
Cedar Township Supervisor (DEM),Write-in,DEM,"Cedar Township, Precinct 1",2
Cedar Township Clerk (DEM),Write-in,DEM,"Cedar Township, Precinct 1",2
Cedar Township Treasurer (DEM),Write-in,DEM,"Cedar Township, Precinct 1",2
Cedar Township Trustee (DEM),Write-in,DEM,"Cedar Township, Precinct 1",4
Evart Township Supervisor (DEM),Write-in,DEM,"Evart Township, Precinct 1",13
Evart Township Clerk (DEM),Denise L. Custer,DEM,"Evart Township, Precinct 1",68
Evart Township Clerk (DEM),Write-in,DEM,"Evart Township, Precinct 1",1
Evart Township Treasurer (DEM),Write-in,DEM,"Evart Township, Precinct 1",13
Evart Township Trustee (DEM),Write-in,DEM,"Evart Township, Precinct 1",15
Hartwick Township Supervisor (DEM),Randal VanBuren,DEM,"Hartwick Township, Precinct 1",20
Hartwick Township Supervisor (DEM),Write-in,DEM,"Hartwick Township, Precinct 1",0
Hartwick Township Clerk (DEM),Write-in,DEM,"Hartwick Township, Precinct 1",1
Hartwick Township Treasurer (DEM),Write-in,DEM,"Hartwick Township, Precinct 1",1
Hartwick Township Trustee (DEM),Write-in,DEM,"Hartwick Township, Precinct 1",0
Hersey Township Supervisor (DEM),Jason Daday,DEM,"Hersey Township, Precinct 1",74
Hersey Township Supervisor (DEM),Write-in,DEM,"Hersey Township, Precinct 1",1
Hersey Township Clerk (DEM),Write-in,DEM,"Hersey Township, Precinct 1",9
Hersey Township Treasurer (DEM),Write-in,DEM,"Hersey Township, Precinct 1",9
Hersey Township Trustee (DEM),Write-in,DEM,"Hersey Township, Precinct 1",12
Highland Township Supervisor (DEM),Write-in,DEM,"Highland Township, Precinct 1",1
Highland Township Clerk (DEM),Write-in,DEM,"Highland Township, Precinct 1",1
Highland Township Treasurer (DEM),Write-in,DEM,"Highland Township, Precinct 1",1
Highland Township Trustee (DEM),Write-in,DEM,"Highland Township, Precinct 1",1
Leroy Township Supervisor (DEM),Write-in,DEM,"Leroy Township, Precinct 1",4
Leroy Township Clerk (DEM),Write-in,DEM,"Leroy Township, Precinct 1",4
Leroy Township Treasurer (DEM),Write-in,DEM,"Leroy Township, Precinct 1",4
Leroy Township Trustee (DEM),Write-in,DEM,"Leroy Township, Precinct 1",5
Lincoln Township Supervisor (DEM),Write-in,DEM,"Lincoln Township, Precinct 1",5
Lincoln Township Clerk (DEM),Write-in,DEM,"Lincoln Township, Precinct 1",5
Lincoln Township Treasurer (DEM),Write-in,DEM,"Lincoln Township, Precinct 1",5
Lincoln Township Trustee (DEM),Write-in,DEM,"Lincoln Township, Precinct 1",8
Marion Township Supervisor (DEM),Write-in,DEM,"Marion Township, Precinct 1",3
Marion Township Clerk (DEM),Write-in,DEM,"Marion Township, Precinct 1",3
Marion Township Treasurer (DEM),Write-in,DEM,"Marion Township, Precinct 1",2
Marion Township Trustee (DEM),Write-in,DEM,"Marion Township, Precinct 1",2
Middle Branch Township Supervisor (DEM),Write-in,DEM,"Middle Branch Township, Precinct 1",3
Middle Branch Township Clerk (DEM),Write-in,DEM,"Middle Branch Township, Precinct 1",3
Middle Branch Township Treasurer (DEM),Write-in,DEM,"Middle Branch Township, Precinct 1",3
Middle Branch Township Trustee (DEM),Write-in,DEM,"Middle Branch Township, Precinct 1",3
Orient Township Supervisor (DEM),Write-in,DEM,"Orient Township, Precinct 1",3
Orient Township Clerk (DEM),Write-in,DEM,"Orient Township, Precinct 1",4
Orient Township Treasurer (DEM),Write-in,DEM,"Orient Township, Precinct 1",3
Orient Township Trustee (DEM),Write-in,DEM,"Orient Township, Precinct 1",5
Osceola Township Supervisor (DEM),Write-in,DEM,"Osceola Township, Precinct 1",1
Osceola Township Clerk (DEM),Write-in,DEM,"Osceola Township, Precinct 1",1
Osceola Township Treasurer (DEM),Write-in,DEM,"Osceola Township, Precinct 1",1
Osceola Township Trustee (DEM),Write-in,DEM,"Osceola Township, Precinct 1",2
Richmond Township Supervisor (DEM),Write-in,DEM,"Richmond Township, Precinct 1",5
Richmond Township Clerk (DEM),Write-in,DEM,"Richmond Township, Precinct 1",5
Richmond Township Treasurer (DEM),Write-in,DEM,"Richmond Township, Precinct 1",5
Richmond Township Trustee (DEM),Write-in,DEM,"Richmond Township, Precinct 1",5
Rose Lake Township Supervisor (DEM),Write-in,DEM,"Rose Lake Township, Precinct 1",8
Rose Lake Township Clerk (DEM),Write-in,DEM,"Rose Lake Township, Precinct 1",8
Rose Lake Township Treasurer (DEM),Write-in,DEM,"Rose Lake Township, Precinct 1",8
Rose Lake Township Trustee (DEM),Write-in,DEM,"Rose Lake Township, Precinct 1",13
Sherman Township Supervisor (DEM),Write-in,DEM,"Sherman Township, Precinct 1",2
Sherman Township Clerk (DEM),Write-in,DEM,"Sherman Township, Precinct 1",2
Sherman Township Treasurer (DEM),Write-in,DEM,"Sherman Township, Precinct 1",2
Sherman Township Trustee (DEM),H. John Iler,DEM,"Sherman Township, Precinct 1",27
Sherman Township Trustee (DEM),Write-in,DEM,"Sherman Township, Precinct 1",1
Sylvan Township Supervisor (DEM),Write-in,DEM,"Sylvan Township, Precinct 1",2
Sylvan Township Clerk (DEM),Write-in,DEM,"Sylvan Township, Precinct 1",2
Sylvan Township Treasurer (DEM),Write-in,DEM,"Sylvan Township, Precinct 1",2
Sylvan Township Trustee (DEM),Write-in,DEM,"Sylvan Township, Precinct 1",3
"City of Evart, Precinct 1 Delegate (DEM)",Write-in,DEM,"City of Evart, Precinct 1",4
"City of Reed City, Precinct 1 Delegate (DEM)",Write-in,DEM,"City of Reed City, Precinct 1",12
"Burdell Township, Precinct 1 Delegate (DEM)",Write-in,DEM,"Burdell Township, Precinct 1",3
"Cedar Township, Precinct 1 Delegate (DEM)",Write-in,DEM,"Cedar Township, Precinct 1",2
"Evart Township, Precinct 1 Delegate (DEM)",Write-in,DEM,"Evart Township, Precinct 1",12
"Hartwick Township, Precinct 1 Delegate (DEM)",Write-in,DEM,"Hartwick Township, Precinct 1",0
"Hersey Township, Precinct 1 Delegate (DEM)",Steven P. Petoskey,DEM,"Hersey Township, Precinct 1",72
"Hersey Township, Precinct 1 Delegate (DEM)",Write-in,DEM,"Hersey Township, Precinct 1",0
"Highland Township, Precinct 1 Delegate (DEM)",Write-in,DEM,"Highland Township, Precinct 1",1
"Leroy Township, Precinct 1 Delegate (DEM)",Write-in,DEM,"Leroy Township, Precinct 1",4
"Lincoln Township, Precinct 1 Delegate (DEM)",Write-in,DEM,"Lincoln Township, Precinct 1",5
"Marion Township, Precinct 1 Delegate (DEM)",Write-in,DEM,"Marion Township, Precinct 1",2
"Middle Branch Township, Precinct 1 Delegate (DEM)",Write-in,DEM,"Middle Branch Township, Precinct 1",3
"Orient Township, Precinct 1 Delegate (DEM)",Write-in,DEM,"Orient Township, Precinct 1",3
"Osceola Township, Precinct 1 Delegate (DEM)",Write-in,DEM,"Osceola Township, Precinct 1",1
"Richmond Township, Precinct 1 Delegate (DEM)",Write-in,DEM,"Richmond Township, Precinct 1",4
"Rose Lake Township, Precinct 1 Delegate (DEM)",Write-in,DEM,"Rose Lake Township, Precinct 1",7
"Sherman Township, Precinct 1 Delegate (DEM)",Write-in,DEM,"Sherman Township, Precinct 1",1
"Sylvan Township, Precinct 1 Delegate (DEM)",Jay B. Pozner,DEM,"Sylvan Township, Precinct 1",33
"Sylvan Township, Precinct 1 Delegate (DEM)",Write-in,DEM,"Sylvan Township, Precinct 1",0
United States Senator (REP),Justin Amash,REP,"Burdell Township, Precinct 1",32
United States Senator (REP),Sherry O'Donnell,REP,"Burdell Township, Precinct 1",34
United States Senator (REP),Sandy Pensler,REP,"Burdell Township, Precinct 1",25
United States Senator (REP),Mike Rogers,REP,"Burdell Township, Precinct 1",147
United States Senator (REP),Write-in,REP,"Burdell Township, Precinct 1",1
United States Senator (REP),Justin Amash,REP,"Cedar Township, Precinct 1",13
United States Senator (REP),Sherry O'Donnell,REP,"Cedar Township, Precinct 1",16
United States Senator (REP),Sandy Pensler,REP,"Cedar Township, Precinct 1",10
United States Senator (REP),Mike Rogers,REP,"Cedar Township, Precinct 1",66
United States Senator (REP),Write-in,REP,"Cedar Township, Precinct 1",0
United States Senator (REP),Justin Amash,REP,"Evart Township, Precinct 1",20
United States Senator (REP),Sherry O'Donnell,REP,"Evart Township, Precinct 1",13
United States Senator (REP),Sandy Pensler,REP,"Evart Township, Precinct 1",25
United States Senator (REP),Mike Rogers,REP,"Evart Township, Precinct 1",104
United States Senator (REP),Write-in,REP,"Evart Township, Precinct 1",0
United States Senator (REP),Justin Amash,REP,"Hartwick Township, Precinct 1",9
United States Senator (REP),Sherry O'Donnell,REP,"Hartwick Township, Precinct 1",3
United States Senator (REP),Sandy Pensler,REP,"Hartwick Township, Precinct 1",6
United States Senator (REP),Mike Rogers,REP,"Hartwick Township, Precinct 1",49
United States Senator (REP),Write-in,REP,"Hartwick Township, Precinct 1",0
United States Senator (REP),Justin Amash,REP,"Hersey Township, Precinct 1",35
United States Senator (REP),Sherry O'Donnell,REP,"Hersey Township, Precinct 1",20
United States Senator (REP),Sandy Pensler,REP,"Hersey Township, Precinct 1",16
United States Senator (REP),Mike Rogers,REP,"Hersey Township, Precinct 1",118
United States Senator (REP),Write-in,REP,"Hersey Township, Precinct 1",1
United States Senator (REP),Justin Amash,REP,"Highland Township, Precinct 1",21
United States Senator (REP),Sherry O'Donnell,REP,"Highland Township, Precinct 1",22
United States Senator (REP),Sandy Pensler,REP,"Highland Township, Precinct 1",7
United States Senator (REP),Mike Rogers,REP,"Highland Township, Precinct 1",88
United States Senator (REP),Write-in,REP,"Highland Township, Precinct 1",0
United States Senator (REP),Justin Amash,REP,"Leroy Township, Precinct 1",21
United States Senator (REP),Sherry O'Donnell,REP,"Leroy Township, Precinct 1",29
United States Senator (REP),Sandy Pensler,REP,"Leroy Township, Precinct 1",22
United States Senator (REP),Mike Rogers,REP,"Leroy Township, Precinct 1",108
United States Senator (REP),Write-in,REP,"Leroy Township, Precinct 1",0
United States Senator (REP),Justin Amash,REP,"Lincoln Township, Precinct 1",23
United States Senator (REP),Sherry O'Donnell,REP,"Lincoln Township, Precinct 1",23
United States Senator (REP),Sandy Pensler,REP,"Lincoln Township, Precinct 1",5
United States Senator (REP),Mike Rogers,REP,"Lincoln Township, Precinct 1",139
United States Senator (REP),Write-in,REP,"Lincoln Township, Precinct 1",0
United States Senator (REP),Justin Amash,REP,"Marion Township, Precinct 1",16
United States Senator (REP),Sherry O'Donnell,REP,"Marion Township, Precinct 1",27
United States Senator (REP),Sandy Pensler,REP,"Marion Township, Precinct 1",18
United States Senator (REP),Mike Rogers,REP,"Marion Township, Precinct 1",124
United States Senator (REP),Write-in,REP,"Marion Township, Precinct 1",0
United States Senator (REP),Justin Amash,REP,"Middle Branch Township, Precinct 1",23
United States Senator (REP),Sherry O'Donnell,REP,"Middle Branch Township, Precinct 1",21
United States Senator (REP),Sandy Pensler,REP,"Middle Branch Township, Precinct 1",20
United States Senator (REP),Mike Rogers,REP,"Middle Branch Township, Precinct 1",92
United States Senator (REP),Write-in,REP,"Middle Branch Township, Precinct 1",0
United States Senator (REP),Justin Amash,REP,"Orient Township, Precinct 1",9
United States Senator (REP),Sherry O'Donnell,REP,"Orient Township, Precinct 1",8
United States Senator (REP),Sandy Pensler,REP,"Orient Township, Precinct 1",11
United States Senator (REP),Mike Rogers,REP,"Orient Township, Precinct 1",79
United States Senator (REP),Write-in,REP,"Orient Township, Precinct 1",0
United States Senator (REP),Justin Amash,REP,"Osceola Township, Precinct 1",30
United States Senator (REP),Sherry O'Donnell,REP,"Osceola Township, Precinct 1",17
United States Senator (REP),Sandy Pensler,REP,"Osceola Township, Precinct 1",8
United States Senator (REP),Mike Rogers,REP,"Osceola Township, Precinct 1",97
United States Senator (REP),Write-in,REP,"Osceola Township, Precinct 1",0
United States Senator (REP),Justin Amash,REP,"Richmond Township, Precinct 1",45
United States Senator (REP),Sherry O'Donnell,REP,"Richmond Township, Precinct 1",29
United States Senator (REP),Sandy Pensler,REP,"Richmond Township, Precinct 1",34
United States Senator (REP),Mike Rogers,REP,"Richmond Township, Precinct 1",155
United States Senator (REP),Write-in,REP,"Richmond Township, Precinct 1",1
United States Senator (REP),Justin Amash,REP,"Rose Lake Township, Precinct 1",29
United States Senator (REP),Sherry O'Donnell,REP,"Rose Lake Township, Precinct 1",54
United States Senator (REP),Sandy Pensler,REP,"Rose Lake Township, Precinct 1",28
United States Senator (REP),Mike Rogers,REP,"Rose Lake Township, Precinct 1",187
United States Senator (REP),Write-in,REP,"Rose Lake Township, Precinct 1",0
United States Senator (REP),Justin Amash,REP,"Sherman Township, Precinct 1",10
United States Senator (REP),Sherry O'Donnell,REP,"Sherman Township, Precinct 1",10
United States Senator (REP),Sandy Pensler,REP,"Sherman Township, Precinct 1",23
United States Senator (REP),Mike Rogers,REP,"Sherman Township, Precinct 1",124
United States Senator (REP),Write-in,REP,"Sherman Township, Precinct 1",1
United States Senator (REP),Justin Amash,REP,"Sylvan Township, Precinct 1",12
United States Senator (REP),Sherry O'Donnell,REP,"Sylvan Township, Precinct 1",13
United States Senator (REP),Sandy Pensler,REP,"Sylvan Township, Precinct 1",11
United States Senator (REP),Mike Rogers,REP,"Sylvan Township, Precinct 1",80
United States Senator (REP),Write-in,REP,"Sylvan Township, Precinct 1",0
United States Senator (REP),Justin Amash,REP,"City of Evart, Precinct 1",16
United States Senator (REP),Sherry O'Donnell,REP,"City of Evart, Precinct 1",17
United States Senator (REP),Sandy Pensler,REP,"City of Evart, Precinct 1",18
United States Senator (REP),Mike Rogers,REP,"City of Evart, Precinct 1",69
United States Senator (REP),Write-in,REP,"City of Evart, Precinct 1",0
United States Senator (REP),Justin Amash,REP,"City of Reed City, Precinct 1",41
United States Senator (REP),Sherry O'Donnell,REP,"City of Reed City, Precinct 1",33
United States Senator (REP),Sandy Pensler,REP,"City of Reed City, Precinct 1",27
United States Senator (REP),Mike Rogers,REP,"City of Reed City, Precinct 1",121
United States Senator (REP),Write-in,REP,"City of Reed City, Precinct 1",3
Representative in Congress 2nd District (REP),John R. Moolenaar,REP,"Burdell Township, Precinct 1",248
Representative in Congress 2nd District (REP),Write-in,REP,"Burdell Township, Precinct 1",0
Representative in Congress 2nd District (REP),John R. Moolenaar,REP,"Cedar Township, Precinct 1",106
Representative in Congress 2nd District (REP),Write-in,REP,"Cedar Township, Precinct 1",1
Representative in Congress 2nd District (REP),John R. Moolenaar,REP,"Evart Township, Precinct 1",169
Representative in Congress 2nd District (REP),Write-in,REP,"Evart Township, Precinct 1",0
Representative in Congress 2nd District (REP),John R. Moolenaar,REP,"Hartwick Township, Precinct 1",65
Representative in Congress 2nd District (REP),Write-in,REP,"Hartwick Township, Precinct 1",0
Representative in Congress 2nd District (REP),John R. Moolenaar,REP,"Hersey Township, Precinct 1",189
Representative in Congress 2nd District (REP),Write-in,REP,"Hersey Township, Precinct 1",2
Representative in Congress 2nd District (REP),John R. Moolenaar,REP,"Highland Township, Precinct 1",137
Representative in Congress 2nd District (REP),Write-in,REP,"Highland Township, Precinct 1",0
Representative in Congress 2nd District (REP),John R. Moolenaar,REP,"Leroy Township, Precinct 1",184
Representative in Congress 2nd District (REP),Write-in,REP,"Leroy Township, Precinct 1",0
Representative in Congress 2nd District (REP),John R. Moolenaar,REP,"Lincoln Township, Precinct 1",201
Representative in Congress 2nd District (REP),Write-in,REP,"Lincoln Township, Precinct 1",0
Representative in Congress 2nd District (REP),John R. Moolenaar,REP,"Marion Township, Precinct 1",187
Representative in Congress 2nd District (REP),Write-in,REP,"Marion Township, Precinct 1",1
Representative in Congress 2nd District (REP),John R. Moolenaar,REP,"Middle Branch Township, Precinct 1",150
Representative in Congress 2nd District (REP),Write-in,REP,"Middle Branch Township, Precinct 1",3
Representative in Congress 2nd District (REP),John R. Moolenaar,REP,"Orient Township, Precinct 1",109
Representative in Congress 2nd District (REP),Write-in,REP,"Orient Township, Precinct 1",0
Representative in Congress 2nd District (REP),John R. Moolenaar,REP,"Osceola Township, Precinct 1",144
Representative in Congress 2nd District (REP),Write-in,REP,"Osceola Township, Precinct 1",0
Representative in Congress 2nd District (REP),John R. Moolenaar,REP,"Richmond Township, Precinct 1",263
Representative in Congress 2nd District (REP),Write-in,REP,"Richmond Township, Precinct 1",0
Representative in Congress 2nd District (REP),John R. Moolenaar,REP,"Rose Lake Township, Precinct 1",305
Representative in Congress 2nd District (REP),Write-in,REP,"Rose Lake Township, Precinct 1",0
Representative in Congress 2nd District (REP),John R. Moolenaar,REP,"Sherman Township, Precinct 1",170
Representative in Congress 2nd District (REP),Write-in,REP,"Sherman Township, Precinct 1",0
Representative in Congress 2nd District (REP),John R. Moolenaar,REP,"Sylvan Township, Precinct 1",116
Representative in Congress 2nd District (REP),Write-in,REP,"Sylvan Township, Precinct 1",0
Representative in Congress 2nd District (REP),John R. Moolenaar,REP,"City of Evart, Precinct 1",115
Representative in Congress 2nd District (REP),Write-in,REP,"City of Evart, Precinct 1",0
Representative in Congress 2nd District (REP),John R. Moolenaar,REP,"City of Reed City, Precinct 1",223
Representative in Congress 2nd District (REP),Write-in,REP,"City of Reed City, Precinct 1",2
Representative in State Legislature 100th District (REP),Tom Kunse,REP,"Burdell Township, Precinct 1",241
Representative in State Legislature 100th District (REP),Write-in,REP,"Burdell Township, Precinct 1",1
Representative in State Legislature 100th District (REP),Tom Kunse,REP,"Cedar Township, Precinct 1",102
Representative in State Legislature 100th District (REP),Write-in,REP,"Cedar Township, Precinct 1",0
Representative in State Legislature 100th District (REP),Tom Kunse,REP,"Evart Township, Precinct 1",168
Representative in State Legislature 100th District (REP),Write-in,REP,"Evart Township, Precinct 1",0
Representative in State Legislature 100th District (REP),Tom Kunse,REP,"Hartwick Township, Precinct 1",65
Representative in State Legislature 100th District (REP),Write-in,REP,"Hartwick Township, Precinct 1",0
Representative in State Legislature 100th District (REP),Tom Kunse,REP,"Hersey Township, Precinct 1",183
Representative in State Legislature 100th District (REP),Write-in,REP,"Hersey Township, Precinct 1",0
Representative in State Legislature 100th District (REP),Tom Kunse,REP,"Highland Township, Precinct 1",139
Representative in State Legislature 100th District (REP),Write-in,REP,"Highland Township, Precinct 1",0
Representative in State Legislature 100th District (REP),Tom Kunse,REP,"Leroy Township, Precinct 1",178
Representative in State Legislature 100th District (REP),Write-in,REP,"Leroy Township, Precinct 1",0
Representative in State Legislature 100th District (REP),Tom Kunse,REP,"Lincoln Township, Precinct 1",196
Representative in State Legislature 100th District (REP),Write-in,REP,"Lincoln Township, Precinct 1",0
Representative in State Legislature 100th District (REP),Tom Kunse,REP,"Marion Township, Precinct 1",181
Representative in State Legislature 100th District (REP),Write-in,REP,"Marion Township, Precinct 1",1
Representative in State Legislature 100th District (REP),Tom Kunse,REP,"Middle Branch Township, Precinct 1",150
Representative in State Legislature 100th District (REP),Write-in,REP,"Middle Branch Township, Precinct 1",0
Representative in State Legislature 100th District (REP),Tom Kunse,REP,"Orient Township, Precinct 1",105
Representative in State Legislature 100th District (REP),Write-in,REP,"Orient Township, Precinct 1",0
Representative in State Legislature 100th District (REP),Tom Kunse,REP,"Osceola Township, Precinct 1",152
Representative in State Legislature 100th District (REP),Write-in,REP,"Osceola Township, Precinct 1",0
Representative in State Legislature 100th District (REP),Tom Kunse,REP,"Richmond Township, Precinct 1",265
Representative in State Legislature 100th District (REP),Write-in,REP,"Richmond Township, Precinct 1",0
Representative in State Legislature 100th District (REP),Tom Kunse,REP,"Rose Lake Township, Precinct 1",296
Representative in State Legislature 100th District (REP),Write-in,REP,"Rose Lake Township, Precinct 1",0
Representative in State Legislature 100th District (REP),Tom Kunse,REP,"Sherman Township, Precinct 1",168
Representative in State Legislature 100th District (REP),Write-in,REP,"Sherman Township, Precinct 1",0
Representative in State Legislature 100th District (REP),Tom Kunse,REP,"Sylvan Township, Precinct 1",114
Representative in State Legislature 100th District (REP),Write-in,REP,"Sylvan Township, Precinct 1",0
Representative in State Legislature 100th District (REP),Tom Kunse,REP,"City of Evart, Precinct 1",111
Representative in State Legislature 100th District (REP),Write-in,REP,"City of Evart, Precinct 1",0
Representative in State Legislature 100th District (REP),Tom Kunse,REP,"City of Reed City, Precinct 1",217
Representative in State Legislature 100th District (REP),Write-in,REP,"City of Reed City, Precinct 1",2
County Prosecuting Attorney (REP),Anthony Badovinac,REP,"Burdell Township, Precinct 1",245
County Prosecuting Attorney (REP),Write-in,REP,"Burdell Township, Precinct 1",2
County Prosecuting Attorney (REP),Anthony Badovinac,REP,"Cedar Township, Precinct 1",101
County Prosecuting Attorney (REP),Write-in,REP,"Cedar Township, Precinct 1",0
County Prosecuting Attorney (REP),Anthony Badovinac,REP,"Evart Township, Precinct 1",162
County Prosecuting Attorney (REP),Write-in,REP,"Evart Township, Precinct 1",1
County Prosecuting Attorney (REP),Anthony Badovinac,REP,"Hartwick Township, Precinct 1",63
County Prosecuting Attorney (REP),Write-in,REP,"Hartwick Township, Precinct 1",0
County Prosecuting Attorney (REP),Anthony Badovinac,REP,"Hersey Township, Precinct 1",186
County Prosecuting Attorney (REP),Write-in,REP,"Hersey Township, Precinct 1",0
County Prosecuting Attorney (REP),Anthony Badovinac,REP,"Highland Township, Precinct 1",135
County Prosecuting Attorney (REP),Write-in,REP,"Highland Township, Precinct 1",0
County Prosecuting Attorney (REP),Anthony Badovinac,REP,"Leroy Township, Precinct 1",182
County Prosecuting Attorney (REP),Write-in,REP,"Leroy Township, Precinct 1",0
County Prosecuting Attorney (REP),Anthony Badovinac,REP,"Lincoln Township, Precinct 1",193
County Prosecuting Attorney (REP),Write-in,REP,"Lincoln Township, Precinct 1",2
County Prosecuting Attorney (REP),Anthony Badovinac,REP,"Marion Township, Precinct 1",182
County Prosecuting Attorney (REP),Write-in,REP,"Marion Township, Precinct 1",4
County Prosecuting Attorney (REP),Anthony Badovinac,REP,"Middle Branch Township, Precinct 1",145
County Prosecuting Attorney (REP),Write-in,REP,"Middle Branch Township, Precinct 1",0
County Prosecuting Attorney (REP),Anthony Badovinac,REP,"Orient Township, Precinct 1",97
County Prosecuting Attorney (REP),Write-in,REP,"Orient Township, Precinct 1",3
County Prosecuting Attorney (REP),Anthony Badovinac,REP,"Osceola Township, Precinct 1",145
County Prosecuting Attorney (REP),Write-in,REP,"Osceola Township, Precinct 1",1
County Prosecuting Attorney (REP),Anthony Badovinac,REP,"Richmond Township, Precinct 1",251
County Prosecuting Attorney (REP),Write-in,REP,"Richmond Township, Precinct 1",0
County Prosecuting Attorney (REP),Anthony Badovinac,REP,"Rose Lake Township, Precinct 1",287
County Prosecuting Attorney (REP),Write-in,REP,"Rose Lake Township, Precinct 1",2
County Prosecuting Attorney (REP),Anthony Badovinac,REP,"Sherman Township, Precinct 1",169
County Prosecuting Attorney (REP),Write-in,REP,"Sherman Township, Precinct 1",3
County Prosecuting Attorney (REP),Anthony Badovinac,REP,"Sylvan Township, Precinct 1",109
County Prosecuting Attorney (REP),Write-in,REP,"Sylvan Township, Precinct 1",0
County Prosecuting Attorney (REP),Anthony Badovinac,REP,"City of Evart, Precinct 1",108
County Prosecuting Attorney (REP),Write-in,REP,"City of Evart, Precinct 1",1
County Prosecuting Attorney (REP),Anthony Badovinac,REP,"City of Reed City, Precinct 1",219
County Prosecuting Attorney (REP),Write-in,REP,"City of Reed City, Precinct 1",1
County Sheriff (REP),Mark Cool,REP,"Burdell Township, Precinct 1",260
County Sheriff (REP),Write-in,REP,"Burdell Township, Precinct 1",0
County Sheriff (REP),Mark Cool,REP,"Cedar Township, Precinct 1",115
County Sheriff (REP),Write-in,REP,"Cedar Township, Precinct 1",0
County Sheriff (REP),Mark Cool,REP,"Evart Township, Precinct 1",172
County Sheriff (REP),Write-in,REP,"Evart Township, Precinct 1",0
County Sheriff (REP),Mark Cool,REP,"Hartwick Township, Precinct 1",70
County Sheriff (REP),Write-in,REP,"Hartwick Township, Precinct 1",0
County Sheriff (REP),Mark Cool,REP,"Hersey Township, Precinct 1",194
County Sheriff (REP),Write-in,REP,"Hersey Township, Precinct 1",0
County Sheriff (REP),Mark Cool,REP,"Highland Township, Precinct 1",140
County Sheriff (REP),Write-in,REP,"Highland Township, Precinct 1",0
County Sheriff (REP),Mark Cool,REP,"Leroy Township, Precinct 1",198
County Sheriff (REP),Write-in,REP,"Leroy Township, Precinct 1",2
County Sheriff (REP),Mark Cool,REP,"Lincoln Township, Precinct 1",210
County Sheriff (REP),Write-in,REP,"Lincoln Township, Precinct 1",1
County Sheriff (REP),Mark Cool,REP,"Marion Township, Precinct 1",183
County Sheriff (REP),Write-in,REP,"Marion Township, Precinct 1",2
County Sheriff (REP),Mark Cool,REP,"Middle Branch Township, Precinct 1",149
County Sheriff (REP),Write-in,REP,"Middle Branch Township, Precinct 1",1
County Sheriff (REP),Mark Cool,REP,"Orient Township, Precinct 1",102
County Sheriff (REP),Write-in,REP,"Orient Township, Precinct 1",2
County Sheriff (REP),Mark Cool,REP,"Osceola Township, Precinct 1",149
County Sheriff (REP),Write-in,REP,"Osceola Township, Precinct 1",0
County Sheriff (REP),Mark Cool,REP,"Richmond Township, Precinct 1",268
County Sheriff (REP),Write-in,REP,"Richmond Township, Precinct 1",1
County Sheriff (REP),Mark Cool,REP,"Rose Lake Township, Precinct 1",308
County Sheriff (REP),Write-in,REP,"Rose Lake Township, Precinct 1",3
County Sheriff (REP),Mark Cool,REP,"Sherman Township, Precinct 1",175
County Sheriff (REP),Write-in,REP,"Sherman Township, Precinct 1",2
County Sheriff (REP),Mark Cool,REP,"Sylvan Township, Precinct 1",115
County Sheriff (REP),Write-in,REP,"Sylvan Township, Precinct 1",0
County Sheriff (REP),Mark Cool,REP,"City of Evart, Precinct 1",113
County Sheriff (REP),Write-in,REP,"City of Evart, Precinct 1",0
County Sheriff (REP),Mark Cool,REP,"City of Reed City, Precinct 1",229
County Sheriff (REP),Write-in,REP,"City of Reed City, Precinct 1",0
County Clerk (REP),Tracey Cochran,REP,"Burdell Township, Precinct 1",118
County Clerk (REP),Jennifer Edstrom,REP,"Burdell Township, Precinct 1",134
County Clerk (REP),Write-in,REP,"Burdell Township, Precinct 1",1
County Clerk (REP),Tracey Cochran,REP,"Cedar Township, Precinct 1",67
County Clerk (REP),Jennifer Edstrom,REP,"Cedar Township, Precinct 1",46
County Clerk (REP),Write-in,REP,"Cedar Township, Precinct 1",0
County Clerk (REP),Tracey Cochran,REP,"Evart Township, Precinct 1",101
County Clerk (REP),Jennifer Edstrom,REP,"Evart Township, Precinct 1",71
County Clerk (REP),Write-in,REP,"Evart Township, Precinct 1",0
County Clerk (REP),Tracey Cochran,REP,"Hartwick Township, Precinct 1",35
County Clerk (REP),Jennifer Edstrom,REP,"Hartwick Township, Precinct 1",30
County Clerk (REP),Write-in,REP,"Hartwick Township, Precinct 1",0
County Clerk (REP),Tracey Cochran,REP,"Hersey Township, Precinct 1",124
County Clerk (REP),Jennifer Edstrom,REP,"Hersey Township, Precinct 1",67
County Clerk (REP),Write-in,REP,"Hersey Township, Precinct 1",0
County Clerk (REP),Tracey Cochran,REP,"Highland Township, Precinct 1",57
County Clerk (REP),Jennifer Edstrom,REP,"Highland Township, Precinct 1",78
County Clerk (REP),Write-in,REP,"Highland Township, Precinct 1",0
County Clerk (REP),Tracey Cochran,REP,"Leroy Township, Precinct 1",128
County Clerk (REP),Jennifer Edstrom,REP,"Leroy Township, Precinct 1",80
County Clerk (REP),Write-in,REP,"Leroy Township, Precinct 1",0
County Clerk (REP),Tracey Cochran,REP,"Lincoln Township, Precinct 1",93
County Clerk (REP),Jennifer Edstrom,REP,"Lincoln Township, Precinct 1",121
County Clerk (REP),Write-in,REP,"Lincoln Township, Precinct 1",2
County Clerk (REP),Tracey Cochran,REP,"Marion Township, Precinct 1",123
County Clerk (REP),Jennifer Edstrom,REP,"Marion Township, Precinct 1",64
County Clerk (REP),Write-in,REP,"Marion Township, Precinct 1",1
County Clerk (REP),Tracey Cochran,REP,"Middle Branch Township, Precinct 1",103
County Clerk (REP),Jennifer Edstrom,REP,"Middle Branch Township, Precinct 1",50
County Clerk (REP),Write-in,REP,"Middle Branch Township, Precinct 1",0
County Clerk (REP),Tracey Cochran,REP,"Orient Township, Precinct 1",66
County Clerk (REP),Jennifer Edstrom,REP,"Orient Township, Precinct 1",39
County Clerk (REP),Write-in,REP,"Orient Township, Precinct 1",0
County Clerk (REP),Tracey Cochran,REP,"Osceola Township, Precinct 1",77
County Clerk (REP),Jennifer Edstrom,REP,"Osceola Township, Precinct 1",82
County Clerk (REP),Write-in,REP,"Osceola Township, Precinct 1",0
County Clerk (REP),Tracey Cochran,REP,"Richmond Township, Precinct 1",164
County Clerk (REP),Jennifer Edstrom,REP,"Richmond Township, Precinct 1",113
County Clerk (REP),Write-in,REP,"Richmond Township, Precinct 1",0
County Clerk (REP),Tracey Cochran,REP,"Rose Lake Township, Precinct 1",162
County Clerk (REP),Jennifer Edstrom,REP,"Rose Lake Township, Precinct 1",163
County Clerk (REP),Write-in,REP,"Rose Lake Township, Precinct 1",0
County Clerk (REP),Tracey Cochran,REP,"Sherman Township, Precinct 1",96
County Clerk (REP),Jennifer Edstrom,REP,"Sherman Township, Precinct 1",77
County Clerk (REP),Write-in,REP,"Sherman Township, Precinct 1",1
County Clerk (REP),Tracey Cochran,REP,"Sylvan Township, Precinct 1",62
County Clerk (REP),Jennifer Edstrom,REP,"Sylvan Township, Precinct 1",56
County Clerk (REP),Write-in,REP,"Sylvan Township, Precinct 1",1
County Clerk (REP),Tracey Cochran,REP,"City of Evart, Precinct 1",72
County Clerk (REP),Jennifer Edstrom,REP,"City of Evart, Precinct 1",49
County Clerk (REP),Write-in,REP,"City of Evart, Precinct 1",0
County Clerk (REP),Tracey Cochran,REP,"City of Reed City, Precinct 1",119
County Clerk (REP),Jennifer Edstrom,REP,"City of Reed City, Precinct 1",113
County Clerk (REP),Write-in,REP,"City of Reed City, Precinct 1",0
County Treasurer (REP),Tonia M. Hartline,REP,"Burdell Township, Precinct 1",243
County Treasurer (REP),Write-in,REP,"Burdell Township, Precinct 1",2
County Treasurer (REP),Tonia M. Hartline,REP,"Cedar Township, Precinct 1",102
County Treasurer (REP),Write-in,REP,"Cedar Township, Precinct 1",0
County Treasurer (REP),Tonia M. Hartline,REP,"Evart Township, Precinct 1",161
County Treasurer (REP),Write-in,REP,"Evart Township, Precinct 1",0
County Treasurer (REP),Tonia M. Hartline,REP,"Hartwick Township, Precinct 1",63
County Treasurer (REP),Write-in,REP,"Hartwick Township, Precinct 1",0
County Treasurer (REP),Tonia M. Hartline,REP,"Hersey Township, Precinct 1",176
County Treasurer (REP),Write-in,REP,"Hersey Township, Precinct 1",1
County Treasurer (REP),Tonia M. Hartline,REP,"Highland Township, Precinct 1",136
County Treasurer (REP),Write-in,REP,"Highland Township, Precinct 1",0
County Treasurer (REP),Tonia M. Hartline,REP,"Leroy Township, Precinct 1",186
County Treasurer (REP),Write-in,REP,"Leroy Township, Precinct 1",0
County Treasurer (REP),Tonia M. Hartline,REP,"Lincoln Township, Precinct 1",191
County Treasurer (REP),Write-in,REP,"Lincoln Township, Precinct 1",0
County Treasurer (REP),Tonia M. Hartline,REP,"Marion Township, Precinct 1",175
County Treasurer (REP),Write-in,REP,"Marion Township, Precinct 1",1
County Treasurer (REP),Tonia M. Hartline,REP,"Middle Branch Township, Precinct 1",148
County Treasurer (REP),Write-in,REP,"Middle Branch Township, Precinct 1",0
County Treasurer (REP),Tonia M. Hartline,REP,"Orient Township, Precinct 1",101
County Treasurer (REP),Write-in,REP,"Orient Township, Precinct 1",0
County Treasurer (REP),Tonia M. Hartline,REP,"Osceola Township, Precinct 1",146
County Treasurer (REP),Write-in,REP,"Osceola Township, Precinct 1",0
County Treasurer (REP),Tonia M. Hartline,REP,"Richmond Township, Precinct 1",246
County Treasurer (REP),Write-in,REP,"Richmond Township, Precinct 1",2
County Treasurer (REP),Tonia M. Hartline,REP,"Rose Lake Township, Precinct 1",290
County Treasurer (REP),Write-in,REP,"Rose Lake Township, Precinct 1",0
County Treasurer (REP),Tonia M. Hartline,REP,"Sherman Township, Precinct 1",165
County Treasurer (REP),Write-in,REP,"Sherman Township, Precinct 1",1
County Treasurer (REP),Tonia M. Hartline,REP,"Sylvan Township, Precinct 1",107
County Treasurer (REP),Write-in,REP,"Sylvan Township, Precinct 1",0
County Treasurer (REP),Tonia M. Hartline,REP,"City of Evart, Precinct 1",106
County Treasurer (REP),Write-in,REP,"City of Evart, Precinct 1",1
County Treasurer (REP),Tonia M. Hartline,REP,"City of Reed City, Precinct 1",220
County Treasurer (REP),Write-in,REP,"City of Reed City, Precinct 1",0
County Register of Deeds (REP),Heather E. Gray,REP,"Burdell Township, Precinct 1",237
County Register of Deeds (REP),Write-in,REP,"Burdell Township, Precinct 1",1
County Register of Deeds (REP),Heather E. Gray,REP,"Cedar Township, Precinct 1",102
County Register of Deeds (REP),Write-in,REP,"Cedar Township, Precinct 1",1
County Register of Deeds (REP),Heather E. Gray,REP,"Evart Township, Precinct 1",161
County Register of Deeds (REP),Write-in,REP,"Evart Township, Precinct 1",0
County Register of Deeds (REP),Heather E. Gray,REP,"Hartwick Township, Precinct 1",65
County Register of Deeds (REP),Write-in,REP,"Hartwick Township, Precinct 1",0
County Register of Deeds (REP),Heather E. Gray,REP,"Hersey Township, Precinct 1",178
County Register of Deeds (REP),Write-in,REP,"Hersey Township, Precinct 1",0
County Register of Deeds (REP),Heather E. Gray,REP,"Highland Township, Precinct 1",136
County Register of Deeds (REP),Write-in,REP,"Highland Township, Precinct 1",0
County Register of Deeds (REP),Heather E. Gray,REP,"Leroy Township, Precinct 1",181
County Register of Deeds (REP),Write-in,REP,"Leroy Township, Precinct 1",0
County Register of Deeds (REP),Heather E. Gray,REP,"Lincoln Township, Precinct 1",193
County Register of Deeds (REP),Write-in,REP,"Lincoln Township, Precinct 1",0
County Register of Deeds (REP),Heather E. Gray,REP,"Marion Township, Precinct 1",178
County Register of Deeds (REP),Write-in,REP,"Marion Township, Precinct 1",0
County Register of Deeds (REP),Heather E. Gray,REP,"Middle Branch Township, Precinct 1",145
County Register of Deeds (REP),Write-in,REP,"Middle Branch Township, Precinct 1",0
County Register of Deeds (REP),Heather E. Gray,REP,"Orient Township, Precinct 1",102
County Register of Deeds (REP),Write-in,REP,"Orient Township, Precinct 1",0
County Register of Deeds (REP),Heather E. Gray,REP,"Osceola Township, Precinct 1",144
County Register of Deeds (REP),Write-in,REP,"Osceola Township, Precinct 1",0
County Register of Deeds (REP),Heather E. Gray,REP,"Richmond Township, Precinct 1",247
County Register of Deeds (REP),Write-in,REP,"Richmond Township, Precinct 1",1
County Register of Deeds (REP),Heather E. Gray,REP,"Rose Lake Township, Precinct 1",290
County Register of Deeds (REP),Write-in,REP,"Rose Lake Township, Precinct 1",0
County Register of Deeds (REP),Heather E. Gray,REP,"Sherman Township, Precinct 1",158
County Register of Deeds (REP),Write-in,REP,"Sherman Township, Precinct 1",1
County Register of Deeds (REP),Heather E. Gray,REP,"Sylvan Township, Precinct 1",108
County Register of Deeds (REP),Write-in,REP,"Sylvan Township, Precinct 1",0
County Register of Deeds (REP),Heather E. Gray,REP,"City of Evart, Precinct 1",109
County Register of Deeds (REP),Write-in,REP,"City of Evart, Precinct 1",0
County Register of Deeds (REP),Heather E. Gray,REP,"City of Reed City, Precinct 1",221
County Register of Deeds (REP),Write-in,REP,"City of Reed City, Precinct 1",0
County Road Commissioner (REP),Amy Bontekoe,REP,"Burdell Township, Precinct 1",65
County Road Commissioner (REP),Mindy Faulman,REP,"Burdell Township, Precinct 1",42
County Road Commissioner (REP),Doug Kanouse,REP,"Burdell Township, Precinct 1",188
County Road Commissioner (REP),Gary L. Wemple,REP,"Burdell Township, Precinct 1",157
County Road Commissioner (REP),Write-in,REP,"Burdell Township, Precinct 1",2
County Road Commissioner (REP),Amy Bontekoe,REP,"Cedar Township, Precinct 1",26
County Road Commissioner (REP),Mindy Faulman,REP,"Cedar Township, Precinct 1",19
County Road Commissioner (REP),Doug Kanouse,REP,"Cedar Township, Precinct 1",78
County Road Commissioner (REP),Gary L. Wemple,REP,"Cedar Township, Precinct 1",52
County Road Commissioner (REP),Write-in,REP,"Cedar Township, Precinct 1",0
County Road Commissioner (REP),Amy Bontekoe,REP,"Evart Township, Precinct 1",60
County Road Commissioner (REP),Mindy Faulman,REP,"Evart Township, Precinct 1",28
County Road Commissioner (REP),Doug Kanouse,REP,"Evart Township, Precinct 1",109
County Road Commissioner (REP),Gary L. Wemple,REP,"Evart Township, Precinct 1",81
County Road Commissioner (REP),Write-in,REP,"Evart Township, Precinct 1",0
County Road Commissioner (REP),Amy Bontekoe,REP,"Hartwick Township, Precinct 1",26
County Road Commissioner (REP),Mindy Faulman,REP,"Hartwick Township, Precinct 1",4
County Road Commissioner (REP),Doug Kanouse,REP,"Hartwick Township, Precinct 1",48
County Road Commissioner (REP),Gary L. Wemple,REP,"Hartwick Township, Precinct 1",38
County Road Commissioner (REP),Write-in,REP,"Hartwick Township, Precinct 1",0
County Road Commissioner (REP),Amy Bontekoe,REP,"Hersey Township, Precinct 1",78
County Road Commissioner (REP),Mindy Faulman,REP,"Hersey Township, Precinct 1",41
County Road Commissioner (REP),Doug Kanouse,REP,"Hersey Township, Precinct 1",142
County Road Commissioner (REP),Gary L. Wemple,REP,"Hersey Township, Precinct 1",66
County Road Commissioner (REP),Write-in,REP,"Hersey Township, Precinct 1",1
County Road Commissioner (REP),Amy Bontekoe,REP,"Highland Township, Precinct 1",55
County Road Commissioner (REP),Mindy Faulman,REP,"Highland Township, Precinct 1",39
County Road Commissioner (REP),Doug Kanouse,REP,"Highland Township, Precinct 1",77
County Road Commissioner (REP),Gary L. Wemple,REP,"Highland Township, Precinct 1",68
County Road Commissioner (REP),Write-in,REP,"Highland Township, Precinct 1",0
County Road Commissioner (REP),Amy Bontekoe,REP,"Leroy Township, Precinct 1",37
County Road Commissioner (REP),Mindy Faulman,REP,"Leroy Township, Precinct 1",30
County Road Commissioner (REP),Doug Kanouse,REP,"Leroy Township, Precinct 1",167
County Road Commissioner (REP),Gary L. Wemple,REP,"Leroy Township, Precinct 1",130
County Road Commissioner (REP),Write-in,REP,"Leroy Township, Precinct 1",0
County Road Commissioner (REP),Amy Bontekoe,REP,"Lincoln Township, Precinct 1",57
County Road Commissioner (REP),Mindy Faulman,REP,"Lincoln Township, Precinct 1",31
County Road Commissioner (REP),Doug Kanouse,REP,"Lincoln Township, Precinct 1",155
County Road Commissioner (REP),Gary L. Wemple,REP,"Lincoln Township, Precinct 1",99
County Road Commissioner (REP),Write-in,REP,"Lincoln Township, Precinct 1",1
County Road Commissioner (REP),Amy Bontekoe,REP,"Marion Township, Precinct 1",124
County Road Commissioner (REP),Mindy Faulman,REP,"Marion Township, Precinct 1",77
County Road Commissioner (REP),Doug Kanouse,REP,"Marion Township, Precinct 1",83
County Road Commissioner (REP),Gary L. Wemple,REP,"Marion Township, Precinct 1",58
County Road Commissioner (REP),Write-in,REP,"Marion Township, Precinct 1",0
County Road Commissioner (REP),Amy Bontekoe,REP,"Middle Branch Township, Precinct 1",67
County Road Commissioner (REP),Mindy Faulman,REP,"Middle Branch Township, Precinct 1",66
County Road Commissioner (REP),Doug Kanouse,REP,"Middle Branch Township, Precinct 1",79
County Road Commissioner (REP),Gary L. Wemple,REP,"Middle Branch Township, Precinct 1",67
County Road Commissioner (REP),Write-in,REP,"Middle Branch Township, Precinct 1",0
County Road Commissioner (REP),Amy Bontekoe,REP,"Orient Township, Precinct 1",54
County Road Commissioner (REP),Mindy Faulman,REP,"Orient Township, Precinct 1",31
County Road Commissioner (REP),Doug Kanouse,REP,"Orient Township, Precinct 1",58
County Road Commissioner (REP),Gary L. Wemple,REP,"Orient Township, Precinct 1",36
County Road Commissioner (REP),Write-in,REP,"Orient Township, Precinct 1",0
County Road Commissioner (REP),Amy Bontekoe,REP,"Osceola Township, Precinct 1",63
County Road Commissioner (REP),Mindy Faulman,REP,"Osceola Township, Precinct 1",28
County Road Commissioner (REP),Doug Kanouse,REP,"Osceola Township, Precinct 1",106
County Road Commissioner (REP),Gary L. Wemple,REP,"Osceola Township, Precinct 1",74
County Road Commissioner (REP),Write-in,REP,"Osceola Township, Precinct 1",0
County Road Commissioner (REP),Amy Bontekoe,REP,"Richmond Township, Precinct 1",93
County Road Commissioner (REP),Mindy Faulman,REP,"Richmond Township, Precinct 1",52
County Road Commissioner (REP),Doug Kanouse,REP,"Richmond Township, Precinct 1",196
County Road Commissioner (REP),Gary L. Wemple,REP,"Richmond Township, Precinct 1",116
County Road Commissioner (REP),Write-in,REP,"Richmond Township, Precinct 1",0
County Road Commissioner (REP),Amy Bontekoe,REP,"Rose Lake Township, Precinct 1",87
County Road Commissioner (REP),Mindy Faulman,REP,"Rose Lake Township, Precinct 1",66
County Road Commissioner (REP),Doug Kanouse,REP,"Rose Lake Township, Precinct 1",253
County Road Commissioner (REP),Gary L. Wemple,REP,"Rose Lake Township, Precinct 1",135
County Road Commissioner (REP),Write-in,REP,"Rose Lake Township, Precinct 1",1
County Road Commissioner (REP),Amy Bontekoe,REP,"Sherman Township, Precinct 1",49
County Road Commissioner (REP),Mindy Faulman,REP,"Sherman Township, Precinct 1",23
County Road Commissioner (REP),Doug Kanouse,REP,"Sherman Township, Precinct 1",120
County Road Commissioner (REP),Gary L. Wemple,REP,"Sherman Township, Precinct 1",107
County Road Commissioner (REP),Write-in,REP,"Sherman Township, Precinct 1",3
County Road Commissioner (REP),Amy Bontekoe,REP,"Sylvan Township, Precinct 1",44
County Road Commissioner (REP),Mindy Faulman,REP,"Sylvan Township, Precinct 1",27
County Road Commissioner (REP),Doug Kanouse,REP,"Sylvan Township, Precinct 1",79
County Road Commissioner (REP),Gary L. Wemple,REP,"Sylvan Township, Precinct 1",50
County Road Commissioner (REP),Write-in,REP,"Sylvan Township, Precinct 1",0
County Road Commissioner (REP),Amy Bontekoe,REP,"City of Evart, Precinct 1",49
County Road Commissioner (REP),Mindy Faulman,REP,"City of Evart, Precinct 1",25
County Road Commissioner (REP),Doug Kanouse,REP,"City of Evart, Precinct 1",79
County Road Commissioner (REP),Gary L. Wemple,REP,"City of Evart, Precinct 1",40
County Road Commissioner (REP),Write-in,REP,"City of Evart, Precinct 1",0
County Road Commissioner (REP),Amy Bontekoe,REP,"City of Reed City, Precinct 1",71
County Road Commissioner (REP),Mindy Faulman,REP,"City of Reed City, Precinct 1",49
County Road Commissioner (REP),Doug Kanouse,REP,"City of Reed City, Precinct 1",164
County Road Commissioner (REP),Gary L. Wemple,REP,"City of Reed City, Precinct 1",96
County Road Commissioner (REP),Write-in,REP,"City of Reed City, Precinct 1",0
County Drain Commissioner (REP),David Belden,REP,"Burdell Township, Precinct 1",67
County Drain Commissioner (REP),Doug Bontekoe,REP,"Burdell Township, Precinct 1",83
County Drain Commissioner (REP),Edward Williams,REP,"Burdell Township, Precinct 1",66
County Drain Commissioner (REP),Write-in,REP,"Burdell Township, Precinct 1",1
County Drain Commissioner (REP),David Belden,REP,"Cedar Township, Precinct 1",49
County Drain Commissioner (REP),Doug Bontekoe,REP,"Cedar Township, Precinct 1",27
County Drain Commissioner (REP),Edward Williams,REP,"Cedar Township, Precinct 1",25
County Drain Commissioner (REP),Write-in,REP,"Cedar Township, Precinct 1",0
County Drain Commissioner (REP),David Belden,REP,"Evart Township, Precinct 1",63
County Drain Commissioner (REP),Doug Bontekoe,REP,"Evart Township, Precinct 1",50
County Drain Commissioner (REP),Edward Williams,REP,"Evart Township, Precinct 1",47
County Drain Commissioner (REP),Write-in,REP,"Evart Township, Precinct 1",0
County Drain Commissioner (REP),David Belden,REP,"Hartwick Township, Precinct 1",21
County Drain Commissioner (REP),Doug Bontekoe,REP,"Hartwick Township, Precinct 1",26
County Drain Commissioner (REP),Edward Williams,REP,"Hartwick Township, Precinct 1",18
County Drain Commissioner (REP),Write-in,REP,"Hartwick Township, Precinct 1",0
County Drain Commissioner (REP),David Belden,REP,"Hersey Township, Precinct 1",76
County Drain Commissioner (REP),Doug Bontekoe,REP,"Hersey Township, Precinct 1",59
County Drain Commissioner (REP),Edward Williams,REP,"Hersey Township, Precinct 1",47
County Drain Commissioner (REP),Write-in,REP,"Hersey Township, Precinct 1",1
County Drain Commissioner (REP),David Belden,REP,"Highland Township, Precinct 1",17
County Drain Commissioner (REP),Doug Bontekoe,REP,"Highland Township, Precinct 1",73
County Drain Commissioner (REP),Edward Williams,REP,"Highland Township, Precinct 1",40
County Drain Commissioner (REP),Write-in,REP,"Highland Township, Precinct 1",0
County Drain Commissioner (REP),David Belden,REP,"Leroy Township, Precinct 1",63
County Drain Commissioner (REP),Doug Bontekoe,REP,"Leroy Township, Precinct 1",57
County Drain Commissioner (REP),Edward Williams,REP,"Leroy Township, Precinct 1",46
County Drain Commissioner (REP),Write-in,REP,"Leroy Township, Precinct 1",0
County Drain Commissioner (REP),David Belden,REP,"Lincoln Township, Precinct 1",117
County Drain Commissioner (REP),Doug Bontekoe,REP,"Lincoln Township, Precinct 1",41
County Drain Commissioner (REP),Edward Williams,REP,"Lincoln Township, Precinct 1",48
County Drain Commissioner (REP),Write-in,REP,"Lincoln Township, Precinct 1",1
County Drain Commissioner (REP),David Belden,REP,"Marion Township, Precinct 1",20
County Drain Commissioner (REP),Doug Bontekoe,REP,"Marion Township, Precinct 1",102
County Drain Commissioner (REP),Edward Williams,REP,"Marion Township, Precinct 1",76
County Drain Commissioner (REP),Write-in,REP,"Marion Township, Precinct 1",1
County Drain Commissioner (REP),David Belden,REP,"Middle Branch Township, Precinct 1",43
County Drain Commissioner (REP),Doug Bontekoe,REP,"Middle Branch Township, Precinct 1",39
County Drain Commissioner (REP),Edward Williams,REP,"Middle Branch Township, Precinct 1",78
County Drain Commissioner (REP),Write-in,REP,"Middle Branch Township, Precinct 1",0
County Drain Commissioner (REP),David Belden,REP,"Orient Township, Precinct 1",30
County Drain Commissioner (REP),Doug Bontekoe,REP,"Orient Township, Precinct 1",39
County Drain Commissioner (REP),Edward Williams,REP,"Orient Township, Precinct 1",30
County Drain Commissioner (REP),Write-in,REP,"Orient Township, Precinct 1",0
County Drain Commissioner (REP),David Belden,REP,"Osceola Township, Precinct 1",54
County Drain Commissioner (REP),Doug Bontekoe,REP,"Osceola Township, Precinct 1",49
County Drain Commissioner (REP),Edward Williams,REP,"Osceola Township, Precinct 1",43
County Drain Commissioner (REP),Write-in,REP,"Osceola Township, Precinct 1",0
County Drain Commissioner (REP),David Belden,REP,"Richmond Township, Precinct 1",152
County Drain Commissioner (REP),Doug Bontekoe,REP,"Richmond Township, Precinct 1",60
County Drain Commissioner (REP),Edward Williams,REP,"Richmond Township, Precinct 1",59
County Drain Commissioner (REP),Write-in,REP,"Richmond Township, Precinct 1",0
County Drain Commissioner (REP),David Belden,REP,"Rose Lake Township, Precinct 1",89
County Drain Commissioner (REP),Doug Bontekoe,REP,"Rose Lake Township, Precinct 1",107
County Drain Commissioner (REP),Edward Williams,REP,"Rose Lake Township, Precinct 1",88
County Drain Commissioner (REP),Write-in,REP,"Rose Lake Township, Precinct 1",1
County Drain Commissioner (REP),David Belden,REP,"Sherman Township, Precinct 1",39
County Drain Commissioner (REP),Doug Bontekoe,REP,"Sherman Township, Precinct 1",58
County Drain Commissioner (REP),Edward Williams,REP,"Sherman Township, Precinct 1",57
County Drain Commissioner (REP),Write-in,REP,"Sherman Township, Precinct 1",3
County Drain Commissioner (REP),David Belden,REP,"Sylvan Township, Precinct 1",29
County Drain Commissioner (REP),Doug Bontekoe,REP,"Sylvan Township, Precinct 1",38
County Drain Commissioner (REP),Edward Williams,REP,"Sylvan Township, Precinct 1",43
County Drain Commissioner (REP),Write-in,REP,"Sylvan Township, Precinct 1",0
County Drain Commissioner (REP),David Belden,REP,"City of Evart, Precinct 1",33
County Drain Commissioner (REP),Doug Bontekoe,REP,"City of Evart, Precinct 1",48
County Drain Commissioner (REP),Edward Williams,REP,"City of Evart, Precinct 1",33
County Drain Commissioner (REP),Write-in,REP,"City of Evart, Precinct 1",0
County Drain Commissioner (REP),David Belden,REP,"City of Reed City, Precinct 1",138
County Drain Commissioner (REP),Doug Bontekoe,REP,"City of Reed City, Precinct 1",30
County Drain Commissioner (REP),Edward Williams,REP,"City of Reed City, Precinct 1",53
County Drain Commissioner (REP),Write-in,REP,"City of Reed City, Precinct 1",0
County Surveyor (REP),Bill Sikkema,REP,"Burdell Township, Precinct 1",235
County Surveyor (REP),Write-in,REP,"Burdell Township, Precinct 1",2
County Surveyor (REP),Bill Sikkema,REP,"Cedar Township, Precinct 1",100
County Surveyor (REP),Write-in,REP,"Cedar Township, Precinct 1",1
County Surveyor (REP),Bill Sikkema,REP,"Evart Township, Precinct 1",157
County Surveyor (REP),Write-in,REP,"Evart Township, Precinct 1",0
County Surveyor (REP),Bill Sikkema,REP,"Hartwick Township, Precinct 1",62
County Surveyor (REP),Write-in,REP,"Hartwick Township, Precinct 1",0
County Surveyor (REP),Bill Sikkema,REP,"Hersey Township, Precinct 1",177
County Surveyor (REP),Write-in,REP,"Hersey Township, Precinct 1",0
County Surveyor (REP),Bill Sikkema,REP,"Highland Township, Precinct 1",132
County Surveyor (REP),Write-in,REP,"Highland Township, Precinct 1",0
County Surveyor (REP),Bill Sikkema,REP,"Leroy Township, Precinct 1",166
County Surveyor (REP),Write-in,REP,"Leroy Township, Precinct 1",0
County Surveyor (REP),Bill Sikkema,REP,"Lincoln Township, Precinct 1",192
County Surveyor (REP),Write-in,REP,"Lincoln Township, Precinct 1",1
County Surveyor (REP),Bill Sikkema,REP,"Marion Township, Precinct 1",180
County Surveyor (REP),Write-in,REP,"Marion Township, Precinct 1",0
County Surveyor (REP),Bill Sikkema,REP,"Middle Branch Township, Precinct 1",142
County Surveyor (REP),Write-in,REP,"Middle Branch Township, Precinct 1",0
County Surveyor (REP),Bill Sikkema,REP,"Orient Township, Precinct 1",100
County Surveyor (REP),Write-in,REP,"Orient Township, Precinct 1",1
County Surveyor (REP),Bill Sikkema,REP,"Osceola Township, Precinct 1",142
County Surveyor (REP),Write-in,REP,"Osceola Township, Precinct 1",0
County Surveyor (REP),Bill Sikkema,REP,"Richmond Township, Precinct 1",243
County Surveyor (REP),Write-in,REP,"Richmond Township, Precinct 1",0
County Surveyor (REP),Bill Sikkema,REP,"Rose Lake Township, Precinct 1",288
County Surveyor (REP),Write-in,REP,"Rose Lake Township, Precinct 1",0
County Surveyor (REP),Bill Sikkema,REP,"Sherman Township, Precinct 1",167
County Surveyor (REP),Write-in,REP,"Sherman Township, Precinct 1",0
County Surveyor (REP),Bill Sikkema,REP,"Sylvan Township, Precinct 1",103
County Surveyor (REP),Write-in,REP,"Sylvan Township, Precinct 1",0
County Surveyor (REP),Bill Sikkema,REP,"City of Evart, Precinct 1",105
County Surveyor (REP),Write-in,REP,"City of Evart, Precinct 1",0
County Surveyor (REP),Bill Sikkema,REP,"City of Reed City, Precinct 1",204
County Surveyor (REP),Write-in,REP,"City of Reed City, Precinct 1",1
County Commissioner 1st District (REP),Gregory L. Gydesen,REP,"Burdell Township, Precinct 1",93
County Commissioner 1st District (REP),Write-in,REP,"Burdell Township, Precinct 1",0
County Commissioner 1st District (REP),Gregory L. Gydesen,REP,"Leroy Township, Precinct 1",170
County Commissioner 1st District (REP),Write-in,REP,"Leroy Township, Precinct 1",0
County Commissioner 1st District (REP),Gregory L. Gydesen,REP,"Lincoln Township, Precinct 1",196
County Commissioner 1st District (REP),Write-in,REP,"Lincoln Township, Precinct 1",1
County Commissioner 2nd District (REP),Mark Gregory,REP,"Burdell Township, Precinct 1",134
County Commissioner 2nd District (REP),Write-in,REP,"Burdell Township, Precinct 1",2
County Commissioner 2nd District (REP),Mark Gregory,REP,"Rose Lake Township, Precinct 1",289
County Commissioner 2nd District (REP),Write-in,REP,"Rose Lake Township, Precinct 1",1
County Commissioner 2nd District (REP),Mark Gregory,REP,"Sherman Township, Precinct 1",166
County Commissioner 2nd District (REP),Write-in,REP,"Sherman Township, Precinct 1",1
County Commissioner 3rd District (REP),Andrew Scott Faulman,REP,"Hartwick Township, Precinct 1",14
County Commissioner 3rd District (REP),David G. Turner,REP,"Hartwick Township, Precinct 1",40
County Commissioner 3rd District (REP),Write-in,REP,"Hartwick Township, Precinct 1",0
County Commissioner 3rd District (REP),Andrew Scott Faulman,REP,"Highland Township, Precinct 1",60
County Commissioner 3rd District (REP),David G. Turner,REP,"Highland Township, Precinct 1",67
County Commissioner 3rd District (REP),Write-in,REP,"Highland Township, Precinct 1",0
County Commissioner 3rd District (REP),Andrew Scott Faulman,REP,"Marion Township, Precinct 1",97
County Commissioner 3rd District (REP),David G. Turner,REP,"Marion Township, Precinct 1",95
County Commissioner 3rd District (REP),Write-in,REP,"Marion Township, Precinct 1",0
County Commissioner 4th District (REP),Timothy Michell,REP,"Middle Branch Township, Precinct 1",133
County Commissioner 4th District (REP),Write-in,REP,"Middle Branch Township, Precinct 1",3
County Commissioner 4th District (REP),Timothy Michell,REP,"Orient Township, Precinct 1",96
County Commissioner 4th District (REP),Write-in,REP,"Orient Township, Precinct 1",0
County Commissioner 4th District (REP),Timothy Michell,REP,"Osceola Township, Precinct 1",124
County Commissioner 4th District (REP),Write-in,REP,"Osceola Township, Precinct 1",0
County Commissioner 4th District (REP),Timothy Michell,REP,"Sylvan Township, Precinct 1",101
County Commissioner 4th District (REP),Write-in,REP,"Sylvan Township, Precinct 1",0
County Commissioner 5th District (REP),James Custer,REP,"Evart Township, Precinct 1",155
County Commissioner 5th District (REP),Write-in,REP,"Evart Township, Precinct 1",1
County Commissioner 5th District (REP),James Custer,REP,"Osceola Township, Precinct 1",12
County Commissioner 5th District (REP),Write-in,REP,"Osceola Township, Precinct 1",0
County Commissioner 5th District (REP),James Custer,REP,"City of Evart, Precinct 1",105
County Commissioner 5th District (REP),Write-in,REP,"City of Evart, Precinct 1",1
County Commissioner 6th District (REP),Scott Stieg,REP,"Cedar Township, Precinct 1",94
County Commissioner 6th District (REP),Write-in,REP,"Cedar Township, Precinct 1",0
County Commissioner 6th District (REP),Scott Stieg,REP,"Hersey Township, Precinct 1",181
County Commissioner 6th District (REP),Write-in,REP,"Hersey Township, Precinct 1",0
County Commissioner 6th District (REP),Scott Stieg,REP,"Richmond Township, Precinct 1",106
County Commissioner 6th District (REP),Write-in,REP,"Richmond Township, Precinct 1",1
County Commissioner 7th District (REP),Sally Momany,REP,"Richmond Township, Precinct 1",63
County Commissioner 7th District (REP),Russ Nehmer,REP,"Richmond Township, Precinct 1",62
County Commissioner 7th District (REP),David Scharlow,REP,"Richmond Township, Precinct 1",31
County Commissioner 7th District (REP),Write-in,REP,"Richmond Township, Precinct 1",0
County Commissioner 7th District (REP),Sally Momany,REP,"City of Reed City, Precinct 1",67
County Commissioner 7th District (REP),Russ Nehmer,REP,"City of Reed City, Precinct 1",113
County Commissioner 7th District (REP),David Scharlow,REP,"City of Reed City, Precinct 1",44
County Commissioner 7th District (REP),Write-in,REP,"City of Reed City, Precinct 1",0
Burdell Township Supervisor (REP),Dean Molnar,REP,"Burdell Township, Precinct 1",238
Burdell Township Supervisor (REP),Write-in,REP,"Burdell Township, Precinct 1",1
Burdell Township Clerk (REP),Richard S. Dunlap,REP,"Burdell Township, Precinct 1",233
Burdell Township Clerk (REP),Write-in,REP,"Burdell Township, Precinct 1",1
Burdell Township Treasurer (REP),Mary E. Holmes,REP,"Burdell Township, Precinct 1",249
Burdell Township Treasurer (REP),Write-in,REP,"Burdell Township, Precinct 1",0
Burdell Township Trustee (REP),Edward DeWitt III,REP,"Burdell Township, Precinct 1",67
Burdell Township Trustee (REP),Werner Gunthner,REP,"Burdell Township, Precinct 1",72
Burdell Township Trustee (REP),Ted W. Mattson,REP,"Burdell Township, Precinct 1",153
Burdell Township Trustee (REP),Donna Molnar,REP,"Burdell Township, Precinct 1",135
Burdell Township Trustee (REP),Write-in,REP,"Burdell Township, Precinct 1",4
Cedar Township Supervisor (REP),Cynthia Gadbois,REP,"Cedar Township, Precinct 1",78
Cedar Township Supervisor (REP),Loren C. Stieg,REP,"Cedar Township, Precinct 1",43
Cedar Township Supervisor (REP),Write-in,REP,"Cedar Township, Precinct 1",0
Cedar Township Clerk (REP),Mary Clark,REP,"Cedar Township, Precinct 1",101
Cedar Township Clerk (REP),Write-in,REP,"Cedar Township, Precinct 1",0
Cedar Township Treasurer (REP),Heather Battle,REP,"Cedar Township, Precinct 1",101
Cedar Township Treasurer (REP),Write-in,REP,"Cedar Township, Precinct 1",2
Cedar Township Trustee (REP),Kimberly Cool,REP,"Cedar Township, Precinct 1",101
Cedar Township Trustee (REP),Edward Lundborg,REP,"Cedar Township, Precinct 1",72
Cedar Township Trustee (REP),Write-in,REP,"Cedar Township, Precinct 1",0
Evart Township Supervisor (REP),Douglas Derscheid,REP,"Evart Township, Precinct 1",165
Evart Township Supervisor (REP),Write-in,REP,"Evart Township, Precinct 1",0
Evart Township Clerk (REP),Write-in,REP,"Evart Township, Precinct 1",9
Evart Township Treasurer (REP),Martha Y. Hartman,REP,"Evart Township, Precinct 1",165
Evart Township Treasurer (REP),Write-in,REP,"Evart Township, Precinct 1",0
Evart Township Trustee (REP),Chad L. Booher,REP,"Evart Township, Precinct 1",155
Evart Township Trustee (REP),Stephen Campbell,REP,"Evart Township, Precinct 1",134
Evart Township Trustee (REP),Write-in,REP,"Evart Township, Precinct 1",0
Hartwick Township Supervisor (REP),Write-in,REP,"Hartwick Township, Precinct 1",3
Hartwick Township Clerk (REP),Shelley Muczynski,REP,"Hartwick Township, Precinct 1",66
Hartwick Township Clerk (REP),Write-in,REP,"Hartwick Township, Precinct 1",0
Hartwick Township Treasurer (REP),Michael J. Ritzer,REP,"Hartwick Township, Precinct 1",62
Hartwick Township Treasurer (REP),Write-in,REP,"Hartwick Township, Precinct 1",0
Hartwick Township Trustee (REP),Jeffrey Neuman,REP,"Hartwick Township, Precinct 1",58
Hartwick Township Trustee (REP),Larry Reinardy,REP,"Hartwick Township, Precinct 1",42
Hartwick Township Trustee (REP),Write-in,REP,"Hartwick Township, Precinct 1",0
Hersey Township Supervisor (REP),Write-in,REP,"Hersey Township, Precinct 1",20
Hersey Township Clerk (REP),Jennifer Verdi-Stieg,REP,"Hersey Township, Precinct 1",162
Hersey Township Clerk (REP),Write-in,REP,"Hersey Township, Precinct 1",3
Hersey Township Treasurer (REP),Mikhayla Black,REP,"Hersey Township, Precinct 1",173
Hersey Township Treasurer (REP),Write-in,REP,"Hersey Township, Precinct 1",0
Hersey Township Trustee (REP),Diane Leichty,REP,"Hersey Township, Precinct 1",174
Hersey Township Trustee (REP),Write-in,REP,"Hersey Township, Precinct 1",0
Highland Township Supervisor (REP),Derek Wing,REP,"Highland Township, Precinct 1",131
Highland Township Supervisor (REP),Write-in,REP,"Highland Township, Precinct 1",0
Highland Township Clerk (REP),Larissa Avery,REP,"Highland Township, Precinct 1",133
Highland Township Clerk (REP),Write-in,REP,"Highland Township, Precinct 1",0
Highland Township Treasurer (REP),Write-in,REP,"Highland Township, Precinct 1",7
Highland Township Trustee (REP),Jed Avery,REP,"Highland Township, Precinct 1",131
Highland Township Trustee (REP),Write-in,REP,"Highland Township, Precinct 1",0
Leroy Township Supervisor (REP),Anja Wing,REP,"Leroy Township, Precinct 1",166
Leroy Township Supervisor (REP),Write-in,REP,"Leroy Township, Precinct 1",2
Leroy Township Clerk (REP),Stacie Crozier Dvonch,REP,"Leroy Township, Precinct 1",175
Leroy Township Clerk (REP),Write-in,REP,"Leroy Township, Precinct 1",1
Leroy Township Treasurer (REP),Lori Leudeman,REP,"Leroy Township, Precinct 1",181
Leroy Township Treasurer (REP),Write-in,REP,"Leroy Township, Precinct 1",0
Leroy Township Trustee (REP),Dan Cool,REP,"Leroy Township, Precinct 1",105
Leroy Township Trustee (REP),Dale Ruppert,REP,"Leroy Township, Precinct 1",127
Leroy Township Trustee (REP),Patrick H. Sibary,REP,"Leroy Township, Precinct 1",105
Leroy Township Trustee (REP),Write-in,REP,"Leroy Township, Precinct 1",0
Lincoln Township Supervisor (REP),Mark Brock,REP,"Lincoln Township, Precinct 1",196
Lincoln Township Supervisor (REP),Write-in,REP,"Lincoln Township, Precinct 1",2
Lincoln Township Clerk (REP),Sherry Blackrick,REP,"Lincoln Township, Precinct 1",210
Lincoln Township Clerk (REP),Write-in,REP,"Lincoln Township, Precinct 1",1
Lincoln Township Treasurer (REP),Martha Modene,REP,"Lincoln Township, Precinct 1",203
Lincoln Township Treasurer (REP),Write-in,REP,"Lincoln Township, Precinct 1",1
Lincoln Township Trustee (REP),Rachel D. Killingbeck,REP,"Lincoln Township, Precinct 1",103
Lincoln Township Trustee (REP),Linda Lundborg,REP,"Lincoln Township, Precinct 1",45
Lincoln Township Trustee (REP),Nicholas Peffer II,REP,"Lincoln Township, Precinct 1",99
Lincoln Township Trustee (REP),Kathy Yost,REP,"Lincoln Township, Precinct 1",110
Lincoln Township Trustee (REP),Write-in,REP,"Lincoln Township, Precinct 1",1
Marion Township Supervisor (REP),Doug Bontekoe,REP,"Marion Township, Precinct 1",166
Marion Township Supervisor (REP),Write-in,REP,"Marion Township, Precinct 1",4
Marion Township Clerk (REP),Connie Zuiderveen,REP,"Marion Township, Precinct 1",193
Marion Township Clerk (REP),Write-in,REP,"Marion Township, Precinct 1",0
Marion Township Treasurer (REP),Joyce K. Mayle,REP,"Marion Township, Precinct 1",183
Marion Township Treasurer (REP),Write-in,REP,"Marion Township, Precinct 1",0
Marion Township Trustee (REP),Rose Ballew,REP,"Marion Township, Precinct 1",143
Marion Township Trustee (REP),Shannon Carmody,REP,"Marion Township, Precinct 1",144
Marion Township Trustee (REP),Write-in,REP,"Marion Township, Precinct 1",1
Middle Branch Township Supervisor (REP),Don Williams,REP,"Middle Branch Township, Precinct 1",75
Middle Branch Township Supervisor (REP),Glenn Wilson Jr.,REP,"Middle Branch Township, Precinct 1",84
Middle Branch Township Supervisor (REP),Write-in,REP,"Middle Branch Township, Precinct 1",0
Middle Branch Township Clerk (REP),Richielene Beebe,REP,"Middle Branch Township, Precinct 1",145
Middle Branch Township Clerk (REP),Write-in,REP,"Middle Branch Township, Precinct 1",1
Middle Branch Township Treasurer (REP),Robin S. Eisenga,REP,"Middle Branch Township, Precinct 1",73
Middle Branch Township Treasurer (REP),Patricia R. Michell,REP,"Middle Branch Township, Precinct 1",86
Middle Branch Township Treasurer (REP),Write-in,REP,"Middle Branch Township, Precinct 1",0
Middle Branch Township Trustee (REP),Ronald Austin,REP,"Middle Branch Township, Precinct 1",61
Middle Branch Township Trustee (REP),Peggy Ann Hoard,REP,"Middle Branch Township, Precinct 1",118
Middle Branch Township Trustee (REP),Bruce E. Tower,REP,"Middle Branch Township, Precinct 1",106
Middle Branch Township Trustee (REP),Write-in,REP,"Middle Branch Township, Precinct 1",0
Orient Township Supervisor (REP),Matthew Tiedt,REP,"Orient Township, Precinct 1",104
Orient Township Supervisor (REP),Write-in,REP,"Orient Township, Precinct 1",2
Orient Township Clerk (REP),Mark Sochocki,REP,"Orient Township, Precinct 1",102
Orient Township Clerk (REP),Write-in,REP,"Orient Township, Precinct 1",2
Orient Township Treasurer (REP),Cindy Sue Morgan,REP,"Orient Township, Precinct 1",103
Orient Township Treasurer (REP),Write-in,REP,"Orient Township, Precinct 1",2
Orient Township Trustee (REP),Gary V. Earnest,REP,"Orient Township, Precinct 1",85
Orient Township Trustee (REP),Ryan Keathley,REP,"Orient Township, Precinct 1",96
Orient Township Trustee (REP),Write-in,REP,"Orient Township, Precinct 1",4
Osceola Township Supervisor (REP),Timothy Ladd,REP,"Osceola Township, Precinct 1",127
Osceola Township Supervisor (REP),Write-in,REP,"Osceola Township, Precinct 1",11
Osceola Township Clerk (REP),Jennifer Rounds,REP,"Osceola Township, Precinct 1",150
Osceola Township Clerk (REP),Write-in,REP,"Osceola Township, Precinct 1",0
Osceola Township Treasurer (REP),Martin E. Nieman,REP,"Osceola Township, Precinct 1",143
Osceola Township Treasurer (REP),Write-in,REP,"Osceola Township, Precinct 1",1
Osceola Township Trustee (REP),Sherri Bancroft,REP,"Osceola Township, Precinct 1",129
Osceola Township Trustee (REP),Connie R. Holmes,REP,"Osceola Township, Precinct 1",115
Osceola Township Trustee (REP),Write-in,REP,"Osceola Township, Precinct 1",1
Richmond Township Supervisor (REP),Maynard E. Bluhm,REP,"Richmond Township, Precinct 1",257
Richmond Township Supervisor (REP),Write-in,REP,"Richmond Township, Precinct 1",0
Richmond Township Clerk (REP),Linda K. Stieg,REP,"Richmond Township, Precinct 1",266
Richmond Township Clerk (REP),Write-in,REP,"Richmond Township, Precinct 1",0
Richmond Township Treasurer (REP),Carrolin Ruppert,REP,"Richmond Township, Precinct 1",257
Richmond Township Treasurer (REP),Write-in,REP,"Richmond Township, Precinct 1",0
Richmond Township Trustee (REP),Edward Galloup,REP,"Richmond Township, Precinct 1",214
Richmond Township Trustee (REP),John D. Woods,REP,"Richmond Township, Precinct 1",232
Richmond Township Trustee (REP),Write-in,REP,"Richmond Township, Precinct 1",0
Rose Lake Township Supervisor (REP),Morris Langworthy Jr.,REP,"Rose Lake Township, Precinct 1",183
Rose Lake Township Supervisor (REP),Tammy Stoner,REP,"Rose Lake Township, Precinct 1",145
Rose Lake Township Supervisor (REP),Write-in,REP,"Rose Lake Township, Precinct 1",0
Rose Lake Township Clerk (REP),Vicky Schaefer,REP,"Rose Lake Township, Precinct 1",296
Rose Lake Township Clerk (REP),Write-in,REP,"Rose Lake Township, Precinct 1",0
Rose Lake Township Treasurer (REP),Patricia Gregory,REP,"Rose Lake Township, Precinct 1",300
Rose Lake Township Treasurer (REP),Write-in,REP,"Rose Lake Township, Precinct 1",0
Rose Lake Township Trustee (REP),Jerry Cornell,REP,"Rose Lake Township, Precinct 1",146
Rose Lake Township Trustee (REP),Karrie Maes,REP,"Rose Lake Township, Precinct 1",170
Rose Lake Township Trustee (REP),Duey Proctor,REP,"Rose Lake Township, Precinct 1",222
Rose Lake Township Trustee (REP),Write-in,REP,"Rose Lake Township, Precinct 1",1
Sherman Township Supervisor (REP),David Eggle,REP,"Sherman Township, Precinct 1",171
Sherman Township Supervisor (REP),Write-in,REP,"Sherman Township, Precinct 1",0
Sherman Township Clerk (REP),Bethany Bolduc,REP,"Sherman Township, Precinct 1",167
Sherman Township Clerk (REP),Write-in,REP,"Sherman Township, Precinct 1",1
Sherman Township Treasurer (REP),Sharon L. Black,REP,"Sherman Township, Precinct 1",172
Sherman Township Treasurer (REP),Write-in,REP,"Sherman Township, Precinct 1",1
Sherman Township Trustee (REP),Keith G. Calkins,REP,"Sherman Township, Precinct 1",138
Sherman Township Trustee (REP),David P. Johns,REP,"Sherman Township, Precinct 1",134
Sherman Township Trustee (REP),Write-in,REP,"Sherman Township, Precinct 1",0
Sylvan Township Supervisor (REP),Angela Moore,REP,"Sylvan Township, Precinct 1",103
Sylvan Township Supervisor (REP),Write-in,REP,"Sylvan Township, Precinct 1",0
Sylvan Township Clerk (REP),Terry Pritchard,REP,"Sylvan Township, Precinct 1",110
Sylvan Township Clerk (REP),Write-in,REP,"Sylvan Township, Precinct 1",0
Sylvan Township Treasurer (REP),Angela D. Reagan,REP,"Sylvan Township, Precinct 1",108
Sylvan Township Treasurer (REP),Write-in,REP,"Sylvan Township, Precinct 1",0
Sylvan Township Trustee (REP),Jeffrey J. Reagan,REP,"Sylvan Township, Precinct 1",86
Sylvan Township Trustee (REP),Sheila M. Robinson,REP,"Sylvan Township, Precinct 1",87
Sylvan Township Trustee (REP),Write-in,REP,"Sylvan Township, Precinct 1",0
"City of Evart, Precinct 1 Delegate (REP)",Kevinn J. Beemer,REP,"City of Evart, Precinct 1",93
"City of Evart, Precinct 1 Delegate (REP)",Roger Elkins,REP,"City of Evart, Precinct 1",82
"City of Evart, Precinct 1 Delegate (REP)",Write-in,REP,"City of Evart, Precinct 1",0
"City of Reed City, Precinct 1 Delegate (REP)",Write-in,REP,"City of Reed City, Precinct 1",5
"City of Reed City, Precinct 1 Delegate (REP)",Robert Noel Simmons,REP,"City of Reed City, Precinct 1",1
"Burdell Township, Precinct 1 Delegate (REP)",Walter Hartline,REP,"Burdell Township, Precinct 1",204
"Burdell Township, Precinct 1 Delegate (REP)",George L. Millen,REP,"Burdell Township, Precinct 1",169
"Burdell Township, Precinct 1 Delegate (REP)",Laurie J. Millen,REP,"Burdell Township, Precinct 1",167
"Burdell Township, Precinct 1 Delegate (REP)",Write-in,REP,"Burdell Township, Precinct 1",0
"Cedar Township, Precinct 1 Delegate (REP)",Write-in,REP,"Cedar Township, Precinct 1",5
"Evart Township, Precinct 1 Delegate (REP)",Write-in,REP,"Evart Township, Precinct 1",9
"Hartwick Township, Precinct 1 Delegate (REP)",Write-in,REP,"Hartwick Township, Precinct 1",2
"Hartwick Township, Precinct 1 Delegate (REP)",Leisa Mary Ritzer,REP,"Hartwick Township, Precinct 1",1
"Hersey Township, Precinct 1 Delegate (REP)",Karen J. Bluhm,REP,"Hersey Township, Precinct 1",187
"Hersey Township, Precinct 1 Delegate (REP)",Write-in,REP,"Hersey Township, Precinct 1",1
"Highland Township, Precinct 1 Delegate (REP)",Lynn Leslie Rice,REP,"Highland Township, Precinct 1",121
"Highland Township, Precinct 1 Delegate (REP)",Paul Siewinski,REP,"Highland Township, Precinct 1",87
"Highland Township, Precinct 1 Delegate (REP)",Write-in,REP,"Highland Township, Precinct 1",0
"Leroy Township, Precinct 1 Delegate (REP)",Burton H. Dery Jr.,REP,"Leroy Township, Precinct 1",106
"Leroy Township, Precinct 1 Delegate (REP)",James P. Dery,REP,"Leroy Township, Precinct 1",120
"Leroy Township, Precinct 1 Delegate (REP)",Daniel H. Pemberton,REP,"Leroy Township, Precinct 1",122
"Leroy Township, Precinct 1 Delegate (REP)",Write-in,REP,"Leroy Township, Precinct 1",0
"Lincoln Township, Precinct 1 Delegate (REP)",Write-in,REP,"Lincoln Township, Precinct 1",4
"Marion Township, Precinct 1 Delegate (REP)",Daniel L. Williams,REP,"Marion Township, Precinct 1",157
"Marion Township, Precinct 1 Delegate (REP)",Lola G. Williams,REP,"Marion Township, Precinct 1",129
"Marion Township, Precinct 1 Delegate (REP)",Write-in,REP,"Marion Township, Precinct 1",5
"Middle Branch Township, Precinct 1 Delegate (REP)",Peggy A. Hoard,REP,"Middle Branch Township, Precinct 1",141
"Middle Branch Township, Precinct 1 Delegate (REP)",Robert Hoard,REP,"Middle Branch Township, Precinct 1",129
"Middle Branch Township, Precinct 1 Delegate (REP)",Write-in,REP,"Middle Branch Township, Precinct 1",0
"Orient Township, Precinct 1 Delegate (REP)",Alan Tiedt,REP,"Orient Township, Precinct 1",91
"Orient Township, Precinct 1 Delegate (REP)",Patrick A. Tiedt,REP,"Orient Township, Precinct 1",91
"Orient Township, Precinct 1 Delegate (REP)",Write-in,REP,"Orient Township, Precinct 1",1
"Osceola Township, Precinct 1 Delegate (REP)",Write-in,REP,"Osceola Township, Precinct 1",0
"Richmond Township, Precinct 1 Delegate (REP)",Katherine Fleming,REP,"Richmond Township, Precinct 1",222
"Richmond Township, Precinct 1 Delegate (REP)",Patrick Fleming,REP,"Richmond Township, Precinct 1",199
"Richmond Township, Precinct 1 Delegate (REP)",Write-in,REP,"Richmond Township, Precinct 1",5
"Rose Lake Township, Precinct 1 Delegate (REP)",James A. Crawford,REP,"Rose Lake Township, Precinct 1",232
"Rose Lake Township, Precinct 1 Delegate (REP)",Nancy S. Crawford,REP,"Rose Lake Township, Precinct 1",198
"Rose Lake Township, Precinct 1 Delegate (REP)",Sarah Hayes,REP,"Rose Lake Township, Precinct 1",229
"Rose Lake Township, Precinct 1 Delegate (REP)",Write-in,REP,"Rose Lake Township, Precinct 1",0
"Sherman Township, Precinct 1 Delegate (REP)",Write-in,REP,"Sherman Township, Precinct 1",7
"Sylvan Township, Precinct 1 Delegate (REP)",Carol A. Wojcik,REP,"Sylvan Township, Precinct 1",73
"Sylvan Township, Precinct 1 Delegate (REP)",Andrew Wolff,REP,"Sylvan Township, Precinct 1",66
"Sylvan Township, Precinct 1 Delegate (REP)",Dana Wolff,REP,"Sylvan Township, Precinct 1",56
"Sylvan Township, Precinct 1 Delegate (REP)",Write-in,REP,"Sylvan Township, Precinct 1",0
Osceola County Proposition for 9-1-1 Emergency Service System Funding,Yes,,"Burdell Township, Precinct 1",211
Osceola County Proposition for 9-1-1 Emergency Service System Funding,No,,"Burdell Township, Precinct 1",109
Osceola County Proposition for 9-1-1 Emergency Service System Funding,Yes,,"Cedar Township, Precinct 1",110
Osceola County Proposition for 9-1-1 Emergency Service System Funding,No,,"Cedar Township, Precinct 1",40
Osceola County Proposition for 9-1-1 Emergency Service System Funding,Yes,,"Evart Township, Precinct 1",202
Osceola County Proposition for 9-1-1 Emergency Service System Funding,No,,"Evart Township, Precinct 1",70
Osceola County Proposition for 9-1-1 Emergency Service System Funding,Yes,,"Hartwick Township, Precinct 1",59
Osceola County Proposition for 9-1-1 Emergency Service System Funding,No,,"Hartwick Township, Precinct 1",30
Osceola County Proposition for 9-1-1 Emergency Service System Funding,Yes,,"Hersey Township, Precinct 1",208
Osceola County Proposition for 9-1-1 Emergency Service System Funding,No,,"Hersey Township, Precinct 1",80
Osceola County Proposition for 9-1-1 Emergency Service System Funding,Yes,,"Highland Township, Precinct 1",108
Osceola County Proposition for 9-1-1 Emergency Service System Funding,No,,"Highland Township, Precinct 1",52
Osceola County Proposition for 9-1-1 Emergency Service System Funding,Yes,,"Leroy Township, Precinct 1",193
Osceola County Proposition for 9-1-1 Emergency Service System Funding,No,,"Leroy Township, Precinct 1",69
Osceola County Proposition for 9-1-1 Emergency Service System Funding,Yes,,"Lincoln Township, Precinct 1",209
Osceola County Proposition for 9-1-1 Emergency Service System Funding,No,,"Lincoln Township, Precinct 1",75
Osceola County Proposition for 9-1-1 Emergency Service System Funding,Yes,,"Marion Township, Precinct 1",180
Osceola County Proposition for 9-1-1 Emergency Service System Funding,No,,"Marion Township, Precinct 1",85
Osceola County Proposition for 9-1-1 Emergency Service System Funding,Yes,,"Middle Branch Township, Precinct 1",141
Osceola County Proposition for 9-1-1 Emergency Service System Funding,No,,"Middle Branch Township, Precinct 1",54
Osceola County Proposition for 9-1-1 Emergency Service System Funding,Yes,,"Orient Township, Precinct 1",93
Osceola County Proposition for 9-1-1 Emergency Service System Funding,No,,"Orient Township, Precinct 1",50
Osceola County Proposition for 9-1-1 Emergency Service System Funding,Yes,,"Osceola Township, Precinct 1",125
Osceola County Proposition for 9-1-1 Emergency Service System Funding,No,,"Osceola Township, Precinct 1",78
Osceola County Proposition for 9-1-1 Emergency Service System Funding,Yes,,"Richmond Township, Precinct 1",276
Osceola County Proposition for 9-1-1 Emergency Service System Funding,No,,"Richmond Township, Precinct 1",106
Osceola County Proposition for 9-1-1 Emergency Service System Funding,Yes,,"Rose Lake Township, Precinct 1",262
Osceola County Proposition for 9-1-1 Emergency Service System Funding,No,,"Rose Lake Township, Precinct 1",124
Osceola County Proposition for 9-1-1 Emergency Service System Funding,Yes,,"Sherman Township, Precinct 1",180
Osceola County Proposition for 9-1-1 Emergency Service System Funding,No,,"Sherman Township, Precinct 1",50
Osceola County Proposition for 9-1-1 Emergency Service System Funding,Yes,,"Sylvan Township, Precinct 1",91
Osceola County Proposition for 9-1-1 Emergency Service System Funding,No,,"Sylvan Township, Precinct 1",72
Osceola County Proposition for 9-1-1 Emergency Service System Funding,Yes,,"City of Evart, Precinct 1",129
Osceola County Proposition for 9-1-1 Emergency Service System Funding,No,,"City of Evart, Precinct 1",53
Osceola County Proposition for 9-1-1 Emergency Service System Funding,Yes,,"City of Reed City, Precinct 1",294
Osceola County Proposition for 9-1-1 Emergency Service System Funding,No,,"City of Reed City, Precinct 1",60
Osceola County Senior Citizens Services Millage Proposal,Yes,,"Burdell Township, Precinct 1",181
Osceola County Senior Citizens Services Millage Proposal,No,,"Burdell Township, Precinct 1",139
Osceola County Senior Citizens Services Millage Proposal,Yes,,"Cedar Township, Precinct 1",102
Osceola County Senior Citizens Services Millage Proposal,No,,"Cedar Township, Precinct 1",45
Osceola County Senior Citizens Services Millage Proposal,Yes,,"Evart Township, Precinct 1",164
Osceola County Senior Citizens Services Millage Proposal,No,,"Evart Township, Precinct 1",107
Osceola County Senior Citizens Services Millage Proposal,Yes,,"Hartwick Township, Precinct 1",64
Osceola County Senior Citizens Services Millage Proposal,No,,"Hartwick Township, Precinct 1",25
Osceola County Senior Citizens Services Millage Proposal,Yes,,"Hersey Township, Precinct 1",205
Osceola County Senior Citizens Services Millage Proposal,No,,"Hersey Township, Precinct 1",83
Osceola County Senior Citizens Services Millage Proposal,Yes,,"Highland Township, Precinct 1",98
Osceola County Senior Citizens Services Millage Proposal,No,,"Highland Township, Precinct 1",61
Osceola County Senior Citizens Services Millage Proposal,Yes,,"Leroy Township, Precinct 1",178
Osceola County Senior Citizens Services Millage Proposal,No,,"Leroy Township, Precinct 1",84
Osceola County Senior Citizens Services Millage Proposal,Yes,,"Lincoln Township, Precinct 1",191
Osceola County Senior Citizens Services Millage Proposal,No,,"Lincoln Township, Precinct 1",89
Osceola County Senior Citizens Services Millage Proposal,Yes,,"Marion Township, Precinct 1",160
Osceola County Senior Citizens Services Millage Proposal,No,,"Marion Township, Precinct 1",106
Osceola County Senior Citizens Services Millage Proposal,Yes,,"Middle Branch Township, Precinct 1",108
Osceola County Senior Citizens Services Millage Proposal,No,,"Middle Branch Township, Precinct 1",87
Osceola County Senior Citizens Services Millage Proposal,Yes,,"Orient Township, Precinct 1",85
Osceola County Senior Citizens Services Millage Proposal,No,,"Orient Township, Precinct 1",58
Osceola County Senior Citizens Services Millage Proposal,Yes,,"Osceola Township, Precinct 1",118
Osceola County Senior Citizens Services Millage Proposal,No,,"Osceola Township, Precinct 1",85
Osceola County Senior Citizens Services Millage Proposal,Yes,,"Richmond Township, Precinct 1",258
Osceola County Senior Citizens Services Millage Proposal,No,,"Richmond Township, Precinct 1",123
Osceola County Senior Citizens Services Millage Proposal,Yes,,"Rose Lake Township, Precinct 1",226
Osceola County Senior Citizens Services Millage Proposal,No,,"Rose Lake Township, Precinct 1",160
Osceola County Senior Citizens Services Millage Proposal,Yes,,"Sherman Township, Precinct 1",150
Osceola County Senior Citizens Services Millage Proposal,No,,"Sherman Township, Precinct 1",78
Osceola County Senior Citizens Services Millage Proposal,Yes,,"Sylvan Township, Precinct 1",88
Osceola County Senior Citizens Services Millage Proposal,No,,"Sylvan Township, Precinct 1",77
Osceola County Senior Citizens Services Millage Proposal,Yes,,"City of Evart, Precinct 1",126
Osceola County Senior Citizens Services Millage Proposal,No,,"City of Evart, Precinct 1",56
Osceola County Senior Citizens Services Millage Proposal,Yes,,"City of Reed City, Precinct 1",268
Osceola County Senior Citizens Services Millage Proposal,No,,"City of Reed City, Precinct 1",86
Cedar Township Road Millage Renewal,Yes,,"Cedar Township, Precinct 1",112
Cedar Township Road Millage Renewal,No,,"Cedar Township, Precinct 1",37
Leroy Township Renewal of Road Maintenance & Improvement Millage,Yes,,"Leroy Township, Precinct 1",176
Leroy Township Renewal of Road Maintenance & Improvement Millage,No,,"Leroy Township, Precinct 1",86
Marion Township Road Millage,Yes,,"Marion Township, Precinct 1",142
Marion Township Road Millage,No,,"Marion Township, Precinct 1",124
Middle Branch Township Millage Proposal,Yes,,"Middle Branch Township, Precinct 1",136
Middle Branch Township Millage Proposal,No,,"Middle Branch Township, Precinct 1",60
Orient Township Millage for Maintenance of Township Roads,Yes,,"Orient Township, Precinct 1",91
Orient Township Millage for Maintenance of Township Roads,No,,"Orient Township, Precinct 1",54
Osceola Township Millage Renewal Road Improvement and Maintenance,Yes,,"Osceola Township, Precinct 1",124
Osceola Township Millage Renewal Road Improvement and Maintenance,No,,"Osceola Township, Precinct 1",80
Sherman Township Road Millage,Yes,,"Sherman Township, Precinct 1",148
Sherman Township Road Millage,No,,"Sherman Township, Precinct 1",79
Pine River Area Schools Bond Proposal,Yes,,"Burdell Township, Precinct 1",188
Pine River Area Schools Bond Proposal,No,,"Burdell Township, Precinct 1",133
Pine River Area Schools Bond Proposal,Yes,,"Cedar Township, Precinct 1",39
Pine River Area Schools Bond Proposal,No,,"Cedar Township, Precinct 1",30
Pine River Area Schools Bond Proposal,Yes,,"Hartwick Township, Precinct 1",7
Pine River Area Schools Bond Proposal,No,,"Hartwick Township, Precinct 1",0
Pine River Area Schools Bond Proposal,Yes,,"Leroy Township, Precinct 1",166
Pine River Area Schools Bond Proposal,No,,"Leroy Township, Precinct 1",84
Pine River Area Schools Bond Proposal,Yes,,"Lincoln Township, Precinct 1",52
Pine River Area Schools Bond Proposal,No,,"Lincoln Township, Precinct 1",62
Pine River Area Schools Bond Proposal,Yes,,"Rose Lake Township, Precinct 1",204
Pine River Area Schools Bond Proposal,No,,"Rose Lake Township, Precinct 1",175
Pine River Area Schools Bond Proposal,Yes,,"Sherman Township, Precinct 1",106
Pine River Area Schools Bond Proposal,No,,"Sherman Township, Precinct 1",59
Pine River Area Schools Bond Proposal,Yes,,Cherry Grove Township (Wexford County),4
Pine River Area Schools Bond Proposal,No,,Cherry Grove Township (Wexford County),3
Pine River Area Schools Bond Proposal,Yes,,Clam Lake Township (Wexford County),7
Pine River Area Schools Bond Proposal,No,,Clam Lake Township (Wexford County),5
Pine River Area Schools Bond Proposal,Yes,,Dover Township (Lake County),51
Pine River Area Schools Bond Proposal,No,,Dover Township (Lake County),39
Pine River Area Schools Bond Proposal,Yes,,Ellsworth Township (Lake County),122
Pine River Area Schools Bond Proposal,No,,Ellsworth Township (Lake County),100
Pine River Area Schools Bond Proposal,Yes,,Newkirk Township (Lake County),87
Pine River Area Schools Bond Proposal,No,,Newkirk Township (Lake County),54
Pine River Area Schools Bond Proposal,Yes,,Pinora Township (Lake County),23
Pine River Area Schools Bond Proposal,No,,Pinora Township (Lake County),24
Reed City District Library Library Millage Renewal Proposal,Yes,,"Lincoln Township, Precinct 1",170
Reed City District Library Library Millage Renewal Proposal,No,,"Lincoln Township, Precinct 1",116
Reed City District Library Library Millage Renewal Proposal,Yes,,"Richmond Township, Precinct 1",253
Reed City District Library Library Millage Renewal Proposal,No,,"Richmond Township, Precinct 1",128
Reed City District Library Library Millage Renewal Proposal,Yes,,"City of Reed City, Precinct 1",265
Reed City District Library Library Millage Renewal Proposal,No,,"City of Reed City, Precinct 1",89
Marion Area District Library Library Millage Proposal,Yes,,"Marion Township, Precinct 1",135
Marion Area District Library Library Millage Proposal,No,,"Marion Township, Precinct 1",105
