Contest,Candidate,Party,Precinct,Votes
Governor for State (DEM),Gretchen Whitmer,,Broomfield Township Precinct 1,95
Governor for State (DEM),Write-In (WRITE-IN),,Broomfield Township Precinct 1,0
Governor for State (DEM),Gretchen Whitmer,,Chippewa Township Precinct 1,145
Governor for State (DEM),Write-In (WRITE-IN),,Chippewa Township Precinct 1,1
Governor for State (DEM),Gretchen Whitmer,,Chippewa Township Precinct 2,87
Governor for State (DEM),Write-In (WRITE-IN),,Chippewa Township Precinct 2,0
Governor for State (DEM),Gretchen Whitmer,,City of Clare Precinct 1,0
Governor for State (DEM),Write-In (WRITE-IN),,City of Clare Precinct 1,0
Governor for State (DEM),Gretchen Whitmer,,City of Mt. Pleasant Precinct 1,183
Governor for State (DEM),Write-In (WRITE-IN),,City of Mt. Pleasant Precinct 1,0
Governor for State (DEM),Gretchen Whitmer,,City of Mt. Pleasant Precinct 2,285
Governor for State (DEM),Write-In (WRITE-IN),,City of Mt. Pleasant Precinct 2,1
Governor for State (DEM),Gretchen Whitmer,,City of Mt. Pleasant Precinct 3,362
Governor for State (DEM),Write-In (WRITE-IN),,City of Mt. Pleasant Precinct 3,0
Governor for State (DEM),Gretchen Whitmer,,City of Mt. Pleasant Precinct 4,205
Governor for State (DEM),Write-In (WRITE-IN),,City of Mt. Pleasant Precinct 4,0
Governor for State (DEM),Gretchen Whitmer,,City of Mt. Pleasant Precinct 5,281
Governor for State (DEM),Write-In (WRITE-IN),,City of Mt. Pleasant Precinct 5,0
Governor for State (DEM),Gretchen Whitmer,,Coe Township Precinct 1,101
Governor for State (DEM),Write-In (WRITE-IN),,Coe Township Precinct 1,1
Governor for State (DEM),Gretchen Whitmer,,Coe Township Precinct 2,86
Governor for State (DEM),Write-In (WRITE-IN),,Coe Township Precinct 2,0
Governor for State (DEM),Gretchen Whitmer,,Coldwater Township Precinct 1,31
Governor for State (DEM),Write-In (WRITE-IN),,Coldwater Township Precinct 1,0
Governor for State (DEM),Gretchen Whitmer,,Deerfield Township Precinct 1,187
Governor for State (DEM),Write-In (WRITE-IN),,Deerfield Township Precinct 1,0
Governor for State (DEM),Gretchen Whitmer,,Deerfield Township Precinct 2,64
Governor for State (DEM),Write-In (WRITE-IN),,Deerfield Township Precinct 2,0
Governor for State (DEM),Gretchen Whitmer,,Denver Township Precinct 1,42
Governor for State (DEM),Write-In (WRITE-IN),,Denver Township Precinct 1,0
Governor for State (DEM),Gretchen Whitmer,,Fremont Township Precinct 1,62
Governor for State (DEM),Write-In (WRITE-IN),,Fremont Township Precinct 1,0
Governor for State (DEM),Gretchen Whitmer,,Gilmore Township Precinct 1,70
Governor for State (DEM),Write-In (WRITE-IN),,Gilmore Township Precinct 1,0
Governor for State (DEM),Gretchen Whitmer,,Isabella Township Precinct 1,139
Governor for State (DEM),Write-In (WRITE-IN),,Isabella Township Precinct 1,0
Governor for State (DEM),Gretchen Whitmer,,Lincoln Township Precinct 1,108
Governor for State (DEM),Write-In (WRITE-IN),,Lincoln Township Precinct 1,0
Governor for State (DEM),Gretchen Whitmer,,Nottawa Township Precinct 1,104
Governor for State (DEM),Write-In (WRITE-IN),,Nottawa Township Precinct 1,0
Governor for State (DEM),Gretchen Whitmer,,Rolland Township Precinct 1,62
Governor for State (DEM),Write-In (WRITE-IN),,Rolland Township Precinct 1,0
Governor for State (DEM),Gretchen Whitmer,,Sherman Township Precinct 1,85
Governor for State (DEM),Write-In (WRITE-IN),,Sherman Township Precinct 1,0
Governor for State (DEM),Gretchen Whitmer,,Sherman Township Precinct 2,81
Governor for State (DEM),Write-In (WRITE-IN),,Sherman Township Precinct 2,0
Governor for State (DEM),Gretchen Whitmer,,Union Charter Township Precinct 1,204
Governor for State (DEM),Write-In (WRITE-IN),,Union Charter Township Precinct 1,0
Governor for State (DEM),Gretchen Whitmer,,Union Charter Township Precinct 2,206
Governor for State (DEM),Write-In (WRITE-IN),,Union Charter Township Precinct 2,1
Governor for State (DEM),Gretchen Whitmer,,Union Charter Township Precinct 3,161
Governor for State (DEM),Write-In (WRITE-IN),,Union Charter Township Precinct 3,0
Governor for State (DEM),Gretchen Whitmer,,Vernon Township Precinct 1,55
Governor for State (DEM),Write-In (WRITE-IN),,Vernon Township Precinct 1,0
Governor for State (DEM),Gretchen Whitmer,,Wise Township Precinct 1,64
Governor for State (DEM),Write-In (WRITE-IN),,Wise Township Precinct 1,0
Representative in Congress 2nd District (DEM),Jerry Hilliard,,Broomfield Township Precinct 1,91
Representative in Congress 2nd District (DEM),Write-In (WRITE-IN),,Broomfield Township Precinct 1,0
Representative in Congress 2nd District (DEM),Jerry Hilliard,,Chippewa Township Precinct 1,139
Representative in Congress 2nd District (DEM),Write-In (WRITE-IN),,Chippewa Township Precinct 1,1
Representative in Congress 2nd District (DEM),Jerry Hilliard,,Chippewa Township Precinct 2,83
Representative in Congress 2nd District (DEM),Write-In (WRITE-IN),,Chippewa Township Precinct 2,0
Representative in Congress 2nd District (DEM),Jerry Hilliard,,City of Clare Precinct 1,0
Representative in Congress 2nd District (DEM),Write-In (WRITE-IN),,City of Clare Precinct 1,0
Representative in Congress 2nd District (DEM),Jerry Hilliard,,City of Mt. Pleasant Precinct 1,182
Representative in Congress 2nd District (DEM),Write-In (WRITE-IN),,City of Mt. Pleasant Precinct 1,0
Representative in Congress 2nd District (DEM),Jerry Hilliard,,City of Mt. Pleasant Precinct 2,275
Representative in Congress 2nd District (DEM),Write-In (WRITE-IN),,City of Mt. Pleasant Precinct 2,2
Representative in Congress 2nd District (DEM),Jerry Hilliard,,City of Mt. Pleasant Precinct 3,348
Representative in Congress 2nd District (DEM),Write-In (WRITE-IN),,City of Mt. Pleasant Precinct 3,1
Representative in Congress 2nd District (DEM),Jerry Hilliard,,City of Mt. Pleasant Precinct 4,201
Representative in Congress 2nd District (DEM),Write-In (WRITE-IN),,City of Mt. Pleasant Precinct 4,1
Representative in Congress 2nd District (DEM),Jerry Hilliard,,City of Mt. Pleasant Precinct 5,271
Representative in Congress 2nd District (DEM),Write-In (WRITE-IN),,City of Mt. Pleasant Precinct 5,1
Representative in Congress 2nd District (DEM),Jerry Hilliard,,Coe Township Precinct 1,97
Representative in Congress 2nd District (DEM),Write-In (WRITE-IN),,Coe Township Precinct 1,2
Representative in Congress 2nd District (DEM),Jerry Hilliard,,Coe Township Precinct 2,82
Representative in Congress 2nd District (DEM),Write-In (WRITE-IN),,Coe Township Precinct 2,0
Representative in Congress 2nd District (DEM),Jerry Hilliard,,Coldwater Township Precinct 1,30
Representative in Congress 2nd District (DEM),Write-In (WRITE-IN),,Coldwater Township Precinct 1,0
Representative in Congress 2nd District (DEM),Jerry Hilliard,,Deerfield Township Precinct 1,184
Representative in Congress 2nd District (DEM),Write-In (WRITE-IN),,Deerfield Township Precinct 1,0
Representative in Congress 2nd District (DEM),Jerry Hilliard,,Deerfield Township Precinct 2,62
Representative in Congress 2nd District (DEM),Write-In (WRITE-IN),,Deerfield Township Precinct 2,0
Representative in Congress 2nd District (DEM),Jerry Hilliard,,Denver Township Precinct 1,42
Representative in Congress 2nd District (DEM),Write-In (WRITE-IN),,Denver Township Precinct 1,0
Representative in Congress 2nd District (DEM),Jerry Hilliard,,Fremont Township Precinct 1,61
Representative in Congress 2nd District (DEM),Write-In (WRITE-IN),,Fremont Township Precinct 1,0
Representative in Congress 2nd District (DEM),Jerry Hilliard,,Gilmore Township Precinct 1,64
Representative in Congress 2nd District (DEM),Write-In (WRITE-IN),,Gilmore Township Precinct 1,0
Representative in Congress 2nd District (DEM),Jerry Hilliard,,Isabella Township Precinct 1,137
Representative in Congress 2nd District (DEM),Write-In (WRITE-IN),,Isabella Township Precinct 1,0
Representative in Congress 2nd District (DEM),Jerry Hilliard,,Lincoln Township Precinct 1,105
Representative in Congress 2nd District (DEM),Write-In (WRITE-IN),,Lincoln Township Precinct 1,0
Representative in Congress 2nd District (DEM),Jerry Hilliard,,Nottawa Township Precinct 1,95
Representative in Congress 2nd District (DEM),Write-In (WRITE-IN),,Nottawa Township Precinct 1,0
Representative in Congress 2nd District (DEM),Jerry Hilliard,,Rolland Township Precinct 1,60
Representative in Congress 2nd District (DEM),Write-In (WRITE-IN),,Rolland Township Precinct 1,0
Representative in Congress 2nd District (DEM),Jerry Hilliard,,Sherman Township Precinct 1,85
Representative in Congress 2nd District (DEM),Write-In (WRITE-IN),,Sherman Township Precinct 1,0
Representative in Congress 2nd District (DEM),Jerry Hilliard,,Sherman Township Precinct 2,80
Representative in Congress 2nd District (DEM),Write-In (WRITE-IN),,Sherman Township Precinct 2,0
Representative in Congress 2nd District (DEM),Jerry Hilliard,,Union Charter Township Precinct 1,198
Representative in Congress 2nd District (DEM),Write-In (WRITE-IN),,Union Charter Township Precinct 1,0
Representative in Congress 2nd District (DEM),Jerry Hilliard,,Union Charter Township Precinct 2,198
Representative in Congress 2nd District (DEM),Write-In (WRITE-IN),,Union Charter Township Precinct 2,0
Representative in Congress 2nd District (DEM),Jerry Hilliard,,Union Charter Township Precinct 3,152
Representative in Congress 2nd District (DEM),Write-In (WRITE-IN),,Union Charter Township Precinct 3,0
Representative in Congress 2nd District (DEM),Jerry Hilliard,,Vernon Township Precinct 1,53
Representative in Congress 2nd District (DEM),Write-In (WRITE-IN),,Vernon Township Precinct 1,0
Representative in Congress 2nd District (DEM),Jerry Hilliard,,Wise Township Precinct 1,61
Representative in Congress 2nd District (DEM),Write-In (WRITE-IN),,Wise Township Precinct 1,0
State Senator 34th District (DEM),Christine Gerace,,Broomfield Township Precinct 1,89
State Senator 34th District (DEM),Write-In (WRITE-IN),,Broomfield Township Precinct 1,0
State Senator 34th District (DEM),Christine Gerace,,Chippewa Township Precinct 1,137
State Senator 34th District (DEM),Write-In (WRITE-IN),,Chippewa Township Precinct 1,0
State Senator 34th District (DEM),Christine Gerace,,Chippewa Township Precinct 2,83
State Senator 34th District (DEM),Write-In (WRITE-IN),,Chippewa Township Precinct 2,0
State Senator 34th District (DEM),Christine Gerace,,City of Clare Precinct 1,0
State Senator 34th District (DEM),Write-In (WRITE-IN),,City of Clare Precinct 1,0
State Senator 34th District (DEM),Christine Gerace,,City of Mt. Pleasant Precinct 1,180
State Senator 34th District (DEM),Write-In (WRITE-IN),,City of Mt. Pleasant Precinct 1,0
State Senator 34th District (DEM),Christine Gerace,,City of Mt. Pleasant Precinct 2,277
State Senator 34th District (DEM),Write-In (WRITE-IN),,City of Mt. Pleasant Precinct 2,0
State Senator 34th District (DEM),Christine Gerace,,City of Mt. Pleasant Precinct 3,349
State Senator 34th District (DEM),Write-In (WRITE-IN),,City of Mt. Pleasant Precinct 3,0
State Senator 34th District (DEM),Christine Gerace,,City of Mt. Pleasant Precinct 4,201
State Senator 34th District (DEM),Write-In (WRITE-IN),,City of Mt. Pleasant Precinct 4,0
State Senator 34th District (DEM),Christine Gerace,,City of Mt. Pleasant Precinct 5,271
State Senator 34th District (DEM),Write-In (WRITE-IN),,City of Mt. Pleasant Precinct 5,0
State Senator 34th District (DEM),Christine Gerace,,Coe Township Precinct 1,97
State Senator 34th District (DEM),Write-In (WRITE-IN),,Coe Township Precinct 1,2
State Senator 34th District (DEM),Christine Gerace,,Coe Township Precinct 2,82
State Senator 34th District (DEM),Write-In (WRITE-IN),,Coe Township Precinct 2,0
State Senator 34th District (DEM),Christine Gerace,,Coldwater Township Precinct 1,30
State Senator 34th District (DEM),Write-In (WRITE-IN),,Coldwater Township Precinct 1,0
State Senator 34th District (DEM),Christine Gerace,,Deerfield Township Precinct 1,183
State Senator 34th District (DEM),Write-In (WRITE-IN),,Deerfield Township Precinct 1,0
State Senator 34th District (DEM),Christine Gerace,,Deerfield Township Precinct 2,62
State Senator 34th District (DEM),Write-In (WRITE-IN),,Deerfield Township Precinct 2,0
State Senator 34th District (DEM),Christine Gerace,,Denver Township Precinct 1,42
State Senator 34th District (DEM),Write-In (WRITE-IN),,Denver Township Precinct 1,0
State Senator 34th District (DEM),Christine Gerace,,Fremont Township Precinct 1,59
State Senator 34th District (DEM),Write-In (WRITE-IN),,Fremont Township Precinct 1,0
State Senator 34th District (DEM),Christine Gerace,,Gilmore Township Precinct 1,63
State Senator 34th District (DEM),Write-In (WRITE-IN),,Gilmore Township Precinct 1,0
State Senator 34th District (DEM),Christine Gerace,,Isabella Township Precinct 1,138
State Senator 34th District (DEM),Write-In (WRITE-IN),,Isabella Township Precinct 1,0
State Senator 34th District (DEM),Christine Gerace,,Lincoln Township Precinct 1,104
State Senator 34th District (DEM),Write-In (WRITE-IN),,Lincoln Township Precinct 1,0
State Senator 34th District (DEM),Christine Gerace,,Nottawa Township Precinct 1,93
State Senator 34th District (DEM),Write-In (WRITE-IN),,Nottawa Township Precinct 1,0
State Senator 34th District (DEM),Christine Gerace,,Rolland Township Precinct 1,61
State Senator 34th District (DEM),Write-In (WRITE-IN),,Rolland Township Precinct 1,0
State Senator 34th District (DEM),Christine Gerace,,Sherman Township Precinct 1,83
State Senator 34th District (DEM),Write-In (WRITE-IN),,Sherman Township Precinct 1,0
State Senator 34th District (DEM),Christine Gerace,,Sherman Township Precinct 2,80
State Senator 34th District (DEM),Write-In (WRITE-IN),,Sherman Township Precinct 2,0
State Senator 34th District (DEM),Christine Gerace,,Union Charter Township Precinct 1,196
State Senator 34th District (DEM),Write-In (WRITE-IN),,Union Charter Township Precinct 1,0
State Senator 34th District (DEM),Christine Gerace,,Union Charter Township Precinct 2,200
State Senator 34th District (DEM),Write-In (WRITE-IN),,Union Charter Township Precinct 2,0
State Senator 34th District (DEM),Christine Gerace,,Union Charter Township Precinct 3,153
State Senator 34th District (DEM),Write-In (WRITE-IN),,Union Charter Township Precinct 3,0
State Senator 34th District (DEM),Christine Gerace,,Vernon Township Precinct 1,54
State Senator 34th District (DEM),Write-In (WRITE-IN),,Vernon Township Precinct 1,0
State Senator 34th District (DEM),Christine Gerace,,Wise Township Precinct 1,61
State Senator 34th District (DEM),Write-In (WRITE-IN),,Wise Township Precinct 1,0
Rep in State Legislature 92nd District (DEM),Anthony D. Feig,,Broomfield Township Precinct 1,89
Rep in State Legislature 92nd District (DEM),Write-In (WRITE-IN),,Broomfield Township Precinct 1,0
Rep in State Legislature 92nd District (DEM),Anthony D. Feig,,Chippewa Township Precinct 1,136
Rep in State Legislature 92nd District (DEM),Write-In (WRITE-IN),,Chippewa Township Precinct 1,0
Rep in State Legislature 92nd District (DEM),Anthony D. Feig,,Chippewa Township Precinct 2,83
Rep in State Legislature 92nd District (DEM),Write-In (WRITE-IN),,Chippewa Township Precinct 2,0
Rep in State Legislature 92nd District (DEM),Anthony D. Feig,,City of Clare Precinct 1,0
Rep in State Legislature 92nd District (DEM),Write-In (WRITE-IN),,City of Clare Precinct 1,0
Rep in State Legislature 92nd District (DEM),Anthony D. Feig,,City of Mt. Pleasant Precinct 1,180
Rep in State Legislature 92nd District (DEM),Write-In (WRITE-IN),,City of Mt. Pleasant Precinct 1,0
Rep in State Legislature 92nd District (DEM),Anthony D. Feig,,City of Mt. Pleasant Precinct 2,278
Rep in State Legislature 92nd District (DEM),Write-In (WRITE-IN),,City of Mt. Pleasant Precinct 2,2
Rep in State Legislature 92nd District (DEM),Anthony D. Feig,,City of Mt. Pleasant Precinct 3,350
Rep in State Legislature 92nd District (DEM),Write-In (WRITE-IN),,City of Mt. Pleasant Precinct 3,0
Rep in State Legislature 92nd District (DEM),Anthony D. Feig,,City of Mt. Pleasant Precinct 4,200
Rep in State Legislature 92nd District (DEM),Write-In (WRITE-IN),,City of Mt. Pleasant Precinct 4,0
Rep in State Legislature 92nd District (DEM),Anthony D. Feig,,City of Mt. Pleasant Precinct 5,270
Rep in State Legislature 92nd District (DEM),Write-In (WRITE-IN),,City of Mt. Pleasant Precinct 5,1
Rep in State Legislature 92nd District (DEM),Anthony D. Feig,,Coe Township Precinct 1,97
Rep in State Legislature 92nd District (DEM),Write-In (WRITE-IN),,Coe Township Precinct 1,2
Rep in State Legislature 92nd District (DEM),Anthony D. Feig,,Coe Township Precinct 2,80
Rep in State Legislature 92nd District (DEM),Write-In (WRITE-IN),,Coe Township Precinct 2,0
Rep in State Legislature 92nd District (DEM),Anthony D. Feig,,Coldwater Township Precinct 1,30
Rep in State Legislature 92nd District (DEM),Write-In (WRITE-IN),,Coldwater Township Precinct 1,0
Rep in State Legislature 92nd District (DEM),Anthony D. Feig,,Deerfield Township Precinct 1,179
Rep in State Legislature 92nd District (DEM),Write-In (WRITE-IN),,Deerfield Township Precinct 1,0
Rep in State Legislature 92nd District (DEM),Anthony D. Feig,,Deerfield Township Precinct 2,60
Rep in State Legislature 92nd District (DEM),Write-In (WRITE-IN),,Deerfield Township Precinct 2,0
Rep in State Legislature 92nd District (DEM),Anthony D. Feig,,Denver Township Precinct 1,41
Rep in State Legislature 92nd District (DEM),Write-In (WRITE-IN),,Denver Township Precinct 1,0
Rep in State Legislature 92nd District (DEM),Anthony D. Feig,,Fremont Township Precinct 1,60
Rep in State Legislature 92nd District (DEM),Write-In (WRITE-IN),,Fremont Township Precinct 1,0
Rep in State Legislature 92nd District (DEM),Anthony D. Feig,,Gilmore Township Precinct 1,64
Rep in State Legislature 92nd District (DEM),Write-In (WRITE-IN),,Gilmore Township Precinct 1,0
Rep in State Legislature 92nd District (DEM),Anthony D. Feig,,Isabella Township Precinct 1,138
Rep in State Legislature 92nd District (DEM),Write-In (WRITE-IN),,Isabella Township Precinct 1,0
Rep in State Legislature 92nd District (DEM),Anthony D. Feig,,Lincoln Township Precinct 1,104
Rep in State Legislature 92nd District (DEM),Write-In (WRITE-IN),,Lincoln Township Precinct 1,0
Rep in State Legislature 92nd District (DEM),Anthony D. Feig,,Nottawa Township Precinct 1,92
Rep in State Legislature 92nd District (DEM),Write-In (WRITE-IN),,Nottawa Township Precinct 1,0
Rep in State Legislature 92nd District (DEM),Anthony D. Feig,,Rolland Township Precinct 1,59
Rep in State Legislature 92nd District (DEM),Write-In (WRITE-IN),,Rolland Township Precinct 1,0
Rep in State Legislature 92nd District (DEM),Anthony D. Feig,,Sherman Township Precinct 1,82
Rep in State Legislature 92nd District (DEM),Write-In (WRITE-IN),,Sherman Township Precinct 1,0
Rep in State Legislature 92nd District (DEM),Anthony D. Feig,,Sherman Township Precinct 2,80
Rep in State Legislature 92nd District (DEM),Write-In (WRITE-IN),,Sherman Township Precinct 2,0
Rep in State Legislature 92nd District (DEM),Anthony D. Feig,,Union Charter Township Precinct 1,197
Rep in State Legislature 92nd District (DEM),Write-In (WRITE-IN),,Union Charter Township Precinct 1,0
Rep in State Legislature 92nd District (DEM),Anthony D. Feig,,Union Charter Township Precinct 2,199
Rep in State Legislature 92nd District (DEM),Write-In (WRITE-IN),,Union Charter Township Precinct 2,1
Rep in State Legislature 92nd District (DEM),Anthony D. Feig,,Union Charter Township Precinct 3,152
Rep in State Legislature 92nd District (DEM),Write-In (WRITE-IN),,Union Charter Township Precinct 3,0
Rep in State Legislature 92nd District (DEM),Anthony D. Feig,,Vernon Township Precinct 1,54
Rep in State Legislature 92nd District (DEM),Write-In (WRITE-IN),,Vernon Township Precinct 1,0
Rep in State Legislature 92nd District (DEM),Anthony D. Feig,,Wise Township Precinct 1,61
Rep in State Legislature 92nd District (DEM),Write-In (WRITE-IN),,Wise Township Precinct 1,0
County Road Commissioner (DEM),Melinda Hovey Salchert,,Broomfield Township Precinct 1,85
County Road Commissioner (DEM),Write-In (WRITE-IN),,Broomfield Township Precinct 1,1
County Road Commissioner (DEM),Melinda Hovey Salchert,,Chippewa Township Precinct 1,124
County Road Commissioner (DEM),Write-In (WRITE-IN),,Chippewa Township Precinct 1,2
County Road Commissioner (DEM),Melinda Hovey Salchert,,Chippewa Township Precinct 2,80
County Road Commissioner (DEM),Write-In (WRITE-IN),,Chippewa Township Precinct 2,0
County Road Commissioner (DEM),Melinda Hovey Salchert,,City of Clare Precinct 1,0
County Road Commissioner (DEM),Write-In (WRITE-IN),,City of Clare Precinct 1,0
County Road Commissioner (DEM),Melinda Hovey Salchert,,City of Mt. Pleasant Precinct 1,172
County Road Commissioner (DEM),Write-In (WRITE-IN),,City of Mt. Pleasant Precinct 1,0
County Road Commissioner (DEM),Melinda Hovey Salchert,,City of Mt. Pleasant Precinct 2,267
County Road Commissioner (DEM),Write-In (WRITE-IN),,City of Mt. Pleasant Precinct 2,0
County Road Commissioner (DEM),Melinda Hovey Salchert,,City of Mt. Pleasant Precinct 3,326
County Road Commissioner (DEM),Write-In (WRITE-IN),,City of Mt. Pleasant Precinct 3,2
County Road Commissioner (DEM),Melinda Hovey Salchert,,City of Mt. Pleasant Precinct 4,184
County Road Commissioner (DEM),Write-In (WRITE-IN),,City of Mt. Pleasant Precinct 4,1
County Road Commissioner (DEM),Melinda Hovey Salchert,,City of Mt. Pleasant Precinct 5,240
County Road Commissioner (DEM),Write-In (WRITE-IN),,City of Mt. Pleasant Precinct 5,1
County Road Commissioner (DEM),Melinda Hovey Salchert,,Coe Township Precinct 1,94
County Road Commissioner (DEM),Write-In (WRITE-IN),,Coe Township Precinct 1,2
County Road Commissioner (DEM),Melinda Hovey Salchert,,Coe Township Precinct 2,78
County Road Commissioner (DEM),Write-In (WRITE-IN),,Coe Township Precinct 2,0
County Road Commissioner (DEM),Melinda Hovey Salchert,,Coldwater Township Precinct 1,29
County Road Commissioner (DEM),Write-In (WRITE-IN),,Coldwater Township Precinct 1,0
County Road Commissioner (DEM),Melinda Hovey Salchert,,Deerfield Township Precinct 1,172
County Road Commissioner (DEM),Write-In (WRITE-IN),,Deerfield Township Precinct 1,0
County Road Commissioner (DEM),Melinda Hovey Salchert,,Deerfield Township Precinct 2,55
County Road Commissioner (DEM),Write-In (WRITE-IN),,Deerfield Township Precinct 2,1
County Road Commissioner (DEM),Melinda Hovey Salchert,,Denver Township Precinct 1,40
County Road Commissioner (DEM),Write-In (WRITE-IN),,Denver Township Precinct 1,0
County Road Commissioner (DEM),Melinda Hovey Salchert,,Fremont Township Precinct 1,59
County Road Commissioner (DEM),Write-In (WRITE-IN),,Fremont Township Precinct 1,0
County Road Commissioner (DEM),Melinda Hovey Salchert,,Gilmore Township Precinct 1,62
County Road Commissioner (DEM),Write-In (WRITE-IN),,Gilmore Township Precinct 1,0
County Road Commissioner (DEM),Melinda Hovey Salchert,,Isabella Township Precinct 1,121
County Road Commissioner (DEM),Write-In (WRITE-IN),,Isabella Township Precinct 1,0
County Road Commissioner (DEM),Melinda Hovey Salchert,,Lincoln Township Precinct 1,91
County Road Commissioner (DEM),Write-In (WRITE-IN),,Lincoln Township Precinct 1,0
County Road Commissioner (DEM),Melinda Hovey Salchert,,Nottawa Township Precinct 1,93
County Road Commissioner (DEM),Write-In (WRITE-IN),,Nottawa Township Precinct 1,1
County Road Commissioner (DEM),Melinda Hovey Salchert,,Rolland Township Precinct 1,59
County Road Commissioner (DEM),Write-In (WRITE-IN),,Rolland Township Precinct 1,2
County Road Commissioner (DEM),Melinda Hovey Salchert,,Sherman Township Precinct 1,81
County Road Commissioner (DEM),Write-In (WRITE-IN),,Sherman Township Precinct 1,1
County Road Commissioner (DEM),Melinda Hovey Salchert,,Sherman Township Precinct 2,76
County Road Commissioner (DEM),Write-In (WRITE-IN),,Sherman Township Precinct 2,0
County Road Commissioner (DEM),Melinda Hovey Salchert,,Union Charter Township Precinct 1,190
County Road Commissioner (DEM),Write-In (WRITE-IN),,Union Charter Township Precinct 1,0
County Road Commissioner (DEM),Melinda Hovey Salchert,,Union Charter Township Precinct 2,193
County Road Commissioner (DEM),Write-In (WRITE-IN),,Union Charter Township Precinct 2,0
County Road Commissioner (DEM),Melinda Hovey Salchert,,Union Charter Township Precinct 3,146
County Road Commissioner (DEM),Write-In (WRITE-IN),,Union Charter Township Precinct 3,0
County Road Commissioner (DEM),Melinda Hovey Salchert,,Vernon Township Precinct 1,54
County Road Commissioner (DEM),Write-In (WRITE-IN),,Vernon Township Precinct 1,0
County Road Commissioner (DEM),Melinda Hovey Salchert,,Wise Township Precinct 1,60
County Road Commissioner (DEM),Write-In (WRITE-IN),,Wise Township Precinct 1,0
County Commissioner 5th District (DEM),James S. Moreno,,City of Mt. Pleasant Precinct 1,124
County Commissioner 5th District (DEM),David Verwey,,City of Mt. Pleasant Precinct 1,48
County Commissioner 5th District (DEM),Write-In (WRITE-IN),,City of Mt. Pleasant Precinct 1,0
County Commissioner 5th District (DEM),James S. Moreno,,City of Mt. Pleasant Precinct 2,192
County Commissioner 5th District (DEM),David Verwey,,City of Mt. Pleasant Precinct 2,87
County Commissioner 5th District (DEM),Write-In (WRITE-IN),,City of Mt. Pleasant Precinct 2,0
County Commissioner 5th District (DEM),James S. Moreno,,City of Mt. Pleasant Precinct 3,237
County Commissioner 5th District (DEM),David Verwey,,City of Mt. Pleasant Precinct 3,91
County Commissioner 5th District (DEM),Write-In (WRITE-IN),,City of Mt. Pleasant Precinct 3,0
Precinct Delegate for City of Mt. Pleasant  Precinct 1 (DEM),Write-In (WRITE-IN),,City of Mt. Pleasant Precinct 1,9
Governor for State (REP),Tudor M. Dixon,,Broomfield Township Precinct 1,114
Governor for State (REP),Ryan D. Kelley,,Broomfield Township Precinct 1,55
Governor for State (REP),Ralph Rebandt,,Broomfield Township Precinct 1,5
Governor for State (REP),Kevin Rinke,,Broomfield Township Precinct 1,74
Governor for State (REP),Garrett Soldano,,Broomfield Township Precinct 1,68
Governor for State (REP),Write-In (WRITE-IN),,Broomfield Township Precinct 1,6
Governor for State (REP),Tudor M. Dixon,,Chippewa Township Precinct 1,62
Governor for State (REP),Ryan D. Kelley,,Chippewa Township Precinct 1,73
Governor for State (REP),Ralph Rebandt,,Chippewa Township Precinct 1,10
Governor for State (REP),Kevin Rinke,,Chippewa Township Precinct 1,52
Governor for State (REP),Garrett Soldano,,Chippewa Township Precinct 1,35
Governor for State (REP),Write-In (WRITE-IN),,Chippewa Township Precinct 1,3
Governor for State (REP),Tudor M. Dixon,,Chippewa Township Precinct 2,58
Governor for State (REP),Ryan D. Kelley,,Chippewa Township Precinct 2,30
Governor for State (REP),Ralph Rebandt,,Chippewa Township Precinct 2,1
Governor for State (REP),Kevin Rinke,,Chippewa Township Precinct 2,39
Governor for State (REP),Garrett Soldano,,Chippewa Township Precinct 2,12
Governor for State (REP),Write-In (WRITE-IN),,Chippewa Township Precinct 2,3
Governor for State (REP),Tudor M. Dixon,,City of Clare Precinct 1,0
Governor for State (REP),Ryan D. Kelley,,City of Clare Precinct 1,0
Governor for State (REP),Ralph Rebandt,,City of Clare Precinct 1,0
Governor for State (REP),Kevin Rinke,,City of Clare Precinct 1,0
Governor for State (REP),Garrett Soldano,,City of Clare Precinct 1,0
Governor for State (REP),Write-In (WRITE-IN),,City of Clare Precinct 1,0
Governor for State (REP),Tudor M. Dixon,,City of Mt. Pleasant Precinct 1,79
Governor for State (REP),Ryan D. Kelley,,City of Mt. Pleasant Precinct 1,34
Governor for State (REP),Ralph Rebandt,,City of Mt. Pleasant Precinct 1,7
Governor for State (REP),Kevin Rinke,,City of Mt. Pleasant Precinct 1,32
Governor for State (REP),Garrett Soldano,,City of Mt. Pleasant Precinct 1,22
Governor for State (REP),Write-In (WRITE-IN),,City of Mt. Pleasant Precinct 1,4
Governor for State (REP),Tudor M. Dixon,,City of Mt. Pleasant Precinct 2,51
Governor for State (REP),Ryan D. Kelley,,City of Mt. Pleasant Precinct 2,33
Governor for State (REP),Ralph Rebandt,,City of Mt. Pleasant Precinct 2,11
Governor for State (REP),Kevin Rinke,,City of Mt. Pleasant Precinct 2,39
Governor for State (REP),Garrett Soldano,,City of Mt. Pleasant Precinct 2,16
Governor for State (REP),Write-In (WRITE-IN),,City of Mt. Pleasant Precinct 2,4
Governor for State (REP),Tudor M. Dixon,,City of Mt. Pleasant Precinct 3,135
Governor for State (REP),Ryan D. Kelley,,City of Mt. Pleasant Precinct 3,71
Governor for State (REP),Ralph Rebandt,,City of Mt. Pleasant Precinct 3,17
Governor for State (REP),Kevin Rinke,,City of Mt. Pleasant Precinct 3,90
Governor for State (REP),Garrett Soldano,,City of Mt. Pleasant Precinct 3,34
Governor for State (REP),Write-In (WRITE-IN),,City of Mt. Pleasant Precinct 3,9
Governor for State (REP),Tudor M. Dixon,,City of Mt. Pleasant Precinct 4,63
Governor for State (REP),Ryan D. Kelley,,City of Mt. Pleasant Precinct 4,25
Governor for State (REP),Ralph Rebandt,,City of Mt. Pleasant Precinct 4,16
Governor for State (REP),Kevin Rinke,,City of Mt. Pleasant Precinct 4,52
Governor for State (REP),Garrett Soldano,,City of Mt. Pleasant Precinct 4,23
Governor for State (REP),Write-In (WRITE-IN),,City of Mt. Pleasant Precinct 4,4
Governor for State (REP),Tudor M. Dixon,,City of Mt. Pleasant Precinct 5,82
Governor for State (REP),Ryan D. Kelley,,City of Mt. Pleasant Precinct 5,32
Governor for State (REP),Ralph Rebandt,,City of Mt. Pleasant Precinct 5,7
Governor for State (REP),Kevin Rinke,,City of Mt. Pleasant Precinct 5,40
Governor for State (REP),Garrett Soldano,,City of Mt. Pleasant Precinct 5,20
Governor for State (REP),Write-In (WRITE-IN),,City of Mt. Pleasant Precinct 5,5
Governor for State (REP),Tudor M. Dixon,,Coe Township Precinct 1,83
Governor for State (REP),Ryan D. Kelley,,Coe Township Precinct 1,54
Governor for State (REP),Ralph Rebandt,,Coe Township Precinct 1,8
Governor for State (REP),Kevin Rinke,,Coe Township Precinct 1,81
Governor for State (REP),Garrett Soldano,,Coe Township Precinct 1,39
Governor for State (REP),Write-In (WRITE-IN),,Coe Township Precinct 1,2
Governor for State (REP),Tudor M. Dixon,,Coe Township Precinct 2,56
Governor for State (REP),Ryan D. Kelley,,Coe Township Precinct 2,43
Governor for State (REP),Ralph Rebandt,,Coe Township Precinct 2,8
Governor for State (REP),Kevin Rinke,,Coe Township Precinct 2,60
Governor for State (REP),Garrett Soldano,,Coe Township Precinct 2,34
Governor for State (REP),Write-In (WRITE-IN),,Coe Township Precinct 2,1
Governor for State (REP),Tudor M. Dixon,,Coldwater Township Precinct 1,43
Governor for State (REP),Ryan D. Kelley,,Coldwater Township Precinct 1,22
Governor for State (REP),Ralph Rebandt,,Coldwater Township Precinct 1,4
Governor for State (REP),Kevin Rinke,,Coldwater Township Precinct 1,41
Governor for State (REP),Garrett Soldano,,Coldwater Township Precinct 1,24
Governor for State (REP),Write-In (WRITE-IN),,Coldwater Township Precinct 1,1
Governor for State (REP),Tudor M. Dixon,,Deerfield Township Precinct 1,133
Governor for State (REP),Ryan D. Kelley,,Deerfield Township Precinct 1,63
Governor for State (REP),Ralph Rebandt,,Deerfield Township Precinct 1,9
Governor for State (REP),Kevin Rinke,,Deerfield Township Precinct 1,80
Governor for State (REP),Garrett Soldano,,Deerfield Township Precinct 1,34
Governor for State (REP),Write-In (WRITE-IN),,Deerfield Township Precinct 1,1
Governor for State (REP),Tudor M. Dixon,,Deerfield Township Precinct 2,71
Governor for State (REP),Ryan D. Kelley,,Deerfield Township Precinct 2,41
Governor for State (REP),Ralph Rebandt,,Deerfield Township Precinct 2,14
Governor for State (REP),Kevin Rinke,,Deerfield Township Precinct 2,58
Governor for State (REP),Garrett Soldano,,Deerfield Township Precinct 2,31
Governor for State (REP),Write-In (WRITE-IN),,Deerfield Township Precinct 2,0
Governor for State (REP),Tudor M. Dixon,,Denver Township Precinct 1,46
Governor for State (REP),Ryan D. Kelley,,Denver Township Precinct 1,19
Governor for State (REP),Ralph Rebandt,,Denver Township Precinct 1,2
Governor for State (REP),Kevin Rinke,,Denver Township Precinct 1,44
Governor for State (REP),Garrett Soldano,,Denver Township Precinct 1,35
Governor for State (REP),Write-In (WRITE-IN),,Denver Township Precinct 1,0
Governor for State (REP),Tudor M. Dixon,,Fremont Township Precinct 1,68
Governor for State (REP),Ryan D. Kelley,,Fremont Township Precinct 1,38
Governor for State (REP),Ralph Rebandt,,Fremont Township Precinct 1,12
Governor for State (REP),Kevin Rinke,,Fremont Township Precinct 1,44
Governor for State (REP),Garrett Soldano,,Fremont Township Precinct 1,37
Governor for State (REP),Write-In (WRITE-IN),,Fremont Township Precinct 1,0
Governor for State (REP),Tudor M. Dixon,,Gilmore Township Precinct 1,78
Governor for State (REP),Ryan D. Kelley,,Gilmore Township Precinct 1,31
Governor for State (REP),Ralph Rebandt,,Gilmore Township Precinct 1,9
Governor for State (REP),Kevin Rinke,,Gilmore Township Precinct 1,70
Governor for State (REP),Garrett Soldano,,Gilmore Township Precinct 1,61
Governor for State (REP),Write-In (WRITE-IN),,Gilmore Township Precinct 1,2
Governor for State (REP),Tudor M. Dixon,,Isabella Township Precinct 1,102
Governor for State (REP),Ryan D. Kelley,,Isabella Township Precinct 1,55
Governor for State (REP),Ralph Rebandt,,Isabella Township Precinct 1,10
Governor for State (REP),Kevin Rinke,,Isabella Township Precinct 1,70
Governor for State (REP),Garrett Soldano,,Isabella Township Precinct 1,49
Governor for State (REP),Write-In (WRITE-IN),,Isabella Township Precinct 1,3
Governor for State (REP),Tudor M. Dixon,,Lincoln Township Precinct 1,120
Governor for State (REP),Ryan D. Kelley,,Lincoln Township Precinct 1,55
Governor for State (REP),Ralph Rebandt,,Lincoln Township Precinct 1,14
Governor for State (REP),Kevin Rinke,,Lincoln Township Precinct 1,90
Governor for State (REP),Garrett Soldano,,Lincoln Township Precinct 1,65
Governor for State (REP),Write-In (WRITE-IN),,Lincoln Township Precinct 1,1
Governor for State (REP),Tudor M. Dixon,,Nottawa Township Precinct 1,125
Governor for State (REP),Ryan D. Kelley,,Nottawa Township Precinct 1,82
Governor for State (REP),Ralph Rebandt,,Nottawa Township Precinct 1,12
Governor for State (REP),Kevin Rinke,,Nottawa Township Precinct 1,80
Governor for State (REP),Garrett Soldano,,Nottawa Township Precinct 1,51
Governor for State (REP),Write-In (WRITE-IN),,Nottawa Township Precinct 1,0
Governor for State (REP),Tudor M. Dixon,,Rolland Township Precinct 1,48
Governor for State (REP),Ryan D. Kelley,,Rolland Township Precinct 1,39
Governor for State (REP),Ralph Rebandt,,Rolland Township Precinct 1,9
Governor for State (REP),Kevin Rinke,,Rolland Township Precinct 1,32
Governor for State (REP),Garrett Soldano,,Rolland Township Precinct 1,45
Governor for State (REP),Write-In (WRITE-IN),,Rolland Township Precinct 1,0
Governor for State (REP),Tudor M. Dixon,,Sherman Township Precinct 1,70
Governor for State (REP),Ryan D. Kelley,,Sherman Township Precinct 1,53
Governor for State (REP),Ralph Rebandt,,Sherman Township Precinct 1,12
Governor for State (REP),Kevin Rinke,,Sherman Township Precinct 1,51
Governor for State (REP),Garrett Soldano,,Sherman Township Precinct 1,49
Governor for State (REP),Write-In (WRITE-IN),,Sherman Township Precinct 1,1
Governor for State (REP),Tudor M. Dixon,,Sherman Township Precinct 2,72
Governor for State (REP),Ryan D. Kelley,,Sherman Township Precinct 2,39
Governor for State (REP),Ralph Rebandt,,Sherman Township Precinct 2,7
Governor for State (REP),Kevin Rinke,,Sherman Township Precinct 2,56
Governor for State (REP),Garrett Soldano,,Sherman Township Precinct 2,46
Governor for State (REP),Write-In (WRITE-IN),,Sherman Township Precinct 2,1
Governor for State (REP),Tudor M. Dixon,,Union Charter Township Precinct 1,129
Governor for State (REP),Ryan D. Kelley,,Union Charter Township Precinct 1,56
Governor for State (REP),Ralph Rebandt,,Union Charter Township Precinct 1,14
Governor for State (REP),Kevin Rinke,,Union Charter Township Precinct 1,86
Governor for State (REP),Garrett Soldano,,Union Charter Township Precinct 1,38
Governor for State (REP),Write-In (WRITE-IN),,Union Charter Township Precinct 1,2
Governor for State (REP),Tudor M. Dixon,,Union Charter Township Precinct 2,64
Governor for State (REP),Ryan D. Kelley,,Union Charter Township Precinct 2,59
Governor for State (REP),Ralph Rebandt,,Union Charter Township Precinct 2,15
Governor for State (REP),Kevin Rinke,,Union Charter Township Precinct 2,60
Governor for State (REP),Garrett Soldano,,Union Charter Township Precinct 2,32
Governor for State (REP),Write-In (WRITE-IN),,Union Charter Township Precinct 2,1
Governor for State (REP),Tudor M. Dixon,,Union Charter Township Precinct 3,101
Governor for State (REP),Ryan D. Kelley,,Union Charter Township Precinct 3,35
Governor for State (REP),Ralph Rebandt,,Union Charter Township Precinct 3,16
Governor for State (REP),Kevin Rinke,,Union Charter Township Precinct 3,49
Governor for State (REP),Garrett Soldano,,Union Charter Township Precinct 3,40
Governor for State (REP),Write-In (WRITE-IN),,Union Charter Township Precinct 3,6
Governor for State (REP),Tudor M. Dixon,,Vernon Township Precinct 1,83
Governor for State (REP),Ryan D. Kelley,,Vernon Township Precinct 1,26
Governor for State (REP),Ralph Rebandt,,Vernon Township Precinct 1,8
Governor for State (REP),Kevin Rinke,,Vernon Township Precinct 1,60
Governor for State (REP),Garrett Soldano,,Vernon Township Precinct 1,39
Governor for State (REP),Write-In (WRITE-IN),,Vernon Township Precinct 1,0
Governor for State (REP),Tudor M. Dixon,,Wise Township Precinct 1,52
Governor for State (REP),Ryan D. Kelley,,Wise Township Precinct 1,49
Governor for State (REP),Ralph Rebandt,,Wise Township Precinct 1,10
Governor for State (REP),Kevin Rinke,,Wise Township Precinct 1,47
Governor for State (REP),Garrett Soldano,,Wise Township Precinct 1,39
Governor for State (REP),Write-In (WRITE-IN),,Wise Township Precinct 1,2
Representative in Congress 2nd District (REP),John Moolenaar,,Broomfield Township Precinct 1,202
Representative in Congress 2nd District (REP),Thomas J. Norton,,Broomfield Township Precinct 1,114
Representative in Congress 2nd District (REP),Write-In (WRITE-IN),,Broomfield Township Precinct 1,3
Representative in Congress 2nd District (REP),John Moolenaar,,Chippewa Township Precinct 1,189
Representative in Congress 2nd District (REP),Thomas J. Norton,,Chippewa Township Precinct 1,49
Representative in Congress 2nd District (REP),Write-In (WRITE-IN),,Chippewa Township Precinct 1,1
Representative in Congress 2nd District (REP),John Moolenaar,,Chippewa Township Precinct 2,80
Representative in Congress 2nd District (REP),Thomas J. Norton,,Chippewa Township Precinct 2,62
Representative in Congress 2nd District (REP),Write-In (WRITE-IN),,Chippewa Township Precinct 2,0
Representative in Congress 2nd District (REP),John Moolenaar,,City of Clare Precinct 1,0
Representative in Congress 2nd District (REP),Thomas J. Norton,,City of Clare Precinct 1,0
Representative in Congress 2nd District (REP),Write-In (WRITE-IN),,City of Clare Precinct 1,0
Representative in Congress 2nd District (REP),John Moolenaar,,City of Mt. Pleasant Precinct 1,131
Representative in Congress 2nd District (REP),Thomas J. Norton,,City of Mt. Pleasant Precinct 1,46
Representative in Congress 2nd District (REP),Write-In (WRITE-IN),,City of Mt. Pleasant Precinct 1,0
Representative in Congress 2nd District (REP),John Moolenaar,,City of Mt. Pleasant Precinct 2,83
Representative in Congress 2nd District (REP),Thomas J. Norton,,City of Mt. Pleasant Precinct 2,66
Representative in Congress 2nd District (REP),Write-In (WRITE-IN),,City of Mt. Pleasant Precinct 2,0
Representative in Congress 2nd District (REP),John Moolenaar,,City of Mt. Pleasant Precinct 3,251
Representative in Congress 2nd District (REP),Thomas J. Norton,,City of Mt. Pleasant Precinct 3,98
Representative in Congress 2nd District (REP),Write-In (WRITE-IN),,City of Mt. Pleasant Precinct 3,1
Representative in Congress 2nd District (REP),John Moolenaar,,City of Mt. Pleasant Precinct 4,128
Representative in Congress 2nd District (REP),Thomas J. Norton,,City of Mt. Pleasant Precinct 4,59
Representative in Congress 2nd District (REP),Write-In (WRITE-IN),,City of Mt. Pleasant Precinct 4,2
Representative in Congress 2nd District (REP),John Moolenaar,,City of Mt. Pleasant Precinct 5,136
Representative in Congress 2nd District (REP),Thomas J. Norton,,City of Mt. Pleasant Precinct 5,55
Representative in Congress 2nd District (REP),Write-In (WRITE-IN),,City of Mt. Pleasant Precinct 5,1
Representative in Congress 2nd District (REP),John Moolenaar,,Coe Township Precinct 1,197
Representative in Congress 2nd District (REP),Thomas J. Norton,,Coe Township Precinct 1,63
Representative in Congress 2nd District (REP),Write-In (WRITE-IN),,Coe Township Precinct 1,0
Representative in Congress 2nd District (REP),John Moolenaar,,Coe Township Precinct 2,143
Representative in Congress 2nd District (REP),Thomas J. Norton,,Coe Township Precinct 2,60
Representative in Congress 2nd District (REP),Write-In (WRITE-IN),,Coe Township Precinct 2,0
Representative in Congress 2nd District (REP),John Moolenaar,,Coldwater Township Precinct 1,98
Representative in Congress 2nd District (REP),Thomas J. Norton,,Coldwater Township Precinct 1,34
Representative in Congress 2nd District (REP),Write-In (WRITE-IN),,Coldwater Township Precinct 1,0
Representative in Congress 2nd District (REP),John Moolenaar,,Deerfield Township Precinct 1,231
Representative in Congress 2nd District (REP),Thomas J. Norton,,Deerfield Township Precinct 1,90
Representative in Congress 2nd District (REP),Write-In (WRITE-IN),,Deerfield Township Precinct 1,0
Representative in Congress 2nd District (REP),John Moolenaar,,Deerfield Township Precinct 2,155
Representative in Congress 2nd District (REP),Thomas J. Norton,,Deerfield Township Precinct 2,59
Representative in Congress 2nd District (REP),Write-In (WRITE-IN),,Deerfield Township Precinct 2,0
Representative in Congress 2nd District (REP),John Moolenaar,,Denver Township Precinct 1,106
Representative in Congress 2nd District (REP),Thomas J. Norton,,Denver Township Precinct 1,37
Representative in Congress 2nd District (REP),Write-In (WRITE-IN),,Denver Township Precinct 1,0
Representative in Congress 2nd District (REP),John Moolenaar,,Fremont Township Precinct 1,149
Representative in Congress 2nd District (REP),Thomas J. Norton,,Fremont Township Precinct 1,54
Representative in Congress 2nd District (REP),Write-In (WRITE-IN),,Fremont Township Precinct 1,0
Representative in Congress 2nd District (REP),John Moolenaar,,Gilmore Township Precinct 1,182
Representative in Congress 2nd District (REP),Thomas J. Norton,,Gilmore Township Precinct 1,62
Representative in Congress 2nd District (REP),Write-In (WRITE-IN),,Gilmore Township Precinct 1,1
Representative in Congress 2nd District (REP),John Moolenaar,,Isabella Township Precinct 1,207
Representative in Congress 2nd District (REP),Thomas J. Norton,,Isabella Township Precinct 1,77
Representative in Congress 2nd District (REP),Write-In (WRITE-IN),,Isabella Township Precinct 1,0
Representative in Congress 2nd District (REP),John Moolenaar,,Lincoln Township Precinct 1,250
Representative in Congress 2nd District (REP),Thomas J. Norton,,Lincoln Township Precinct 1,95
Representative in Congress 2nd District (REP),Write-In (WRITE-IN),,Lincoln Township Precinct 1,1
Representative in Congress 2nd District (REP),John Moolenaar,,Nottawa Township Precinct 1,264
Representative in Congress 2nd District (REP),Thomas J. Norton,,Nottawa Township Precinct 1,87
Representative in Congress 2nd District (REP),Write-In (WRITE-IN),,Nottawa Township Precinct 1,0
Representative in Congress 2nd District (REP),John Moolenaar,,Rolland Township Precinct 1,126
Representative in Congress 2nd District (REP),Thomas J. Norton,,Rolland Township Precinct 1,46
Representative in Congress 2nd District (REP),Write-In (WRITE-IN),,Rolland Township Precinct 1,0
Representative in Congress 2nd District (REP),John Moolenaar,,Sherman Township Precinct 1,170
Representative in Congress 2nd District (REP),Thomas J. Norton,,Sherman Township Precinct 1,67
Representative in Congress 2nd District (REP),Write-In (WRITE-IN),,Sherman Township Precinct 1,1
Representative in Congress 2nd District (REP),John Moolenaar,,Sherman Township Precinct 2,166
Representative in Congress 2nd District (REP),Thomas J. Norton,,Sherman Township Precinct 2,57
Representative in Congress 2nd District (REP),Write-In (WRITE-IN),,Sherman Township Precinct 2,0
Representative in Congress 2nd District (REP),John Moolenaar,,Union Charter Township Precinct 1,247
Representative in Congress 2nd District (REP),Thomas J. Norton,,Union Charter Township Precinct 1,89
Representative in Congress 2nd District (REP),Write-In (WRITE-IN),,Union Charter Township Precinct 1,0
Representative in Congress 2nd District (REP),John Moolenaar,,Union Charter Township Precinct 2,156
Representative in Congress 2nd District (REP),Thomas J. Norton,,Union Charter Township Precinct 2,75
Representative in Congress 2nd District (REP),Write-In (WRITE-IN),,Union Charter Township Precinct 2,0
Representative in Congress 2nd District (REP),John Moolenaar,,Union Charter Township Precinct 3,187
Representative in Congress 2nd District (REP),Thomas J. Norton,,Union Charter Township Precinct 3,62
Representative in Congress 2nd District (REP),Write-In (WRITE-IN),,Union Charter Township Precinct 3,1
Representative in Congress 2nd District (REP),John Moolenaar,,Vernon Township Precinct 1,138
Representative in Congress 2nd District (REP),Thomas J. Norton,,Vernon Township Precinct 1,79
Representative in Congress 2nd District (REP),Write-In (WRITE-IN),,Vernon Township Precinct 1,0
Representative in Congress 2nd District (REP),John Moolenaar,,Wise Township Precinct 1,143
Representative in Congress 2nd District (REP),Thomas J. Norton,,Wise Township Precinct 1,52
Representative in Congress 2nd District (REP),Write-In (WRITE-IN),,Wise Township Precinct 1,0
State Senator 34th District (REP),Roger Hauck,,Broomfield Township Precinct 1,256
State Senator 34th District (REP),Lisa M. Sowers,,Broomfield Township Precinct 1,62
State Senator 34th District (REP),Write-In (WRITE-IN),,Broomfield Township Precinct 1,2
State Senator 34th District (REP),Roger Hauck,,Chippewa Township Precinct 1,181
State Senator 34th District (REP),Lisa M. Sowers,,Chippewa Township Precinct 1,55
State Senator 34th District (REP),Write-In (WRITE-IN),,Chippewa Township Precinct 1,0
State Senator 34th District (REP),Roger Hauck,,Chippewa Township Precinct 2,111
State Senator 34th District (REP),Lisa M. Sowers,,Chippewa Township Precinct 2,32
State Senator 34th District (REP),Write-In (WRITE-IN),,Chippewa Township Precinct 2,2
State Senator 34th District (REP),Roger Hauck,,City of Clare Precinct 1,0
State Senator 34th District (REP),Lisa M. Sowers,,City of Clare Precinct 1,0
State Senator 34th District (REP),Write-In (WRITE-IN),,City of Clare Precinct 1,0
State Senator 34th District (REP),Roger Hauck,,City of Mt. Pleasant Precinct 1,144
State Senator 34th District (REP),Lisa M. Sowers,,City of Mt. Pleasant Precinct 1,33
State Senator 34th District (REP),Write-In (WRITE-IN),,City of Mt. Pleasant Precinct 1,1
State Senator 34th District (REP),Roger Hauck,,City of Mt. Pleasant Precinct 2,111
State Senator 34th District (REP),Lisa M. Sowers,,City of Mt. Pleasant Precinct 2,38
State Senator 34th District (REP),Write-In (WRITE-IN),,City of Mt. Pleasant Precinct 2,1
State Senator 34th District (REP),Roger Hauck,,City of Mt. Pleasant Precinct 3,276
State Senator 34th District (REP),Lisa M. Sowers,,City of Mt. Pleasant Precinct 3,76
State Senator 34th District (REP),Write-In (WRITE-IN),,City of Mt. Pleasant Precinct 3,1
State Senator 34th District (REP),Roger Hauck,,City of Mt. Pleasant Precinct 4,148
State Senator 34th District (REP),Lisa M. Sowers,,City of Mt. Pleasant Precinct 4,43
State Senator 34th District (REP),Write-In (WRITE-IN),,City of Mt. Pleasant Precinct 4,0
State Senator 34th District (REP),Roger Hauck,,City of Mt. Pleasant Precinct 5,144
State Senator 34th District (REP),Lisa M. Sowers,,City of Mt. Pleasant Precinct 5,45
State Senator 34th District (REP),Write-In (WRITE-IN),,City of Mt. Pleasant Precinct 5,1
State Senator 34th District (REP),Roger Hauck,,Coe Township Precinct 1,202
State Senator 34th District (REP),Lisa M. Sowers,,Coe Township Precinct 1,58
State Senator 34th District (REP),Write-In (WRITE-IN),,Coe Township Precinct 1,0
State Senator 34th District (REP),Roger Hauck,,Coe Township Precinct 2,167
State Senator 34th District (REP),Lisa M. Sowers,,Coe Township Precinct 2,37
State Senator 34th District (REP),Write-In (WRITE-IN),,Coe Township Precinct 2,0
State Senator 34th District (REP),Roger Hauck,,Coldwater Township Precinct 1,101
State Senator 34th District (REP),Lisa M. Sowers,,Coldwater Township Precinct 1,32
State Senator 34th District (REP),Write-In (WRITE-IN),,Coldwater Township Precinct 1,0
State Senator 34th District (REP),Roger Hauck,,Deerfield Township Precinct 1,256
State Senator 34th District (REP),Lisa M. Sowers,,Deerfield Township Precinct 1,64
State Senator 34th District (REP),Write-In (WRITE-IN),,Deerfield Township Precinct 1,1
State Senator 34th District (REP),Roger Hauck,,Deerfield Township Precinct 2,188
State Senator 34th District (REP),Lisa M. Sowers,,Deerfield Township Precinct 2,26
State Senator 34th District (REP),Write-In (WRITE-IN),,Deerfield Township Precinct 2,0
State Senator 34th District (REP),Roger Hauck,,Denver Township Precinct 1,118
State Senator 34th District (REP),Lisa M. Sowers,,Denver Township Precinct 1,26
State Senator 34th District (REP),Write-In (WRITE-IN),,Denver Township Precinct 1,1
State Senator 34th District (REP),Roger Hauck,,Fremont Township Precinct 1,165
State Senator 34th District (REP),Lisa M. Sowers,,Fremont Township Precinct 1,37
State Senator 34th District (REP),Write-In (WRITE-IN),,Fremont Township Precinct 1,1
State Senator 34th District (REP),Roger Hauck,,Gilmore Township Precinct 1,207
State Senator 34th District (REP),Lisa M. Sowers,,Gilmore Township Precinct 1,42
State Senator 34th District (REP),Write-In (WRITE-IN),,Gilmore Township Precinct 1,0
State Senator 34th District (REP),Roger Hauck,,Isabella Township Precinct 1,241
State Senator 34th District (REP),Lisa M. Sowers,,Isabella Township Precinct 1,49
State Senator 34th District (REP),Write-In (WRITE-IN),,Isabella Township Precinct 1,0
State Senator 34th District (REP),Roger Hauck,,Lincoln Township Precinct 1,301
State Senator 34th District (REP),Lisa M. Sowers,,Lincoln Township Precinct 1,45
State Senator 34th District (REP),Write-In (WRITE-IN),,Lincoln Township Precinct 1,0
State Senator 34th District (REP),Roger Hauck,,Nottawa Township Precinct 1,323
State Senator 34th District (REP),Lisa M. Sowers,,Nottawa Township Precinct 1,41
State Senator 34th District (REP),Write-In (WRITE-IN),,Nottawa Township Precinct 1,0
State Senator 34th District (REP),Roger Hauck,,Rolland Township Precinct 1,137
State Senator 34th District (REP),Lisa M. Sowers,,Rolland Township Precinct 1,35
State Senator 34th District (REP),Write-In (WRITE-IN),,Rolland Township Precinct 1,0
State Senator 34th District (REP),Roger Hauck,,Sherman Township Precinct 1,197
State Senator 34th District (REP),Lisa M. Sowers,,Sherman Township Precinct 1,40
State Senator 34th District (REP),Write-In (WRITE-IN),,Sherman Township Precinct 1,1
State Senator 34th District (REP),Roger Hauck,,Sherman Township Precinct 2,194
State Senator 34th District (REP),Lisa M. Sowers,,Sherman Township Precinct 2,32
State Senator 34th District (REP),Write-In (WRITE-IN),,Sherman Township Precinct 2,0
State Senator 34th District (REP),Roger Hauck,,Union Charter Township Precinct 1,282
State Senator 34th District (REP),Lisa M. Sowers,,Union Charter Township Precinct 1,61
State Senator 34th District (REP),Write-In (WRITE-IN),,Union Charter Township Precinct 1,0
State Senator 34th District (REP),Roger Hauck,,Union Charter Township Precinct 2,186
State Senator 34th District (REP),Lisa M. Sowers,,Union Charter Township Precinct 2,48
State Senator 34th District (REP),Write-In (WRITE-IN),,Union Charter Township Precinct 2,0
State Senator 34th District (REP),Roger Hauck,,Union Charter Township Precinct 3,205
State Senator 34th District (REP),Lisa M. Sowers,,Union Charter Township Precinct 3,45
State Senator 34th District (REP),Write-In (WRITE-IN),,Union Charter Township Precinct 3,0
State Senator 34th District (REP),Roger Hauck,,Vernon Township Precinct 1,188
State Senator 34th District (REP),Lisa M. Sowers,,Vernon Township Precinct 1,31
State Senator 34th District (REP),Write-In (WRITE-IN),,Vernon Township Precinct 1,0
State Senator 34th District (REP),Roger Hauck,,Wise Township Precinct 1,172
State Senator 34th District (REP),Lisa M. Sowers,,Wise Township Precinct 1,28
State Senator 34th District (REP),Write-In (WRITE-IN),,Wise Township Precinct 1,0
Rep in State Legislature 92nd District (REP),Thomas Anderman,,Broomfield Township Precinct 1,37
Rep in State Legislature 92nd District (REP),Gene Haymaker,,Broomfield Township Precinct 1,59
Rep in State Legislature 92nd District (REP),Jerry Neyer,,Broomfield Township Precinct 1,94
Rep in State Legislature 92nd District (REP),Todd Schorle,,Broomfield Township Precinct 1,55
Rep in State Legislature 92nd District (REP),Erin Zimmer,,Broomfield Township Precinct 1,70
Rep in State Legislature 92nd District (REP),Write-In (WRITE-IN),,Broomfield Township Precinct 1,0
Rep in State Legislature 92nd District (REP),Thomas Anderman,,Chippewa Township Precinct 1,6
Rep in State Legislature 92nd District (REP),Gene Haymaker,,Chippewa Township Precinct 1,80
Rep in State Legislature 92nd District (REP),Jerry Neyer,,Chippewa Township Precinct 1,54
Rep in State Legislature 92nd District (REP),Todd Schorle,,Chippewa Township Precinct 1,60
Rep in State Legislature 92nd District (REP),Erin Zimmer,,Chippewa Township Precinct 1,32
Rep in State Legislature 92nd District (REP),Write-In (WRITE-IN),,Chippewa Township Precinct 1,0
Rep in State Legislature 92nd District (REP),Thomas Anderman,,Chippewa Township Precinct 2,9
Rep in State Legislature 92nd District (REP),Gene Haymaker,,Chippewa Township Precinct 2,28
Rep in State Legislature 92nd District (REP),Jerry Neyer,,Chippewa Township Precinct 2,46
Rep in State Legislature 92nd District (REP),Todd Schorle,,Chippewa Township Precinct 2,29
Rep in State Legislature 92nd District (REP),Erin Zimmer,,Chippewa Township Precinct 2,32
Rep in State Legislature 92nd District (REP),Write-In (WRITE-IN),,Chippewa Township Precinct 2,0
Rep in State Legislature 92nd District (REP),Thomas Anderman,,City of Clare Precinct 1,2
Rep in State Legislature 92nd District (REP),Gene Haymaker,,City of Clare Precinct 1,1
Rep in State Legislature 92nd District (REP),Jerry Neyer,,City of Clare Precinct 1,2
Rep in State Legislature 92nd District (REP),Todd Schorle,,City of Clare Precinct 1,0
Rep in State Legislature 92nd District (REP),Erin Zimmer,,City of Clare Precinct 1,0
Rep in State Legislature 92nd District (REP),Write-In (WRITE-IN),,City of Clare Precinct 1,0
Rep in State Legislature 92nd District (REP),Thomas Anderman,,City of Mt. Pleasant Precinct 1,9
Rep in State Legislature 92nd District (REP),Gene Haymaker,,City of Mt. Pleasant Precinct 1,50
Rep in State Legislature 92nd District (REP),Jerry Neyer,,City of Mt. Pleasant Precinct 1,56
Rep in State Legislature 92nd District (REP),Todd Schorle,,City of Mt. Pleasant Precinct 1,31
Rep in State Legislature 92nd District (REP),Erin Zimmer,,City of Mt. Pleasant Precinct 1,30
Rep in State Legislature 92nd District (REP),Write-In (WRITE-IN),,City of Mt. Pleasant Precinct 1,1
Rep in State Legislature 92nd District (REP),Thomas Anderman,,City of Mt. Pleasant Precinct 2,6
Rep in State Legislature 92nd District (REP),Gene Haymaker,,City of Mt. Pleasant Precinct 2,42
Rep in State Legislature 92nd District (REP),Jerry Neyer,,City of Mt. Pleasant Precinct 2,37
Rep in State Legislature 92nd District (REP),Todd Schorle,,City of Mt. Pleasant Precinct 2,24
Rep in State Legislature 92nd District (REP),Erin Zimmer,,City of Mt. Pleasant Precinct 2,42
Rep in State Legislature 92nd District (REP),Write-In (WRITE-IN),,City of Mt. Pleasant Precinct 2,0
Rep in State Legislature 92nd District (REP),Thomas Anderman,,City of Mt. Pleasant Precinct 3,17
Rep in State Legislature 92nd District (REP),Gene Haymaker,,City of Mt. Pleasant Precinct 3,91
Rep in State Legislature 92nd District (REP),Jerry Neyer,,City of Mt. Pleasant Precinct 3,78
Rep in State Legislature 92nd District (REP),Todd Schorle,,City of Mt. Pleasant Precinct 3,39
Rep in State Legislature 92nd District (REP),Erin Zimmer,,City of Mt. Pleasant Precinct 3,129
Rep in State Legislature 92nd District (REP),Write-In (WRITE-IN),,City of Mt. Pleasant Precinct 3,1
Rep in State Legislature 92nd District (REP),Thomas Anderman,,City of Mt. Pleasant Precinct 4,7
Rep in State Legislature 92nd District (REP),Gene Haymaker,,City of Mt. Pleasant Precinct 4,29
Rep in State Legislature 92nd District (REP),Jerry Neyer,,City of Mt. Pleasant Precinct 4,49
Rep in State Legislature 92nd District (REP),Todd Schorle,,City of Mt. Pleasant Precinct 4,36
Rep in State Legislature 92nd District (REP),Erin Zimmer,,City of Mt. Pleasant Precinct 4,66
Rep in State Legislature 92nd District (REP),Write-In (WRITE-IN),,City of Mt. Pleasant Precinct 4,0
Rep in State Legislature 92nd District (REP),Thomas Anderman,,City of Mt. Pleasant Precinct 5,9
Rep in State Legislature 92nd District (REP),Gene Haymaker,,City of Mt. Pleasant Precinct 5,37
Rep in State Legislature 92nd District (REP),Jerry Neyer,,City of Mt. Pleasant Precinct 5,45
Rep in State Legislature 92nd District (REP),Todd Schorle,,City of Mt. Pleasant Precinct 5,30
Rep in State Legislature 92nd District (REP),Erin Zimmer,,City of Mt. Pleasant Precinct 5,58
Rep in State Legislature 92nd District (REP),Write-In (WRITE-IN),,City of Mt. Pleasant Precinct 5,3
Rep in State Legislature 92nd District (REP),Thomas Anderman,,Coe Township Precinct 1,14
Rep in State Legislature 92nd District (REP),Gene Haymaker,,Coe Township Precinct 1,60
Rep in State Legislature 92nd District (REP),Jerry Neyer,,Coe Township Precinct 1,91
Rep in State Legislature 92nd District (REP),Todd Schorle,,Coe Township Precinct 1,41
Rep in State Legislature 92nd District (REP),Erin Zimmer,,Coe Township Precinct 1,55
Rep in State Legislature 92nd District (REP),Write-In (WRITE-IN),,Coe Township Precinct 1,0
Rep in State Legislature 92nd District (REP),Thomas Anderman,,Coe Township Precinct 2,7
Rep in State Legislature 92nd District (REP),Gene Haymaker,,Coe Township Precinct 2,39
Rep in State Legislature 92nd District (REP),Jerry Neyer,,Coe Township Precinct 2,77
Rep in State Legislature 92nd District (REP),Todd Schorle,,Coe Township Precinct 2,45
Rep in State Legislature 92nd District (REP),Erin Zimmer,,Coe Township Precinct 2,35
Rep in State Legislature 92nd District (REP),Write-In (WRITE-IN),,Coe Township Precinct 2,0
Rep in State Legislature 92nd District (REP),Thomas Anderman,,Coldwater Township Precinct 1,13
Rep in State Legislature 92nd District (REP),Gene Haymaker,,Coldwater Township Precinct 1,40
Rep in State Legislature 92nd District (REP),Jerry Neyer,,Coldwater Township Precinct 1,37
Rep in State Legislature 92nd District (REP),Todd Schorle,,Coldwater Township Precinct 1,21
Rep in State Legislature 92nd District (REP),Erin Zimmer,,Coldwater Township Precinct 1,17
Rep in State Legislature 92nd District (REP),Write-In (WRITE-IN),,Coldwater Township Precinct 1,0
Rep in State Legislature 92nd District (REP),Thomas Anderman,,Deerfield Township Precinct 1,18
Rep in State Legislature 92nd District (REP),Gene Haymaker,,Deerfield Township Precinct 1,68
Rep in State Legislature 92nd District (REP),Jerry Neyer,,Deerfield Township Precinct 1,106
Rep in State Legislature 92nd District (REP),Todd Schorle,,Deerfield Township Precinct 1,62
Rep in State Legislature 92nd District (REP),Erin Zimmer,,Deerfield Township Precinct 1,63
Rep in State Legislature 92nd District (REP),Write-In (WRITE-IN),,Deerfield Township Precinct 1,0
Rep in State Legislature 92nd District (REP),Thomas Anderman,,Deerfield Township Precinct 2,5
Rep in State Legislature 92nd District (REP),Gene Haymaker,,Deerfield Township Precinct 2,46
Rep in State Legislature 92nd District (REP),Jerry Neyer,,Deerfield Township Precinct 2,82
Rep in State Legislature 92nd District (REP),Todd Schorle,,Deerfield Township Precinct 2,41
Rep in State Legislature 92nd District (REP),Erin Zimmer,,Deerfield Township Precinct 2,44
Rep in State Legislature 92nd District (REP),Write-In (WRITE-IN),,Deerfield Township Precinct 2,0
Rep in State Legislature 92nd District (REP),Thomas Anderman,,Denver Township Precinct 1,5
Rep in State Legislature 92nd District (REP),Gene Haymaker,,Denver Township Precinct 1,26
Rep in State Legislature 92nd District (REP),Jerry Neyer,,Denver Township Precinct 1,34
Rep in State Legislature 92nd District (REP),Todd Schorle,,Denver Township Precinct 1,43
Rep in State Legislature 92nd District (REP),Erin Zimmer,,Denver Township Precinct 1,33
Rep in State Legislature 92nd District (REP),Write-In (WRITE-IN),,Denver Township Precinct 1,0
Rep in State Legislature 92nd District (REP),Thomas Anderman,,Fremont Township Precinct 1,13
Rep in State Legislature 92nd District (REP),Gene Haymaker,,Fremont Township Precinct 1,46
Rep in State Legislature 92nd District (REP),Jerry Neyer,,Fremont Township Precinct 1,86
Rep in State Legislature 92nd District (REP),Todd Schorle,,Fremont Township Precinct 1,23
Rep in State Legislature 92nd District (REP),Erin Zimmer,,Fremont Township Precinct 1,34
Rep in State Legislature 92nd District (REP),Write-In (WRITE-IN),,Fremont Township Precinct 1,0
Rep in State Legislature 92nd District (REP),Thomas Anderman,,Gilmore Township Precinct 1,10
Rep in State Legislature 92nd District (REP),Gene Haymaker,,Gilmore Township Precinct 1,53
Rep in State Legislature 92nd District (REP),Jerry Neyer,,Gilmore Township Precinct 1,75
Rep in State Legislature 92nd District (REP),Todd Schorle,,Gilmore Township Precinct 1,38
Rep in State Legislature 92nd District (REP),Erin Zimmer,,Gilmore Township Precinct 1,62
Rep in State Legislature 92nd District (REP),Write-In (WRITE-IN),,Gilmore Township Precinct 1,1
Rep in State Legislature 92nd District (REP),Thomas Anderman,,Isabella Township Precinct 1,10
Rep in State Legislature 92nd District (REP),Gene Haymaker,,Isabella Township Precinct 1,37
Rep in State Legislature 92nd District (REP),Jerry Neyer,,Isabella Township Precinct 1,129
Rep in State Legislature 92nd District (REP),Todd Schorle,,Isabella Township Precinct 1,64
Rep in State Legislature 92nd District (REP),Erin Zimmer,,Isabella Township Precinct 1,54
Rep in State Legislature 92nd District (REP),Write-In (WRITE-IN),,Isabella Township Precinct 1,0
Rep in State Legislature 92nd District (REP),Thomas Anderman,,Lincoln Township Precinct 1,8
Rep in State Legislature 92nd District (REP),Gene Haymaker,,Lincoln Township Precinct 1,57
Rep in State Legislature 92nd District (REP),Jerry Neyer,,Lincoln Township Precinct 1,138
Rep in State Legislature 92nd District (REP),Todd Schorle,,Lincoln Township Precinct 1,88
Rep in State Legislature 92nd District (REP),Erin Zimmer,,Lincoln Township Precinct 1,53
Rep in State Legislature 92nd District (REP),Write-In (WRITE-IN),,Lincoln Township Precinct 1,0
Rep in State Legislature 92nd District (REP),Thomas Anderman,,Nottawa Township Precinct 1,15
Rep in State Legislature 92nd District (REP),Gene Haymaker,,Nottawa Township Precinct 1,50
Rep in State Legislature 92nd District (REP),Jerry Neyer,,Nottawa Township Precinct 1,169
Rep in State Legislature 92nd District (REP),Todd Schorle,,Nottawa Township Precinct 1,41
Rep in State Legislature 92nd District (REP),Erin Zimmer,,Nottawa Township Precinct 1,88
Rep in State Legislature 92nd District (REP),Write-In (WRITE-IN),,Nottawa Township Precinct 1,0
Rep in State Legislature 92nd District (REP),Thomas Anderman,,Rolland Township Precinct 1,16
Rep in State Legislature 92nd District (REP),Gene Haymaker,,Rolland Township Precinct 1,38
Rep in State Legislature 92nd District (REP),Jerry Neyer,,Rolland Township Precinct 1,61
Rep in State Legislature 92nd District (REP),Todd Schorle,,Rolland Township Precinct 1,37
Rep in State Legislature 92nd District (REP),Erin Zimmer,,Rolland Township Precinct 1,17
Rep in State Legislature 92nd District (REP),Write-In (WRITE-IN),,Rolland Township Precinct 1,1
Rep in State Legislature 92nd District (REP),Thomas Anderman,,Sherman Township Precinct 1,37
Rep in State Legislature 92nd District (REP),Gene Haymaker,,Sherman Township Precinct 1,49
Rep in State Legislature 92nd District (REP),Jerry Neyer,,Sherman Township Precinct 1,89
Rep in State Legislature 92nd District (REP),Todd Schorle,,Sherman Township Precinct 1,35
Rep in State Legislature 92nd District (REP),Erin Zimmer,,Sherman Township Precinct 1,27
Rep in State Legislature 92nd District (REP),Write-In (WRITE-IN),,Sherman Township Precinct 1,0
Rep in State Legislature 92nd District (REP),Thomas Anderman,,Sherman Township Precinct 2,7
Rep in State Legislature 92nd District (REP),Gene Haymaker,,Sherman Township Precinct 2,30
Rep in State Legislature 92nd District (REP),Jerry Neyer,,Sherman Township Precinct 2,82
Rep in State Legislature 92nd District (REP),Todd Schorle,,Sherman Township Precinct 2,43
Rep in State Legislature 92nd District (REP),Erin Zimmer,,Sherman Township Precinct 2,55
Rep in State Legislature 92nd District (REP),Write-In (WRITE-IN),,Sherman Township Precinct 2,0
Rep in State Legislature 92nd District (REP),Thomas Anderman,,Union Charter Township Precinct 1,7
Rep in State Legislature 92nd District (REP),Gene Haymaker,,Union Charter Township Precinct 1,57
Rep in State Legislature 92nd District (REP),Jerry Neyer,,Union Charter Township Precinct 1,110
Rep in State Legislature 92nd District (REP),Todd Schorle,,Union Charter Township Precinct 1,61
Rep in State Legislature 92nd District (REP),Erin Zimmer,,Union Charter Township Precinct 1,102
Rep in State Legislature 92nd District (REP),Write-In (WRITE-IN),,Union Charter Township Precinct 1,1
Rep in State Legislature 92nd District (REP),Thomas Anderman,,Union Charter Township Precinct 2,9
Rep in State Legislature 92nd District (REP),Gene Haymaker,,Union Charter Township Precinct 2,73
Rep in State Legislature 92nd District (REP),Jerry Neyer,,Union Charter Township Precinct 2,48
Rep in State Legislature 92nd District (REP),Todd Schorle,,Union Charter Township Precinct 2,49
Rep in State Legislature 92nd District (REP),Erin Zimmer,,Union Charter Township Precinct 2,50
Rep in State Legislature 92nd District (REP),Write-In (WRITE-IN),,Union Charter Township Precinct 2,0
Rep in State Legislature 92nd District (REP),Thomas Anderman,,Union Charter Township Precinct 3,14
Rep in State Legislature 92nd District (REP),Gene Haymaker,,Union Charter Township Precinct 3,36
Rep in State Legislature 92nd District (REP),Jerry Neyer,,Union Charter Township Precinct 3,79
Rep in State Legislature 92nd District (REP),Todd Schorle,,Union Charter Township Precinct 3,56
Rep in State Legislature 92nd District (REP),Erin Zimmer,,Union Charter Township Precinct 3,63
Rep in State Legislature 92nd District (REP),Write-In (WRITE-IN),,Union Charter Township Precinct 3,0
Rep in State Legislature 92nd District (REP),Thomas Anderman,,Vernon Township Precinct 1,8
Rep in State Legislature 92nd District (REP),Gene Haymaker,,Vernon Township Precinct 1,38
Rep in State Legislature 92nd District (REP),Jerry Neyer,,Vernon Township Precinct 1,85
Rep in State Legislature 92nd District (REP),Todd Schorle,,Vernon Township Precinct 1,40
Rep in State Legislature 92nd District (REP),Erin Zimmer,,Vernon Township Precinct 1,47
Rep in State Legislature 92nd District (REP),Write-In (WRITE-IN),,Vernon Township Precinct 1,0
Rep in State Legislature 92nd District (REP),Thomas Anderman,,Wise Township Precinct 1,6
Rep in State Legislature 92nd District (REP),Gene Haymaker,,Wise Township Precinct 1,38
Rep in State Legislature 92nd District (REP),Jerry Neyer,,Wise Township Precinct 1,76
Rep in State Legislature 92nd District (REP),Todd Schorle,,Wise Township Precinct 1,38
Rep in State Legislature 92nd District (REP),Erin Zimmer,,Wise Township Precinct 1,31
Rep in State Legislature 92nd District (REP),Write-In (WRITE-IN),,Wise Township Precinct 1,0
County Road Commissioner (REP),Bill Hauck,,Broomfield Township Precinct 1,219
County Road Commissioner (REP),Terry L. Turnwald,,Broomfield Township Precinct 1,161
County Road Commissioner (REP),Write-In (WRITE-IN),,Broomfield Township Precinct 1,0
County Road Commissioner (REP),Bill Hauck,,Chippewa Township Precinct 1,141
County Road Commissioner (REP),Terry L. Turnwald,,Chippewa Township Precinct 1,146
County Road Commissioner (REP),Write-In (WRITE-IN),,Chippewa Township Precinct 1,0
County Road Commissioner (REP),Bill Hauck,,Chippewa Township Precinct 2,90
County Road Commissioner (REP),Terry L. Turnwald,,Chippewa Township Precinct 2,68
County Road Commissioner (REP),Write-In (WRITE-IN),,Chippewa Township Precinct 2,0
County Road Commissioner (REP),Bill Hauck,,City of Clare Precinct 1,6
County Road Commissioner (REP),Terry L. Turnwald,,City of Clare Precinct 1,1
County Road Commissioner (REP),Write-In (WRITE-IN),,City of Clare Precinct 1,0
County Road Commissioner (REP),Bill Hauck,,City of Mt. Pleasant Precinct 1,124
County Road Commissioner (REP),Terry L. Turnwald,,City of Mt. Pleasant Precinct 1,78
County Road Commissioner (REP),Write-In (WRITE-IN),,City of Mt. Pleasant Precinct 1,0
County Road Commissioner (REP),Bill Hauck,,City of Mt. Pleasant Precinct 2,100
County Road Commissioner (REP),Terry L. Turnwald,,City of Mt. Pleasant Precinct 2,77
County Road Commissioner (REP),Write-In (WRITE-IN),,City of Mt. Pleasant Precinct 2,3
County Road Commissioner (REP),Bill Hauck,,City of Mt. Pleasant Precinct 3,251
County Road Commissioner (REP),Terry L. Turnwald,,City of Mt. Pleasant Precinct 3,168
County Road Commissioner (REP),Write-In (WRITE-IN),,City of Mt. Pleasant Precinct 3,2
County Road Commissioner (REP),Bill Hauck,,City of Mt. Pleasant Precinct 4,135
County Road Commissioner (REP),Terry L. Turnwald,,City of Mt. Pleasant Precinct 4,90
County Road Commissioner (REP),Write-In (WRITE-IN),,City of Mt. Pleasant Precinct 4,0
County Road Commissioner (REP),Bill Hauck,,City of Mt. Pleasant Precinct 5,133
County Road Commissioner (REP),Terry L. Turnwald,,City of Mt. Pleasant Precinct 5,87
County Road Commissioner (REP),Write-In (WRITE-IN),,City of Mt. Pleasant Precinct 5,2
County Road Commissioner (REP),Bill Hauck,,Coe Township Precinct 1,159
County Road Commissioner (REP),Terry L. Turnwald,,Coe Township Precinct 1,164
County Road Commissioner (REP),Write-In (WRITE-IN),,Coe Township Precinct 1,0
County Road Commissioner (REP),Bill Hauck,,Coe Township Precinct 2,108
County Road Commissioner (REP),Terry L. Turnwald,,Coe Township Precinct 2,134
County Road Commissioner (REP),Write-In (WRITE-IN),,Coe Township Precinct 2,0
County Road Commissioner (REP),Bill Hauck,,Coldwater Township Precinct 1,92
County Road Commissioner (REP),Terry L. Turnwald,,Coldwater Township Precinct 1,45
County Road Commissioner (REP),Write-In (WRITE-IN),,Coldwater Township Precinct 1,0
County Road Commissioner (REP),Bill Hauck,,Deerfield Township Precinct 1,226
County Road Commissioner (REP),Terry L. Turnwald,,Deerfield Township Precinct 1,171
County Road Commissioner (REP),Write-In (WRITE-IN),,Deerfield Township Precinct 1,0
County Road Commissioner (REP),Bill Hauck,,Deerfield Township Precinct 2,158
County Road Commissioner (REP),Terry L. Turnwald,,Deerfield Township Precinct 2,113
County Road Commissioner (REP),Write-In (WRITE-IN),,Deerfield Township Precinct 2,0
County Road Commissioner (REP),Bill Hauck,,Denver Township Precinct 1,89
County Road Commissioner (REP),Terry L. Turnwald,,Denver Township Precinct 1,49
County Road Commissioner (REP),Write-In (WRITE-IN),,Denver Township Precinct 1,0
County Road Commissioner (REP),Bill Hauck,,Fremont Township Precinct 1,128
County Road Commissioner (REP),Terry L. Turnwald,,Fremont Township Precinct 1,108
County Road Commissioner (REP),Write-In (WRITE-IN),,Fremont Township Precinct 1,0
County Road Commissioner (REP),Bill Hauck,,Gilmore Township Precinct 1,194
County Road Commissioner (REP),Terry L. Turnwald,,Gilmore Township Precinct 1,111
County Road Commissioner (REP),Write-In (WRITE-IN),,Gilmore Township Precinct 1,0
County Road Commissioner (REP),Bill Hauck,,Isabella Township Precinct 1,176
County Road Commissioner (REP),Terry L. Turnwald,,Isabella Township Precinct 1,130
County Road Commissioner (REP),Write-In (WRITE-IN),,Isabella Township Precinct 1,1
County Road Commissioner (REP),Bill Hauck,,Lincoln Township Precinct 1,219
County Road Commissioner (REP),Terry L. Turnwald,,Lincoln Township Precinct 1,212
County Road Commissioner (REP),Write-In (WRITE-IN),,Lincoln Township Precinct 1,2
County Road Commissioner (REP),Bill Hauck,,Nottawa Township Precinct 1,282
County Road Commissioner (REP),Terry L. Turnwald,,Nottawa Township Precinct 1,170
County Road Commissioner (REP),Write-In (WRITE-IN),,Nottawa Township Precinct 1,0
County Road Commissioner (REP),Bill Hauck,,Rolland Township Precinct 1,113
County Road Commissioner (REP),Terry L. Turnwald,,Rolland Township Precinct 1,91
County Road Commissioner (REP),Write-In (WRITE-IN),,Rolland Township Precinct 1,1
County Road Commissioner (REP),Bill Hauck,,Sherman Township Precinct 1,189
County Road Commissioner (REP),Terry L. Turnwald,,Sherman Township Precinct 1,91
County Road Commissioner (REP),Write-In (WRITE-IN),,Sherman Township Precinct 1,1
County Road Commissioner (REP),Bill Hauck,,Sherman Township Precinct 2,171
County Road Commissioner (REP),Terry L. Turnwald,,Sherman Township Precinct 2,92
County Road Commissioner (REP),Write-In (WRITE-IN),,Sherman Township Precinct 2,1
County Road Commissioner (REP),Bill Hauck,,Union Charter Township Precinct 1,255
County Road Commissioner (REP),Terry L. Turnwald,,Union Charter Township Precinct 1,167
County Road Commissioner (REP),Write-In (WRITE-IN),,Union Charter Township Precinct 1,1
County Road Commissioner (REP),Bill Hauck,,Union Charter Township Precinct 2,170
County Road Commissioner (REP),Terry L. Turnwald,,Union Charter Township Precinct 2,105
County Road Commissioner (REP),Write-In (WRITE-IN),,Union Charter Township Precinct 2,1
County Road Commissioner (REP),Bill Hauck,,Union Charter Township Precinct 3,186
County Road Commissioner (REP),Terry L. Turnwald,,Union Charter Township Precinct 3,106
County Road Commissioner (REP),Write-In (WRITE-IN),,Union Charter Township Precinct 3,0
County Road Commissioner (REP),Bill Hauck,,Vernon Township Precinct 1,161
County Road Commissioner (REP),Terry L. Turnwald,,Vernon Township Precinct 1,115
County Road Commissioner (REP),Write-In (WRITE-IN),,Vernon Township Precinct 1,0
County Road Commissioner (REP),Bill Hauck,,Wise Township Precinct 1,144
County Road Commissioner (REP),Terry L. Turnwald,,Wise Township Precinct 1,78
County Road Commissioner (REP),Write-In (WRITE-IN),,Wise Township Precinct 1,1
County Commissioner 5th District (REP),Write-In (WRITE-IN),,City of Mt. Pleasant Precinct 1,21
County Commissioner 5th District (REP),Write-In (WRITE-IN),,City of Mt. Pleasant Precinct 2,8
County Commissioner 5th District (REP),Write-In (WRITE-IN),,City of Mt. Pleasant Precinct 3,30
Precinct Delegate for City of Mt. Pleasant  Precinct 1 (REP),Write-In (WRITE-IN),,City of Mt. Pleasant Precinct 1,38
Isabella County Medical Care Facility Operations  Maintenance  and capital Millage,Yes,,Broomfield Township Precinct 1,185
Isabella County Medical Care Facility Operations  Maintenance  and capital Millage,No,,Broomfield Township Precinct 1,185
Isabella County Medical Care Facility Operations  Maintenance  and capital Millage,Yes,,Chippewa Township Precinct 1,205
Isabella County Medical Care Facility Operations  Maintenance  and capital Millage,No,,Chippewa Township Precinct 1,162
Isabella County Medical Care Facility Operations  Maintenance  and capital Millage,Yes,,Chippewa Township Precinct 2,107
Isabella County Medical Care Facility Operations  Maintenance  and capital Millage,No,,Chippewa Township Precinct 2,117
Isabella County Medical Care Facility Operations  Maintenance  and capital Millage,Yes,,City of Clare Precinct 1,3
Isabella County Medical Care Facility Operations  Maintenance  and capital Millage,No,,City of Clare Precinct 1,3
Isabella County Medical Care Facility Operations  Maintenance  and capital Millage,Yes,,City of Mt. Pleasant Precinct 1,211
Isabella County Medical Care Facility Operations  Maintenance  and capital Millage,No,,City of Mt. Pleasant Precinct 1,119
Isabella County Medical Care Facility Operations  Maintenance  and capital Millage,Yes,,City of Mt. Pleasant Precinct 2,279
Isabella County Medical Care Facility Operations  Maintenance  and capital Millage,No,,City of Mt. Pleasant Precinct 2,112
Isabella County Medical Care Facility Operations  Maintenance  and capital Millage,Yes,,City of Mt. Pleasant Precinct 3,440
Isabella County Medical Care Facility Operations  Maintenance  and capital Millage,No,,City of Mt. Pleasant Precinct 3,239
Isabella County Medical Care Facility Operations  Maintenance  and capital Millage,Yes,,City of Mt. Pleasant Precinct 4,264
Isabella County Medical Care Facility Operations  Maintenance  and capital Millage,No,,City of Mt. Pleasant Precinct 4,90
Isabella County Medical Care Facility Operations  Maintenance  and capital Millage,Yes,,City of Mt. Pleasant Precinct 5,322
Isabella County Medical Care Facility Operations  Maintenance  and capital Millage,No,,City of Mt. Pleasant Precinct 5,111
Isabella County Medical Care Facility Operations  Maintenance  and capital Millage,Yes,,Coe Township Precinct 1,193
Isabella County Medical Care Facility Operations  Maintenance  and capital Millage,No,,Coe Township Precinct 1,161
Isabella County Medical Care Facility Operations  Maintenance  and capital Millage,Yes,,Coe Township Precinct 2,155
Isabella County Medical Care Facility Operations  Maintenance  and capital Millage,No,,Coe Township Precinct 2,133
Isabella County Medical Care Facility Operations  Maintenance  and capital Millage,Yes,,Coldwater Township Precinct 1,64
Isabella County Medical Care Facility Operations  Maintenance  and capital Millage,No,,Coldwater Township Precinct 1,91
Isabella County Medical Care Facility Operations  Maintenance  and capital Millage,Yes,,Deerfield Township Precinct 1,249
Isabella County Medical Care Facility Operations  Maintenance  and capital Millage,No,,Deerfield Township Precinct 1,232
Isabella County Medical Care Facility Operations  Maintenance  and capital Millage,Yes,,Deerfield Township Precinct 2,150
Isabella County Medical Care Facility Operations  Maintenance  and capital Millage,No,,Deerfield Township Precinct 2,120
Isabella County Medical Care Facility Operations  Maintenance  and capital Millage,Yes,,Denver Township Precinct 1,80
Isabella County Medical Care Facility Operations  Maintenance  and capital Millage,No,,Denver Township Precinct 1,96
Isabella County Medical Care Facility Operations  Maintenance  and capital Millage,Yes,,Fremont Township Precinct 1,135
Isabella County Medical Care Facility Operations  Maintenance  and capital Millage,No,,Fremont Township Precinct 1,127
Isabella County Medical Care Facility Operations  Maintenance  and capital Millage,Yes,,Gilmore Township Precinct 1,144
Isabella County Medical Care Facility Operations  Maintenance  and capital Millage,No,,Gilmore Township Precinct 1,172
Isabella County Medical Care Facility Operations  Maintenance  and capital Millage,Yes,,Isabella Township Precinct 1,213
Isabella County Medical Care Facility Operations  Maintenance  and capital Millage,No,,Isabella Township Precinct 1,181
Isabella County Medical Care Facility Operations  Maintenance  and capital Millage,Yes,,Lincoln Township Precinct 1,220
Isabella County Medical Care Facility Operations  Maintenance  and capital Millage,No,,Lincoln Township Precinct 1,214
Isabella County Medical Care Facility Operations  Maintenance  and capital Millage,Yes,,Nottawa Township Precinct 1,242
Isabella County Medical Care Facility Operations  Maintenance  and capital Millage,No,,Nottawa Township Precinct 1,172
Isabella County Medical Care Facility Operations  Maintenance  and capital Millage,Yes,,Rolland Township Precinct 1,93
Isabella County Medical Care Facility Operations  Maintenance  and capital Millage,No,,Rolland Township Precinct 1,133
Isabella County Medical Care Facility Operations  Maintenance  and capital Millage,Yes,,Sherman Township Precinct 1,153
Isabella County Medical Care Facility Operations  Maintenance  and capital Millage,No,,Sherman Township Precinct 1,145
Isabella County Medical Care Facility Operations  Maintenance  and capital Millage,Yes,,Sherman Township Precinct 2,146
Isabella County Medical Care Facility Operations  Maintenance  and capital Millage,No,,Sherman Township Precinct 2,123
Isabella County Medical Care Facility Operations  Maintenance  and capital Millage,Yes,,Union Charter Township Precinct 1,276
Isabella County Medical Care Facility Operations  Maintenance  and capital Millage,No,,Union Charter Township Precinct 1,209
Isabella County Medical Care Facility Operations  Maintenance  and capital Millage,Yes,,Union Charter Township Precinct 2,250
Isabella County Medical Care Facility Operations  Maintenance  and capital Millage,No,,Union Charter Township Precinct 2,149
Isabella County Medical Care Facility Operations  Maintenance  and capital Millage,Yes,,Union Charter Township Precinct 3,243
Isabella County Medical Care Facility Operations  Maintenance  and capital Millage,No,,Union Charter Township Precinct 3,137
Isabella County Medical Care Facility Operations  Maintenance  and capital Millage,Yes,,Vernon Township Precinct 1,124
Isabella County Medical Care Facility Operations  Maintenance  and capital Millage,No,,Vernon Township Precinct 1,130
Isabella County Medical Care Facility Operations  Maintenance  and capital Millage,Yes,,Wise Township Precinct 1,106
Isabella County Medical Care Facility Operations  Maintenance  and capital Millage,No,,Wise Township Precinct 1,151
Precinct Delegate for City of Mt. Pleasant  Precinct 2 (DEM),Bob Busch,,City of Mt. Pleasant Precinct 2,221
Precinct Delegate for City of Mt. Pleasant  Precinct 2 (DEM),Elizabeth Busch,,City of Mt. Pleasant Precinct 2,244
Precinct Delegate for City of Mt. Pleasant  Precinct 2 (DEM),Seally Busch,,City of Mt. Pleasant Precinct 2,207
Precinct Delegate for City of Mt. Pleasant  Precinct 2 (DEM),Write-In (WRITE-IN),,City of Mt. Pleasant Precinct 2,22
Precinct Delegate for City of Mt. Pleasant  Precinct 2 (REP),Russell D. Hyde,,City of Mt. Pleasant Precinct 2,73
Precinct Delegate for City of Mt. Pleasant  Precinct 2 (REP),Robin Stressman,,City of Mt. Pleasant Precinct 2,102
Precinct Delegate for City of Mt. Pleasant  Precinct 2 (REP),Steven M. Stressman,,City of Mt. Pleasant Precinct 2,82
Precinct Delegate for City of Mt. Pleasant  Precinct 2 (REP),Write-In (WRITE-IN),,City of Mt. Pleasant Precinct 2,1
Precinct Delegate for City of Mt. Pleasant  Precinct 3 (DEM),Ed Vazquez,,City of Mt. Pleasant Precinct 3,232
Precinct Delegate for City of Mt. Pleasant  Precinct 3 (DEM),Pat Heitman,,City of Mt. Pleasant Precinct 3,239
Precinct Delegate for City of Mt. Pleasant  Precinct 3 (DEM),Mary L. Alsager,,City of Mt. Pleasant Precinct 3,277
Precinct Delegate for City of Mt. Pleasant  Precinct 3 (DEM),Write-In (WRITE-IN),,City of Mt. Pleasant Precinct 3,2
Precinct Delegate for City of Mt. Pleasant  Precinct 3 (REP),Dawn L. Betha,,City of Mt. Pleasant Precinct 3,139
Precinct Delegate for City of Mt. Pleasant  Precinct 3 (REP),Douglas Davis  Jr.,,City of Mt. Pleasant Precinct 3,144
Precinct Delegate for City of Mt. Pleasant  Precinct 3 (REP),Amy M. Ervin,,City of Mt. Pleasant Precinct 3,204
Precinct Delegate for City of Mt. Pleasant  Precinct 3 (REP),Erin Zimmer,,City of Mt. Pleasant Precinct 3,242
Precinct Delegate for City of Mt. Pleasant  Precinct 3 (REP),Write-In (WRITE-IN),,City of Mt. Pleasant Precinct 3,5
County Commissioner 6th District (DEM),Steve Swaney,,City of Mt. Pleasant Precinct 4,185
County Commissioner 6th District (DEM),Write-In (WRITE-IN),,City of Mt. Pleasant Precinct 4,0
County Commissioner 6th District (DEM),Steve Swaney,,Union Charter Township Precinct 2,193
County Commissioner 6th District (DEM),Write-In (WRITE-IN),,Union Charter Township Precinct 2,1
County Commissioner 6th District (DEM),Steve Swaney,,Union Charter Township Precinct 3,14
County Commissioner 6th District (DEM),Write-In (WRITE-IN),,Union Charter Township Precinct 3,0
Precinct Delegate for City of Mt. Pleasant  Precinct 4 (DEM),Joshua Adams,,City of Mt. Pleasant Precinct 4,149
Precinct Delegate for City of Mt. Pleasant  Precinct 4 (DEM),Anthony D. Feig,,City of Mt. Pleasant Precinct 4,165
Precinct Delegate for City of Mt. Pleasant  Precinct 4 (DEM),Cathy Willermet,,City of Mt. Pleasant Precinct 4,162
Precinct Delegate for City of Mt. Pleasant  Precinct 4 (DEM),Write-In (WRITE-IN),,City of Mt. Pleasant Precinct 4,0
County Commissioner 6th District (REP),Write-In (WRITE-IN),,City of Mt. Pleasant Precinct 4,11
County Commissioner 6th District (REP),Write-In (WRITE-IN),,Union Charter Township Precinct 2,19
County Commissioner 6th District (REP),Write-In (WRITE-IN),,Union Charter Township Precinct 3,1
Precinct Delegate for City of Mt. Pleasant  Precinct 4 (REP),Diane Anderman,,City of Mt. Pleasant Precinct 4,103
Precinct Delegate for City of Mt. Pleasant  Precinct 4 (REP),Brian Rush,,City of Mt. Pleasant Precinct 4,124
Precinct Delegate for City of Mt. Pleasant  Precinct 4 (REP),Write-In (WRITE-IN),,City of Mt. Pleasant Precinct 4,7
County Commissioner 7th District (DEM),Tobin D. Hope,,City of Mt. Pleasant Precinct 5,243
County Commissioner 7th District (DEM),Write-In (WRITE-IN),,City of Mt. Pleasant Precinct 5,1
Precinct Delegate for City of Mt. Pleasant  Precinct 5 (DEM),Joyce A. Baugh,,City of Mt. Pleasant Precinct 5,210
Precinct Delegate for City of Mt. Pleasant  Precinct 5 (DEM),Timothy Caldwell,,City of Mt. Pleasant Precinct 5,192
Precinct Delegate for City of Mt. Pleasant  Precinct 5 (DEM),Edward W. Clayton,,City of Mt. Pleasant Precinct 5,189
Precinct Delegate for City of Mt. Pleasant  Precinct 5 (DEM),Barbara Dixon,,City of Mt. Pleasant Precinct 5,213
Precinct Delegate for City of Mt. Pleasant  Precinct 5 (DEM),Roger D. Hatch,,City of Mt. Pleasant Precinct 5,192
Precinct Delegate for City of Mt. Pleasant  Precinct 5 (DEM),Jessica Jernigan,,City of Mt. Pleasant Precinct 5,202
Precinct Delegate for City of Mt. Pleasant  Precinct 5 (DEM),Write-In (WRITE-IN),,City of Mt. Pleasant Precinct 5,2
County Commissioner 7th District (REP),Write-In (WRITE-IN),,City of Mt. Pleasant Precinct 5,14
Precinct Delegate for City of Mt. Pleasant  Precinct 5 (REP),Christine Kelly Fountain,,City of Mt. Pleasant Precinct 5,94
Precinct Delegate for City of Mt. Pleasant  Precinct 5 (REP),Cindy Walz,,City of Mt. Pleasant Precinct 5,98
Precinct Delegate for City of Mt. Pleasant  Precinct 5 (REP),Aaron J. White,,City of Mt. Pleasant Precinct 5,103
Precinct Delegate for City of Mt. Pleasant  Precinct 5 (REP),Write-In (WRITE-IN),,City of Mt. Pleasant Precinct 5,4
County Commissioner 2nd District (DEM),Kevin Smith,,Broomfield Township Precinct 1,41
County Commissioner 2nd District (DEM),Karyn Walters,,Broomfield Township Precinct 1,40
County Commissioner 2nd District (DEM),Write-In (WRITE-IN),,Broomfield Township Precinct 1,1
County Commissioner 2nd District (DEM),Kevin Smith,,Coldwater Township Precinct 1,10
County Commissioner 2nd District (DEM),Karyn Walters,,Coldwater Township Precinct 1,20
County Commissioner 2nd District (DEM),Write-In (WRITE-IN),,Coldwater Township Precinct 1,0
County Commissioner 2nd District (DEM),Kevin Smith,,Fremont Township Precinct 1,20
County Commissioner 2nd District (DEM),Karyn Walters,,Fremont Township Precinct 1,38
County Commissioner 2nd District (DEM),Write-In (WRITE-IN),,Fremont Township Precinct 1,0
County Commissioner 2nd District (DEM),Kevin Smith,,Rolland Township Precinct 1,43
County Commissioner 2nd District (DEM),Karyn Walters,,Rolland Township Precinct 1,22
County Commissioner 2nd District (DEM),Write-In (WRITE-IN),,Rolland Township Precinct 1,0
County Commissioner 2nd District (DEM),Kevin Smith,,Sherman Township Precinct 1,39
County Commissioner 2nd District (DEM),Karyn Walters,,Sherman Township Precinct 1,38
County Commissioner 2nd District (DEM),Write-In (WRITE-IN),,Sherman Township Precinct 1,0
County Commissioner 2nd District (DEM),Kevin Smith,,Sherman Township Precinct 2,23
County Commissioner 2nd District (DEM),Karyn Walters,,Sherman Township Precinct 2,51
County Commissioner 2nd District (DEM),Write-In (WRITE-IN),,Sherman Township Precinct 2,0
Precinct Delegate for Broomfield Township  Precinct 1 (DEM),Write-In (WRITE-IN),,Broomfield Township Precinct 1,3
County Commissioner 2nd District (REP),Christopher L. Embrey,,Broomfield Township Precinct 1,157
County Commissioner 2nd District (REP),Jeffrey P. Grey,,Broomfield Township Precinct 1,125
County Commissioner 2nd District (REP),Write-In (WRITE-IN),,Broomfield Township Precinct 1,2
County Commissioner 2nd District (REP),Christopher L. Embrey,,Coldwater Township Precinct 1,65
County Commissioner 2nd District (REP),Jeffrey P. Grey,,Coldwater Township Precinct 1,39
County Commissioner 2nd District (REP),Write-In (WRITE-IN),,Coldwater Township Precinct 1,0
County Commissioner 2nd District (REP),Christopher L. Embrey,,Fremont Township Precinct 1,78
County Commissioner 2nd District (REP),Jeffrey P. Grey,,Fremont Township Precinct 1,87
County Commissioner 2nd District (REP),Write-In (WRITE-IN),,Fremont Township Precinct 1,2
County Commissioner 2nd District (REP),Christopher L. Embrey,,Rolland Township Precinct 1,64
County Commissioner 2nd District (REP),Jeffrey P. Grey,,Rolland Township Precinct 1,72
County Commissioner 2nd District (REP),Write-In (WRITE-IN),,Rolland Township Precinct 1,1
County Commissioner 2nd District (REP),Christopher L. Embrey,,Sherman Township Precinct 1,168
County Commissioner 2nd District (REP),Jeffrey P. Grey,,Sherman Township Precinct 1,51
County Commissioner 2nd District (REP),Write-In (WRITE-IN),,Sherman Township Precinct 1,2
County Commissioner 2nd District (REP),Christopher L. Embrey,,Sherman Township Precinct 2,110
County Commissioner 2nd District (REP),Jeffrey P. Grey,,Sherman Township Precinct 2,96
County Commissioner 2nd District (REP),Write-In (WRITE-IN),,Sherman Township Precinct 2,0
Precinct Delegate for Broomfield Township  Precinct 1 (REP),Linda Richardson,,Broomfield Township Precinct 1,255
Precinct Delegate for Broomfield Township  Precinct 1 (REP),Write-In (WRITE-IN),,Broomfield Township Precinct 1,3
County Commissioner 3rd District (DEM),Write-In (WRITE-IN),,Chippewa Township Precinct 1,21
County Commissioner 3rd District (DEM),Write-In (WRITE-IN),,Chippewa Township Precinct 2,6
County Commissioner 3rd District (DEM),Write-In (WRITE-IN),,Coe Township Precinct 1,8
County Commissioner 3rd District (DEM),Write-In (WRITE-IN),,Coe Township Precinct 2,7
County Commissioner 3rd District (DEM),Write-In (WRITE-IN),,Lincoln Township Precinct 1,8
Precinct Delegate for Chippewa Township  Precinct 1 (DEM),Harrie Bleecker,,Chippewa Township Precinct 1,124
Precinct Delegate for Chippewa Township  Precinct 1 (DEM),Write-In (WRITE-IN),,Chippewa Township Precinct 1,0
County Commissioner 3rd District (REP),Jerry Jaloszynski,,Chippewa Township Precinct 1,188
County Commissioner 3rd District (REP),Write-In (WRITE-IN),,Chippewa Township Precinct 1,1
County Commissioner 3rd District (REP),Jerry Jaloszynski,,Chippewa Township Precinct 2,106
County Commissioner 3rd District (REP),Write-In (WRITE-IN),,Chippewa Township Precinct 2,0
County Commissioner 3rd District (REP),Jerry Jaloszynski,,Coe Township Precinct 1,232
County Commissioner 3rd District (REP),Write-In (WRITE-IN),,Coe Township Precinct 1,2
County Commissioner 3rd District (REP),Jerry Jaloszynski,,Coe Township Precinct 2,173
County Commissioner 3rd District (REP),Write-In (WRITE-IN),,Coe Township Precinct 2,2
County Commissioner 3rd District (REP),Jerry Jaloszynski,,Lincoln Township Precinct 1,278
County Commissioner 3rd District (REP),Write-In (WRITE-IN),,Lincoln Township Precinct 1,3
Precinct Delegate for Chippewa Township  Precinct 1 (REP),April L. Borton,,Chippewa Township Precinct 1,125
Precinct Delegate for Chippewa Township  Precinct 1 (REP),Larry Borton,,Chippewa Township Precinct 1,101
Precinct Delegate for Chippewa Township  Precinct 1 (REP),Kurt D. Fisher,,Chippewa Township Precinct 1,139
Precinct Delegate for Chippewa Township  Precinct 1 (REP),Jay Michaud,,Chippewa Township Precinct 1,98
Precinct Delegate for Chippewa Township  Precinct 1 (REP),Write-In (WRITE-IN),,Chippewa Township Precinct 1,1
Shepherd Public Schools Operating Millage Renewal Proposal,Yes,,Chippewa Township Precinct 1,182
Shepherd Public Schools Operating Millage Renewal Proposal,No,,Chippewa Township Precinct 1,130
Shepherd Public Schools Operating Millage Renewal Proposal,Yes,,Chippewa Township Precinct 2,73
Shepherd Public Schools Operating Millage Renewal Proposal,No,,Chippewa Township Precinct 2,75
Shepherd Public Schools Operating Millage Renewal Proposal,Yes,,Coe Township Precinct 1,245
Shepherd Public Schools Operating Millage Renewal Proposal,No,,Coe Township Precinct 1,114
Shepherd Public Schools Operating Millage Renewal Proposal,Yes,,Coe Township Precinct 2,178
Shepherd Public Schools Operating Millage Renewal Proposal,No,,Coe Township Precinct 2,100
Shepherd Public Schools Operating Millage Renewal Proposal,Yes,,Deerfield Township Precinct 1,2
Shepherd Public Schools Operating Millage Renewal Proposal,No,,Deerfield Township Precinct 1,0
Shepherd Public Schools Operating Millage Renewal Proposal,Yes,,Denver Township Precinct 1,2
Shepherd Public Schools Operating Millage Renewal Proposal,No,,Denver Township Precinct 1,0
Shepherd Public Schools Operating Millage Renewal Proposal,Yes,,Fremont Township Precinct 1,67
Shepherd Public Schools Operating Millage Renewal Proposal,No,,Fremont Township Precinct 1,41
Shepherd Public Schools Operating Millage Renewal Proposal,Yes,,Lincoln Township Precinct 1,209
Shepherd Public Schools Operating Millage Renewal Proposal,No,,Lincoln Township Precinct 1,146
Shepherd Public Schools Operating Millage Renewal Proposal,Yes,,Greendale Township Precinct 1 (Midland),48
Shepherd Public Schools Operating Millage Renewal Proposal,No,,Greendale Township Precinct 1 (Midland),37
Shepherd Public Schools Operating Millage Renewal Proposal,Yes,,Jasper Township Precinct 1 (Midland),3
Shepherd Public Schools Operating Millage Renewal Proposal,No,,Jasper Township Precinct 1 (Midland),0
Shepherd Public Schools Operating Millage Renewal Proposal,Yes,,Pine River Township Precinct 1 (Gratiot),7
Shepherd Public Schools Operating Millage Renewal Proposal,No,,Pine River Township Precinct 1 (Gratiot),1
Shepherd Public Schools Operating Millage Renewal Proposal,Yes,,Seville Township Precinct 1 (Gratiot),2
Shepherd Public Schools Operating Millage Renewal Proposal,No,,Seville Township Precinct 1 (Gratiot),4
Precinct Delegate for Chippewa Township  Precinct 2 (DEM),Write-In (WRITE-IN),,Chippewa Township Precinct 2,3
Precinct Delegate for Chippewa Township  Precinct 2 (REP),Kyle L. White,,Chippewa Township Precinct 2,105
Precinct Delegate for Chippewa Township  Precinct 2 (REP),Write-In (WRITE-IN),,Chippewa Township Precinct 2,1
Precinct Delegate for Coe Township  Precinct 1 (DEM),Write-In (WRITE-IN),,Coe Township Precinct 1,3
Precinct Delegate for Coe Township  Precinct 1 (REP),Marsha Cline,,Coe Township Precinct 1,217
Precinct Delegate for Coe Township  Precinct 1 (REP),Write-In (WRITE-IN),,Coe Township Precinct 1,6
Precinct Delegate for Coe Township  Precinct 2 (DEM),Write-In (WRITE-IN),,Coe Township Precinct 2,5
Precinct Delegate for Coe Township  Precinct 2 (REP),Paul C. Kruska,,Coe Township Precinct 2,162
Precinct Delegate for Coe Township  Precinct 2 (REP),Write-In (WRITE-IN),,Coe Township Precinct 2,5
Precinct Delegate for Coldwater Township  Precinct 1 (DEM),Write-In (WRITE-IN),,Coldwater Township Precinct 1,12
Precinct Delegate for Coldwater Township  Precinct 1 (REP),Write-In (WRITE-IN),,Coldwater Township Precinct 1,7
County Commissioner 4th District (DEM),Tamara Neff,,Deerfield Township Precinct 1,172
County Commissioner 4th District (DEM),Write-In (WRITE-IN),,Deerfield Township Precinct 1,0
County Commissioner 4th District (DEM),Tamara Neff,,Deerfield Township Precinct 2,57
County Commissioner 4th District (DEM),Write-In (WRITE-IN),,Deerfield Township Precinct 2,0
County Commissioner 4th District (DEM),Tamara Neff,,Union Charter Township Precinct 1,188
County Commissioner 4th District (DEM),Write-In (WRITE-IN),,Union Charter Township Precinct 1,0
County Commissioner 4th District (DEM),Tamara Neff,,Union Charter Township Precinct 3,132
County Commissioner 4th District (DEM),Write-In (WRITE-IN),,Union Charter Township Precinct 3,0
Precinct Delegate for Deerfield Township  Precinct 1 (DEM),Shelly A. Smith,,Deerfield Township Precinct 1,156
Precinct Delegate for Deerfield Township  Precinct 1 (DEM),Jonnie Taton,,Deerfield Township Precinct 1,137
Precinct Delegate for Deerfield Township  Precinct 1 (DEM),Matthew Taton,,Deerfield Township Precinct 1,138
Precinct Delegate for Deerfield Township  Precinct 1 (DEM),Write-In (WRITE-IN),,Deerfield Township Precinct 1,0
County Commissioner 4th District (REP),Frank Engler,,Deerfield Township Precinct 1,265
County Commissioner 4th District (REP),Write-In (WRITE-IN),,Deerfield Township Precinct 1,2
County Commissioner 4th District (REP),Frank Engler,,Deerfield Township Precinct 2,189
County Commissioner 4th District (REP),Write-In (WRITE-IN),,Deerfield Township Precinct 2,0
County Commissioner 4th District (REP),Frank Engler,,Union Charter Township Precinct 1,270
County Commissioner 4th District (REP),Write-In (WRITE-IN),,Union Charter Township Precinct 1,2
County Commissioner 4th District (REP),Frank Engler,,Union Charter Township Precinct 3,199
County Commissioner 4th District (REP),Write-In (WRITE-IN),,Union Charter Township Precinct 3,2
Precinct Delegate for Deerfield Township  Precinct 1 (REP),Douglas Moore,,Deerfield Township Precinct 1,265
Precinct Delegate for Deerfield Township  Precinct 1 (REP),Write-In (WRITE-IN),,Deerfield Township Precinct 1,2
Precinct Delegate for Deerfield Township  Precinct 2 (DEM),Write-In (WRITE-IN),,Deerfield Township Precinct 2,2
Precinct Delegate for Deerfield Township  Precinct 2 (REP),Mary Boge,,Deerfield Township Precinct 2,109
Precinct Delegate for Deerfield Township  Precinct 2 (REP),Frank Engler,,Deerfield Township Precinct 2,149
Precinct Delegate for Deerfield Township  Precinct 2 (REP),Brent Fisher,,Deerfield Township Precinct 2,111
Precinct Delegate for Deerfield Township  Precinct 2 (REP),Stacie L. Pratt,,Deerfield Township Precinct 2,115
Precinct Delegate for Deerfield Township  Precinct 2 (REP),Write-In (WRITE-IN),,Deerfield Township Precinct 2,0
County Commissioner 1st District (DEM),Nicole S. Hagle,,City of Clare Precinct 1,0
County Commissioner 1st District (DEM),Write-In (WRITE-IN),,City of Clare Precinct 1,0
County Commissioner 1st District (DEM),Nicole S. Hagle,,Denver Township Precinct 1,40
County Commissioner 1st District (DEM),Write-In (WRITE-IN),,Denver Township Precinct 1,0
County Commissioner 1st District (DEM),Nicole S. Hagle,,Gilmore Township Precinct 1,62
County Commissioner 1st District (DEM),Write-In (WRITE-IN),,Gilmore Township Precinct 1,0
County Commissioner 1st District (DEM),Nicole S. Hagle,,Isabella Township Precinct 1,122
County Commissioner 1st District (DEM),Write-In (WRITE-IN),,Isabella Township Precinct 1,0
County Commissioner 1st District (DEM),Nicole S. Hagle,,Nottawa Township Precinct 1,92
County Commissioner 1st District (DEM),Write-In (WRITE-IN),,Nottawa Township Precinct 1,0
County Commissioner 1st District (DEM),Nicole S. Hagle,,Vernon Township Precinct 1,53
County Commissioner 1st District (DEM),Write-In (WRITE-IN),,Vernon Township Precinct 1,0
County Commissioner 1st District (DEM),Nicole S. Hagle,,Wise Township Precinct 1,60
County Commissioner 1st District (DEM),Write-In (WRITE-IN),,Wise Township Precinct 1,0
Precinct Delegate for Denver Township  Precinct 1 (DEM),Write-In (WRITE-IN),,Denver Township Precinct 1,5
County Commissioner 1st District (REP),Terry L. Hutchinson,,City of Clare Precinct 1,5
County Commissioner 1st District (REP),Write-In (WRITE-IN),,City of Clare Precinct 1,0
County Commissioner 1st District (REP),Terry L. Hutchinson,,Denver Township Precinct 1,105
County Commissioner 1st District (REP),Write-In (WRITE-IN),,Denver Township Precinct 1,0
County Commissioner 1st District (REP),Terry L. Hutchinson,,Gilmore Township Precinct 1,212
County Commissioner 1st District (REP),Write-In (WRITE-IN),,Gilmore Township Precinct 1,0
County Commissioner 1st District (REP),Terry L. Hutchinson,,Isabella Township Precinct 1,205
County Commissioner 1st District (REP),Write-In (WRITE-IN),,Isabella Township Precinct 1,0
County Commissioner 1st District (REP),Terry L. Hutchinson,,Nottawa Township Precinct 1,324
County Commissioner 1st District (REP),Write-In (WRITE-IN),,Nottawa Township Precinct 1,1
County Commissioner 1st District (REP),Terry L. Hutchinson,,Vernon Township Precinct 1,177
County Commissioner 1st District (REP),Write-In (WRITE-IN),,Vernon Township Precinct 1,0
County Commissioner 1st District (REP),Terry L. Hutchinson,,Wise Township Precinct 1,159
County Commissioner 1st District (REP),Write-In (WRITE-IN),,Wise Township Precinct 1,3
Precinct Delegate for Denver Township  Precinct 1 (REP),John J. Pedjac,,Denver Township Precinct 1,108
Precinct Delegate for Denver Township  Precinct 1 (REP),Write-In (WRITE-IN),,Denver Township Precinct 1,3
Coleman Community Schools Operating Millage Renewal Proposal,Yes,,Denver Township Precinct 1,23
Coleman Community Schools Operating Millage Renewal Proposal,No,,Denver Township Precinct 1,13
Coleman Community Schools Operating Millage Renewal Proposal,Yes,,Wise Township Precinct 1,65
Coleman Community Schools Operating Millage Renewal Proposal,No,,Wise Township Precinct 1,57
Midland County Educational Service Agency Bonding Proposal,Yes,,Denver Township Precinct 1,8
Midland County Educational Service Agency Bonding Proposal,No,,Denver Township Precinct 1,24
Midland County Educational Service Agency Bonding Proposal,Yes,,Wise Township Precinct 1,33
Midland County Educational Service Agency Bonding Proposal,No,,Wise Township Precinct 1,89
Precinct Delegate for Fremont Township  Precinct 1 (DEM),Write-In (WRITE-IN),,Fremont Township Precinct 1,1
Precinct Delegate for Fremont Township  Precinct 1 (REP),Donald Eckland,,Fremont Township Precinct 1,98
Precinct Delegate for Fremont Township  Precinct 1 (REP),Brian Horanoff,,Fremont Township Precinct 1,83
Precinct Delegate for Fremont Township  Precinct 1 (REP),Debra Horanoff,,Fremont Township Precinct 1,80
Precinct Delegate for Fremont Township  Precinct 1 (REP),Barbara Sawyer,,Fremont Township Precinct 1,89
Precinct Delegate for Fremont Township  Precinct 1 (REP),Luke Sawyer,,Fremont Township Precinct 1,118
Precinct Delegate for Fremont Township  Precinct 1 (REP),Write-In (WRITE-IN),,Fremont Township Precinct 1,0
Fremont Township Fire Response,Yes,,Fremont Township Precinct 1,194
Fremont Township Fire Response,No,,Fremont Township Precinct 1,71
Fremont Township Fire Department,Yes,,Fremont Township Precinct 1,211
Fremont Township Fire Department,No,,Fremont Township Precinct 1,52
Precinct Delegate for Gilmore Township  Precinct 1 (DEM),Write-In (WRITE-IN),,Gilmore Township Precinct 1,12
Precinct Delegate for Gilmore Township  Precinct 1 (REP),Kristine M. Carr,,Gilmore Township Precinct 1,154
Precinct Delegate for Gilmore Township  Precinct 1 (REP),Penny L. Murphy,,Gilmore Township Precinct 1,148
Precinct Delegate for Gilmore Township  Precinct 1 (REP),Write-In (WRITE-IN),,Gilmore Township Precinct 1,6
Gilmore Township Fire and Emergency Service Millage Proposal,Yes,,Gilmore Township Precinct 1,242
Gilmore Township Fire and Emergency Service Millage Proposal,No,,Gilmore Township Precinct 1,80
Farwell Area Schools Sinking Fund Millage Proposal,Yes,,Gilmore Township Precinct 1,90
Farwell Area Schools Sinking Fund Millage Proposal,No,,Gilmore Township Precinct 1,99
Farwell Area Schools Sinking Fund Millage Proposal,Yes,,Nottawa Township Precinct 1,0
Farwell Area Schools Sinking Fund Millage Proposal,No,,Nottawa Township Precinct 1,2
Farwell Area Schools Sinking Fund Millage Proposal,Yes,,Vernon Township Precinct 1,9
Farwell Area Schools Sinking Fund Millage Proposal,No,,Vernon Township Precinct 1,6
Precinct Delegate for Isabella Township  Precinct 1 (DEM),Write-In (WRITE-IN),,Isabella Township Precinct 1,11
Precinct Delegate for Isabella Township  Precinct 1 (REP),Michael McConnell,,Isabella Township Precinct 1,163
Precinct Delegate for Isabella Township  Precinct 1 (REP),Rebecca McConnell,,Isabella Township Precinct 1,134
Precinct Delegate for Isabella Township  Precinct 1 (REP),Christine McKnight,,Isabella Township Precinct 1,147
Precinct Delegate for Isabella Township  Precinct 1 (REP),Write-In (WRITE-IN),,Isabella Township Precinct 1,8
Precinct Delegate for Lincoln Township  Precinct 1 (DEM),Write-In (WRITE-IN),,Lincoln Township Precinct 1,5
Precinct Delegate for Lincoln Township  Precinct 1 (REP),Alecia Devantier,,Lincoln Township Precinct 1,200
Precinct Delegate for Lincoln Township  Precinct 1 (REP),Robert Devantier,,Lincoln Township Precinct 1,213
Precinct Delegate for Lincoln Township  Precinct 1 (REP),Write-In (WRITE-IN),,Lincoln Township Precinct 1,1
Precinct Delegate for Nottawa Township  Precinct 1 (DEM),Heather A. Curtiss,,Nottawa Township Precinct 1,96
Precinct Delegate for Nottawa Township  Precinct 1 (DEM),Write-In (WRITE-IN),,Nottawa Township Precinct 1,0
Precinct Delegate for Nottawa Township  Precinct 1 (REP),Kevin Salisbury,,Nottawa Township Precinct 1,212
Precinct Delegate for Nottawa Township  Precinct 1 (REP),Mason Straus,,Nottawa Township Precinct 1,191
Precinct Delegate for Nottawa Township  Precinct 1 (REP),Steven G. Weber,,Nottawa Township Precinct 1,232
Precinct Delegate for Nottawa Township  Precinct 1 (REP),Write-In (WRITE-IN),,Nottawa Township Precinct 1,5
Precinct Delegate for Rolland Township  Precinct 1 (DEM),Daniel L. Shaw,,Rolland Township Precinct 1,46
Precinct Delegate for Rolland Township  Precinct 1 (DEM),Rosie Nedry,,Rolland Township Precinct 1,43
Precinct Delegate for Rolland Township  Precinct 1 (DEM),Write-In (WRITE-IN),,Rolland Township Precinct 1,0
Precinct Delegate for Rolland Township  Precinct 1 (REP),Write-In (WRITE-IN),,Rolland Township Precinct 1,6
Precinct Delegate for Sherman Township  Precinct 1 (DEM),Write-In (WRITE-IN),,Sherman Township Precinct 1,7
Precinct Delegate for Sherman Township  Precinct 1 (REP),Thomas Anderman,,Sherman Township Precinct 1,134
Precinct Delegate for Sherman Township  Precinct 1 (REP),Kim A. Fox,,Sherman Township Precinct 1,133
Precinct Delegate for Sherman Township  Precinct 1 (REP),Mark Perry,,Sherman Township Precinct 1,99
Precinct Delegate for Sherman Township  Precinct 1 (REP),Write-In (WRITE-IN),,Sherman Township Precinct 1,1
Precinct Delegate for Sherman Township  Precinct 2 (DEM),Write-In (WRITE-IN),,Sherman Township Precinct 2,5
Precinct Delegate for Sherman Township  Precinct 2 (REP),Write-In (WRITE-IN),,Sherman Township Precinct 2,10
Precinct Delegate for Union Township  Precinct 1 (DEM),Michael Heitman,,Union Charter Township Precinct 1,169
Precinct Delegate for Union Township  Precinct 1 (DEM),Jerome Hilliard,,Union Charter Township Precinct 1,158
Precinct Delegate for Union Township  Precinct 1 (DEM),Write-In (WRITE-IN),,Union Charter Township Precinct 1,0
Precinct Delegate for Union Township  Precinct 1 (REP),Bree Moeggenberg,,Union Charter Township Precinct 1,190
Precinct Delegate for Union Township  Precinct 1 (REP),Jeff Sweet,,Union Charter Township Precinct 1,240
Precinct Delegate for Union Township  Precinct 1 (REP),Write-In (WRITE-IN),,Union Charter Township Precinct 1,9
Precinct Delegate for Union Township  Precinct 2 (DEM),John Dinse,,Union Charter Township Precinct 2,154
Precinct Delegate for Union Township  Precinct 2 (DEM),Laura M. Gonzales,,Union Charter Township Precinct 2,184
Precinct Delegate for Union Township  Precinct 2 (DEM),Write-In (WRITE-IN),,Union Charter Township Precinct 2,1
Precinct Delegate for Union Township  Precinct 2 (REP),Elise L. Bennett,,Union Charter Township Precinct 2,97
Precinct Delegate for Union Township  Precinct 2 (REP),Ronda Haymaker,,Union Charter Township Precinct 2,156
Precinct Delegate for Union Township  Precinct 2 (REP),Alex Phelps,,Union Charter Township Precinct 2,108
Precinct Delegate for Union Township  Precinct 2 (REP),Write-In (WRITE-IN),,Union Charter Township Precinct 2,8
Precinct Delegate for Union Township  Precinct 3 (DEM),Bryan Mielke,,Union Charter Township Precinct 3,146
Precinct Delegate for Union Township  Precinct 3 (DEM),Write-In (WRITE-IN),,Union Charter Township Precinct 3,1
Precinct Delegate for Union Township  Precinct 3 (REP),Write-In (WRITE-IN),,Union Charter Township Precinct 3,14
Precinct Delegate for Vernon Township  Precinct 1 (DEM),Write-In (WRITE-IN),,Vernon Township Precinct 1,3
Precinct Delegate for Vernon Township  Precinct 1 (REP),Jeffrey R. Bean,,Vernon Township Precinct 1,170
Precinct Delegate for Vernon Township  Precinct 1 (REP),Kelly R. Bean,,Vernon Township Precinct 1,145
Precinct Delegate for Vernon Township  Precinct 1 (REP),Lee A. Bean,,Vernon Township Precinct 1,140
Precinct Delegate for Vernon Township  Precinct 1 (REP),Denise Young-Bean,,Vernon Township Precinct 1,141
Precinct Delegate for Vernon Township  Precinct 1 (REP),Write-In (WRITE-IN),,Vernon Township Precinct 1,2
Precinct Delegate for Wise Township  Precinct 1 (DEM),Write-In (WRITE-IN),,Wise Township Precinct 1,10
Precinct Delegate for Wise Township  Precinct 1 (REP),Clarissa Filhart,,Wise Township Precinct 1,144
Precinct Delegate for Wise Township  Precinct 1 (REP),David A. Bellingar,,Wise Township Precinct 1,77
Precinct Delegate for Wise Township  Precinct 1 (REP),Write-In (WRITE-IN),,Wise Township Precinct 1,5
Wise Township Mosquito Abatement Renewal,Yes,,Wise Township Precinct 1,171
Wise Township Mosquito Abatement Renewal,No,,Wise Township Precinct 1,91
Precinct Delegate for City of Clare  Precinct 1 (DEM),Write-In (WRITE-IN),,City of Clare Precinct 1,0
Precinct Delegate for City of Clare  Precinct 1 (REP),Write-In (WRITE-IN),,City of Clare Precinct 1,0
