Contest,Ballot Item ID,Precinct,Candidate/Choice,Party,Total Votes
Precinct Delegate for City of Midland  Precinct 5 (REP),01000000-263e-b21a-0810-08dd2376bd90,City of Midland Precinct 5,John Gunden,Republican,37
Precinct Delegate for City of Midland  Precinct 5 (REP),01000000-263e-b21a-0810-08dd2376bd90,City of Midland Precinct 5,Rachel Gunden,Republican,46
Precinct Delegate for City of Midland  Precinct 5 (REP),01000000-263e-b21a-0810-08dd2376bd90,City of Midland Precinct 5,Bill G. Schuette,Republican,129
Precinct Delegate for City of Midland  Precinct 5 (REP),01000000-263e-b21a-0810-08dd2376bd90,City of Midland Precinct 5,Bridgit Sova,Republican,64
Precinct Delegate for City of Midland  Precinct 5 (REP),01000000-263e-b21a-0810-08dd2376bd90,City of Midland Precinct 5,Joe Sova,Republican,74
Precinct Delegate for City of Midland  Precinct 5 (REP),01000000-263e-b21a-0810-08dd2376bd90,City of Midland Precinct 5,Write-In,Republican,1
County Commissioner 7th District (REP),01000000-263e-b21a-ecdc-08dd2376bd66,City of Midland Precinct 1,Scott D. Noesen,Republican,252
County Commissioner 7th District (REP),01000000-263e-b21a-ecdc-08dd2376bd66,City of Midland Precinct 1,Write-In,Republican,4
County Commissioner 7th District (REP),01000000-263e-b21a-ecdc-08dd2376bd66,City of Midland Precinct 7,Scott D. Noesen,Republican,375
County Commissioner 7th District (REP),01000000-263e-b21a-ecdc-08dd2376bd66,City of Midland Precinct 7,Write-In,Republican,4
County Commissioner 7th District (REP),01000000-263e-b21a-ecdc-08dd2376bd66,City of Midland Precinct 8,Scott D. Noesen,Republican,221
County Commissioner 7th District (REP),01000000-263e-b21a-ecdc-08dd2376bd66,City of Midland Precinct 8,Write-In,Republican,2
County Commissioner 7th District (REP),01000000-263e-b21a-ecdc-08dd2376bd66,City of Midland Precinct 16,Scott D. Noesen,Republican,187
County Commissioner 7th District (REP),01000000-263e-b21a-ecdc-08dd2376bd66,City of Midland Precinct 16,Write-In,Republican,3
County Commissioner 7th District (REP),01000000-263e-b21a-ecdc-08dd2376bd66,City of Midland Precinct 17,Scott D. Noesen,Republican,277
County Commissioner 7th District (REP),01000000-263e-b21a-ecdc-08dd2376bd66,City of Midland Precinct 17,Write-In,Republican,1
Precinct Delegate for Greendale Township  Precinct 1 (DEM),01000000-263e-b21a-3939-08dd2376bde4,Greendale Township Precinct 1,Write-In,Democrat,15
County Commissioner 1st District (DEM),01000000-263e-b21a-e38f-08dd2376bd34,City of Coleman Precinct 1,Write-In,Democrat,23
County Commissioner 1st District (DEM),01000000-263e-b21a-e38f-08dd2376bd34,Edenville Township Precinct 1,Write-In,Democrat,16
County Commissioner 1st District (DEM),01000000-263e-b21a-e38f-08dd2376bd34,Geneva Township Precinct 1,Write-In,Democrat,20
County Commissioner 1st District (DEM),01000000-263e-b21a-e38f-08dd2376bd34,Jerome Township Precinct 1,Write-In,Democrat,31
County Commissioner 1st District (DEM),01000000-263e-b21a-e38f-08dd2376bd34,Jerome Township Precinct 2,Write-In,Democrat,37
County Commissioner 1st District (DEM),01000000-263e-b21a-e38f-08dd2376bd34,Warren Township Precinct 1,Write-In,Democrat,23
Midland ESA Bonding Proposal,01000000-263e-b21a-430f-08dd2376bd55,City of Coleman Precinct 1,Yes,,122
Midland ESA Bonding Proposal,01000000-263e-b21a-430f-08dd2376bd55,City of Coleman Precinct 1,No,,110
Midland ESA Bonding Proposal,01000000-263e-b21a-430f-08dd2376bd55,City of Midland Precinct 1,Yes,,339
Midland ESA Bonding Proposal,01000000-263e-b21a-430f-08dd2376bd55,City of Midland Precinct 1,No,,165
Midland ESA Bonding Proposal,01000000-263e-b21a-430f-08dd2376bd55,City of Midland Precinct 2,Yes,,253
Midland ESA Bonding Proposal,01000000-263e-b21a-430f-08dd2376bd55,City of Midland Precinct 2,No,,131
Midland ESA Bonding Proposal,01000000-263e-b21a-430f-08dd2376bd55,City of Midland Precinct 3,Yes,,226
Midland ESA Bonding Proposal,01000000-263e-b21a-430f-08dd2376bd55,City of Midland Precinct 3,No,,130
Midland ESA Bonding Proposal,01000000-263e-b21a-430f-08dd2376bd55,City of Midland Precinct 4A,Yes,,113
Midland ESA Bonding Proposal,01000000-263e-b21a-430f-08dd2376bd55,City of Midland Precinct 4A,No,,74
Midland ESA Bonding Proposal,01000000-263e-b21a-430f-08dd2376bd55,City of Midland Precinct 5,Yes,,167
Midland ESA Bonding Proposal,01000000-263e-b21a-430f-08dd2376bd55,City of Midland Precinct 5,No,,106
Midland ESA Bonding Proposal,01000000-263e-b21a-430f-08dd2376bd55,City of Midland Precinct 6,Yes,,221
Midland ESA Bonding Proposal,01000000-263e-b21a-430f-08dd2376bd55,City of Midland Precinct 6,No,,94
Midland ESA Bonding Proposal,01000000-263e-b21a-430f-08dd2376bd55,City of Midland Precinct 7,Yes,,602
Midland ESA Bonding Proposal,01000000-263e-b21a-430f-08dd2376bd55,City of Midland Precinct 7,No,,228
Midland ESA Bonding Proposal,01000000-263e-b21a-430f-08dd2376bd55,City of Midland Precinct 8,Yes,,292
Midland ESA Bonding Proposal,01000000-263e-b21a-430f-08dd2376bd55,City of Midland Precinct 8,No,,146
Midland ESA Bonding Proposal,01000000-263e-b21a-430f-08dd2376bd55,City of Midland Precinct 9,Yes,,380
Midland ESA Bonding Proposal,01000000-263e-b21a-430f-08dd2376bd55,City of Midland Precinct 9,No,,211
Midland ESA Bonding Proposal,01000000-263e-b21a-430f-08dd2376bd55,City of Midland Precinct 10,Yes,,468
Midland ESA Bonding Proposal,01000000-263e-b21a-430f-08dd2376bd55,City of Midland Precinct 10,No,,257
Midland ESA Bonding Proposal,01000000-263e-b21a-430f-08dd2376bd55,City of Midland Precinct 11,Yes,,529
Midland ESA Bonding Proposal,01000000-263e-b21a-430f-08dd2376bd55,City of Midland Precinct 11,No,,269
Midland ESA Bonding Proposal,01000000-263e-b21a-430f-08dd2376bd55,City of Midland Precinct 12,Yes,,159
Midland ESA Bonding Proposal,01000000-263e-b21a-430f-08dd2376bd55,City of Midland Precinct 12,No,,70
Midland ESA Bonding Proposal,01000000-263e-b21a-430f-08dd2376bd55,City of Midland Precinct 13,Yes,,500
Midland ESA Bonding Proposal,01000000-263e-b21a-430f-08dd2376bd55,City of Midland Precinct 13,No,,227
Midland ESA Bonding Proposal,01000000-263e-b21a-430f-08dd2376bd55,City of Midland Precinct 14,Yes,,431
Midland ESA Bonding Proposal,01000000-263e-b21a-430f-08dd2376bd55,City of Midland Precinct 14,No,,179
Midland ESA Bonding Proposal,01000000-263e-b21a-430f-08dd2376bd55,City of Midland Precinct 15,Yes,,471
Midland ESA Bonding Proposal,01000000-263e-b21a-430f-08dd2376bd55,City of Midland Precinct 15,No,,247
Midland ESA Bonding Proposal,01000000-263e-b21a-430f-08dd2376bd55,City of Midland Precinct 16,Yes,,312
Midland ESA Bonding Proposal,01000000-263e-b21a-430f-08dd2376bd55,City of Midland Precinct 16,No,,119
Midland ESA Bonding Proposal,01000000-263e-b21a-430f-08dd2376bd55,City of Midland Precinct 17,Yes,,372
Midland ESA Bonding Proposal,01000000-263e-b21a-430f-08dd2376bd55,City of Midland Precinct 17,No,,160
Midland ESA Bonding Proposal,01000000-263e-b21a-430f-08dd2376bd55,City of Midland Precinct 18,Yes,,425
Midland ESA Bonding Proposal,01000000-263e-b21a-430f-08dd2376bd55,City of Midland Precinct 18,No,,215
Midland ESA Bonding Proposal,01000000-263e-b21a-430f-08dd2376bd55,City of Midland Precinct 19,Yes,,428
Midland ESA Bonding Proposal,01000000-263e-b21a-430f-08dd2376bd55,City of Midland Precinct 19,No,,196
Midland ESA Bonding Proposal,01000000-263e-b21a-430f-08dd2376bd55,Edenville Township Precinct 1,Yes,,268
Midland ESA Bonding Proposal,01000000-263e-b21a-430f-08dd2376bd55,Edenville Township Precinct 1,No,,342
Midland ESA Bonding Proposal,01000000-263e-b21a-430f-08dd2376bd55,Geneva Township Precinct 1,Yes,,109
Midland ESA Bonding Proposal,01000000-263e-b21a-430f-08dd2376bd55,Geneva Township Precinct 1,No,,191
Midland ESA Bonding Proposal,01000000-263e-b21a-430f-08dd2376bd55,Greendale Township Precinct 1,Yes,,85
Midland ESA Bonding Proposal,01000000-263e-b21a-430f-08dd2376bd55,Greendale Township Precinct 1,No,,121
Midland ESA Bonding Proposal,01000000-263e-b21a-430f-08dd2376bd55,Homer Township Precinct 1,Yes,,194
Midland ESA Bonding Proposal,01000000-263e-b21a-430f-08dd2376bd55,Homer Township Precinct 1,No,,155
Midland ESA Bonding Proposal,01000000-263e-b21a-430f-08dd2376bd55,Homer Township Precinct 2,Yes,,148
Midland ESA Bonding Proposal,01000000-263e-b21a-430f-08dd2376bd55,Homer Township Precinct 2,No,,176
Midland ESA Bonding Proposal,01000000-263e-b21a-430f-08dd2376bd55,Homer Township Precinct 3,Yes,,216
Midland ESA Bonding Proposal,01000000-263e-b21a-430f-08dd2376bd55,Homer Township Precinct 3,No,,188
Midland ESA Bonding Proposal,01000000-263e-b21a-430f-08dd2376bd55,Hope Township Precinct 1,Yes,,146
Midland ESA Bonding Proposal,01000000-263e-b21a-430f-08dd2376bd55,Hope Township Precinct 1,No,,204
Midland ESA Bonding Proposal,01000000-263e-b21a-430f-08dd2376bd55,Ingersoll Township Precinct 1,Yes,,146
Midland ESA Bonding Proposal,01000000-263e-b21a-430f-08dd2376bd55,Ingersoll Township Precinct 1,No,,194
Midland ESA Bonding Proposal,01000000-263e-b21a-430f-08dd2376bd55,Ingersoll Township Precinct 2,Yes,,65
Midland ESA Bonding Proposal,01000000-263e-b21a-430f-08dd2376bd55,Ingersoll Township Precinct 2,No,,97
Midland ESA Bonding Proposal,01000000-263e-b21a-430f-08dd2376bd55,Jerome Township Precinct 1,Yes,,257
Midland ESA Bonding Proposal,01000000-263e-b21a-430f-08dd2376bd55,Jerome Township Precinct 1,No,,290
Midland ESA Bonding Proposal,01000000-263e-b21a-430f-08dd2376bd55,Jerome Township Precinct 2,Yes,,243
Midland ESA Bonding Proposal,01000000-263e-b21a-430f-08dd2376bd55,Jerome Township Precinct 2,No,,289
Midland ESA Bonding Proposal,01000000-263e-b21a-430f-08dd2376bd55,Larkin Township Precinct 1,Yes,,335
Midland ESA Bonding Proposal,01000000-263e-b21a-430f-08dd2376bd55,Larkin Township Precinct 1,No,,234
Midland ESA Bonding Proposal,01000000-263e-b21a-430f-08dd2376bd55,Larkin Township Precinct 2,Yes,,258
Midland ESA Bonding Proposal,01000000-263e-b21a-430f-08dd2376bd55,Larkin Township Precinct 2,No,,206
Midland ESA Bonding Proposal,01000000-263e-b21a-430f-08dd2376bd55,Larkin Township Precinct 3,Yes,,288
Midland ESA Bonding Proposal,01000000-263e-b21a-430f-08dd2376bd55,Larkin Township Precinct 3,No,,170
Midland ESA Bonding Proposal,01000000-263e-b21a-430f-08dd2376bd55,Lee Township Precinct 1,Yes,,195
Midland ESA Bonding Proposal,01000000-263e-b21a-430f-08dd2376bd55,Lee Township Precinct 1,No,,260
Midland ESA Bonding Proposal,01000000-263e-b21a-430f-08dd2376bd55,Lee Township Precinct 2,Yes,,144
Midland ESA Bonding Proposal,01000000-263e-b21a-430f-08dd2376bd55,Lee Township Precinct 2,No,,190
Midland ESA Bonding Proposal,01000000-263e-b21a-430f-08dd2376bd55,Lincoln Township Precinct 1,Yes,,337
Midland ESA Bonding Proposal,01000000-263e-b21a-430f-08dd2376bd55,Lincoln Township Precinct 1,No,,352
Midland ESA Bonding Proposal,01000000-263e-b21a-430f-08dd2376bd55,Midland Township Precinct 1,Yes,,283
Midland ESA Bonding Proposal,01000000-263e-b21a-430f-08dd2376bd55,Midland Township Precinct 1,No,,226
Midland ESA Bonding Proposal,01000000-263e-b21a-430f-08dd2376bd55,Mills Township Precinct 1,Yes,,164
Midland ESA Bonding Proposal,01000000-263e-b21a-430f-08dd2376bd55,Mills Township Precinct 1,No,,258
Midland ESA Bonding Proposal,01000000-263e-b21a-430f-08dd2376bd55,Mt. Haley Township Precinct 1,Yes,,45
Midland ESA Bonding Proposal,01000000-263e-b21a-430f-08dd2376bd55,Mt. Haley Township Precinct 1,No,,59
Midland ESA Bonding Proposal,01000000-263e-b21a-430f-08dd2376bd55,Porter Township Precinct 1,Yes,,6
Midland ESA Bonding Proposal,01000000-263e-b21a-430f-08dd2376bd55,Porter Township Precinct 1,No,,6
Midland ESA Bonding Proposal,01000000-263e-b21a-430f-08dd2376bd55,Warren Township Precinct 1,Yes,,155
Midland ESA Bonding Proposal,01000000-263e-b21a-430f-08dd2376bd55,Warren Township Precinct 1,No,,316
Precinct Delegate for Homer Township  Precinct 2 (DEM),01000000-263e-b21a-e1ea-08dd2376bdf4,Homer Township Precinct 2,Write-In,Democrat,20
County Commissioner 1st District - Bay (REP),01000000-263e-b21a-500c-08dd2376bd86,City of Midland Precinct 4B,Kathy Niemiec,Republican,14
County Commissioner 1st District - Bay (REP),01000000-263e-b21a-500c-08dd2376bd86,City of Midland Precinct 4B,Write-In,Republican,0
County Commissioner 2nd District (DEM),01000000-263e-b21a-8dfe-08dd2376bdab,City of Midland Precinct 12,Write-In,Democrat,14
County Commissioner 2nd District (DEM),01000000-263e-b21a-8dfe-08dd2376bdab,Hope Township Precinct 1,Write-In,Democrat,18
County Commissioner 2nd District (DEM),01000000-263e-b21a-8dfe-08dd2376bdab,Larkin Township Precinct 1,Write-In,Democrat,18
County Commissioner 2nd District (DEM),01000000-263e-b21a-8dfe-08dd2376bdab,Larkin Township Precinct 2,Write-In,Democrat,15
County Commissioner 2nd District (DEM),01000000-263e-b21a-8dfe-08dd2376bdab,Larkin Township Precinct 3,Write-In,Democrat,15
County Commissioner 2nd District (DEM),01000000-263e-b21a-8dfe-08dd2376bdab,Lincoln Township Precinct 1,Write-In,Democrat,19
County Commissioner 2nd District (DEM),01000000-263e-b21a-8dfe-08dd2376bdab,Mills Township Precinct 1,Write-In,Democrat,13
Precinct Delegate for City of Midland  Precinct 18 (DEM),01000000-263e-b21a-e67d-08dd2376bdcc,City of Midland Precinct 18,Greg Mayville,Democrat,187
Precinct Delegate for City of Midland  Precinct 18 (DEM),01000000-263e-b21a-e67d-08dd2376bdcc,City of Midland Precinct 18,Write-In,Democrat,1
Precinct Delegate for City of Midland  Precinct 1 (REP),01000000-263e-b21a-cda9-08dd2376bd68,City of Midland Precinct 1,Luke Q. Malace,Republican,160
Precinct Delegate for City of Midland  Precinct 1 (REP),01000000-263e-b21a-cda9-08dd2376bd68,City of Midland Precinct 1,Jeremy Rodgers,Republican,172
Precinct Delegate for City of Midland  Precinct 1 (REP),01000000-263e-b21a-cda9-08dd2376bd68,City of Midland Precinct 1,Olivia Rodgers,Republican,153
Precinct Delegate for City of Midland  Precinct 1 (REP),01000000-263e-b21a-cda9-08dd2376bd68,City of Midland Precinct 1,Write-In,Republican,10
Precinct Delegate for City of Midland  Precinct 8 (REP),01000000-263e-b21a-f243-08dd2376bd9c,City of Midland Precinct 8,Matthew B. Ivan,Republican,217
Precinct Delegate for City of Midland  Precinct 8 (REP),01000000-263e-b21a-f243-08dd2376bd9c,City of Midland Precinct 8,Write-In,Republican,4
Precinct Delegate for Larkin Township  Precinct 2 (DEM),01000000-263e-b21a-b3c7-08dd2376be35,Larkin Township Precinct 2,Write-In,Democrat,17
County Clerk for Bay County (DEM),01000000-263e-b21a-6338-08dd2376bd7a,City of Midland Precinct 4B,Edward Czuprynski,Democrat,1
County Clerk for Bay County (DEM),01000000-263e-b21a-6338-08dd2376bd7a,City of Midland Precinct 4B,Kathleen Zanotti,Democrat,4
County Clerk for Bay County (DEM),01000000-263e-b21a-6338-08dd2376bd7a,City of Midland Precinct 4B,Write-In,Democrat,0
County Road Commissioner - Bay (REP),01000000-263e-b21a-345a-08dd2376bd84,City of Midland Precinct 4B,Michael Greania,Republican,6
County Road Commissioner - Bay (REP),01000000-263e-b21a-345a-08dd2376bd84,City of Midland Precinct 4B,Kevin Shark,Republican,8
County Road Commissioner - Bay (REP),01000000-263e-b21a-345a-08dd2376bd84,City of Midland Precinct 4B,Write-In,Republican,0
Precinct Delegate for City of Midland  Precinct 14 (DEM),01000000-263e-b21a-c473-08dd2376bdbb,City of Midland Precinct 14,Write-In,Democrat,13
Precinct Delegate for Lee Township  Precinct 2 (REP),01000000-263e-b21a-476e-08dd2376be4a,Lee Township Precinct 2,Laura Dawson,Republican,225
Precinct Delegate for Lee Township  Precinct 2 (REP),01000000-263e-b21a-476e-08dd2376be4a,Lee Township Precinct 2,Dawn M. Dubay,Republican,127
Precinct Delegate for Lee Township  Precinct 2 (REP),01000000-263e-b21a-476e-08dd2376be4a,Lee Township Precinct 2,Carolyn A. Langlois,Republican,130
Precinct Delegate for Lee Township  Precinct 2 (REP),01000000-263e-b21a-476e-08dd2376be4a,Lee Township Precinct 2,Write-In,Republican,3
Precinct Delegate for City of Midland  Precinct 10 (REP),01000000-263e-b21a-0251-08dd2376bda5,City of Midland Precinct 10,Ashton Bortz,Republican,151
Precinct Delegate for City of Midland  Precinct 10 (REP),01000000-263e-b21a-0251-08dd2376bda5,City of Midland Precinct 10,James H. Geisler,Republican,225
Precinct Delegate for City of Midland  Precinct 10 (REP),01000000-263e-b21a-0251-08dd2376bda5,City of Midland Precinct 10,Roy C. Green,Republican,179
Precinct Delegate for City of Midland  Precinct 10 (REP),01000000-263e-b21a-0251-08dd2376bda5,City of Midland Precinct 10,John F. Lynn,Republican,154
Precinct Delegate for City of Midland  Precinct 10 (REP),01000000-263e-b21a-0251-08dd2376bda5,City of Midland Precinct 10,Roxann Lynn,Republican,180
Precinct Delegate for City of Midland  Precinct 10 (REP),01000000-263e-b21a-0251-08dd2376bda5,City of Midland Precinct 10,Michael Maloney,Republican,130
Precinct Delegate for City of Midland  Precinct 10 (REP),01000000-263e-b21a-0251-08dd2376bda5,City of Midland Precinct 10,Erica Pina,Republican,141
Precinct Delegate for City of Midland  Precinct 10 (REP),01000000-263e-b21a-0251-08dd2376bda5,City of Midland Precinct 10,Write-In,Republican,7
Precinct Delegate for Lincoln Township  Precinct 1 (REP),01000000-263e-b21a-2300-08dd2376be4f,Lincoln Township Precinct 1,Matthew Buczek,Republican,265
Precinct Delegate for Lincoln Township  Precinct 1 (REP),01000000-263e-b21a-2300-08dd2376be4f,Lincoln Township Precinct 1,Melissa Buczek,Republican,245
Precinct Delegate for Lincoln Township  Precinct 1 (REP),01000000-263e-b21a-2300-08dd2376be4f,Lincoln Township Precinct 1,Rosemary Roberts,Republican,236
Precinct Delegate for Lincoln Township  Precinct 1 (REP),01000000-263e-b21a-2300-08dd2376be4f,Lincoln Township Precinct 1,Anne VanHulle,Republican,237
Precinct Delegate for Lincoln Township  Precinct 1 (REP),01000000-263e-b21a-2300-08dd2376be4f,Lincoln Township Precinct 1,Write-In,Republican,5
Precinct Delegate for Edenville Township  Precinct 1 (DEM),01000000-263e-b21a-5547-08dd2376bdd6,Edenville Township Precinct 1,Write-In,Democrat,16
Precinct Delegate for Lee Township  Precinct 2 (DEM),01000000-263e-b21a-e576-08dd2376be47,Lee Township Precinct 2,Write-In,Democrat,12
Precinct Delegate for Homer Township  Precinct 1 (REP),01000000-263e-b21a-9eca-08dd2376bdf2,Homer Township Precinct 1,Robert E. Bourne,Republican,120
Precinct Delegate for Homer Township  Precinct 1 (REP),01000000-263e-b21a-9eca-08dd2376bdf2,Homer Township Precinct 1,Gregory E. Crawford,Republican,145
Precinct Delegate for Homer Township  Precinct 1 (REP),01000000-263e-b21a-9eca-08dd2376bdf2,Homer Township Precinct 1,Write-In,Republican,7
Precinct Delegate for Larkin Township  Precinct 1 (REP),01000000-263e-b21a-7540-08dd2376be33,Larkin Township Precinct 1,Brenda Cesaretti,Republican,347
Precinct Delegate for Larkin Township  Precinct 1 (REP),01000000-263e-b21a-7540-08dd2376be33,Larkin Township Precinct 1,Write-In,Republican,0
County Road Commissioner - Bay (DEM),01000000-263e-b21a-543d-08dd2376bd7c,City of Midland Precinct 4B,Jacob Hilliker,Democrat,5
County Road Commissioner - Bay (DEM),01000000-263e-b21a-543d-08dd2376bd7c,City of Midland Precinct 4B,Write-In,Democrat,0
Precinct Delegate for City of Midland  Precinct 6 (REP),01000000-263e-b21a-48a6-08dd2376bd94,City of Midland Precinct 6,Alan D. Gooch,Republican,83
Precinct Delegate for City of Midland  Precinct 6 (REP),01000000-263e-b21a-48a6-08dd2376bd94,City of Midland Precinct 6,Elizabeth A. Gooch,Republican,100
Precinct Delegate for City of Midland  Precinct 6 (REP),01000000-263e-b21a-48a6-08dd2376bd94,City of Midland Precinct 6,Amanda Oster,Republican,87
Precinct Delegate for City of Midland  Precinct 6 (REP),01000000-263e-b21a-48a6-08dd2376bd94,City of Midland Precinct 6,Write-In,Republican,9
Precinct Delegate for Larkin Township  Precinct 1 (DEM),01000000-263e-b21a-334f-08dd2376be31,Larkin Township Precinct 1,Bonnie Jill Haver-Crissman,Democrat,98
Precinct Delegate for Larkin Township  Precinct 1 (DEM),01000000-263e-b21a-334f-08dd2376be31,Larkin Township Precinct 1,Write-In,Democrat,0
Precinct Delegate for City of Midland  Precinct 7 (REP),01000000-263e-b21a-63e1-08dd2376bd98,City of Midland Precinct 7,Daniel Broderick,Republican,150
Precinct Delegate for City of Midland  Precinct 7 (REP),01000000-263e-b21a-63e1-08dd2376bd98,City of Midland Precinct 7,Richard M. Handlon,Republican,150
Precinct Delegate for City of Midland  Precinct 7 (REP),01000000-263e-b21a-63e1-08dd2376bd98,City of Midland Precinct 7,Elaine C. Manley,Republican,128
Precinct Delegate for City of Midland  Precinct 7 (REP),01000000-263e-b21a-63e1-08dd2376bd98,City of Midland Precinct 7,Laura Moolenaar,Republican,221
Precinct Delegate for City of Midland  Precinct 7 (REP),01000000-263e-b21a-63e1-08dd2376bd98,City of Midland Precinct 7,Robert Moolenaar,Republican,208
Precinct Delegate for City of Midland  Precinct 7 (REP),01000000-263e-b21a-63e1-08dd2376bd98,City of Midland Precinct 7,Scott D. Noesen,Republican,209
Precinct Delegate for City of Midland  Precinct 7 (REP),01000000-263e-b21a-63e1-08dd2376bd98,City of Midland Precinct 7,Tom O'Brien,Republican,153
Precinct Delegate for City of Midland  Precinct 7 (REP),01000000-263e-b21a-63e1-08dd2376bd98,City of Midland Precinct 7,Judith Ann Rapanos,Republican,207
Precinct Delegate for City of Midland  Precinct 7 (REP),01000000-263e-b21a-63e1-08dd2376bd98,City of Midland Precinct 7,Write-In,Republican,14
Governor (REP),01000000-263e-b21a-a68d-08dd2376bd38,City of Coleman Precinct 1,Tudor M. Dixon,Republican,53
Governor (REP),01000000-263e-b21a-a68d-08dd2376bd38,City of Coleman Precinct 1,Ryan D. Kelley,Republican,36
Governor (REP),01000000-263e-b21a-a68d-08dd2376bd38,City of Coleman Precinct 1,Ralph Rebandt,Republican,10
Governor (REP),01000000-263e-b21a-a68d-08dd2376bd38,City of Coleman Precinct 1,Kevin Rinke,Republican,32
Governor (REP),01000000-263e-b21a-a68d-08dd2376bd38,City of Coleman Precinct 1,Garrett Soldano,Republican,29
Governor (REP),01000000-263e-b21a-a68d-08dd2376bd38,City of Coleman Precinct 1,Write-In,Republican,1
Governor (REP),01000000-263e-b21a-a68d-08dd2376bd38,City of Midland Precinct 1,Tudor M. Dixon,Republican,113
Governor (REP),01000000-263e-b21a-a68d-08dd2376bd38,City of Midland Precinct 1,Ryan D. Kelley,Republican,42
Governor (REP),01000000-263e-b21a-a68d-08dd2376bd38,City of Midland Precinct 1,Ralph Rebandt,Republican,14
Governor (REP),01000000-263e-b21a-a68d-08dd2376bd38,City of Midland Precinct 1,Kevin Rinke,Republican,73
Governor (REP),01000000-263e-b21a-a68d-08dd2376bd38,City of Midland Precinct 1,Garrett Soldano,Republican,74
Governor (REP),01000000-263e-b21a-a68d-08dd2376bd38,City of Midland Precinct 1,Write-In,Republican,2
Governor (REP),01000000-263e-b21a-a68d-08dd2376bd38,City of Midland Precinct 2,Tudor M. Dixon,Republican,93
Governor (REP),01000000-263e-b21a-a68d-08dd2376bd38,City of Midland Precinct 2,Ryan D. Kelley,Republican,32
Governor (REP),01000000-263e-b21a-a68d-08dd2376bd38,City of Midland Precinct 2,Ralph Rebandt,Republican,9
Governor (REP),01000000-263e-b21a-a68d-08dd2376bd38,City of Midland Precinct 2,Kevin Rinke,Republican,55
Governor (REP),01000000-263e-b21a-a68d-08dd2376bd38,City of Midland Precinct 2,Garrett Soldano,Republican,39
Governor (REP),01000000-263e-b21a-a68d-08dd2376bd38,City of Midland Precinct 2,Write-In,Republican,1
Governor (REP),01000000-263e-b21a-a68d-08dd2376bd38,City of Midland Precinct 3,Tudor M. Dixon,Republican,82
Governor (REP),01000000-263e-b21a-a68d-08dd2376bd38,City of Midland Precinct 3,Ryan D. Kelley,Republican,37
Governor (REP),01000000-263e-b21a-a68d-08dd2376bd38,City of Midland Precinct 3,Ralph Rebandt,Republican,16
Governor (REP),01000000-263e-b21a-a68d-08dd2376bd38,City of Midland Precinct 3,Kevin Rinke,Republican,73
Governor (REP),01000000-263e-b21a-a68d-08dd2376bd38,City of Midland Precinct 3,Garrett Soldano,Republican,29
Governor (REP),01000000-263e-b21a-a68d-08dd2376bd38,City of Midland Precinct 3,Write-In,Republican,1
Governor (REP),01000000-263e-b21a-a68d-08dd2376bd38,City of Midland Precinct 4A,Tudor M. Dixon,Republican,30
Governor (REP),01000000-263e-b21a-a68d-08dd2376bd38,City of Midland Precinct 4A,Ryan D. Kelley,Republican,25
Governor (REP),01000000-263e-b21a-a68d-08dd2376bd38,City of Midland Precinct 4A,Ralph Rebandt,Republican,4
Governor (REP),01000000-263e-b21a-a68d-08dd2376bd38,City of Midland Precinct 4A,Kevin Rinke,Republican,29
Governor (REP),01000000-263e-b21a-a68d-08dd2376bd38,City of Midland Precinct 4A,Garrett Soldano,Republican,31
Governor (REP),01000000-263e-b21a-a68d-08dd2376bd38,City of Midland Precinct 4A,Write-In,Republican,0
Governor (REP),01000000-263e-b21a-a68d-08dd2376bd38,City of Midland Precinct 4B,Tudor M. Dixon,Republican,8
Governor (REP),01000000-263e-b21a-a68d-08dd2376bd38,City of Midland Precinct 4B,Ryan D. Kelley,Republican,3
Governor (REP),01000000-263e-b21a-a68d-08dd2376bd38,City of Midland Precinct 4B,Ralph Rebandt,Republican,0
Governor (REP),01000000-263e-b21a-a68d-08dd2376bd38,City of Midland Precinct 4B,Kevin Rinke,Republican,1
Governor (REP),01000000-263e-b21a-a68d-08dd2376bd38,City of Midland Precinct 4B,Garrett Soldano,Republican,5
Governor (REP),01000000-263e-b21a-a68d-08dd2376bd38,City of Midland Precinct 4B,Write-In,Republican,0
Governor (REP),01000000-263e-b21a-a68d-08dd2376bd38,City of Midland Precinct 5,Tudor M. Dixon,Republican,74
Governor (REP),01000000-263e-b21a-a68d-08dd2376bd38,City of Midland Precinct 5,Ryan D. Kelley,Republican,36
Governor (REP),01000000-263e-b21a-a68d-08dd2376bd38,City of Midland Precinct 5,Ralph Rebandt,Republican,7
Governor (REP),01000000-263e-b21a-a68d-08dd2376bd38,City of Midland Precinct 5,Kevin Rinke,Republican,37
Governor (REP),01000000-263e-b21a-a68d-08dd2376bd38,City of Midland Precinct 5,Garrett Soldano,Republican,28
Governor (REP),01000000-263e-b21a-a68d-08dd2376bd38,City of Midland Precinct 5,Write-In,Republican,2
Governor (REP),01000000-263e-b21a-a68d-08dd2376bd38,City of Midland Precinct 6,Tudor M. Dixon,Republican,77
Governor (REP),01000000-263e-b21a-a68d-08dd2376bd38,City of Midland Precinct 6,Ryan D. Kelley,Republican,24
Governor (REP),01000000-263e-b21a-a68d-08dd2376bd38,City of Midland Precinct 6,Ralph Rebandt,Republican,20
Governor (REP),01000000-263e-b21a-a68d-08dd2376bd38,City of Midland Precinct 6,Kevin Rinke,Republican,68
Governor (REP),01000000-263e-b21a-a68d-08dd2376bd38,City of Midland Precinct 6,Garrett Soldano,Republican,22
Governor (REP),01000000-263e-b21a-a68d-08dd2376bd38,City of Midland Precinct 6,Write-In,Republican,3
Governor (REP),01000000-263e-b21a-a68d-08dd2376bd38,City of Midland Precinct 7,Tudor M. Dixon,Republican,180
Governor (REP),01000000-263e-b21a-a68d-08dd2376bd38,City of Midland Precinct 7,Ryan D. Kelley,Republican,59
Governor (REP),01000000-263e-b21a-a68d-08dd2376bd38,City of Midland Precinct 7,Ralph Rebandt,Republican,41
Governor (REP),01000000-263e-b21a-a68d-08dd2376bd38,City of Midland Precinct 7,Kevin Rinke,Republican,147
Governor (REP),01000000-263e-b21a-a68d-08dd2376bd38,City of Midland Precinct 7,Garrett Soldano,Republican,69
Governor (REP),01000000-263e-b21a-a68d-08dd2376bd38,City of Midland Precinct 7,Write-In,Republican,7
Governor (REP),01000000-263e-b21a-a68d-08dd2376bd38,City of Midland Precinct 8,Tudor M. Dixon,Republican,77
Governor (REP),01000000-263e-b21a-a68d-08dd2376bd38,City of Midland Precinct 8,Ryan D. Kelley,Republican,51
Governor (REP),01000000-263e-b21a-a68d-08dd2376bd38,City of Midland Precinct 8,Ralph Rebandt,Republican,23
Governor (REP),01000000-263e-b21a-a68d-08dd2376bd38,City of Midland Precinct 8,Kevin Rinke,Republican,53
Governor (REP),01000000-263e-b21a-a68d-08dd2376bd38,City of Midland Precinct 8,Garrett Soldano,Republican,50
Governor (REP),01000000-263e-b21a-a68d-08dd2376bd38,City of Midland Precinct 8,Write-In,Republican,3
Governor (REP),01000000-263e-b21a-a68d-08dd2376bd38,City of Midland Precinct 9,Tudor M. Dixon,Republican,163
Governor (REP),01000000-263e-b21a-a68d-08dd2376bd38,City of Midland Precinct 9,Ryan D. Kelley,Republican,64
Governor (REP),01000000-263e-b21a-a68d-08dd2376bd38,City of Midland Precinct 9,Ralph Rebandt,Republican,21
Governor (REP),01000000-263e-b21a-a68d-08dd2376bd38,City of Midland Precinct 9,Kevin Rinke,Republican,97
Governor (REP),01000000-263e-b21a-a68d-08dd2376bd38,City of Midland Precinct 9,Garrett Soldano,Republican,53
Governor (REP),01000000-263e-b21a-a68d-08dd2376bd38,City of Midland Precinct 9,Write-In,Republican,5
Governor (REP),01000000-263e-b21a-a68d-08dd2376bd38,City of Midland Precinct 10,Tudor M. Dixon,Republican,198
Governor (REP),01000000-263e-b21a-a68d-08dd2376bd38,City of Midland Precinct 10,Ryan D. Kelley,Republican,66
Governor (REP),01000000-263e-b21a-a68d-08dd2376bd38,City of Midland Precinct 10,Ralph Rebandt,Republican,24
Governor (REP),01000000-263e-b21a-a68d-08dd2376bd38,City of Midland Precinct 10,Kevin Rinke,Republican,115
Governor (REP),01000000-263e-b21a-a68d-08dd2376bd38,City of Midland Precinct 10,Garrett Soldano,Republican,60
Governor (REP),01000000-263e-b21a-a68d-08dd2376bd38,City of Midland Precinct 10,Write-In,Republican,9
Governor (REP),01000000-263e-b21a-a68d-08dd2376bd38,City of Midland Precinct 11,Tudor M. Dixon,Republican,219
Governor (REP),01000000-263e-b21a-a68d-08dd2376bd38,City of Midland Precinct 11,Ryan D. Kelley,Republican,63
Governor (REP),01000000-263e-b21a-a68d-08dd2376bd38,City of Midland Precinct 11,Ralph Rebandt,Republican,32
Governor (REP),01000000-263e-b21a-a68d-08dd2376bd38,City of Midland Precinct 11,Kevin Rinke,Republican,141
Governor (REP),01000000-263e-b21a-a68d-08dd2376bd38,City of Midland Precinct 11,Garrett Soldano,Republican,75
Governor (REP),01000000-263e-b21a-a68d-08dd2376bd38,City of Midland Precinct 11,Write-In,Republican,9
Governor (REP),01000000-263e-b21a-a68d-08dd2376bd38,City of Midland Precinct 12,Tudor M. Dixon,Republican,42
Governor (REP),01000000-263e-b21a-a68d-08dd2376bd38,City of Midland Precinct 12,Ryan D. Kelley,Republican,13
Governor (REP),01000000-263e-b21a-a68d-08dd2376bd38,City of Midland Precinct 12,Ralph Rebandt,Republican,7
Governor (REP),01000000-263e-b21a-a68d-08dd2376bd38,City of Midland Precinct 12,Kevin Rinke,Republican,59
Governor (REP),01000000-263e-b21a-a68d-08dd2376bd38,City of Midland Precinct 12,Garrett Soldano,Republican,22
Governor (REP),01000000-263e-b21a-a68d-08dd2376bd38,City of Midland Precinct 12,Write-In,Republican,3
Governor (REP),01000000-263e-b21a-a68d-08dd2376bd38,City of Midland Precinct 13,Tudor M. Dixon,Republican,187
Governor (REP),01000000-263e-b21a-a68d-08dd2376bd38,City of Midland Precinct 13,Ryan D. Kelley,Republican,45
Governor (REP),01000000-263e-b21a-a68d-08dd2376bd38,City of Midland Precinct 13,Ralph Rebandt,Republican,24
Governor (REP),01000000-263e-b21a-a68d-08dd2376bd38,City of Midland Precinct 13,Kevin Rinke,Republican,98
Governor (REP),01000000-263e-b21a-a68d-08dd2376bd38,City of Midland Precinct 13,Garrett Soldano,Republican,63
Governor (REP),01000000-263e-b21a-a68d-08dd2376bd38,City of Midland Precinct 13,Write-In,Republican,6
Governor (REP),01000000-263e-b21a-a68d-08dd2376bd38,City of Midland Precinct 14,Tudor M. Dixon,Republican,171
Governor (REP),01000000-263e-b21a-a68d-08dd2376bd38,City of Midland Precinct 14,Ryan D. Kelley,Republican,53
Governor (REP),01000000-263e-b21a-a68d-08dd2376bd38,City of Midland Precinct 14,Ralph Rebandt,Republican,23
Governor (REP),01000000-263e-b21a-a68d-08dd2376bd38,City of Midland Precinct 14,Kevin Rinke,Republican,96
Governor (REP),01000000-263e-b21a-a68d-08dd2376bd38,City of Midland Precinct 14,Garrett Soldano,Republican,65
Governor (REP),01000000-263e-b21a-a68d-08dd2376bd38,City of Midland Precinct 14,Write-In,Republican,5
Governor (REP),01000000-263e-b21a-a68d-08dd2376bd38,City of Midland Precinct 15,Tudor M. Dixon,Republican,188
Governor (REP),01000000-263e-b21a-a68d-08dd2376bd38,City of Midland Precinct 15,Ryan D. Kelley,Republican,57
Governor (REP),01000000-263e-b21a-a68d-08dd2376bd38,City of Midland Precinct 15,Ralph Rebandt,Republican,37
Governor (REP),01000000-263e-b21a-a68d-08dd2376bd38,City of Midland Precinct 15,Kevin Rinke,Republican,117
Governor (REP),01000000-263e-b21a-a68d-08dd2376bd38,City of Midland Precinct 15,Garrett Soldano,Republican,67
Governor (REP),01000000-263e-b21a-a68d-08dd2376bd38,City of Midland Precinct 15,Write-In,Republican,7
Governor (REP),01000000-263e-b21a-a68d-08dd2376bd38,City of Midland Precinct 16,Tudor M. Dixon,Republican,85
Governor (REP),01000000-263e-b21a-a68d-08dd2376bd38,City of Midland Precinct 16,Ryan D. Kelley,Republican,42
Governor (REP),01000000-263e-b21a-a68d-08dd2376bd38,City of Midland Precinct 16,Ralph Rebandt,Republican,17
Governor (REP),01000000-263e-b21a-a68d-08dd2376bd38,City of Midland Precinct 16,Kevin Rinke,Republican,52
Governor (REP),01000000-263e-b21a-a68d-08dd2376bd38,City of Midland Precinct 16,Garrett Soldano,Republican,52
Governor (REP),01000000-263e-b21a-a68d-08dd2376bd38,City of Midland Precinct 16,Write-In,Republican,3
Governor (REP),01000000-263e-b21a-a68d-08dd2376bd38,City of Midland Precinct 17,Tudor M. Dixon,Republican,134
Governor (REP),01000000-263e-b21a-a68d-08dd2376bd38,City of Midland Precinct 17,Ryan D. Kelley,Republican,42
Governor (REP),01000000-263e-b21a-a68d-08dd2376bd38,City of Midland Precinct 17,Ralph Rebandt,Republican,21
Governor (REP),01000000-263e-b21a-a68d-08dd2376bd38,City of Midland Precinct 17,Kevin Rinke,Republican,90
Governor (REP),01000000-263e-b21a-a68d-08dd2376bd38,City of Midland Precinct 17,Garrett Soldano,Republican,56
Governor (REP),01000000-263e-b21a-a68d-08dd2376bd38,City of Midland Precinct 17,Write-In,Republican,9
Governor (REP),01000000-263e-b21a-a68d-08dd2376bd38,City of Midland Precinct 18,Tudor M. Dixon,Republican,159
Governor (REP),01000000-263e-b21a-a68d-08dd2376bd38,City of Midland Precinct 18,Ryan D. Kelley,Republican,47
Governor (REP),01000000-263e-b21a-a68d-08dd2376bd38,City of Midland Precinct 18,Ralph Rebandt,Republican,17
Governor (REP),01000000-263e-b21a-a68d-08dd2376bd38,City of Midland Precinct 18,Kevin Rinke,Republican,90
Governor (REP),01000000-263e-b21a-a68d-08dd2376bd38,City of Midland Precinct 18,Garrett Soldano,Republican,77
Governor (REP),01000000-263e-b21a-a68d-08dd2376bd38,City of Midland Precinct 18,Write-In,Republican,3
Governor (REP),01000000-263e-b21a-a68d-08dd2376bd38,City of Midland Precinct 19,Tudor M. Dixon,Republican,182
Governor (REP),01000000-263e-b21a-a68d-08dd2376bd38,City of Midland Precinct 19,Ryan D. Kelley,Republican,43
Governor (REP),01000000-263e-b21a-a68d-08dd2376bd38,City of Midland Precinct 19,Ralph Rebandt,Republican,14
Governor (REP),01000000-263e-b21a-a68d-08dd2376bd38,City of Midland Precinct 19,Kevin Rinke,Republican,86
Governor (REP),01000000-263e-b21a-a68d-08dd2376bd38,City of Midland Precinct 19,Garrett Soldano,Republican,62
Governor (REP),01000000-263e-b21a-a68d-08dd2376bd38,City of Midland Precinct 19,Write-In,Republican,6
Governor (REP),01000000-263e-b21a-a68d-08dd2376bd38,Edenville Township Precinct 1,Tudor M. Dixon,Republican,183
Governor (REP),01000000-263e-b21a-a68d-08dd2376bd38,Edenville Township Precinct 1,Ryan D. Kelley,Republican,79
Governor (REP),01000000-263e-b21a-a68d-08dd2376bd38,Edenville Township Precinct 1,Ralph Rebandt,Republican,14
Governor (REP),01000000-263e-b21a-a68d-08dd2376bd38,Edenville Township Precinct 1,Kevin Rinke,Republican,92
Governor (REP),01000000-263e-b21a-a68d-08dd2376bd38,Edenville Township Precinct 1,Garrett Soldano,Republican,116
Governor (REP),01000000-263e-b21a-a68d-08dd2376bd38,Edenville Township Precinct 1,Write-In,Republican,4
Governor (REP),01000000-263e-b21a-a68d-08dd2376bd38,Geneva Township Precinct 1,Tudor M. Dixon,Republican,70
Governor (REP),01000000-263e-b21a-a68d-08dd2376bd38,Geneva Township Precinct 1,Ryan D. Kelley,Republican,27
Governor (REP),01000000-263e-b21a-a68d-08dd2376bd38,Geneva Township Precinct 1,Ralph Rebandt,Republican,7
Governor (REP),01000000-263e-b21a-a68d-08dd2376bd38,Geneva Township Precinct 1,Kevin Rinke,Republican,61
Governor (REP),01000000-263e-b21a-a68d-08dd2376bd38,Geneva Township Precinct 1,Garrett Soldano,Republican,52
Governor (REP),01000000-263e-b21a-a68d-08dd2376bd38,Geneva Township Precinct 1,Write-In,Republican,2
Governor (REP),01000000-263e-b21a-a68d-08dd2376bd38,Greendale Township Precinct 1,Tudor M. Dixon,Republican,76
Governor (REP),01000000-263e-b21a-a68d-08dd2376bd38,Greendale Township Precinct 1,Ryan D. Kelley,Republican,57
Governor (REP),01000000-263e-b21a-a68d-08dd2376bd38,Greendale Township Precinct 1,Ralph Rebandt,Republican,12
Governor (REP),01000000-263e-b21a-a68d-08dd2376bd38,Greendale Township Precinct 1,Kevin Rinke,Republican,63
Governor (REP),01000000-263e-b21a-a68d-08dd2376bd38,Greendale Township Precinct 1,Garrett Soldano,Republican,81
Governor (REP),01000000-263e-b21a-a68d-08dd2376bd38,Greendale Township Precinct 1,Write-In,Republican,0
Governor (REP),01000000-263e-b21a-a68d-08dd2376bd38,Homer Township Precinct 1,Tudor M. Dixon,Republican,85
Governor (REP),01000000-263e-b21a-a68d-08dd2376bd38,Homer Township Precinct 1,Ryan D. Kelley,Republican,29
Governor (REP),01000000-263e-b21a-a68d-08dd2376bd38,Homer Township Precinct 1,Ralph Rebandt,Republican,8
Governor (REP),01000000-263e-b21a-a68d-08dd2376bd38,Homer Township Precinct 1,Kevin Rinke,Republican,57
Governor (REP),01000000-263e-b21a-a68d-08dd2376bd38,Homer Township Precinct 1,Garrett Soldano,Republican,56
Governor (REP),01000000-263e-b21a-a68d-08dd2376bd38,Homer Township Precinct 1,Write-In,Republican,0
Governor (REP),01000000-263e-b21a-a68d-08dd2376bd38,Homer Township Precinct 2,Tudor M. Dixon,Republican,82
Governor (REP),01000000-263e-b21a-a68d-08dd2376bd38,Homer Township Precinct 2,Ryan D. Kelley,Republican,48
Governor (REP),01000000-263e-b21a-a68d-08dd2376bd38,Homer Township Precinct 2,Ralph Rebandt,Republican,9
Governor (REP),01000000-263e-b21a-a68d-08dd2376bd38,Homer Township Precinct 2,Kevin Rinke,Republican,44
Governor (REP),01000000-263e-b21a-a68d-08dd2376bd38,Homer Township Precinct 2,Garrett Soldano,Republican,57
Governor (REP),01000000-263e-b21a-a68d-08dd2376bd38,Homer Township Precinct 2,Write-In,Republican,3
Governor (REP),01000000-263e-b21a-a68d-08dd2376bd38,Homer Township Precinct 3,Tudor M. Dixon,Republican,104
Governor (REP),01000000-263e-b21a-a68d-08dd2376bd38,Homer Township Precinct 3,Ryan D. Kelley,Republican,65
Governor (REP),01000000-263e-b21a-a68d-08dd2376bd38,Homer Township Precinct 3,Ralph Rebandt,Republican,10
Governor (REP),01000000-263e-b21a-a68d-08dd2376bd38,Homer Township Precinct 3,Kevin Rinke,Republican,83
Governor (REP),01000000-263e-b21a-a68d-08dd2376bd38,Homer Township Precinct 3,Garrett Soldano,Republican,60
Governor (REP),01000000-263e-b21a-a68d-08dd2376bd38,Homer Township Precinct 3,Write-In,Republican,2
Governor (REP),01000000-263e-b21a-a68d-08dd2376bd38,Hope Township Precinct 1,Tudor M. Dixon,Republican,105
Governor (REP),01000000-263e-b21a-a68d-08dd2376bd38,Hope Township Precinct 1,Ryan D. Kelley,Republican,29
Governor (REP),01000000-263e-b21a-a68d-08dd2376bd38,Hope Township Precinct 1,Ralph Rebandt,Republican,12
Governor (REP),01000000-263e-b21a-a68d-08dd2376bd38,Hope Township Precinct 1,Kevin Rinke,Republican,71
Governor (REP),01000000-263e-b21a-a68d-08dd2376bd38,Hope Township Precinct 1,Garrett Soldano,Republican,64
Governor (REP),01000000-263e-b21a-a68d-08dd2376bd38,Hope Township Precinct 1,Write-In,Republican,0
Governor (REP),01000000-263e-b21a-a68d-08dd2376bd38,Ingersoll Township Precinct 1,Tudor M. Dixon,Republican,105
Governor (REP),01000000-263e-b21a-a68d-08dd2376bd38,Ingersoll Township Precinct 1,Ryan D. Kelley,Republican,27
Governor (REP),01000000-263e-b21a-a68d-08dd2376bd38,Ingersoll Township Precinct 1,Ralph Rebandt,Republican,15
Governor (REP),01000000-263e-b21a-a68d-08dd2376bd38,Ingersoll Township Precinct 1,Kevin Rinke,Republican,64
Governor (REP),01000000-263e-b21a-a68d-08dd2376bd38,Ingersoll Township Precinct 1,Garrett Soldano,Republican,55
Governor (REP),01000000-263e-b21a-a68d-08dd2376bd38,Ingersoll Township Precinct 1,Write-In,Republican,1
Governor (REP),01000000-263e-b21a-a68d-08dd2376bd38,Ingersoll Township Precinct 2,Tudor M. Dixon,Republican,82
Governor (REP),01000000-263e-b21a-a68d-08dd2376bd38,Ingersoll Township Precinct 2,Ryan D. Kelley,Republican,22
Governor (REP),01000000-263e-b21a-a68d-08dd2376bd38,Ingersoll Township Precinct 2,Ralph Rebandt,Republican,6
Governor (REP),01000000-263e-b21a-a68d-08dd2376bd38,Ingersoll Township Precinct 2,Kevin Rinke,Republican,40
Governor (REP),01000000-263e-b21a-a68d-08dd2376bd38,Ingersoll Township Precinct 2,Garrett Soldano,Republican,49
Governor (REP),01000000-263e-b21a-a68d-08dd2376bd38,Ingersoll Township Precinct 2,Write-In,Republican,2
Governor (REP),01000000-263e-b21a-a68d-08dd2376bd38,Jasper Township Precinct 1,Tudor M. Dixon,Republican,45
Governor (REP),01000000-263e-b21a-a68d-08dd2376bd38,Jasper Township Precinct 1,Ryan D. Kelley,Republican,31
Governor (REP),01000000-263e-b21a-a68d-08dd2376bd38,Jasper Township Precinct 1,Ralph Rebandt,Republican,6
Governor (REP),01000000-263e-b21a-a68d-08dd2376bd38,Jasper Township Precinct 1,Kevin Rinke,Republican,45
Governor (REP),01000000-263e-b21a-a68d-08dd2376bd38,Jasper Township Precinct 1,Garrett Soldano,Republican,33
Governor (REP),01000000-263e-b21a-a68d-08dd2376bd38,Jasper Township Precinct 1,Write-In,Republican,2
Governor (REP),01000000-263e-b21a-a68d-08dd2376bd38,Jerome Township Precinct 1,Tudor M. Dixon,Republican,146
Governor (REP),01000000-263e-b21a-a68d-08dd2376bd38,Jerome Township Precinct 1,Ryan D. Kelley,Republican,59
Governor (REP),01000000-263e-b21a-a68d-08dd2376bd38,Jerome Township Precinct 1,Ralph Rebandt,Republican,13
Governor (REP),01000000-263e-b21a-a68d-08dd2376bd38,Jerome Township Precinct 1,Kevin Rinke,Republican,84
Governor (REP),01000000-263e-b21a-a68d-08dd2376bd38,Jerome Township Precinct 1,Garrett Soldano,Republican,80
Governor (REP),01000000-263e-b21a-a68d-08dd2376bd38,Jerome Township Precinct 1,Write-In,Republican,5
Governor (REP),01000000-263e-b21a-a68d-08dd2376bd38,Jerome Township Precinct 2,Tudor M. Dixon,Republican,119
Governor (REP),01000000-263e-b21a-a68d-08dd2376bd38,Jerome Township Precinct 2,Ryan D. Kelley,Republican,51
Governor (REP),01000000-263e-b21a-a68d-08dd2376bd38,Jerome Township Precinct 2,Ralph Rebandt,Republican,10
Governor (REP),01000000-263e-b21a-a68d-08dd2376bd38,Jerome Township Precinct 2,Kevin Rinke,Republican,109
Governor (REP),01000000-263e-b21a-a68d-08dd2376bd38,Jerome Township Precinct 2,Garrett Soldano,Republican,89
Governor (REP),01000000-263e-b21a-a68d-08dd2376bd38,Jerome Township Precinct 2,Write-In,Republican,10
Governor (REP),01000000-263e-b21a-a68d-08dd2376bd38,Larkin Township Precinct 1,Tudor M. Dixon,Republican,186
Governor (REP),01000000-263e-b21a-a68d-08dd2376bd38,Larkin Township Precinct 1,Ryan D. Kelley,Republican,56
Governor (REP),01000000-263e-b21a-a68d-08dd2376bd38,Larkin Township Precinct 1,Ralph Rebandt,Republican,14
Governor (REP),01000000-263e-b21a-a68d-08dd2376bd38,Larkin Township Precinct 1,Kevin Rinke,Republican,108
Governor (REP),01000000-263e-b21a-a68d-08dd2376bd38,Larkin Township Precinct 1,Garrett Soldano,Republican,70
Governor (REP),01000000-263e-b21a-a68d-08dd2376bd38,Larkin Township Precinct 1,Write-In,Republican,3
Governor (REP),01000000-263e-b21a-a68d-08dd2376bd38,Larkin Township Precinct 2,Tudor M. Dixon,Republican,163
Governor (REP),01000000-263e-b21a-a68d-08dd2376bd38,Larkin Township Precinct 2,Ryan D. Kelley,Republican,35
Governor (REP),01000000-263e-b21a-a68d-08dd2376bd38,Larkin Township Precinct 2,Ralph Rebandt,Republican,23
Governor (REP),01000000-263e-b21a-a68d-08dd2376bd38,Larkin Township Precinct 2,Kevin Rinke,Republican,96
Governor (REP),01000000-263e-b21a-a68d-08dd2376bd38,Larkin Township Precinct 2,Garrett Soldano,Republican,46
Governor (REP),01000000-263e-b21a-a68d-08dd2376bd38,Larkin Township Precinct 2,Write-In,Republican,2
Governor (REP),01000000-263e-b21a-a68d-08dd2376bd38,Larkin Township Precinct 3,Tudor M. Dixon,Republican,165
Governor (REP),01000000-263e-b21a-a68d-08dd2376bd38,Larkin Township Precinct 3,Ryan D. Kelley,Republican,27
Governor (REP),01000000-263e-b21a-a68d-08dd2376bd38,Larkin Township Precinct 3,Ralph Rebandt,Republican,12
Governor (REP),01000000-263e-b21a-a68d-08dd2376bd38,Larkin Township Precinct 3,Kevin Rinke,Republican,75
Governor (REP),01000000-263e-b21a-a68d-08dd2376bd38,Larkin Township Precinct 3,Garrett Soldano,Republican,48
Governor (REP),01000000-263e-b21a-a68d-08dd2376bd38,Larkin Township Precinct 3,Write-In,Republican,2
Governor (REP),01000000-263e-b21a-a68d-08dd2376bd38,Lee Township Precinct 1,Tudor M. Dixon,Republican,103
Governor (REP),01000000-263e-b21a-a68d-08dd2376bd38,Lee Township Precinct 1,Ryan D. Kelley,Republican,81
Governor (REP),01000000-263e-b21a-a68d-08dd2376bd38,Lee Township Precinct 1,Ralph Rebandt,Republican,14
Governor (REP),01000000-263e-b21a-a68d-08dd2376bd38,Lee Township Precinct 1,Kevin Rinke,Republican,63
Governor (REP),01000000-263e-b21a-a68d-08dd2376bd38,Lee Township Precinct 1,Garrett Soldano,Republican,88
Governor (REP),01000000-263e-b21a-a68d-08dd2376bd38,Lee Township Precinct 1,Write-In,Republican,1
Governor (REP),01000000-263e-b21a-a68d-08dd2376bd38,Lee Township Precinct 2,Tudor M. Dixon,Republican,92
Governor (REP),01000000-263e-b21a-a68d-08dd2376bd38,Lee Township Precinct 2,Ryan D. Kelley,Republican,49
Governor (REP),01000000-263e-b21a-a68d-08dd2376bd38,Lee Township Precinct 2,Ralph Rebandt,Republican,18
Governor (REP),01000000-263e-b21a-a68d-08dd2376bd38,Lee Township Precinct 2,Kevin Rinke,Republican,94
Governor (REP),01000000-263e-b21a-a68d-08dd2376bd38,Lee Township Precinct 2,Garrett Soldano,Republican,73
Governor (REP),01000000-263e-b21a-a68d-08dd2376bd38,Lee Township Precinct 2,Write-In,Republican,4
Governor (REP),01000000-263e-b21a-a68d-08dd2376bd38,Lincoln Township Precinct 1,Tudor M. Dixon,Republican,196
Governor (REP),01000000-263e-b21a-a68d-08dd2376bd38,Lincoln Township Precinct 1,Ryan D. Kelley,Republican,37
Governor (REP),01000000-263e-b21a-a68d-08dd2376bd38,Lincoln Township Precinct 1,Ralph Rebandt,Republican,25
Governor (REP),01000000-263e-b21a-a68d-08dd2376bd38,Lincoln Township Precinct 1,Kevin Rinke,Republican,124
Governor (REP),01000000-263e-b21a-a68d-08dd2376bd38,Lincoln Township Precinct 1,Garrett Soldano,Republican,149
Governor (REP),01000000-263e-b21a-a68d-08dd2376bd38,Lincoln Township Precinct 1,Write-In,Republican,2
Governor (REP),01000000-263e-b21a-a68d-08dd2376bd38,Midland Township Precinct 1,Tudor M. Dixon,Republican,139
Governor (REP),01000000-263e-b21a-a68d-08dd2376bd38,Midland Township Precinct 1,Ryan D. Kelley,Republican,43
Governor (REP),01000000-263e-b21a-a68d-08dd2376bd38,Midland Township Precinct 1,Ralph Rebandt,Republican,17
Governor (REP),01000000-263e-b21a-a68d-08dd2376bd38,Midland Township Precinct 1,Kevin Rinke,Republican,99
Governor (REP),01000000-263e-b21a-a68d-08dd2376bd38,Midland Township Precinct 1,Garrett Soldano,Republican,93
Governor (REP),01000000-263e-b21a-a68d-08dd2376bd38,Midland Township Precinct 1,Write-In,Republican,2
Governor (REP),01000000-263e-b21a-a68d-08dd2376bd38,Mills Township Precinct 1,Tudor M. Dixon,Republican,107
Governor (REP),01000000-263e-b21a-a68d-08dd2376bd38,Mills Township Precinct 1,Ryan D. Kelley,Republican,66
Governor (REP),01000000-263e-b21a-a68d-08dd2376bd38,Mills Township Precinct 1,Ralph Rebandt,Republican,7
Governor (REP),01000000-263e-b21a-a68d-08dd2376bd38,Mills Township Precinct 1,Kevin Rinke,Republican,98
Governor (REP),01000000-263e-b21a-a68d-08dd2376bd38,Mills Township Precinct 1,Garrett Soldano,Republican,65
Governor (REP),01000000-263e-b21a-a68d-08dd2376bd38,Mills Township Precinct 1,Write-In,Republican,0
Governor (REP),01000000-263e-b21a-a68d-08dd2376bd38,Mt. Haley Township Precinct 1,Tudor M. Dixon,Republican,77
Governor (REP),01000000-263e-b21a-a68d-08dd2376bd38,Mt. Haley Township Precinct 1,Ryan D. Kelley,Republican,36
Governor (REP),01000000-263e-b21a-a68d-08dd2376bd38,Mt. Haley Township Precinct 1,Ralph Rebandt,Republican,18
Governor (REP),01000000-263e-b21a-a68d-08dd2376bd38,Mt. Haley Township Precinct 1,Kevin Rinke,Republican,51
Governor (REP),01000000-263e-b21a-a68d-08dd2376bd38,Mt. Haley Township Precinct 1,Garrett Soldano,Republican,99
Governor (REP),01000000-263e-b21a-a68d-08dd2376bd38,Mt. Haley Township Precinct 1,Write-In,Republican,0
Governor (REP),01000000-263e-b21a-a68d-08dd2376bd38,Porter Township Precinct 1,Tudor M. Dixon,Republican,65
Governor (REP),01000000-263e-b21a-a68d-08dd2376bd38,Porter Township Precinct 1,Ryan D. Kelley,Republican,46
Governor (REP),01000000-263e-b21a-a68d-08dd2376bd38,Porter Township Precinct 1,Ralph Rebandt,Republican,10
Governor (REP),01000000-263e-b21a-a68d-08dd2376bd38,Porter Township Precinct 1,Kevin Rinke,Republican,31
Governor (REP),01000000-263e-b21a-a68d-08dd2376bd38,Porter Township Precinct 1,Garrett Soldano,Republican,44
Governor (REP),01000000-263e-b21a-a68d-08dd2376bd38,Porter Township Precinct 1,Write-In,Republican,1
Governor (REP),01000000-263e-b21a-a68d-08dd2376bd38,Warren Township Precinct 1,Tudor M. Dixon,Republican,107
Governor (REP),01000000-263e-b21a-a68d-08dd2376bd38,Warren Township Precinct 1,Ryan D. Kelley,Republican,73
Governor (REP),01000000-263e-b21a-a68d-08dd2376bd38,Warren Township Precinct 1,Ralph Rebandt,Republican,22
Governor (REP),01000000-263e-b21a-a68d-08dd2376bd38,Warren Township Precinct 1,Kevin Rinke,Republican,92
Governor (REP),01000000-263e-b21a-a68d-08dd2376bd38,Warren Township Precinct 1,Garrett Soldano,Republican,91
Governor (REP),01000000-263e-b21a-a68d-08dd2376bd38,Warren Township Precinct 1,Write-In,Republican,3
Precinct Delegate for Ingersoll Township  Precinct 1 (DEM),01000000-263e-b21a-8112-08dd2376be0c,Ingersoll Township Precinct 1,Write-In,Democrat,7
Precinct Delegate for City of Midland  Precinct 17 (DEM),01000000-263e-b21a-5f6a-08dd2376bdc8,City of Midland Precinct 17,Write-In,Democrat,9
County Commissioner 5th District (REP),01000000-263e-b21a-f792-08dd2376bd8d,City of Midland Precinct 5,Kari Atkinson,Republican,56
County Commissioner 5th District (REP),01000000-263e-b21a-f792-08dd2376bd8d,City of Midland Precinct 5,Jim Geisler,Republican,103
County Commissioner 5th District (REP),01000000-263e-b21a-f792-08dd2376bd8d,City of Midland Precinct 5,Write-In,Republican,0
County Commissioner 5th District (REP),01000000-263e-b21a-f792-08dd2376bd8d,City of Midland Precinct 6,Kari Atkinson,Republican,64
County Commissioner 5th District (REP),01000000-263e-b21a-f792-08dd2376bd8d,City of Midland Precinct 6,Jim Geisler,Republican,109
County Commissioner 5th District (REP),01000000-263e-b21a-f792-08dd2376bd8d,City of Midland Precinct 6,Write-In,Republican,4
County Commissioner 5th District (REP),01000000-263e-b21a-f792-08dd2376bd8d,City of Midland Precinct 9,Kari Atkinson,Republican,138
County Commissioner 5th District (REP),01000000-263e-b21a-f792-08dd2376bd8d,City of Midland Precinct 9,Jim Geisler,Republican,201
County Commissioner 5th District (REP),01000000-263e-b21a-f792-08dd2376bd8d,City of Midland Precinct 9,Write-In,Republican,4
County Commissioner 5th District (REP),01000000-263e-b21a-f792-08dd2376bd8d,City of Midland Precinct 10,Kari Atkinson,Republican,148
County Commissioner 5th District (REP),01000000-263e-b21a-f792-08dd2376bd8d,City of Midland Precinct 10,Jim Geisler,Republican,263
County Commissioner 5th District (REP),01000000-263e-b21a-f792-08dd2376bd8d,City of Midland Precinct 10,Write-In,Republican,4
County Commissioner 5th District (REP),01000000-263e-b21a-f792-08dd2376bd8d,City of Midland Precinct 11,Kari Atkinson,Republican,174
County Commissioner 5th District (REP),01000000-263e-b21a-f792-08dd2376bd8d,City of Midland Precinct 11,Jim Geisler,Republican,286
County Commissioner 5th District (REP),01000000-263e-b21a-f792-08dd2376bd8d,City of Midland Precinct 11,Write-In,Republican,2
Precinct Delegate for City of Midland  Precinct 19 (DEM),01000000-263e-b21a-fec5-08dd2376bdd1,City of Midland Precinct 19,Write-In,Democrat,14
County Commissioner 1st District - Bay (DEM),01000000-263e-b21a-50c5-08dd2376bd7e,City of Midland Precinct 4B,Marie Ann-Fryzel Fox,Democrat,5
County Commissioner 1st District - Bay (DEM),01000000-263e-b21a-50c5-08dd2376bd7e,City of Midland Precinct 4B,Write-In,Democrat,0
Midland County Road Millage Renewal Proposal,01000000-263e-b21a-1e02-08dd2376bd4e,City of Coleman Precinct 1,Yes,,187
Midland County Road Millage Renewal Proposal,01000000-263e-b21a-1e02-08dd2376bd4e,City of Coleman Precinct 1,No,,61
Midland County Road Millage Renewal Proposal,01000000-263e-b21a-1e02-08dd2376bd4e,City of Midland Precinct 1,Yes,,422
Midland County Road Millage Renewal Proposal,01000000-263e-b21a-1e02-08dd2376bd4e,City of Midland Precinct 1,No,,98
Midland County Road Millage Renewal Proposal,01000000-263e-b21a-1e02-08dd2376bd4e,City of Midland Precinct 2,Yes,,322
Midland County Road Millage Renewal Proposal,01000000-263e-b21a-1e02-08dd2376bd4e,City of Midland Precinct 2,No,,72
Midland County Road Millage Renewal Proposal,01000000-263e-b21a-1e02-08dd2376bd4e,City of Midland Precinct 3,Yes,,314
Midland County Road Millage Renewal Proposal,01000000-263e-b21a-1e02-08dd2376bd4e,City of Midland Precinct 3,No,,57
Midland County Road Millage Renewal Proposal,01000000-263e-b21a-1e02-08dd2376bd4e,City of Midland Precinct 4A,Yes,,151
Midland County Road Millage Renewal Proposal,01000000-263e-b21a-1e02-08dd2376bd4e,City of Midland Precinct 4A,No,,42
Midland County Road Millage Renewal Proposal,01000000-263e-b21a-1e02-08dd2376bd4e,City of Midland Precinct 5,Yes,,228
Midland County Road Millage Renewal Proposal,01000000-263e-b21a-1e02-08dd2376bd4e,City of Midland Precinct 5,No,,58
Midland County Road Millage Renewal Proposal,01000000-263e-b21a-1e02-08dd2376bd4e,City of Midland Precinct 6,Yes,,291
Midland County Road Millage Renewal Proposal,01000000-263e-b21a-1e02-08dd2376bd4e,City of Midland Precinct 6,No,,49
Midland County Road Millage Renewal Proposal,01000000-263e-b21a-1e02-08dd2376bd4e,City of Midland Precinct 7,Yes,,734
Midland County Road Millage Renewal Proposal,01000000-263e-b21a-1e02-08dd2376bd4e,City of Midland Precinct 7,No,,119
Midland County Road Millage Renewal Proposal,01000000-263e-b21a-1e02-08dd2376bd4e,City of Midland Precinct 8,Yes,,355
Midland County Road Millage Renewal Proposal,01000000-263e-b21a-1e02-08dd2376bd4e,City of Midland Precinct 8,No,,101
Midland County Road Millage Renewal Proposal,01000000-263e-b21a-1e02-08dd2376bd4e,City of Midland Precinct 9,Yes,,533
Midland County Road Millage Renewal Proposal,01000000-263e-b21a-1e02-08dd2376bd4e,City of Midland Precinct 9,No,,86
Midland County Road Millage Renewal Proposal,01000000-263e-b21a-1e02-08dd2376bd4e,City of Midland Precinct 10,Yes,,632
Midland County Road Millage Renewal Proposal,01000000-263e-b21a-1e02-08dd2376bd4e,City of Midland Precinct 10,No,,116
Midland County Road Millage Renewal Proposal,01000000-263e-b21a-1e02-08dd2376bd4e,City of Midland Precinct 11,Yes,,706
Midland County Road Millage Renewal Proposal,01000000-263e-b21a-1e02-08dd2376bd4e,City of Midland Precinct 11,No,,109
Midland County Road Millage Renewal Proposal,01000000-263e-b21a-1e02-08dd2376bd4e,City of Midland Precinct 12,Yes,,204
Midland County Road Millage Renewal Proposal,01000000-263e-b21a-1e02-08dd2376bd4e,City of Midland Precinct 12,No,,29
Midland County Road Millage Renewal Proposal,01000000-263e-b21a-1e02-08dd2376bd4e,City of Midland Precinct 13,Yes,,654
Midland County Road Millage Renewal Proposal,01000000-263e-b21a-1e02-08dd2376bd4e,City of Midland Precinct 13,No,,108
Midland County Road Millage Renewal Proposal,01000000-263e-b21a-1e02-08dd2376bd4e,City of Midland Precinct 14,Yes,,531
Midland County Road Millage Renewal Proposal,01000000-263e-b21a-1e02-08dd2376bd4e,City of Midland Precinct 14,No,,104
Midland County Road Millage Renewal Proposal,01000000-263e-b21a-1e02-08dd2376bd4e,City of Midland Precinct 15,Yes,,640
Midland County Road Millage Renewal Proposal,01000000-263e-b21a-1e02-08dd2376bd4e,City of Midland Precinct 15,No,,116
Midland County Road Millage Renewal Proposal,01000000-263e-b21a-1e02-08dd2376bd4e,City of Midland Precinct 16,Yes,,401
Midland County Road Millage Renewal Proposal,01000000-263e-b21a-1e02-08dd2376bd4e,City of Midland Precinct 16,No,,60
Midland County Road Millage Renewal Proposal,01000000-263e-b21a-1e02-08dd2376bd4e,City of Midland Precinct 17,Yes,,475
Midland County Road Millage Renewal Proposal,01000000-263e-b21a-1e02-08dd2376bd4e,City of Midland Precinct 17,No,,86
Midland County Road Millage Renewal Proposal,01000000-263e-b21a-1e02-08dd2376bd4e,City of Midland Precinct 18,Yes,,561
Midland County Road Millage Renewal Proposal,01000000-263e-b21a-1e02-08dd2376bd4e,City of Midland Precinct 18,No,,93
Midland County Road Millage Renewal Proposal,01000000-263e-b21a-1e02-08dd2376bd4e,City of Midland Precinct 19,Yes,,541
Midland County Road Millage Renewal Proposal,01000000-263e-b21a-1e02-08dd2376bd4e,City of Midland Precinct 19,No,,100
Midland County Road Millage Renewal Proposal,01000000-263e-b21a-1e02-08dd2376bd4e,Edenville Township Precinct 1,Yes,,471
Midland County Road Millage Renewal Proposal,01000000-263e-b21a-1e02-08dd2376bd4e,Edenville Township Precinct 1,No,,192
Midland County Road Millage Renewal Proposal,01000000-263e-b21a-1e02-08dd2376bd4e,Geneva Township Precinct 1,Yes,,230
Midland County Road Millage Renewal Proposal,01000000-263e-b21a-1e02-08dd2376bd4e,Geneva Township Precinct 1,No,,90
Midland County Road Millage Renewal Proposal,01000000-263e-b21a-1e02-08dd2376bd4e,Greendale Township Precinct 1,Yes,,237
Midland County Road Millage Renewal Proposal,01000000-263e-b21a-1e02-08dd2376bd4e,Greendale Township Precinct 1,No,,111
Midland County Road Millage Renewal Proposal,01000000-263e-b21a-1e02-08dd2376bd4e,Homer Township Precinct 1,Yes,,284
Midland County Road Millage Renewal Proposal,01000000-263e-b21a-1e02-08dd2376bd4e,Homer Township Precinct 1,No,,71
Midland County Road Millage Renewal Proposal,01000000-263e-b21a-1e02-08dd2376bd4e,Homer Township Precinct 2,Yes,,236
Midland County Road Millage Renewal Proposal,01000000-263e-b21a-1e02-08dd2376bd4e,Homer Township Precinct 2,No,,96
Midland County Road Millage Renewal Proposal,01000000-263e-b21a-1e02-08dd2376bd4e,Homer Township Precinct 3,Yes,,356
Midland County Road Millage Renewal Proposal,01000000-263e-b21a-1e02-08dd2376bd4e,Homer Township Precinct 3,No,,90
Midland County Road Millage Renewal Proposal,01000000-263e-b21a-1e02-08dd2376bd4e,Hope Township Precinct 1,Yes,,247
Midland County Road Millage Renewal Proposal,01000000-263e-b21a-1e02-08dd2376bd4e,Hope Township Precinct 1,No,,112
Midland County Road Millage Renewal Proposal,01000000-263e-b21a-1e02-08dd2376bd4e,Ingersoll Township Precinct 1,Yes,,284
Midland County Road Millage Renewal Proposal,01000000-263e-b21a-1e02-08dd2376bd4e,Ingersoll Township Precinct 1,No,,78
Midland County Road Millage Renewal Proposal,01000000-263e-b21a-1e02-08dd2376bd4e,Ingersoll Township Precinct 2,Yes,,194
Midland County Road Millage Renewal Proposal,01000000-263e-b21a-1e02-08dd2376bd4e,Ingersoll Township Precinct 2,No,,100
Midland County Road Millage Renewal Proposal,01000000-263e-b21a-1e02-08dd2376bd4e,Jasper Township Precinct 1,Yes,,153
Midland County Road Millage Renewal Proposal,01000000-263e-b21a-1e02-08dd2376bd4e,Jasper Township Precinct 1,No,,62
Midland County Road Millage Renewal Proposal,01000000-263e-b21a-1e02-08dd2376bd4e,Jerome Township Precinct 1,Yes,,462
Midland County Road Millage Renewal Proposal,01000000-263e-b21a-1e02-08dd2376bd4e,Jerome Township Precinct 1,No,,116
Midland County Road Millage Renewal Proposal,01000000-263e-b21a-1e02-08dd2376bd4e,Jerome Township Precinct 2,Yes,,415
Midland County Road Millage Renewal Proposal,01000000-263e-b21a-1e02-08dd2376bd4e,Jerome Township Precinct 2,No,,133
Midland County Road Millage Renewal Proposal,01000000-263e-b21a-1e02-08dd2376bd4e,Larkin Township Precinct 1,Yes,,447
Midland County Road Millage Renewal Proposal,01000000-263e-b21a-1e02-08dd2376bd4e,Larkin Township Precinct 1,No,,137
Midland County Road Millage Renewal Proposal,01000000-263e-b21a-1e02-08dd2376bd4e,Larkin Township Precinct 2,Yes,,396
Midland County Road Millage Renewal Proposal,01000000-263e-b21a-1e02-08dd2376bd4e,Larkin Township Precinct 2,No,,106
Midland County Road Millage Renewal Proposal,01000000-263e-b21a-1e02-08dd2376bd4e,Larkin Township Precinct 3,Yes,,387
Midland County Road Millage Renewal Proposal,01000000-263e-b21a-1e02-08dd2376bd4e,Larkin Township Precinct 3,No,,85
Midland County Road Millage Renewal Proposal,01000000-263e-b21a-1e02-08dd2376bd4e,Lee Township Precinct 1,Yes,,320
Midland County Road Millage Renewal Proposal,01000000-263e-b21a-1e02-08dd2376bd4e,Lee Township Precinct 1,No,,159
Midland County Road Millage Renewal Proposal,01000000-263e-b21a-1e02-08dd2376bd4e,Lee Township Precinct 2,Yes,,322
Midland County Road Millage Renewal Proposal,01000000-263e-b21a-1e02-08dd2376bd4e,Lee Township Precinct 2,No,,127
Midland County Road Millage Renewal Proposal,01000000-263e-b21a-1e02-08dd2376bd4e,Lincoln Township Precinct 1,Yes,,555
Midland County Road Millage Renewal Proposal,01000000-263e-b21a-1e02-08dd2376bd4e,Lincoln Township Precinct 1,No,,189
Midland County Road Millage Renewal Proposal,01000000-263e-b21a-1e02-08dd2376bd4e,Midland Township Precinct 1,Yes,,433
Midland County Road Millage Renewal Proposal,01000000-263e-b21a-1e02-08dd2376bd4e,Midland Township Precinct 1,No,,108
Midland County Road Millage Renewal Proposal,01000000-263e-b21a-1e02-08dd2376bd4e,Mills Township Precinct 1,Yes,,301
Midland County Road Millage Renewal Proposal,01000000-263e-b21a-1e02-08dd2376bd4e,Mills Township Precinct 1,No,,145
Midland County Road Millage Renewal Proposal,01000000-263e-b21a-1e02-08dd2376bd4e,Mt. Haley Township Precinct 1,Yes,,300
Midland County Road Millage Renewal Proposal,01000000-263e-b21a-1e02-08dd2376bd4e,Mt. Haley Township Precinct 1,No,,108
Midland County Road Millage Renewal Proposal,01000000-263e-b21a-1e02-08dd2376bd4e,Porter Township Precinct 1,Yes,,172
Midland County Road Millage Renewal Proposal,01000000-263e-b21a-1e02-08dd2376bd4e,Porter Township Precinct 1,No,,84
Midland County Road Millage Renewal Proposal,01000000-263e-b21a-1e02-08dd2376bd4e,Warren Township Precinct 1,Yes,,339
Midland County Road Millage Renewal Proposal,01000000-263e-b21a-1e02-08dd2376bd4e,Warren Township Precinct 1,No,,177
Precinct Delegate for Greendale Township  Precinct 1 (REP),01000000-263e-b21a-0535-08dd2376bde9,Greendale Township Precinct 1,Jim LeViere,Republican,179
Precinct Delegate for Greendale Township  Precinct 1 (REP),01000000-263e-b21a-0535-08dd2376bde9,Greendale Township Precinct 1,Susan LeViere,Republican,152
Precinct Delegate for Greendale Township  Precinct 1 (REP),01000000-263e-b21a-0535-08dd2376bde9,Greendale Township Precinct 1,Write-In,Republican,8
Precinct Delegate for Porter Township  Precinct 1 (REP),01000000-263e-b21a-2c63-08dd2376be6b,Porter Township Precinct 1,Richard D. Corbat,Republican,137
Precinct Delegate for Porter Township  Precinct 1 (REP),01000000-263e-b21a-2c63-08dd2376be6b,Porter Township Precinct 1,Yvonne M. Corbat,Republican,121
Precinct Delegate for Porter Township  Precinct 1 (REP),01000000-263e-b21a-2c63-08dd2376be6b,Porter Township Precinct 1,Write-In,Republican,2
Township Clerk for Jerome Township (REP),01000000-263e-b21a-836b-08dd2376be25,Jerome Township Precinct 1,Gil Bernier,Republican,309
Township Clerk for Jerome Township (REP),01000000-263e-b21a-836b-08dd2376be25,Jerome Township Precinct 1,Write-In,Republican,6
Township Clerk for Jerome Township (REP),01000000-263e-b21a-836b-08dd2376be25,Jerome Township Precinct 2,Gil Bernier,Republican,298
Township Clerk for Jerome Township (REP),01000000-263e-b21a-836b-08dd2376be25,Jerome Township Precinct 2,Write-In,Republican,1
Precinct Delegate for City of Midland  Precinct 4A (DEM),01000000-263e-b21a-ad3e-08dd2376bd76,City of Midland Precinct 4A,Write-In,Democrat,7
Precinct Delegate for City of Midland  Precinct 12 (DEM),01000000-263e-b21a-b709-08dd2376bdad,City of Midland Precinct 12,Write-In,Democrat,12
Shepherd Public Schools Operating Millage Renewal Proposal,01000000-263e-b21a-ac46-08dd2376bded,Greendale Township Precinct 1,Yes,,48
Shepherd Public Schools Operating Millage Renewal Proposal,01000000-263e-b21a-ac46-08dd2376bded,Greendale Township Precinct 1,No,,37
Shepherd Public Schools Operating Millage Renewal Proposal,01000000-263e-b21a-ac46-08dd2376bded,Jasper Township Precinct 1,Yes,,3
Shepherd Public Schools Operating Millage Renewal Proposal,01000000-263e-b21a-ac46-08dd2376bded,Jasper Township Precinct 1,No,,0
Precinct Delegate for City of Midland  Precinct 7 (DEM),01000000-263e-b21a-38a6-08dd2376bd96,City of Midland Precinct 7,Ryan Henry,Democrat,210
Precinct Delegate for City of Midland  Precinct 7 (DEM),01000000-263e-b21a-38a6-08dd2376bd96,City of Midland Precinct 7,Write-In,Democrat,1
Precinct Delegate for City of Midland  Precinct 11 (DEM),01000000-263e-b21a-36b3-08dd2376bda7,City of Midland Precinct 11,Write-In,Democrat,14
Precinct Delegate for Mills Township  Precinct 1 (REP),01000000-263e-b21a-60a9-08dd2376be5d,Mills Township Precinct 1,Evan Fryzelka,Republican,152
Precinct Delegate for Mills Township  Precinct 1 (REP),01000000-263e-b21a-60a9-08dd2376be5d,Mills Township Precinct 1,Myron Greene,Republican,228
Precinct Delegate for Mills Township  Precinct 1 (REP),01000000-263e-b21a-60a9-08dd2376be5d,Mills Township Precinct 1,Tamara Myers-Greene,Republican,155
Precinct Delegate for Mills Township  Precinct 1 (REP),01000000-263e-b21a-60a9-08dd2376be5d,Mills Township Precinct 1,Write-In,Republican,2
Precinct Delegate for Hope Township  Precinct 1 (DEM),01000000-263e-b21a-8a9e-08dd2376be03,Hope Township Precinct 1,Write-In,Democrat,18
Representative in State Legislature 95th District (REP),01000000-263e-b21a-eb3a-08dd2376bd3f,City of Coleman Precinct 1,Ann Manary,Republican,40
Representative in State Legislature 95th District (REP),01000000-263e-b21a-eb3a-08dd2376bd3f,City of Coleman Precinct 1,Charles A. McGinnis  Jr.,Republican,10
Representative in State Legislature 95th District (REP),01000000-263e-b21a-eb3a-08dd2376bd3f,City of Coleman Precinct 1,Bill G. Schuette,Republican,113
Representative in State Legislature 95th District (REP),01000000-263e-b21a-eb3a-08dd2376bd3f,City of Coleman Precinct 1,Write-In,Republican,0
Representative in State Legislature 95th District (REP),01000000-263e-b21a-eb3a-08dd2376bd3f,City of Midland Precinct 1,Ann Manary,Republican,113
Representative in State Legislature 95th District (REP),01000000-263e-b21a-eb3a-08dd2376bd3f,City of Midland Precinct 1,Charles A. McGinnis  Jr.,Republican,20
Representative in State Legislature 95th District (REP),01000000-263e-b21a-eb3a-08dd2376bd3f,City of Midland Precinct 1,Bill G. Schuette,Republican,206
Representative in State Legislature 95th District (REP),01000000-263e-b21a-eb3a-08dd2376bd3f,City of Midland Precinct 1,Write-In,Republican,0
Representative in State Legislature 95th District (REP),01000000-263e-b21a-eb3a-08dd2376bd3f,City of Midland Precinct 2,Ann Manary,Republican,81
Representative in State Legislature 95th District (REP),01000000-263e-b21a-eb3a-08dd2376bd3f,City of Midland Precinct 2,Charles A. McGinnis  Jr.,Republican,4
Representative in State Legislature 95th District (REP),01000000-263e-b21a-eb3a-08dd2376bd3f,City of Midland Precinct 2,Bill G. Schuette,Republican,166
Representative in State Legislature 95th District (REP),01000000-263e-b21a-eb3a-08dd2376bd3f,City of Midland Precinct 2,Write-In,Republican,0
Representative in State Legislature 95th District (REP),01000000-263e-b21a-eb3a-08dd2376bd3f,City of Midland Precinct 3,Ann Manary,Republican,83
Representative in State Legislature 95th District (REP),01000000-263e-b21a-eb3a-08dd2376bd3f,City of Midland Precinct 3,Charles A. McGinnis  Jr.,Republican,17
Representative in State Legislature 95th District (REP),01000000-263e-b21a-eb3a-08dd2376bd3f,City of Midland Precinct 3,Bill G. Schuette,Republican,153
Representative in State Legislature 95th District (REP),01000000-263e-b21a-eb3a-08dd2376bd3f,City of Midland Precinct 3,Write-In,Republican,0
Representative in State Legislature 95th District (REP),01000000-263e-b21a-eb3a-08dd2376bd3f,City of Midland Precinct 4A,Ann Manary,Republican,28
Representative in State Legislature 95th District (REP),01000000-263e-b21a-eb3a-08dd2376bd3f,City of Midland Precinct 4A,Charles A. McGinnis  Jr.,Republican,13
Representative in State Legislature 95th District (REP),01000000-263e-b21a-eb3a-08dd2376bd3f,City of Midland Precinct 4A,Bill G. Schuette,Republican,84
Representative in State Legislature 95th District (REP),01000000-263e-b21a-eb3a-08dd2376bd3f,City of Midland Precinct 4A,Write-In,Republican,0
Representative in State Legislature 95th District (REP),01000000-263e-b21a-eb3a-08dd2376bd3f,City of Midland Precinct 4B,Ann Manary,Republican,1
Representative in State Legislature 95th District (REP),01000000-263e-b21a-eb3a-08dd2376bd3f,City of Midland Precinct 4B,Charles A. McGinnis  Jr.,Republican,3
Representative in State Legislature 95th District (REP),01000000-263e-b21a-eb3a-08dd2376bd3f,City of Midland Precinct 4B,Bill G. Schuette,Republican,13
Representative in State Legislature 95th District (REP),01000000-263e-b21a-eb3a-08dd2376bd3f,City of Midland Precinct 4B,Write-In,Republican,0
Representative in State Legislature 95th District (REP),01000000-263e-b21a-eb3a-08dd2376bd3f,City of Midland Precinct 5,Ann Manary,Republican,73
Representative in State Legislature 95th District (REP),01000000-263e-b21a-eb3a-08dd2376bd3f,City of Midland Precinct 5,Charles A. McGinnis  Jr.,Republican,6
Representative in State Legislature 95th District (REP),01000000-263e-b21a-eb3a-08dd2376bd3f,City of Midland Precinct 5,Bill G. Schuette,Republican,129
Representative in State Legislature 95th District (REP),01000000-263e-b21a-eb3a-08dd2376bd3f,City of Midland Precinct 5,Write-In,Republican,0
Representative in State Legislature 95th District (REP),01000000-263e-b21a-eb3a-08dd2376bd3f,City of Midland Precinct 6,Ann Manary,Republican,105
Representative in State Legislature 95th District (REP),01000000-263e-b21a-eb3a-08dd2376bd3f,City of Midland Precinct 6,Charles A. McGinnis  Jr.,Republican,14
Representative in State Legislature 95th District (REP),01000000-263e-b21a-eb3a-08dd2376bd3f,City of Midland Precinct 6,Bill G. Schuette,Republican,144
Representative in State Legislature 95th District (REP),01000000-263e-b21a-eb3a-08dd2376bd3f,City of Midland Precinct 6,Write-In,Republican,1
Representative in State Legislature 95th District (REP),01000000-263e-b21a-eb3a-08dd2376bd3f,City of Midland Precinct 7,Ann Manary,Republican,291
Representative in State Legislature 95th District (REP),01000000-263e-b21a-eb3a-08dd2376bd3f,City of Midland Precinct 7,Charles A. McGinnis  Jr.,Republican,14
Representative in State Legislature 95th District (REP),01000000-263e-b21a-eb3a-08dd2376bd3f,City of Midland Precinct 7,Bill G. Schuette,Republican,308
Representative in State Legislature 95th District (REP),01000000-263e-b21a-eb3a-08dd2376bd3f,City of Midland Precinct 7,Write-In,Republican,1
Representative in State Legislature 95th District (REP),01000000-263e-b21a-eb3a-08dd2376bd3f,City of Midland Precinct 8,Ann Manary,Republican,118
Representative in State Legislature 95th District (REP),01000000-263e-b21a-eb3a-08dd2376bd3f,City of Midland Precinct 8,Charles A. McGinnis  Jr.,Republican,30
Representative in State Legislature 95th District (REP),01000000-263e-b21a-eb3a-08dd2376bd3f,City of Midland Precinct 8,Bill G. Schuette,Republican,150
Representative in State Legislature 95th District (REP),01000000-263e-b21a-eb3a-08dd2376bd3f,City of Midland Precinct 8,Write-In,Republican,0
Representative in State Legislature 95th District (REP),01000000-263e-b21a-eb3a-08dd2376bd3f,City of Midland Precinct 9,Ann Manary,Republican,136
Representative in State Legislature 95th District (REP),01000000-263e-b21a-eb3a-08dd2376bd3f,City of Midland Precinct 9,Charles A. McGinnis  Jr.,Republican,21
Representative in State Legislature 95th District (REP),01000000-263e-b21a-eb3a-08dd2376bd3f,City of Midland Precinct 9,Bill G. Schuette,Republican,290
Representative in State Legislature 95th District (REP),01000000-263e-b21a-eb3a-08dd2376bd3f,City of Midland Precinct 9,Write-In,Republican,0
Representative in State Legislature 95th District (REP),01000000-263e-b21a-eb3a-08dd2376bd3f,City of Midland Precinct 10,Ann Manary,Republican,193
Representative in State Legislature 95th District (REP),01000000-263e-b21a-eb3a-08dd2376bd3f,City of Midland Precinct 10,Charles A. McGinnis  Jr.,Republican,9
Representative in State Legislature 95th District (REP),01000000-263e-b21a-eb3a-08dd2376bd3f,City of Midland Precinct 10,Bill G. Schuette,Republican,348
Representative in State Legislature 95th District (REP),01000000-263e-b21a-eb3a-08dd2376bd3f,City of Midland Precinct 10,Write-In,Republican,0
Representative in State Legislature 95th District (REP),01000000-263e-b21a-eb3a-08dd2376bd3f,City of Midland Precinct 11,Ann Manary,Republican,246
Representative in State Legislature 95th District (REP),01000000-263e-b21a-eb3a-08dd2376bd3f,City of Midland Precinct 11,Charles A. McGinnis  Jr.,Republican,20
Representative in State Legislature 95th District (REP),01000000-263e-b21a-eb3a-08dd2376bd3f,City of Midland Precinct 11,Bill G. Schuette,Republican,362
Representative in State Legislature 95th District (REP),01000000-263e-b21a-eb3a-08dd2376bd3f,City of Midland Precinct 11,Write-In,Republican,0
Representative in State Legislature 95th District (REP),01000000-263e-b21a-eb3a-08dd2376bd3f,City of Midland Precinct 12,Ann Manary,Republican,43
Representative in State Legislature 95th District (REP),01000000-263e-b21a-eb3a-08dd2376bd3f,City of Midland Precinct 12,Charles A. McGinnis  Jr.,Republican,7
Representative in State Legislature 95th District (REP),01000000-263e-b21a-eb3a-08dd2376bd3f,City of Midland Precinct 12,Bill G. Schuette,Republican,102
Representative in State Legislature 95th District (REP),01000000-263e-b21a-eb3a-08dd2376bd3f,City of Midland Precinct 12,Write-In,Republican,0
Representative in State Legislature 95th District (REP),01000000-263e-b21a-eb3a-08dd2376bd3f,City of Midland Precinct 13,Ann Manary,Republican,229
Representative in State Legislature 95th District (REP),01000000-263e-b21a-eb3a-08dd2376bd3f,City of Midland Precinct 13,Charles A. McGinnis  Jr.,Republican,11
Representative in State Legislature 95th District (REP),01000000-263e-b21a-eb3a-08dd2376bd3f,City of Midland Precinct 13,Bill G. Schuette,Republican,278
Representative in State Legislature 95th District (REP),01000000-263e-b21a-eb3a-08dd2376bd3f,City of Midland Precinct 13,Write-In,Republican,0
Representative in State Legislature 95th District (REP),01000000-263e-b21a-eb3a-08dd2376bd3f,City of Midland Precinct 14,Ann Manary,Republican,173
Representative in State Legislature 95th District (REP),01000000-263e-b21a-eb3a-08dd2376bd3f,City of Midland Precinct 14,Charles A. McGinnis  Jr.,Republican,14
Representative in State Legislature 95th District (REP),01000000-263e-b21a-eb3a-08dd2376bd3f,City of Midland Precinct 14,Bill G. Schuette,Republican,262
Representative in State Legislature 95th District (REP),01000000-263e-b21a-eb3a-08dd2376bd3f,City of Midland Precinct 14,Write-In,Republican,1
Representative in State Legislature 95th District (REP),01000000-263e-b21a-eb3a-08dd2376bd3f,City of Midland Precinct 15,Ann Manary,Republican,219
Representative in State Legislature 95th District (REP),01000000-263e-b21a-eb3a-08dd2376bd3f,City of Midland Precinct 15,Charles A. McGinnis  Jr.,Republican,10
Representative in State Legislature 95th District (REP),01000000-263e-b21a-eb3a-08dd2376bd3f,City of Midland Precinct 15,Bill G. Schuette,Republican,302
Representative in State Legislature 95th District (REP),01000000-263e-b21a-eb3a-08dd2376bd3f,City of Midland Precinct 15,Write-In,Republican,1
Representative in State Legislature 95th District (REP),01000000-263e-b21a-eb3a-08dd2376bd3f,City of Midland Precinct 16,Ann Manary,Republican,112
Representative in State Legislature 95th District (REP),01000000-263e-b21a-eb3a-08dd2376bd3f,City of Midland Precinct 16,Charles A. McGinnis  Jr.,Republican,12
Representative in State Legislature 95th District (REP),01000000-263e-b21a-eb3a-08dd2376bd3f,City of Midland Precinct 16,Bill G. Schuette,Republican,160
Representative in State Legislature 95th District (REP),01000000-263e-b21a-eb3a-08dd2376bd3f,City of Midland Precinct 16,Write-In,Republican,0
Representative in State Legislature 95th District (REP),01000000-263e-b21a-eb3a-08dd2376bd3f,City of Midland Precinct 17,Ann Manary,Republican,173
Representative in State Legislature 95th District (REP),01000000-263e-b21a-eb3a-08dd2376bd3f,City of Midland Precinct 17,Charles A. McGinnis  Jr.,Republican,13
Representative in State Legislature 95th District (REP),01000000-263e-b21a-eb3a-08dd2376bd3f,City of Midland Precinct 17,Bill G. Schuette,Republican,223
Representative in State Legislature 95th District (REP),01000000-263e-b21a-eb3a-08dd2376bd3f,City of Midland Precinct 17,Write-In,Republican,0
Representative in State Legislature 95th District (REP),01000000-263e-b21a-eb3a-08dd2376bd3f,City of Midland Precinct 18,Ann Manary,Republican,163
Representative in State Legislature 95th District (REP),01000000-263e-b21a-eb3a-08dd2376bd3f,City of Midland Precinct 18,Charles A. McGinnis  Jr.,Republican,19
Representative in State Legislature 95th District (REP),01000000-263e-b21a-eb3a-08dd2376bd3f,City of Midland Precinct 18,Bill G. Schuette,Republican,267
Representative in State Legislature 95th District (REP),01000000-263e-b21a-eb3a-08dd2376bd3f,City of Midland Precinct 18,Write-In,Republican,0
Representative in State Legislature 95th District (REP),01000000-263e-b21a-eb3a-08dd2376bd3f,City of Midland Precinct 19,Ann Manary,Republican,158
Representative in State Legislature 95th District (REP),01000000-263e-b21a-eb3a-08dd2376bd3f,City of Midland Precinct 19,Charles A. McGinnis  Jr.,Republican,10
Representative in State Legislature 95th District (REP),01000000-263e-b21a-eb3a-08dd2376bd3f,City of Midland Precinct 19,Bill G. Schuette,Republican,277
Representative in State Legislature 95th District (REP),01000000-263e-b21a-eb3a-08dd2376bd3f,City of Midland Precinct 19,Write-In,Republican,0
Representative in State Legislature 95th District (REP),01000000-263e-b21a-eb3a-08dd2376bd3f,Edenville Township Precinct 1,Ann Manary,Republican,140
Representative in State Legislature 95th District (REP),01000000-263e-b21a-eb3a-08dd2376bd3f,Edenville Township Precinct 1,Charles A. McGinnis  Jr.,Republican,18
Representative in State Legislature 95th District (REP),01000000-263e-b21a-eb3a-08dd2376bd3f,Edenville Township Precinct 1,Bill G. Schuette,Republican,345
Representative in State Legislature 95th District (REP),01000000-263e-b21a-eb3a-08dd2376bd3f,Edenville Township Precinct 1,Write-In,Republican,1
Representative in State Legislature 95th District (REP),01000000-263e-b21a-eb3a-08dd2376bd3f,Geneva Township Precinct 1,Ann Manary,Republican,48
Representative in State Legislature 95th District (REP),01000000-263e-b21a-eb3a-08dd2376bd3f,Geneva Township Precinct 1,Charles A. McGinnis  Jr.,Republican,19
Representative in State Legislature 95th District (REP),01000000-263e-b21a-eb3a-08dd2376bd3f,Geneva Township Precinct 1,Bill G. Schuette,Republican,156
Representative in State Legislature 95th District (REP),01000000-263e-b21a-eb3a-08dd2376bd3f,Geneva Township Precinct 1,Write-In,Republican,0
Representative in State Legislature 95th District (REP),01000000-263e-b21a-eb3a-08dd2376bd3f,Greendale Township Precinct 1,Ann Manary,Republican,66
Representative in State Legislature 95th District (REP),01000000-263e-b21a-eb3a-08dd2376bd3f,Greendale Township Precinct 1,Charles A. McGinnis  Jr.,Republican,32
Representative in State Legislature 95th District (REP),01000000-263e-b21a-eb3a-08dd2376bd3f,Greendale Township Precinct 1,Bill G. Schuette,Republican,190
Representative in State Legislature 95th District (REP),01000000-263e-b21a-eb3a-08dd2376bd3f,Greendale Township Precinct 1,Write-In,Republican,0
Representative in State Legislature 95th District (REP),01000000-263e-b21a-eb3a-08dd2376bd3f,Homer Township Precinct 1,Ann Manary,Republican,85
Representative in State Legislature 95th District (REP),01000000-263e-b21a-eb3a-08dd2376bd3f,Homer Township Precinct 1,Charles A. McGinnis  Jr.,Republican,12
Representative in State Legislature 95th District (REP),01000000-263e-b21a-eb3a-08dd2376bd3f,Homer Township Precinct 1,Bill G. Schuette,Republican,158
Representative in State Legislature 95th District (REP),01000000-263e-b21a-eb3a-08dd2376bd3f,Homer Township Precinct 1,Write-In,Republican,0
Representative in State Legislature 95th District (REP),01000000-263e-b21a-eb3a-08dd2376bd3f,Homer Township Precinct 2,Ann Manary,Republican,67
Representative in State Legislature 95th District (REP),01000000-263e-b21a-eb3a-08dd2376bd3f,Homer Township Precinct 2,Charles A. McGinnis  Jr.,Republican,12
Representative in State Legislature 95th District (REP),01000000-263e-b21a-eb3a-08dd2376bd3f,Homer Township Precinct 2,Bill G. Schuette,Republican,178
Representative in State Legislature 95th District (REP),01000000-263e-b21a-eb3a-08dd2376bd3f,Homer Township Precinct 2,Write-In,Republican,0
Representative in State Legislature 95th District (REP),01000000-263e-b21a-eb3a-08dd2376bd3f,Homer Township Precinct 3,Ann Manary,Republican,126
Representative in State Legislature 95th District (REP),01000000-263e-b21a-eb3a-08dd2376bd3f,Homer Township Precinct 3,Charles A. McGinnis  Jr.,Republican,20
Representative in State Legislature 95th District (REP),01000000-263e-b21a-eb3a-08dd2376bd3f,Homer Township Precinct 3,Bill G. Schuette,Republican,199
Representative in State Legislature 95th District (REP),01000000-263e-b21a-eb3a-08dd2376bd3f,Homer Township Precinct 3,Write-In,Republican,0
Representative in State Legislature 95th District (REP),01000000-263e-b21a-eb3a-08dd2376bd3f,Hope Township Precinct 1,Ann Manary,Republican,73
Representative in State Legislature 95th District (REP),01000000-263e-b21a-eb3a-08dd2376bd3f,Hope Township Precinct 1,Charles A. McGinnis  Jr.,Republican,23
Representative in State Legislature 95th District (REP),01000000-263e-b21a-eb3a-08dd2376bd3f,Hope Township Precinct 1,Bill G. Schuette,Republican,193
Representative in State Legislature 95th District (REP),01000000-263e-b21a-eb3a-08dd2376bd3f,Hope Township Precinct 1,Write-In,Republican,0
Representative in State Legislature 95th District (REP),01000000-263e-b21a-eb3a-08dd2376bd3f,Ingersoll Township Precinct 1,Ann Manary,Republican,76
Representative in State Legislature 95th District (REP),01000000-263e-b21a-eb3a-08dd2376bd3f,Ingersoll Township Precinct 1,Charles A. McGinnis  Jr.,Republican,21
Representative in State Legislature 95th District (REP),01000000-263e-b21a-eb3a-08dd2376bd3f,Ingersoll Township Precinct 1,Bill G. Schuette,Republican,181
Representative in State Legislature 95th District (REP),01000000-263e-b21a-eb3a-08dd2376bd3f,Ingersoll Township Precinct 1,Write-In,Republican,1
Representative in State Legislature 95th District (REP),01000000-263e-b21a-eb3a-08dd2376bd3f,Ingersoll Township Precinct 2,Ann Manary,Republican,64
Representative in State Legislature 95th District (REP),01000000-263e-b21a-eb3a-08dd2376bd3f,Ingersoll Township Precinct 2,Charles A. McGinnis  Jr.,Republican,10
Representative in State Legislature 95th District (REP),01000000-263e-b21a-eb3a-08dd2376bd3f,Ingersoll Township Precinct 2,Bill G. Schuette,Republican,135
Representative in State Legislature 95th District (REP),01000000-263e-b21a-eb3a-08dd2376bd3f,Ingersoll Township Precinct 2,Write-In,Republican,1
Representative in State Legislature 95th District (REP),01000000-263e-b21a-eb3a-08dd2376bd3f,Jasper Township Precinct 1,Ann Manary,Republican,31
Representative in State Legislature 95th District (REP),01000000-263e-b21a-eb3a-08dd2376bd3f,Jasper Township Precinct 1,Charles A. McGinnis  Jr.,Republican,16
Representative in State Legislature 95th District (REP),01000000-263e-b21a-eb3a-08dd2376bd3f,Jasper Township Precinct 1,Bill G. Schuette,Republican,113
Representative in State Legislature 95th District (REP),01000000-263e-b21a-eb3a-08dd2376bd3f,Jasper Township Precinct 1,Write-In,Republican,0
Representative in State Legislature 95th District (REP),01000000-263e-b21a-eb3a-08dd2376bd3f,Jerome Township Precinct 1,Ann Manary,Republican,110
Representative in State Legislature 95th District (REP),01000000-263e-b21a-eb3a-08dd2376bd3f,Jerome Township Precinct 1,Charles A. McGinnis  Jr.,Republican,21
Representative in State Legislature 95th District (REP),01000000-263e-b21a-eb3a-08dd2376bd3f,Jerome Township Precinct 1,Bill G. Schuette,Republican,291
Representative in State Legislature 95th District (REP),01000000-263e-b21a-eb3a-08dd2376bd3f,Jerome Township Precinct 1,Write-In,Republican,1
Representative in State Legislature 95th District (REP),01000000-263e-b21a-eb3a-08dd2376bd3f,Jerome Township Precinct 2,Ann Manary,Republican,105
Representative in State Legislature 95th District (REP),01000000-263e-b21a-eb3a-08dd2376bd3f,Jerome Township Precinct 2,Charles A. McGinnis  Jr.,Republican,20
Representative in State Legislature 95th District (REP),01000000-263e-b21a-eb3a-08dd2376bd3f,Jerome Township Precinct 2,Bill G. Schuette,Republican,285
Representative in State Legislature 95th District (REP),01000000-263e-b21a-eb3a-08dd2376bd3f,Jerome Township Precinct 2,Write-In,Republican,0
Representative in State Legislature 95th District (REP),01000000-263e-b21a-eb3a-08dd2376bd3f,Larkin Township Precinct 1,Ann Manary,Republican,160
Representative in State Legislature 95th District (REP),01000000-263e-b21a-eb3a-08dd2376bd3f,Larkin Township Precinct 1,Charles A. McGinnis  Jr.,Republican,12
Representative in State Legislature 95th District (REP),01000000-263e-b21a-eb3a-08dd2376bd3f,Larkin Township Precinct 1,Bill G. Schuette,Republican,297
Representative in State Legislature 95th District (REP),01000000-263e-b21a-eb3a-08dd2376bd3f,Larkin Township Precinct 1,Write-In,Republican,0
Representative in State Legislature 95th District (REP),01000000-263e-b21a-eb3a-08dd2376bd3f,Larkin Township Precinct 2,Ann Manary,Republican,133
Representative in State Legislature 95th District (REP),01000000-263e-b21a-eb3a-08dd2376bd3f,Larkin Township Precinct 2,Charles A. McGinnis  Jr.,Republican,10
Representative in State Legislature 95th District (REP),01000000-263e-b21a-eb3a-08dd2376bd3f,Larkin Township Precinct 2,Bill G. Schuette,Republican,258
Representative in State Legislature 95th District (REP),01000000-263e-b21a-eb3a-08dd2376bd3f,Larkin Township Precinct 2,Write-In,Republican,0
Representative in State Legislature 95th District (REP),01000000-263e-b21a-eb3a-08dd2376bd3f,Larkin Township Precinct 3,Ann Manary,Republican,127
Representative in State Legislature 95th District (REP),01000000-263e-b21a-eb3a-08dd2376bd3f,Larkin Township Precinct 3,Charles A. McGinnis  Jr.,Republican,10
Representative in State Legislature 95th District (REP),01000000-263e-b21a-eb3a-08dd2376bd3f,Larkin Township Precinct 3,Bill G. Schuette,Republican,235
Representative in State Legislature 95th District (REP),01000000-263e-b21a-eb3a-08dd2376bd3f,Larkin Township Precinct 3,Write-In,Republican,0
Representative in State Legislature 95th District (REP),01000000-263e-b21a-eb3a-08dd2376bd3f,Lee Township Precinct 1,Ann Manary,Republican,98
Representative in State Legislature 95th District (REP),01000000-263e-b21a-eb3a-08dd2376bd3f,Lee Township Precinct 1,Charles A. McGinnis  Jr.,Republican,25
Representative in State Legislature 95th District (REP),01000000-263e-b21a-eb3a-08dd2376bd3f,Lee Township Precinct 1,Bill G. Schuette,Republican,240
Representative in State Legislature 95th District (REP),01000000-263e-b21a-eb3a-08dd2376bd3f,Lee Township Precinct 1,Write-In,Republican,0
Representative in State Legislature 95th District (REP),01000000-263e-b21a-eb3a-08dd2376bd3f,Lee Township Precinct 2,Ann Manary,Republican,101
Representative in State Legislature 95th District (REP),01000000-263e-b21a-eb3a-08dd2376bd3f,Lee Township Precinct 2,Charles A. McGinnis  Jr.,Republican,24
Representative in State Legislature 95th District (REP),01000000-263e-b21a-eb3a-08dd2376bd3f,Lee Township Precinct 2,Bill G. Schuette,Republican,226
Representative in State Legislature 95th District (REP),01000000-263e-b21a-eb3a-08dd2376bd3f,Lee Township Precinct 2,Write-In,Republican,0
Representative in State Legislature 95th District (REP),01000000-263e-b21a-eb3a-08dd2376bd3f,Lincoln Township Precinct 1,Ann Manary,Republican,141
Representative in State Legislature 95th District (REP),01000000-263e-b21a-eb3a-08dd2376bd3f,Lincoln Township Precinct 1,Charles A. McGinnis  Jr.,Republican,24
Representative in State Legislature 95th District (REP),01000000-263e-b21a-eb3a-08dd2376bd3f,Lincoln Township Precinct 1,Bill G. Schuette,Republican,396
Representative in State Legislature 95th District (REP),01000000-263e-b21a-eb3a-08dd2376bd3f,Lincoln Township Precinct 1,Write-In,Republican,0
Representative in State Legislature 95th District (REP),01000000-263e-b21a-eb3a-08dd2376bd3f,Midland Township Precinct 1,Ann Manary,Republican,133
Representative in State Legislature 95th District (REP),01000000-263e-b21a-eb3a-08dd2376bd3f,Midland Township Precinct 1,Charles A. McGinnis  Jr.,Republican,33
Representative in State Legislature 95th District (REP),01000000-263e-b21a-eb3a-08dd2376bd3f,Midland Township Precinct 1,Bill G. Schuette,Republican,247
Representative in State Legislature 95th District (REP),01000000-263e-b21a-eb3a-08dd2376bd3f,Midland Township Precinct 1,Write-In,Republican,3
Representative in State Legislature 95th District (REP),01000000-263e-b21a-eb3a-08dd2376bd3f,Mills Township Precinct 1,Ann Manary,Republican,71
Representative in State Legislature 95th District (REP),01000000-263e-b21a-eb3a-08dd2376bd3f,Mills Township Precinct 1,Charles A. McGinnis  Jr.,Republican,31
Representative in State Legislature 95th District (REP),01000000-263e-b21a-eb3a-08dd2376bd3f,Mills Township Precinct 1,Bill G. Schuette,Republican,250
Representative in State Legislature 95th District (REP),01000000-263e-b21a-eb3a-08dd2376bd3f,Mills Township Precinct 1,Write-In,Republican,0
Representative in State Legislature 95th District (REP),01000000-263e-b21a-eb3a-08dd2376bd3f,Mt. Haley Township Precinct 1,Ann Manary,Republican,77
Representative in State Legislature 95th District (REP),01000000-263e-b21a-eb3a-08dd2376bd3f,Mt. Haley Township Precinct 1,Charles A. McGinnis  Jr.,Republican,23
Representative in State Legislature 95th District (REP),01000000-263e-b21a-eb3a-08dd2376bd3f,Mt. Haley Township Precinct 1,Bill G. Schuette,Republican,193
Representative in State Legislature 95th District (REP),01000000-263e-b21a-eb3a-08dd2376bd3f,Mt. Haley Township Precinct 1,Write-In,Republican,0
Representative in State Legislature 95th District (REP),01000000-263e-b21a-eb3a-08dd2376bd3f,Porter Township Precinct 1,Ann Manary,Republican,41
Representative in State Legislature 95th District (REP),01000000-263e-b21a-eb3a-08dd2376bd3f,Porter Township Precinct 1,Charles A. McGinnis  Jr.,Republican,29
Representative in State Legislature 95th District (REP),01000000-263e-b21a-eb3a-08dd2376bd3f,Porter Township Precinct 1,Bill G. Schuette,Republican,123
Representative in State Legislature 95th District (REP),01000000-263e-b21a-eb3a-08dd2376bd3f,Porter Township Precinct 1,Write-In,Republican,0
Representative in State Legislature 95th District (REP),01000000-263e-b21a-eb3a-08dd2376bd3f,Warren Township Precinct 1,Ann Manary,Republican,80
Representative in State Legislature 95th District (REP),01000000-263e-b21a-eb3a-08dd2376bd3f,Warren Township Precinct 1,Charles A. McGinnis  Jr.,Republican,18
Representative in State Legislature 95th District (REP),01000000-263e-b21a-eb3a-08dd2376bd3f,Warren Township Precinct 1,Bill G. Schuette,Republican,296
Representative in State Legislature 95th District (REP),01000000-263e-b21a-eb3a-08dd2376bd3f,Warren Township Precinct 1,Write-In,Republican,2
Township Trustee for Jerome Township (REP),01000000-263e-b21a-c165-08dd2376be27,Jerome Township Precinct 1,Sarah Jo Rowley,Republican,307
Township Trustee for Jerome Township (REP),01000000-263e-b21a-c165-08dd2376be27,Jerome Township Precinct 1,Write-In,Republican,5
Township Trustee for Jerome Township (REP),01000000-263e-b21a-c165-08dd2376be27,Jerome Township Precinct 2,Sarah Jo Rowley,Republican,291
Township Trustee for Jerome Township (REP),01000000-263e-b21a-c165-08dd2376be27,Jerome Township Precinct 2,Write-In,Republican,3
Precinct Delegate for City of Midland  Precinct 9 (DEM),01000000-263e-b21a-f2f4-08dd2376bd9e,City of Midland Precinct 9,Write-In,Democrat,6
Precinct Delegate for City of Midland  Precinct 1 (DEM),01000000-263e-b21a-953e-08dd2376bd5f,City of Midland Precinct 1,Write-In,Democrat,16
Township Clerk for Hope Township (REP),01000000-263e-b21a-b7c6-08dd2376be05,Hope Township Precinct 1,Carol S. Coyle,Republican,242
Township Clerk for Hope Township (REP),01000000-263e-b21a-b7c6-08dd2376be05,Hope Township Precinct 1,Write-In,Republican,2
Hemlock Public Schools Operating Millage Renewal Proposal,01000000-263e-b21a-7895-08dd2376be13,Ingersoll Township Precinct 1,Yes,,0
Hemlock Public Schools Operating Millage Renewal Proposal,01000000-263e-b21a-7895-08dd2376be13,Ingersoll Township Precinct 1,No,,2
Hemlock Public Schools Operating Millage Renewal Proposal,01000000-263e-b21a-7895-08dd2376be13,Ingersoll Township Precinct 2,Yes,,67
Hemlock Public Schools Operating Millage Renewal Proposal,01000000-263e-b21a-7895-08dd2376be13,Ingersoll Township Precinct 2,No,,55
Precinct Delegate for Lincoln Township  Precinct 1 (DEM),01000000-263e-b21a-a57c-08dd2376be4c,Lincoln Township Precinct 1,Write-In,Democrat,19
Midland County Spongy Moth Millage Renewal and Increase Proposal,01000000-263e-b21a-b9d8-08dd2376bd50,City of Coleman Precinct 1,Yes,,180
Midland County Spongy Moth Millage Renewal and Increase Proposal,01000000-263e-b21a-b9d8-08dd2376bd50,City of Coleman Precinct 1,No,,54
Midland County Spongy Moth Millage Renewal and Increase Proposal,01000000-263e-b21a-b9d8-08dd2376bd50,City of Midland Precinct 1,Yes,,388
Midland County Spongy Moth Millage Renewal and Increase Proposal,01000000-263e-b21a-b9d8-08dd2376bd50,City of Midland Precinct 1,No,,120
Midland County Spongy Moth Millage Renewal and Increase Proposal,01000000-263e-b21a-b9d8-08dd2376bd50,City of Midland Precinct 2,Yes,,291
Midland County Spongy Moth Millage Renewal and Increase Proposal,01000000-263e-b21a-b9d8-08dd2376bd50,City of Midland Precinct 2,No,,93
Midland County Spongy Moth Millage Renewal and Increase Proposal,01000000-263e-b21a-b9d8-08dd2376bd50,City of Midland Precinct 3,Yes,,290
Midland County Spongy Moth Millage Renewal and Increase Proposal,01000000-263e-b21a-b9d8-08dd2376bd50,City of Midland Precinct 3,No,,72
Midland County Spongy Moth Millage Renewal and Increase Proposal,01000000-263e-b21a-b9d8-08dd2376bd50,City of Midland Precinct 4A,Yes,,135
Midland County Spongy Moth Millage Renewal and Increase Proposal,01000000-263e-b21a-b9d8-08dd2376bd50,City of Midland Precinct 4A,No,,52
Midland County Spongy Moth Millage Renewal and Increase Proposal,01000000-263e-b21a-b9d8-08dd2376bd50,City of Midland Precinct 5,Yes,,220
Midland County Spongy Moth Millage Renewal and Increase Proposal,01000000-263e-b21a-b9d8-08dd2376bd50,City of Midland Precinct 5,No,,55
Midland County Spongy Moth Millage Renewal and Increase Proposal,01000000-263e-b21a-b9d8-08dd2376bd50,City of Midland Precinct 6,Yes,,268
Midland County Spongy Moth Millage Renewal and Increase Proposal,01000000-263e-b21a-b9d8-08dd2376bd50,City of Midland Precinct 6,No,,53
Midland County Spongy Moth Millage Renewal and Increase Proposal,01000000-263e-b21a-b9d8-08dd2376bd50,City of Midland Precinct 7,Yes,,693
Midland County Spongy Moth Millage Renewal and Increase Proposal,01000000-263e-b21a-b9d8-08dd2376bd50,City of Midland Precinct 7,No,,136
Midland County Spongy Moth Millage Renewal and Increase Proposal,01000000-263e-b21a-b9d8-08dd2376bd50,City of Midland Precinct 8,Yes,,324
Midland County Spongy Moth Millage Renewal and Increase Proposal,01000000-263e-b21a-b9d8-08dd2376bd50,City of Midland Precinct 8,No,,111
Midland County Spongy Moth Millage Renewal and Increase Proposal,01000000-263e-b21a-b9d8-08dd2376bd50,City of Midland Precinct 9,Yes,,500
Midland County Spongy Moth Millage Renewal and Increase Proposal,01000000-263e-b21a-b9d8-08dd2376bd50,City of Midland Precinct 9,No,,97
Midland County Spongy Moth Millage Renewal and Increase Proposal,01000000-263e-b21a-b9d8-08dd2376bd50,City of Midland Precinct 10,Yes,,622
Midland County Spongy Moth Millage Renewal and Increase Proposal,01000000-263e-b21a-b9d8-08dd2376bd50,City of Midland Precinct 10,No,,104
Midland County Spongy Moth Millage Renewal and Increase Proposal,01000000-263e-b21a-b9d8-08dd2376bd50,City of Midland Precinct 11,Yes,,680
Midland County Spongy Moth Millage Renewal and Increase Proposal,01000000-263e-b21a-b9d8-08dd2376bd50,City of Midland Precinct 11,No,,120
Midland County Spongy Moth Millage Renewal and Increase Proposal,01000000-263e-b21a-b9d8-08dd2376bd50,City of Midland Precinct 12,Yes,,190
Midland County Spongy Moth Millage Renewal and Increase Proposal,01000000-263e-b21a-b9d8-08dd2376bd50,City of Midland Precinct 12,No,,38
Midland County Spongy Moth Millage Renewal and Increase Proposal,01000000-263e-b21a-b9d8-08dd2376bd50,City of Midland Precinct 13,Yes,,615
Midland County Spongy Moth Millage Renewal and Increase Proposal,01000000-263e-b21a-b9d8-08dd2376bd50,City of Midland Precinct 13,No,,117
Midland County Spongy Moth Millage Renewal and Increase Proposal,01000000-263e-b21a-b9d8-08dd2376bd50,City of Midland Precinct 14,Yes,,484
Midland County Spongy Moth Millage Renewal and Increase Proposal,01000000-263e-b21a-b9d8-08dd2376bd50,City of Midland Precinct 14,No,,128
Midland County Spongy Moth Millage Renewal and Increase Proposal,01000000-263e-b21a-b9d8-08dd2376bd50,City of Midland Precinct 15,Yes,,593
Midland County Spongy Moth Millage Renewal and Increase Proposal,01000000-263e-b21a-b9d8-08dd2376bd50,City of Midland Precinct 15,No,,136
Midland County Spongy Moth Millage Renewal and Increase Proposal,01000000-263e-b21a-b9d8-08dd2376bd50,City of Midland Precinct 16,Yes,,368
Midland County Spongy Moth Millage Renewal and Increase Proposal,01000000-263e-b21a-b9d8-08dd2376bd50,City of Midland Precinct 16,No,,70
Midland County Spongy Moth Millage Renewal and Increase Proposal,01000000-263e-b21a-b9d8-08dd2376bd50,City of Midland Precinct 17,Yes,,420
Midland County Spongy Moth Millage Renewal and Increase Proposal,01000000-263e-b21a-b9d8-08dd2376bd50,City of Midland Precinct 17,No,,110
Midland County Spongy Moth Millage Renewal and Increase Proposal,01000000-263e-b21a-b9d8-08dd2376bd50,City of Midland Precinct 18,Yes,,525
Midland County Spongy Moth Millage Renewal and Increase Proposal,01000000-263e-b21a-b9d8-08dd2376bd50,City of Midland Precinct 18,No,,111
Midland County Spongy Moth Millage Renewal and Increase Proposal,01000000-263e-b21a-b9d8-08dd2376bd50,City of Midland Precinct 19,Yes,,504
Midland County Spongy Moth Millage Renewal and Increase Proposal,01000000-263e-b21a-b9d8-08dd2376bd50,City of Midland Precinct 19,No,,114
Midland County Spongy Moth Millage Renewal and Increase Proposal,01000000-263e-b21a-b9d8-08dd2376bd50,Edenville Township Precinct 1,Yes,,440
Midland County Spongy Moth Millage Renewal and Increase Proposal,01000000-263e-b21a-b9d8-08dd2376bd50,Edenville Township Precinct 1,No,,174
Midland County Spongy Moth Millage Renewal and Increase Proposal,01000000-263e-b21a-b9d8-08dd2376bd50,Geneva Township Precinct 1,Yes,,226
Midland County Spongy Moth Millage Renewal and Increase Proposal,01000000-263e-b21a-b9d8-08dd2376bd50,Geneva Township Precinct 1,No,,74
Midland County Spongy Moth Millage Renewal and Increase Proposal,01000000-263e-b21a-b9d8-08dd2376bd50,Greendale Township Precinct 1,Yes,,235
Midland County Spongy Moth Millage Renewal and Increase Proposal,01000000-263e-b21a-b9d8-08dd2376bd50,Greendale Township Precinct 1,No,,91
Midland County Spongy Moth Millage Renewal and Increase Proposal,01000000-263e-b21a-b9d8-08dd2376bd50,Homer Township Precinct 1,Yes,,287
Midland County Spongy Moth Millage Renewal and Increase Proposal,01000000-263e-b21a-b9d8-08dd2376bd50,Homer Township Precinct 1,No,,59
Midland County Spongy Moth Millage Renewal and Increase Proposal,01000000-263e-b21a-b9d8-08dd2376bd50,Homer Township Precinct 2,Yes,,246
Midland County Spongy Moth Millage Renewal and Increase Proposal,01000000-263e-b21a-b9d8-08dd2376bd50,Homer Township Precinct 2,No,,80
Midland County Spongy Moth Millage Renewal and Increase Proposal,01000000-263e-b21a-b9d8-08dd2376bd50,Homer Township Precinct 3,Yes,,326
Midland County Spongy Moth Millage Renewal and Increase Proposal,01000000-263e-b21a-b9d8-08dd2376bd50,Homer Township Precinct 3,No,,82
Midland County Spongy Moth Millage Renewal and Increase Proposal,01000000-263e-b21a-b9d8-08dd2376bd50,Hope Township Precinct 1,Yes,,248
Midland County Spongy Moth Millage Renewal and Increase Proposal,01000000-263e-b21a-b9d8-08dd2376bd50,Hope Township Precinct 1,No,,104
Midland County Spongy Moth Millage Renewal and Increase Proposal,01000000-263e-b21a-b9d8-08dd2376bd50,Ingersoll Township Precinct 1,Yes,,262
Midland County Spongy Moth Millage Renewal and Increase Proposal,01000000-263e-b21a-b9d8-08dd2376bd50,Ingersoll Township Precinct 1,No,,83
Midland County Spongy Moth Millage Renewal and Increase Proposal,01000000-263e-b21a-b9d8-08dd2376bd50,Ingersoll Township Precinct 2,Yes,,188
Midland County Spongy Moth Millage Renewal and Increase Proposal,01000000-263e-b21a-b9d8-08dd2376bd50,Ingersoll Township Precinct 2,No,,95
Midland County Spongy Moth Millage Renewal and Increase Proposal,01000000-263e-b21a-b9d8-08dd2376bd50,Jasper Township Precinct 1,Yes,,161
Midland County Spongy Moth Millage Renewal and Increase Proposal,01000000-263e-b21a-b9d8-08dd2376bd50,Jasper Township Precinct 1,No,,44
Midland County Spongy Moth Millage Renewal and Increase Proposal,01000000-263e-b21a-b9d8-08dd2376bd50,Jerome Township Precinct 1,Yes,,455
Midland County Spongy Moth Millage Renewal and Increase Proposal,01000000-263e-b21a-b9d8-08dd2376bd50,Jerome Township Precinct 1,No,,107
Midland County Spongy Moth Millage Renewal and Increase Proposal,01000000-263e-b21a-b9d8-08dd2376bd50,Jerome Township Precinct 2,Yes,,452
Midland County Spongy Moth Millage Renewal and Increase Proposal,01000000-263e-b21a-b9d8-08dd2376bd50,Jerome Township Precinct 2,No,,87
Midland County Spongy Moth Millage Renewal and Increase Proposal,01000000-263e-b21a-b9d8-08dd2376bd50,Larkin Township Precinct 1,Yes,,447
Midland County Spongy Moth Millage Renewal and Increase Proposal,01000000-263e-b21a-b9d8-08dd2376bd50,Larkin Township Precinct 1,No,,129
Midland County Spongy Moth Millage Renewal and Increase Proposal,01000000-263e-b21a-b9d8-08dd2376bd50,Larkin Township Precinct 2,Yes,,360
Midland County Spongy Moth Millage Renewal and Increase Proposal,01000000-263e-b21a-b9d8-08dd2376bd50,Larkin Township Precinct 2,No,,109
Midland County Spongy Moth Millage Renewal and Increase Proposal,01000000-263e-b21a-b9d8-08dd2376bd50,Larkin Township Precinct 3,Yes,,370
Midland County Spongy Moth Millage Renewal and Increase Proposal,01000000-263e-b21a-b9d8-08dd2376bd50,Larkin Township Precinct 3,No,,92
Midland County Spongy Moth Millage Renewal and Increase Proposal,01000000-263e-b21a-b9d8-08dd2376bd50,Lee Township Precinct 1,Yes,,351
Midland County Spongy Moth Millage Renewal and Increase Proposal,01000000-263e-b21a-b9d8-08dd2376bd50,Lee Township Precinct 1,No,,115
Midland County Spongy Moth Millage Renewal and Increase Proposal,01000000-263e-b21a-b9d8-08dd2376bd50,Lee Township Precinct 2,Yes,,344
Midland County Spongy Moth Millage Renewal and Increase Proposal,01000000-263e-b21a-b9d8-08dd2376bd50,Lee Township Precinct 2,No,,87
Midland County Spongy Moth Millage Renewal and Increase Proposal,01000000-263e-b21a-b9d8-08dd2376bd50,Lincoln Township Precinct 1,Yes,,564
Midland County Spongy Moth Millage Renewal and Increase Proposal,01000000-263e-b21a-b9d8-08dd2376bd50,Lincoln Township Precinct 1,No,,141
Midland County Spongy Moth Millage Renewal and Increase Proposal,01000000-263e-b21a-b9d8-08dd2376bd50,Midland Township Precinct 1,Yes,,402
Midland County Spongy Moth Millage Renewal and Increase Proposal,01000000-263e-b21a-b9d8-08dd2376bd50,Midland Township Precinct 1,No,,112
Midland County Spongy Moth Millage Renewal and Increase Proposal,01000000-263e-b21a-b9d8-08dd2376bd50,Mills Township Precinct 1,Yes,,296
Midland County Spongy Moth Millage Renewal and Increase Proposal,01000000-263e-b21a-b9d8-08dd2376bd50,Mills Township Precinct 1,No,,130
Midland County Spongy Moth Millage Renewal and Increase Proposal,01000000-263e-b21a-b9d8-08dd2376bd50,Mt. Haley Township Precinct 1,Yes,,308
Midland County Spongy Moth Millage Renewal and Increase Proposal,01000000-263e-b21a-b9d8-08dd2376bd50,Mt. Haley Township Precinct 1,No,,93
Midland County Spongy Moth Millage Renewal and Increase Proposal,01000000-263e-b21a-b9d8-08dd2376bd50,Porter Township Precinct 1,Yes,,184
Midland County Spongy Moth Millage Renewal and Increase Proposal,01000000-263e-b21a-b9d8-08dd2376bd50,Porter Township Precinct 1,No,,62
Midland County Spongy Moth Millage Renewal and Increase Proposal,01000000-263e-b21a-b9d8-08dd2376bd50,Warren Township Precinct 1,Yes,,337
Midland County Spongy Moth Millage Renewal and Increase Proposal,01000000-263e-b21a-b9d8-08dd2376bd50,Warren Township Precinct 1,No,,152
Precinct Delegate for Porter Township  Precinct 1 (DEM),01000000-263e-b21a-e987-08dd2376be68,Porter Township Precinct 1,Write-In,Democrat,11
State Senator 35th District (REP),01000000-263e-b21a-36d4-08dd2376bd64,City of Midland Precinct 1,Martin Blank,Republican,41
State Senator 35th District (REP),01000000-263e-b21a-36d4-08dd2376bd64,City of Midland Precinct 1,Annette Glenn,Republican,176
State Senator 35th District (REP),01000000-263e-b21a-36d4-08dd2376bd64,City of Midland Precinct 1,Tim Kelly,Republican,29
State Senator 35th District (REP),01000000-263e-b21a-36d4-08dd2376bd64,City of Midland Precinct 1,Christian Velasquez,Republican,83
State Senator 35th District (REP),01000000-263e-b21a-36d4-08dd2376bd64,City of Midland Precinct 1,Write-In,Republican,0
State Senator 35th District (REP),01000000-263e-b21a-36d4-08dd2376bd64,City of Midland Precinct 2,Martin Blank,Republican,24
State Senator 35th District (REP),01000000-263e-b21a-36d4-08dd2376bd64,City of Midland Precinct 2,Annette Glenn,Republican,142
State Senator 35th District (REP),01000000-263e-b21a-36d4-08dd2376bd64,City of Midland Precinct 2,Tim Kelly,Republican,29
State Senator 35th District (REP),01000000-263e-b21a-36d4-08dd2376bd64,City of Midland Precinct 2,Christian Velasquez,Republican,46
State Senator 35th District (REP),01000000-263e-b21a-36d4-08dd2376bd64,City of Midland Precinct 2,Write-In,Republican,1
State Senator 35th District (REP),01000000-263e-b21a-36d4-08dd2376bd64,City of Midland Precinct 3,Martin Blank,Republican,36
State Senator 35th District (REP),01000000-263e-b21a-36d4-08dd2376bd64,City of Midland Precinct 3,Annette Glenn,Republican,129
State Senator 35th District (REP),01000000-263e-b21a-36d4-08dd2376bd64,City of Midland Precinct 3,Tim Kelly,Republican,33
State Senator 35th District (REP),01000000-263e-b21a-36d4-08dd2376bd64,City of Midland Precinct 3,Christian Velasquez,Republican,50
State Senator 35th District (REP),01000000-263e-b21a-36d4-08dd2376bd64,City of Midland Precinct 3,Write-In,Republican,3
State Senator 35th District (REP),01000000-263e-b21a-36d4-08dd2376bd64,City of Midland Precinct 4A,Martin Blank,Republican,19
State Senator 35th District (REP),01000000-263e-b21a-36d4-08dd2376bd64,City of Midland Precinct 4A,Annette Glenn,Republican,62
State Senator 35th District (REP),01000000-263e-b21a-36d4-08dd2376bd64,City of Midland Precinct 4A,Tim Kelly,Republican,10
State Senator 35th District (REP),01000000-263e-b21a-36d4-08dd2376bd64,City of Midland Precinct 4A,Christian Velasquez,Republican,28
State Senator 35th District (REP),01000000-263e-b21a-36d4-08dd2376bd64,City of Midland Precinct 4A,Write-In,Republican,0
State Senator 35th District (REP),01000000-263e-b21a-36d4-08dd2376bd64,City of Midland Precinct 4B,Martin Blank,Republican,1
State Senator 35th District (REP),01000000-263e-b21a-36d4-08dd2376bd64,City of Midland Precinct 4B,Annette Glenn,Republican,12
State Senator 35th District (REP),01000000-263e-b21a-36d4-08dd2376bd64,City of Midland Precinct 4B,Tim Kelly,Republican,2
State Senator 35th District (REP),01000000-263e-b21a-36d4-08dd2376bd64,City of Midland Precinct 4B,Christian Velasquez,Republican,2
State Senator 35th District (REP),01000000-263e-b21a-36d4-08dd2376bd64,City of Midland Precinct 4B,Write-In,Republican,0
State Senator 35th District (REP),01000000-263e-b21a-36d4-08dd2376bd64,City of Midland Precinct 5,Martin Blank,Republican,17
State Senator 35th District (REP),01000000-263e-b21a-36d4-08dd2376bd64,City of Midland Precinct 5,Annette Glenn,Republican,93
State Senator 35th District (REP),01000000-263e-b21a-36d4-08dd2376bd64,City of Midland Precinct 5,Tim Kelly,Republican,23
State Senator 35th District (REP),01000000-263e-b21a-36d4-08dd2376bd64,City of Midland Precinct 5,Christian Velasquez,Republican,63
State Senator 35th District (REP),01000000-263e-b21a-36d4-08dd2376bd64,City of Midland Precinct 5,Write-In,Republican,0
State Senator 35th District (REP),01000000-263e-b21a-36d4-08dd2376bd64,City of Midland Precinct 6,Martin Blank,Republican,28
State Senator 35th District (REP),01000000-263e-b21a-36d4-08dd2376bd64,City of Midland Precinct 6,Annette Glenn,Republican,109
State Senator 35th District (REP),01000000-263e-b21a-36d4-08dd2376bd64,City of Midland Precinct 6,Tim Kelly,Republican,23
State Senator 35th District (REP),01000000-263e-b21a-36d4-08dd2376bd64,City of Midland Precinct 6,Christian Velasquez,Republican,67
State Senator 35th District (REP),01000000-263e-b21a-36d4-08dd2376bd64,City of Midland Precinct 6,Write-In,Republican,1
State Senator 35th District (REP),01000000-263e-b21a-36d4-08dd2376bd64,City of Midland Precinct 7,Martin Blank,Republican,57
State Senator 35th District (REP),01000000-263e-b21a-36d4-08dd2376bd64,City of Midland Precinct 7,Annette Glenn,Republican,225
State Senator 35th District (REP),01000000-263e-b21a-36d4-08dd2376bd64,City of Midland Precinct 7,Tim Kelly,Republican,37
State Senator 35th District (REP),01000000-263e-b21a-36d4-08dd2376bd64,City of Midland Precinct 7,Christian Velasquez,Republican,232
State Senator 35th District (REP),01000000-263e-b21a-36d4-08dd2376bd64,City of Midland Precinct 7,Write-In,Republican,2
State Senator 35th District (REP),01000000-263e-b21a-36d4-08dd2376bd64,City of Midland Precinct 8,Martin Blank,Republican,41
State Senator 35th District (REP),01000000-263e-b21a-36d4-08dd2376bd64,City of Midland Precinct 8,Annette Glenn,Republican,139
State Senator 35th District (REP),01000000-263e-b21a-36d4-08dd2376bd64,City of Midland Precinct 8,Tim Kelly,Republican,29
State Senator 35th District (REP),01000000-263e-b21a-36d4-08dd2376bd64,City of Midland Precinct 8,Christian Velasquez,Republican,61
State Senator 35th District (REP),01000000-263e-b21a-36d4-08dd2376bd64,City of Midland Precinct 8,Write-In,Republican,1
State Senator 35th District (REP),01000000-263e-b21a-36d4-08dd2376bd64,City of Midland Precinct 9,Martin Blank,Republican,41
State Senator 35th District (REP),01000000-263e-b21a-36d4-08dd2376bd64,City of Midland Precinct 9,Annette Glenn,Republican,205
State Senator 35th District (REP),01000000-263e-b21a-36d4-08dd2376bd64,City of Midland Precinct 9,Tim Kelly,Republican,29
State Senator 35th District (REP),01000000-263e-b21a-36d4-08dd2376bd64,City of Midland Precinct 9,Christian Velasquez,Republican,152
State Senator 35th District (REP),01000000-263e-b21a-36d4-08dd2376bd64,City of Midland Precinct 9,Write-In,Republican,0
State Senator 35th District (REP),01000000-263e-b21a-36d4-08dd2376bd64,City of Midland Precinct 10,Martin Blank,Republican,47
State Senator 35th District (REP),01000000-263e-b21a-36d4-08dd2376bd64,City of Midland Precinct 10,Annette Glenn,Republican,270
State Senator 35th District (REP),01000000-263e-b21a-36d4-08dd2376bd64,City of Midland Precinct 10,Tim Kelly,Republican,34
State Senator 35th District (REP),01000000-263e-b21a-36d4-08dd2376bd64,City of Midland Precinct 10,Christian Velasquez,Republican,146
State Senator 35th District (REP),01000000-263e-b21a-36d4-08dd2376bd64,City of Midland Precinct 10,Write-In,Republican,4
State Senator 35th District (REP),01000000-263e-b21a-36d4-08dd2376bd64,City of Midland Precinct 11,Martin Blank,Republican,77
State Senator 35th District (REP),01000000-263e-b21a-36d4-08dd2376bd64,City of Midland Precinct 11,Annette Glenn,Republican,259
State Senator 35th District (REP),01000000-263e-b21a-36d4-08dd2376bd64,City of Midland Precinct 11,Tim Kelly,Republican,29
State Senator 35th District (REP),01000000-263e-b21a-36d4-08dd2376bd64,City of Midland Precinct 11,Christian Velasquez,Republican,220
State Senator 35th District (REP),01000000-263e-b21a-36d4-08dd2376bd64,City of Midland Precinct 11,Write-In,Republican,3
State Senator 35th District (REP),01000000-263e-b21a-36d4-08dd2376bd64,City of Midland Precinct 12,Martin Blank,Republican,15
State Senator 35th District (REP),01000000-263e-b21a-36d4-08dd2376bd64,City of Midland Precinct 12,Annette Glenn,Republican,78
State Senator 35th District (REP),01000000-263e-b21a-36d4-08dd2376bd64,City of Midland Precinct 12,Tim Kelly,Republican,16
State Senator 35th District (REP),01000000-263e-b21a-36d4-08dd2376bd64,City of Midland Precinct 12,Christian Velasquez,Republican,41
State Senator 35th District (REP),01000000-263e-b21a-36d4-08dd2376bd64,City of Midland Precinct 12,Write-In,Republican,0
State Senator 35th District (REP),01000000-263e-b21a-36d4-08dd2376bd64,City of Midland Precinct 13,Martin Blank,Republican,59
State Senator 35th District (REP),01000000-263e-b21a-36d4-08dd2376bd64,City of Midland Precinct 13,Annette Glenn,Republican,228
State Senator 35th District (REP),01000000-263e-b21a-36d4-08dd2376bd64,City of Midland Precinct 13,Tim Kelly,Republican,31
State Senator 35th District (REP),01000000-263e-b21a-36d4-08dd2376bd64,City of Midland Precinct 13,Christian Velasquez,Republican,152
State Senator 35th District (REP),01000000-263e-b21a-36d4-08dd2376bd64,City of Midland Precinct 13,Write-In,Republican,4
State Senator 35th District (REP),01000000-263e-b21a-36d4-08dd2376bd64,City of Midland Precinct 14,Martin Blank,Republican,38
State Senator 35th District (REP),01000000-263e-b21a-36d4-08dd2376bd64,City of Midland Precinct 14,Annette Glenn,Republican,212
State Senator 35th District (REP),01000000-263e-b21a-36d4-08dd2376bd64,City of Midland Precinct 14,Tim Kelly,Republican,31
State Senator 35th District (REP),01000000-263e-b21a-36d4-08dd2376bd64,City of Midland Precinct 14,Christian Velasquez,Republican,150
State Senator 35th District (REP),01000000-263e-b21a-36d4-08dd2376bd64,City of Midland Precinct 14,Write-In,Republican,2
State Senator 35th District (REP),01000000-263e-b21a-36d4-08dd2376bd64,City of Midland Precinct 15,Martin Blank,Republican,51
State Senator 35th District (REP),01000000-263e-b21a-36d4-08dd2376bd64,City of Midland Precinct 15,Annette Glenn,Republican,248
State Senator 35th District (REP),01000000-263e-b21a-36d4-08dd2376bd64,City of Midland Precinct 15,Tim Kelly,Republican,23
State Senator 35th District (REP),01000000-263e-b21a-36d4-08dd2376bd64,City of Midland Precinct 15,Christian Velasquez,Republican,177
State Senator 35th District (REP),01000000-263e-b21a-36d4-08dd2376bd64,City of Midland Precinct 15,Write-In,Republican,2
State Senator 35th District (REP),01000000-263e-b21a-36d4-08dd2376bd64,City of Midland Precinct 16,Martin Blank,Republican,34
State Senator 35th District (REP),01000000-263e-b21a-36d4-08dd2376bd64,City of Midland Precinct 16,Annette Glenn,Republican,133
State Senator 35th District (REP),01000000-263e-b21a-36d4-08dd2376bd64,City of Midland Precinct 16,Tim Kelly,Republican,20
State Senator 35th District (REP),01000000-263e-b21a-36d4-08dd2376bd64,City of Midland Precinct 16,Christian Velasquez,Republican,79
State Senator 35th District (REP),01000000-263e-b21a-36d4-08dd2376bd64,City of Midland Precinct 16,Write-In,Republican,0
State Senator 35th District (REP),01000000-263e-b21a-36d4-08dd2376bd64,City of Midland Precinct 17,Martin Blank,Republican,40
State Senator 35th District (REP),01000000-263e-b21a-36d4-08dd2376bd64,City of Midland Precinct 17,Annette Glenn,Republican,180
State Senator 35th District (REP),01000000-263e-b21a-36d4-08dd2376bd64,City of Midland Precinct 17,Tim Kelly,Republican,29
State Senator 35th District (REP),01000000-263e-b21a-36d4-08dd2376bd64,City of Midland Precinct 17,Christian Velasquez,Republican,124
State Senator 35th District (REP),01000000-263e-b21a-36d4-08dd2376bd64,City of Midland Precinct 17,Write-In,Republican,2
State Senator 35th District (REP),01000000-263e-b21a-36d4-08dd2376bd64,City of Midland Precinct 18,Martin Blank,Republican,36
State Senator 35th District (REP),01000000-263e-b21a-36d4-08dd2376bd64,City of Midland Precinct 18,Annette Glenn,Republican,207
State Senator 35th District (REP),01000000-263e-b21a-36d4-08dd2376bd64,City of Midland Precinct 18,Tim Kelly,Republican,40
State Senator 35th District (REP),01000000-263e-b21a-36d4-08dd2376bd64,City of Midland Precinct 18,Christian Velasquez,Republican,139
State Senator 35th District (REP),01000000-263e-b21a-36d4-08dd2376bd64,City of Midland Precinct 18,Write-In,Republican,1
State Senator 35th District (REP),01000000-263e-b21a-36d4-08dd2376bd64,City of Midland Precinct 19,Martin Blank,Republican,44
State Senator 35th District (REP),01000000-263e-b21a-36d4-08dd2376bd64,City of Midland Precinct 19,Annette Glenn,Republican,223
State Senator 35th District (REP),01000000-263e-b21a-36d4-08dd2376bd64,City of Midland Precinct 19,Tim Kelly,Republican,32
State Senator 35th District (REP),01000000-263e-b21a-36d4-08dd2376bd64,City of Midland Precinct 19,Christian Velasquez,Republican,122
State Senator 35th District (REP),01000000-263e-b21a-36d4-08dd2376bd64,City of Midland Precinct 19,Write-In,Republican,0
State Senator 35th District (REP),01000000-263e-b21a-36d4-08dd2376bd64,Homer Township Precinct 1,Martin Blank,Republican,39
State Senator 35th District (REP),01000000-263e-b21a-36d4-08dd2376bd64,Homer Township Precinct 1,Annette Glenn,Republican,137
State Senator 35th District (REP),01000000-263e-b21a-36d4-08dd2376bd64,Homer Township Precinct 1,Tim Kelly,Republican,24
State Senator 35th District (REP),01000000-263e-b21a-36d4-08dd2376bd64,Homer Township Precinct 1,Christian Velasquez,Republican,45
State Senator 35th District (REP),01000000-263e-b21a-36d4-08dd2376bd64,Homer Township Precinct 1,Write-In,Republican,0
State Senator 35th District (REP),01000000-263e-b21a-36d4-08dd2376bd64,Homer Township Precinct 2,Martin Blank,Republican,27
State Senator 35th District (REP),01000000-263e-b21a-36d4-08dd2376bd64,Homer Township Precinct 2,Annette Glenn,Republican,160
State Senator 35th District (REP),01000000-263e-b21a-36d4-08dd2376bd64,Homer Township Precinct 2,Tim Kelly,Republican,25
State Senator 35th District (REP),01000000-263e-b21a-36d4-08dd2376bd64,Homer Township Precinct 2,Christian Velasquez,Republican,42
State Senator 35th District (REP),01000000-263e-b21a-36d4-08dd2376bd64,Homer Township Precinct 2,Write-In,Republican,0
State Senator 35th District (REP),01000000-263e-b21a-36d4-08dd2376bd64,Homer Township Precinct 3,Martin Blank,Republican,40
State Senator 35th District (REP),01000000-263e-b21a-36d4-08dd2376bd64,Homer Township Precinct 3,Annette Glenn,Republican,185
State Senator 35th District (REP),01000000-263e-b21a-36d4-08dd2376bd64,Homer Township Precinct 3,Tim Kelly,Republican,36
State Senator 35th District (REP),01000000-263e-b21a-36d4-08dd2376bd64,Homer Township Precinct 3,Christian Velasquez,Republican,78
State Senator 35th District (REP),01000000-263e-b21a-36d4-08dd2376bd64,Homer Township Precinct 3,Write-In,Republican,0
State Senator 35th District (REP),01000000-263e-b21a-36d4-08dd2376bd64,Ingersoll Township Precinct 1,Martin Blank,Republican,32
State Senator 35th District (REP),01000000-263e-b21a-36d4-08dd2376bd64,Ingersoll Township Precinct 1,Annette Glenn,Republican,151
State Senator 35th District (REP),01000000-263e-b21a-36d4-08dd2376bd64,Ingersoll Township Precinct 1,Tim Kelly,Republican,27
State Senator 35th District (REP),01000000-263e-b21a-36d4-08dd2376bd64,Ingersoll Township Precinct 1,Christian Velasquez,Republican,65
State Senator 35th District (REP),01000000-263e-b21a-36d4-08dd2376bd64,Ingersoll Township Precinct 1,Write-In,Republican,1
State Senator 35th District (REP),01000000-263e-b21a-36d4-08dd2376bd64,Ingersoll Township Precinct 2,Martin Blank,Republican,33
State Senator 35th District (REP),01000000-263e-b21a-36d4-08dd2376bd64,Ingersoll Township Precinct 2,Annette Glenn,Republican,91
State Senator 35th District (REP),01000000-263e-b21a-36d4-08dd2376bd64,Ingersoll Township Precinct 2,Tim Kelly,Republican,27
State Senator 35th District (REP),01000000-263e-b21a-36d4-08dd2376bd64,Ingersoll Township Precinct 2,Christian Velasquez,Republican,47
State Senator 35th District (REP),01000000-263e-b21a-36d4-08dd2376bd64,Ingersoll Township Precinct 2,Write-In,Republican,1
State Senator 35th District (REP),01000000-263e-b21a-36d4-08dd2376bd64,Larkin Township Precinct 1,Martin Blank,Republican,50
State Senator 35th District (REP),01000000-263e-b21a-36d4-08dd2376bd64,Larkin Township Precinct 1,Annette Glenn,Republican,240
State Senator 35th District (REP),01000000-263e-b21a-36d4-08dd2376bd64,Larkin Township Precinct 1,Tim Kelly,Republican,33
State Senator 35th District (REP),01000000-263e-b21a-36d4-08dd2376bd64,Larkin Township Precinct 1,Christian Velasquez,Republican,132
State Senator 35th District (REP),01000000-263e-b21a-36d4-08dd2376bd64,Larkin Township Precinct 1,Write-In,Republican,0
State Senator 35th District (REP),01000000-263e-b21a-36d4-08dd2376bd64,Larkin Township Precinct 2,Martin Blank,Republican,63
State Senator 35th District (REP),01000000-263e-b21a-36d4-08dd2376bd64,Larkin Township Precinct 2,Annette Glenn,Republican,183
State Senator 35th District (REP),01000000-263e-b21a-36d4-08dd2376bd64,Larkin Township Precinct 2,Tim Kelly,Republican,19
State Senator 35th District (REP),01000000-263e-b21a-36d4-08dd2376bd64,Larkin Township Precinct 2,Christian Velasquez,Republican,124
State Senator 35th District (REP),01000000-263e-b21a-36d4-08dd2376bd64,Larkin Township Precinct 2,Write-In,Republican,1
State Senator 35th District (REP),01000000-263e-b21a-36d4-08dd2376bd64,Larkin Township Precinct 3,Martin Blank,Republican,32
State Senator 35th District (REP),01000000-263e-b21a-36d4-08dd2376bd64,Larkin Township Precinct 3,Annette Glenn,Republican,162
State Senator 35th District (REP),01000000-263e-b21a-36d4-08dd2376bd64,Larkin Township Precinct 3,Tim Kelly,Republican,24
State Senator 35th District (REP),01000000-263e-b21a-36d4-08dd2376bd64,Larkin Township Precinct 3,Christian Velasquez,Republican,132
State Senator 35th District (REP),01000000-263e-b21a-36d4-08dd2376bd64,Larkin Township Precinct 3,Write-In,Republican,2
State Senator 35th District (REP),01000000-263e-b21a-36d4-08dd2376bd64,Lincoln Township Precinct 1,Martin Blank,Republican,51
State Senator 35th District (REP),01000000-263e-b21a-36d4-08dd2376bd64,Lincoln Township Precinct 1,Annette Glenn,Republican,333
State Senator 35th District (REP),01000000-263e-b21a-36d4-08dd2376bd64,Lincoln Township Precinct 1,Tim Kelly,Republican,38
State Senator 35th District (REP),01000000-263e-b21a-36d4-08dd2376bd64,Lincoln Township Precinct 1,Christian Velasquez,Republican,118
State Senator 35th District (REP),01000000-263e-b21a-36d4-08dd2376bd64,Lincoln Township Precinct 1,Write-In,Republican,1
State Senator 35th District (REP),01000000-263e-b21a-36d4-08dd2376bd64,Midland Township Precinct 1,Martin Blank,Republican,46
State Senator 35th District (REP),01000000-263e-b21a-36d4-08dd2376bd64,Midland Township Precinct 1,Annette Glenn,Republican,213
State Senator 35th District (REP),01000000-263e-b21a-36d4-08dd2376bd64,Midland Township Precinct 1,Tim Kelly,Republican,41
State Senator 35th District (REP),01000000-263e-b21a-36d4-08dd2376bd64,Midland Township Precinct 1,Christian Velasquez,Republican,94
State Senator 35th District (REP),01000000-263e-b21a-36d4-08dd2376bd64,Midland Township Precinct 1,Write-In,Republican,2
State Senator 35th District (REP),01000000-263e-b21a-36d4-08dd2376bd64,Mt. Haley Township Precinct 1,Martin Blank,Republican,37
State Senator 35th District (REP),01000000-263e-b21a-36d4-08dd2376bd64,Mt. Haley Township Precinct 1,Annette Glenn,Republican,138
State Senator 35th District (REP),01000000-263e-b21a-36d4-08dd2376bd64,Mt. Haley Township Precinct 1,Tim Kelly,Republican,54
State Senator 35th District (REP),01000000-263e-b21a-36d4-08dd2376bd64,Mt. Haley Township Precinct 1,Christian Velasquez,Republican,61
State Senator 35th District (REP),01000000-263e-b21a-36d4-08dd2376bd64,Mt. Haley Township Precinct 1,Write-In,Republican,0
Precinct Delegate for Lee Township  Precinct 1 (DEM),01000000-263e-b21a-1095-08dd2376be41,Lee Township Precinct 1,Write-In,Democrat,22
Precinct Delegate for Hope Township  Precinct 1 (REP),01000000-263e-b21a-3c5e-08dd2376be0a,Hope Township Precinct 1,Jim Hughes,Republican,192
Precinct Delegate for Hope Township  Precinct 1 (REP),01000000-263e-b21a-3c5e-08dd2376be0a,Hope Township Precinct 1,Marinell Schafer,Republican,165
Precinct Delegate for Hope Township  Precinct 1 (REP),01000000-263e-b21a-3c5e-08dd2376be0a,Hope Township Precinct 1,Write-In,Republican,2
Precinct Delegate for Jerome Township  Precinct 2 (DEM),01000000-263e-b21a-33f6-08dd2376be2c,Jerome Township Precinct 2,Write-In,Democrat,32
County Commissioner 3rd District (REP),01000000-263e-b21a-b350-08dd2376bde6,Greendale Township Precinct 1,Robert Steven Glaser,Republican,206
County Commissioner 3rd District (REP),01000000-263e-b21a-b350-08dd2376bde6,Greendale Township Precinct 1,Write-In,Republican,2
County Commissioner 3rd District (REP),01000000-263e-b21a-b350-08dd2376bde6,Homer Township Precinct 1,Robert Steven Glaser,Republican,178
County Commissioner 3rd District (REP),01000000-263e-b21a-b350-08dd2376bde6,Homer Township Precinct 1,Write-In,Republican,2
County Commissioner 3rd District (REP),01000000-263e-b21a-b350-08dd2376bde6,Homer Township Precinct 2,Robert Steven Glaser,Republican,182
County Commissioner 3rd District (REP),01000000-263e-b21a-b350-08dd2376bde6,Homer Township Precinct 2,Write-In,Republican,3
County Commissioner 3rd District (REP),01000000-263e-b21a-b350-08dd2376bde6,Homer Township Precinct 3,Robert Steven Glaser,Republican,239
County Commissioner 3rd District (REP),01000000-263e-b21a-b350-08dd2376bde6,Homer Township Precinct 3,Write-In,Republican,4
County Commissioner 3rd District (REP),01000000-263e-b21a-b350-08dd2376bde6,Jasper Township Precinct 1,Robert Steven Glaser,Republican,130
County Commissioner 3rd District (REP),01000000-263e-b21a-b350-08dd2376bde6,Jasper Township Precinct 1,Write-In,Republican,0
County Commissioner 3rd District (REP),01000000-263e-b21a-b350-08dd2376bde6,Lee Township Precinct 1,Robert Steven Glaser,Republican,261
County Commissioner 3rd District (REP),01000000-263e-b21a-b350-08dd2376bde6,Lee Township Precinct 1,Write-In,Republican,1
County Commissioner 3rd District (REP),01000000-263e-b21a-b350-08dd2376bde6,Lee Township Precinct 2,Robert Steven Glaser,Republican,234
County Commissioner 3rd District (REP),01000000-263e-b21a-b350-08dd2376bde6,Lee Township Precinct 2,Write-In,Republican,0
County Commissioner 3rd District (REP),01000000-263e-b21a-b350-08dd2376bde6,Porter Township Precinct 1,Robert Steven Glaser,Republican,152
County Commissioner 3rd District (REP),01000000-263e-b21a-b350-08dd2376bde6,Porter Township Precinct 1,Write-In,Republican,1
Precinct Delegate for City of Midland  Precinct 19 (REP),01000000-263e-b21a-0b13-08dd2376bdd4,City of Midland Precinct 19,Linda Lee Brown,Republican,142
Precinct Delegate for City of Midland  Precinct 19 (REP),01000000-263e-b21a-0b13-08dd2376bdd4,City of Midland Precinct 19,Roger James Brown,Republican,121
Precinct Delegate for City of Midland  Precinct 19 (REP),01000000-263e-b21a-0b13-08dd2376bdd4,City of Midland Precinct 19,Eric A. Dorrien,Republican,202
Precinct Delegate for City of Midland  Precinct 19 (REP),01000000-263e-b21a-0b13-08dd2376bdd4,City of Midland Precinct 19,Christina Egan,Republican,146
Precinct Delegate for City of Midland  Precinct 19 (REP),01000000-263e-b21a-0b13-08dd2376bdd4,City of Midland Precinct 19,Aaron M. Majorana,Republican,162
Precinct Delegate for City of Midland  Precinct 19 (REP),01000000-263e-b21a-0b13-08dd2376bdd4,City of Midland Precinct 19,Jennifer Majorana,Republican,161
Precinct Delegate for City of Midland  Precinct 19 (REP),01000000-263e-b21a-0b13-08dd2376bdd4,City of Midland Precinct 19,Write-In,Republican,8
Precinct Delegate for Mt. Haley Township  Precinct 1 (DEM),01000000-263e-b21a-fe6f-08dd2376be61,Mt. Haley Township Precinct 1,Connie H. Glave,Democrat,90
Precinct Delegate for Mt. Haley Township  Precinct 1 (DEM),01000000-263e-b21a-fe6f-08dd2376be61,Mt. Haley Township Precinct 1,Write-In,Democrat,0
Township Treasurer for Lee Township (REP),01000000-263e-b21a-534f-08dd2376be43,Lee Township Precinct 1,Heidi Pitt,Republican,282
Township Treasurer for Lee Township (REP),01000000-263e-b21a-534f-08dd2376be43,Lee Township Precinct 1,William H. Stewart,Republican,73
Township Treasurer for Lee Township (REP),01000000-263e-b21a-534f-08dd2376be43,Lee Township Precinct 1,Write-In,Republican,0
Township Treasurer for Lee Township (REP),01000000-263e-b21a-534f-08dd2376be43,Lee Township Precinct 2,Heidi Pitt,Republican,287
Township Treasurer for Lee Township (REP),01000000-263e-b21a-534f-08dd2376be43,Lee Township Precinct 2,William H. Stewart,Republican,51
Township Treasurer for Lee Township (REP),01000000-263e-b21a-534f-08dd2376be43,Lee Township Precinct 2,Write-In,Republican,0
Saginaw ISD Special Education Millage Proposal,01000000-263e-b21a-382e-08dd2376be11,Ingersoll Township Precinct 1,Yes,,0
Saginaw ISD Special Education Millage Proposal,01000000-263e-b21a-382e-08dd2376be11,Ingersoll Township Precinct 1,No,,2
Saginaw ISD Special Education Millage Proposal,01000000-263e-b21a-382e-08dd2376be11,Ingersoll Township Precinct 2,Yes,,45
Saginaw ISD Special Education Millage Proposal,01000000-263e-b21a-382e-08dd2376be11,Ingersoll Township Precinct 2,No,,75
Saginaw ISD Special Education Millage Proposal,01000000-263e-b21a-382e-08dd2376be11,Mt. Haley Township Precinct 1,Yes,,119
Saginaw ISD Special Education Millage Proposal,01000000-263e-b21a-382e-08dd2376be11,Mt. Haley Township Precinct 1,No,,138
Saginaw ISD Special Education Millage Proposal,01000000-263e-b21a-382e-08dd2376be11,Porter Township Precinct 1,Yes,,3
Saginaw ISD Special Education Millage Proposal,01000000-263e-b21a-382e-08dd2376be11,Porter Township Precinct 1,No,,4
Precinct Delegate for Jerome Township  Precinct 1 (DEM),01000000-263e-b21a-0981-08dd2376be23,Jerome Township Precinct 1,Write-In,Democrat,36
Representative in Congress 2nd District (DEM),01000000-263e-b21a-66d6-08dd2376bd2e,City of Coleman Precinct 1,Jerry Hilliard,Democrat,69
Representative in Congress 2nd District (DEM),01000000-263e-b21a-66d6-08dd2376bd2e,City of Coleman Precinct 1,Write-In,Democrat,0
Representative in Congress 2nd District (DEM),01000000-263e-b21a-66d6-08dd2376bd2e,Edenville Township Precinct 1,Jerry Hilliard,Democrat,138
Representative in Congress 2nd District (DEM),01000000-263e-b21a-66d6-08dd2376bd2e,Edenville Township Precinct 1,Write-In,Democrat,1
Representative in Congress 2nd District (DEM),01000000-263e-b21a-66d6-08dd2376bd2e,Geneva Township Precinct 1,Jerry Hilliard,Democrat,77
Representative in Congress 2nd District (DEM),01000000-263e-b21a-66d6-08dd2376bd2e,Geneva Township Precinct 1,Write-In,Democrat,0
Representative in Congress 2nd District (DEM),01000000-263e-b21a-66d6-08dd2376bd2e,Greendale Township Precinct 1,Jerry Hilliard,Democrat,54
Representative in Congress 2nd District (DEM),01000000-263e-b21a-66d6-08dd2376bd2e,Greendale Township Precinct 1,Write-In,Democrat,0
Representative in Congress 2nd District (DEM),01000000-263e-b21a-66d6-08dd2376bd2e,Jasper Township Precinct 1,Jerry Hilliard,Democrat,48
Representative in Congress 2nd District (DEM),01000000-263e-b21a-66d6-08dd2376bd2e,Jasper Township Precinct 1,Write-In,Democrat,0
Representative in Congress 2nd District (DEM),01000000-263e-b21a-66d6-08dd2376bd2e,Warren Township Precinct 1,Jerry Hilliard,Democrat,80
Representative in Congress 2nd District (DEM),01000000-263e-b21a-66d6-08dd2376bd2e,Warren Township Precinct 1,Write-In,Democrat,1
County Commissioner 5th District (DEM),01000000-263e-b21a-116d-08dd2376bd8a,City of Midland Precinct 5,Allison Wilcox,Democrat,64
County Commissioner 5th District (DEM),01000000-263e-b21a-116d-08dd2376bd8a,City of Midland Precinct 5,Write-In,Democrat,0
County Commissioner 5th District (DEM),01000000-263e-b21a-116d-08dd2376bd8a,City of Midland Precinct 6,Allison Wilcox,Democrat,67
County Commissioner 5th District (DEM),01000000-263e-b21a-116d-08dd2376bd8a,City of Midland Precinct 6,Write-In,Democrat,0
County Commissioner 5th District (DEM),01000000-263e-b21a-116d-08dd2376bd8a,City of Midland Precinct 9,Allison Wilcox,Democrat,156
County Commissioner 5th District (DEM),01000000-263e-b21a-116d-08dd2376bd8a,City of Midland Precinct 9,Write-In,Democrat,0
County Commissioner 5th District (DEM),01000000-263e-b21a-116d-08dd2376bd8a,City of Midland Precinct 10,Allison Wilcox,Democrat,174
County Commissioner 5th District (DEM),01000000-263e-b21a-116d-08dd2376bd8a,City of Midland Precinct 10,Write-In,Democrat,0
County Commissioner 5th District (DEM),01000000-263e-b21a-116d-08dd2376bd8a,City of Midland Precinct 11,Allison Wilcox,Democrat,164
County Commissioner 5th District (DEM),01000000-263e-b21a-116d-08dd2376bd8a,City of Midland Precinct 11,Write-In,Democrat,1
Precinct Delegate for Jasper Township  Precinct 1 (DEM),01000000-263e-b21a-19d9-08dd2376be1a,Jasper Township Precinct 1,Kathleen May,Democrat,45
Precinct Delegate for Jasper Township  Precinct 1 (DEM),01000000-263e-b21a-19d9-08dd2376be1a,Jasper Township Precinct 1,Write-In,Democrat,0
Township Trustee for Hope Township (DEM),01000000-263e-b21a-c262-08dd2376be00,Hope Township Precinct 1,Write-In,Democrat,19
County Commissioner 2nd District (REP),01000000-263e-b21a-aea7-08dd2376bdaf,City of Midland Precinct 12,Mark C. Bone,Republican,118
County Commissioner 2nd District (REP),01000000-263e-b21a-aea7-08dd2376bdaf,City of Midland Precinct 12,Write-In,Republican,2
County Commissioner 2nd District (REP),01000000-263e-b21a-aea7-08dd2376bdaf,Hope Township Precinct 1,Mark C. Bone,Republican,247
County Commissioner 2nd District (REP),01000000-263e-b21a-aea7-08dd2376bdaf,Hope Township Precinct 1,Write-In,Republican,1
County Commissioner 2nd District (REP),01000000-263e-b21a-aea7-08dd2376bdaf,Larkin Township Precinct 1,Mark C. Bone,Republican,360
County Commissioner 2nd District (REP),01000000-263e-b21a-aea7-08dd2376bdaf,Larkin Township Precinct 1,Write-In,Republican,1
County Commissioner 2nd District (REP),01000000-263e-b21a-aea7-08dd2376bdaf,Larkin Township Precinct 2,Mark C. Bone,Republican,269
County Commissioner 2nd District (REP),01000000-263e-b21a-aea7-08dd2376bdaf,Larkin Township Precinct 2,Write-In,Republican,6
County Commissioner 2nd District (REP),01000000-263e-b21a-aea7-08dd2376bdaf,Larkin Township Precinct 3,Mark C. Bone,Republican,251
County Commissioner 2nd District (REP),01000000-263e-b21a-aea7-08dd2376bdaf,Larkin Township Precinct 3,Write-In,Republican,2
County Commissioner 2nd District (REP),01000000-263e-b21a-aea7-08dd2376bdaf,Lincoln Township Precinct 1,Mark C. Bone,Republican,390
County Commissioner 2nd District (REP),01000000-263e-b21a-aea7-08dd2376bdaf,Lincoln Township Precinct 1,Write-In,Republican,3
County Commissioner 2nd District (REP),01000000-263e-b21a-aea7-08dd2376bdaf,Mills Township Precinct 1,Mark C. Bone,Republican,266
County Commissioner 2nd District (REP),01000000-263e-b21a-aea7-08dd2376bdaf,Mills Township Precinct 1,Write-In,Republican,1
Precinct Delegate for Jerome Township  Precinct 2 (REP),01000000-263e-b21a-c9c0-08dd2376be2e,Jerome Township Precinct 2,Grant Halazon,Republican,167
Precinct Delegate for Jerome Township  Precinct 2 (REP),01000000-263e-b21a-c9c0-08dd2376be2e,Jerome Township Precinct 2,Chris Melchi,Republican,198
Precinct Delegate for Jerome Township  Precinct 2 (REP),01000000-263e-b21a-c9c0-08dd2376be2e,Jerome Township Precinct 2,Laura E. Norcutt,Republican,164
Precinct Delegate for Jerome Township  Precinct 2 (REP),01000000-263e-b21a-c9c0-08dd2376be2e,Jerome Township Precinct 2,Rebecca M. Roberson,Republican,161
Precinct Delegate for Jerome Township  Precinct 2 (REP),01000000-263e-b21a-c9c0-08dd2376be2e,Jerome Township Precinct 2,Jan Woodruff,Republican,186
Precinct Delegate for Jerome Township  Precinct 2 (REP),01000000-263e-b21a-c9c0-08dd2376be2e,Jerome Township Precinct 2,Write-In,Republican,4
State Senator 34th District (DEM),01000000-263e-b21a-4233-08dd2376bd30,City of Coleman Precinct 1,Christine Gerace,Democrat,69
State Senator 34th District (DEM),01000000-263e-b21a-4233-08dd2376bd30,City of Coleman Precinct 1,Write-In,Democrat,0
State Senator 34th District (DEM),01000000-263e-b21a-4233-08dd2376bd30,Edenville Township Precinct 1,Christine Gerace,Democrat,138
State Senator 34th District (DEM),01000000-263e-b21a-4233-08dd2376bd30,Edenville Township Precinct 1,Write-In,Democrat,1
State Senator 34th District (DEM),01000000-263e-b21a-4233-08dd2376bd30,Geneva Township Precinct 1,Christine Gerace,Democrat,75
State Senator 34th District (DEM),01000000-263e-b21a-4233-08dd2376bd30,Geneva Township Precinct 1,Write-In,Democrat,0
State Senator 34th District (DEM),01000000-263e-b21a-4233-08dd2376bd30,Greendale Township Precinct 1,Christine Gerace,Democrat,54
State Senator 34th District (DEM),01000000-263e-b21a-4233-08dd2376bd30,Greendale Township Precinct 1,Write-In,Democrat,0
State Senator 34th District (DEM),01000000-263e-b21a-4233-08dd2376bd30,Hope Township Precinct 1,Christine Gerace,Democrat,64
State Senator 34th District (DEM),01000000-263e-b21a-4233-08dd2376bd30,Hope Township Precinct 1,Write-In,Democrat,0
State Senator 34th District (DEM),01000000-263e-b21a-4233-08dd2376bd30,Jasper Township Precinct 1,Christine Gerace,Democrat,48
State Senator 34th District (DEM),01000000-263e-b21a-4233-08dd2376bd30,Jasper Township Precinct 1,Write-In,Democrat,0
State Senator 34th District (DEM),01000000-263e-b21a-4233-08dd2376bd30,Jerome Township Precinct 1,Christine Gerace,Democrat,133
State Senator 34th District (DEM),01000000-263e-b21a-4233-08dd2376bd30,Jerome Township Precinct 1,Write-In,Democrat,0
State Senator 34th District (DEM),01000000-263e-b21a-4233-08dd2376bd30,Jerome Township Precinct 2,Christine Gerace,Democrat,112
State Senator 34th District (DEM),01000000-263e-b21a-4233-08dd2376bd30,Jerome Township Precinct 2,Write-In,Democrat,0
State Senator 34th District (DEM),01000000-263e-b21a-4233-08dd2376bd30,Lee Township Precinct 1,Christine Gerace,Democrat,75
State Senator 34th District (DEM),01000000-263e-b21a-4233-08dd2376bd30,Lee Township Precinct 1,Write-In,Democrat,0
State Senator 34th District (DEM),01000000-263e-b21a-4233-08dd2376bd30,Lee Township Precinct 2,Christine Gerace,Democrat,71
State Senator 34th District (DEM),01000000-263e-b21a-4233-08dd2376bd30,Lee Township Precinct 2,Write-In,Democrat,0
State Senator 34th District (DEM),01000000-263e-b21a-4233-08dd2376bd30,Mills Township Precinct 1,Christine Gerace,Democrat,82
State Senator 34th District (DEM),01000000-263e-b21a-4233-08dd2376bd30,Mills Township Precinct 1,Write-In,Democrat,0
State Senator 34th District (DEM),01000000-263e-b21a-4233-08dd2376bd30,Porter Township Precinct 1,Christine Gerace,Democrat,57
State Senator 34th District (DEM),01000000-263e-b21a-4233-08dd2376bd30,Porter Township Precinct 1,Write-In,Democrat,0
State Senator 34th District (DEM),01000000-263e-b21a-4233-08dd2376bd30,Warren Township Precinct 1,Christine Gerace,Democrat,79
State Senator 34th District (DEM),01000000-263e-b21a-4233-08dd2376bd30,Warren Township Precinct 1,Write-In,Democrat,2
Precinct Delegate for Larkin Township  Precinct 2 (REP),01000000-263e-b21a-e7f4-08dd2376be37,Larkin Township Precinct 2,Mark C. Bone,Republican,214
Precinct Delegate for Larkin Township  Precinct 2 (REP),01000000-263e-b21a-e7f4-08dd2376be37,Larkin Township Precinct 2,Anne Elizabeth Davis,Republican,151
Precinct Delegate for Larkin Township  Precinct 2 (REP),01000000-263e-b21a-e7f4-08dd2376be37,Larkin Township Precinct 2,Tim Davis,Republican,147
Precinct Delegate for Larkin Township  Precinct 2 (REP),01000000-263e-b21a-e7f4-08dd2376be37,Larkin Township Precinct 2,Charlee Simanskey,Republican,153
Precinct Delegate for Larkin Township  Precinct 2 (REP),01000000-263e-b21a-e7f4-08dd2376be37,Larkin Township Precinct 2,Write-In,Republican,2
Township Trustee for Hope Township (REP),01000000-263e-b21a-f81d-08dd2376be07,Hope Township Precinct 1,Dan Mieske,Republican,242
Township Trustee for Hope Township (REP),01000000-263e-b21a-f81d-08dd2376be07,Hope Township Precinct 1,Write-In,Republican,2
Precinct Delegate for City of Midland  Precinct 16 (DEM),01000000-263e-b21a-3db3-08dd2376bdc4,City of Midland Precinct 16,Linda Mae Barth,Democrat,151
Precinct Delegate for City of Midland  Precinct 16 (DEM),01000000-263e-b21a-3db3-08dd2376bdc4,City of Midland Precinct 16,Write-In,Democrat,1
Precinct Delegate for Lee Township  Precinct 1 (REP),01000000-263e-b21a-a2c2-08dd2376be45,Lee Township Precinct 1,Write-In,Republican,30
Township Trustee for Mt. Haley Township (REP),01000000-263e-b21a-3801-08dd2376be64,Mt. Haley Township Precinct 1,Nicholas Pelton,Republican,246
Township Trustee for Mt. Haley Township (REP),01000000-263e-b21a-3801-08dd2376be64,Mt. Haley Township Precinct 1,Write-In,Republican,6
Precinct Delegate for City of Midland  Precinct 10 (DEM),01000000-263e-b21a-fa0c-08dd2376bda2,City of Midland Precinct 10,Claudia Warren,Democrat,174
Precinct Delegate for City of Midland  Precinct 10 (DEM),01000000-263e-b21a-fa0c-08dd2376bda2,City of Midland Precinct 10,Write-In,Democrat,3
Township Trustee for Mt. Haley Township (DEM),01000000-263e-b21a-bfe9-08dd2376be5f,Mt. Haley Township Precinct 1,Write-In,Democrat,13
Precinct Delegate for Mills Township  Precinct 1 (DEM),01000000-263e-b21a-153f-08dd2376be5b,Mills Township Precinct 1,Write-In,Democrat,11
Township Trustee for Jerome Township (DEM),01000000-263e-b21a-efaf-08dd2376be20,Jerome Township Precinct 1,Write-In,Democrat,30
Township Trustee for Jerome Township (DEM),01000000-263e-b21a-efaf-08dd2376be20,Jerome Township Precinct 2,Write-In,Democrat,34
Midland County EMS Millage Renewal Proposal,01000000-263e-b21a-12be-08dd2376bd46,City of Coleman Precinct 1,Yes,,211
Midland County EMS Millage Renewal Proposal,01000000-263e-b21a-12be-08dd2376bd46,City of Coleman Precinct 1,No,,35
Midland County EMS Millage Renewal Proposal,01000000-263e-b21a-12be-08dd2376bd46,City of Midland Precinct 1,Yes,,452
Midland County EMS Millage Renewal Proposal,01000000-263e-b21a-12be-08dd2376bd46,City of Midland Precinct 1,No,,73
Midland County EMS Millage Renewal Proposal,01000000-263e-b21a-12be-08dd2376bd46,City of Midland Precinct 2,Yes,,334
Midland County EMS Millage Renewal Proposal,01000000-263e-b21a-12be-08dd2376bd46,City of Midland Precinct 2,No,,60
Midland County EMS Millage Renewal Proposal,01000000-263e-b21a-12be-08dd2376bd46,City of Midland Precinct 3,Yes,,319
Midland County EMS Millage Renewal Proposal,01000000-263e-b21a-12be-08dd2376bd46,City of Midland Precinct 3,No,,50
Midland County EMS Millage Renewal Proposal,01000000-263e-b21a-12be-08dd2376bd46,City of Midland Precinct 4A,Yes,,164
Midland County EMS Millage Renewal Proposal,01000000-263e-b21a-12be-08dd2376bd46,City of Midland Precinct 4A,No,,27
Midland County EMS Millage Renewal Proposal,01000000-263e-b21a-12be-08dd2376bd46,City of Midland Precinct 5,Yes,,252
Midland County EMS Millage Renewal Proposal,01000000-263e-b21a-12be-08dd2376bd46,City of Midland Precinct 5,No,,36
Midland County EMS Millage Renewal Proposal,01000000-263e-b21a-12be-08dd2376bd46,City of Midland Precinct 6,Yes,,301
Midland County EMS Millage Renewal Proposal,01000000-263e-b21a-12be-08dd2376bd46,City of Midland Precinct 6,No,,41
Midland County EMS Millage Renewal Proposal,01000000-263e-b21a-12be-08dd2376bd46,City of Midland Precinct 7,Yes,,771
Midland County EMS Millage Renewal Proposal,01000000-263e-b21a-12be-08dd2376bd46,City of Midland Precinct 7,No,,84
Midland County EMS Millage Renewal Proposal,01000000-263e-b21a-12be-08dd2376bd46,City of Midland Precinct 8,Yes,,382
Midland County EMS Millage Renewal Proposal,01000000-263e-b21a-12be-08dd2376bd46,City of Midland Precinct 8,No,,72
Midland County EMS Millage Renewal Proposal,01000000-263e-b21a-12be-08dd2376bd46,City of Midland Precinct 9,Yes,,546
Midland County EMS Millage Renewal Proposal,01000000-263e-b21a-12be-08dd2376bd46,City of Midland Precinct 9,No,,73
Midland County EMS Millage Renewal Proposal,01000000-263e-b21a-12be-08dd2376bd46,City of Midland Precinct 10,Yes,,666
Midland County EMS Millage Renewal Proposal,01000000-263e-b21a-12be-08dd2376bd46,City of Midland Precinct 10,No,,79
Midland County EMS Millage Renewal Proposal,01000000-263e-b21a-12be-08dd2376bd46,City of Midland Precinct 11,Yes,,741
Midland County EMS Millage Renewal Proposal,01000000-263e-b21a-12be-08dd2376bd46,City of Midland Precinct 11,No,,73
Midland County EMS Millage Renewal Proposal,01000000-263e-b21a-12be-08dd2376bd46,City of Midland Precinct 12,Yes,,213
Midland County EMS Millage Renewal Proposal,01000000-263e-b21a-12be-08dd2376bd46,City of Midland Precinct 12,No,,20
Midland County EMS Millage Renewal Proposal,01000000-263e-b21a-12be-08dd2376bd46,City of Midland Precinct 13,Yes,,688
Midland County EMS Millage Renewal Proposal,01000000-263e-b21a-12be-08dd2376bd46,City of Midland Precinct 13,No,,75
Midland County EMS Millage Renewal Proposal,01000000-263e-b21a-12be-08dd2376bd46,City of Midland Precinct 14,Yes,,564
Midland County EMS Millage Renewal Proposal,01000000-263e-b21a-12be-08dd2376bd46,City of Midland Precinct 14,No,,68
Midland County EMS Millage Renewal Proposal,01000000-263e-b21a-12be-08dd2376bd46,City of Midland Precinct 15,Yes,,678
Midland County EMS Millage Renewal Proposal,01000000-263e-b21a-12be-08dd2376bd46,City of Midland Precinct 15,No,,81
Midland County EMS Millage Renewal Proposal,01000000-263e-b21a-12be-08dd2376bd46,City of Midland Precinct 16,Yes,,409
Midland County EMS Millage Renewal Proposal,01000000-263e-b21a-12be-08dd2376bd46,City of Midland Precinct 16,No,,52
Midland County EMS Millage Renewal Proposal,01000000-263e-b21a-12be-08dd2376bd46,City of Midland Precinct 17,Yes,,503
Midland County EMS Millage Renewal Proposal,01000000-263e-b21a-12be-08dd2376bd46,City of Midland Precinct 17,No,,53
Midland County EMS Millage Renewal Proposal,01000000-263e-b21a-12be-08dd2376bd46,City of Midland Precinct 18,Yes,,580
Midland County EMS Millage Renewal Proposal,01000000-263e-b21a-12be-08dd2376bd46,City of Midland Precinct 18,No,,75
Midland County EMS Millage Renewal Proposal,01000000-263e-b21a-12be-08dd2376bd46,City of Midland Precinct 19,Yes,,566
Midland County EMS Millage Renewal Proposal,01000000-263e-b21a-12be-08dd2376bd46,City of Midland Precinct 19,No,,76
Midland County EMS Millage Renewal Proposal,01000000-263e-b21a-12be-08dd2376bd46,Edenville Township Precinct 1,Yes,,545
Midland County EMS Millage Renewal Proposal,01000000-263e-b21a-12be-08dd2376bd46,Edenville Township Precinct 1,No,,119
Midland County EMS Millage Renewal Proposal,01000000-263e-b21a-12be-08dd2376bd46,Geneva Township Precinct 1,Yes,,260
Midland County EMS Millage Renewal Proposal,01000000-263e-b21a-12be-08dd2376bd46,Geneva Township Precinct 1,No,,62
Midland County EMS Millage Renewal Proposal,01000000-263e-b21a-12be-08dd2376bd46,Greendale Township Precinct 1,Yes,,265
Midland County EMS Millage Renewal Proposal,01000000-263e-b21a-12be-08dd2376bd46,Greendale Township Precinct 1,No,,85
Midland County EMS Millage Renewal Proposal,01000000-263e-b21a-12be-08dd2376bd46,Homer Township Precinct 1,Yes,,312
Midland County EMS Millage Renewal Proposal,01000000-263e-b21a-12be-08dd2376bd46,Homer Township Precinct 1,No,,46
Midland County EMS Millage Renewal Proposal,01000000-263e-b21a-12be-08dd2376bd46,Homer Township Precinct 2,Yes,,270
Midland County EMS Millage Renewal Proposal,01000000-263e-b21a-12be-08dd2376bd46,Homer Township Precinct 2,No,,64
Midland County EMS Millage Renewal Proposal,01000000-263e-b21a-12be-08dd2376bd46,Homer Township Precinct 3,Yes,,389
Midland County EMS Millage Renewal Proposal,01000000-263e-b21a-12be-08dd2376bd46,Homer Township Precinct 3,No,,60
Midland County EMS Millage Renewal Proposal,01000000-263e-b21a-12be-08dd2376bd46,Hope Township Precinct 1,Yes,,281
Midland County EMS Millage Renewal Proposal,01000000-263e-b21a-12be-08dd2376bd46,Hope Township Precinct 1,No,,78
Midland County EMS Millage Renewal Proposal,01000000-263e-b21a-12be-08dd2376bd46,Ingersoll Township Precinct 1,Yes,,295
Midland County EMS Millage Renewal Proposal,01000000-263e-b21a-12be-08dd2376bd46,Ingersoll Township Precinct 1,No,,71
Midland County EMS Millage Renewal Proposal,01000000-263e-b21a-12be-08dd2376bd46,Ingersoll Township Precinct 2,Yes,,226
Midland County EMS Millage Renewal Proposal,01000000-263e-b21a-12be-08dd2376bd46,Ingersoll Township Precinct 2,No,,68
Midland County EMS Millage Renewal Proposal,01000000-263e-b21a-12be-08dd2376bd46,Jasper Township Precinct 1,Yes,,161
Midland County EMS Millage Renewal Proposal,01000000-263e-b21a-12be-08dd2376bd46,Jasper Township Precinct 1,No,,52
Midland County EMS Millage Renewal Proposal,01000000-263e-b21a-12be-08dd2376bd46,Jerome Township Precinct 1,Yes,,490
Midland County EMS Millage Renewal Proposal,01000000-263e-b21a-12be-08dd2376bd46,Jerome Township Precinct 1,No,,90
Midland County EMS Millage Renewal Proposal,01000000-263e-b21a-12be-08dd2376bd46,Jerome Township Precinct 2,Yes,,462
Midland County EMS Millage Renewal Proposal,01000000-263e-b21a-12be-08dd2376bd46,Jerome Township Precinct 2,No,,87
Midland County EMS Millage Renewal Proposal,01000000-263e-b21a-12be-08dd2376bd46,Larkin Township Precinct 1,Yes,,490
Midland County EMS Millage Renewal Proposal,01000000-263e-b21a-12be-08dd2376bd46,Larkin Township Precinct 1,No,,93
Midland County EMS Millage Renewal Proposal,01000000-263e-b21a-12be-08dd2376bd46,Larkin Township Precinct 2,Yes,,420
Midland County EMS Millage Renewal Proposal,01000000-263e-b21a-12be-08dd2376bd46,Larkin Township Precinct 2,No,,78
Midland County EMS Millage Renewal Proposal,01000000-263e-b21a-12be-08dd2376bd46,Larkin Township Precinct 3,Yes,,411
Midland County EMS Millage Renewal Proposal,01000000-263e-b21a-12be-08dd2376bd46,Larkin Township Precinct 3,No,,59
Midland County EMS Millage Renewal Proposal,01000000-263e-b21a-12be-08dd2376bd46,Lee Township Precinct 1,Yes,,356
Midland County EMS Millage Renewal Proposal,01000000-263e-b21a-12be-08dd2376bd46,Lee Township Precinct 1,No,,122
Midland County EMS Millage Renewal Proposal,01000000-263e-b21a-12be-08dd2376bd46,Lee Township Precinct 2,Yes,,367
Midland County EMS Millage Renewal Proposal,01000000-263e-b21a-12be-08dd2376bd46,Lee Township Precinct 2,No,,81
Midland County EMS Millage Renewal Proposal,01000000-263e-b21a-12be-08dd2376bd46,Lincoln Township Precinct 1,Yes,,625
Midland County EMS Millage Renewal Proposal,01000000-263e-b21a-12be-08dd2376bd46,Lincoln Township Precinct 1,No,,122
Midland County EMS Millage Renewal Proposal,01000000-263e-b21a-12be-08dd2376bd46,Midland Township Precinct 1,Yes,,473
Midland County EMS Millage Renewal Proposal,01000000-263e-b21a-12be-08dd2376bd46,Midland Township Precinct 1,No,,67
Midland County EMS Millage Renewal Proposal,01000000-263e-b21a-12be-08dd2376bd46,Mills Township Precinct 1,Yes,,356
Midland County EMS Millage Renewal Proposal,01000000-263e-b21a-12be-08dd2376bd46,Mills Township Precinct 1,No,,92
Midland County EMS Millage Renewal Proposal,01000000-263e-b21a-12be-08dd2376bd46,Mt. Haley Township Precinct 1,Yes,,341
Midland County EMS Millage Renewal Proposal,01000000-263e-b21a-12be-08dd2376bd46,Mt. Haley Township Precinct 1,No,,64
Midland County EMS Millage Renewal Proposal,01000000-263e-b21a-12be-08dd2376bd46,Porter Township Precinct 1,Yes,,198
Midland County EMS Millage Renewal Proposal,01000000-263e-b21a-12be-08dd2376bd46,Porter Township Precinct 1,No,,61
Midland County EMS Millage Renewal Proposal,01000000-263e-b21a-12be-08dd2376bd46,Warren Township Precinct 1,Yes,,425
Midland County EMS Millage Renewal Proposal,01000000-263e-b21a-12be-08dd2376bd46,Warren Township Precinct 1,No,,92
Township Clerk for Hope Township (DEM),01000000-263e-b21a-8c13-08dd2376bdfe,Hope Township Precinct 1,Write-In,Democrat,23
State Senator 35th District (DEM),01000000-263e-b21a-1030-08dd2376bd5b,City of Midland Precinct 1,Kristen McDonald Rivet,Democrat,174
State Senator 35th District (DEM),01000000-263e-b21a-1030-08dd2376bd5b,City of Midland Precinct 1,Write-In,Democrat,0
State Senator 35th District (DEM),01000000-263e-b21a-1030-08dd2376bd5b,City of Midland Precinct 2,Kristen McDonald Rivet,Democrat,136
State Senator 35th District (DEM),01000000-263e-b21a-1030-08dd2376bd5b,City of Midland Precinct 2,Write-In,Democrat,1
State Senator 35th District (DEM),01000000-263e-b21a-1030-08dd2376bd5b,City of Midland Precinct 3,Kristen McDonald Rivet,Democrat,103
State Senator 35th District (DEM),01000000-263e-b21a-1030-08dd2376bd5b,City of Midland Precinct 3,Write-In,Democrat,0
State Senator 35th District (DEM),01000000-263e-b21a-1030-08dd2376bd5b,City of Midland Precinct 4A,Kristen McDonald Rivet,Democrat,57
State Senator 35th District (DEM),01000000-263e-b21a-1030-08dd2376bd5b,City of Midland Precinct 4A,Write-In,Democrat,0
State Senator 35th District (DEM),01000000-263e-b21a-1030-08dd2376bd5b,City of Midland Precinct 4B,Kristen McDonald Rivet,Democrat,5
State Senator 35th District (DEM),01000000-263e-b21a-1030-08dd2376bd5b,City of Midland Precinct 4B,Write-In,Democrat,0
State Senator 35th District (DEM),01000000-263e-b21a-1030-08dd2376bd5b,City of Midland Precinct 5,Kristen McDonald Rivet,Democrat,70
State Senator 35th District (DEM),01000000-263e-b21a-1030-08dd2376bd5b,City of Midland Precinct 5,Write-In,Democrat,0
State Senator 35th District (DEM),01000000-263e-b21a-1030-08dd2376bd5b,City of Midland Precinct 6,Kristen McDonald Rivet,Democrat,73
State Senator 35th District (DEM),01000000-263e-b21a-1030-08dd2376bd5b,City of Midland Precinct 6,Write-In,Democrat,0
State Senator 35th District (DEM),01000000-263e-b21a-1030-08dd2376bd5b,City of Midland Precinct 7,Kristen McDonald Rivet,Democrat,221
State Senator 35th District (DEM),01000000-263e-b21a-1030-08dd2376bd5b,City of Midland Precinct 7,Write-In,Democrat,1
State Senator 35th District (DEM),01000000-263e-b21a-1030-08dd2376bd5b,City of Midland Precinct 8,Kristen McDonald Rivet,Democrat,146
State Senator 35th District (DEM),01000000-263e-b21a-1030-08dd2376bd5b,City of Midland Precinct 8,Write-In,Democrat,0
State Senator 35th District (DEM),01000000-263e-b21a-1030-08dd2376bd5b,City of Midland Precinct 9,Kristen McDonald Rivet,Democrat,165
State Senator 35th District (DEM),01000000-263e-b21a-1030-08dd2376bd5b,City of Midland Precinct 9,Write-In,Democrat,0
State Senator 35th District (DEM),01000000-263e-b21a-1030-08dd2376bd5b,City of Midland Precinct 10,Kristen McDonald Rivet,Democrat,179
State Senator 35th District (DEM),01000000-263e-b21a-1030-08dd2376bd5b,City of Midland Precinct 10,Write-In,Democrat,0
State Senator 35th District (DEM),01000000-263e-b21a-1030-08dd2376bd5b,City of Midland Precinct 11,Kristen McDonald Rivet,Democrat,170
State Senator 35th District (DEM),01000000-263e-b21a-1030-08dd2376bd5b,City of Midland Precinct 11,Write-In,Democrat,0
State Senator 35th District (DEM),01000000-263e-b21a-1030-08dd2376bd5b,City of Midland Precinct 12,Kristen McDonald Rivet,Democrat,67
State Senator 35th District (DEM),01000000-263e-b21a-1030-08dd2376bd5b,City of Midland Precinct 12,Write-In,Democrat,0
State Senator 35th District (DEM),01000000-263e-b21a-1030-08dd2376bd5b,City of Midland Precinct 13,Kristen McDonald Rivet,Democrat,222
State Senator 35th District (DEM),01000000-263e-b21a-1030-08dd2376bd5b,City of Midland Precinct 13,Write-In,Democrat,0
State Senator 35th District (DEM),01000000-263e-b21a-1030-08dd2376bd5b,City of Midland Precinct 14,Kristen McDonald Rivet,Democrat,173
State Senator 35th District (DEM),01000000-263e-b21a-1030-08dd2376bd5b,City of Midland Precinct 14,Write-In,Democrat,0
State Senator 35th District (DEM),01000000-263e-b21a-1030-08dd2376bd5b,City of Midland Precinct 15,Kristen McDonald Rivet,Democrat,199
State Senator 35th District (DEM),01000000-263e-b21a-1030-08dd2376bd5b,City of Midland Precinct 15,Write-In,Democrat,0
State Senator 35th District (DEM),01000000-263e-b21a-1030-08dd2376bd5b,City of Midland Precinct 16,Kristen McDonald Rivet,Democrat,156
State Senator 35th District (DEM),01000000-263e-b21a-1030-08dd2376bd5b,City of Midland Precinct 16,Write-In,Democrat,1
State Senator 35th District (DEM),01000000-263e-b21a-1030-08dd2376bd5b,City of Midland Precinct 17,Kristen McDonald Rivet,Democrat,140
State Senator 35th District (DEM),01000000-263e-b21a-1030-08dd2376bd5b,City of Midland Precinct 17,Write-In,Democrat,0
State Senator 35th District (DEM),01000000-263e-b21a-1030-08dd2376bd5b,City of Midland Precinct 18,Kristen McDonald Rivet,Democrat,198
State Senator 35th District (DEM),01000000-263e-b21a-1030-08dd2376bd5b,City of Midland Precinct 18,Write-In,Democrat,0
State Senator 35th District (DEM),01000000-263e-b21a-1030-08dd2376bd5b,City of Midland Precinct 19,Kristen McDonald Rivet,Democrat,180
State Senator 35th District (DEM),01000000-263e-b21a-1030-08dd2376bd5b,City of Midland Precinct 19,Write-In,Democrat,0
State Senator 35th District (DEM),01000000-263e-b21a-1030-08dd2376bd5b,Homer Township Precinct 1,Kristen McDonald Rivet,Democrat,92
State Senator 35th District (DEM),01000000-263e-b21a-1030-08dd2376bd5b,Homer Township Precinct 1,Write-In,Democrat,1
State Senator 35th District (DEM),01000000-263e-b21a-1030-08dd2376bd5b,Homer Township Precinct 2,Kristen McDonald Rivet,Democrat,65
State Senator 35th District (DEM),01000000-263e-b21a-1030-08dd2376bd5b,Homer Township Precinct 2,Write-In,Democrat,0
State Senator 35th District (DEM),01000000-263e-b21a-1030-08dd2376bd5b,Homer Township Precinct 3,Kristen McDonald Rivet,Democrat,86
State Senator 35th District (DEM),01000000-263e-b21a-1030-08dd2376bd5b,Homer Township Precinct 3,Write-In,Democrat,1
State Senator 35th District (DEM),01000000-263e-b21a-1030-08dd2376bd5b,Ingersoll Township Precinct 1,Kristen McDonald Rivet,Democrat,75
State Senator 35th District (DEM),01000000-263e-b21a-1030-08dd2376bd5b,Ingersoll Township Precinct 1,Write-In,Democrat,0
State Senator 35th District (DEM),01000000-263e-b21a-1030-08dd2376bd5b,Ingersoll Township Precinct 2,Kristen McDonald Rivet,Democrat,61
State Senator 35th District (DEM),01000000-263e-b21a-1030-08dd2376bd5b,Ingersoll Township Precinct 2,Write-In,Democrat,0
State Senator 35th District (DEM),01000000-263e-b21a-1030-08dd2376bd5b,Larkin Township Precinct 1,Kristen McDonald Rivet,Democrat,102
State Senator 35th District (DEM),01000000-263e-b21a-1030-08dd2376bd5b,Larkin Township Precinct 1,Write-In,Democrat,0
State Senator 35th District (DEM),01000000-263e-b21a-1030-08dd2376bd5b,Larkin Township Precinct 2,Kristen McDonald Rivet,Democrat,101
State Senator 35th District (DEM),01000000-263e-b21a-1030-08dd2376bd5b,Larkin Township Precinct 2,Write-In,Democrat,0
State Senator 35th District (DEM),01000000-263e-b21a-1030-08dd2376bd5b,Larkin Township Precinct 3,Kristen McDonald Rivet,Democrat,96
State Senator 35th District (DEM),01000000-263e-b21a-1030-08dd2376bd5b,Larkin Township Precinct 3,Write-In,Democrat,0
State Senator 35th District (DEM),01000000-263e-b21a-1030-08dd2376bd5b,Lincoln Township Precinct 1,Kristen McDonald Rivet,Democrat,148
State Senator 35th District (DEM),01000000-263e-b21a-1030-08dd2376bd5b,Lincoln Township Precinct 1,Write-In,Democrat,0
State Senator 35th District (DEM),01000000-263e-b21a-1030-08dd2376bd5b,Midland Township Precinct 1,Kristen McDonald Rivet,Democrat,115
State Senator 35th District (DEM),01000000-263e-b21a-1030-08dd2376bd5b,Midland Township Precinct 1,Write-In,Democrat,0
State Senator 35th District (DEM),01000000-263e-b21a-1030-08dd2376bd5b,Mt. Haley Township Precinct 1,Kristen McDonald Rivet,Democrat,96
State Senator 35th District (DEM),01000000-263e-b21a-1030-08dd2376bd5b,Mt. Haley Township Precinct 1,Write-In,Democrat,0
Precinct Delegate for Ingersoll Township  Precinct 2 (DEM),01000000-263e-b21a-a872-08dd2376be15,Ingersoll Township Precinct 2,Cathy Mitzel,Democrat,63
Precinct Delegate for Ingersoll Township  Precinct 2 (DEM),01000000-263e-b21a-a872-08dd2376be15,Ingersoll Township Precinct 2,Write-In,Democrat,0
Precinct Delegate for City of Midland  Precinct 4A (REP),01000000-263e-b21a-7aea-08dd2376bd78,City of Midland Precinct 4A,Write-In,Republican,9
Precinct Delegate for City of Midland  Precinct 16 (REP),01000000-263e-b21a-557f-08dd2376bdc6,City of Midland Precinct 16,John Marvin,Republican,181
Precinct Delegate for City of Midland  Precinct 16 (REP),01000000-263e-b21a-557f-08dd2376bdc6,City of Midland Precinct 16,Write-In,Republican,3
Porter Township Road Millage Renewal Proposal,01000000-263e-b21a-7aae-08dd2376be6d,Porter Township Precinct 1,Yes,,186
Porter Township Road Millage Renewal Proposal,01000000-263e-b21a-7aae-08dd2376be6d,Porter Township Precinct 1,No,,62
Precinct Delegate for City of Midland  Precinct 18 (REP),01000000-263e-b21a-1dd8-08dd2376bdcf,City of Midland Precinct 18,Rodney Kloha,Republican,220
Precinct Delegate for City of Midland  Precinct 18 (REP),01000000-263e-b21a-1dd8-08dd2376bdcf,City of Midland Precinct 18,Jackie Medema,Republican,217
Precinct Delegate for City of Midland  Precinct 18 (REP),01000000-263e-b21a-1dd8-08dd2376bdcf,City of Midland Precinct 18,Dennis G. Starner,Republican,180
Precinct Delegate for City of Midland  Precinct 18 (REP),01000000-263e-b21a-1dd8-08dd2376bdcf,City of Midland Precinct 18,Doreen F. Starner,Republican,182
Precinct Delegate for City of Midland  Precinct 18 (REP),01000000-263e-b21a-1dd8-08dd2376bdcf,City of Midland Precinct 18,Write-In,Republican,6
Governor (DEM),01000000-263e-b21a-d735-08dd2376bd14,City of Coleman Precinct 1,Gretchen Whitmer,Democrat,77
Governor (DEM),01000000-263e-b21a-d735-08dd2376bd14,City of Coleman Precinct 1,Write-In,Democrat,0
Governor (DEM),01000000-263e-b21a-d735-08dd2376bd14,City of Midland Precinct 1,Gretchen Whitmer,Democrat,178
Governor (DEM),01000000-263e-b21a-d735-08dd2376bd14,City of Midland Precinct 1,Write-In,Democrat,0
Governor (DEM),01000000-263e-b21a-d735-08dd2376bd14,City of Midland Precinct 2,Gretchen Whitmer,Democrat,139
Governor (DEM),01000000-263e-b21a-d735-08dd2376bd14,City of Midland Precinct 2,Write-In,Democrat,1
Governor (DEM),01000000-263e-b21a-d735-08dd2376bd14,City of Midland Precinct 3,Gretchen Whitmer,Democrat,106
Governor (DEM),01000000-263e-b21a-d735-08dd2376bd14,City of Midland Precinct 3,Write-In,Democrat,0
Governor (DEM),01000000-263e-b21a-d735-08dd2376bd14,City of Midland Precinct 4A,Gretchen Whitmer,Democrat,60
Governor (DEM),01000000-263e-b21a-d735-08dd2376bd14,City of Midland Precinct 4A,Write-In,Democrat,0
Governor (DEM),01000000-263e-b21a-d735-08dd2376bd14,City of Midland Precinct 4B,Gretchen Whitmer,Democrat,4
Governor (DEM),01000000-263e-b21a-d735-08dd2376bd14,City of Midland Precinct 4B,Write-In,Democrat,0
Governor (DEM),01000000-263e-b21a-d735-08dd2376bd14,City of Midland Precinct 5,Gretchen Whitmer,Democrat,74
Governor (DEM),01000000-263e-b21a-d735-08dd2376bd14,City of Midland Precinct 5,Write-In,Democrat,0
Governor (DEM),01000000-263e-b21a-d735-08dd2376bd14,City of Midland Precinct 6,Gretchen Whitmer,Democrat,74
Governor (DEM),01000000-263e-b21a-d735-08dd2376bd14,City of Midland Precinct 6,Write-In,Democrat,0
Governor (DEM),01000000-263e-b21a-d735-08dd2376bd14,City of Midland Precinct 7,Gretchen Whitmer,Democrat,225
Governor (DEM),01000000-263e-b21a-d735-08dd2376bd14,City of Midland Precinct 7,Write-In,Democrat,0
Governor (DEM),01000000-263e-b21a-d735-08dd2376bd14,City of Midland Precinct 8,Gretchen Whitmer,Democrat,153
Governor (DEM),01000000-263e-b21a-d735-08dd2376bd14,City of Midland Precinct 8,Write-In,Democrat,0
Governor (DEM),01000000-263e-b21a-d735-08dd2376bd14,City of Midland Precinct 9,Gretchen Whitmer,Democrat,171
Governor (DEM),01000000-263e-b21a-d735-08dd2376bd14,City of Midland Precinct 9,Write-In,Democrat,0
Governor (DEM),01000000-263e-b21a-d735-08dd2376bd14,City of Midland Precinct 10,Gretchen Whitmer,Democrat,187
Governor (DEM),01000000-263e-b21a-d735-08dd2376bd14,City of Midland Precinct 10,Write-In,Democrat,0
Governor (DEM),01000000-263e-b21a-d735-08dd2376bd14,City of Midland Precinct 11,Gretchen Whitmer,Democrat,173
Governor (DEM),01000000-263e-b21a-d735-08dd2376bd14,City of Midland Precinct 11,Write-In,Democrat,0
Governor (DEM),01000000-263e-b21a-d735-08dd2376bd14,City of Midland Precinct 12,Gretchen Whitmer,Democrat,70
Governor (DEM),01000000-263e-b21a-d735-08dd2376bd14,City of Midland Precinct 12,Write-In,Democrat,0
Governor (DEM),01000000-263e-b21a-d735-08dd2376bd14,City of Midland Precinct 13,Gretchen Whitmer,Democrat,232
Governor (DEM),01000000-263e-b21a-d735-08dd2376bd14,City of Midland Precinct 13,Write-In,Democrat,0
Governor (DEM),01000000-263e-b21a-d735-08dd2376bd14,City of Midland Precinct 14,Gretchen Whitmer,Democrat,182
Governor (DEM),01000000-263e-b21a-d735-08dd2376bd14,City of Midland Precinct 14,Write-In,Democrat,0
Governor (DEM),01000000-263e-b21a-d735-08dd2376bd14,City of Midland Precinct 15,Gretchen Whitmer,Democrat,213
Governor (DEM),01000000-263e-b21a-d735-08dd2376bd14,City of Midland Precinct 15,Write-In,Democrat,0
Governor (DEM),01000000-263e-b21a-d735-08dd2376bd14,City of Midland Precinct 16,Gretchen Whitmer,Democrat,165
Governor (DEM),01000000-263e-b21a-d735-08dd2376bd14,City of Midland Precinct 16,Write-In,Democrat,0
Governor (DEM),01000000-263e-b21a-d735-08dd2376bd14,City of Midland Precinct 17,Gretchen Whitmer,Democrat,147
Governor (DEM),01000000-263e-b21a-d735-08dd2376bd14,City of Midland Precinct 17,Write-In,Democrat,0
Governor (DEM),01000000-263e-b21a-d735-08dd2376bd14,City of Midland Precinct 18,Gretchen Whitmer,Democrat,198
Governor (DEM),01000000-263e-b21a-d735-08dd2376bd14,City of Midland Precinct 18,Write-In,Democrat,0
Governor (DEM),01000000-263e-b21a-d735-08dd2376bd14,City of Midland Precinct 19,Gretchen Whitmer,Democrat,188
Governor (DEM),01000000-263e-b21a-d735-08dd2376bd14,City of Midland Precinct 19,Write-In,Democrat,0
Governor (DEM),01000000-263e-b21a-d735-08dd2376bd14,Edenville Township Precinct 1,Gretchen Whitmer,Democrat,149
Governor (DEM),01000000-263e-b21a-d735-08dd2376bd14,Edenville Township Precinct 1,Write-In,Democrat,0
Governor (DEM),01000000-263e-b21a-d735-08dd2376bd14,Geneva Township Precinct 1,Gretchen Whitmer,Democrat,83
Governor (DEM),01000000-263e-b21a-d735-08dd2376bd14,Geneva Township Precinct 1,Write-In,Democrat,0
Governor (DEM),01000000-263e-b21a-d735-08dd2376bd14,Greendale Township Precinct 1,Gretchen Whitmer,Democrat,57
Governor (DEM),01000000-263e-b21a-d735-08dd2376bd14,Greendale Township Precinct 1,Write-In,Democrat,0
Governor (DEM),01000000-263e-b21a-d735-08dd2376bd14,Homer Township Precinct 1,Gretchen Whitmer,Democrat,101
Governor (DEM),01000000-263e-b21a-d735-08dd2376bd14,Homer Township Precinct 1,Write-In,Democrat,0
Governor (DEM),01000000-263e-b21a-d735-08dd2376bd14,Homer Township Precinct 2,Gretchen Whitmer,Democrat,70
Governor (DEM),01000000-263e-b21a-d735-08dd2376bd14,Homer Township Precinct 2,Write-In,Democrat,0
Governor (DEM),01000000-263e-b21a-d735-08dd2376bd14,Homer Township Precinct 3,Gretchen Whitmer,Democrat,90
Governor (DEM),01000000-263e-b21a-d735-08dd2376bd14,Homer Township Precinct 3,Write-In,Democrat,1
Governor (DEM),01000000-263e-b21a-d735-08dd2376bd14,Hope Township Precinct 1,Gretchen Whitmer,Democrat,68
Governor (DEM),01000000-263e-b21a-d735-08dd2376bd14,Hope Township Precinct 1,Write-In,Democrat,1
Governor (DEM),01000000-263e-b21a-d735-08dd2376bd14,Ingersoll Township Precinct 1,Gretchen Whitmer,Democrat,78
Governor (DEM),01000000-263e-b21a-d735-08dd2376bd14,Ingersoll Township Precinct 1,Write-In,Democrat,0
Governor (DEM),01000000-263e-b21a-d735-08dd2376bd14,Ingersoll Township Precinct 2,Gretchen Whitmer,Democrat,64
Governor (DEM),01000000-263e-b21a-d735-08dd2376bd14,Ingersoll Township Precinct 2,Write-In,Democrat,0
Governor (DEM),01000000-263e-b21a-d735-08dd2376bd14,Jasper Township Precinct 1,Gretchen Whitmer,Democrat,50
Governor (DEM),01000000-263e-b21a-d735-08dd2376bd14,Jasper Township Precinct 1,Write-In,Democrat,0
Governor (DEM),01000000-263e-b21a-d735-08dd2376bd14,Jerome Township Precinct 1,Gretchen Whitmer,Democrat,146
Governor (DEM),01000000-263e-b21a-d735-08dd2376bd14,Jerome Township Precinct 1,Write-In,Democrat,0
Governor (DEM),01000000-263e-b21a-d735-08dd2376bd14,Jerome Township Precinct 2,Gretchen Whitmer,Democrat,118
Governor (DEM),01000000-263e-b21a-d735-08dd2376bd14,Jerome Township Precinct 2,Write-In,Democrat,1
Governor (DEM),01000000-263e-b21a-d735-08dd2376bd14,Larkin Township Precinct 1,Gretchen Whitmer,Democrat,104
Governor (DEM),01000000-263e-b21a-d735-08dd2376bd14,Larkin Township Precinct 1,Write-In,Democrat,0
Governor (DEM),01000000-263e-b21a-d735-08dd2376bd14,Larkin Township Precinct 2,Gretchen Whitmer,Democrat,102
Governor (DEM),01000000-263e-b21a-d735-08dd2376bd14,Larkin Township Precinct 2,Write-In,Democrat,1
Governor (DEM),01000000-263e-b21a-d735-08dd2376bd14,Larkin Township Precinct 3,Gretchen Whitmer,Democrat,102
Governor (DEM),01000000-263e-b21a-d735-08dd2376bd14,Larkin Township Precinct 3,Write-In,Democrat,0
Governor (DEM),01000000-263e-b21a-d735-08dd2376bd14,Lee Township Precinct 1,Gretchen Whitmer,Democrat,79
Governor (DEM),01000000-263e-b21a-d735-08dd2376bd14,Lee Township Precinct 1,Write-In,Democrat,0
Governor (DEM),01000000-263e-b21a-d735-08dd2376bd14,Lee Township Precinct 2,Gretchen Whitmer,Democrat,73
Governor (DEM),01000000-263e-b21a-d735-08dd2376bd14,Lee Township Precinct 2,Write-In,Democrat,0
Governor (DEM),01000000-263e-b21a-d735-08dd2376bd14,Lincoln Township Precinct 1,Gretchen Whitmer,Democrat,167
Governor (DEM),01000000-263e-b21a-d735-08dd2376bd14,Lincoln Township Precinct 1,Write-In,Democrat,0
Governor (DEM),01000000-263e-b21a-d735-08dd2376bd14,Midland Township Precinct 1,Gretchen Whitmer,Democrat,123
Governor (DEM),01000000-263e-b21a-d735-08dd2376bd14,Midland Township Precinct 1,Write-In,Democrat,0
Governor (DEM),01000000-263e-b21a-d735-08dd2376bd14,Mills Township Precinct 1,Gretchen Whitmer,Democrat,88
Governor (DEM),01000000-263e-b21a-d735-08dd2376bd14,Mills Township Precinct 1,Write-In,Democrat,0
Governor (DEM),01000000-263e-b21a-d735-08dd2376bd14,Mt. Haley Township Precinct 1,Gretchen Whitmer,Democrat,102
Governor (DEM),01000000-263e-b21a-d735-08dd2376bd14,Mt. Haley Township Precinct 1,Write-In,Democrat,0
Governor (DEM),01000000-263e-b21a-d735-08dd2376bd14,Porter Township Precinct 1,Gretchen Whitmer,Democrat,59
Governor (DEM),01000000-263e-b21a-d735-08dd2376bd14,Porter Township Precinct 1,Write-In,Democrat,0
Governor (DEM),01000000-263e-b21a-d735-08dd2376bd14,Warren Township Precinct 1,Gretchen Whitmer,Democrat,91
Governor (DEM),01000000-263e-b21a-d735-08dd2376bd14,Warren Township Precinct 1,Write-In,Democrat,1
Midland County Older Citizens Millage Renewal Proposal,01000000-263e-b21a-6ca7-08dd2376bd4b,City of Coleman Precinct 1,Yes,,200
Midland County Older Citizens Millage Renewal Proposal,01000000-263e-b21a-6ca7-08dd2376bd4b,City of Coleman Precinct 1,No,,41
Midland County Older Citizens Millage Renewal Proposal,01000000-263e-b21a-6ca7-08dd2376bd4b,City of Midland Precinct 1,Yes,,434
Midland County Older Citizens Millage Renewal Proposal,01000000-263e-b21a-6ca7-08dd2376bd4b,City of Midland Precinct 1,No,,88
Midland County Older Citizens Millage Renewal Proposal,01000000-263e-b21a-6ca7-08dd2376bd4b,City of Midland Precinct 2,Yes,,325
Midland County Older Citizens Millage Renewal Proposal,01000000-263e-b21a-6ca7-08dd2376bd4b,City of Midland Precinct 2,No,,65
Midland County Older Citizens Millage Renewal Proposal,01000000-263e-b21a-6ca7-08dd2376bd4b,City of Midland Precinct 3,Yes,,323
Midland County Older Citizens Millage Renewal Proposal,01000000-263e-b21a-6ca7-08dd2376bd4b,City of Midland Precinct 3,No,,48
Midland County Older Citizens Millage Renewal Proposal,01000000-263e-b21a-6ca7-08dd2376bd4b,City of Midland Precinct 4A,Yes,,162
Midland County Older Citizens Millage Renewal Proposal,01000000-263e-b21a-6ca7-08dd2376bd4b,City of Midland Precinct 4A,No,,28
Midland County Older Citizens Millage Renewal Proposal,01000000-263e-b21a-6ca7-08dd2376bd4b,City of Midland Precinct 5,Yes,,241
Midland County Older Citizens Millage Renewal Proposal,01000000-263e-b21a-6ca7-08dd2376bd4b,City of Midland Precinct 5,No,,45
Midland County Older Citizens Millage Renewal Proposal,01000000-263e-b21a-6ca7-08dd2376bd4b,City of Midland Precinct 6,Yes,,292
Midland County Older Citizens Millage Renewal Proposal,01000000-263e-b21a-6ca7-08dd2376bd4b,City of Midland Precinct 6,No,,49
Midland County Older Citizens Millage Renewal Proposal,01000000-263e-b21a-6ca7-08dd2376bd4b,City of Midland Precinct 7,Yes,,757
Midland County Older Citizens Millage Renewal Proposal,01000000-263e-b21a-6ca7-08dd2376bd4b,City of Midland Precinct 7,No,,97
Midland County Older Citizens Millage Renewal Proposal,01000000-263e-b21a-6ca7-08dd2376bd4b,City of Midland Precinct 8,Yes,,384
Midland County Older Citizens Millage Renewal Proposal,01000000-263e-b21a-6ca7-08dd2376bd4b,City of Midland Precinct 8,No,,73
Midland County Older Citizens Millage Renewal Proposal,01000000-263e-b21a-6ca7-08dd2376bd4b,City of Midland Precinct 9,Yes,,527
Midland County Older Citizens Millage Renewal Proposal,01000000-263e-b21a-6ca7-08dd2376bd4b,City of Midland Precinct 9,No,,90
Midland County Older Citizens Millage Renewal Proposal,01000000-263e-b21a-6ca7-08dd2376bd4b,City of Midland Precinct 10,Yes,,641
Midland County Older Citizens Millage Renewal Proposal,01000000-263e-b21a-6ca7-08dd2376bd4b,City of Midland Precinct 10,No,,101
Midland County Older Citizens Millage Renewal Proposal,01000000-263e-b21a-6ca7-08dd2376bd4b,City of Midland Precinct 11,Yes,,712
Midland County Older Citizens Millage Renewal Proposal,01000000-263e-b21a-6ca7-08dd2376bd4b,City of Midland Precinct 11,No,,101
Midland County Older Citizens Millage Renewal Proposal,01000000-263e-b21a-6ca7-08dd2376bd4b,City of Midland Precinct 12,Yes,,201
Midland County Older Citizens Millage Renewal Proposal,01000000-263e-b21a-6ca7-08dd2376bd4b,City of Midland Precinct 12,No,,31
Midland County Older Citizens Millage Renewal Proposal,01000000-263e-b21a-6ca7-08dd2376bd4b,City of Midland Precinct 13,Yes,,665
Midland County Older Citizens Millage Renewal Proposal,01000000-263e-b21a-6ca7-08dd2376bd4b,City of Midland Precinct 13,No,,94
Midland County Older Citizens Millage Renewal Proposal,01000000-263e-b21a-6ca7-08dd2376bd4b,City of Midland Precinct 14,Yes,,542
Midland County Older Citizens Millage Renewal Proposal,01000000-263e-b21a-6ca7-08dd2376bd4b,City of Midland Precinct 14,No,,91
Midland County Older Citizens Millage Renewal Proposal,01000000-263e-b21a-6ca7-08dd2376bd4b,City of Midland Precinct 15,Yes,,660
Midland County Older Citizens Millage Renewal Proposal,01000000-263e-b21a-6ca7-08dd2376bd4b,City of Midland Precinct 15,No,,99
Midland County Older Citizens Millage Renewal Proposal,01000000-263e-b21a-6ca7-08dd2376bd4b,City of Midland Precinct 16,Yes,,404
Midland County Older Citizens Millage Renewal Proposal,01000000-263e-b21a-6ca7-08dd2376bd4b,City of Midland Precinct 16,No,,55
Midland County Older Citizens Millage Renewal Proposal,01000000-263e-b21a-6ca7-08dd2376bd4b,City of Midland Precinct 17,Yes,,486
Midland County Older Citizens Millage Renewal Proposal,01000000-263e-b21a-6ca7-08dd2376bd4b,City of Midland Precinct 17,No,,75
Midland County Older Citizens Millage Renewal Proposal,01000000-263e-b21a-6ca7-08dd2376bd4b,City of Midland Precinct 18,Yes,,561
Midland County Older Citizens Millage Renewal Proposal,01000000-263e-b21a-6ca7-08dd2376bd4b,City of Midland Precinct 18,No,,95
Midland County Older Citizens Millage Renewal Proposal,01000000-263e-b21a-6ca7-08dd2376bd4b,City of Midland Precinct 19,Yes,,560
Midland County Older Citizens Millage Renewal Proposal,01000000-263e-b21a-6ca7-08dd2376bd4b,City of Midland Precinct 19,No,,81
Midland County Older Citizens Millage Renewal Proposal,01000000-263e-b21a-6ca7-08dd2376bd4b,Edenville Township Precinct 1,Yes,,529
Midland County Older Citizens Millage Renewal Proposal,01000000-263e-b21a-6ca7-08dd2376bd4b,Edenville Township Precinct 1,No,,136
Midland County Older Citizens Millage Renewal Proposal,01000000-263e-b21a-6ca7-08dd2376bd4b,Geneva Township Precinct 1,Yes,,243
Midland County Older Citizens Millage Renewal Proposal,01000000-263e-b21a-6ca7-08dd2376bd4b,Geneva Township Precinct 1,No,,78
Midland County Older Citizens Millage Renewal Proposal,01000000-263e-b21a-6ca7-08dd2376bd4b,Greendale Township Precinct 1,Yes,,268
Midland County Older Citizens Millage Renewal Proposal,01000000-263e-b21a-6ca7-08dd2376bd4b,Greendale Township Precinct 1,No,,80
Midland County Older Citizens Millage Renewal Proposal,01000000-263e-b21a-6ca7-08dd2376bd4b,Homer Township Precinct 1,Yes,,307
Midland County Older Citizens Millage Renewal Proposal,01000000-263e-b21a-6ca7-08dd2376bd4b,Homer Township Precinct 1,No,,50
Midland County Older Citizens Millage Renewal Proposal,01000000-263e-b21a-6ca7-08dd2376bd4b,Homer Township Precinct 2,Yes,,252
Midland County Older Citizens Millage Renewal Proposal,01000000-263e-b21a-6ca7-08dd2376bd4b,Homer Township Precinct 2,No,,79
Midland County Older Citizens Millage Renewal Proposal,01000000-263e-b21a-6ca7-08dd2376bd4b,Homer Township Precinct 3,Yes,,379
Midland County Older Citizens Millage Renewal Proposal,01000000-263e-b21a-6ca7-08dd2376bd4b,Homer Township Precinct 3,No,,68
Midland County Older Citizens Millage Renewal Proposal,01000000-263e-b21a-6ca7-08dd2376bd4b,Hope Township Precinct 1,Yes,,273
Midland County Older Citizens Millage Renewal Proposal,01000000-263e-b21a-6ca7-08dd2376bd4b,Hope Township Precinct 1,No,,84
Midland County Older Citizens Millage Renewal Proposal,01000000-263e-b21a-6ca7-08dd2376bd4b,Ingersoll Township Precinct 1,Yes,,289
Midland County Older Citizens Millage Renewal Proposal,01000000-263e-b21a-6ca7-08dd2376bd4b,Ingersoll Township Precinct 1,No,,77
Midland County Older Citizens Millage Renewal Proposal,01000000-263e-b21a-6ca7-08dd2376bd4b,Ingersoll Township Precinct 2,Yes,,208
Midland County Older Citizens Millage Renewal Proposal,01000000-263e-b21a-6ca7-08dd2376bd4b,Ingersoll Township Precinct 2,No,,85
Midland County Older Citizens Millage Renewal Proposal,01000000-263e-b21a-6ca7-08dd2376bd4b,Jasper Township Precinct 1,Yes,,162
Midland County Older Citizens Millage Renewal Proposal,01000000-263e-b21a-6ca7-08dd2376bd4b,Jasper Township Precinct 1,No,,50
Midland County Older Citizens Millage Renewal Proposal,01000000-263e-b21a-6ca7-08dd2376bd4b,Jerome Township Precinct 1,Yes,,478
Midland County Older Citizens Millage Renewal Proposal,01000000-263e-b21a-6ca7-08dd2376bd4b,Jerome Township Precinct 1,No,,99
Midland County Older Citizens Millage Renewal Proposal,01000000-263e-b21a-6ca7-08dd2376bd4b,Jerome Township Precinct 2,Yes,,446
Midland County Older Citizens Millage Renewal Proposal,01000000-263e-b21a-6ca7-08dd2376bd4b,Jerome Township Precinct 2,No,,98
Midland County Older Citizens Millage Renewal Proposal,01000000-263e-b21a-6ca7-08dd2376bd4b,Larkin Township Precinct 1,Yes,,475
Midland County Older Citizens Millage Renewal Proposal,01000000-263e-b21a-6ca7-08dd2376bd4b,Larkin Township Precinct 1,No,,109
Midland County Older Citizens Millage Renewal Proposal,01000000-263e-b21a-6ca7-08dd2376bd4b,Larkin Township Precinct 2,Yes,,400
Midland County Older Citizens Millage Renewal Proposal,01000000-263e-b21a-6ca7-08dd2376bd4b,Larkin Township Precinct 2,No,,95
Midland County Older Citizens Millage Renewal Proposal,01000000-263e-b21a-6ca7-08dd2376bd4b,Larkin Township Precinct 3,Yes,,394
Midland County Older Citizens Millage Renewal Proposal,01000000-263e-b21a-6ca7-08dd2376bd4b,Larkin Township Precinct 3,No,,77
Midland County Older Citizens Millage Renewal Proposal,01000000-263e-b21a-6ca7-08dd2376bd4b,Lee Township Precinct 1,Yes,,352
Midland County Older Citizens Millage Renewal Proposal,01000000-263e-b21a-6ca7-08dd2376bd4b,Lee Township Precinct 1,No,,123
Midland County Older Citizens Millage Renewal Proposal,01000000-263e-b21a-6ca7-08dd2376bd4b,Lee Township Precinct 2,Yes,,354
Midland County Older Citizens Millage Renewal Proposal,01000000-263e-b21a-6ca7-08dd2376bd4b,Lee Township Precinct 2,No,,96
Midland County Older Citizens Millage Renewal Proposal,01000000-263e-b21a-6ca7-08dd2376bd4b,Lincoln Township Precinct 1,Yes,,606
Midland County Older Citizens Millage Renewal Proposal,01000000-263e-b21a-6ca7-08dd2376bd4b,Lincoln Township Precinct 1,No,,138
Midland County Older Citizens Millage Renewal Proposal,01000000-263e-b21a-6ca7-08dd2376bd4b,Midland Township Precinct 1,Yes,,451
Midland County Older Citizens Millage Renewal Proposal,01000000-263e-b21a-6ca7-08dd2376bd4b,Midland Township Precinct 1,No,,86
Midland County Older Citizens Millage Renewal Proposal,01000000-263e-b21a-6ca7-08dd2376bd4b,Mills Township Precinct 1,Yes,,346
Midland County Older Citizens Millage Renewal Proposal,01000000-263e-b21a-6ca7-08dd2376bd4b,Mills Township Precinct 1,No,,97
Midland County Older Citizens Millage Renewal Proposal,01000000-263e-b21a-6ca7-08dd2376bd4b,Mt. Haley Township Precinct 1,Yes,,322
Midland County Older Citizens Millage Renewal Proposal,01000000-263e-b21a-6ca7-08dd2376bd4b,Mt. Haley Township Precinct 1,No,,83
Midland County Older Citizens Millage Renewal Proposal,01000000-263e-b21a-6ca7-08dd2376bd4b,Porter Township Precinct 1,Yes,,195
Midland County Older Citizens Millage Renewal Proposal,01000000-263e-b21a-6ca7-08dd2376bd4b,Porter Township Precinct 1,No,,62
Midland County Older Citizens Millage Renewal Proposal,01000000-263e-b21a-6ca7-08dd2376bd4b,Warren Township Precinct 1,Yes,,408
Midland County Older Citizens Millage Renewal Proposal,01000000-263e-b21a-6ca7-08dd2376bd4b,Warren Township Precinct 1,No,,105
County Clerk for Bay County (REP),01000000-263e-b21a-47bf-08dd2376bd82,City of Midland Precinct 4B,Janis Gorski-Taylor,Republican,13
County Clerk for Bay County (REP),01000000-263e-b21a-47bf-08dd2376bd82,City of Midland Precinct 4B,Write-In,Republican,1
Precinct Delegate for Midland Township  Precinct 1 (DEM),01000000-263e-b21a-1059-08dd2376be54,Midland Township Precinct 1,Write-In,Democrat,12
Township Trustee for Midland Township (DEM),01000000-263e-b21a-d1cc-08dd2376be51,Midland Township Precinct 1,Write-In,Democrat,15
Precinct Delegate for City of Midland  Precinct 2 (DEM),01000000-263e-b21a-dddf-08dd2376bd6c,City of Midland Precinct 2,Write-In,Democrat,11
Precinct Delegate for City of Midland  Precinct 13 (DEM),01000000-263e-b21a-aa87-08dd2376bdb5,City of Midland Precinct 13,Ronald C. Parmele,Democrat,209
Precinct Delegate for City of Midland  Precinct 13 (DEM),01000000-263e-b21a-aa87-08dd2376bdb5,City of Midland Precinct 13,Write-In,Democrat,2
Township Trustee for Midland Township (REP),01000000-263e-b21a-50fe-08dd2376be56,Midland Township Precinct 1,Haley Northup,Republican,300
Township Trustee for Midland Township (REP),01000000-263e-b21a-50fe-08dd2376be56,Midland Township Precinct 1,Write-In,Republican,4
County Commissioner 6th District (DEM),01000000-263e-b21a-abcd-08dd2376bdb3,City of Midland Precinct 13,Sarah Schulz,Democrat,217
County Commissioner 6th District (DEM),01000000-263e-b21a-abcd-08dd2376bdb3,City of Midland Precinct 13,Write-In,Democrat,0
County Commissioner 6th District (DEM),01000000-263e-b21a-abcd-08dd2376bdb3,City of Midland Precinct 14,Sarah Schulz,Democrat,173
County Commissioner 6th District (DEM),01000000-263e-b21a-abcd-08dd2376bdb3,City of Midland Precinct 14,Write-In,Democrat,0
County Commissioner 6th District (DEM),01000000-263e-b21a-abcd-08dd2376bdb3,City of Midland Precinct 15,Sarah Schulz,Democrat,187
County Commissioner 6th District (DEM),01000000-263e-b21a-abcd-08dd2376bdb3,City of Midland Precinct 15,Write-In,Democrat,0
County Commissioner 6th District (DEM),01000000-263e-b21a-abcd-08dd2376bdb3,City of Midland Precinct 18,Sarah Schulz,Democrat,190
County Commissioner 6th District (DEM),01000000-263e-b21a-abcd-08dd2376bdb3,City of Midland Precinct 18,Write-In,Democrat,0
County Commissioner 6th District (DEM),01000000-263e-b21a-abcd-08dd2376bdb3,City of Midland Precinct 19,Sarah Schulz,Democrat,178
County Commissioner 6th District (DEM),01000000-263e-b21a-abcd-08dd2376bdb3,City of Midland Precinct 19,Write-In,Democrat,0
Precinct Delegate for Geneva Township  Precinct 1 (DEM),01000000-263e-b21a-0491-08dd2376bddb,Geneva Township Precinct 1,Write-In,Democrat,17
County Commissioner 1st District (REP),01000000-263e-b21a-85f5-08dd2376bd42,City of Coleman Precinct 1,Jeanette M. Snyder,Republican,138
County Commissioner 1st District (REP),01000000-263e-b21a-85f5-08dd2376bd42,City of Coleman Precinct 1,Write-In,Republican,1
County Commissioner 1st District (REP),01000000-263e-b21a-85f5-08dd2376bd42,Edenville Township Precinct 1,Jeanette M. Snyder,Republican,356
County Commissioner 1st District (REP),01000000-263e-b21a-85f5-08dd2376bd42,Edenville Township Precinct 1,Write-In,Republican,9
County Commissioner 1st District (REP),01000000-263e-b21a-85f5-08dd2376bd42,Geneva Township Precinct 1,Jeanette M. Snyder,Republican,172
County Commissioner 1st District (REP),01000000-263e-b21a-85f5-08dd2376bd42,Geneva Township Precinct 1,Write-In,Republican,0
County Commissioner 1st District (REP),01000000-263e-b21a-85f5-08dd2376bd42,Jerome Township Precinct 1,Jeanette M. Snyder,Republican,311
County Commissioner 1st District (REP),01000000-263e-b21a-85f5-08dd2376bd42,Jerome Township Precinct 1,Write-In,Republican,5
County Commissioner 1st District (REP),01000000-263e-b21a-85f5-08dd2376bd42,Jerome Township Precinct 2,Jeanette M. Snyder,Republican,303
County Commissioner 1st District (REP),01000000-263e-b21a-85f5-08dd2376bd42,Jerome Township Precinct 2,Write-In,Republican,3
County Commissioner 1st District (REP),01000000-263e-b21a-85f5-08dd2376bd42,Warren Township Precinct 1,Jeanette M. Snyder,Republican,275
County Commissioner 1st District (REP),01000000-263e-b21a-85f5-08dd2376bd42,Warren Township Precinct 1,Write-In,Republican,5
Precinct Delegate for Mt. Haley Township  Precinct 1 (REP),01000000-263e-b21a-88f6-08dd2376be66,Mt. Haley Township Precinct 1,John Blackson,Republican,136
Precinct Delegate for Mt. Haley Township  Precinct 1 (REP),01000000-263e-b21a-88f6-08dd2376be66,Mt. Haley Township Precinct 1,Marcia Blackson,Republican,133
Precinct Delegate for Mt. Haley Township  Precinct 1 (REP),01000000-263e-b21a-88f6-08dd2376be66,Mt. Haley Township Precinct 1,Kennith Brown,Republican,166
Precinct Delegate for Mt. Haley Township  Precinct 1 (REP),01000000-263e-b21a-88f6-08dd2376be66,Mt. Haley Township Precinct 1,Nicholas Pelton,Republican,178
Precinct Delegate for Mt. Haley Township  Precinct 1 (REP),01000000-263e-b21a-88f6-08dd2376be66,Mt. Haley Township Precinct 1,Write-In,Republican,4
Precinct Delegate for Homer Township  Precinct 3 (REP),01000000-263e-b21a-4acc-08dd2376bdfc,Homer Township Precinct 3,Robert Steven Glaser,Republican,175
Precinct Delegate for Homer Township  Precinct 3 (REP),01000000-263e-b21a-4acc-08dd2376bdfc,Homer Township Precinct 3,Pamela Sue Nordbeck,Republican,130
Precinct Delegate for Homer Township  Precinct 3 (REP),01000000-263e-b21a-4acc-08dd2376bdfc,Homer Township Precinct 3,John A. Pruiett,Republican,146
Precinct Delegate for Homer Township  Precinct 3 (REP),01000000-263e-b21a-4acc-08dd2376bdfc,Homer Township Precinct 3,Angela Stamas-Wojda,Republican,169
Precinct Delegate for Homer Township  Precinct 3 (REP),01000000-263e-b21a-4acc-08dd2376bdfc,Homer Township Precinct 3,Write-In,Republican,9
Representative in State Legislature 95th District (DEM),01000000-263e-b21a-7dc9-08dd2376bd32,City of Coleman Precinct 1,Matthew Dawson,Democrat,61
Representative in State Legislature 95th District (DEM),01000000-263e-b21a-7dc9-08dd2376bd32,City of Coleman Precinct 1,Larry Grell,Democrat,8
Representative in State Legislature 95th District (DEM),01000000-263e-b21a-7dc9-08dd2376bd32,City of Coleman Precinct 1,Write-In,Democrat,0
Representative in State Legislature 95th District (DEM),01000000-263e-b21a-7dc9-08dd2376bd32,City of Midland Precinct 1,Matthew Dawson,Democrat,100
Representative in State Legislature 95th District (DEM),01000000-263e-b21a-7dc9-08dd2376bd32,City of Midland Precinct 1,Larry Grell,Democrat,62
Representative in State Legislature 95th District (DEM),01000000-263e-b21a-7dc9-08dd2376bd32,City of Midland Precinct 1,Write-In,Democrat,1
Representative in State Legislature 95th District (DEM),01000000-263e-b21a-7dc9-08dd2376bd32,City of Midland Precinct 2,Matthew Dawson,Democrat,100
Representative in State Legislature 95th District (DEM),01000000-263e-b21a-7dc9-08dd2376bd32,City of Midland Precinct 2,Larry Grell,Democrat,29
Representative in State Legislature 95th District (DEM),01000000-263e-b21a-7dc9-08dd2376bd32,City of Midland Precinct 2,Write-In,Democrat,0
Representative in State Legislature 95th District (DEM),01000000-263e-b21a-7dc9-08dd2376bd32,City of Midland Precinct 3,Matthew Dawson,Democrat,51
Representative in State Legislature 95th District (DEM),01000000-263e-b21a-7dc9-08dd2376bd32,City of Midland Precinct 3,Larry Grell,Democrat,44
Representative in State Legislature 95th District (DEM),01000000-263e-b21a-7dc9-08dd2376bd32,City of Midland Precinct 3,Write-In,Democrat,0
Representative in State Legislature 95th District (DEM),01000000-263e-b21a-7dc9-08dd2376bd32,City of Midland Precinct 4A,Matthew Dawson,Democrat,48
Representative in State Legislature 95th District (DEM),01000000-263e-b21a-7dc9-08dd2376bd32,City of Midland Precinct 4A,Larry Grell,Democrat,9
Representative in State Legislature 95th District (DEM),01000000-263e-b21a-7dc9-08dd2376bd32,City of Midland Precinct 4A,Write-In,Democrat,0
Representative in State Legislature 95th District (DEM),01000000-263e-b21a-7dc9-08dd2376bd32,City of Midland Precinct 4B,Matthew Dawson,Democrat,4
Representative in State Legislature 95th District (DEM),01000000-263e-b21a-7dc9-08dd2376bd32,City of Midland Precinct 4B,Larry Grell,Democrat,1
Representative in State Legislature 95th District (DEM),01000000-263e-b21a-7dc9-08dd2376bd32,City of Midland Precinct 4B,Write-In,Democrat,0
Representative in State Legislature 95th District (DEM),01000000-263e-b21a-7dc9-08dd2376bd32,City of Midland Precinct 5,Matthew Dawson,Democrat,53
Representative in State Legislature 95th District (DEM),01000000-263e-b21a-7dc9-08dd2376bd32,City of Midland Precinct 5,Larry Grell,Democrat,11
Representative in State Legislature 95th District (DEM),01000000-263e-b21a-7dc9-08dd2376bd32,City of Midland Precinct 5,Write-In,Democrat,0
Representative in State Legislature 95th District (DEM),01000000-263e-b21a-7dc9-08dd2376bd32,City of Midland Precinct 6,Matthew Dawson,Democrat,39
Representative in State Legislature 95th District (DEM),01000000-263e-b21a-7dc9-08dd2376bd32,City of Midland Precinct 6,Larry Grell,Democrat,28
Representative in State Legislature 95th District (DEM),01000000-263e-b21a-7dc9-08dd2376bd32,City of Midland Precinct 6,Write-In,Democrat,0
Representative in State Legislature 95th District (DEM),01000000-263e-b21a-7dc9-08dd2376bd32,City of Midland Precinct 7,Matthew Dawson,Democrat,163
Representative in State Legislature 95th District (DEM),01000000-263e-b21a-7dc9-08dd2376bd32,City of Midland Precinct 7,Larry Grell,Democrat,31
Representative in State Legislature 95th District (DEM),01000000-263e-b21a-7dc9-08dd2376bd32,City of Midland Precinct 7,Write-In,Democrat,1
Representative in State Legislature 95th District (DEM),01000000-263e-b21a-7dc9-08dd2376bd32,City of Midland Precinct 8,Matthew Dawson,Democrat,100
Representative in State Legislature 95th District (DEM),01000000-263e-b21a-7dc9-08dd2376bd32,City of Midland Precinct 8,Larry Grell,Democrat,43
Representative in State Legislature 95th District (DEM),01000000-263e-b21a-7dc9-08dd2376bd32,City of Midland Precinct 8,Write-In,Democrat,0
Representative in State Legislature 95th District (DEM),01000000-263e-b21a-7dc9-08dd2376bd32,City of Midland Precinct 9,Matthew Dawson,Democrat,120
Representative in State Legislature 95th District (DEM),01000000-263e-b21a-7dc9-08dd2376bd32,City of Midland Precinct 9,Larry Grell,Democrat,29
Representative in State Legislature 95th District (DEM),01000000-263e-b21a-7dc9-08dd2376bd32,City of Midland Precinct 9,Write-In,Democrat,2
Representative in State Legislature 95th District (DEM),01000000-263e-b21a-7dc9-08dd2376bd32,City of Midland Precinct 10,Matthew Dawson,Democrat,120
Representative in State Legislature 95th District (DEM),01000000-263e-b21a-7dc9-08dd2376bd32,City of Midland Precinct 10,Larry Grell,Democrat,49
Representative in State Legislature 95th District (DEM),01000000-263e-b21a-7dc9-08dd2376bd32,City of Midland Precinct 10,Write-In,Democrat,1
Representative in State Legislature 95th District (DEM),01000000-263e-b21a-7dc9-08dd2376bd32,City of Midland Precinct 11,Matthew Dawson,Democrat,131
Representative in State Legislature 95th District (DEM),01000000-263e-b21a-7dc9-08dd2376bd32,City of Midland Precinct 11,Larry Grell,Democrat,27
Representative in State Legislature 95th District (DEM),01000000-263e-b21a-7dc9-08dd2376bd32,City of Midland Precinct 11,Write-In,Democrat,2
Representative in State Legislature 95th District (DEM),01000000-263e-b21a-7dc9-08dd2376bd32,City of Midland Precinct 12,Matthew Dawson,Democrat,45
Representative in State Legislature 95th District (DEM),01000000-263e-b21a-7dc9-08dd2376bd32,City of Midland Precinct 12,Larry Grell,Democrat,20
Representative in State Legislature 95th District (DEM),01000000-263e-b21a-7dc9-08dd2376bd32,City of Midland Precinct 12,Write-In,Democrat,0
Representative in State Legislature 95th District (DEM),01000000-263e-b21a-7dc9-08dd2376bd32,City of Midland Precinct 13,Matthew Dawson,Democrat,159
Representative in State Legislature 95th District (DEM),01000000-263e-b21a-7dc9-08dd2376bd32,City of Midland Precinct 13,Larry Grell,Democrat,50
Representative in State Legislature 95th District (DEM),01000000-263e-b21a-7dc9-08dd2376bd32,City of Midland Precinct 13,Write-In,Democrat,0
Representative in State Legislature 95th District (DEM),01000000-263e-b21a-7dc9-08dd2376bd32,City of Midland Precinct 14,Matthew Dawson,Democrat,107
Representative in State Legislature 95th District (DEM),01000000-263e-b21a-7dc9-08dd2376bd32,City of Midland Precinct 14,Larry Grell,Democrat,54
Representative in State Legislature 95th District (DEM),01000000-263e-b21a-7dc9-08dd2376bd32,City of Midland Precinct 14,Write-In,Democrat,1
Representative in State Legislature 95th District (DEM),01000000-263e-b21a-7dc9-08dd2376bd32,City of Midland Precinct 15,Matthew Dawson,Democrat,137
Representative in State Legislature 95th District (DEM),01000000-263e-b21a-7dc9-08dd2376bd32,City of Midland Precinct 15,Larry Grell,Democrat,41
Representative in State Legislature 95th District (DEM),01000000-263e-b21a-7dc9-08dd2376bd32,City of Midland Precinct 15,Write-In,Democrat,0
Representative in State Legislature 95th District (DEM),01000000-263e-b21a-7dc9-08dd2376bd32,City of Midland Precinct 16,Matthew Dawson,Democrat,97
Representative in State Legislature 95th District (DEM),01000000-263e-b21a-7dc9-08dd2376bd32,City of Midland Precinct 16,Larry Grell,Democrat,48
Representative in State Legislature 95th District (DEM),01000000-263e-b21a-7dc9-08dd2376bd32,City of Midland Precinct 16,Write-In,Democrat,2
Representative in State Legislature 95th District (DEM),01000000-263e-b21a-7dc9-08dd2376bd32,City of Midland Precinct 17,Matthew Dawson,Democrat,99
Representative in State Legislature 95th District (DEM),01000000-263e-b21a-7dc9-08dd2376bd32,City of Midland Precinct 17,Larry Grell,Democrat,24
Representative in State Legislature 95th District (DEM),01000000-263e-b21a-7dc9-08dd2376bd32,City of Midland Precinct 17,Write-In,Democrat,1
Representative in State Legislature 95th District (DEM),01000000-263e-b21a-7dc9-08dd2376bd32,City of Midland Precinct 18,Matthew Dawson,Democrat,132
Representative in State Legislature 95th District (DEM),01000000-263e-b21a-7dc9-08dd2376bd32,City of Midland Precinct 18,Larry Grell,Democrat,52
Representative in State Legislature 95th District (DEM),01000000-263e-b21a-7dc9-08dd2376bd32,City of Midland Precinct 18,Write-In,Democrat,0
Representative in State Legislature 95th District (DEM),01000000-263e-b21a-7dc9-08dd2376bd32,City of Midland Precinct 19,Matthew Dawson,Democrat,144
Representative in State Legislature 95th District (DEM),01000000-263e-b21a-7dc9-08dd2376bd32,City of Midland Precinct 19,Larry Grell,Democrat,27
Representative in State Legislature 95th District (DEM),01000000-263e-b21a-7dc9-08dd2376bd32,City of Midland Precinct 19,Write-In,Democrat,0
Representative in State Legislature 95th District (DEM),01000000-263e-b21a-7dc9-08dd2376bd32,Edenville Township Precinct 1,Matthew Dawson,Democrat,73
Representative in State Legislature 95th District (DEM),01000000-263e-b21a-7dc9-08dd2376bd32,Edenville Township Precinct 1,Larry Grell,Democrat,50
Representative in State Legislature 95th District (DEM),01000000-263e-b21a-7dc9-08dd2376bd32,Edenville Township Precinct 1,Write-In,Democrat,1
Representative in State Legislature 95th District (DEM),01000000-263e-b21a-7dc9-08dd2376bd32,Geneva Township Precinct 1,Matthew Dawson,Democrat,61
Representative in State Legislature 95th District (DEM),01000000-263e-b21a-7dc9-08dd2376bd32,Geneva Township Precinct 1,Larry Grell,Democrat,9
Representative in State Legislature 95th District (DEM),01000000-263e-b21a-7dc9-08dd2376bd32,Geneva Township Precinct 1,Write-In,Democrat,0
Representative in State Legislature 95th District (DEM),01000000-263e-b21a-7dc9-08dd2376bd32,Greendale Township Precinct 1,Matthew Dawson,Democrat,31
Representative in State Legislature 95th District (DEM),01000000-263e-b21a-7dc9-08dd2376bd32,Greendale Township Precinct 1,Larry Grell,Democrat,22
Representative in State Legislature 95th District (DEM),01000000-263e-b21a-7dc9-08dd2376bd32,Greendale Township Precinct 1,Write-In,Democrat,0
Representative in State Legislature 95th District (DEM),01000000-263e-b21a-7dc9-08dd2376bd32,Homer Township Precinct 1,Matthew Dawson,Democrat,67
Representative in State Legislature 95th District (DEM),01000000-263e-b21a-7dc9-08dd2376bd32,Homer Township Precinct 1,Larry Grell,Democrat,19
Representative in State Legislature 95th District (DEM),01000000-263e-b21a-7dc9-08dd2376bd32,Homer Township Precinct 1,Write-In,Democrat,0
Representative in State Legislature 95th District (DEM),01000000-263e-b21a-7dc9-08dd2376bd32,Homer Township Precinct 2,Matthew Dawson,Democrat,38
Representative in State Legislature 95th District (DEM),01000000-263e-b21a-7dc9-08dd2376bd32,Homer Township Precinct 2,Larry Grell,Democrat,24
Representative in State Legislature 95th District (DEM),01000000-263e-b21a-7dc9-08dd2376bd32,Homer Township Precinct 2,Write-In,Democrat,1
Representative in State Legislature 95th District (DEM),01000000-263e-b21a-7dc9-08dd2376bd32,Homer Township Precinct 3,Matthew Dawson,Democrat,53
Representative in State Legislature 95th District (DEM),01000000-263e-b21a-7dc9-08dd2376bd32,Homer Township Precinct 3,Larry Grell,Democrat,24
Representative in State Legislature 95th District (DEM),01000000-263e-b21a-7dc9-08dd2376bd32,Homer Township Precinct 3,Write-In,Democrat,1
Representative in State Legislature 95th District (DEM),01000000-263e-b21a-7dc9-08dd2376bd32,Hope Township Precinct 1,Matthew Dawson,Democrat,25
Representative in State Legislature 95th District (DEM),01000000-263e-b21a-7dc9-08dd2376bd32,Hope Township Precinct 1,Larry Grell,Democrat,32
Representative in State Legislature 95th District (DEM),01000000-263e-b21a-7dc9-08dd2376bd32,Hope Township Precinct 1,Write-In,Democrat,0
Representative in State Legislature 95th District (DEM),01000000-263e-b21a-7dc9-08dd2376bd32,Ingersoll Township Precinct 1,Matthew Dawson,Democrat,49
Representative in State Legislature 95th District (DEM),01000000-263e-b21a-7dc9-08dd2376bd32,Ingersoll Township Precinct 1,Larry Grell,Democrat,16
Representative in State Legislature 95th District (DEM),01000000-263e-b21a-7dc9-08dd2376bd32,Ingersoll Township Precinct 1,Write-In,Democrat,0
Representative in State Legislature 95th District (DEM),01000000-263e-b21a-7dc9-08dd2376bd32,Ingersoll Township Precinct 2,Matthew Dawson,Democrat,30
Representative in State Legislature 95th District (DEM),01000000-263e-b21a-7dc9-08dd2376bd32,Ingersoll Township Precinct 2,Larry Grell,Democrat,29
Representative in State Legislature 95th District (DEM),01000000-263e-b21a-7dc9-08dd2376bd32,Ingersoll Township Precinct 2,Write-In,Democrat,0
Representative in State Legislature 95th District (DEM),01000000-263e-b21a-7dc9-08dd2376bd32,Jasper Township Precinct 1,Matthew Dawson,Democrat,39
Representative in State Legislature 95th District (DEM),01000000-263e-b21a-7dc9-08dd2376bd32,Jasper Township Precinct 1,Larry Grell,Democrat,7
Representative in State Legislature 95th District (DEM),01000000-263e-b21a-7dc9-08dd2376bd32,Jasper Township Precinct 1,Write-In,Democrat,0
Representative in State Legislature 95th District (DEM),01000000-263e-b21a-7dc9-08dd2376bd32,Jerome Township Precinct 1,Matthew Dawson,Democrat,66
Representative in State Legislature 95th District (DEM),01000000-263e-b21a-7dc9-08dd2376bd32,Jerome Township Precinct 1,Larry Grell,Democrat,58
Representative in State Legislature 95th District (DEM),01000000-263e-b21a-7dc9-08dd2376bd32,Jerome Township Precinct 1,Write-In,Democrat,0
Representative in State Legislature 95th District (DEM),01000000-263e-b21a-7dc9-08dd2376bd32,Jerome Township Precinct 2,Matthew Dawson,Democrat,81
Representative in State Legislature 95th District (DEM),01000000-263e-b21a-7dc9-08dd2376bd32,Jerome Township Precinct 2,Larry Grell,Democrat,24
Representative in State Legislature 95th District (DEM),01000000-263e-b21a-7dc9-08dd2376bd32,Jerome Township Precinct 2,Write-In,Democrat,0
Representative in State Legislature 95th District (DEM),01000000-263e-b21a-7dc9-08dd2376bd32,Larkin Township Precinct 1,Matthew Dawson,Democrat,59
Representative in State Legislature 95th District (DEM),01000000-263e-b21a-7dc9-08dd2376bd32,Larkin Township Precinct 1,Larry Grell,Democrat,35
Representative in State Legislature 95th District (DEM),01000000-263e-b21a-7dc9-08dd2376bd32,Larkin Township Precinct 1,Write-In,Democrat,0
Representative in State Legislature 95th District (DEM),01000000-263e-b21a-7dc9-08dd2376bd32,Larkin Township Precinct 2,Matthew Dawson,Democrat,67
Representative in State Legislature 95th District (DEM),01000000-263e-b21a-7dc9-08dd2376bd32,Larkin Township Precinct 2,Larry Grell,Democrat,23
Representative in State Legislature 95th District (DEM),01000000-263e-b21a-7dc9-08dd2376bd32,Larkin Township Precinct 2,Write-In,Democrat,1
Representative in State Legislature 95th District (DEM),01000000-263e-b21a-7dc9-08dd2376bd32,Larkin Township Precinct 3,Matthew Dawson,Democrat,56
Representative in State Legislature 95th District (DEM),01000000-263e-b21a-7dc9-08dd2376bd32,Larkin Township Precinct 3,Larry Grell,Democrat,27
Representative in State Legislature 95th District (DEM),01000000-263e-b21a-7dc9-08dd2376bd32,Larkin Township Precinct 3,Write-In,Democrat,1
Representative in State Legislature 95th District (DEM),01000000-263e-b21a-7dc9-08dd2376bd32,Lee Township Precinct 1,Matthew Dawson,Democrat,59
Representative in State Legislature 95th District (DEM),01000000-263e-b21a-7dc9-08dd2376bd32,Lee Township Precinct 1,Larry Grell,Democrat,11
Representative in State Legislature 95th District (DEM),01000000-263e-b21a-7dc9-08dd2376bd32,Lee Township Precinct 1,Write-In,Democrat,0
Representative in State Legislature 95th District (DEM),01000000-263e-b21a-7dc9-08dd2376bd32,Lee Township Precinct 2,Matthew Dawson,Democrat,45
Representative in State Legislature 95th District (DEM),01000000-263e-b21a-7dc9-08dd2376bd32,Lee Township Precinct 2,Larry Grell,Democrat,22
Representative in State Legislature 95th District (DEM),01000000-263e-b21a-7dc9-08dd2376bd32,Lee Township Precinct 2,Write-In,Democrat,0
Representative in State Legislature 95th District (DEM),01000000-263e-b21a-7dc9-08dd2376bd32,Lincoln Township Precinct 1,Matthew Dawson,Democrat,106
Representative in State Legislature 95th District (DEM),01000000-263e-b21a-7dc9-08dd2376bd32,Lincoln Township Precinct 1,Larry Grell,Democrat,35
Representative in State Legislature 95th District (DEM),01000000-263e-b21a-7dc9-08dd2376bd32,Lincoln Township Precinct 1,Write-In,Democrat,0
Representative in State Legislature 95th District (DEM),01000000-263e-b21a-7dc9-08dd2376bd32,Midland Township Precinct 1,Matthew Dawson,Democrat,61
Representative in State Legislature 95th District (DEM),01000000-263e-b21a-7dc9-08dd2376bd32,Midland Township Precinct 1,Larry Grell,Democrat,43
Representative in State Legislature 95th District (DEM),01000000-263e-b21a-7dc9-08dd2376bd32,Midland Township Precinct 1,Write-In,Democrat,0
Representative in State Legislature 95th District (DEM),01000000-263e-b21a-7dc9-08dd2376bd32,Mills Township Precinct 1,Matthew Dawson,Democrat,60
Representative in State Legislature 95th District (DEM),01000000-263e-b21a-7dc9-08dd2376bd32,Mills Township Precinct 1,Larry Grell,Democrat,16
Representative in State Legislature 95th District (DEM),01000000-263e-b21a-7dc9-08dd2376bd32,Mills Township Precinct 1,Write-In,Democrat,1
Representative in State Legislature 95th District (DEM),01000000-263e-b21a-7dc9-08dd2376bd32,Mt. Haley Township Precinct 1,Matthew Dawson,Democrat,53
Representative in State Legislature 95th District (DEM),01000000-263e-b21a-7dc9-08dd2376bd32,Mt. Haley Township Precinct 1,Larry Grell,Democrat,38
Representative in State Legislature 95th District (DEM),01000000-263e-b21a-7dc9-08dd2376bd32,Mt. Haley Township Precinct 1,Write-In,Democrat,1
Representative in State Legislature 95th District (DEM),01000000-263e-b21a-7dc9-08dd2376bd32,Porter Township Precinct 1,Matthew Dawson,Democrat,41
Representative in State Legislature 95th District (DEM),01000000-263e-b21a-7dc9-08dd2376bd32,Porter Township Precinct 1,Larry Grell,Democrat,11
Representative in State Legislature 95th District (DEM),01000000-263e-b21a-7dc9-08dd2376bd32,Porter Township Precinct 1,Write-In,Democrat,0
Representative in State Legislature 95th District (DEM),01000000-263e-b21a-7dc9-08dd2376bd32,Warren Township Precinct 1,Matthew Dawson,Democrat,42
Representative in State Legislature 95th District (DEM),01000000-263e-b21a-7dc9-08dd2376bd32,Warren Township Precinct 1,Larry Grell,Democrat,33
Representative in State Legislature 95th District (DEM),01000000-263e-b21a-7dc9-08dd2376bd32,Warren Township Precinct 1,Write-In,Democrat,0
Precinct Delegate for City of Midland  Precinct 3 (REP),01000000-263e-b21a-ad23-08dd2376bd74,City of Midland Precinct 3,Terra Carpenter,Republican,142
Precinct Delegate for City of Midland  Precinct 3 (REP),01000000-263e-b21a-ad23-08dd2376bd74,City of Midland Precinct 3,Kim Holzhauer,Republican,120
Precinct Delegate for City of Midland  Precinct 3 (REP),01000000-263e-b21a-ad23-08dd2376bd74,City of Midland Precinct 3,Dennis Quehl,Republican,108
Precinct Delegate for City of Midland  Precinct 3 (REP),01000000-263e-b21a-ad23-08dd2376bd74,City of Midland Precinct 3,Write-In,Republican,6
Precinct Delegate for Larkin Township  Precinct 3 (DEM),01000000-263e-b21a-27c2-08dd2376be3a,Larkin Township Precinct 3,Write-In,Democrat,14
Precinct Delegate for City of Midland  Precinct 4B (REP),01000000-263e-b21a-341b-08dd2376bd88,City of Midland Precinct 4B,Write-In,Republican,2
Precinct Delegate for Homer Township  Precinct 2 (REP),01000000-263e-b21a-66f4-08dd2376bdf7,Homer Township Precinct 2,Renita Bonadies,Republican,83
Precinct Delegate for Homer Township  Precinct 2 (REP),01000000-263e-b21a-66f4-08dd2376bdf7,Homer Township Precinct 2,William Domina,Republican,99
Precinct Delegate for Homer Township  Precinct 2 (REP),01000000-263e-b21a-66f4-08dd2376bdf7,Homer Township Precinct 2,Patricia A. Dumler,Republican,46
Precinct Delegate for Homer Township  Precinct 2 (REP),01000000-263e-b21a-66f4-08dd2376bdf7,Homer Township Precinct 2,Richard C. Dumler,Republican,44
Precinct Delegate for Homer Township  Precinct 2 (REP),01000000-263e-b21a-66f4-08dd2376bdf7,Homer Township Precinct 2,Caleb J. Hortop,Republican,68
Precinct Delegate for Homer Township  Precinct 2 (REP),01000000-263e-b21a-66f4-08dd2376bdf7,Homer Township Precinct 2,Lindsay N. Hortop,Republican,57
Precinct Delegate for Homer Township  Precinct 2 (REP),01000000-263e-b21a-66f4-08dd2376bdf7,Homer Township Precinct 2,Cynthia J. Lemen,Republican,74
Precinct Delegate for Homer Township  Precinct 2 (REP),01000000-263e-b21a-66f4-08dd2376bdf7,Homer Township Precinct 2,Val Lemen,Republican,32
Precinct Delegate for Homer Township  Precinct 2 (REP),01000000-263e-b21a-66f4-08dd2376bdf7,Homer Township Precinct 2,Write-In,Republican,3
Precinct Delegate for Homer Township  Precinct 3 (DEM),01000000-263e-b21a-102c-08dd2376bdfa,Homer Township Precinct 3,Write-In,Democrat,16
Township Treasurer for Lee Township (DEM),01000000-263e-b21a-d340-08dd2376be3e,Lee Township Precinct 1,Write-In,Democrat,24
Township Treasurer for Lee Township (DEM),01000000-263e-b21a-d340-08dd2376be3e,Lee Township Precinct 2,Write-In,Democrat,12
Precinct Delegate for Larkin Township  Precinct 3 (REP),01000000-263e-b21a-62a1-08dd2376be3c,Larkin Township Precinct 3,Laura Gray,Republican,120
Precinct Delegate for Larkin Township  Precinct 3 (REP),01000000-263e-b21a-62a1-08dd2376be3c,Larkin Township Precinct 3,Linda Horbal,Republican,151
Precinct Delegate for Larkin Township  Precinct 3 (REP),01000000-263e-b21a-62a1-08dd2376be3c,Larkin Township Precinct 3,Michael Love,Republican,111
Precinct Delegate for Larkin Township  Precinct 3 (REP),01000000-263e-b21a-62a1-08dd2376be3c,Larkin Township Precinct 3,Jessica Tefft,Republican,76
Precinct Delegate for Larkin Township  Precinct 3 (REP),01000000-263e-b21a-62a1-08dd2376be3c,Larkin Township Precinct 3,Write-In,Republican,7
Precinct Delegate for City of Midland  Precinct 13 (REP),01000000-263e-b21a-a55e-08dd2376bdb9,City of Midland Precinct 13,Bryan W. Crosby,Republican,251
Precinct Delegate for City of Midland  Precinct 13 (REP),01000000-263e-b21a-a55e-08dd2376bdb9,City of Midland Precinct 13,Cathy Lunsford,Republican,253
Precinct Delegate for City of Midland  Precinct 13 (REP),01000000-263e-b21a-a55e-08dd2376bdb9,City of Midland Precinct 13,Joe Lunsford,Republican,220
Precinct Delegate for City of Midland  Precinct 13 (REP),01000000-263e-b21a-a55e-08dd2376bdb9,City of Midland Precinct 13,Gary Quellman,Republican,213
Precinct Delegate for City of Midland  Precinct 13 (REP),01000000-263e-b21a-a55e-08dd2376bdb9,City of Midland Precinct 13,Write-In,Republican,10
Precinct Delegate for Jasper Township  Precinct 1 (REP),01000000-263e-b21a-6952-08dd2376be1c,Jasper Township Precinct 1,Write-In,Republican,6
Midland County SRO Millage Renewal Proposal,01000000-263e-b21a-c469-08dd2376bd48,City of Coleman Precinct 1,Yes,,196
Midland County SRO Millage Renewal Proposal,01000000-263e-b21a-c469-08dd2376bd48,City of Coleman Precinct 1,No,,54
Midland County SRO Millage Renewal Proposal,01000000-263e-b21a-c469-08dd2376bd48,City of Midland Precinct 1,Yes,,406
Midland County SRO Millage Renewal Proposal,01000000-263e-b21a-c469-08dd2376bd48,City of Midland Precinct 1,No,,114
Midland County SRO Millage Renewal Proposal,01000000-263e-b21a-c469-08dd2376bd48,City of Midland Precinct 2,Yes,,300
Midland County SRO Millage Renewal Proposal,01000000-263e-b21a-c469-08dd2376bd48,City of Midland Precinct 2,No,,92
Midland County SRO Millage Renewal Proposal,01000000-263e-b21a-c469-08dd2376bd48,City of Midland Precinct 3,Yes,,297
Midland County SRO Millage Renewal Proposal,01000000-263e-b21a-c469-08dd2376bd48,City of Midland Precinct 3,No,,74
Midland County SRO Millage Renewal Proposal,01000000-263e-b21a-c469-08dd2376bd48,City of Midland Precinct 4A,Yes,,155
Midland County SRO Millage Renewal Proposal,01000000-263e-b21a-c469-08dd2376bd48,City of Midland Precinct 4A,No,,37
Midland County SRO Millage Renewal Proposal,01000000-263e-b21a-c469-08dd2376bd48,City of Midland Precinct 5,Yes,,230
Midland County SRO Millage Renewal Proposal,01000000-263e-b21a-c469-08dd2376bd48,City of Midland Precinct 5,No,,59
Midland County SRO Millage Renewal Proposal,01000000-263e-b21a-c469-08dd2376bd48,City of Midland Precinct 6,Yes,,258
Midland County SRO Millage Renewal Proposal,01000000-263e-b21a-c469-08dd2376bd48,City of Midland Precinct 6,No,,80
Midland County SRO Millage Renewal Proposal,01000000-263e-b21a-c469-08dd2376bd48,City of Midland Precinct 7,Yes,,653
Midland County SRO Millage Renewal Proposal,01000000-263e-b21a-c469-08dd2376bd48,City of Midland Precinct 7,No,,197
Midland County SRO Millage Renewal Proposal,01000000-263e-b21a-c469-08dd2376bd48,City of Midland Precinct 8,Yes,,354
Midland County SRO Millage Renewal Proposal,01000000-263e-b21a-c469-08dd2376bd48,City of Midland Precinct 8,No,,102
Midland County SRO Millage Renewal Proposal,01000000-263e-b21a-c469-08dd2376bd48,City of Midland Precinct 9,Yes,,489
Midland County SRO Millage Renewal Proposal,01000000-263e-b21a-c469-08dd2376bd48,City of Midland Precinct 9,No,,133
Midland County SRO Millage Renewal Proposal,01000000-263e-b21a-c469-08dd2376bd48,City of Midland Precinct 10,Yes,,597
Midland County SRO Millage Renewal Proposal,01000000-263e-b21a-c469-08dd2376bd48,City of Midland Precinct 10,No,,147
Midland County SRO Millage Renewal Proposal,01000000-263e-b21a-c469-08dd2376bd48,City of Midland Precinct 11,Yes,,641
Midland County SRO Millage Renewal Proposal,01000000-263e-b21a-c469-08dd2376bd48,City of Midland Precinct 11,No,,169
Midland County SRO Millage Renewal Proposal,01000000-263e-b21a-c469-08dd2376bd48,City of Midland Precinct 12,Yes,,194
Midland County SRO Millage Renewal Proposal,01000000-263e-b21a-c469-08dd2376bd48,City of Midland Precinct 12,No,,37
Midland County SRO Millage Renewal Proposal,01000000-263e-b21a-c469-08dd2376bd48,City of Midland Precinct 13,Yes,,629
Midland County SRO Millage Renewal Proposal,01000000-263e-b21a-c469-08dd2376bd48,City of Midland Precinct 13,No,,129
Midland County SRO Millage Renewal Proposal,01000000-263e-b21a-c469-08dd2376bd48,City of Midland Precinct 14,Yes,,510
Midland County SRO Millage Renewal Proposal,01000000-263e-b21a-c469-08dd2376bd48,City of Midland Precinct 14,No,,123
Midland County SRO Millage Renewal Proposal,01000000-263e-b21a-c469-08dd2376bd48,City of Midland Precinct 15,Yes,,605
Midland County SRO Millage Renewal Proposal,01000000-263e-b21a-c469-08dd2376bd48,City of Midland Precinct 15,No,,149
Midland County SRO Millage Renewal Proposal,01000000-263e-b21a-c469-08dd2376bd48,City of Midland Precinct 16,Yes,,379
Midland County SRO Millage Renewal Proposal,01000000-263e-b21a-c469-08dd2376bd48,City of Midland Precinct 16,No,,81
Midland County SRO Millage Renewal Proposal,01000000-263e-b21a-c469-08dd2376bd48,City of Midland Precinct 17,Yes,,458
Midland County SRO Millage Renewal Proposal,01000000-263e-b21a-c469-08dd2376bd48,City of Midland Precinct 17,No,,107
Midland County SRO Millage Renewal Proposal,01000000-263e-b21a-c469-08dd2376bd48,City of Midland Precinct 18,Yes,,497
Midland County SRO Millage Renewal Proposal,01000000-263e-b21a-c469-08dd2376bd48,City of Midland Precinct 18,No,,154
Midland County SRO Millage Renewal Proposal,01000000-263e-b21a-c469-08dd2376bd48,City of Midland Precinct 19,Yes,,517
Midland County SRO Millage Renewal Proposal,01000000-263e-b21a-c469-08dd2376bd48,City of Midland Precinct 19,No,,123
Midland County SRO Millage Renewal Proposal,01000000-263e-b21a-c469-08dd2376bd48,Edenville Township Precinct 1,Yes,,483
Midland County SRO Millage Renewal Proposal,01000000-263e-b21a-c469-08dd2376bd48,Edenville Township Precinct 1,No,,183
Midland County SRO Millage Renewal Proposal,01000000-263e-b21a-c469-08dd2376bd48,Geneva Township Precinct 1,Yes,,224
Midland County SRO Millage Renewal Proposal,01000000-263e-b21a-c469-08dd2376bd48,Geneva Township Precinct 1,No,,99
Midland County SRO Millage Renewal Proposal,01000000-263e-b21a-c469-08dd2376bd48,Greendale Township Precinct 1,Yes,,240
Midland County SRO Millage Renewal Proposal,01000000-263e-b21a-c469-08dd2376bd48,Greendale Township Precinct 1,No,,108
Midland County SRO Millage Renewal Proposal,01000000-263e-b21a-c469-08dd2376bd48,Homer Township Precinct 1,Yes,,293
Midland County SRO Millage Renewal Proposal,01000000-263e-b21a-c469-08dd2376bd48,Homer Township Precinct 1,No,,64
Midland County SRO Millage Renewal Proposal,01000000-263e-b21a-c469-08dd2376bd48,Homer Township Precinct 2,Yes,,253
Midland County SRO Millage Renewal Proposal,01000000-263e-b21a-c469-08dd2376bd48,Homer Township Precinct 2,No,,82
Midland County SRO Millage Renewal Proposal,01000000-263e-b21a-c469-08dd2376bd48,Homer Township Precinct 3,Yes,,358
Midland County SRO Millage Renewal Proposal,01000000-263e-b21a-c469-08dd2376bd48,Homer Township Precinct 3,No,,88
Midland County SRO Millage Renewal Proposal,01000000-263e-b21a-c469-08dd2376bd48,Hope Township Precinct 1,Yes,,260
Midland County SRO Millage Renewal Proposal,01000000-263e-b21a-c469-08dd2376bd48,Hope Township Precinct 1,No,,98
Midland County SRO Millage Renewal Proposal,01000000-263e-b21a-c469-08dd2376bd48,Ingersoll Township Precinct 1,Yes,,264
Midland County SRO Millage Renewal Proposal,01000000-263e-b21a-c469-08dd2376bd48,Ingersoll Township Precinct 1,No,,101
Midland County SRO Millage Renewal Proposal,01000000-263e-b21a-c469-08dd2376bd48,Ingersoll Township Precinct 2,Yes,,190
Midland County SRO Millage Renewal Proposal,01000000-263e-b21a-c469-08dd2376bd48,Ingersoll Township Precinct 2,No,,102
Midland County SRO Millage Renewal Proposal,01000000-263e-b21a-c469-08dd2376bd48,Jasper Township Precinct 1,Yes,,131
Midland County SRO Millage Renewal Proposal,01000000-263e-b21a-c469-08dd2376bd48,Jasper Township Precinct 1,No,,82
Midland County SRO Millage Renewal Proposal,01000000-263e-b21a-c469-08dd2376bd48,Jerome Township Precinct 1,Yes,,451
Midland County SRO Millage Renewal Proposal,01000000-263e-b21a-c469-08dd2376bd48,Jerome Township Precinct 1,No,,126
Midland County SRO Millage Renewal Proposal,01000000-263e-b21a-c469-08dd2376bd48,Jerome Township Precinct 2,Yes,,410
Midland County SRO Millage Renewal Proposal,01000000-263e-b21a-c469-08dd2376bd48,Jerome Township Precinct 2,No,,133
Midland County SRO Millage Renewal Proposal,01000000-263e-b21a-c469-08dd2376bd48,Larkin Township Precinct 1,Yes,,457
Midland County SRO Millage Renewal Proposal,01000000-263e-b21a-c469-08dd2376bd48,Larkin Township Precinct 1,No,,125
Midland County SRO Millage Renewal Proposal,01000000-263e-b21a-c469-08dd2376bd48,Larkin Township Precinct 2,Yes,,398
Midland County SRO Millage Renewal Proposal,01000000-263e-b21a-c469-08dd2376bd48,Larkin Township Precinct 2,No,,104
Midland County SRO Millage Renewal Proposal,01000000-263e-b21a-c469-08dd2376bd48,Larkin Township Precinct 3,Yes,,388
Midland County SRO Millage Renewal Proposal,01000000-263e-b21a-c469-08dd2376bd48,Larkin Township Precinct 3,No,,85
Midland County SRO Millage Renewal Proposal,01000000-263e-b21a-c469-08dd2376bd48,Lee Township Precinct 1,Yes,,330
Midland County SRO Millage Renewal Proposal,01000000-263e-b21a-c469-08dd2376bd48,Lee Township Precinct 1,No,,148
Midland County SRO Millage Renewal Proposal,01000000-263e-b21a-c469-08dd2376bd48,Lee Township Precinct 2,Yes,,336
Midland County SRO Millage Renewal Proposal,01000000-263e-b21a-c469-08dd2376bd48,Lee Township Precinct 2,No,,109
Midland County SRO Millage Renewal Proposal,01000000-263e-b21a-c469-08dd2376bd48,Lincoln Township Precinct 1,Yes,,574
Midland County SRO Millage Renewal Proposal,01000000-263e-b21a-c469-08dd2376bd48,Lincoln Township Precinct 1,No,,171
Midland County SRO Millage Renewal Proposal,01000000-263e-b21a-c469-08dd2376bd48,Midland Township Precinct 1,Yes,,434
Midland County SRO Millage Renewal Proposal,01000000-263e-b21a-c469-08dd2376bd48,Midland Township Precinct 1,No,,103
Midland County SRO Millage Renewal Proposal,01000000-263e-b21a-c469-08dd2376bd48,Mills Township Precinct 1,Yes,,296
Midland County SRO Millage Renewal Proposal,01000000-263e-b21a-c469-08dd2376bd48,Mills Township Precinct 1,No,,149
Midland County SRO Millage Renewal Proposal,01000000-263e-b21a-c469-08dd2376bd48,Mt. Haley Township Precinct 1,Yes,,299
Midland County SRO Millage Renewal Proposal,01000000-263e-b21a-c469-08dd2376bd48,Mt. Haley Township Precinct 1,No,,105
Midland County SRO Millage Renewal Proposal,01000000-263e-b21a-c469-08dd2376bd48,Porter Township Precinct 1,Yes,,140
Midland County SRO Millage Renewal Proposal,01000000-263e-b21a-c469-08dd2376bd48,Porter Township Precinct 1,No,,119
Midland County SRO Millage Renewal Proposal,01000000-263e-b21a-c469-08dd2376bd48,Warren Township Precinct 1,Yes,,371
Midland County SRO Millage Renewal Proposal,01000000-263e-b21a-c469-08dd2376bd48,Warren Township Precinct 1,No,,141
State Senator 34th District (REP),01000000-263e-b21a-bd00-08dd2376bd3d,City of Coleman Precinct 1,Roger Hauck,Republican,143
State Senator 34th District (REP),01000000-263e-b21a-bd00-08dd2376bd3d,City of Coleman Precinct 1,Lisa M. Sowers,Republican,19
State Senator 34th District (REP),01000000-263e-b21a-bd00-08dd2376bd3d,City of Coleman Precinct 1,Write-In,Republican,0
State Senator 34th District (REP),01000000-263e-b21a-bd00-08dd2376bd3d,Edenville Township Precinct 1,Roger Hauck,Republican,382
State Senator 34th District (REP),01000000-263e-b21a-bd00-08dd2376bd3d,Edenville Township Precinct 1,Lisa M. Sowers,Republican,91
State Senator 34th District (REP),01000000-263e-b21a-bd00-08dd2376bd3d,Edenville Township Precinct 1,Write-In,Republican,3
State Senator 34th District (REP),01000000-263e-b21a-bd00-08dd2376bd3d,Geneva Township Precinct 1,Roger Hauck,Republican,186
State Senator 34th District (REP),01000000-263e-b21a-bd00-08dd2376bd3d,Geneva Township Precinct 1,Lisa M. Sowers,Republican,36
State Senator 34th District (REP),01000000-263e-b21a-bd00-08dd2376bd3d,Geneva Township Precinct 1,Write-In,Republican,0
State Senator 34th District (REP),01000000-263e-b21a-bd00-08dd2376bd3d,Greendale Township Precinct 1,Roger Hauck,Republican,229
State Senator 34th District (REP),01000000-263e-b21a-bd00-08dd2376bd3d,Greendale Township Precinct 1,Lisa M. Sowers,Republican,48
State Senator 34th District (REP),01000000-263e-b21a-bd00-08dd2376bd3d,Greendale Township Precinct 1,Write-In,Republican,0
State Senator 34th District (REP),01000000-263e-b21a-bd00-08dd2376bd3d,Hope Township Precinct 1,Roger Hauck,Republican,235
State Senator 34th District (REP),01000000-263e-b21a-bd00-08dd2376bd3d,Hope Township Precinct 1,Lisa M. Sowers,Republican,36
State Senator 34th District (REP),01000000-263e-b21a-bd00-08dd2376bd3d,Hope Township Precinct 1,Write-In,Republican,1
State Senator 34th District (REP),01000000-263e-b21a-bd00-08dd2376bd3d,Jasper Township Precinct 1,Roger Hauck,Republican,129
State Senator 34th District (REP),01000000-263e-b21a-bd00-08dd2376bd3d,Jasper Township Precinct 1,Lisa M. Sowers,Republican,32
State Senator 34th District (REP),01000000-263e-b21a-bd00-08dd2376bd3d,Jasper Township Precinct 1,Write-In,Republican,0
State Senator 34th District (REP),01000000-263e-b21a-bd00-08dd2376bd3d,Jerome Township Precinct 1,Roger Hauck,Republican,292
State Senator 34th District (REP),01000000-263e-b21a-bd00-08dd2376bd3d,Jerome Township Precinct 1,Lisa M. Sowers,Republican,64
State Senator 34th District (REP),01000000-263e-b21a-bd00-08dd2376bd3d,Jerome Township Precinct 1,Write-In,Republican,1
State Senator 34th District (REP),01000000-263e-b21a-bd00-08dd2376bd3d,Jerome Township Precinct 2,Roger Hauck,Republican,284
State Senator 34th District (REP),01000000-263e-b21a-bd00-08dd2376bd3d,Jerome Township Precinct 2,Lisa M. Sowers,Republican,63
State Senator 34th District (REP),01000000-263e-b21a-bd00-08dd2376bd3d,Jerome Township Precinct 2,Write-In,Republican,2
State Senator 34th District (REP),01000000-263e-b21a-bd00-08dd2376bd3d,Lee Township Precinct 1,Roger Hauck,Republican,258
State Senator 34th District (REP),01000000-263e-b21a-bd00-08dd2376bd3d,Lee Township Precinct 1,Lisa M. Sowers,Republican,69
State Senator 34th District (REP),01000000-263e-b21a-bd00-08dd2376bd3d,Lee Township Precinct 1,Write-In,Republican,1
State Senator 34th District (REP),01000000-263e-b21a-bd00-08dd2376bd3d,Lee Township Precinct 2,Roger Hauck,Republican,231
State Senator 34th District (REP),01000000-263e-b21a-bd00-08dd2376bd3d,Lee Township Precinct 2,Lisa M. Sowers,Republican,73
State Senator 34th District (REP),01000000-263e-b21a-bd00-08dd2376bd3d,Lee Township Precinct 2,Write-In,Republican,1
State Senator 34th District (REP),01000000-263e-b21a-bd00-08dd2376bd3d,Mills Township Precinct 1,Roger Hauck,Republican,272
State Senator 34th District (REP),01000000-263e-b21a-bd00-08dd2376bd3d,Mills Township Precinct 1,Lisa M. Sowers,Republican,59
State Senator 34th District (REP),01000000-263e-b21a-bd00-08dd2376bd3d,Mills Township Precinct 1,Write-In,Republican,1
State Senator 34th District (REP),01000000-263e-b21a-bd00-08dd2376bd3d,Porter Township Precinct 1,Roger Hauck,Republican,143
State Senator 34th District (REP),01000000-263e-b21a-bd00-08dd2376bd3d,Porter Township Precinct 1,Lisa M. Sowers,Republican,44
State Senator 34th District (REP),01000000-263e-b21a-bd00-08dd2376bd3d,Porter Township Precinct 1,Write-In,Republican,1
State Senator 34th District (REP),01000000-263e-b21a-bd00-08dd2376bd3d,Warren Township Precinct 1,Roger Hauck,Republican,310
State Senator 34th District (REP),01000000-263e-b21a-bd00-08dd2376bd3d,Warren Township Precinct 1,Lisa M. Sowers,Republican,66
State Senator 34th District (REP),01000000-263e-b21a-bd00-08dd2376bd3d,Warren Township Precinct 1,Write-In,Republican,2
Precinct Delegate for Warren Township  Precinct 1 (REP),01000000-263e-b21a-26d6-08dd2376be72,Warren Township Precinct 1,Jennifer M. Anway,Republican,221
Precinct Delegate for Warren Township  Precinct 1 (REP),01000000-263e-b21a-26d6-08dd2376be72,Warren Township Precinct 1,Stanley E. Anway,Republican,198
Precinct Delegate for Warren Township  Precinct 1 (REP),01000000-263e-b21a-26d6-08dd2376be72,Warren Township Precinct 1,Write-In,Republican,4
Precinct Delegate for Homer Township  Precinct 1 (DEM),01000000-263e-b21a-f9a8-08dd2376bdef,Homer Township Precinct 1,Write-In,Democrat,19
County Commissioner 4th District (DEM),01000000-263e-b21a-d2dd-08dd2376bd6a,City of Midland Precinct 2,Connie H. Glave,Democrat,130
County Commissioner 4th District (DEM),01000000-263e-b21a-d2dd-08dd2376bd6a,City of Midland Precinct 2,Write-In,Democrat,1
County Commissioner 4th District (DEM),01000000-263e-b21a-d2dd-08dd2376bd6a,City of Midland Precinct 3,Connie H. Glave,Democrat,97
County Commissioner 4th District (DEM),01000000-263e-b21a-d2dd-08dd2376bd6a,City of Midland Precinct 3,Write-In,Democrat,0
County Commissioner 4th District (DEM),01000000-263e-b21a-d2dd-08dd2376bd6a,City of Midland Precinct 4A,Connie H. Glave,Democrat,56
County Commissioner 4th District (DEM),01000000-263e-b21a-d2dd-08dd2376bd6a,City of Midland Precinct 4A,Write-In,Democrat,0
County Commissioner 4th District (DEM),01000000-263e-b21a-d2dd-08dd2376bd6a,Ingersoll Township Precinct 1,Connie H. Glave,Democrat,66
County Commissioner 4th District (DEM),01000000-263e-b21a-d2dd-08dd2376bd6a,Ingersoll Township Precinct 1,Write-In,Democrat,0
County Commissioner 4th District (DEM),01000000-263e-b21a-d2dd-08dd2376bd6a,Ingersoll Township Precinct 2,Connie H. Glave,Democrat,61
County Commissioner 4th District (DEM),01000000-263e-b21a-d2dd-08dd2376bd6a,Ingersoll Township Precinct 2,Write-In,Democrat,0
County Commissioner 4th District (DEM),01000000-263e-b21a-d2dd-08dd2376bd6a,Midland Township Precinct 1,Connie H. Glave,Democrat,106
County Commissioner 4th District (DEM),01000000-263e-b21a-d2dd-08dd2376bd6a,Midland Township Precinct 1,Write-In,Democrat,0
County Commissioner 4th District (DEM),01000000-263e-b21a-d2dd-08dd2376bd6a,Mt. Haley Township Precinct 1,Connie H. Glave,Democrat,94
County Commissioner 4th District (DEM),01000000-263e-b21a-d2dd-08dd2376bd6a,Mt. Haley Township Precinct 1,Write-In,Democrat,0
Precinct Delegate for City of Midland  Precinct 8 (DEM),01000000-263e-b21a-1244-08dd2376bd9b,City of Midland Precinct 8,Write-In,Democrat,13
Precinct Delegate for Jerome Township  Precinct 1 (REP),01000000-263e-b21a-f837-08dd2376be29,Jerome Township Precinct 1,Abigail R. Ieuter,Republican,200
Precinct Delegate for Jerome Township  Precinct 1 (REP),01000000-263e-b21a-f837-08dd2376be29,Jerome Township Precinct 1,Karl T. Ieuter,Republican,228
Precinct Delegate for Jerome Township  Precinct 1 (REP),01000000-263e-b21a-f837-08dd2376be29,Jerome Township Precinct 1,Carol Park,Republican,224
Precinct Delegate for Jerome Township  Precinct 1 (REP),01000000-263e-b21a-f837-08dd2376be29,Jerome Township Precinct 1,Write-In,Republican,13
Precinct Delegate for City of Midland  Precinct 9 (REP),01000000-263e-b21a-d648-08dd2376bda0,City of Midland Precinct 9,Meagan Baranek,Republican,175
Precinct Delegate for City of Midland  Precinct 9 (REP),01000000-263e-b21a-d648-08dd2376bda0,City of Midland Precinct 9,Julie Carey,Republican,180
Precinct Delegate for City of Midland  Precinct 9 (REP),01000000-263e-b21a-d648-08dd2376bda0,City of Midland Precinct 9,Ashley Rapanos,Republican,159
Precinct Delegate for City of Midland  Precinct 9 (REP),01000000-263e-b21a-d648-08dd2376bda0,City of Midland Precinct 9,Matt Rapanos,Republican,158
Precinct Delegate for City of Midland  Precinct 9 (REP),01000000-263e-b21a-d648-08dd2376bda0,City of Midland Precinct 9,Bill Schuette,Republican,281
Precinct Delegate for City of Midland  Precinct 9 (REP),01000000-263e-b21a-d648-08dd2376bda0,City of Midland Precinct 9,Write-In,Republican,7
Precinct Delegate for City of Midland  Precinct 17 (REP),01000000-263e-b21a-78ae-08dd2376bdca,City of Midland Precinct 17,Diane M. Bristol,Republican,138
Precinct Delegate for City of Midland  Precinct 17 (REP),01000000-263e-b21a-78ae-08dd2376bdca,City of Midland Precinct 17,Luke Derheim,Republican,85
Precinct Delegate for City of Midland  Precinct 17 (REP),01000000-263e-b21a-78ae-08dd2376bdca,City of Midland Precinct 17,Stephanie L. Gomola,Republican,108
Precinct Delegate for City of Midland  Precinct 17 (REP),01000000-263e-b21a-78ae-08dd2376bdca,City of Midland Precinct 17,Amy E. Herman,Republican,108
Precinct Delegate for City of Midland  Precinct 17 (REP),01000000-263e-b21a-78ae-08dd2376bdca,City of Midland Precinct 17,William C. Lauderbach,Republican,157
Precinct Delegate for City of Midland  Precinct 17 (REP),01000000-263e-b21a-78ae-08dd2376bdca,City of Midland Precinct 17,Chris Moultrup,Republican,113
Precinct Delegate for City of Midland  Precinct 17 (REP),01000000-263e-b21a-78ae-08dd2376bdca,City of Midland Precinct 17,Write-In,Republican,1
Representative in Congress 8th District (REP),01000000-263e-b21a-84d2-08dd2376bd61,City of Midland Precinct 1,Paul Junge,Republican,166
Representative in Congress 8th District (REP),01000000-263e-b21a-84d2-08dd2376bd61,City of Midland Precinct 1,Candice Miller,Republican,71
Representative in Congress 8th District (REP),01000000-263e-b21a-84d2-08dd2376bd61,City of Midland Precinct 1,Matthew Seely,Republican,72
Representative in Congress 8th District (REP),01000000-263e-b21a-84d2-08dd2376bd61,City of Midland Precinct 1,Write-In,Republican,2
Representative in Congress 8th District (REP),01000000-263e-b21a-84d2-08dd2376bd61,City of Midland Precinct 2,Paul Junge,Republican,113
Representative in Congress 8th District (REP),01000000-263e-b21a-84d2-08dd2376bd61,City of Midland Precinct 2,Candice Miller,Republican,60
Representative in Congress 8th District (REP),01000000-263e-b21a-84d2-08dd2376bd61,City of Midland Precinct 2,Matthew Seely,Republican,54
Representative in Congress 8th District (REP),01000000-263e-b21a-84d2-08dd2376bd61,City of Midland Precinct 2,Write-In,Republican,0
Representative in Congress 8th District (REP),01000000-263e-b21a-84d2-08dd2376bd61,City of Midland Precinct 3,Paul Junge,Republican,120
Representative in Congress 8th District (REP),01000000-263e-b21a-84d2-08dd2376bd61,City of Midland Precinct 3,Candice Miller,Republican,57
Representative in Congress 8th District (REP),01000000-263e-b21a-84d2-08dd2376bd61,City of Midland Precinct 3,Matthew Seely,Republican,59
Representative in Congress 8th District (REP),01000000-263e-b21a-84d2-08dd2376bd61,City of Midland Precinct 3,Write-In,Republican,3
Representative in Congress 8th District (REP),01000000-263e-b21a-84d2-08dd2376bd61,City of Midland Precinct 4A,Paul Junge,Republican,55
Representative in Congress 8th District (REP),01000000-263e-b21a-84d2-08dd2376bd61,City of Midland Precinct 4A,Candice Miller,Republican,23
Representative in Congress 8th District (REP),01000000-263e-b21a-84d2-08dd2376bd61,City of Midland Precinct 4A,Matthew Seely,Republican,36
Representative in Congress 8th District (REP),01000000-263e-b21a-84d2-08dd2376bd61,City of Midland Precinct 4A,Write-In,Republican,0
Representative in Congress 8th District (REP),01000000-263e-b21a-84d2-08dd2376bd61,City of Midland Precinct 4B,Paul Junge,Republican,8
Representative in Congress 8th District (REP),01000000-263e-b21a-84d2-08dd2376bd61,City of Midland Precinct 4B,Candice Miller,Republican,1
Representative in Congress 8th District (REP),01000000-263e-b21a-84d2-08dd2376bd61,City of Midland Precinct 4B,Matthew Seely,Republican,7
Representative in Congress 8th District (REP),01000000-263e-b21a-84d2-08dd2376bd61,City of Midland Precinct 4B,Write-In,Republican,0
Representative in Congress 8th District (REP),01000000-263e-b21a-84d2-08dd2376bd61,City of Midland Precinct 5,Paul Junge,Republican,98
Representative in Congress 8th District (REP),01000000-263e-b21a-84d2-08dd2376bd61,City of Midland Precinct 5,Candice Miller,Republican,44
Representative in Congress 8th District (REP),01000000-263e-b21a-84d2-08dd2376bd61,City of Midland Precinct 5,Matthew Seely,Republican,38
Representative in Congress 8th District (REP),01000000-263e-b21a-84d2-08dd2376bd61,City of Midland Precinct 5,Write-In,Republican,0
Representative in Congress 8th District (REP),01000000-263e-b21a-84d2-08dd2376bd61,City of Midland Precinct 6,Paul Junge,Republican,124
Representative in Congress 8th District (REP),01000000-263e-b21a-84d2-08dd2376bd61,City of Midland Precinct 6,Candice Miller,Republican,59
Representative in Congress 8th District (REP),01000000-263e-b21a-84d2-08dd2376bd61,City of Midland Precinct 6,Matthew Seely,Republican,31
Representative in Congress 8th District (REP),01000000-263e-b21a-84d2-08dd2376bd61,City of Midland Precinct 6,Write-In,Republican,1
Representative in Congress 8th District (REP),01000000-263e-b21a-84d2-08dd2376bd61,City of Midland Precinct 7,Paul Junge,Republican,244
Representative in Congress 8th District (REP),01000000-263e-b21a-84d2-08dd2376bd61,City of Midland Precinct 7,Candice Miller,Republican,160
Representative in Congress 8th District (REP),01000000-263e-b21a-84d2-08dd2376bd61,City of Midland Precinct 7,Matthew Seely,Republican,102
Representative in Congress 8th District (REP),01000000-263e-b21a-84d2-08dd2376bd61,City of Midland Precinct 7,Write-In,Republican,2
Representative in Congress 8th District (REP),01000000-263e-b21a-84d2-08dd2376bd61,City of Midland Precinct 8,Paul Junge,Republican,111
Representative in Congress 8th District (REP),01000000-263e-b21a-84d2-08dd2376bd61,City of Midland Precinct 8,Candice Miller,Republican,62
Representative in Congress 8th District (REP),01000000-263e-b21a-84d2-08dd2376bd61,City of Midland Precinct 8,Matthew Seely,Republican,87
Representative in Congress 8th District (REP),01000000-263e-b21a-84d2-08dd2376bd61,City of Midland Precinct 8,Write-In,Republican,1
Representative in Congress 8th District (REP),01000000-263e-b21a-84d2-08dd2376bd61,City of Midland Precinct 9,Paul Junge,Republican,236
Representative in Congress 8th District (REP),01000000-263e-b21a-84d2-08dd2376bd61,City of Midland Precinct 9,Candice Miller,Republican,85
Representative in Congress 8th District (REP),01000000-263e-b21a-84d2-08dd2376bd61,City of Midland Precinct 9,Matthew Seely,Republican,71
Representative in Congress 8th District (REP),01000000-263e-b21a-84d2-08dd2376bd61,City of Midland Precinct 9,Write-In,Republican,1
Representative in Congress 8th District (REP),01000000-263e-b21a-84d2-08dd2376bd61,City of Midland Precinct 10,Paul Junge,Republican,246
Representative in Congress 8th District (REP),01000000-263e-b21a-84d2-08dd2376bd61,City of Midland Precinct 10,Candice Miller,Republican,152
Representative in Congress 8th District (REP),01000000-263e-b21a-84d2-08dd2376bd61,City of Midland Precinct 10,Matthew Seely,Republican,71
Representative in Congress 8th District (REP),01000000-263e-b21a-84d2-08dd2376bd61,City of Midland Precinct 10,Write-In,Republican,3
Representative in Congress 8th District (REP),01000000-263e-b21a-84d2-08dd2376bd61,City of Midland Precinct 11,Paul Junge,Republican,301
Representative in Congress 8th District (REP),01000000-263e-b21a-84d2-08dd2376bd61,City of Midland Precinct 11,Candice Miller,Republican,143
Representative in Congress 8th District (REP),01000000-263e-b21a-84d2-08dd2376bd61,City of Midland Precinct 11,Matthew Seely,Republican,86
Representative in Congress 8th District (REP),01000000-263e-b21a-84d2-08dd2376bd61,City of Midland Precinct 11,Write-In,Republican,5
Representative in Congress 8th District (REP),01000000-263e-b21a-84d2-08dd2376bd61,City of Midland Precinct 12,Paul Junge,Republican,93
Representative in Congress 8th District (REP),01000000-263e-b21a-84d2-08dd2376bd61,City of Midland Precinct 12,Candice Miller,Republican,27
Representative in Congress 8th District (REP),01000000-263e-b21a-84d2-08dd2376bd61,City of Midland Precinct 12,Matthew Seely,Republican,22
Representative in Congress 8th District (REP),01000000-263e-b21a-84d2-08dd2376bd61,City of Midland Precinct 12,Write-In,Republican,1
Representative in Congress 8th District (REP),01000000-263e-b21a-84d2-08dd2376bd61,City of Midland Precinct 13,Paul Junge,Republican,216
Representative in Congress 8th District (REP),01000000-263e-b21a-84d2-08dd2376bd61,City of Midland Precinct 13,Candice Miller,Republican,121
Representative in Congress 8th District (REP),01000000-263e-b21a-84d2-08dd2376bd61,City of Midland Precinct 13,Matthew Seely,Republican,99
Representative in Congress 8th District (REP),01000000-263e-b21a-84d2-08dd2376bd61,City of Midland Precinct 13,Write-In,Republican,5
Representative in Congress 8th District (REP),01000000-263e-b21a-84d2-08dd2376bd61,City of Midland Precinct 14,Paul Junge,Republican,225
Representative in Congress 8th District (REP),01000000-263e-b21a-84d2-08dd2376bd61,City of Midland Precinct 14,Candice Miller,Republican,114
Representative in Congress 8th District (REP),01000000-263e-b21a-84d2-08dd2376bd61,City of Midland Precinct 14,Matthew Seely,Republican,66
Representative in Congress 8th District (REP),01000000-263e-b21a-84d2-08dd2376bd61,City of Midland Precinct 14,Write-In,Republican,1
Representative in Congress 8th District (REP),01000000-263e-b21a-84d2-08dd2376bd61,City of Midland Precinct 15,Paul Junge,Republican,264
Representative in Congress 8th District (REP),01000000-263e-b21a-84d2-08dd2376bd61,City of Midland Precinct 15,Candice Miller,Republican,139
Representative in Congress 8th District (REP),01000000-263e-b21a-84d2-08dd2376bd61,City of Midland Precinct 15,Matthew Seely,Republican,64
Representative in Congress 8th District (REP),01000000-263e-b21a-84d2-08dd2376bd61,City of Midland Precinct 15,Write-In,Republican,5
Representative in Congress 8th District (REP),01000000-263e-b21a-84d2-08dd2376bd61,City of Midland Precinct 16,Paul Junge,Republican,121
Representative in Congress 8th District (REP),01000000-263e-b21a-84d2-08dd2376bd61,City of Midland Precinct 16,Candice Miller,Republican,63
Representative in Congress 8th District (REP),01000000-263e-b21a-84d2-08dd2376bd61,City of Midland Precinct 16,Matthew Seely,Republican,63
Representative in Congress 8th District (REP),01000000-263e-b21a-84d2-08dd2376bd61,City of Midland Precinct 16,Write-In,Republican,3
Representative in Congress 8th District (REP),01000000-263e-b21a-84d2-08dd2376bd61,City of Midland Precinct 17,Paul Junge,Republican,198
Representative in Congress 8th District (REP),01000000-263e-b21a-84d2-08dd2376bd61,City of Midland Precinct 17,Candice Miller,Republican,84
Representative in Congress 8th District (REP),01000000-263e-b21a-84d2-08dd2376bd61,City of Midland Precinct 17,Matthew Seely,Republican,56
Representative in Congress 8th District (REP),01000000-263e-b21a-84d2-08dd2376bd61,City of Midland Precinct 17,Write-In,Republican,3
Representative in Congress 8th District (REP),01000000-263e-b21a-84d2-08dd2376bd61,City of Midland Precinct 18,Paul Junge,Republican,238
Representative in Congress 8th District (REP),01000000-263e-b21a-84d2-08dd2376bd61,City of Midland Precinct 18,Candice Miller,Republican,96
Representative in Congress 8th District (REP),01000000-263e-b21a-84d2-08dd2376bd61,City of Midland Precinct 18,Matthew Seely,Republican,52
Representative in Congress 8th District (REP),01000000-263e-b21a-84d2-08dd2376bd61,City of Midland Precinct 18,Write-In,Republican,2
Representative in Congress 8th District (REP),01000000-263e-b21a-84d2-08dd2376bd61,City of Midland Precinct 19,Paul Junge,Republican,195
Representative in Congress 8th District (REP),01000000-263e-b21a-84d2-08dd2376bd61,City of Midland Precinct 19,Candice Miller,Republican,113
Representative in Congress 8th District (REP),01000000-263e-b21a-84d2-08dd2376bd61,City of Midland Precinct 19,Matthew Seely,Republican,75
Representative in Congress 8th District (REP),01000000-263e-b21a-84d2-08dd2376bd61,City of Midland Precinct 19,Write-In,Republican,5
Representative in Congress 8th District (REP),01000000-263e-b21a-84d2-08dd2376bd61,Homer Township Precinct 1,Paul Junge,Republican,133
Representative in Congress 8th District (REP),01000000-263e-b21a-84d2-08dd2376bd61,Homer Township Precinct 1,Candice Miller,Republican,58
Representative in Congress 8th District (REP),01000000-263e-b21a-84d2-08dd2376bd61,Homer Township Precinct 1,Matthew Seely,Republican,48
Representative in Congress 8th District (REP),01000000-263e-b21a-84d2-08dd2376bd61,Homer Township Precinct 1,Write-In,Republican,0
Representative in Congress 8th District (REP),01000000-263e-b21a-84d2-08dd2376bd61,Homer Township Precinct 2,Paul Junge,Republican,122
Representative in Congress 8th District (REP),01000000-263e-b21a-84d2-08dd2376bd61,Homer Township Precinct 2,Candice Miller,Republican,35
Representative in Congress 8th District (REP),01000000-263e-b21a-84d2-08dd2376bd61,Homer Township Precinct 2,Matthew Seely,Republican,80
Representative in Congress 8th District (REP),01000000-263e-b21a-84d2-08dd2376bd61,Homer Township Precinct 2,Write-In,Republican,1
Representative in Congress 8th District (REP),01000000-263e-b21a-84d2-08dd2376bd61,Homer Township Precinct 3,Paul Junge,Republican,164
Representative in Congress 8th District (REP),01000000-263e-b21a-84d2-08dd2376bd61,Homer Township Precinct 3,Candice Miller,Republican,93
Representative in Congress 8th District (REP),01000000-263e-b21a-84d2-08dd2376bd61,Homer Township Precinct 3,Matthew Seely,Republican,62
Representative in Congress 8th District (REP),01000000-263e-b21a-84d2-08dd2376bd61,Homer Township Precinct 3,Write-In,Republican,1
Representative in Congress 8th District (REP),01000000-263e-b21a-84d2-08dd2376bd61,Hope Township Precinct 1,Paul Junge,Republican,133
Representative in Congress 8th District (REP),01000000-263e-b21a-84d2-08dd2376bd61,Hope Township Precinct 1,Candice Miller,Republican,74
Representative in Congress 8th District (REP),01000000-263e-b21a-84d2-08dd2376bd61,Hope Township Precinct 1,Matthew Seely,Republican,74
Representative in Congress 8th District (REP),01000000-263e-b21a-84d2-08dd2376bd61,Hope Township Precinct 1,Write-In,Republican,0
Representative in Congress 8th District (REP),01000000-263e-b21a-84d2-08dd2376bd61,Ingersoll Township Precinct 1,Paul Junge,Republican,171
Representative in Congress 8th District (REP),01000000-263e-b21a-84d2-08dd2376bd61,Ingersoll Township Precinct 1,Candice Miller,Republican,54
Representative in Congress 8th District (REP),01000000-263e-b21a-84d2-08dd2376bd61,Ingersoll Township Precinct 1,Matthew Seely,Republican,40
Representative in Congress 8th District (REP),01000000-263e-b21a-84d2-08dd2376bd61,Ingersoll Township Precinct 1,Write-In,Republican,1
Representative in Congress 8th District (REP),01000000-263e-b21a-84d2-08dd2376bd61,Ingersoll Township Precinct 2,Paul Junge,Republican,122
Representative in Congress 8th District (REP),01000000-263e-b21a-84d2-08dd2376bd61,Ingersoll Township Precinct 2,Candice Miller,Republican,45
Representative in Congress 8th District (REP),01000000-263e-b21a-84d2-08dd2376bd61,Ingersoll Township Precinct 2,Matthew Seely,Republican,29
Representative in Congress 8th District (REP),01000000-263e-b21a-84d2-08dd2376bd61,Ingersoll Township Precinct 2,Write-In,Republican,2
Representative in Congress 8th District (REP),01000000-263e-b21a-84d2-08dd2376bd61,Jerome Township Precinct 1,Paul Junge,Republican,201
Representative in Congress 8th District (REP),01000000-263e-b21a-84d2-08dd2376bd61,Jerome Township Precinct 1,Candice Miller,Republican,95
Representative in Congress 8th District (REP),01000000-263e-b21a-84d2-08dd2376bd61,Jerome Township Precinct 1,Matthew Seely,Republican,83
Representative in Congress 8th District (REP),01000000-263e-b21a-84d2-08dd2376bd61,Jerome Township Precinct 1,Write-In,Republican,2
Representative in Congress 8th District (REP),01000000-263e-b21a-84d2-08dd2376bd61,Jerome Township Precinct 2,Paul Junge,Republican,198
Representative in Congress 8th District (REP),01000000-263e-b21a-84d2-08dd2376bd61,Jerome Township Precinct 2,Candice Miller,Republican,74
Representative in Congress 8th District (REP),01000000-263e-b21a-84d2-08dd2376bd61,Jerome Township Precinct 2,Matthew Seely,Republican,103
Representative in Congress 8th District (REP),01000000-263e-b21a-84d2-08dd2376bd61,Jerome Township Precinct 2,Write-In,Republican,2
Representative in Congress 8th District (REP),01000000-263e-b21a-84d2-08dd2376bd61,Larkin Township Precinct 1,Paul Junge,Republican,235
Representative in Congress 8th District (REP),01000000-263e-b21a-84d2-08dd2376bd61,Larkin Township Precinct 1,Candice Miller,Republican,122
Representative in Congress 8th District (REP),01000000-263e-b21a-84d2-08dd2376bd61,Larkin Township Precinct 1,Matthew Seely,Republican,64
Representative in Congress 8th District (REP),01000000-263e-b21a-84d2-08dd2376bd61,Larkin Township Precinct 1,Write-In,Republican,1
Representative in Congress 8th District (REP),01000000-263e-b21a-84d2-08dd2376bd61,Larkin Township Precinct 2,Paul Junge,Republican,230
Representative in Congress 8th District (REP),01000000-263e-b21a-84d2-08dd2376bd61,Larkin Township Precinct 2,Candice Miller,Republican,79
Representative in Congress 8th District (REP),01000000-263e-b21a-84d2-08dd2376bd61,Larkin Township Precinct 2,Matthew Seely,Republican,46
Representative in Congress 8th District (REP),01000000-263e-b21a-84d2-08dd2376bd61,Larkin Township Precinct 2,Write-In,Republican,0
Representative in Congress 8th District (REP),01000000-263e-b21a-84d2-08dd2376bd61,Larkin Township Precinct 3,Paul Junge,Republican,202
Representative in Congress 8th District (REP),01000000-263e-b21a-84d2-08dd2376bd61,Larkin Township Precinct 3,Candice Miller,Republican,81
Representative in Congress 8th District (REP),01000000-263e-b21a-84d2-08dd2376bd61,Larkin Township Precinct 3,Matthew Seely,Republican,44
Representative in Congress 8th District (REP),01000000-263e-b21a-84d2-08dd2376bd61,Larkin Township Precinct 3,Write-In,Republican,3
Representative in Congress 8th District (REP),01000000-263e-b21a-84d2-08dd2376bd61,Lee Township Precinct 1,Paul Junge,Republican,155
Representative in Congress 8th District (REP),01000000-263e-b21a-84d2-08dd2376bd61,Lee Township Precinct 1,Candice Miller,Republican,58
Representative in Congress 8th District (REP),01000000-263e-b21a-84d2-08dd2376bd61,Lee Township Precinct 1,Matthew Seely,Republican,122
Representative in Congress 8th District (REP),01000000-263e-b21a-84d2-08dd2376bd61,Lee Township Precinct 1,Write-In,Republican,0
Representative in Congress 8th District (REP),01000000-263e-b21a-84d2-08dd2376bd61,Lee Township Precinct 2,Paul Junge,Republican,177
Representative in Congress 8th District (REP),01000000-263e-b21a-84d2-08dd2376bd61,Lee Township Precinct 2,Candice Miller,Republican,72
Representative in Congress 8th District (REP),01000000-263e-b21a-84d2-08dd2376bd61,Lee Township Precinct 2,Matthew Seely,Republican,75
Representative in Congress 8th District (REP),01000000-263e-b21a-84d2-08dd2376bd61,Lee Township Precinct 2,Write-In,Republican,1
Representative in Congress 8th District (REP),01000000-263e-b21a-84d2-08dd2376bd61,Lincoln Township Precinct 1,Paul Junge,Republican,326
Representative in Congress 8th District (REP),01000000-263e-b21a-84d2-08dd2376bd61,Lincoln Township Precinct 1,Candice Miller,Republican,95
Representative in Congress 8th District (REP),01000000-263e-b21a-84d2-08dd2376bd61,Lincoln Township Precinct 1,Matthew Seely,Republican,105
Representative in Congress 8th District (REP),01000000-263e-b21a-84d2-08dd2376bd61,Lincoln Township Precinct 1,Write-In,Republican,0
Representative in Congress 8th District (REP),01000000-263e-b21a-84d2-08dd2376bd61,Midland Township Precinct 1,Paul Junge,Republican,212
Representative in Congress 8th District (REP),01000000-263e-b21a-84d2-08dd2376bd61,Midland Township Precinct 1,Candice Miller,Republican,98
Representative in Congress 8th District (REP),01000000-263e-b21a-84d2-08dd2376bd61,Midland Township Precinct 1,Matthew Seely,Republican,61
Representative in Congress 8th District (REP),01000000-263e-b21a-84d2-08dd2376bd61,Midland Township Precinct 1,Write-In,Republican,2
Representative in Congress 8th District (REP),01000000-263e-b21a-84d2-08dd2376bd61,Mills Township Precinct 1,Paul Junge,Republican,187
Representative in Congress 8th District (REP),01000000-263e-b21a-84d2-08dd2376bd61,Mills Township Precinct 1,Candice Miller,Republican,66
Representative in Congress 8th District (REP),01000000-263e-b21a-84d2-08dd2376bd61,Mills Township Precinct 1,Matthew Seely,Republican,75
Representative in Congress 8th District (REP),01000000-263e-b21a-84d2-08dd2376bd61,Mills Township Precinct 1,Write-In,Republican,0
Representative in Congress 8th District (REP),01000000-263e-b21a-84d2-08dd2376bd61,Mt. Haley Township Precinct 1,Paul Junge,Republican,151
Representative in Congress 8th District (REP),01000000-263e-b21a-84d2-08dd2376bd61,Mt. Haley Township Precinct 1,Candice Miller,Republican,61
Representative in Congress 8th District (REP),01000000-263e-b21a-84d2-08dd2376bd61,Mt. Haley Township Precinct 1,Matthew Seely,Republican,63
Representative in Congress 8th District (REP),01000000-263e-b21a-84d2-08dd2376bd61,Mt. Haley Township Precinct 1,Write-In,Republican,1
Representative in Congress 8th District (REP),01000000-263e-b21a-84d2-08dd2376bd61,Porter Township Precinct 1,Paul Junge,Republican,105
Representative in Congress 8th District (REP),01000000-263e-b21a-84d2-08dd2376bd61,Porter Township Precinct 1,Candice Miller,Republican,39
Representative in Congress 8th District (REP),01000000-263e-b21a-84d2-08dd2376bd61,Porter Township Precinct 1,Matthew Seely,Republican,44
Representative in Congress 8th District (REP),01000000-263e-b21a-84d2-08dd2376bd61,Porter Township Precinct 1,Write-In,Republican,1
County Commissioner 4th District (REP),01000000-263e-b21a-ca82-08dd2376bd6e,City of Midland Precinct 2,Gaye Terwillegar,Republican,199
County Commissioner 4th District (REP),01000000-263e-b21a-ca82-08dd2376bd6e,City of Midland Precinct 2,Write-In,Republican,2
County Commissioner 4th District (REP),01000000-263e-b21a-ca82-08dd2376bd6e,City of Midland Precinct 3,Gaye Terwillegar,Republican,207
County Commissioner 4th District (REP),01000000-263e-b21a-ca82-08dd2376bd6e,City of Midland Precinct 3,Write-In,Republican,6
County Commissioner 4th District (REP),01000000-263e-b21a-ca82-08dd2376bd6e,City of Midland Precinct 4A,Gaye Terwillegar,Republican,102
County Commissioner 4th District (REP),01000000-263e-b21a-ca82-08dd2376bd6e,City of Midland Precinct 4A,Write-In,Republican,0
County Commissioner 4th District (REP),01000000-263e-b21a-ca82-08dd2376bd6e,Ingersoll Township Precinct 1,Gaye Terwillegar,Republican,221
County Commissioner 4th District (REP),01000000-263e-b21a-ca82-08dd2376bd6e,Ingersoll Township Precinct 1,Write-In,Republican,0
County Commissioner 4th District (REP),01000000-263e-b21a-ca82-08dd2376bd6e,Ingersoll Township Precinct 2,Gaye Terwillegar,Republican,156
County Commissioner 4th District (REP),01000000-263e-b21a-ca82-08dd2376bd6e,Ingersoll Township Precinct 2,Write-In,Republican,3
County Commissioner 4th District (REP),01000000-263e-b21a-ca82-08dd2376bd6e,Midland Township Precinct 1,Gaye Terwillegar,Republican,314
County Commissioner 4th District (REP),01000000-263e-b21a-ca82-08dd2376bd6e,Midland Township Precinct 1,Write-In,Republican,4
County Commissioner 4th District (REP),01000000-263e-b21a-ca82-08dd2376bd6e,Mt. Haley Township Precinct 1,Gaye Terwillegar,Republican,246
County Commissioner 4th District (REP),01000000-263e-b21a-ca82-08dd2376bd6e,Mt. Haley Township Precinct 1,Write-In,Republican,6
Precinct Delegate for Warren Township  Precinct 1 (DEM),01000000-263e-b21a-e598-08dd2376be6f,Warren Township Precinct 1,Write-In,Democrat,22
Breckenridge Community Schools Operating Millage Renewal Proposal,01000000-263e-b21a-4968-08dd2376bdeb,Greendale Township Precinct 1,Yes,,1
Breckenridge Community Schools Operating Millage Renewal Proposal,01000000-263e-b21a-4968-08dd2376bdeb,Greendale Township Precinct 1,No,,0
Breckenridge Community Schools Operating Millage Renewal Proposal,01000000-263e-b21a-4968-08dd2376bdeb,Jasper Township Precinct 1,Yes,,48
Breckenridge Community Schools Operating Millage Renewal Proposal,01000000-263e-b21a-4968-08dd2376bdeb,Jasper Township Precinct 1,No,,44
Breckenridge Community Schools Operating Millage Renewal Proposal,01000000-263e-b21a-4968-08dd2376bdeb,Lee Township Precinct 2,Yes,,54
Breckenridge Community Schools Operating Millage Renewal Proposal,01000000-263e-b21a-4968-08dd2376bdeb,Lee Township Precinct 2,No,,31
Breckenridge Community Schools Operating Millage Renewal Proposal,01000000-263e-b21a-4968-08dd2376bdeb,Mt. Haley Township Precinct 1,Yes,,26
Breckenridge Community Schools Operating Millage Renewal Proposal,01000000-263e-b21a-4968-08dd2376bdeb,Mt. Haley Township Precinct 1,No,,6
Breckenridge Community Schools Operating Millage Renewal Proposal,01000000-263e-b21a-4968-08dd2376bdeb,Porter Township Precinct 1,Yes,,133
Breckenridge Community Schools Operating Millage Renewal Proposal,01000000-263e-b21a-4968-08dd2376bdeb,Porter Township Precinct 1,No,,93
Precinct Delegate for Midland Township  Precinct 1 (REP),01000000-263e-b21a-8baf-08dd2376be58,Midland Township Precinct 1,Wendy Brand,Republican,180
Precinct Delegate for Midland Township  Precinct 1 (REP),01000000-263e-b21a-8baf-08dd2376be58,Midland Township Precinct 1,Patricia A. Hartnagle,Republican,216
Precinct Delegate for Midland Township  Precinct 1 (REP),01000000-263e-b21a-8baf-08dd2376be58,Midland Township Precinct 1,Diane M. Popp,Republican,161
Precinct Delegate for Midland Township  Precinct 1 (REP),01000000-263e-b21a-8baf-08dd2376be58,Midland Township Precinct 1,Write-In,Republican,9
Precinct Delegate for City of Midland  Precinct 4B (DEM),01000000-263e-b21a-5e92-08dd2376bd80,City of Midland Precinct 4B,Write-In,Democrat,0
Precinct Delegate for City of Midland  Precinct 6 (DEM),01000000-263e-b21a-74d1-08dd2376bd92,City of Midland Precinct 6,Write-In,Democrat,5
Precinct Delegate for Edenville Township  Precinct 1 (REP),01000000-263e-b21a-76a1-08dd2376bdd8,Edenville Township Precinct 1,Melissa J. Anderson,Republican,196
Precinct Delegate for Edenville Township  Precinct 1 (REP),01000000-263e-b21a-76a1-08dd2376bdd8,Edenville Township Precinct 1,Carter Houtman,Republican,197
Precinct Delegate for Edenville Township  Precinct 1 (REP),01000000-263e-b21a-76a1-08dd2376bdd8,Edenville Township Precinct 1,James Lloyd Ives,Republican,169
Precinct Delegate for Edenville Township  Precinct 1 (REP),01000000-263e-b21a-76a1-08dd2376bdd8,Edenville Township Precinct 1,Deborah S. Moore,Republican,185
Precinct Delegate for Edenville Township  Precinct 1 (REP),01000000-263e-b21a-76a1-08dd2376bdd8,Edenville Township Precinct 1,Jeanette M. Snyder,Republican,224
Precinct Delegate for Edenville Township  Precinct 1 (REP),01000000-263e-b21a-76a1-08dd2376bdd8,Edenville Township Precinct 1,Steve Snyder,Republican,206
Precinct Delegate for Edenville Township  Precinct 1 (REP),01000000-263e-b21a-76a1-08dd2376bdd8,Edenville Township Precinct 1,Diana S. Treadway,Republican,173
Precinct Delegate for Edenville Township  Precinct 1 (REP),01000000-263e-b21a-76a1-08dd2376bdd8,Edenville Township Precinct 1,Write-In,Republican,9
Precinct Delegate for City of Midland  Precinct 5 (DEM),01000000-263e-b21a-07ba-08dd2376bd8c,City of Midland Precinct 5,Write-In,Democrat,1
Precinct Delegate for Ingersoll Township  Precinct 2 (REP),01000000-263e-b21a-d329-08dd2376be17,Ingersoll Township Precinct 2,Donald Terwillegar,Republican,121
Precinct Delegate for Ingersoll Township  Precinct 2 (REP),01000000-263e-b21a-d329-08dd2376be17,Ingersoll Township Precinct 2,Gaye Terwillegar,Republican,108
Precinct Delegate for Ingersoll Township  Precinct 2 (REP),01000000-263e-b21a-d329-08dd2376be17,Ingersoll Township Precinct 2,Jacob Terwillegar,Republican,117
Precinct Delegate for Ingersoll Township  Precinct 2 (REP),01000000-263e-b21a-d329-08dd2376be17,Ingersoll Township Precinct 2,Write-In,Republican,1
Precinct Delegate for City of Midland  Precinct 3 (DEM),01000000-263e-b21a-b9dc-08dd2376bd72,City of Midland Precinct 3,Write-In,Democrat,9
Representative in Congress 2nd District (REP),01000000-263e-b21a-c9f6-08dd2376bd3b,City of Coleman Precinct 1,John Moolenaar,Republican,136
Representative in Congress 2nd District (REP),01000000-263e-b21a-c9f6-08dd2376bd3b,City of Coleman Precinct 1,Thomas J. Norton,Republican,25
Representative in Congress 2nd District (REP),01000000-263e-b21a-c9f6-08dd2376bd3b,City of Coleman Precinct 1,Write-In,Republican,0
Representative in Congress 2nd District (REP),01000000-263e-b21a-c9f6-08dd2376bd3b,Edenville Township Precinct 1,John Moolenaar,Republican,385
Representative in Congress 2nd District (REP),01000000-263e-b21a-c9f6-08dd2376bd3b,Edenville Township Precinct 1,Thomas J. Norton,Republican,103
Representative in Congress 2nd District (REP),01000000-263e-b21a-c9f6-08dd2376bd3b,Edenville Township Precinct 1,Write-In,Republican,0
Representative in Congress 2nd District (REP),01000000-263e-b21a-c9f6-08dd2376bd3b,Geneva Township Precinct 1,John Moolenaar,Republican,174
Representative in Congress 2nd District (REP),01000000-263e-b21a-c9f6-08dd2376bd3b,Geneva Township Precinct 1,Thomas J. Norton,Republican,46
Representative in Congress 2nd District (REP),01000000-263e-b21a-c9f6-08dd2376bd3b,Geneva Township Precinct 1,Write-In,Republican,1
Representative in Congress 2nd District (REP),01000000-263e-b21a-c9f6-08dd2376bd3b,Greendale Township Precinct 1,John Moolenaar,Republican,197
Representative in Congress 2nd District (REP),01000000-263e-b21a-c9f6-08dd2376bd3b,Greendale Township Precinct 1,Thomas J. Norton,Republican,87
Representative in Congress 2nd District (REP),01000000-263e-b21a-c9f6-08dd2376bd3b,Greendale Township Precinct 1,Write-In,Republican,0
Representative in Congress 2nd District (REP),01000000-263e-b21a-c9f6-08dd2376bd3b,Jasper Township Precinct 1,John Moolenaar,Republican,123
Representative in Congress 2nd District (REP),01000000-263e-b21a-c9f6-08dd2376bd3b,Jasper Township Precinct 1,Thomas J. Norton,Republican,37
Representative in Congress 2nd District (REP),01000000-263e-b21a-c9f6-08dd2376bd3b,Jasper Township Precinct 1,Write-In,Republican,0
Representative in Congress 2nd District (REP),01000000-263e-b21a-c9f6-08dd2376bd3b,Warren Township Precinct 1,John Moolenaar,Republican,286
Representative in Congress 2nd District (REP),01000000-263e-b21a-c9f6-08dd2376bd3b,Warren Township Precinct 1,Thomas J. Norton,Republican,102
Representative in Congress 2nd District (REP),01000000-263e-b21a-c9f6-08dd2376bd3b,Warren Township Precinct 1,Write-In,Republican,1
Representative in Congress 8th District (DEM),01000000-263e-b21a-7d51-08dd2376bd58,City of Midland Precinct 1,Daniel T. Kildee,Democrat,175
Representative in Congress 8th District (DEM),01000000-263e-b21a-7d51-08dd2376bd58,City of Midland Precinct 1,Write-In,Democrat,0
Representative in Congress 8th District (DEM),01000000-263e-b21a-7d51-08dd2376bd58,City of Midland Precinct 2,Daniel T. Kildee,Democrat,139
Representative in Congress 8th District (DEM),01000000-263e-b21a-7d51-08dd2376bd58,City of Midland Precinct 2,Write-In,Democrat,1
Representative in Congress 8th District (DEM),01000000-263e-b21a-7d51-08dd2376bd58,City of Midland Precinct 3,Daniel T. Kildee,Democrat,106
Representative in Congress 8th District (DEM),01000000-263e-b21a-7d51-08dd2376bd58,City of Midland Precinct 3,Write-In,Democrat,0
Representative in Congress 8th District (DEM),01000000-263e-b21a-7d51-08dd2376bd58,City of Midland Precinct 4A,Daniel T. Kildee,Democrat,58
Representative in Congress 8th District (DEM),01000000-263e-b21a-7d51-08dd2376bd58,City of Midland Precinct 4A,Write-In,Democrat,0
Representative in Congress 8th District (DEM),01000000-263e-b21a-7d51-08dd2376bd58,City of Midland Precinct 4B,Daniel T. Kildee,Democrat,5
Representative in Congress 8th District (DEM),01000000-263e-b21a-7d51-08dd2376bd58,City of Midland Precinct 4B,Write-In,Democrat,0
Representative in Congress 8th District (DEM),01000000-263e-b21a-7d51-08dd2376bd58,City of Midland Precinct 5,Daniel T. Kildee,Democrat,72
Representative in Congress 8th District (DEM),01000000-263e-b21a-7d51-08dd2376bd58,City of Midland Precinct 5,Write-In,Democrat,0
Representative in Congress 8th District (DEM),01000000-263e-b21a-7d51-08dd2376bd58,City of Midland Precinct 6,Daniel T. Kildee,Democrat,74
Representative in Congress 8th District (DEM),01000000-263e-b21a-7d51-08dd2376bd58,City of Midland Precinct 6,Write-In,Democrat,0
Representative in Congress 8th District (DEM),01000000-263e-b21a-7d51-08dd2376bd58,City of Midland Precinct 7,Daniel T. Kildee,Democrat,221
Representative in Congress 8th District (DEM),01000000-263e-b21a-7d51-08dd2376bd58,City of Midland Precinct 7,Write-In,Democrat,0
Representative in Congress 8th District (DEM),01000000-263e-b21a-7d51-08dd2376bd58,City of Midland Precinct 8,Daniel T. Kildee,Democrat,149
Representative in Congress 8th District (DEM),01000000-263e-b21a-7d51-08dd2376bd58,City of Midland Precinct 8,Write-In,Democrat,0
Representative in Congress 8th District (DEM),01000000-263e-b21a-7d51-08dd2376bd58,City of Midland Precinct 9,Daniel T. Kildee,Democrat,167
Representative in Congress 8th District (DEM),01000000-263e-b21a-7d51-08dd2376bd58,City of Midland Precinct 9,Write-In,Democrat,0
Representative in Congress 8th District (DEM),01000000-263e-b21a-7d51-08dd2376bd58,City of Midland Precinct 10,Daniel T. Kildee,Democrat,184
Representative in Congress 8th District (DEM),01000000-263e-b21a-7d51-08dd2376bd58,City of Midland Precinct 10,Write-In,Democrat,0
Representative in Congress 8th District (DEM),01000000-263e-b21a-7d51-08dd2376bd58,City of Midland Precinct 11,Daniel T. Kildee,Democrat,170
Representative in Congress 8th District (DEM),01000000-263e-b21a-7d51-08dd2376bd58,City of Midland Precinct 11,Write-In,Democrat,1
Representative in Congress 8th District (DEM),01000000-263e-b21a-7d51-08dd2376bd58,City of Midland Precinct 12,Daniel T. Kildee,Democrat,69
Representative in Congress 8th District (DEM),01000000-263e-b21a-7d51-08dd2376bd58,City of Midland Precinct 12,Write-In,Democrat,0
Representative in Congress 8th District (DEM),01000000-263e-b21a-7d51-08dd2376bd58,City of Midland Precinct 13,Daniel T. Kildee,Democrat,229
Representative in Congress 8th District (DEM),01000000-263e-b21a-7d51-08dd2376bd58,City of Midland Precinct 13,Write-In,Democrat,0
Representative in Congress 8th District (DEM),01000000-263e-b21a-7d51-08dd2376bd58,City of Midland Precinct 14,Daniel T. Kildee,Democrat,180
Representative in Congress 8th District (DEM),01000000-263e-b21a-7d51-08dd2376bd58,City of Midland Precinct 14,Write-In,Democrat,0
Representative in Congress 8th District (DEM),01000000-263e-b21a-7d51-08dd2376bd58,City of Midland Precinct 15,Daniel T. Kildee,Democrat,206
Representative in Congress 8th District (DEM),01000000-263e-b21a-7d51-08dd2376bd58,City of Midland Precinct 15,Write-In,Democrat,0
Representative in Congress 8th District (DEM),01000000-263e-b21a-7d51-08dd2376bd58,City of Midland Precinct 16,Daniel T. Kildee,Democrat,163
Representative in Congress 8th District (DEM),01000000-263e-b21a-7d51-08dd2376bd58,City of Midland Precinct 16,Write-In,Democrat,0
Representative in Congress 8th District (DEM),01000000-263e-b21a-7d51-08dd2376bd58,City of Midland Precinct 17,Daniel T. Kildee,Democrat,146
Representative in Congress 8th District (DEM),01000000-263e-b21a-7d51-08dd2376bd58,City of Midland Precinct 17,Write-In,Democrat,0
Representative in Congress 8th District (DEM),01000000-263e-b21a-7d51-08dd2376bd58,City of Midland Precinct 18,Daniel T. Kildee,Democrat,195
Representative in Congress 8th District (DEM),01000000-263e-b21a-7d51-08dd2376bd58,City of Midland Precinct 18,Write-In,Democrat,0
Representative in Congress 8th District (DEM),01000000-263e-b21a-7d51-08dd2376bd58,City of Midland Precinct 19,Daniel T. Kildee,Democrat,183
Representative in Congress 8th District (DEM),01000000-263e-b21a-7d51-08dd2376bd58,City of Midland Precinct 19,Write-In,Democrat,0
Representative in Congress 8th District (DEM),01000000-263e-b21a-7d51-08dd2376bd58,Homer Township Precinct 1,Daniel T. Kildee,Democrat,95
Representative in Congress 8th District (DEM),01000000-263e-b21a-7d51-08dd2376bd58,Homer Township Precinct 1,Write-In,Democrat,1
Representative in Congress 8th District (DEM),01000000-263e-b21a-7d51-08dd2376bd58,Homer Township Precinct 2,Daniel T. Kildee,Democrat,66
Representative in Congress 8th District (DEM),01000000-263e-b21a-7d51-08dd2376bd58,Homer Township Precinct 2,Write-In,Democrat,2
Representative in Congress 8th District (DEM),01000000-263e-b21a-7d51-08dd2376bd58,Homer Township Precinct 3,Daniel T. Kildee,Democrat,86
Representative in Congress 8th District (DEM),01000000-263e-b21a-7d51-08dd2376bd58,Homer Township Precinct 3,Write-In,Democrat,1
Representative in Congress 8th District (DEM),01000000-263e-b21a-7d51-08dd2376bd58,Hope Township Precinct 1,Daniel T. Kildee,Democrat,67
Representative in Congress 8th District (DEM),01000000-263e-b21a-7d51-08dd2376bd58,Hope Township Precinct 1,Write-In,Democrat,0
Representative in Congress 8th District (DEM),01000000-263e-b21a-7d51-08dd2376bd58,Ingersoll Township Precinct 1,Daniel T. Kildee,Democrat,76
Representative in Congress 8th District (DEM),01000000-263e-b21a-7d51-08dd2376bd58,Ingersoll Township Precinct 1,Write-In,Democrat,0
Representative in Congress 8th District (DEM),01000000-263e-b21a-7d51-08dd2376bd58,Ingersoll Township Precinct 2,Daniel T. Kildee,Democrat,63
Representative in Congress 8th District (DEM),01000000-263e-b21a-7d51-08dd2376bd58,Ingersoll Township Precinct 2,Write-In,Democrat,0
Representative in Congress 8th District (DEM),01000000-263e-b21a-7d51-08dd2376bd58,Jerome Township Precinct 1,Daniel T. Kildee,Democrat,142
Representative in Congress 8th District (DEM),01000000-263e-b21a-7d51-08dd2376bd58,Jerome Township Precinct 1,Write-In,Democrat,0
Representative in Congress 8th District (DEM),01000000-263e-b21a-7d51-08dd2376bd58,Jerome Township Precinct 2,Daniel T. Kildee,Democrat,119
Representative in Congress 8th District (DEM),01000000-263e-b21a-7d51-08dd2376bd58,Jerome Township Precinct 2,Write-In,Democrat,0
Representative in Congress 8th District (DEM),01000000-263e-b21a-7d51-08dd2376bd58,Larkin Township Precinct 1,Daniel T. Kildee,Democrat,103
Representative in Congress 8th District (DEM),01000000-263e-b21a-7d51-08dd2376bd58,Larkin Township Precinct 1,Write-In,Democrat,0
Representative in Congress 8th District (DEM),01000000-263e-b21a-7d51-08dd2376bd58,Larkin Township Precinct 2,Daniel T. Kildee,Democrat,100
Representative in Congress 8th District (DEM),01000000-263e-b21a-7d51-08dd2376bd58,Larkin Township Precinct 2,Write-In,Democrat,0
Representative in Congress 8th District (DEM),01000000-263e-b21a-7d51-08dd2376bd58,Larkin Township Precinct 3,Daniel T. Kildee,Democrat,100
Representative in Congress 8th District (DEM),01000000-263e-b21a-7d51-08dd2376bd58,Larkin Township Precinct 3,Write-In,Democrat,0
Representative in Congress 8th District (DEM),01000000-263e-b21a-7d51-08dd2376bd58,Lee Township Precinct 1,Daniel T. Kildee,Democrat,79
Representative in Congress 8th District (DEM),01000000-263e-b21a-7d51-08dd2376bd58,Lee Township Precinct 1,Write-In,Democrat,0
Representative in Congress 8th District (DEM),01000000-263e-b21a-7d51-08dd2376bd58,Lee Township Precinct 2,Daniel T. Kildee,Democrat,72
Representative in Congress 8th District (DEM),01000000-263e-b21a-7d51-08dd2376bd58,Lee Township Precinct 2,Write-In,Democrat,0
Representative in Congress 8th District (DEM),01000000-263e-b21a-7d51-08dd2376bd58,Lincoln Township Precinct 1,Daniel T. Kildee,Democrat,157
Representative in Congress 8th District (DEM),01000000-263e-b21a-7d51-08dd2376bd58,Lincoln Township Precinct 1,Write-In,Democrat,0
Representative in Congress 8th District (DEM),01000000-263e-b21a-7d51-08dd2376bd58,Midland Township Precinct 1,Daniel T. Kildee,Democrat,117
Representative in Congress 8th District (DEM),01000000-263e-b21a-7d51-08dd2376bd58,Midland Township Precinct 1,Write-In,Democrat,0
Representative in Congress 8th District (DEM),01000000-263e-b21a-7d51-08dd2376bd58,Mills Township Precinct 1,Daniel T. Kildee,Democrat,85
Representative in Congress 8th District (DEM),01000000-263e-b21a-7d51-08dd2376bd58,Mills Township Precinct 1,Write-In,Democrat,1
Representative in Congress 8th District (DEM),01000000-263e-b21a-7d51-08dd2376bd58,Mt. Haley Township Precinct 1,Daniel T. Kildee,Democrat,99
Representative in Congress 8th District (DEM),01000000-263e-b21a-7d51-08dd2376bd58,Mt. Haley Township Precinct 1,Write-In,Democrat,0
Representative in Congress 8th District (DEM),01000000-263e-b21a-7d51-08dd2376bd58,Porter Township Precinct 1,Daniel T. Kildee,Democrat,58
Representative in Congress 8th District (DEM),01000000-263e-b21a-7d51-08dd2376bd58,Porter Township Precinct 1,Write-In,Democrat,0
Township Clerk for Jerome Township (DEM),01000000-263e-b21a-9a76-08dd2376be1e,Jerome Township Precinct 1,Write-In,Democrat,32
Township Clerk for Jerome Township (DEM),01000000-263e-b21a-9a76-08dd2376be1e,Jerome Township Precinct 2,Write-In,Democrat,34
Precinct Delegate for Geneva Township  Precinct 1 (REP),01000000-263e-b21a-066a-08dd2376bddd,Geneva Township Precinct 1,Heather Bovee,Republican,152
Precinct Delegate for Geneva Township  Precinct 1 (REP),01000000-263e-b21a-066a-08dd2376bddd,Geneva Township Precinct 1,Carolyn Whitmore,Republican,88
Precinct Delegate for Geneva Township  Precinct 1 (REP),01000000-263e-b21a-066a-08dd2376bddd,Geneva Township Precinct 1,Jeremy Whitmore,Republican,88
Precinct Delegate for Geneva Township  Precinct 1 (REP),01000000-263e-b21a-066a-08dd2376bddd,Geneva Township Precinct 1,Write-In,Republican,0
County Commissioner 3rd District (DEM),01000000-263e-b21a-4053-08dd2376bddf,Greendale Township Precinct 1,Write-In,Democrat,17
County Commissioner 3rd District (DEM),01000000-263e-b21a-4053-08dd2376bddf,Homer Township Precinct 1,Write-In,Democrat,20
County Commissioner 3rd District (DEM),01000000-263e-b21a-4053-08dd2376bddf,Homer Township Precinct 2,Write-In,Democrat,20
County Commissioner 3rd District (DEM),01000000-263e-b21a-4053-08dd2376bddf,Homer Township Precinct 3,Write-In,Democrat,16
County Commissioner 3rd District (DEM),01000000-263e-b21a-4053-08dd2376bddf,Jasper Township Precinct 1,Write-In,Democrat,8
County Commissioner 3rd District (DEM),01000000-263e-b21a-4053-08dd2376bddf,Lee Township Precinct 1,Write-In,Democrat,25
County Commissioner 3rd District (DEM),01000000-263e-b21a-4053-08dd2376bddf,Lee Township Precinct 2,Write-In,Democrat,13
County Commissioner 3rd District (DEM),01000000-263e-b21a-4053-08dd2376bddf,Porter Township Precinct 1,Write-In,Democrat,13
County Commissioner 7th District (DEM),01000000-263e-b21a-7ed1-08dd2376bd5d,City of Midland Precinct 1,Alaynah Smith,Democrat,168
County Commissioner 7th District (DEM),01000000-263e-b21a-7ed1-08dd2376bd5d,City of Midland Precinct 1,Write-In,Democrat,1
County Commissioner 7th District (DEM),01000000-263e-b21a-7ed1-08dd2376bd5d,City of Midland Precinct 7,Alaynah Smith,Democrat,212
County Commissioner 7th District (DEM),01000000-263e-b21a-7ed1-08dd2376bd5d,City of Midland Precinct 7,Write-In,Democrat,0
County Commissioner 7th District (DEM),01000000-263e-b21a-7ed1-08dd2376bd5d,City of Midland Precinct 8,Alaynah Smith,Democrat,138
County Commissioner 7th District (DEM),01000000-263e-b21a-7ed1-08dd2376bd5d,City of Midland Precinct 8,Write-In,Democrat,0
County Commissioner 7th District (DEM),01000000-263e-b21a-7ed1-08dd2376bd5d,City of Midland Precinct 16,Alaynah Smith,Democrat,152
County Commissioner 7th District (DEM),01000000-263e-b21a-7ed1-08dd2376bd5d,City of Midland Precinct 16,Write-In,Democrat,1
County Commissioner 7th District (DEM),01000000-263e-b21a-7ed1-08dd2376bd5d,City of Midland Precinct 17,Alaynah Smith,Democrat,128
County Commissioner 7th District (DEM),01000000-263e-b21a-7ed1-08dd2376bd5d,City of Midland Precinct 17,Write-In,Democrat,1
Precinct Delegate for City of Midland  Precinct 11 (REP),01000000-263e-b21a-2719-08dd2376bda9,City of Midland Precinct 11,Geralyn P. BoBo,Republican,78
Precinct Delegate for City of Midland  Precinct 11 (REP),01000000-263e-b21a-2719-08dd2376bda9,City of Midland Precinct 11,Todd M. Gambrell,Republican,267
Precinct Delegate for City of Midland  Precinct 11 (REP),01000000-263e-b21a-2719-08dd2376bda9,City of Midland Precinct 11,Jon Lauderbach,Republican,330
Precinct Delegate for City of Midland  Precinct 11 (REP),01000000-263e-b21a-2719-08dd2376bda9,City of Midland Precinct 11,Cathy Leikhim,Republican,151
Precinct Delegate for City of Midland  Precinct 11 (REP),01000000-263e-b21a-2719-08dd2376bda9,City of Midland Precinct 11,Ann Manary,Republican,349
Precinct Delegate for City of Midland  Precinct 11 (REP),01000000-263e-b21a-2719-08dd2376bda9,City of Midland Precinct 11,Christian Velasquez,Republican,338
Precinct Delegate for City of Midland  Precinct 11 (REP),01000000-263e-b21a-2719-08dd2376bda9,City of Midland Precinct 11,Timothy H. Zerull,Republican,125
Precinct Delegate for City of Midland  Precinct 11 (REP),01000000-263e-b21a-2719-08dd2376bda9,City of Midland Precinct 11,Write-In,Republican,11
Coleman Community Schools Operating Millage Renewal Proposal,01000000-263e-b21a-50a4-08dd2376bd53,City of Coleman Precinct 1,Yes,,171
Coleman Community Schools Operating Millage Renewal Proposal,01000000-263e-b21a-50a4-08dd2376bd53,City of Coleman Precinct 1,No,,69
Coleman Community Schools Operating Millage Renewal Proposal,01000000-263e-b21a-50a4-08dd2376bd53,Edenville Township Precinct 1,Yes,,30
Coleman Community Schools Operating Millage Renewal Proposal,01000000-263e-b21a-50a4-08dd2376bd53,Edenville Township Precinct 1,No,,10
Coleman Community Schools Operating Millage Renewal Proposal,01000000-263e-b21a-50a4-08dd2376bd53,Geneva Township Precinct 1,Yes,,163
Coleman Community Schools Operating Millage Renewal Proposal,01000000-263e-b21a-50a4-08dd2376bd53,Geneva Township Precinct 1,No,,137
Coleman Community Schools Operating Millage Renewal Proposal,01000000-263e-b21a-50a4-08dd2376bd53,Greendale Township Precinct 1,Yes,,24
Coleman Community Schools Operating Millage Renewal Proposal,01000000-263e-b21a-50a4-08dd2376bd53,Greendale Township Precinct 1,No,,14
Coleman Community Schools Operating Millage Renewal Proposal,01000000-263e-b21a-50a4-08dd2376bd53,Jerome Township Precinct 2,Yes,,47
Coleman Community Schools Operating Millage Renewal Proposal,01000000-263e-b21a-50a4-08dd2376bd53,Jerome Township Precinct 2,No,,33
Coleman Community Schools Operating Millage Renewal Proposal,01000000-263e-b21a-50a4-08dd2376bd53,Warren Township Precinct 1,Yes,,315
Coleman Community Schools Operating Millage Renewal Proposal,01000000-263e-b21a-50a4-08dd2376bd53,Warren Township Precinct 1,No,,169
Precinct Delegate for City of Midland  Precinct 15 (DEM),01000000-263e-b21a-0f20-08dd2376bdc0,City of Midland Precinct 15,Sara B. Clavez,Democrat,183
Precinct Delegate for City of Midland  Precinct 15 (DEM),01000000-263e-b21a-0f20-08dd2376bdc0,City of Midland Precinct 15,Write-In,Democrat,0
Precinct Delegate for City of Coleman  Precinct 1 (DEM),01000000-263e-b21a-c881-08dd2376bd36,City of Coleman Precinct 1,Write-In,Democrat,21
Precinct Delegate for City of Coleman  Precinct 1 (REP),01000000-263e-b21a-5599-08dd2376bd44,City of Coleman Precinct 1,Write-In,Republican,7
Precinct Delegate for City of Midland  Precinct 12 (REP),01000000-263e-b21a-b80c-08dd2376bdb1,City of Midland Precinct 12,Write-In,Republican,6
Precinct Delegate for Ingersoll Township  Precinct 1 (REP),01000000-263e-b21a-cbb9-08dd2376be0e,Ingersoll Township Precinct 1,Bob Dvorak,Republican,160
Precinct Delegate for Ingersoll Township  Precinct 1 (REP),01000000-263e-b21a-cbb9-08dd2376be0e,Ingersoll Township Precinct 1,Valerie Dvorak,Republican,159
Precinct Delegate for Ingersoll Township  Precinct 1 (REP),01000000-263e-b21a-cbb9-08dd2376be0e,Ingersoll Township Precinct 1,Charles Tabb,Republican,166
Precinct Delegate for Ingersoll Township  Precinct 1 (REP),01000000-263e-b21a-cbb9-08dd2376be0e,Ingersoll Township Precinct 1,Mary Ann Tabb,Republican,164
Precinct Delegate for Ingersoll Township  Precinct 1 (REP),01000000-263e-b21a-cbb9-08dd2376be0e,Ingersoll Township Precinct 1,Write-In,Republican,0
Precinct Delegate for City of Midland  Precinct 14 (REP),01000000-263e-b21a-cdf3-08dd2376bdbd,City of Midland Precinct 14,Donald Deibert,Republican,153
Precinct Delegate for City of Midland  Precinct 14 (REP),01000000-263e-b21a-cdf3-08dd2376bdbd,City of Midland Precinct 14,Fred Queary,Republican,166
Precinct Delegate for City of Midland  Precinct 14 (REP),01000000-263e-b21a-cdf3-08dd2376bdbd,City of Midland Precinct 14,Tina Queary,Republican,161
Precinct Delegate for City of Midland  Precinct 14 (REP),01000000-263e-b21a-cdf3-08dd2376bdbd,City of Midland Precinct 14,Jennifer Sanchez,Republican,190
Precinct Delegate for City of Midland  Precinct 14 (REP),01000000-263e-b21a-cdf3-08dd2376bdbd,City of Midland Precinct 14,Holly Wetzel,Republican,174
Precinct Delegate for City of Midland  Precinct 14 (REP),01000000-263e-b21a-cdf3-08dd2376bdbd,City of Midland Precinct 14,Write-In,Republican,10
Precinct Delegate for City of Midland  Precinct 15 (REP),01000000-263e-b21a-28a3-08dd2376bdc2,City of Midland Precinct 15,Brent Rhoads,Republican,251
Precinct Delegate for City of Midland  Precinct 15 (REP),01000000-263e-b21a-28a3-08dd2376bdc2,City of Midland Precinct 15,Carolee Rolf,Republican,250
Precinct Delegate for City of Midland  Precinct 15 (REP),01000000-263e-b21a-28a3-08dd2376bdc2,City of Midland Precinct 15,Fred Rolf,Republican,260
Precinct Delegate for City of Midland  Precinct 15 (REP),01000000-263e-b21a-28a3-08dd2376bdc2,City of Midland Precinct 15,Michelle Tschaikowsky,Republican,251
Precinct Delegate for City of Midland  Precinct 15 (REP),01000000-263e-b21a-28a3-08dd2376bdc2,City of Midland Precinct 15,Write-In,Republican,4
County Commissioner 6th District (REP),01000000-263e-b21a-9c67-08dd2376bdb7,City of Midland Precinct 13,Eric A. Dorrien,Republican,344
County Commissioner 6th District (REP),01000000-263e-b21a-9c67-08dd2376bdb7,City of Midland Precinct 13,Write-In,Republican,6
County Commissioner 6th District (REP),01000000-263e-b21a-9c67-08dd2376bdb7,City of Midland Precinct 14,Eric A. Dorrien,Republican,317
County Commissioner 6th District (REP),01000000-263e-b21a-9c67-08dd2376bdb7,City of Midland Precinct 14,Write-In,Republican,3
County Commissioner 6th District (REP),01000000-263e-b21a-9c67-08dd2376bdb7,City of Midland Precinct 15,Eric A. Dorrien,Republican,380
County Commissioner 6th District (REP),01000000-263e-b21a-9c67-08dd2376bdb7,City of Midland Precinct 15,Write-In,Republican,4
County Commissioner 6th District (REP),01000000-263e-b21a-9c67-08dd2376bdb7,City of Midland Precinct 18,Eric A. Dorrien,Republican,318
County Commissioner 6th District (REP),01000000-263e-b21a-9c67-08dd2376bdb7,City of Midland Precinct 18,Write-In,Republican,4
County Commissioner 6th District (REP),01000000-263e-b21a-9c67-08dd2376bdb7,City of Midland Precinct 19,Eric A. Dorrien,Republican,309
County Commissioner 6th District (REP),01000000-263e-b21a-9c67-08dd2376bdb7,City of Midland Precinct 19,Write-In,Republican,4
Precinct Delegate for City of Midland  Precinct 2 (REP),01000000-263e-b21a-ca16-08dd2376bd70,City of Midland Precinct 2,Brian D. Kluck,Republican,197
Precinct Delegate for City of Midland  Precinct 2 (REP),01000000-263e-b21a-ca16-08dd2376bd70,City of Midland Precinct 2,Write-In,Republican,2
